Report Number,Local Case Number,Agency Name,ACRS Report Type,Crash Date/Time,Route Type,Road Name,Cross-Street Name,Collision Type,Weather,Surface Condition,Light,Traffic Control,Driver Substance Abuse,Driver At Fault,Injury Severity,Driver Distracted By,Drivers License State,Vehicle Body Type,Speed Limit,Vehicle Year,Vehicle Make,Vehicle Model
MCP28710021,15050315,MONTGOMERY,Property Damage Crash,10-04-15 21:08,County,DEMOCRACY BLVD,BEGIN BRIDGE,SAME DIR REAR END,CLEAR,DRY,DARK NO LIGHTS,TRAFFIC SIGNAL,NONE DETECTED,Yes,NO APPARENT INJURY,LOOKED BUT DID NOT SEE,MD,PASSENGER CAR,35,2013,MAZDA,CX-5
MCP2278001Q,17015586,Montgomery County Police,Property Damage Crash,03/27/2017 12:00:00 PM,County,WHITTIER BLVD,WILSON LA,SAME DIR REAR END,CLEAR,DRY,DAYLIGHT,TRAFFIC SIGNAL,NONE DETECTED,No,NO APPARENT INJURY,NOT DISTRACTED,MD,PASSENGER CAR,25,2015,CHEV,MALIBU
MCP93210013,16051760,Montgomery County Police,Property Damage Crash,10-08-16 12:00,,,,STRAIGHT MOVEMENT ANGLE,RAINING,,DAYLIGHT,,NONE DETECTED,No,NO APPARENT INJURY,NOT DISTRACTED,MD,SCHOOL BUS,10,2017,THOM,BUS
MCP102200B6,180060836,Montgomery County Police,Property Damage Crash,12-05-18 14:26,County,MIDDLEBROOK RD,RAMP 7 FR MIDDLEBROOK RD TO RAMP 6,SAME DIR REAR END,CLEAR,DRY,DAYLIGHT,FLASHING TRAFFIC SIGNAL,NONE DETECTED,No,NO APPARENT INJURY,NOT DISTRACTED,MD,VAN,40,2018,DODGE,SPRINTER
MCP30780008,170530728,Montgomery County Police,Injury Crash,09/15/2017 10:02:00 AM,County,BEL PRE RD,ARCTIC AVE,SAME DIR REAR END,CLEAR,DRY,DAYLIGHT,,NONE DETECTED,Yes,NO APPARENT INJURY,NOT DISTRACTED,MD,PASSENGER CAR,25,2004,HONDA,ACCORD
MCP2694001T,15047708,MONTGOMERY,Property Damage Crash,09/20/2015 07:00:00 PM,Maryland (State),CONNECTICUT AVE,JONES BRIDGE RD,SAME DIR REAR END,CLEAR,DRY,DUSK,TRAFFIC SIGNAL,NONE DETECTED,Yes,NO APPARENT INJURY,OTHER DISTRACTION,VA,(SPORT) UTILITY VEHICLE,35,1997,JEEP,WRANGLER
MCP2905002R,170513078,Montgomery County Police,Injury Crash,06-11-17 15:48,Maryland (State),WILSON LA,MOORLAND LA,STRAIGHT MOVEMENT ANGLE,CLEAR,DRY,DAYLIGHT,STOP SIGN,,No,POSSIBLE INJURY,NOT DISTRACTED,MD,PASSENGER CAR,30,2006,INFI,4S
MCP3094000Z,190014960,Montgomery County Police,Property Damage Crash,03/31/2019 11:36:00 PM,Municipality,PARK AVE,BROOKS AVE,SAME DIR REAR END,CLEAR,DRY,DARK LIGHTS ON,,NONE DETECTED,Yes,NO APPARENT INJURY,BY OTHER OCCUPANTS,VA,PASSENGER CAR,25,2018,HONDA,FIT
MCP94190065,250039654,MONTGOMERY,Property Damage Crash,09-04-25 13:11,,,,"Sideswipe, Opposite Direction",Clear,,Daylight,,"Unknown, Unknown",No,,,,,0,0,,
MCP3442000G,250021139,MONTGOMERY,Property Damage Crash,05/13/2025 05:20:00 PM,County Route,REDLAND RD,,Front to Front,Rain,Wet,Daylight,No Controls,"Not Suspect of Alcohol Use, Not Suspect of Drug Use",No,No Apparent Injury,Unknown,IL,Passenger Car,35,2012,TOYOTA,CAMRY
MCP3094002W,230018518,Montgomery County Police,Property Damage Crash,04/18/2023 04:21:00 PM,County,FLOWER HILL WAY,MOUNTAIN LAUREL LA,ANGLE MEETS LEFT HEAD ON,,DRY,DAYLIGHT,STOP SIGN,NONE DETECTED,No,NO APPARENT INJURY,NOT DISTRACTED,MD,PASSENGER CAR,25,2022,TOYT,HB
MCP2829003T,170547594,Montgomery County Police,Injury Crash,12-09-17 14:32,Maryland (State),E RANDOLPH RD,RAMP 6 FR E RANDOLPH EB TO US 29 SB,SAME DIR REAR END,SNOW,SNOW,DAYLIGHT,TRAFFIC SIGNAL,NONE DETECTED,Yes,SUSPECTED MINOR INJURY,NOT DISTRACTED,DC,(SPORT) UTILITY VEHICLE,40,2013,TOYT,SU
MCP272600DP,250033703,MONTGOMERY,Injury Crash,07/29/2025 09:20:00 AM,Bicycle Route,,,Other,Clear,Dry,Daylight,No Controls,"Not Suspect of Alcohol Use, Not Suspect of Drug Use",No,Suspected Minor Injury,Not Distracted,MD,Passenger Car,25,2025,LEXUS,RX
MCP28120020,16048149,Montgomery County Police,Property Damage Crash,09/19/2016 04:34:00 PM,US (State),COLESVILLE RD,SPRING ST,SAME DIRECTION RIGHT TURN,CLEAR,WET,DAYLIGHT,NO CONTROLS,,Yes,NO APPARENT INJURY,NOT DISTRACTED,MD,PASSENGER CAR,35,2014,TOYOTA,CAMRY
MCP23980037,200000177,Montgomery County Police,Property Damage Crash,01-02-20 8:51,County,SAM EIG HWY,DIAMONDBACK DR,SAME DIR REAR END,,DRY,DAYLIGHT,TRAFFIC SIGNAL,NONE DETECTED,No,NO APPARENT INJURY,NOT DISTRACTED,FL,PASSENGER CAR,45,2018,HONDA,CIVIC
MCP2116008J,180019272,Montgomery County Police,Injury Crash,04/20/2018 07:27:00 AM,County,REDLAND RD,OLD REDLAND RD,SAME DIR REAR END,CLEAR,DRY,DAYLIGHT,NO CONTROLS,NONE DETECTED,Yes,POSSIBLE INJURY,UNKNOWN,MD,PASSENGER CAR,35,2012,HONDA,4S
MCP3374000Y,230032202,Montgomery County Police,Injury Crash,07-06-23 14:15,,,,HEAD ON,CLEAR,,DAYLIGHT,NO CONTROLS,NONE DETECTED,Yes,NO APPARENT INJURY,OTHER DISTRACTION,VA,PASSENGER CAR,10,2014,VOLVO,XC60
MCP3137000Y,190039363,Montgomery County Police,Property Damage Crash,08/17/2019 09:11:00 PM,Maryland (State),SANDY SPRING RD,ENT TO BURTONSVILLE CROSSING SHOP CTR,SINGLE VEHICLE,CLEAR,DRY,DARK LIGHTS ON,,NONE DETECTED,Yes,NO APPARENT INJURY,LOOKED BUT DID NOT SEE,MD,PASSENGER CAR,35,2017,VOLK,4H
MCP27980054,220038696,Montgomery County Police,Injury Crash,09-06-22 16:50,County,MIDDLEBROOK RD,GERMANTOWN RD,SAME DIR REAR END,CLEAR,DRY,DAYLIGHT,TRAFFIC SIGNAL,NONE DETECTED,No,NO APPARENT INJURY,NOT DISTRACTED,MD,PASSENGER CAR,35,2021,HYUNDAI,KONA
MCP2689007C,200044957,Montgomery County Police,Injury Crash,11/14/2020 09:59:00 AM,County,DARNESTOWN RD,SHADY GROVE RD,HEAD ON LEFT TURN,CLEAR,DRY,DAYLIGHT,TRAFFIC SIGNAL,NONE DETECTED,Yes,NO APPARENT INJURY,UNKNOWN,MD,PASSENGER CAR,40,2018,FORD,FUSION
MCP3010006N,220006770,Montgomery County Police,Injury Crash,02/16/2022 11:55:00 AM,Other Public Roadway,MONTROSE PKWY,E JEFFERSON ST,SAME DIRECTION SIDESWIPE,,DRY,DAYLIGHT,NO CONTROLS,,Unknown,NO APPARENT INJURY,LOOKED BUT DID NOT SEE,MD,PASSENGER CAR,35,2016,TOYOTA,COROLLA
MCP2868001J,15047916,MONTGOMERY,Injury Crash,09/21/2015 08:51:00 PM,Maryland (State),OLD GEORGETOWN RD,BEECH AVE,OTHER,RAINING,WET,DARK LIGHTS ON,NO CONTROLS,NONE DETECTED,No,NO APPARENT INJURY,NOT DISTRACTED,MD,(SPORT) UTILITY VEHICLE,35,2013,JEEP,SU
MCP2977000S,15040755,MONTGOMERY,Injury Crash,08/15/2015 12:37:00 PM,County,SCHINDLER DR,NEW HAMPSHIRE AVE,OTHER,CLEAR,DRY,DAYLIGHT,TRAFFIC SIGNAL,NONE DETECTED,Yes,POSSIBLE INJURY,UNKNOWN,MD,PASSENGER CAR,40,2008,HOND,ACCORD
MCP2726007D,220044864,Montgomery County Police,Property Damage Crash,10/13/2022 01:01:00 PM,Maryland (State),MUNCASTER MILL RD,BOWIE MILL RD,SAME DIR REAR END,RAINING,WET,DAYLIGHT,NO CONTROLS,,Yes,NO APPARENT INJURY,NOT DISTRACTED,MD,PASSENGER CAR,40,2006,GMC,SIERRA
MCP3111007K,230073636,Montgomery County Police,Property Damage Crash,12/26/2023 09:29:00 AM,Maryland (State),OLD GEORGETOWN RD,DEL RAY AVE,STRAIGHT MOVEMENT ANGLE,RAINING,WET,DAYLIGHT,STOP SIGN,NONE DETECTED,No,NO APPARENT INJURY,NOT DISTRACTED,MD,PASSENGER CAR,25,2017,FORD,EDGE
MCP30550025,190030116,Montgomery County Police,Property Damage Crash,06/24/2019 12:20:00 PM,Maryland (State),LAYHILL RD,LONGMEAD CROSSING DR,HEAD ON LEFT TURN,CLEAR,DRY,DAYLIGHT,TRAFFIC SIGNAL,,No,NO APPARENT INJURY,NOT DISTRACTED,MD,PASSENGER CAR,35,2013,HOND,VN
MCP10150029,180054731,Montgomery County Police,Property Damage Crash,11-01-18 6:35,Maryland (State),WOODFIELD RD,BISCAYNE LA,STRAIGHT MOVEMENT ANGLE,CLOUDY,DRY,DARK NO LIGHTS,NO CONTROLS,NONE DETECTED,Yes,NO APPARENT INJURY,NOT DISTRACTED,MD,PASSENGER CAR,40,2012,VOLK,2S
MCP2805001S,16006559,Montgomery County Police,Injury Crash,02-08-16 14:01,Municipality,S PARK AVE,WISCONSIN AVE,HEAD ON,CLEAR,DRY,DAYLIGHT,,NONE DETECTED,Yes,SUSPECTED MINOR INJURY,UNKNOWN,DC,PASSENGER CAR,25,2001,TOYOTA,CAMRY
MCP209400CT,180062213,Montgomery County Police,Property Damage Crash,12/13/2018 12:19:00 PM,County,DEL RAY AVE,OLD GEORGETOWN RD,OTHER,CLEAR,WET,DAYLIGHT,NO CONTROLS,NONE DETECTED,No,NO APPARENT INJURY,NOT DISTRACTED,MD,"MEDIUM/HEAVY TRUCKS 3 AXLES (OVER 10,000LBS (4,536KG))",25,2017,KENWORTH,BOX
MCP137800VH,200045721,Montgomery County Police,Injury Crash,11/19/2020 03:01:00 PM,Maryland (State),CLOPPER RD,FIRSTFIELD RD,STRAIGHT MOVEMENT ANGLE,CLEAR,DRY,DAYLIGHT,TRAFFIC SIGNAL,NONE DETECTED,No,NO APPARENT INJURY,NOT DISTRACTED,MD,PASSENGER CAR,35,2014,TOYOTA,COROLLA
MCP2723008G,240040424,MONTGOMERY,Property Damage Crash,08/26/2024 07:15:00 PM,County Route,ASPEN HILL RD,VEIRS MILL RD (WB/L),"Sideswipe, Opposite Direction",Clear,Dry,Daylight,Traffic Control Signal,"Not Suspect of Alcohol Use, Not Suspect of Drug Use",No,No Apparent Injury,Not Distracted,MD,Passenger Car,30,2020,HYUNDAI,ELANTRA
MCP28980037,210041553,Montgomery County Police,Property Damage Crash,10/16/2021 04:30:00 PM,Maryland (State),GERMANTOWN RD,AIRCRAFT DR,SAME DIR REAR END,RAINING,WET,DAYLIGHT,TRAFFIC SIGNAL,,Yes,NO APPARENT INJURY,NOT DISTRACTED,MD,PASSENGER CAR,40,2013,FORD,FOCUSQ
MCP2877003S,170511746,Montgomery County Police,Property Damage Crash,06-04-17 15:32,County,SECOND AVE,GRACE CHURCH RD,STRAIGHT MOVEMENT ANGLE,CLEAR,DRY,DAYLIGHT,STOP SIGN,NONE DETECTED,No,NO APPARENT INJURY,NOT DISTRACTED,MD,PASSENGER CAR,25,2008,TOYOTA,SIENNA
MCP3051004Z,210048086,Montgomery County Police,Injury Crash,11/26/2021 09:15:00 PM,County,OLD GEORGETOWN RD,NEBEL ST,SINGLE VEHICLE,CLEAR,DRY,DARK LIGHTS ON,STOP SIGN,NONE DETECTED,Yes,POSSIBLE INJURY,LOOKED BUT DID NOT SEE,MD,PASSENGER CAR,30,2021,CADILAC,CT4
EJ78560060,180062796,Gaithersburg Police Depar,Injury Crash,12/16/2018 02:19:00 PM,Municipality,PERRY PKWY,STRUC OV CSX R/R,SINGLE VEHICLE,RAINING,WET,DAYLIGHT,,,Yes,POSSIBLE INJURY,UNKNOWN,MD,PASSENGER CAR,30,2008,TOYOTA,COROLLA
MCP2745002Y,240013061,MONTGOMERY,Injury Crash,03/19/2024 06:53:00 AM,Maryland (State) Route,FREDERICK RD (SB/L),PROFESSIONAL DR,Front to Rear,Clear,Dry,Daylight,Traffic Control Signal,"Not Suspect of Alcohol Use, Not Suspect of Drug Use",No,No Apparent Injury,Not Distracted,MD,Pickup,40,2021,DODGE,RAM
MCP20080013,15024058,Montgomery County Police,Injury Crash,05/19/2015 06:11:00 PM,County,FERNWOOD RD,WESTLAKE TERR (AHEAD),SAME DIR REAR END,CLEAR,DRY,DAYLIGHT,,NONE DETECTED,No,NO APPARENT INJURY,NOT DISTRACTED,MD,PASSENGER CAR,30,2000,VOLKS,JETTA
MCP2288000D,170506022,Montgomery County Police,Injury Crash,05-05-17 8:50,Maryland (State),EAST WEST HWY (W/B COUPLET),WAVERLY ST,SAME DIR REAR END,RAINING,WET,DAYLIGHT,TRAFFIC SIGNAL,NONE DETECTED,No,POSSIBLE INJURY,NOT DISTRACTED,MD,PASSENGER CAR,35,2004,FORD,ESCAPT
DD55200008,15044366,ROCKVILLE,Property Damage Crash,09-03-15 15:41,Maryland (State),HUNGERFORD DR,E MIDDLE LA,HEAD ON LEFT TURN,CLEAR,DRY,DAYLIGHT,TRAFFIC SIGNAL,NONE DETECTED,No,NO APPARENT INJURY,NOT DISTRACTED,MD,PASSENGER CAR,30,2002,CHEV,CAVALIER
MCP2914009N,190057643,Montgomery County Police,Injury Crash,11/30/2019 04:23:00 AM,Maryland (State),PINEY BRANCH RD,POTOMAC AVE,SAME DIR REAR END,CLEAR,,DARK NO LIGHTS,NO CONTROLS,,No,NO APPARENT INJURY,NOT DISTRACTED,MD,PASSENGER CAR,35,2012,HONDA,CIVIC
MCP2919008N,210040846,Montgomery County Police,Property Damage Crash,10-12-21 15:50,County,LOCKWOOD DR,BURNT MILLS AVE,STRAIGHT MOVEMENT ANGLE,CLOUDY,DRY,DAYLIGHT,NO CONTROLS,NONE DETECTED,Yes,NO APPARENT INJURY,LOOKED BUT DID NOT SEE,MD,PASSENGER CAR,35,2019,NISSAN,ROGUE
MCP2961001Q,16066239,Montgomery County Police,Injury Crash,12/24/2016 08:47:00 PM,Maryland (State),UNIVERSITY BLVD W,DAYTON ST,STRAIGHT MOVEMENT ANGLE,CLEAR,DRY,DARK LIGHTS ON,NO CONTROLS,NONE DETECTED,Yes,POSSIBLE INJURY,UNKNOWN,MD,PASSENGER CAR,35,2011,TOYT,COROLLA
MCP33720043,250043812,MONTGOMERY,Property Damage Crash,09/29/2025 03:44:00 PM,Maryland (State) Route,GEORGIA AVE (SB/L),,Front to Rear,Clear,Dry,Daylight,No Controls,"Not Suspect of Alcohol Use, Not Suspect of Drug Use",No,No Apparent Injury,Unknown,MD,Passenger Car,35,2020,DODGE,CHALLENGER
MCP29100020,16003765,Montgomery County Police,Injury Crash,01/21/2016 06:26:00 AM,Maryland (State),16TH ST,SPRING ST,SAME DIRECTION SIDESWIPE,,ICE,DARK LIGHTS ON,NO CONTROLS,NONE DETECTED,Yes,NO APPARENT INJURY,NOT DISTRACTED,MD,VAN,35,2006,FORD,E-150
MCP2788003D,240009256,MONTGOMERY,Injury Crash,02/25/2024 10:51:00 PM,Maryland (State) Route,VEIRS MILL RD (WB/L),UNIVERSITY BLVD W,Rear To Side,Clear,Dry,Dark - Lighted,Traffic Control Signal,"Not Suspect of Alcohol Use, Not Suspect of Drug Use",Yes,No Apparent Injury,Unknown,MD,Passenger Car,30,2017,HONDA,ACCORD
MCP3144001W,210045044,Montgomery County Police,Property Damage Crash,11-07-21 3:21,County,NICHOLSON LA,EXECUTIVE BLVD,STRAIGHT MOVEMENT ANGLE,CLEAR,DRY,DARK LIGHTS ON,FLASHING TRAFFIC SIGNAL,NONE DETECTED,No,NO APPARENT INJURY,NOT DISTRACTED,MD,(SPORT) UTILITY VEHICLE,30,1997,HONDA,CRV
MCP3214000P,200023188,Montgomery County Police,Property Damage Crash,06-12-20 22:51,County,SCENERY DR,BLUNT RD,SAME DIRECTION SIDESWIPE,CLEAR,DRY,DARK LIGHTS ON,NO CONTROLS,NONE DETECTED,Yes,NO APPARENT INJURY,NOT DISTRACTED,MD,PASSENGER CAR,30,2015,JEEP,CHEROKEE
MCP3068005W,240052696,MONTGOMERY,Injury Crash,11-01-24 17:15,Local Route,CAPITAL CRESCENT TR,CAPITAL CRESCENT TR,Single Vehicle,Clear,Dry,Daylight,Stop Sign,"Not Suspect of Alcohol Use, Not Suspect of Drug Use",No,No Apparent Injury,Not Distracted,MD,Sport Utility Vehicle,25,2023,BMW,X7
MCP2850002W,240040959,MONTGOMERY,Property Damage Crash,08/29/2024 04:17:00 PM,County Route,BLACKWELL RD,GREAT SENECA HWY,Front to Rear,Clear,Dry,Daylight,Traffic Control Signal,"Not Suspect of Alcohol Use, Not Suspect of Drug Use",No,No Apparent Injury,Unknown,MD,Passenger Car,45,2008,VOLKSWAGEN,PASSAT
MCP2942001B,15064315,MONTGOMERY,Injury Crash,12/16/2015 05:20:00 PM,County,FALLS RD,OAKLYN DR,SAME DIR REAR END,CLEAR,DRY,DARK LIGHTS ON,,NONE DETECTED,No,SUSPECTED MINOR INJURY,NOT DISTRACTED,MD,PASSENGER CAR,35,2013,TOYT,4S
MCP2445000N,190028917,Montgomery County Police,Property Damage Crash,06/17/2019 02:06:00 PM,County,FATHER HURLEY BLVD,RAMP 5 FR RAMP 8 TO FATHER HURLEY BLVD,STRAIGHT MOVEMENT ANGLE,CLEAR,DRY,DAYLIGHT,TRAFFIC SIGNAL,NONE DETECTED,No,NO APPARENT INJURY,NOT DISTRACTED,MD,PASSENGER CAR,45,2007,HOND,VN
MCP22980120,220050661,Montgomery County Police,Property Damage Crash,11/16/2022 12:58:00 PM,Municipality,QUINCE ORCHARD BLVD,RABBITT RD,OTHER,CLEAR,DRY,DAYLIGHT,,NONE DETECTED,Yes,NO APPARENT INJURY,LOOKED BUT DID NOT SEE,MD,TRANSIT BUS,25,2020,GILG,BU
MCP2898004P,240017032,MONTGOMERY,Injury Crash,04-12-24 14:44,Maryland (State) Route,FREDERICK RD (SB/L),HENDERSON CORNER RD,Front to Rear,Clear,Dry,Daylight,Traffic Control Signal,"Not Suspect of Alcohol Use, Not Suspect of Drug Use",No,Suspected Minor Injury,Not Distracted,MD,Passenger Car,40,2018,TOYOTA,CAMRY
MCP2923007X,210027639,Montgomery County Police,Injury Crash,07/17/2021 03:51:00 PM,County,WINDHAM LA,AMHERST AVE,STRAIGHT MOVEMENT ANGLE,,WET,DAYLIGHT,STOP SIGN,NONE DETECTED,Unknown,NO APPARENT INJURY,UNKNOWN,MD,(SPORT) UTILITY VEHICLE,30,2018,FORD,4S
MCP2182002D,200032244,Montgomery County Police,Property Damage Crash,08/18/2020 12:57:00 PM,Maryland (State),GEORGIA AVE,BEL PRE RD,SAME DIR REAR END,CLEAR,DRY,DAYLIGHT,TRAFFIC SIGNAL,,No,NO APPARENT INJURY,NOT DISTRACTED,MD,PASSENGER CAR,40,2007,SUBARU,4DR
MCP9390000G,15067140,MONTGOMERY,Property Damage Crash,12/31/2015 02:51:00 PM,Interstate (State),EISENHOWER MEMORIAL HWY,EXIT #11,SAME DIR REAR END,CLEAR,DRY,DAYLIGHT,,,Yes,NO APPARENT INJURY,NOT DISTRACTED,MD,PASSENGER CAR,55,2008,NISS,4S
MCP3255002N,210050096,Montgomery County Police,Property Damage Crash,12-09-21 20:19,County,GOSHEN RD,CENTERWAY RD,SAME DIR REAR END,CLEAR,,DARK -- UNKNOWN LIGHTING,TRAFFIC SIGNAL,,No,NO APPARENT INJURY,NOT DISTRACTED,MD,PASSENGER CAR,35,2017,ACURA,TLX
MCP30510043,200021936,Montgomery County Police,Property Damage Crash,06-03-20 17:35,,,,STRAIGHT MOVEMENT ANGLE,CLEAR,,DAYLIGHT,OTHER,NONE DETECTED,No,NO APPARENT INJURY,NOT DISTRACTED,MD,"CARGO VAN/LIGHT TRUCK 2 AXLES (OVER 10,000LBS (4,536 KG))",20,2018,DODGE,RAM
MCP30220023,180043985,Montgomery County Police,Injury Crash,09-03-18 18:22,Maryland (State),WOODFIELD RD,EAST VILLAGE AVE,SAME DIRECTION LEFT TURN,,DRY,DAYLIGHT,STOP SIGN,,Yes,SUSPECTED SERIOUS INJURY,LOOKED BUT DID NOT SEE,CT,MOTORCYCLE,40,2014,SUZUKI,GSXR1000
MCP2770000R,15044000,MONTGOMERY,Property Damage Crash,09-01-15 19:45,County,SHADY GROVE RD,RESEARCH BLVD,SINGLE VEHICLE,,,,TRAFFIC SIGNAL,NONE DETECTED,Yes,NO APPARENT INJURY,UNKNOWN,MD,PASSENGER CAR,40,1997,ACURA,4S
MCP2412001C,200008632,Montgomery County Police,Property Damage Crash,02/21/2020 05:35:00 AM,Maryland (State),PINEY BRANCH RD,ARLISS ST,STRAIGHT MOVEMENT ANGLE,,DRY,DARK LIGHTS ON,FLASHING TRAFFIC SIGNAL,,No,NO APPARENT INJURY,NOT DISTRACTED,MD,PASSENGER CAR,35,2016,TOYT,COROLLA
MCP23580037,170511108,Montgomery County Police,Property Damage Crash,06-01-17 12:50,County,SEVEN LOCKS RD,DEMOCRACY BLVD,SINGLE VEHICLE,CLEAR,DRY,DAYLIGHT,TRAFFIC SIGNAL,NONE DETECTED,Yes,NO APPARENT INJURY,NOT DISTRACTED,VA,PASSENGER CAR,35,2003,TOYOTA,CAMRY
MCP3240000W,200025542,Montgomery County Police,Property Damage Crash,07-01-20 7:34,Maryland (State),FREDERICK RD,FOREMAN BLVD,SAME DIR REAR END,CLEAR,DRY,DAYLIGHT,,,No,NO APPARENT INJURY,NOT DISTRACTED,MD,PASSENGER CAR,45,2002,MERCEDES,E320
MCP2756005G,230069593,Montgomery County Police,Injury Crash,12-03-23 10:05,Maryland (State),GEORGIA AVE,NORBECK RD,SAME DIRECTION SIDESWIPE,RAINING,WET,DAYLIGHT,NO CONTROLS,NONE DETECTED,Yes,NO APPARENT INJURY,LOOKED BUT DID NOT SEE,MD,PASSENGER CAR,35,2020,SUBARU,FORESTER
EJ7762000B,180037011,Gaithersburg Police Depar,Property Damage Crash,07/26/2018 01:00:00 PM,,,,,CLEAR,,DAYLIGHT,,NONE DETECTED,No,NO APPARENT INJURY,NOT DISTRACTED,MD,PASSENGER CAR,0,2016,FORD,4H
MCP2891009Q,210002352,Montgomery County Police,Property Damage Crash,01/19/2021 02:54:00 PM,Maryland (State),GEORGIA AVE,RAMP 2 FR IS 495 WB TO MD 97 NB,SAME DIRECTION SIDESWIPE,CLEAR,DRY,DAYLIGHT,YIELD SIGN,NONE DETECTED,Unknown,NO APPARENT INJURY,NOT DISTRACTED,GA,PASSENGER CAR,35,2020,KIA,SOUL
MCP2298014T,240000330,MONTGOMERY,Property Damage Crash,01-03-24 6:50,Maryland (State) Route,RIDGE RD (SB/L),,Single Vehicle,Clear,Dry,Dawn,No Controls,"Not Suspect of Alcohol Use, Not Suspect of Drug Use",No,No Apparent Injury,Not Distracted,MD,Passenger Car,40,2012,HYUNDAI,TUCSON
MCP31050056,230065848,Montgomery County Police,Injury Crash,11-11-23 22:24,County,WARING STATION RD,LEATHERBARK DR,SAME DIR REAR END,CLEAR,DRY,DARK LIGHTS ON,,NONE DETECTED,No,NO APPARENT INJURY,NOT DISTRACTED,MD,PASSENGER CAR,0,2006,BMW,325
MCP2881006T,250014292,MONTGOMERY,Property Damage Crash,04-02-25 9:00,Maryland (State) Route,CLOPPER RD,SCHAEFFER RD,Angle,Clear,Dry,Daylight,No Controls,"Not Suspect of Alcohol Use, Not Suspect of Drug Use",Yes,No Apparent Injury,Not Distracted,MD,Sport Utility Vehicle,40,2011,HONDA,CR-V
MCP3258001P,210046036,Montgomery County Police,Injury Crash,11/13/2021 11:33:00 AM,Maryland (State),GEORGIA AVE,BLUERIDGE AVE,HEAD ON LEFT TURN,RAINING,WET,DAYLIGHT,TRAFFIC SIGNAL,,Yes,POSSIBLE INJURY,NOT DISTRACTED,MD,PASSENGER CAR,25,2020,TOYOTA,RAV 4
MCP2917001H,17000160,Montgomery County Police,Property Damage Crash,01-01-17 20:40,Maryland (State),GEORGIA AVE,HATHAWAY DR,SAME DIR REAR END,CLEAR,DRY,DARK LIGHTS ON,TRAFFIC SIGNAL,NONE DETECTED,No,NO APPARENT INJURY,NOT DISTRACTED,MD,PASSENGER CAR,45,2006,HONDA,ACCORD
MCP28910060,180026163,Montgomery County Police,Property Damage Crash,05/28/2018 12:41:00 PM,US (State),COLESVILLE RD,DALE DR,SAME DIRECTION SIDESWIPE,CLEAR,DRY,DAYLIGHT,,UNKNOWN,Yes,NO APPARENT INJURY,UNKNOWN,,PASSENGER CAR,35,2017,DODGE,GRAND CARAVAN
MCP3295004W,250012873,MONTGOMERY,Injury Crash,03/24/2025 03:11:00 PM,Ramp,RAMP 1 FR MD 650 NB TO RAMP 8 (TO US 29),,Rear To Side,Rain,Wet,Daylight,Traffic Control Signal,"Not Suspect of Alcohol Use, Not Suspect of Drug Use",No,Suspected Minor Injury,Not Distracted,MD,Passenger Car,40,2025,LEXUS,NX
EJ7856004L,180004335,Gaithersburg Police Depar,Property Damage Crash,01/25/2018 08:07:00 PM,Municipality,TRAVIS AVE,KNOLL MIST LA,STRAIGHT MOVEMENT ANGLE,CLEAR,DRY,DARK LIGHTS ON,STOP SIGN,,No,NO APPARENT INJURY,NOT DISTRACTED,MD,PASSENGER CAR,25,2009,BMW,550I
MCP2976002B,16066354,Montgomery County Police,Injury Crash,12/26/2016 01:10:00 AM,US (State),COLUMBIA PIKE,CROSSOVER,ANGLE MEETS LEFT TURN,CLEAR,DRY,DARK LIGHTS ON,FLASHING TRAFFIC SIGNAL,NONE DETECTED,Yes,POSSIBLE INJURY,LOOKED BUT DID NOT SEE,MD,PASSENGER CAR,50,2012,FORD,FUSION
MCP2513004R,240052638,MONTGOMERY,Property Damage Crash,11-02-24 9:45,US (State),GEORGIA AVE,,"Sideswipe, Same Direction",Clear,Dry,Daylight,No Controls,"Not Suspect of Alcohol Use, Not Suspect of Drug Use",No,No Apparent Injury,Not Distracted,MD,Passenger Car,35,2013,HYUNDAI,SONATA
MCP30660011,180060173,Montgomery County Police,Property Damage Crash,12-02-18 0:15,Maryland (State),MASSACHUSETTS AVE,SANGAMORE RD,SAME DIR REAR END,RAINING,WET,DARK LIGHTS ON,TRAFFIC SIGNAL,,No,NO APPARENT INJURY,NOT DISTRACTED,VA,PASSENGER CAR,35,2011,TOYT,PRIUS
MCP3068001P,180049497,Montgomery County Police,Property Damage Crash,10-03-18 18:58,Maryland (State),WISCONSIN AVE,MONTGOMERY ST #2,SAME DIR REAR END,CLEAR,DRY,DUSK,TRAFFIC SIGNAL,,No,NO APPARENT INJURY,NOT DISTRACTED,MD,VAN,30,2016,NISSAN,QUEST
MCP3023000Y,170520542,Montgomery County Police,Injury Crash,07/22/2017 11:20:00 AM,County,RANDOLPH RD,CONNECTICUT AVE,SAME DIRECTION SIDESWIPE,CLEAR,DRY,DAYLIGHT,,NONE DETECTED,Yes,NO APPARENT INJURY,LOOKED BUT DID NOT SEE,MD,PASSENGER CAR,35,1998,TOYT,4S
MCP156300BY,250041410,MONTGOMERY,Property Damage Crash,09/15/2025 10:26:00 AM,Maryland (State) Route,BRADLEY BLVD,,Front to Rear,Clear,Dry,Daylight,No Controls,"Not Suspect of Alcohol Use, Not Suspect of Drug Use",No,No Apparent Injury,Not Distracted,MD,Pickup,35,2024,FORD,F-150