Report Number,Local Case Number,Agency Name,ACRS Report Type,Crash Date/Time,Route Type,Road Name,Cross-Street Name,Collision Type,Weather,Surface Condition,Light,Traffic Control,Driver Substance Abuse,Driver At Fault,Injury Severity,Driver Distracted By,Drivers License State,Vehicle Body Type,Speed Limit,Vehicle Year,Vehicle Make,Vehicle Model
DD5657000M,230019073,Rockville Police Departme,Property Damage Crash,04/21/2023 02:30:00 PM,,,,OTHER,CLEAR,,DAYLIGHT,,NONE DETECTED,Yes,NO APPARENT INJURY,NOT DISTRACTED,,PASSENGER CAR,0,2011,HYUNDAI,4D
MCP2358005Q,180060956,Montgomery County Police,Property Damage Crash,12-06-18 8:15,Maryland (State),RIVER RD,NORTON RD,STRAIGHT MOVEMENT ANGLE,CLEAR,DRY,DAYLIGHT,STOP SIGN,UNKNOWN,Yes,NO APPARENT INJURY,NOT DISTRACTED,MD,PASSENGER CAR,35,2013,CHEVROLET,SILVERADO
MCP2353001W,15053770,MONTGOMERY,Property Damage Crash,10/23/2015 09:22:00 AM,County,PARKLAWN DR,COAKLEY CIR,STRAIGHT MOVEMENT ANGLE,CLEAR,DRY,DAYLIGHT,NO CONTROLS,NONE DETECTED,Yes,NO APPARENT INJURY,ADJUSTING AUDIO AND OR CLIMATE CONTROLS,MD,PASSENGER CAR,30,2008,HYUNDAI,SONOTA
MCP2496002J,210013730,Montgomery County Police,Property Damage Crash,04/13/2021 07:58:00 AM,Maryland (State),GEORGIA AVE,COLUMBIA BLVD,HEAD ON LEFT TURN,CLOUDY,DRY,DAYLIGHT,TRAFFIC SIGNAL,NONE DETECTED,Yes,NO APPARENT INJURY,UNKNOWN,MD,PASSENGER CAR,35,2018,FORD,TRANSIT
MCP29190043,170543052,Montgomery County Police,Property Damage Crash,11/15/2017 08:02:00 PM,Maryland (State),NEW HAMPSHIRE AVE,CHALMERS RD,OTHER,CLEAR,DRY,DARK LIGHTS ON,,NONE DETECTED,No,NO APPARENT INJURY,NOT DISTRACTED,MD,PASSENGER CAR,40,2011,HONDA,TRUCK
MCP2586002F,16059636,Montgomery County Police,Injury Crash,11/19/2016 03:53:00 PM,County,FAIRLAND RD,WESTWIND DR,SAME DIR REAR END,CLEAR,DRY,DAYLIGHT,NO CONTROLS,NONE DETECTED,No,POSSIBLE INJURY,NOT DISTRACTED,MD,PASSENGER CAR,40,2011,SUBARU,TRIBECA
MCP2512001C,15031040,Montgomery County Police,Injury Crash,06/25/2015 04:05:00 PM,Maryland (State),DARNESTOWN RD,ORCHARD DR,SAME DIR REAR END,CLOUDY,DRY,DAYLIGHT,NO CONTROLS,NONE DETECTED,Yes,NO APPARENT INJURY,NOT DISTRACTED,MD,(SPORT) UTILITY VEHICLE,30,2008,HONDA,CRV
MCP2728001F,15039472,MONTGOMERY,Property Damage Crash,08-08-15 15:52,US (State),COLUMBIA PIKE,ENT TO BUSINESS,SAME DIR REAR END,CLEAR,DRY,DAYLIGHT,TRAFFIC SIGNAL,NONE DETECTED,No,NO APPARENT INJURY,NOT DISTRACTED,MD,PASSENGER CAR,40,2001,FORD,VN
MCP3000004N,240020672,MONTGOMERY,Injury Crash,05-03-24 5:05,Maryland (State) Route,,MATENY RD,Rear To Side,Clear,Dry,Dark - Lighted,Flashing Traffic Control Signal,"Not Suspect of Alcohol Use, Not Suspect of Drug Use",Yes,Possible Injury,Not Distracted,MD,Motorcycle - 2 Wheeled,30,2021,HARLEY DAVIDSON,CVO ROAD GLIDE
MCP3264001P,210019360,Montgomery County Police,Property Damage Crash,05/22/2021 02:51:00 PM,US (State),GEORGIA AVE,BONIFANT ST,SAME DIR REAR END,CLEAR,DRY,DAYLIGHT,NO CONTROLS,NONE DETECTED,No,NO APPARENT INJURY,NOT DISTRACTED,MD,PASSENGER CAR,35,2017,TOYOTA,TK
MCP3200002T,210022077,Montgomery County Police,Injury Crash,06-10-21 8:54,Maryland (State),CONNECTICUT AVE,MANOR RD,SAME DIR REAR END,CLOUDY,DRY,DAYLIGHT,TRAFFIC SIGNAL,NONE DETECTED,No,POSSIBLE INJURY,NOT DISTRACTED,MD,PASSENGER CAR,25,2020,CADILLAC,400
MCP2940000G,16012705,MONTGOMERY,Property Damage Crash,03/15/2016 08:29:00 AM,Interstate (State),CAPITAL BELTWAY,FERNWOOD RD,SAME DIR REAR END,CLOUDY,WET,DAYLIGHT,NO CONTROLS,NONE DETECTED,No,NO APPARENT INJURY,NOT DISTRACTED,MD,PASSENGER CAR,30,2002,LEXS,4S
DM8456002C,180049436,Takoma Park Police Depart,Property Damage Crash,10-03-18 15:30,Maryland (State),NEW HAMPSHIRE AVE,LARCH AVE,SAME DIRECTION LEFT TURN,CLEAR,DRY,DAYLIGHT,TRAFFIC SIGNAL,,Yes,NO APPARENT INJURY,UNKNOWN,,,35,0,UNKNOWN,UNKNOWN
MCP3262002G,220055195,Montgomery County Police,Property Damage Crash,12/13/2022 06:06:00 PM,Maryland (State),SPENCERVILLE RD,ENT TO BUSINESS,ANGLE MEETS LEFT TURN,CLEAR,DRY,DARK LIGHTS ON,NO CONTROLS,NONE DETECTED,No,NO APPARENT INJURY,NOT DISTRACTED,MD,PASSENGER CAR,25,2008,HOND,SD
MCP30100047,190041704,Montgomery County Police,Property Damage Crash,08/31/2019 11:21:00 AM,County,BOILING BROOK PKWY,HUNTERS LA,SAME DIRECTION SIDESWIPE,CLEAR,DRY,DAYLIGHT,NO CONTROLS,,Yes,NO APPARENT INJURY,LOOKED BUT DID NOT SEE,MD,PASSENGER CAR,30,2001,TOYT,4S
DD56030062,180040102,Rockville Police Departme,Property Damage Crash,08-12-18 17:30,Maryland (State),HUNGERFORD DR,FREDERICK AVE #2,OTHER,RAINING,WET,DAYLIGHT,TRAFFIC SIGNAL,NONE DETECTED,Yes,NO APPARENT INJURY,LOOKED BUT DID NOT SEE,MD,(SPORT) UTILITY VEHICLE,30,2010,TOYT,SU
EJ78730077,230009231,Gaithersburg Police Depar,Property Damage Crash,02/24/2023 07:35:00 AM,,GIRARD STREET,ALLIED PLACE,OTHER,CLEAR,DRY,DAYLIGHT,NO CONTROLS,NONE DETECTED,No,NO APPARENT INJURY,NOT DISTRACTED,MD,PASSENGER CAR,25,2012,DODGE,4S
MCP3112006H,240003818,MONTGOMERY,Injury Crash,01/24/2024 08:54:00 PM,Maryland (State) Route,ROCKVILLE PIKE (SB/L),,Front to Rear,Clear,Wet,Dark - Not Lighted,Traffic Control Signal,"Not Suspect of Alcohol Use, Not Suspect of Drug Use",No,Suspected Minor Injury,Not Distracted,VA,Passenger Car,35,2017,HYUNDAI,SONATA
EJ7837000G,15015423,Gaithersburg Police Depar,Property Damage Crash,04-03-15 19:00,Maryland (State),W DIAMOND AVE,MEEM AVE,STRAIGHT MOVEMENT ANGLE,CLEAR,DRY,DAYLIGHT,NO CONTROLS,,Yes,NO APPARENT INJURY,NOT DISTRACTED,MD,"OTHER LIGHT TRUCKS (10,000LBS (4,536KG) OR LESS)",30,2001,FORD,VN
MCP25860045,180034800,Montgomery County Police,Property Damage Crash,07/14/2018 07:56:00 AM,Maryland (State),NEW HAMPSHIRE AVE,MCCENEY AVE,SINGLE VEHICLE,CLEAR,DRY,DAYLIGHT,NO CONTROLS,NONE DETECTED,Yes,NO APPARENT INJURY,UNKNOWN,MD,PASSENGER CAR,40,2000,PONTIAC,GRAND PRIX
MCP2894002S,16046379,Montgomery County Police,Injury Crash,09-10-16 8:35,Maryland (State),CONNECTICUT AVE,CAPITAL BELTWAY,SAME DIR REAR END,CLEAR,DRY,DAYLIGHT,TRAFFIC SIGNAL,NONE DETECTED,Yes,POSSIBLE INJURY,LOOKED BUT DID NOT SEE,MD,PASSENGER CAR,35,1999,BUICK,SEDAN
DD5522004C,190061057,Rockville Police Departme,Injury Crash,12/18/2019 10:20:00 PM,Maryland (State),ROCKVILLE PIKE,VEIRS MILL RD,STRAIGHT MOVEMENT ANGLE,CLEAR,DRY,DARK LIGHTS ON,TRAFFIC SIGNAL,NONE DETECTED,Unknown,SUSPECTED MINOR INJURY,UNKNOWN,MD,PASSENGER CAR,30,2001,HONDA,CIVIC
MCP32900010,210042717,Montgomery County Police,Property Damage Crash,10/23/2021 10:05:00 PM,,,,OTHER,CLEAR,,DARK LIGHTS ON,NO CONTROLS,UNKNOWN,Yes,NO APPARENT INJURY,UNKNOWN,MD,PASSENGER CAR,25,2011,FORDBE,EXPEDITION2
MCP1379004M,170510902,Montgomery County Police,Property Damage Crash,05/31/2017 01:56:00 PM,County,E RANDOLPH RD,NEW HAMPSHIRE AVE,SAME DIR REAR END,CLEAR,DRY,DAYLIGHT,,NONE DETECTED,Yes,NO APPARENT INJURY,UNKNOWN,DC,POLICE VEHICLE/NON EMERGENCY,40,2012,DODG,CHARGER
MCP2244001R,170510733,Montgomery County Police,Property Damage Crash,05/30/2017 05:09:00 PM,Maryland (State),NEW HAMPSHIRE AVE,ENT TO BUSINESS,OTHER,CLEAR,DRY,DAYLIGHT,,NONE DETECTED,No,NO APPARENT INJURY,NOT DISTRACTED,MD,PASSENGER CAR,40,2010,CHEVROLET,MALIBU 4S
MCP31070020,230025149,Montgomery County Police,Property Damage Crash,05/25/2023 05:26:00 PM,,,,OTHER,CLEAR,,DAYLIGHT,NO CONTROLS,UNKNOWN,Yes,NO APPARENT INJURY,UNKNOWN,,PASSENGER CAR,10,2010,SUBARU,FORESTER
MCP295200BH,210006170,Montgomery County Police,Property Damage Crash,02/17/2021 09:18:00 AM,Maryland (State),GEORGIA AVE,COLESVILLE RD,SAME DIRECTION RIGHT TURN,CLEAR,DRY,DAYLIGHT,NO CONTROLS,NONE DETECTED,Yes,NO APPARENT INJURY,NOT DISTRACTED,DC,(SPORT) UTILITY VEHICLE,35,2018,VOLVO,V60
MCP2411005N,200030396,Montgomery County Police,Property Damage Crash,08-05-20 15:37,County,SHADY GROVE RD,RAMP 1 FR IS 270 NB TO SHADY GROVE RD WB,STRAIGHT MOVEMENT ANGLE,CLEAR,DRY,DAYLIGHT,TRAFFIC SIGNAL,NONE DETECTED,No,NO APPARENT INJURY,NOT DISTRACTED,MD,PASSENGER CAR,25,2010,HYUNDAI,SANTA FE
MCP23920008,180049412,Montgomery County Police,Injury Crash,10-03-18 11:45,Maryland (State),WISCONSIN AVE,WOODMONT AVE,,CLEAR,DRY,DAYLIGHT,NO CONTROLS,NONE DETECTED,Unknown,SUSPECTED MINOR INJURY,NOT DISTRACTED,MD,POLICE VEHICLE/EMERGENCY,40,2013,TOYOTA,CAMRY
MCP31950040,220034053,Montgomery County Police,Injury Crash,08-08-22 17:09,US (State),COLUMBIA PIKE,FAIRLAND RD,SAME DIRECTION LEFT TURN,CLEAR,DRY,DAYLIGHT,TRAFFIC SIGNAL,NONE DETECTED,No,NO APPARENT INJURY,NOT DISTRACTED,MD,PICKUP TRUCK,50,2017,CHEV,TK
EJ7871004M,210018468,Gaithersburg Police Depar,Property Damage Crash,05/16/2021 06:38:00 PM,Municipality,BANK ST,QUINCE ORCHARD RD,SAME DIR REAR END,CLEAR,DRY,DAYLIGHT,TRAFFIC SIGNAL,NONE DETECTED,No,NO APPARENT INJURY,NOT DISTRACTED,MD,PASSENGER CAR,35,2021,HYUNDAI,SONATA
MCP11700017,15055566,MONTGOMERY,Property Damage Crash,11-01-15 11:18,Ramp,RAMP 5 FR US 29 SB TO BRIGGS CHANEY RD,BRIGGS CHANEY RD,SINGLE VEHICLE,BLOWING SNOW,WET,DAYLIGHT,NO CONTROLS,NONE DETECTED,Yes,NO APPARENT INJURY,NOT DISTRACTED,MD,PASSENGER CAR,25,2003,FORD,TK
MCP2445006C,240053068,MONTGOMERY,Injury Crash,11-05-24 10:08,,,,Single Vehicle,Clear,,Daylight,,"Not Suspect of Alcohol Use, Not Suspect of Drug Use",Yes,No Apparent Injury,Unknown,MD,Sport Utility Vehicle,0,2021,ACURA,RDX
MCP2450004J,230034927,Montgomery County Police,Injury Crash,07/22/2023 03:49:00 PM,County,LONGDRAFT RD,PHEASANT RUN DR,STRAIGHT MOVEMENT ANGLE,,DRY,DAYLIGHT,STOP SIGN,NONE DETECTED,No,NO APPARENT INJURY,UNKNOWN,MD,PASSENGER CAR,35,2017,TOYOTA,COROLLA
MCP29100029,16023785,Montgomery County Police,Injury Crash,05/13/2016 01:24:00 PM,County,BRIGGS CHANEY RD,RAMP 2 FR BRIGGS CHANEY RD TO US 29 NB,SAME DIR REAR END,RAINING,WET,DAYLIGHT,TRAFFIC SIGNAL,NONE DETECTED,No,POSSIBLE INJURY,NOT DISTRACTED,MD,PASSENGER CAR,30,2016,KIA,SPORTAGE
MCP2600001R,16004601,Montgomery County Police,Property Damage Crash,01/28/2016 06:08:00 PM,Maryland (State),NEW HAMPSHIRE AVE,NORTHAMPTON DR,SAME DIR REAR END,CLEAR,DRY,DARK LIGHTS ON,NO CONTROLS,NONE DETECTED,No,NO APPARENT INJURY,NOT DISTRACTED,MD,VAN,40,2006,DODGE,GRAND CARAVAN
MCP9147000Y,170500049,Montgomery County Police,Injury Crash,04-02-17 15:14,Maryland (State),GEORGIA AVE,FOREST GLEN RD,SAME DIR REAR END,CLEAR,DRY,DAYLIGHT,TRAFFIC SIGNAL,NONE DETECTED,No,POSSIBLE INJURY,NOT DISTRACTED,MD,PASSENGER CAR,35,2004,HONDA,ELEMENT
MCP1205003Z,180008118,Montgomery County Police,Property Damage Crash,02/16/2018 08:01:00 AM,Maryland (State),CONNECTICUT AVE,SHEPHERD ST,SAME DIR REAR END,RAINING,WET,DAYLIGHT,,NONE DETECTED,Yes,NO APPARENT INJURY,NOT DISTRACTED,MD,PASSENGER CAR,30,2005,CHRYSLER,300
MCP2313001L,220040069,Montgomery County Police,Property Damage Crash,09/15/2022 12:18:00 AM,Maryland (State),UNIVERSITY BLVD E,RAMP 7 FR RP 2 (FR IS495 WB) TO 193,ANGLE MEETS RIGHT TURN,CLEAR,DRY,DARK LIGHTS ON,TRAFFIC SIGNAL,,No,NO APPARENT INJURY,NOT DISTRACTED,MD,PASSENGER CAR,25,2021,HONDA,4D
HA25330003,23001716,Maryland-National Capital,Property Damage Crash,09-04-23 2:32,,,,SINGLE VEHICLE,CLEAR,,DARK LIGHTS ON,,,No,NO APPARENT INJURY,UNKNOWN,,PASSENGER CAR,0,2012,HYUNDAI,ELANTRA
MCP3212001P,200025321,Montgomery County Police,Injury Crash,06/29/2020 05:50:00 PM,Maryland (State),GEORGIA AVE,SEMINARY RD,SAME DIR REAR END,CLEAR,DRY,DAYLIGHT,TRAFFIC SIGNAL,NONE DETECTED,Yes,SUSPECTED MINOR INJURY,TALKING OR LISTENING TO CELLULAR PHONE,MD,PASSENGER CAR,35,2012,HONDA,CRV
MCP0872000Y,16037692,Montgomery County Police,Injury Crash,07/25/2016 02:44:00 PM,County,SLIGO AVE,CHESAPEAKE AVE,HEAD ON LEFT TURN,CLEAR,DRY,DAYLIGHT,,NONE DETECTED,Yes,NO APPARENT INJURY,NOT DISTRACTED,MD,PASSENGER CAR,25,2014,TOYOTA,CAMRY
DD5652000L,220016634,Rockville Police Departme,Property Damage Crash,04/19/2022 04:35:00 PM,Maryland (State),HUNGERFORD DR,FREDERICK AVE #2,HEAD ON LEFT TURN,CLEAR,DRY,DAYLIGHT,TRAFFIC SIGNAL,NONE DETECTED,Yes,NO APPARENT INJURY,NOT DISTRACTED,DC,PASSENGER CAR,35,2014,VOLK,4H
MCP30160034,210024909,Montgomery County Police,Property Damage Crash,06/29/2021 11:46:00 AM,County,FATHER HURLEY BLVD,RAMP 7 FR FATHER HURLEY BLVD TO IS270 SB,SAME DIR REAR END,CLEAR,DRY,DAYLIGHT,NO CONTROLS,,Yes,NO APPARENT INJURY,LOOKED BUT DID NOT SEE,MD,PASSENGER CAR,45,2014,LINCOLN,MK7
EJ7860001G,180018661,Gaithersburg Police Depar,Injury Crash,04/17/2018 01:51:00 AM,Maryland (State),QUINCE ORCHARD RD,PURCHASE ST,SINGLE VEHICLE,CLEAR,DRY,DARK LIGHTS ON,NO CONTROLS,ALCOHOL PRESENT,Yes,SUSPECTED SERIOUS INJURY,NOT DISTRACTED,MD,MOTORCYCLE,40,2016,YAMAHA,R1
MCP94290018,250016136,MONTGOMERY,Property Damage Crash,04/13/2025 05:13:00 PM,Maryland (State) Route,PHILADELPHIA AVE,FENTON ST,Other,Clear,Dry,Daylight,Traffic Control Signal,"Not Suspect of Alcohol Use, Not Suspect of Drug Use",No,No Apparent Injury,Not Distracted,MD,Passenger Car,25,2011,NISSAN,ALTIMA
MCP3050003S,190045319,Montgomery County Police,Property Damage Crash,09/21/2019 04:20:00 PM,County,CALDWELL ST,ROBINDALE DR,SAME DIRECTION SIDESWIPE,CLEAR,DRY,DAYLIGHT,NO CONTROLS,NONE DETECTED,No,NO APPARENT INJURY,NOT DISTRACTED,MD,PASSENGER CAR,25,2014,BUICK,ENCLAVE
MCP32280045,220043500,Montgomery County Police,Property Damage Crash,10-05-22 17:26,Maryland (State),GEORGIA AVE,DENNIS AVE,SAME DIR REAR END,CLOUDY,WET,DAYLIGHT,NO CONTROLS,NONE DETECTED,Yes,NO APPARENT INJURY,OTHER CELLULAR PHONE RELATED,MD,PASSENGER CAR,30,2009,HONDA,ACCORD
MCP2591000H,15033694,MONTGOMERY,Injury Crash,07-09-15 20:30,Maryland (State),MONTGOMERY VILLAGE AVE,ENT TO BUSINESS,SAME DIR REAR END,CLEAR,DRY,DUSK,TRAFFIC SIGNAL,,No,SUSPECTED MINOR INJURY,NOT DISTRACTED,MD,PASSENGER CAR,35,2014,HYUNDAI,SANTA FE TK
MCP32270034,210050082,Montgomery County Police,Property Damage Crash,12-09-21 19:10,County,SEEK LA,HOOD ST,HEAD ON,CLEAR,DRY,DARK NO LIGHTS,NO CONTROLS,UNKNOWN,Yes,NO APPARENT INJURY,UNKNOWN,MD,PASSENGER CAR,5,2010,VOLKSWAGEN,JETTA
MCP30310018,170526850,Montgomery County Police,Property Damage Crash,08/25/2017 05:30:00 PM,County,FAIRLAND RD,BONNETT ST,SAME DIR REAR END,CLEAR,DRY,DAYLIGHT,NO CONTROLS,NONE DETECTED,Yes,NO APPARENT INJURY,INATTENTIVE OR LOST IN THOUGHT,CT,PASSENGER CAR,35,1998,COLVO,S70
MCP9311002W,200020396,Montgomery County Police,Injury Crash,05/22/2020 07:09:00 AM,Interstate (State),CAPITAL BELTWAY,RAMP 4 FR IS 495 NB TO CLARA BARTON PKWY,OTHER,RAINING,WET,DAWN,NO CONTROLS,NONE DETECTED,Yes,SUSPECTED MINOR INJURY,NOT DISTRACTED,MD,"OTHER LIGHT TRUCKS (10,000LBS (4,536KG) OR LESS)",55,2018,FORD,TRANSIT VAN
MCP2016005B,200028599,Montgomery County Police,Injury Crash,07/23/2020 01:14:00 PM,Maryland (State),ROCKVILLE PIKE,BOU AVE,STRAIGHT MOVEMENT ANGLE,CLEAR,DRY,DAYLIGHT,TRAFFIC SIGNAL,NONE DETECTED,Yes,NO APPARENT INJURY,NOT DISTRACTED,DE,PASSENGER CAR,40,2015,JEEP,PATRIOT
MCP12270023,240026236,MONTGOMERY,Fatal Crash,06-03-24 1:17,Municipality Route,ANNE AVE,UNIVERSITY BLVD,Single Vehicle,Clear,Dry,Dark - Lighted,No Controls,"Unknown, Unknown",No,No Apparent Injury,Unknown,,Pickup,30,2015,CHEVROLET,SILVERADO
MCP2402000S,200043880,Montgomery County Police,Property Damage Crash,11-06-20 19:19,County,DIAMONDBACK DR,MUDDY BRANCH RD,SAME DIRECTION SIDESWIPE,,DRY,DARK LIGHTS ON,,,Unknown,NO APPARENT INJURY,OTHER ELECTRONIC DEVICE (NAVIGATIONAL PALM PILOT),MD,PASSENGER CAR,30,2011,FORD,FUSION
MCP2639007Y,190043338,Montgomery County Police,Property Damage Crash,09-10-19 12:27,Maryland (State),GEORGIA AVE,RALPH RD,STRAIGHT MOVEMENT ANGLE,CLEAR,DRY,DAYLIGHT,NO CONTROLS,NONE DETECTED,No,NO APPARENT INJURY,NOT DISTRACTED,MD,PASSENGER CAR,35,2005,MAZDA,RX-8
EJ7879000G,200010618,Gaithersburg Police Depar,Property Damage Crash,03-03-20 14:30,,,,OPPOSITE DIRECTION SIDESWIPE,CLEAR,,DAYLIGHT,NO CONTROLS,NONE DETECTED,Yes,NO APPARENT INJURY,NOT DISTRACTED,MD,PASSENGER CAR,5,2018,BMW,4S
MCP3035000W,17015061,Montgomery County Police,Property Damage Crash,03/24/2017 01:22:00 PM,Maryland (State),FREDERICK RD,WATKINS MILL RD,SAME DIR REAR END,CLEAR,DRY,DAYLIGHT,TRAFFIC SIGNAL,NONE DETECTED,Yes,NO APPARENT INJURY,INATTENTIVE OR LOST IN THOUGHT,MD,PICKUP TRUCK,40,2004,FORD,F150
DD5662000J,230056178,Rockville Police Departme,Property Damage Crash,09/21/2023 06:38:00 PM,Municipality,TWINBROOK PKWY,MARSHALL AVE,SAME DIRECTION SIDESWIPE,CLEAR,DRY,DAYLIGHT,UNKNOWN,UNKNOWN,Yes,NO APPARENT INJURY,UNKNOWN,,UNKNOWN,25,0,UNKNOWN,UNKNOWN
MCP24980013,200031791,Montgomery County Police,Property Damage Crash,08/14/2020 11:35:00 PM,County,FATHER HURLEY BLVD,CRYSTAL ROCK DR,OTHER,RAINING,WET,DARK LIGHTS ON,TRAFFIC SIGNAL,NONE DETECTED,No,NO APPARENT INJURY,NOT DISTRACTED,MD,PASSENGER CAR,40,2001,HONDA,CIVIC
MCP3084003L,190061938,Montgomery County Police,Injury Crash,12/24/2019 01:03:00 PM,County,WESTLAKE DR,WESTLAKE TERR,SAME DIR REAR END,CLEAR,DRY,DAYLIGHT,TRAFFIC SIGNAL,NONE DETECTED,Yes,NO APPARENT INJURY,LOOKED BUT DID NOT SEE,MD,PASSENGER CAR,30,2017,BMW,X1
MCP2992002P,190059387,Montgomery County Police,Property Damage Crash,12-09-19 17:30,Maryland (State),GEORGIA AVE,JONES LA,OTHER,RAINING,WET,DARK LIGHTS ON,NO CONTROLS,NONE DETECTED,No,NO APPARENT INJURY,LOOKED BUT DID NOT SEE,MD,TRANSIT BUS,35,2016,NEW FLYER,BUS
DD56040029,190003412,Rockville Police Departme,Property Damage Crash,01/22/2019 05:46:00 PM,Municipality,TAFT ST,E GUDE DR,SAME DIR REAR END,CLEAR,DRY,DARK LIGHTS ON,TRAFFIC SIGNAL,NONE DETECTED,No,NO APPARENT INJURY,NOT DISTRACTED,MD,PASSENGER CAR,25,2008,GILL,BUS
MCP2192001Y,170538254,Montgomery County Police,Injury Crash,10/23/2017 07:34:00 AM,County,RANDOLPH RD,KEMP MILL RD,SAME DIRECTION SIDESWIPE,,WET,DAYLIGHT,,NONE DETECTED,Yes,POSSIBLE INJURY,UNKNOWN,MD,PASSENGER CAR,45,2008,INFINITI,G37
MCP9432003Q,230049436,Montgomery County Police,Property Damage Crash,08/14/2023 04:35:00 PM,,,,SINGLE VEHICLE,CLOUDY,,DAYLIGHT,,NONE DETECTED,Yes,NO APPARENT INJURY,NOT DISTRACTED,MD,PASSENGER CAR,30,2007,FORD,4S
MCP3245000P,200041121,Montgomery County Police,Property Damage Crash,10/18/2020 06:36:00 PM,Maryland (State),FREDERICK RD,TRAVIS AVE,OTHER,CLEAR,DRY,DUSK,TRAFFIC SIGNAL,UNKNOWN,Yes,NO APPARENT INJURY,UNKNOWN,,,40,0,UNKNOWN,UNKNOWN
MCP2868002F,170513823,Montgomery County Police,Property Damage Crash,06/14/2017 03:00:00 PM,Maryland (State),NORBECK RD,BEL PRE RD,SAME DIR REAR END,CLEAR,DRY,DAYLIGHT,TRAFFIC SIGNAL,NONE DETECTED,No,NO APPARENT INJURY,NOT DISTRACTED,MD,PASSENGER CAR,45,2014,HONDA,ACCORD
MCP2651003Q,190060402,Montgomery County Police,Injury Crash,12/15/2019 06:00:00 AM,Maryland (State),NEW HAMPSHIRE AVE,RUPPERT RD,SAME DIRECTION SIDESWIPE,CLEAR,DRY,DARK LIGHTS ON,,,No,POSSIBLE INJURY,NOT DISTRACTED,MD,PASSENGER CAR,40,2019,DODGE,CARAVAN
MCP2805003Z,200039886,Montgomery County Police,Property Damage Crash,10-10-20 10:00,Maryland (State),MONTGOMERY VILLAGE AVE,SPUR FR CHRISTOPHER AVE,SAME DIR REAR END,CLOUDY,DRY,DAYLIGHT,TRAFFIC SIGNAL,NONE DETECTED,No,NO APPARENT INJURY,NOT DISTRACTED,NY,(SPORT) UTILITY VEHICLE,35,2015,TOYT,HIGHLANDER
MCP2420006H,250056867,MONTGOMERY,Property Damage Crash,12/20/2025 01:40:00 PM,County Route,OLD BALTIMORE RD,GEORGIA AVE (SB/L),Angle,Clear,Dry,Daylight,Traffic Control Signal,"Not Suspect of Alcohol Use, Not Suspect of Drug Use",Yes,No Apparent Injury,Unknown,MD,Passenger Car,40,2008,HONDA,CR-V
MCP3197000G,190048207,Montgomery County Police,Property Damage Crash,10-07-19 21:48,Maryland (State),VEIRS MILL RD,CONNECTICUT AVE,SAME DIR REAR END,CLEAR,WET,DARK LIGHTS ON,TRAFFIC SIGNAL,,Yes,NO APPARENT INJURY,NOT DISTRACTED,MD,PASSENGER CAR,45,2006,FORD,FOCUS
MCP11510075,180001808,Montgomery County Police,Property Damage Crash,01-12-18 9:25,County,WATERS LANDING DR,LOCBURY DR,SAME DIRECTION SIDESWIPE,RAINING,WET,DAYLIGHT,NO CONTROLS,NONE DETECTED,No,NO APPARENT INJURY,NOT DISTRACTED,MD,PASSENGER CAR,25,2017,TOYT,HIGHLANDER
MCP1194001T,16016447,Montgomery County Police,Property Damage Crash,04-04-16 17:22,County,TARA RD,RIVER RD,SAME DIR REAR END,RAINING,WET,DAYLIGHT,NO CONTROLS,NONE DETECTED,Yes,NO APPARENT INJURY,LOOKED BUT DID NOT SEE,MD,(SPORT) UTILITY VEHICLE,45,2009,PONT,4S
MCP2930002C,220041545,Montgomery County Police,Property Damage Crash,09/23/2022 02:30:00 PM,,,,UNKNOWN,CLEAR,,DAYLIGHT,,UNKNOWN,Yes,NO APPARENT INJURY,UNKNOWN,,PASSENGER CAR,5,2017,MAZDA,SW
MCP27560058,230057868,Montgomery County Police,Injury Crash,10-01-23 14:00,County,RANDOLPH RD,CONNECTICUT AVE,SAME DIR REAR END,CLEAR,DRY,DAYLIGHT,TRAFFIC SIGNAL,NONE DETECTED,No,NO APPARENT INJURY,NOT DISTRACTED,MD,PASSENGER CAR,35,2014,HONDA,CIVIC
HA23370008,17001507,Maryland-National Capital,Injury Crash,11/15/2017 02:34:00 PM,Government,SLIGO CREEK PKWY,THREE OAKS DR,SAME DIR REAR END,CLEAR,DRY,DAYLIGHT,NO CONTROLS,,Yes,NO APPARENT INJURY,NOT DISTRACTED,MD,PASSENGER CAR,25,2005,HONDA,ACCORD
MCP2195003D,190038602,Montgomery County Police,Property Damage Crash,08/13/2019 11:58:00 AM,County,E GUDE DR,CALHOUN DR,SAME DIR REAR END,RAINING,WET,DAYLIGHT,NO CONTROLS,NONE DETECTED,No,NO APPARENT INJURY,NOT DISTRACTED,MD,PASSENGER CAR,40,2005,HONDA,CRV
DD5567002K,240003718,ROCKVILLE,Property Damage Crash,01/24/2024 12:14:00 PM,Municipality Route,WOOTTON PKWY,FLEET ST (EB/L),Angle,Clear,Wet,Daylight,Stop Sign,"Not Suspect of Alcohol Use, Not Suspect of Drug Use",Yes,No Apparent Injury,Unknown,MD,Passenger Car,25,2016,HONDA,CIVIC
MCP33870024,240057618,MONTGOMERY,Injury Crash,12-02-24 11:58,County Route,CHERRY HILL RD,,Front to Rear,Clear,Dry,Daylight,No Controls,"Not Suspect of Alcohol Use, Not Suspect of Drug Use",No,Suspected Minor Injury,Not Distracted,MD,Passenger Car,35,2013,FORD,ESCAPE