Report Number,Local Case Number,Agency Name,ACRS Report Type,Crash Date/Time,Route Type,Road Name,Cross-Street Name,Collision Type,Weather,Surface Condition,Light,Traffic Control,Driver Substance Abuse,Driver At Fault,Injury Severity,Driver Distracted By,Drivers License State,Vehicle Body Type,Speed Limit,Vehicle Year,Vehicle Make,Vehicle Model
MCP2690001P,16035682,Montgomery County Police,Property Damage Crash,07/14/2016 04:07:00 PM,Maryland (State),MUNCASTER MILL RD,MILLER FALL RD,SAME DIR REAR END,CLEAR,DRY,DAYLIGHT,NO CONTROLS,NONE DETECTED,Yes,NO APPARENT INJURY,NOT DISTRACTED,MD,PICKUP TRUCK,35,2009,TOYT,TACOMA
MCP1366004Z,16047564,Montgomery County Police,Property Damage Crash,09/16/2016 12:22:00 PM,County,AMBLESIDE DR,TRAILRIDGE TERR,SINGLE VEHICLE,CLEAR,DRY,DAYLIGHT,,NONE DETECTED,Yes,NO APPARENT INJURY,TALKING OR LISTENING TO CELLULAR PHONE,MD,PASSENGER CAR,25,2017,MERCEDES,E300
MCP2617007K,190024547,Montgomery County Police,Injury Crash,05/23/2019 03:00:00 PM,Maryland (State),NEW HAMPSHIRE AVE,RIDGECROFT DR,SAME DIR REAR END,RAINING,WET,DAYLIGHT,NO CONTROLS,NONE DETECTED,No,NO APPARENT INJURY,NOT DISTRACTED,MD,PASSENGER CAR,40,2017,GMC,SIERRA
MCP3063001G,190002154,Montgomery County Police,Injury Crash,01/14/2019 04:03:00 PM,US (State),COLUMBIA PIKE,GREENCASTLE RD,STRAIGHT MOVEMENT ANGLE,CLEAR,,DAYLIGHT,TRAFFIC SIGNAL,,No,POSSIBLE INJURY,NOT DISTRACTED,MD,PASSENGER CAR,55,2014,JEEP,TK
MCP2936003G,200000084,Montgomery County Police,Injury Crash,01-01-20 15:40,Maryland (State),ROCKVILLE PIKE,WICKSHIRE WAY,STRAIGHT MOVEMENT ANGLE,CLEAR,DRY,DAYLIGHT,STOP SIGN,NONE DETECTED,Yes,NO APPARENT INJURY,LOOKED BUT DID NOT SEE,MD,(SPORT) UTILITY VEHICLE,45,2007,HYUN,SANTE FE
MCP304800C0,240006972,MONTGOMERY,Property Damage Crash,01/18/2024 10:00:00 AM,Maryland (State) Route,PLYERS MILL RD,,"Sideswipe, Same Direction",Unknown,,Daylight,No Controls,"Not Suspect of Alcohol Use, Not Suspect of Drug Use",No,No Apparent Injury,Unknown,MD,Passenger Car,30,2018,VOLKSWAGEN,ATLAS
MCP3209003J,220038089,Montgomery County Police,Injury Crash,09-02-22 16:23,Maryland (State),COLESVILLE RD,WAYNE AVE,SAME DIRECTION LEFT TURN,CLEAR,DRY,DAYLIGHT,TRAFFIC SIGNAL,NONE DETECTED,Yes,POSSIBLE INJURY,LOOKED BUT DID NOT SEE,MD,PASSENGER CAR,35,2021,TOYOTA,COROLLA
MCP3291000K,210013783,Montgomery County Police,Property Damage Crash,04/13/2021 12:45:00 PM,County,CASTLE BLVD,ROAD END,OTHER,CLEAR,DRY,DAYLIGHT,NO CONTROLS,NONE DETECTED,Yes,NO APPARENT INJURY,NOT DISTRACTED,MD,SCHOOL BUS,30,2018,THOMAS,BUS
MCP32790027,230026554,Montgomery County Police,Injury Crash,06-02-23 8:25,Maryland (State),VEIRS MILL RD,EDMONSTON DR,SAME DIR REAR END,CLEAR,,DAYLIGHT,TRAFFIC SIGNAL,,Yes,NO APPARENT INJURY,UNKNOWN,MD,PICKUP TRUCK,40,2004,FORD,F150
MCP2877002N,16045938,Montgomery County Police,Injury Crash,09-08-16 8:47,County,WAYNE AVE,DALE DR,SAME DIRECTION SIDESWIPE,CLEAR,DRY,DAYLIGHT,NO CONTROLS,NONE DETECTED,Yes,NO APPARENT INJURY,LOOKED BUT DID NOT SEE,MD,PASSENGER CAR,25,2004,SUZUKI,AERIO
MCP2974003S,210032353,Montgomery County Police,Property Damage Crash,08/19/2021 06:40:00 PM,,,,OTHER,CLEAR,,DAYLIGHT,NO CONTROLS,NONE DETECTED,No,NO APPARENT INJURY,NOT DISTRACTED,MD,PASSENGER CAR,0,2015,NISS,SUV
MCP1553001C,15021116,Montgomery County Police,Property Damage Crash,05-04-15 14:52,Maryland (State),PINEY BRANCH RD,SLIGO CREEK PKWY,SAME DIR REAR END,CLEAR,DRY,DAYLIGHT,TRAFFIC SIGNAL,NONE DETECTED,Yes,NO APPARENT INJURY,NOT DISTRACTED,MD,PASSENGER CAR,30,2014,FORD,FUSION
EJ7885001R,220003145,Gaithersburg Police Depar,Property Damage Crash,01/24/2022 06:42:00 PM,Maryland (State),QUINCE ORCHARD RD,FIRSTFIELD RD,OTHER,CLEAR,DRY,DARK NO LIGHTS,NO CONTROLS,NONE DETECTED,No,NO APPARENT INJURY,NOT DISTRACTED,MD,PASSENGER CAR,35,2018,TOYOTA,4S
MCP2386001G,170518906,Montgomery County Police,Injury Crash,07/13/2017 03:44:00 PM,Maryland (State),NEW HAMPSHIRE AVE,CHALMERS RD,SAME DIR REAR END,CLEAR,DRY,DAYLIGHT,NO CONTROLS,NONE DETECTED,No,POSSIBLE INJURY,NOT DISTRACTED,MD,PASSENGER CAR,40,2001,HONDA,CIVIC
MCP1113001C,170506781,Montgomery County Police,Injury Crash,05-09-17 9:43,County,ZION RD,SUNDOWN RD,OPPOSITE DIR BOTH LEFT TURN,CLEAR,DRY,DAYLIGHT,NO CONTROLS,NONE DETECTED,Unknown,POSSIBLE INJURY,NOT DISTRACTED,NC,PASSENGER CAR,30,2008,AUDI,4DR
MCP2950002B,200042605,Montgomery County Police,Property Damage Crash,10/28/2020 10:13:00 PM,Maryland (State),FREDERICK RD,OXBRIDGE DR,SINGLE VEHICLE,CLEAR,DRY,DARK LIGHTS ON,STOP SIGN,ALCOHOL PRESENT,Yes,NO APPARENT INJURY,UNKNOWN,MD,PASSENGER CAR,45,2005,VOLKSWAGEN,JETTA
MCP2757001F,16062056,Montgomery County Police,Injury Crash,12-03-16 4:45,County,RANDOLPH RD,CROSSOVER,SINGLE VEHICLE,CLEAR,DRY,DARK LIGHTS ON,NO CONTROLS,ALCOHOL PRESENT,Yes,NO APPARENT INJURY,UNKNOWN,MD,(SPORT) UTILITY VEHICLE,35,2009,CADILLAC,SRX
MCP25860052,190053719,Montgomery County Police,Property Damage Crash,11-07-19 17:08,County,RIFFLE FORD RD,AUTUMN TRAIL DR,SAME DIR REAR END,RAINING,WET,DARK NO LIGHTS,NO CONTROLS,NONE DETECTED,No,NO APPARENT INJURY,NOT DISTRACTED,MD,(SPORT) UTILITY VEHICLE,35,2019,BMW,X3
MCP3182001B,210017896,Montgomery County Police,Injury Crash,05-12-21 17:10,Maryland (State),SANDY SPRING RD,DINO DR,HEAD ON LEFT TURN,CLEAR,DRY,DAYLIGHT,NO CONTROLS,NONE DETECTED,Yes,NO APPARENT INJURY,NOT DISTRACTED,NY,PASSENGER CAR,35,2017,HYUNDAI,ELANTRA
MCP15630053,180031853,Montgomery County Police,Injury Crash,06/28/2018 01:23:00 PM,Maryland (State),ROCKVILLE PIKE,JONES BRIDGE RD,SAME DIR REAR END,CLEAR,DRY,DAYLIGHT,NO CONTROLS,NONE DETECTED,Yes,NO APPARENT INJURY,NOT DISTRACTED,DC,PASSENGER CAR,35,2016,LEXUS,NX200T
MCP3143003M,220037709,Montgomery County Police,Property Damage Crash,08/31/2022 12:50:00 PM,,,,STRAIGHT MOVEMENT ANGLE,CLEAR,,DAYLIGHT,NO CONTROLS,NONE DETECTED,No,NO APPARENT INJURY,NOT DISTRACTED,MD,PASSENGER CAR,10,2020,TOYOTA,COROLLA
MCP31730013,200005721,Montgomery County Police,Injury Crash,02-03-20 21:30,US (State),COLUMBIA PIKE,GREENCASTLE RD,SAME DIR REAR END,CLEAR,DRY,DARK LIGHTS ON,NO CONTROLS,NONE DETECTED,Yes,NO APPARENT INJURY,INATTENTIVE OR LOST IN THOUGHT,MD,PASSENGER CAR,50,2003,TOYT,TK
MCP2046006F,17003919,Montgomery County Police,Property Damage Crash,01/23/2017 09:15:00 AM,County,FAIRLAND RD,RAMP 11 FR RP10 (29 SB) TO FAIRLND RD EB,OTHER,RAINING,WET,DAYLIGHT,,NONE DETECTED,No,NO APPARENT INJURY,NOT DISTRACTED,TN,OTHER,35,2016,FORD,TRANSIT
MCP30670023,210040310,Montgomery County Police,Property Damage Crash,10-09-21 5:15,County,DELLCASTLE RD,APPLE RIDGE RD,OTHER,CLEAR,DRY,DARK NO LIGHTS,,UNKNOWN,Yes,NO APPARENT INJURY,UNKNOWN,,PASSENGER CAR,25,2020,HONDA,ACCORD
DD5522004X,210039350,Rockville Police Departme,Property Damage Crash,10-03-21 21:33,Maryland (State),ROCKVILLE PIKE,SPUR TO EDMONSTON DR,SAME DIRECTION SIDESWIPE,CLEAR,,DARK LIGHTS ON,NO CONTROLS,NONE DETECTED,Yes,NO APPARENT INJURY,UNKNOWN,MD,PASSENGER CAR,35,2016,TOYOTA,COROLLA
MCP3060001S,180046464,Montgomery County Police,Injury Crash,09/17/2018 02:34:00 PM,Maryland (State),CONNECTICUT AVE,MONTROSE DR,SAME DIR REAR END,RAINING,WET,DAYLIGHT,NO CONTROLS,,No,NO APPARENT INJURY,NOT DISTRACTED,MD,VAN,35,2016,FORD,VN
MCP2656002M,180006207,Montgomery County Police,Property Damage Crash,02-05-18 18:11,County,BROADBIRCH DR,BOURNEFIELD WAY,HEAD ON,,DRY,DARK LIGHTS ON,,NONE DETECTED,No,NO APPARENT INJURY,NOT DISTRACTED,MD,PASSENGER CAR,35,2017,TOYOTA,CAMRY
MCP3161003L,220001765,Montgomery County Police,Property Damage Crash,01/14/2022 06:15:00 PM,Maryland (State),ROCKVILLE PIKE,GROSVENOR LA,STRAIGHT MOVEMENT ANGLE,CLEAR,DRY,DARK LIGHTS ON,TRAFFIC SIGNAL,NONE DETECTED,Unknown,NO APPARENT INJURY,NOT DISTRACTED,MD,PASSENGER CAR,35,2014,INFI,Q50
MCP2622003K,220054082,Montgomery County Police,Injury Crash,12-07-22 14:31,US (State),COLUMBIA PIKE,SANDY SPRING RD,STRAIGHT MOVEMENT ANGLE,CLOUDY,WET,DAYLIGHT,TRAFFIC SIGNAL,NONE DETECTED,Yes,NO APPARENT INJURY,LOOKED BUT DID NOT SEE,MD,PASSENGER CAR,40,2007,HYUNDAI,SONATA
MCP1366005G,16062365,Montgomery County Police,Property Damage Crash,12-05-16 7:46,Other Public Roadway,MONTROSE PKWY,END BRIDGE,SAME DIRECTION SIDESWIPE,CLOUDY,WET,DAYLIGHT,NO CONTROLS,NONE DETECTED,Yes,NO APPARENT INJURY,UNKNOWN,MD,PASSENGER CAR,40,2010,TOYT,4S
MCP2764002X,230059866,Montgomery County Police,Property Damage Crash,10-11-23 13:45,Maryland (State),GEORGIA AVE,RAMP 1 FR MD 97 NB TO RP 8 (TO MD200 WB),STRAIGHT MOVEMENT ANGLE,,DRY,DAYLIGHT,TRAFFIC SIGNAL,,Yes,NO APPARENT INJURY,LOOKED BUT DID NOT SEE,MD,PASSENGER CAR,35,2019,HYUN,TK
MCP23300020,190035072,Montgomery County Police,Property Damage Crash,07/23/2019 08:44:00 PM,Maryland (State),VEIRS MILL RD,BUSHEY DR,OTHER,CLEAR,DRY,DARK LIGHTS ON,NO CONTROLS,NONE DETECTED,Yes,NO APPARENT INJURY,LOOKED BUT DID NOT SEE,DC,PASSENGER CAR,35,2012,CHEVY,4D
MCP0672001C,230030166,Montgomery County Police,Property Damage Crash,06/24/2023 12:07:00 AM,Maryland (State),GREAT SENECA HWY,MATENY RD,SINGLE VEHICLE,CLOUDY,WET,DARK NO LIGHTS,NO CONTROLS,NONE DETECTED,No,NO APPARENT INJURY,NOT DISTRACTED,MD,PASSENGER CAR,50,2018,FORD,EXPLORER
MCP23620016,16059837,Montgomery County Police,Property Damage Crash,11/21/2016 08:53:00 AM,Maryland (State),UNIVERSITY BLVD W,BRUNETT AVE,STRAIGHT MOVEMENT ANGLE,CLEAR,DRY,DAYLIGHT,NO CONTROLS,NONE DETECTED,No,NO APPARENT INJURY,NOT DISTRACTED,MD,PICKUP TRUCK,45,2005,CHEV,TK
MCP9392000J,16051866,Montgomery County Police,Property Damage Crash,10-09-16 2:48,Maryland (State),RIDGE RD,SKYLARK RD,SINGLE VEHICLE,CLEAR,DRY,DARK LIGHTS ON,,ALCOHOL PRESENT,Yes,NO APPARENT INJURY,NOT DISTRACTED,MD,PASSENGER CAR,40,1997,HONDA,ACCORD
MCP28320030,170525857,Montgomery County Police,Property Damage Crash,08/20/2017 01:50:00 PM,Maryland (State),EAST WEST HWY,GRUBB RD,SAME DIR REAR END,CLEAR,DRY,DAYLIGHT,TRAFFIC SIGNAL,UNKNOWN,Yes,NO APPARENT INJURY,UNKNOWN,,PASSENGER CAR,30,2016,ACURA,TLX
MCP2773001P,16010521,MONTGOMERY,Property Damage Crash,03-02-16 19:39,County,RENFREW RD,LANARK WAY,OTHER,CLEAR,DRY,DARK NO LIGHTS,NO CONTROLS,NONE DETECTED,Yes,NO APPARENT INJURY,OTHER DISTRACTION,MD,PASSENGER CAR,15,2012,HONDA,ACCORD
MCP1358000D,16044266,Montgomery County Police,Property Damage Crash,08/30/2016 06:33:00 PM,Interstate (State),EISENHOWER MEMORIAL HWY,RAMP 4 FR IS 270 NB TO MD 28 EB,SAME DIR REAR END,CLEAR,DRY,DAYLIGHT,,NONE DETECTED,Yes,NO APPARENT INJURY,LOOKED BUT DID NOT SEE,MD,"OTHER LIGHT TRUCKS (10,000LBS (4,536KG) OR LESS)",55,2006,HONDA,RIDGELINE
MCP2635004Y,180058989,Montgomery County Police,Property Damage Crash,11/25/2018 06:12:00 PM,Maryland (State),INTERCOUNTY CONNECTOR,MILE MARKER 4.0,OTHER,CLEAR,DRY,DARK NO LIGHTS,NO CONTROLS,,No,NO APPARENT INJURY,NOT DISTRACTED,MD,PASSENGER CAR,60,2007,FORD,FOCUS
MCP2767009C,210020265,Montgomery County Police,Injury Crash,05/28/2021 05:26:00 PM,Maryland (State),GEORGIA AVE,LAYHILL RD,STRAIGHT MOVEMENT ANGLE,CLOUDY,DRY,DAYLIGHT,NO CONTROLS,NONE DETECTED,No,NO APPARENT INJURY,NOT DISTRACTED,MD,PASSENGER CAR,35,2006,FORD,MUSTANG
MCP28910026,16019782,Montgomery County Police,Injury Crash,04/22/2016 09:12:00 AM,Maryland (State),GEORGIA AVE,LOCUST GROVE RD,SAME DIRECTION SIDESWIPE,CLEAR,DRY,DAYLIGHT,,NONE DETECTED,No,NO APPARENT INJURY,NOT DISTRACTED,MD,PASSENGER CAR,35,2011,HONDA,ODYSSEY
MCP2954005R,180038563,Montgomery County Police,Property Damage Crash,08-03-18 18:17,,,,HEAD ON,RAINING,,DAYLIGHT,NO CONTROLS,NONE DETECTED,No,NO APPARENT INJURY,NOT DISTRACTED,MD,PASSENGER CAR,5,2017,TOYOTA,TACOMA
MCP29040055,180028553,Montgomery County Police,Injury Crash,06-09-18 20:15,Maryland (State),PINEY BRANCH RD,CARROLL AVE,SAME DIRECTION SIDESWIPE,CLEAR,DRY,DAYLIGHT,NO CONTROLS,NONE DETECTED,Yes,NO APPARENT INJURY,UNKNOWN,MD,PASSENGER CAR,35,2011,HONDA,PILOT
MCP3296001V,230027939,Montgomery County Police,Injury Crash,06-10-23 15:03,County,BRIGGS CHANEY RD,RAMP 1 FR US29 NB TO BRIGGS CHANEY RD WB,STRAIGHT MOVEMENT ANGLE,CLEAR,DRY,DAYLIGHT,TRAFFIC SIGNAL,NONE DETECTED,Yes,POSSIBLE INJURY,UNKNOWN,MD,(SPORT) UTILITY VEHICLE,30,2017,TOYT,HIGHLANDER
MCP31650056,240008002,MONTGOMERY,Property Damage Crash,02/18/2024 01:30:00 PM,Maryland (State) Route,,,Front to Rear,Clear,Dry,Daylight,No Controls,"Unknown, Unknown",No,,,,Passenger Car,40,2019,TOYOTA,CAMRY
MCP2783002X,180055561,Montgomery County Police,Property Damage Crash,11-05-18 20:58,Maryland (State),CONNECTICUT AVE,VEIRS MILL RD,SAME DIR REAR END,RAINING,WET,DARK LIGHTS ON,YIELD SIGN,NONE DETECTED,No,NO APPARENT INJURY,UNKNOWN,MD,PASSENGER CAR,35,2016,TOYOTA,CAMRY
DD5595003S,170500216,Rockville Police Departme,Property Damage Crash,04-03-17 16:14,Municipality,RESEARCH BLVD,RESEARCH CT,SAME DIR REAR END,CLOUDY,DRY,DAYLIGHT,NO CONTROLS,NONE DETECTED,No,NO APPARENT INJURY,NOT DISTRACTED,MD,PASSENGER CAR,30,2004,TOYT,VN
MCP2162003D,180060492,Montgomery County Police,Property Damage Crash,12-03-18 17:00,,,,UNKNOWN,CLEAR,,UNKNOWN,,,Yes,NO APPARENT INJURY,UNKNOWN,MD,PASSENGER CAR,25,2015,INFINITI,QX60
MCP33620040,240039111,MONTGOMERY,Property Damage Crash,08/19/2024 08:14:00 AM,Maryland (State) Route,NEW HAMPSHIRE AVE,,"Sideswipe, Same Direction",Clear,Dry,Daylight,No Controls,"Not Suspect of Alcohol Use, Not Suspect of Drug Use",No,No Apparent Injury,Not Distracted,MD,Passenger Car,35,2009,TOYOTA,CAMRY
MCP32630009,200034065,Montgomery County Police,Injury Crash,08/31/2020 05:37:00 PM,Interstate (State),EISENHOWER MEMORIAL HWY,W MONTGOMERY AVE,SINGLE VEHICLE,RAINING,WET,DAYLIGHT,NO CONTROLS,NONE DETECTED,Yes,SUSPECTED MINOR INJURY,NOT DISTRACTED,PA,PASSENGER CAR,55,2009,FORD,FOCUS
MCP2789001Z,15064132,MONTGOMERY,Injury Crash,12/15/2015 08:50:00 PM,Maryland (State),GEORGIA AVE,CAPITAL BELTWAY,SAME DIR REAR END,,DRY,DARK LIGHTS ON,NO CONTROLS,,No,SUSPECTED MINOR INJURY,NOT DISTRACTED,MD,PASSENGER CAR,35,2013,TOYOTA,COROLLA
MCP2625000R,190056450,Montgomery County Police,Injury Crash,11/24/2019 12:34:00 PM,County,KING ST,GEORGIA AVE,HEAD ON LEFT TURN,RAINING,WET,DAYLIGHT,NO CONTROLS,NONE DETECTED,Yes,POSSIBLE INJURY,NOT DISTRACTED,MD,PASSENGER CAR,35,2015,TOYOTA,COROLLA
MCP27560060,240047094,MONTGOMERY,Injury Crash,10-02-24 18:49,County Route,VALLEYWOOD DR,,Single Vehicle,Cloudy,Dry,Dark - Lighted,No Controls,"Not Suspect of Alcohol Use, Not Suspect of Drug Use",No,No Apparent Injury,Not Distracted,MD,Passenger Car,35,2008,TOYOTA,PRIUS
MCP31230088,250030695,MONTGOMERY,Injury Crash,07-10-25 11:25,Other Public Roadway,HENDERSON CORNER RD,RIDGE RD,Angle,Cloudy,Dry,Daylight,Traffic Control Signal,"Not Suspect of Alcohol Use, Not Suspect of Drug Use",No,No Apparent Injury,Not Distracted,MD,Sport Utility Vehicle,15,2006,HONDA,PILOT
MCP2799008B,250004831,MONTGOMERY,Injury Crash,02-03-25 20:58,US (State),GEORGIA AVE,WAYNE AVE,Front to Front,Clear,Dry,Dark - Lighted,Traffic Control Signal,"Not Suspect of Alcohol Use, Not Suspect of Drug Use",Yes,Suspected Minor Injury,Unknown,MD,Passenger Car,35,2024,NISSAN,ALTIMA
MCP3138001C,190031051,Montgomery County Police,Property Damage Crash,06/29/2019 03:43:00 PM,Maryland (State),NEW HAMPSHIRE AVE,SAPLING RIDGE LA,SAME DIR REAR END,CLEAR,DRY,DAYLIGHT,,,Yes,NO APPARENT INJURY,LOOKED BUT DID NOT SEE,MD,PASSENGER CAR,30,2010,HYUNDAI,ACCENT
MCP1550003J,220033123,Montgomery County Police,Injury Crash,08-02-22 7:00,County,TALBOT AVE,BROOKVILLE RD,OTHER,CLEAR,DRY,DAWN,NO CONTROLS,NONE DETECTED,Yes,NO APPARENT INJURY,NOT DISTRACTED,MD,PASSENGER CAR,15,2014,HONDA,CIVIC
MCP2000001B,210050287,Montgomery County Police,Property Damage Crash,12-11-21 0:23,County,OBSERVATION DR,RIDGE RD,SINGLE VEHICLE,RAINING,WET,DARK LIGHTS ON,TRAFFIC SIGNAL,ALCOHOL PRESENT,Yes,NO APPARENT INJURY,UNKNOWN,MD,PASSENGER CAR,40,2017,KIA,RIO
DD5527002L,190040246,Rockville Police Departme,Property Damage Crash,08/21/2019 07:45:00 PM,,,,OTHER,RAINING,,DARK LIGHTS ON,NO CONTROLS,UNKNOWN,Yes,NO APPARENT INJURY,UNKNOWN,,"CARGO VAN/LIGHT TRUCK 2 AXLES (OVER 10,000LBS (4,536 KG))",5,2019,FORD,TRUCK
MCP29040041,170533693,Montgomery County Police,Property Damage Crash,09/28/2017 06:30:00 PM,County,MANCHESTER RD,E WAYNE AVE,SINGLE VEHICLE,CLEAR,DRY,DAYLIGHT,,NONE DETECTED,Yes,NO APPARENT INJURY,NOT DISTRACTED,MD,TRANSIT BUS,35,2016,GILL,BUS
MCP3162000F,180044569,Montgomery County Police,Injury Crash,09-06-18 18:35,Maryland (State),UNIVERSITY BLVD E,RAMP 6 FR IS 495 EB TO MD 193 SB,SAME DIR REAR END,CLEAR,DRY,DAYLIGHT,,NONE DETECTED,Yes,NO APPARENT INJURY,NOT DISTRACTED,MD,PASSENGER CAR,35,2013,HONDA,CIVIC
MCP3067003F,250039225,MONTGOMERY,Property Damage Crash,08/26/2025 12:01:00 PM,,,,Angle,Clear,,Daylight,,"Not Suspect of Alcohol Use, Not Suspect of Drug Use",Yes,No Apparent Injury,Not Distracted,MD,Passenger Car,0,2004,LEXUS,GX
MCP1015001H,180034623,Montgomery County Police,Property Damage Crash,07/13/2018 08:12:00 AM,County,LITTLE SENECA PKWY,CROSSOVER,STRAIGHT MOVEMENT ANGLE,CLEAR,DRY,DAYLIGHT,STOP SIGN,NONE DETECTED,No,NO APPARENT INJURY,NOT DISTRACTED,MD,PASSENGER CAR,25,2016,NISS,LEAF
MCP27220036,190021594,Montgomery County Police,Injury Crash,05-07-19 19:25,County,BEL PRE RD,HOMECREST RD,SAME DIR REAR END,CLEAR,DRY,DAYLIGHT,TRAFFIC SIGNAL,ALCOHOL PRESENT,Yes,NO APPARENT INJURY,UNKNOWN,US,PASSENGER CAR,35,2011,HONDA,PILOT
MCP25040045,190020283,Montgomery County Police,Property Damage Crash,04/30/2019 03:12:00 PM,County,S GLEN RD,NORMANDIE FARM DR,SINGLE VEHICLE,CLEAR,DRY,DAYLIGHT,NO CONTROLS,NONE DETECTED,Yes,NO APPARENT INJURY,NOT DISTRACTED,MD,(SPORT) UTILITY VEHICLE,30,2017,LANDROVER,SUV
MCP3207000V,200004649,Montgomery County Police,Property Damage Crash,01/28/2020 03:22:00 PM,County,BRIGGS CHANEY RD,FAIRDALE RD,SAME DIR REAR END,CLEAR,DRY,DAYLIGHT,,NONE DETECTED,No,NO APPARENT INJURY,NOT DISTRACTED,MD,AMBULANCE/EMERGENCY,35,2016,FREIGHTLINER,TK
MCP30890031,200000496,Montgomery County Police,Injury Crash,01-03-20 18:15,County,SHOREFIELD RD,GEORGIA AVE,OTHER,,WET,DARK LIGHTS ON,,,Yes,NO APPARENT INJURY,LOOKED BUT DID NOT SEE,MD,PASSENGER CAR,20,2015,KIA,SOUL
EJ7809000W,17007620,Gaithersburg Police Depar,Injury Crash,02-12-17 3:34,,,,SINGLE VEHICLE,CLEAR,,DARK LIGHTS ON,NO CONTROLS,ALCOHOL CONTRIBUTED,Yes,NO APPARENT INJURY,NOT DISTRACTED,MD,PASSENGER CAR,25,2004,FORD,TAURUS
MCP1305000P,16028503,Montgomery County Police,Injury Crash,06-07-16 7:31,County,SNOUFFERS SCHOOL RD,LEWISBERRY DR,STRAIGHT MOVEMENT ANGLE,CLEAR,DRY,DAYLIGHT,TRAFFIC SIGNAL,,Yes,POSSIBLE INJURY,LOOKED BUT DID NOT SEE,MD,(SPORT) UTILITY VEHICLE,35,2008,CHEVY,TAHOE
MCP23510066,250023479,MONTGOMERY,Property Damage Crash,05/27/2025 01:35:00 PM,County Route,AVERY RD,,Single Vehicle,Rain,Wet,Daylight,No Controls,"Not Suspect of Alcohol Use, Not Suspect of Drug Use",Yes,No Apparent Injury,Not Distracted,FL,Passenger Car,40,2007,SUZUKI,VL800
MCP3143000F,180046141,Montgomery County Police,Property Damage Crash,09/15/2018 03:26:00 PM,Maryland (State),ROCKVILLE PIKE,ENT TO MID-PIKE PLAZA,STRAIGHT MOVEMENT ANGLE,,DRY,DAYLIGHT,TRAFFIC SIGNAL,NONE DETECTED,No,NO APPARENT INJURY,NOT DISTRACTED,CA,PASSENGER CAR,25,2017,HONDA,CIVIC
MCP3191001H,190052102,Montgomery County Police,Property Damage Crash,10/29/2019 05:44:00 PM,County,BELLS MILL RD,BOLTON DR,STRAIGHT MOVEMENT ANGLE,CLEAR,DRY,DARK LIGHTS ON,STOP SIGN,NONE DETECTED,No,NO APPARENT INJURY,NOT DISTRACTED,MD,PASSENGER CAR,30,2012,BMW,X3
MCP2736003H,16021700,Montgomery County Police,Property Damage Crash,05-02-16 19:41,,,,SAME DIRECTION SIDESWIPE,CLEAR,,DAYLIGHT,NO CONTROLS,,No,NO APPARENT INJURY,NOT DISTRACTED,MD,PASSENGER CAR,10,2005,INFI,2S
DD5617000B,16058980,Rockville Police Departme,Property Damage Crash,11/17/2016 07:04:00 AM,Maryland (State),VEIRS MILL RD,BROADWOOD DR,STRAIGHT MOVEMENT ANGLE,CLEAR,DRY,DAYLIGHT,TRAFFIC SIGNAL,NONE DETECTED,No,NO APPARENT INJURY,NOT DISTRACTED,WV,SCHOOL BUS,45,2010,THOM,BU
MCP26670018,15056784,MONTGOMERY,Property Damage Crash,11-07-15 14:25,Maryland (State),QUINCE ORCHARD RD,W DIAMOND AVE,HEAD ON LEFT TURN,CLOUDY,DRY,DAYLIGHT,TRAFFIC SIGNAL,NONE DETECTED,No,NO APPARENT INJURY,NOT DISTRACTED,MD,PASSENGER CAR,35,2014,INFI,4S
MCP203900DB,250053398,MONTGOMERY,Property Damage Crash,11/29/2025 11:40:00 AM,,,,Rear To Side,Clear,,Daylight,,"Not Suspect of Alcohol Use, Not Suspect of Drug Use",Yes,No Apparent Injury,Not Distracted,,Passenger Car,0,2015,CHEVROLET,CRUZE
MCP1121001N,16063241,Montgomery County Police,Property Damage Crash,12-09-16 15:58,Maryland (State),MUNCASTER MILL RD,OLDE MILL RUN,OTHER,CLEAR,DRY,DAYLIGHT,NO CONTROLS,NONE DETECTED,No,NO APPARENT INJURY,NOT DISTRACTED,MD,"CARGO VAN/LIGHT TRUCK 2 AXLES (OVER 10,000LBS (4,536 KG))",35,1999,FORD,F350
MCP2388000R,16002876,Montgomery County Police,Property Damage Crash,01/15/2016 08:49:00 PM,County,E GUDE DR,CRABBS BRANCH WAY,SAME DIR REAR END,RAINING,WET,DARK LIGHTS ON,TRAFFIC SIGNAL,NONE DETECTED,Yes,NO APPARENT INJURY,NOT DISTRACTED,MD,VAN,40,1996,DODGE,RAM 2500
MCP2446005D,210000173,Montgomery County Police,Injury Crash,01-02-21 16:20,County,BRINK RD,ROLLING RIDGE LN,HEAD ON,CLEAR,DRY,DUSK,NO CONTROLS,,Yes,POSSIBLE INJURY,UNKNOWN,MD,PASSENGER CAR,40,2012,HONDA,CIVIC
MCP32000062,220029875,Montgomery County Police,Property Damage Crash,07-12-22 8:25,County,GREENTREE RD,BRADMOOR DR,SAME DIR REND LEFT TURN,CLEAR,DRY,DAYLIGHT,STOP SIGN,NONE DETECTED,No,NO APPARENT INJURY,NOT DISTRACTED,MD,PASSENGER CAR,30,2012,HONDA,CR-V
MCP3280006L,250017137,MONTGOMERY,Injury Crash,04/20/2025 01:05:00 PM,County Route,CLOVER PATCH DR,CHERRY HILL RD PLUM ORCHARD DR,Angle,Clear,Dry,Daylight,Traffic Control Signal,"Not Suspect of Alcohol Use, Not Suspect of Drug Use",No,No Apparent Injury,Not Distracted,MD,Passenger Car,40,2015,MASERATI,QUATTROPORTE