Report Number,Local Case Number,Agency Name,ACRS Report Type,Crash Date/Time,Route Type,Road Name,Cross-Street Name,Collision Type,Weather,Surface Condition,Light,Traffic Control,Driver Substance Abuse,Driver At Fault,Injury Severity,Driver Distracted By,Drivers License State,Vehicle Body Type,Speed Limit,Vehicle Year,Vehicle Make,Vehicle Model
MCP2492001Y,230002348,Montgomery County Police,Fatal Crash,01/15/2023 07:23:00 AM,Maryland (State),MUNCASTER MILL RD,ENT TO ROCKVILLE CHURCH OF THE NAZARENE,HEAD ON,CLEAR,DRY,DAWN,NO CONTROLS,NONE DETECTED,No,SUSPECTED SERIOUS INJURY,NOT DISTRACTED,MD,(SPORT) UTILITY VEHICLE,40,2014,FORD,ESCAPE
EJ7781004Y,240019436,GAITHERSBURG,Property Damage Crash,04/26/2024 07:50:00 AM,Municipality Route,KENTLANDS BLVD,,"Sideswipe, Same Direction",Clear,Dry,Daylight,No Controls,"Not Suspect of Alcohol Use, Not Suspect of Drug Use",No,No Apparent Injury,Not Distracted,MD,Bus - School,25,2018,THOMAS BUILT,SCHOOL BUS
MCP2009000D,170539218,Montgomery County Police,Property Damage Crash,10/27/2017 05:09:00 PM,Maryland (State),FREDERICK RD,GUNNERS BRANCH RD,SAME DIR REAR END,CLEAR,DRY,DAYLIGHT,,NONE DETECTED,Yes,NO APPARENT INJURY,NOT DISTRACTED,MD,PASSENGER CAR,40,2014,SUBARU,IMPREZA
MCP1220003S,16033958,Montgomery County Police,Injury Crash,07-05-16 11:32,Maryland (State),GEORGIA AVE,LOCUST GROVE RD,SAME DIRECTION LEFT TURN,CLEAR,DRY,DAYLIGHT,NO CONTROLS,NONE DETECTED,Yes,NO APPARENT INJURY,UNKNOWN,MD,PASSENGER CAR,35,2005,HONDA,ODYSSEY
MCP33800023,240057147,MONTGOMERY,Injury Crash,11/29/2024 06:07:00 AM,Maryland (State) Route,UNIVERSITY BLVD W (WB/L),GEORGIA AVE,Angle,Clear,Dry,Dawn,Traffic Control Signal,"Unknown, Unknown",Yes,Possible Injury,Not Distracted,,Passenger Car,25,2013,TOYOTA,HIGHLANDER
DD56440043,250016940,ROCKVILLE,Injury Crash,04/18/2025 08:30:00 PM,Maryland (State) Route,ROCKVILLE PIKE,,Front to Rear,Clear,Dry,Dark - Lighted,No Controls,"Not Suspect of Alcohol Use, Not Suspect of Drug Use",No,No Apparent Injury,Not Distracted,MD,Sport Utility Vehicle,35,2023,HYUNDAI,KONA ELECTRIC
DD5508002C,16047150,Rockville Police Departme,Property Damage Crash,09/14/2016 03:34:00 PM,Municipality,DOVER RD,N HORNERS LA,SAME DIR REAR END,CLEAR,DRY,DAYLIGHT,STOP SIGN,NONE DETECTED,No,NO APPARENT INJURY,NOT DISTRACTED,MD,TRANSIT BUS,30,2005,NFLY,BUS
MCP2846003L,170536616,Montgomery County Police,Property Damage Crash,10/14/2017 12:04:00 PM,,,,OTHER,CLOUDY,,DAYLIGHT,NO CONTROLS,NONE DETECTED,No,NO APPARENT INJURY,NOT DISTRACTED,MD,PASSENGER CAR,5,2003,HONDA,CIVIC
MCP30710028,230002329,Montgomery County Police,Injury Crash,01/15/2023 02:07:00 AM,Maryland (State),DAMASCUS RD,LAYTONSVILLE RD,SINGLE VEHICLE,CLEAR,DRY,DARK LIGHTS ON,STOP SIGN,NONE DETECTED,Yes,NO APPARENT INJURY,LOOKED BUT DID NOT SEE,MD,PASSENGER CAR,30,2022,CHEVY,PICK UP
MCP2748000Y,180037543,Montgomery County Police,Property Damage Crash,07/30/2018 03:23:00 AM,County,ROCKING HORSE RD,MACON RD,OTHER,,DRY,DARK LIGHTS ON,,ALCOHOL PRESENT,Yes,NO APPARENT INJURY,OTHER DISTRACTION,MD,PASSENGER CAR,25,2008,HONDA,CIVIC
MCP15500050,240003928,MONTGOMERY,Property Damage Crash,01/25/2024 01:20:00 PM,Maryland (State) Route,EAST WEST HWY (WB/L),,Single Vehicle,Rain,Wet,Daylight,No Controls,"Not Suspect of Alcohol Use, Suspect of Drug Use",No,No Apparent Injury,Not Distracted,DC,Van - Passenger (&lt;9 Seats),35,2020,FORD,TRANSIT
EJ78540025,180037677,Gaithersburg Police Depar,Injury Crash,07/30/2018 08:59:00 AM,Maryland (State),MIDCOUNTY HWY,GOSHEN RD,STRAIGHT MOVEMENT ANGLE,,WET,DUSK,FLASHING TRAFFIC SIGNAL,NONE DETECTED,Unknown,SUSPECTED SERIOUS INJURY,NOT DISTRACTED,MD,PASSENGER CAR,50,2015,TOYT,TK
MCP2450005T,250022767,MONTGOMERY,Injury Crash,05/22/2025 06:17:00 PM,County Route,SHADY GROVE RD,TUPELO DR,Front to Rear,Clear,Dry,Daylight,Traffic Control Signal,"Not Suspect of Alcohol Use, Not Suspect of Drug Use",No,No Apparent Injury,Not Distracted,MD,Bus - Transit,40,2017,GILLIG,LOW FLOOR BUS
MCP1252001K,220053281,Montgomery County Police,Property Damage Crash,12-02-22 17:34,County,CRYSTAL ROCK DR,CENTURY BLVD,SAME DIRECTION RIGHT TURN,CLEAR,DRY,DARK LIGHTS ON,NO CONTROLS,NONE DETECTED,No,NO APPARENT INJURY,NOT DISTRACTED,MD,TRANSIT BUS,30,2009,GILLIG,TRANSIT
EJ7837007R,240002308,GAITHERSBURG,Property Damage Crash,01/15/2024 05:20:00 AM,Municipality Route,QUINCE ORCHARD BLVD (EB/L),,Single Vehicle,Snow,Snow,Dark - Lighted,Stop Sign,"Not Suspect of Alcohol Use, Not Suspect of Drug Use",Yes,No Apparent Injury,Not Distracted,MD,Passenger Car,30,2017,BMW,X5
MCP2298007V,16009622,Montgomery County Police,Injury Crash,02/26/2016 04:19:00 PM,Maryland (State),GERMANTOWN RD,MIDDLEBROOK RD,SAME DIR REAR END,CLEAR,DRY,DAYLIGHT,TRAFFIC SIGNAL,NONE DETECTED,Yes,NO APPARENT INJURY,LOOKED BUT DID NOT SEE,MD,PASSENGER CAR,45,2008,HONDA,ACCORD
MCP3335003X,250051738,MONTGOMERY,Property Damage Crash,11/18/2025 04:42:00 PM,Maryland (State) Route,UNIVERSITY BLVD E (WB/L),RAMP 1 FR MD 193 NB TO IS 495 WB,Single Vehicle,Clear,Dry,Daylight,"Other Pavement Marking (excluding edgelines, centerlines, or lane lines)","Not Suspect of Alcohol Use, Not Suspect of Drug Use",Yes,No Apparent Injury,Unknown,MD,Pickup,30,2020,TOYOTA,TUNDRA
MCP3029002J,190012250,Montgomery County Police,Property Damage Crash,03/16/2019 08:18:00 PM,Maryland (State),CHERRY HILL RD,PROSPERITY DR,SAME DIRECTION SIDESWIPE,CLEAR,DRY,DARK LIGHTS ON,TRAFFIC SIGNAL,NONE DETECTED,Yes,NO APPARENT INJURY,INATTENTIVE OR LOST IN THOUGHT,MD,PASSENGER CAR,40,2005,HONDA,4D
EJ78690031,190042447,Gaithersburg Police Depar,Property Damage Crash,09-04-19 21:04,Maryland (State),FREDERICK RD,LAKE FOREST BLVD,HEAD ON LEFT TURN,CLEAR,DRY,DARK LIGHTS ON,TRAFFIC SIGNAL,NONE DETECTED,Unknown,NO APPARENT INJURY,UNKNOWN,MD,PASSENGER CAR,35,2005,HOND,4S
MCP2201000L,16000845,Montgomery County Police,Property Damage Crash,01-05-16 19:11,Maryland (State),COLESVILLE RD,WAYNE AVE,OTHER,,DRY,DARK LIGHTS ON,TRAFFIC SIGNAL,NONE DETECTED,No,NO APPARENT INJURY,NOT DISTRACTED,MD,PASSENGER CAR,30,2003,MERZ,2D
MCP32070013,200030273,Montgomery County Police,Property Damage Crash,08-04-20 16:40,US (State),COLUMBIA PIKE,TECH RD,SAME DIRECTION SIDESWIPE,CLEAR,DRY,DAYLIGHT,,NONE DETECTED,No,NO APPARENT INJURY,NOT DISTRACTED,VA,PASSENGER CAR,50,2018,HYUANDI,SONATA
MCP229800J1,180019988,Montgomery County Police,Property Damage Crash,04/24/2018 08:00:00 AM,Maryland (State),WOODFIELD RD,ENT TO ROUTE 124 PLAZA,SAME DIRECTION SIDESWIPE,CLOUDY,DRY,DAYLIGHT,NO CONTROLS,NONE DETECTED,Yes,NO APPARENT INJURY,LOOKED BUT DID NOT SEE,MD,PASSENGER CAR,45,2003,TOYOTA,CAMRY
MCP12480003,210017309,Montgomery County Police,Property Damage Crash,05-09-21 14:00,County,WESTLAKE TERR,MOTOR CITY DR,HEAD ON LEFT TURN,CLEAR,DRY,DAYLIGHT,TRAFFIC SIGNAL,NONE DETECTED,Yes,NO APPARENT INJURY,NOT DISTRACTED,MD,(SPORT) UTILITY VEHICLE,25,2011,ACURA,MDX
MCP3262006P,260001255,MONTGOMERY,Property Damage Crash,01-08-26 21:00,Local Route,SHOP CTR CUT THRU CUT,,"Sideswipe, Same Direction",Clear,Dry,Dark - Lighted,No Controls,"Not Suspect of Alcohol Use, Not Suspect of Drug Use",Yes,No Apparent Injury,Unknown,MD,Van - Passenger (&lt;9 Seats),15,2016,FORD,TRANSIT
MCP2212004T,250031366,MONTGOMERY,Property Damage Crash,07/14/2025 02:01:00 PM,,,,Other,Clear,,Daylight,,"Not Suspect of Alcohol Use, Not Suspect of Drug Use",No,No Apparent Injury,Not Distracted,MD,Bus - School,0,2018,FREIGHTLINER,B2 BUS CHASSIS
EJ7818001L,200045294,Gaithersburg Police Depar,Property Damage Crash,11/16/2020 08:31:00 PM,,,,SAME DIRECTION SIDESWIPE,CLEAR,,DARK LIGHTS ON,,UNKNOWN,Yes,NO APPARENT INJURY,TALKING OR LISTENING TO CELLULAR PHONE,MD,PASSENGER CAR,15,2019,HONDA,HRV
MCP2330001L,180017910,Montgomery County Police,Injury Crash,04-12-18 18:16,,,,OTHER,CLEAR,,DAYLIGHT,NO CONTROLS,,Yes,NO APPARENT INJURY,TALKING OR LISTENING TO CELLULAR PHONE,,,15,0,UNKNOWN,UNKNOWN
MCP3160001T,190034826,Montgomery County Police,Property Damage Crash,07/22/2019 03:30:00 PM,Maryland (State),ROCKVILLE PIKE,BELLEVUE DR,SAME DIR REAR END,CLOUDY,DRY,DAYLIGHT,NO CONTROLS,NONE DETECTED,No,NO APPARENT INJURY,NOT DISTRACTED,FL,PASSENGER CAR,35,2012,HYUNDAI,ACCENT
MCP3217000X,200043980,Montgomery County Police,Property Damage Crash,11-07-20 17:07,Maryland (State),GREAT SENECA HWY,DAWSON FARM RD,SAME DIRECTION SIDESWIPE,CLEAR,DRY,DUSK,TRAFFIC SIGNAL,NONE DETECTED,Yes,NO APPARENT INJURY,LOOKED BUT DID NOT SEE,MD,PASSENGER CAR,50,2001,CHEVY,VN
MCP33170042,250051581,MONTGOMERY,Injury Crash,11/17/2025 06:45:00 PM,County Route,,,Angle,Clear,Dry,Dark - Lighted,No Controls,"Not Suspect of Alcohol Use, Not Suspect of Drug Use",No,No Apparent Injury,Not Distracted,MD,Passenger Car,25,2004,TOYOTA,CAMRY
MCP2750002W,170519144,Montgomery County Police,Injury Crash,07/14/2017 07:00:00 PM,County,VALLEYWOOD DR,HENDERSON AVE,STRAIGHT MOVEMENT ANGLE,RAINING,WET,DAYLIGHT,NO CONTROLS,NONE DETECTED,No,NO APPARENT INJURY,NOT DISTRACTED,MD,PASSENGER CAR,25,2005,FORD,EXPLORER
MCP30640038,200036612,Montgomery County Police,Property Damage Crash,09/18/2020 01:30:00 PM,Maryland (State),GEORGIA AVE,BLUERIDGE AVE,SAME DIRECTION RIGHT TURN,CLEAR,DRY,DAYLIGHT,TRAFFIC SIGNAL,NONE DETECTED,Unknown,NO APPARENT INJURY,LOOKED BUT DID NOT SEE,MD,PASSENGER CAR,25,2014,DODGE,RAM
MCP3412001P,250011445,MONTGOMERY,Property Damage Crash,03/15/2025 11:17:00 PM,County Route,,CONNECTICUT AVE,Angle,Clear,Dry,Dark - Lighted,Traffic Control Signal,"Not Suspect of Alcohol Use, Not Suspect of Drug Use",No,No Apparent Injury,Not Distracted,MD,Passenger Car,35,2003,LEXUS,GX
MCP3269004F,250051449,MONTGOMERY,Property Damage Crash,11/17/2025 05:46:00 AM,Maryland (State) Route,NEW HAMPSHIRE AVE (SB/L),,Front to Front,Clear,Dry,Dark - Lighted,No Controls,"Not Suspect of Alcohol Use, Not Suspect of Drug Use",No,No Apparent Injury,Not Distracted,MD,Passenger Car,35,2016,HONDA,HR-V
MCP3232006M,250018893,MONTGOMERY,Property Damage Crash,04/30/2025 02:53:00 PM,County Route,NORWOOD RD,LLEWELLYN MANOR DR LLEWELLYN MANOR DR (EB/L),Single Vehicle,Clear,Dry,Daylight,No Controls,"Not Suspect of Alcohol Use, Not Suspect of Drug Use",Yes,No Apparent Injury,Not Distracted,MD,Passenger Car,25,2014,HONDA,ACCORD
MCP30080018,170540139,Montgomery County Police,Injury Crash,11-01-17 5:36,County,FAIRLAND RD,OLD COLUMBIA PIKE,STRAIGHT MOVEMENT ANGLE,CLEAR,DRY,DARK LIGHTS ON,TRAFFIC SIGNAL,NONE DETECTED,No,NO APPARENT INJURY,UNKNOWN,DE,PICKUP TRUCK,35,2011,FORD,F150
MCP24660037,200000279,Montgomery County Police,Property Damage Crash,01-02-20 17:35,Maryland (State),LAYHILL RD,QUEENSGUARD RD,STRAIGHT MOVEMENT ANGLE,CLEAR,DRY,DARK LIGHTS ON,STOP SIGN,NONE DETECTED,Yes,NO APPARENT INJURY,UNKNOWN,MD,PASSENGER CAR,45,2007,TOYT,COROLLA 4S
MCP2760003J,230020838,Montgomery County Police,Property Damage Crash,02/25/2023 06:30:00 PM,County,GOSHEN RD,ROTHBURY DR,SAME DIR REAR END,CLEAR,DRY,DUSK,TRAFFIC SIGNAL,,Yes,NO APPARENT INJURY,UNKNOWN,MD,PASSENGER CAR,35,2010,NISSAN,SEDAN
MCP33470021,240015542,MONTGOMERY,Property Damage Crash,04-04-24 15:08,Maryland (State) Route,,BATTERY LA,"Sideswipe, Same Direction",Clear,Dry,Daylight,Traffic Control Signal,"Unknown, Unknown",Yes,No Apparent Injury,Unknown,US,Passenger Car,30,2013,BMW,528E
MCP2904002H,16048366,Montgomery County Police,Injury Crash,09/20/2016 05:01:00 PM,Maryland (State),NEW HAMPSHIRE AVE,OVERLOOK DR,SAME DIR REAR END,CLEAR,DRY,DAYLIGHT,NO CONTROLS,NONE DETECTED,Yes,POSSIBLE INJURY,OTHER DISTRACTION,MD,PASSENGER CAR,40,2006,TOYOTA,COROLLA
MCP3359000Y,240028996,MONTGOMERY,Property Damage Crash,06/18/2024 01:00:00 PM,,,,"Sideswipe, Opposite Direction",Clear,,Daylight,,"Unknown, Unknown",No,,,,Passenger Car,0,2018,DODGE,CARAVAN/GRAND CARAVAN
MCP27630042,220044010,Montgomery County Police,Property Damage Crash,10-08-22 14:35,County,WATKINS MILL RD,APPLE RIDGE RD,SAME DIR REAR END,CLEAR,DRY,DAYLIGHT,NO CONTROLS,NONE DETECTED,No,NO APPARENT INJURY,NOT DISTRACTED,MD,PASSENGER CAR,35,2004,LEXUS,RX330
MCP2613000Y,16036056,Montgomery County Police,Injury Crash,07/16/2016 01:36:00 PM,Maryland (State),MONTGOMERY VILLAGE AVE,RUSSELL AVE,SAME DIRECTION SIDESWIPE,CLEAR,DRY,DAYLIGHT,TRAFFIC SIGNAL,,No,SUSPECTED MINOR INJURY,NOT DISTRACTED,MD,PASSENGER CAR,35,2013,HONDA,CIVIC
MCP33080020,230026896,Montgomery County Police,Property Damage Crash,06-05-23 2:00,Maryland (State),CONNECTICUT AVE,RANDOLPH RD,SAME DIR REAR END,CLEAR,DRY,DARK LIGHTS ON,TRAFFIC SIGNAL,,Yes,NO APPARENT INJURY,OTHER DISTRACTION,MD,PASSENGER CAR,35,2015,TOYOTA,COROLLA
MCP2763004Z,250013632,MONTGOMERY,Property Damage Crash,03/28/2025 08:38:00 PM,Maryland (State) Route,FREDERICK RD,,Single Vehicle,Clear,Dry,Dark - Lighted,No Controls,"Unknown, Unknown",No,,,,Passenger Car,40,2016,INFINITI,Q40
MCP3045001F,180023512,Montgomery County Police,Injury Crash,05/13/2018 10:52:00 AM,Maryland (State),UNIVERSITY BLVD W,HOBSON ST,STRAIGHT MOVEMENT ANGLE,RAINING,WET,DAYLIGHT,,NONE DETECTED,No,SUSPECTED MINOR INJURY,NOT DISTRACTED,MD,PASSENGER CAR,40,2012,NISSAN,ALTIMA
MCP2637001V,170531892,Montgomery County Police,Injury Crash,09/21/2017 09:14:00 AM,County,SHADY GROVE RD,RAMP 1 FR IS 270 NB TO SHADY GROVE RD WB,STRAIGHT MOVEMENT ANGLE,,DRY,DAYLIGHT,TRAFFIC SIGNAL,NONE DETECTED,No,POSSIBLE INJURY,NOT DISTRACTED,MD,PASSENGER CAR,35,2011,TOYT,4S
MCP3233003V,230006701,Montgomery County Police,Injury Crash,02-09-23 18:37,US (State),COLESVILLE RD,TIMBERWOOD AVE,HEAD ON LEFT TURN,CLEAR,DRY,DARK LIGHTS ON,NO CONTROLS,ALCOHOL PRESENT,Yes,NO APPARENT INJURY,OTHER DISTRACTION,MD,PASSENGER CAR,40,1999,INFINITI,QX4
MCP27600037,230009524,Montgomery County Police,Property Damage Crash,02/25/2023 04:54:00 PM,Municipality,RUSSELL AVE,LAKE FOREST BLVD,HEAD ON LEFT TURN,RAINING,WET,DAYLIGHT,TRAFFIC SIGNAL,,No,NO APPARENT INJURY,NOT DISTRACTED,VA,PASSENGER CAR,30,2013,CHEV,4S
MCP3118003G,210030560,Montgomery County Police,Property Damage Crash,08-06-21 14:20,Maryland (State),GEORGIA AVE,HATHAWAY DR,STRAIGHT MOVEMENT ANGLE,CLEAR,DRY,DAYLIGHT,TRAFFIC SIGNAL,NONE DETECTED,No,NO APPARENT INJURY,NOT DISTRACTED,MD,PASSENGER CAR,25,2009,ACUR,4S
EJ78510053,190053154,Gaithersburg Police Depar,Injury Crash,11-04-19 18:20,Maryland (State),S FREDERICK RD,PEONY DR,SAME DIR REAR END,CLEAR,DRY,DARK LIGHTS ON,TRAFFIC SIGNAL,NONE DETECTED,No,NO APPARENT INJURY,NOT DISTRACTED,MD,PASSENGER CAR,30,2019,FORD,TRANSIT
MCP9301002X,190042483,Montgomery County Police,Injury Crash,09-05-19 7:30,Maryland (State),S FREDERICK RD,W DEER PARK RD,HEAD ON LEFT TURN,,,DAYLIGHT,TRAFFIC SIGNAL,,No,NO APPARENT INJURY,NOT DISTRACTED,MD,PASSENGER CAR,35,2017,FORD,VN
MCP2541000B,15046835,MONTGOMERY,Property Damage Crash,09/16/2015 08:04:00 AM,Maryland (State),GEORGIA AVE,VEIRS MILL RD,SAME DIR REAR END,CLEAR,DRY,DAYLIGHT,NO CONTROLS,,Yes,NO APPARENT INJURY,UNKNOWN,MD,PASSENGER CAR,35,2006,ACURA,TSX
DD5657000P,230023777,Rockville Police Departme,Injury Crash,05/17/2023 10:33:00 PM,Municipality,W GUDE DR,RESEARCH BLVD,OTHER,CLEAR,DRY,DARK -- UNKNOWN LIGHTING,NO CONTROLS,NONE DETECTED,No,NO APPARENT INJURY,LOOKED BUT DID NOT SEE,MD,PASSENGER CAR,40,2022,TOYOTA,UT
MCP24750051,200014914,Montgomery County Police,Injury Crash,04-03-20 16:48,Maryland (State),NEW HAMPSHIRE AVE,CAPITAL BELTWAY,SAME DIR REAR END,,DRY,DAYLIGHT,OTHER,NONE DETECTED,Yes,NO APPARENT INJURY,NOT DISTRACTED,MD,PASSENGER CAR,40,2000,VOLK,4S
MCP3423001N,250018277,MONTGOMERY,Injury Crash,04/27/2025 10:37:00 AM,County Route,TECH RD,,Angle,Clear,Dry,Daylight,No Controls,"Not Suspect of Alcohol Use, Not Suspect of Drug Use",Yes,Suspected Serious Injury,Not Distracted,MD,Passenger Car,25,2002,TOYOTA,CAMRY
MCP33790018,240050957,MONTGOMERY,Property Damage Crash,10/24/2024 04:05:00 PM,,,,"Sideswipe, Same Direction",Clear,,Daylight,,"Not Suspect of Alcohol Use, Not Suspect of Drug Use",Yes,No Apparent Injury,Not Distracted,MD,Bus - School,0,2024,FREIGHTLINER,B2 106 ELECTRIC CONVENTIONAL CHASSIS
EJ7852004S,210028976,Gaithersburg Police Depar,Property Damage Crash,07/26/2021 06:00:00 PM,Maryland (State),QUINCE ORCHARD RD,QUINCE ORCHARD BLVD,SAME DIR REAR END,,DRY,DAYLIGHT,TRAFFIC SIGNAL,NONE DETECTED,No,NO APPARENT INJURY,NOT DISTRACTED,MD,PASSENGER CAR,35,2012,NISSAN,XTERRA
MCP32670009,200034900,Montgomery County Police,Property Damage Crash,09-06-20 10:30,Maryland (State),FREDERICK RD,INDIANOLA DR,STRAIGHT MOVEMENT ANGLE,CLEAR,DRY,DAYLIGHT,TRAFFIC SIGNAL,NONE DETECTED,Yes,NO APPARENT INJURY,NOT DISTRACTED,MD,PASSENGER CAR,35,2006,HONDA,CIVIC
MCP2870000Q,15011942,Montgomery County Police,Property Damage Crash,03/15/2015 02:57:00 PM,Interstate (State),CAPITAL BELTWAY,NEW HAMPSHIRE AVE,SAME DIR REAR END,CLEAR,DRY,DAYLIGHT,NO CONTROLS,,No,NO APPARENT INJURY,NOT DISTRACTED,MD,PASSENGER CAR,55,2012,INFI,4S
MCP2399000Y,16040231,Montgomery County Police,Property Damage Crash,08-06-16 0:00,County,CENTERWAY RD,BLUE HERON LA,OTHER,CLEAR,DRY,DARK NO LIGHTS,NO CONTROLS,UNKNOWN,Yes,NO APPARENT INJURY,UNKNOWN,,PASSENGER CAR,35,2006,HONDA,ACCORD
DD5575000R,15064149,ROCKVILLE,Property Damage Crash,12/15/2015 10:00:00 PM,Municipality,LEWIS AVE,HALPINE RD,SINGLE VEHICLE,CLEAR,DRY,DARK LIGHTS ON,NO CONTROLS,NONE DETECTED,Yes,NO APPARENT INJURY,BY MOVING OBJECT IN VEHICLE,MD,PASSENGER CAR,25,2005,HONDA,ACCORD
MCP28940046,170541111,Montgomery County Police,Property Damage Crash,11-05-17 15:15,Other Public Roadway,MONTROSE PKWY,MONTROSE RD,SAME DIR REAR END,RAINING,WET,DARK LIGHTS ON,NO CONTROLS,NONE DETECTED,No,NO APPARENT INJURY,NOT DISTRACTED,MD,PASSENGER CAR,35,2014,ACURA,SUV
MCP2936005W,230011655,Montgomery County Police,Property Damage Crash,03-09-23 18:45,County,DEMOCRACY BLVD,SEVEN LOCKS RD,HEAD ON LEFT TURN,CLEAR,DRY,DUSK,TRAFFIC SIGNAL,NONE DETECTED,No,NO APPARENT INJURY,NOT DISTRACTED,MD,(SPORT) UTILITY VEHICLE,35,2015,JEEP,WRANGLER
MCP27100013,16030045,Montgomery County Police,Injury Crash,06/14/2016 03:35:00 PM,County,INDUSTRIAL DR,GAITHER RD,SAME DIRECTION LEFT TURN,CLEAR,DRY,DAYLIGHT,,NONE DETECTED,No,SUSPECTED MINOR INJURY,NOT DISTRACTED,MD,PASSENGER CAR,25,2003,NISSAN,4S
MCP3290001V,230003065,Montgomery County Police,Property Damage Crash,01/19/2023 01:37:00 PM,Maryland (State),16TH ST,WASH DC LINE,SAME DIR REAR END,CLOUDY,DRY,DAYLIGHT,TRAFFIC SIGNAL,NONE DETECTED,No,NO APPARENT INJURY,NOT DISTRACTED,MD,"CARGO VAN/LIGHT TRUCK 2 AXLES (OVER 10,000LBS (4,536 KG))",0,2011,NISSAN,TRUCK
MCP3084003F,190059472,Montgomery County Police,Injury Crash,12-10-19 10:54,County,DEMOCRACY BLVD,ROCKLEDGE DR,HEAD ON LEFT TURN,RAINING,WET,DAYLIGHT,TRAFFIC SIGNAL,NONE DETECTED,No,NO APPARENT INJURY,NOT DISTRACTED,MD,PASSENGER CAR,35,2016,MAZDA,CX9
MCP1213002P,170517285,Montgomery County Police,Injury Crash,07-04-17 17:30,County,RANDOLPH RD,GLENALLAN AVE,SAME DIR REAR END,RAINING,WET,DAYLIGHT,TRAFFIC SIGNAL,NONE DETECTED,Yes,NO APPARENT INJURY,NOT DISTRACTED,MD,PASSENGER CAR,40,2003,HONDA,CIVIC
MCP3339005V,250053565,MONTGOMERY,Property Damage Crash,11/30/2025 02:13:00 PM,County Route,ROBINDALE DR,VEIRS MILL RD,Front to Rear,Cloudy,Wet,Daylight,Traffic Control Signal,"Not Suspect of Alcohol Use, Not Suspect of Drug Use",No,No Apparent Injury,Not Distracted,MD,Passenger Car,35,2015,CHRYSLER,200
MCP229800GJ,170542789,Montgomery County Police,Property Damage Crash,11/14/2017 05:09:00 PM,County,SENECA MEADOWS PKWY,GERMANTOWN RD,SAME DIR REAR END,CLOUDY,DRY,DARK LIGHTS ON,TRAFFIC SIGNAL,NONE DETECTED,No,NO APPARENT INJURY,NOT DISTRACTED,VA,PASSENGER CAR,30,2011,TOYOTA,AVALON
MCP29950039,180018082,Montgomery County Police,Injury Crash,04/13/2018 04:28:00 PM,Maryland (State),GEORGIA AVE,CONNECTICUT AVE,STRAIGHT MOVEMENT ANGLE,CLEAR,DRY,DAYLIGHT,NO CONTROLS,NONE DETECTED,No,NO APPARENT INJURY,NOT DISTRACTED,MD,PASSENGER CAR,45,2005,HONDA,ELEMENT
MCP3222001H,220012255,Montgomery County Police,Injury Crash,03/21/2022 08:57:00 PM,Maryland (State),OLD GEORGETOWN RD,RAMP 6 FR IS 495 EB TO MD 187 SB,HEAD ON LEFT TURN,CLEAR,DRY,DARK LIGHTS ON,TRAFFIC SIGNAL,NONE DETECTED,Yes,POSSIBLE INJURY,UNKNOWN,MD,PASSENGER CAR,35,2013,MERCEDES,C
MCP29760030,180036079,Montgomery County Police,Injury Crash,07/21/2018 01:37:00 AM,,,,STRAIGHT MOVEMENT ANGLE,CLEAR,,DARK LIGHTS ON,,NONE DETECTED,Yes,NO APPARENT INJURY,LOOKED BUT DID NOT SEE,MD,PASSENGER CAR,0,2018,ACURA,MDX
MCP3109007S,230008248,Montgomery County Police,Injury Crash,02/18/2023 12:45:00 PM,Maryland (State),UNIVERSITY BLVD W,DIRECTIONAL CROSSOVER,SAME DIR REAR END,CLEAR,DRY,DAYLIGHT,TRAFFIC SIGNAL,NONE DETECTED,No,POSSIBLE INJURY,NOT DISTRACTED,MD,PASSENGER CAR,35,2012,HOND,PILOT
MCP26710045,250006241,MONTGOMERY,Property Damage Crash,02-11-25 15:30,US (State),GEORGIA AVE,,"Sideswipe, Same Direction",Blowing Snow,Snow,Daylight,Traffic Control Signal,"Unknown, Unknown",No,,,,,35,0,,
MCP2867001N,15053157,MONTGOMERY,Property Damage Crash,10/20/2015 08:43:00 AM,Maryland (State),NEW HAMPSHIRE AVE,FOX ST,STRAIGHT MOVEMENT ANGLE,CLEAR,DRY,DAYLIGHT,,NONE DETECTED,No,NO APPARENT INJURY,NOT DISTRACTED,MD,PASSENGER CAR,40,2004,TOYT,COROLLA
MCP2708006F,200012260,Montgomery County Police,Injury Crash,03-12-20 18:09,US (State),COLESVILLE RD,LANARK WAY,STRAIGHT MOVEMENT ANGLE,CLOUDY,DRY,DAYLIGHT,TRAFFIC SIGNAL,NONE DETECTED,Yes,POSSIBLE INJURY,NOT DISTRACTED,MD,(SPORT) UTILITY VEHICLE,35,2005,HONDA,CRV
MCP3154001W,200030673,Montgomery County Police,Injury Crash,08-07-20 12:49,,BROADWAY AVE,WELLSPRING AVE,STRAIGHT MOVEMENT ANGLE,CLEAR,DRY,DAYLIGHT,STOP SIGN,NONE DETECTED,No,POSSIBLE INJURY,NOT DISTRACTED,MD,(SPORT) UTILITY VEHICLE,25,2018,SUBARU,OUTBACK