Report Number,Local Case Number,Agency Name,ACRS Report Type,Crash Date/Time,Route Type,Road Name,Cross-Street Name,Collision Type,Weather,Surface Condition,Light,Traffic Control,Driver Substance Abuse,Driver At Fault,Injury Severity,Driver Distracted By,Drivers License State,Vehicle Body Type,Speed Limit,Vehicle Year,Vehicle Make,Vehicle Model
MCP2906000X,17507298,Montgomery County Police,Property Damage Crash,05-11-17 21:07,Municipality,VICTORY FARM DR,GIRARD ST,OTHER,RAINING,WET,DARK LIGHTS ON,,NONE DETECTED,Yes,NO APPARENT INJURY,NOT DISTRACTED,MD,PASSENGER CAR,25,2014,MAZDA,4D
DM8434001P,190005950,Takoma Park Police Depart,Injury Crash,02-06-19 17:50,Municipality,PHILADELPHIA AVE,CEDAR AVE,SINGLE VEHICLE,RAINING,WET,DARK LIGHTS ON,,NONE DETECTED,No,NO APPARENT INJURY,LOOKED BUT DID NOT SEE,MD,PASSENGER CAR,25,2015,HONDA,CIVIC
MCP1205007H,210046325,Montgomery County Police,Injury Crash,11/15/2021 01:53:00 PM,Maryland (State),ROCKVILLE PIKE,GROSVENOR LA,STRAIGHT MOVEMENT ANGLE,CLEAR,DRY,DAYLIGHT,TRAFFIC SIGNAL,NONE DETECTED,No,SUSPECTED SERIOUS INJURY,NOT DISTRACTED,MD,PASSENGER CAR,35,2000,BUICK,4 DOOR
MCP3057002M,200031049,Montgomery County Police,Property Damage Crash,08-10-20 11:30,,,,STRAIGHT MOVEMENT ANGLE,CLEAR,,DAYLIGHT,,,No,NO APPARENT INJURY,NOT DISTRACTED,MD,PASSENGER CAR,0,2018,HONDA,HRV
MCP2209001W,170545497,Montgomery County Police,Injury Crash,11/29/2017 12:38:00 AM,Maryland (State),MONTROSE PKWY,ROCKVILLE PIKE,SINGLE VEHICLE,,DRY,DARK LIGHTS ON,TRAFFIC SIGNAL,NONE DETECTED,Yes,POSSIBLE INJURY,NOT DISTRACTED,MD,PASSENGER CAR,35,2006,CHEV,MALIBU
MCP3069004V,210011748,Montgomery County Police,Property Damage Crash,03/29/2021 04:30:00 PM,,,,SAME DIR REAR END,CLEAR,,DAYLIGHT,NO CONTROLS,NONE DETECTED,No,NO APPARENT INJURY,NOT DISTRACTED,PA,PASSENGER CAR,35,2015,BMW,435I
MCP229800HK,180007411,Montgomery County Police,Property Damage Crash,02-12-18 18:35,,LITTLE SENCEA PWK,NEWCUT ROAD,STRAIGHT MOVEMENT ANGLE,CLEAR,DRY,DARK LIGHTS ON,FLASHING TRAFFIC SIGNAL,NONE DETECTED,No,NO APPARENT INJURY,NOT DISTRACTED,MD,PASSENGER CAR,40,2006,TOYT,4S
MCP1389001D,170535540,Montgomery County Police,Property Damage Crash,10-08-17 19:15,,,,STRAIGHT MOVEMENT ANGLE,RAINING,,DUSK,,UNKNOWN,Yes,NO APPARENT INJURY,UNKNOWN,,(SPORT) UTILITY VEHICLE,15,2009,BMW,X5
MCP3446000W,250052401,MONTGOMERY,Property Damage Crash,11/22/2025 09:30:00 AM,Maryland (State) Route,UNIVERSITY BLVD W,,Front to Rear,Cloudy,Dry,Daylight,Flashing Traffic Control Signal,"Not Suspect of Alcohol Use, Not Suspect of Drug Use",Yes,No Apparent Injury,Not Distracted,,Passenger Car,35,2007,MITSUBISHI,GALANT
MCP2107000D,15013901,Montgomery County Police,Injury Crash,03/26/2015 09:17:00 AM,Maryland (State),NEW HAMPSHIRE AVE,NORA DR,STRAIGHT MOVEMENT ANGLE,,DRY,DAYLIGHT,OTHER,NONE DETECTED,No,NO APPARENT INJURY,NOT DISTRACTED,MD,TRANSIT BUS,40,2008,NWFL,BUS
MCP102200B5,180060538,Montgomery County Police,Injury Crash,12-04-18 6:24,Maryland (State),RIDGE RD,BLOOM DR,SAME DIR REAR END,CLEAR,DRY,DARK NO LIGHTS,NO CONTROLS,NONE DETECTED,No,SUSPECTED SERIOUS INJURY,NOT DISTRACTED,MD,PASSENGER CAR,40,2000,HONDA,ACCORD
MCP21910020,170545142,Montgomery County Police,Injury Crash,11/27/2017 12:30:00 PM,Maryland (State),ROCKVILLE PIKE,NICHOLSON LA,SAME DIR REAR END,,DRY,DAYLIGHT,NO CONTROLS,NONE DETECTED,Yes,NO APPARENT INJURY,LOOKED BUT DID NOT SEE,MD,PASSENGER CAR,40,2000,TOYT,SIENNA VAN
MCP2686000M,15016116,Montgomery County Police,Injury Crash,04-07-15 18:53,County,WISTERIA DR,GERMANTOWN RD,SAME DIRECTION SIDESWIPE,RAINING,WET,DUSK,NO CONTROLS,,No,NO APPARENT INJURY,NOT DISTRACTED,MD,PASSENGER CAR,30,2006,HONDA,CIVIC
MCP285900GD,240015496,MONTGOMERY,Property Damage Crash,04-03-24 9:45,County Route,,,"Sideswipe, Same Direction",Rain,Wet,Daylight,No Controls,"Not Suspect of Alcohol Use, Not Suspect of Drug Use",Yes,No Apparent Injury,Unknown,MD,Passenger Car,35,2016,HONDA,ACCORD
MCP2622005F,250054991,MONTGOMERY,Injury Crash,12-09-25 9:28,Maryland (State) Route,SANDY SPRING RD,RAMP 1 FR RAMP 4 (FR US 29) TO MD 198 WB,Rear To Side,Clear,Dry,Daylight,Traffic Control Signal,"Not Suspect of Alcohol Use, Not Suspect of Drug Use",Yes,Possible Injury,Unknown,MD,Sport Utility Vehicle,45,2015,FORD,EDGE
MCP209400HM,210026802,Montgomery County Police,Property Damage Crash,07-12-21 13:11,Maryland (State),GOLDSBORO RD,RADNOR RD,SAME DIR REAR END,CLEAR,DRY,DAYLIGHT,FLASHING TRAFFIC SIGNAL,NONE DETECTED,Yes,NO APPARENT INJURY,UNKNOWN,MD,"CARGO VAN/LIGHT TRUCK 2 AXLES (OVER 10,000LBS (4,536 KG))",30,2015,ISU,TK
MCP1433003T,220000832,Montgomery County Police,Property Damage Crash,01-07-22 19:40,Maryland (State),ROCKVILLE PIKE,TWINBROOK PKWY,HEAD ON LEFT TURN,CLEAR,DRY,DARK LIGHTS ON,TRAFFIC SIGNAL,NONE DETECTED,Yes,NO APPARENT INJURY,LOOKED BUT DID NOT SEE,MD,VAN,35,2016,DODG,GRAND CARAVAN
MCP2623002D,16033438,Montgomery County Police,Property Damage Crash,07-01-16 23:23,Maryland (State),GEORGIA AVE,FOREST GLEN RD,STRAIGHT MOVEMENT ANGLE,CLEAR,WET,DARK LIGHTS ON,TRAFFIC SIGNAL,NONE DETECTED,No,NO APPARENT INJURY,NOT DISTRACTED,MD,PASSENGER CAR,20,2016,HYUNDAI,SONATA
MCP9424001S,180043551,Montgomery County Police,Injury Crash,08/31/2018 10:02:00 PM,County,HAWKINS CREAMERY RD,STRUC #M0227 GREAT SENECA CREEK,SINGLE VEHICLE,RAINING,WET,DARK NO LIGHTS,,NONE DETECTED,Yes,SUSPECTED MINOR INJURY,NOT DISTRACTED,MD,(SPORT) UTILITY VEHICLE,40,1999,FORD,EXPLORER
MCP2738003T,210024071,Montgomery County Police,Property Damage Crash,06/13/2021 04:00:00 PM,County,VENICE DR,BUCKLEY DR,SINGLE VEHICLE,,DRY,DAYLIGHT,NO CONTROLS,NONE DETECTED,Yes,NO APPARENT INJURY,NOT DISTRACTED,MD,POLICE VEHICLE/NON EMERGENCY,25,2014,DODGE,CHARGER
MCP2353002Y,16050718,Montgomery County Police,Property Damage Crash,10-03-16 9:17,Maryland (State),RIVER RD,HARRINGTON DR,SAME DIR REAR END,CLEAR,DRY,DAYLIGHT,NO CONTROLS,,No,NO APPARENT INJURY,NOT DISTRACTED,VA,"OTHER LIGHT TRUCKS (10,000LBS (4,536KG) OR LESS)",35,2005,MITSUBIHSI,TK
MCP3079002C,190025844,Montgomery County Police,Property Damage Crash,05/30/2019 06:17:00 PM,Maryland (State),GREAT SENECA HWY,WISTERIA DR,SAME DIR REAR END,CLEAR,DRY,DAYLIGHT,TRAFFIC SIGNAL,NONE DETECTED,Yes,NO APPARENT INJURY,DIALING CELLULAR PHONE,MD,PASSENGER CAR,50,2010,SUBARU,FORESTER
MCP2832009G,240028085,MONTGOMERY,Property Damage Crash,06/13/2024 08:19:00 AM,Maryland (State) Route,WISCONSIN AVE (SB/L),STANFORD ST,"Sideswipe, Same Direction",Clear,Dry,Daylight,Traffic Control Signal,"Not Suspect of Alcohol Use, Not Suspect of Drug Use",No,No Apparent Injury,Not Distracted,MD,Passenger Car,25,2018,ACURA,TLX
MCP3094005G,240059964,MONTGOMERY,Property Damage Crash,12/15/2024 07:18:00 PM,Maryland (State) Route,MUNCASTER MILL RD,SNOUFFERS SCHOOL RD WOODFIELD RD (SB/L),Front to Front,Rain,Wet,Dark - Lighted,Traffic Control Signal,"Not Suspect of Alcohol Use, Not Suspect of Drug Use",No,No Apparent Injury,Not Distracted,MD,Sport Utility Vehicle,40,2010,TOYOTA,HIGHLANDER
MCP3253000R,210003805,Montgomery County Police,Property Damage Crash,01/29/2021 11:45:00 AM,County,SNOUFFERS SCHOOL RD,GOSHEN RD,STRAIGHT MOVEMENT ANGLE,CLEAR,DRY,DARK NO LIGHTS,NO CONTROLS,NONE DETECTED,Yes,NO APPARENT INJURY,LOOKED BUT DID NOT SEE,MD,PICKUP TRUCK,25,2017,CHEV,COLORADO
DM8447000L,15037878,TAKOMA,Property Damage Crash,07/31/2015 09:36:00 AM,Maryland (State),NEW HAMPSHIRE AVE,KIRKLYNN AVE,SAME DIR REAR END,CLEAR,DRY,DAYLIGHT,NO CONTROLS,UNKNOWN,Yes,NO APPARENT INJURY,UNKNOWN,US,(SPORT) UTILITY VEHICLE,35,1997,NISS,PATHFINDER
MCP30910040,230025445,Montgomery County Police,Injury Crash,05/27/2023 09:44:00 AM,County,CRABBS BRANCH WAY,INDIANOLA DR,SAME DIRECTION RIGHT TURN,CLEAR,DRY,DAYLIGHT,TRAFFIC SIGNAL,,Yes,NO APPARENT INJURY,UNKNOWN,MD,PASSENGER CAR,35,2021,KIA,SPORTAGE
MCP2723006L,220038358,Montgomery County Police,Injury Crash,09-04-22 14:55,,NORBECK BLVD,N LEISURE WORLD BLVD,STRAIGHT MOVEMENT ANGLE,CLEAR,DRY,DAYLIGHT,STOP SIGN,NONE DETECTED,Yes,NO APPARENT INJURY,LOOKED BUT DID NOT SEE,MD,PASSENGER CAR,25,2021,LEXUS,RX350
MCP32320036,220049587,Montgomery County Police,Injury Crash,11-09-22 21:24,Maryland (State),NEW HAMPSHIRE AVE,MIDLAND RD,STRAIGHT MOVEMENT ANGLE,CLEAR,DRY,DARK LIGHTS ON,TRAFFIC SIGNAL,NONE DETECTED,Yes,NO APPARENT INJURY,NOT DISTRACTED,MD,PASSENGER CAR,40,2016,TOYOTA,RAV4
MCP2798003L,170527596,Montgomery County Police,Property Damage Crash,08/29/2017 05:00:00 PM,County,OLD COLUMBIA PIKE,RUXTON RD,SINGLE VEHICLE,RAINING,WET,DAYLIGHT,NO CONTROLS,NONE DETECTED,Yes,NO APPARENT INJURY,NOT DISTRACTED,MD,PASSENGER CAR,40,2003,LEXS,4S
MCP3165002P,210015303,Montgomery County Police,Injury Crash,04/24/2021 03:03:00 PM,Maryland (State),SANDY SPRING RD,RAMP 6 FR MD 198 EB TO US 29 SB,SAME DIR REAR END,CLEAR,DRY,DAYLIGHT,TRAFFIC SIGNAL,NONE DETECTED,No,NO APPARENT INJURY,NOT DISTRACTED,MD,PASSENGER CAR,40,2007,LEXS,4S
MCP2504000H,15005341,Montgomery County Police,Injury Crash,02-02-15 17:14,County,BELLS MILL RD,FALLS RD,SAME DIR REAR END,SEVERE WINDS,DRY,DAYLIGHT,TRAFFIC SIGNAL,NONE DETECTED,Yes,NO APPARENT INJURY,NOT DISTRACTED,MD,PASSENGER CAR,30,2006,MAZDA,3
MCP2513003P,240014218,MONTGOMERY,Property Damage Crash,03/26/2024 04:33:00 AM,County Route,RIDING STABLE RD,,Single Vehicle,Clear,Dry,Dark - Not Lighted,No Controls,"Unknown, Unknown",No,,,,Sport Utility Vehicle,25,2020,HYUNDAI,PALISADE
MCP30390055,210001767,Montgomery County Police,Property Damage Crash,01/19/2021 04:00:00 PM,Maryland (State),EAST WEST HWY,COLESVILLE RD,SAME DIR REAR END,CLEAR,DRY,DAYLIGHT,TRAFFIC SIGNAL,UNKNOWN,No,NO APPARENT INJURY,UNKNOWN,,UNKNOWN,30,0,UNKNOWN,UNKNOWN
MCP24460063,220053984,Montgomery County Police,Injury Crash,12-07-22 6:49,Maryland (State),WOODFIELD RD,GLENDALOUGH RD,STRAIGHT MOVEMENT ANGLE,FOGGY,WET,DAWN,NO CONTROLS,NONE DETECTED,No,NO APPARENT INJURY,LOOKED BUT DID NOT SEE,MD,OTHER,50,2000,INTERNATIONAL,490
MCP27220051,230071931,Montgomery County Police,Property Damage Crash,12/15/2023 03:55:00 PM,Maryland (State),VEIRS MILL RD,ENT TO STONEY MILL SQUARE,SAME DIRECTION SIDESWIPE,CLEAR,DRY,DAYLIGHT,NO CONTROLS,NONE DETECTED,Yes,NO APPARENT INJURY,NOT DISTRACTED,DC,PASSENGER CAR,15,2014,HONDA,ACCORD
MCP3392000G,240005674,MONTGOMERY,Injury Crash,02-06-24 6:50,County Route,NORVALE RD,LAYHILL RD,Front to Rear,Clear,Dry,Dawn,Traffic Control Signal,"Not Suspect of Alcohol Use, Not Suspect of Drug Use",No,No Apparent Injury,Not Distracted,MD,Passenger Car,40,2023,HONDA,CIVIC
MCP27360033,15057617,MONTGOMERY,Property Damage Crash,11-11-15 19:43,Maryland (State),ROCKVILLE PIKE,BROAD BROOK DR,SAME DIR REAR END,CLEAR,DRY,DARK LIGHTS ON,TRAFFIC SIGNAL,NONE DETECTED,No,NO APPARENT INJURY,NOT DISTRACTED,DC,PASSENGER CAR,40,1980,PONTIAC,PCP
MCP2726004X,200021997,Montgomery County Police,Injury Crash,06-04-20 7:01,County,TWINBROOK PKWY,PIER DR,ANGLE MEETS LEFT TURN,CLEAR,DRY,DAYLIGHT,NO CONTROLS,NONE DETECTED,No,NO APPARENT INJURY,NOT DISTRACTED,MD,PASSENGER CAR,35,2016,NISSAN,SENTRA
MCP3042002Q,200043783,Montgomery County Police,Injury Crash,11-06-20 9:10,County,RANDOLPH RD,GLENMONT CIR #1,SAME DIRECTION RIGHT TURN,CLEAR,DRY,DAYLIGHT,TRAFFIC SIGNAL,NONE DETECTED,Yes,NO APPARENT INJURY,NOT DISTRACTED,MD,PASSENGER CAR,35,2008,TOYT,TACOMA
MCP29480020,170550174,Montgomery County Police,Injury Crash,12/22/2017 03:10:00 PM,Maryland (State),UNIVERSITY BLVD W,GRANDVIEW AVE,SAME DIR REAR END,CLEAR,,DAYLIGHT,TRAFFIC SIGNAL,NONE DETECTED,No,NO APPARENT INJURY,NOT DISTRACTED,MD,PASSENGER CAR,40,2017,NISSAN,VERSA
MCP3283000N,210017613,Montgomery County Police,Injury Crash,05-10-21 19:05,County,DARNESTOWN RD,GLEN MILL RD,STRAIGHT MOVEMENT ANGLE,CLEAR,DRY,DAYLIGHT,TRAFFIC SIGNAL,NONE DETECTED,No,SUSPECTED MINOR INJURY,NOT DISTRACTED,MD,PASSENGER CAR,40,2014,HYUNDAI,4DR
MCP2999000G,16013741,MONTGOMERY,Property Damage Crash,03/20/2016 08:56:00 PM,County,BLACKBURN RD,BLACKBURN CT,OTHER,SNOW,WET,DARK NO LIGHTS,STOP SIGN,NONE DETECTED,No,NO APPARENT INJURY,NOT DISTRACTED,MD,PASSENGER CAR,25,2007,HONDA,ODYSSEY
MCP2952003Y,170517804,Montgomery County Police,Injury Crash,07-07-17 13:06,Maryland (State),GEORGIA AVE,SPRING ST,SAME DIR REAR END,CLEAR,DRY,DAYLIGHT,NO CONTROLS,NONE DETECTED,Yes,NO APPARENT INJURY,UNKNOWN,MD,PICKUP TRUCK,35,2017,RAM,TRUCK
MCP3130003D,210014947,Montgomery County Police,Injury Crash,04/22/2021 07:50:00 AM,Maryland (State),GEORGIA AVE,HEATHFIELD RD,SAME DIR REAR END,CLEAR,DRY,,TRAFFIC SIGNAL,NONE DETECTED,No,SUSPECTED MINOR INJURY,NOT DISTRACTED,MD,PASSENGER CAR,45,2014,NISSAN,ROUGE
MCP2586004R,190018353,Montgomery County Police,Property Damage Crash,04/19/2019 03:23:00 PM,Maryland (State),FREDERICK RD,COMUS RD,OTHER,RAINING,WET,DAYLIGHT,NO CONTROLS,NONE DETECTED,Yes,NO APPARENT INJURY,UNKNOWN,MD,PASSENGER CAR,40,2004,CHEVROLET,MALIBU
MCP2466003V,220019357,Montgomery County Police,Property Damage Crash,05-06-22 20:42,Maryland (State),DARNESTOWN RD,GERMANTOWN RD,HEAD ON LEFT TURN,RAINING,WET,DARK LIGHTS ON,TRAFFIC SIGNAL,NONE DETECTED,Unknown,NO APPARENT INJURY,NOT DISTRACTED,MD,PICKUP TRUCK,40,2017,FORD,F250 PK
MCP2869003C,190019470,Montgomery County Police,Property Damage Crash,04/25/2019 10:30:00 PM,,,,OTHER,RAINING,,DARK LIGHTS ON,NO CONTROLS,NONE DETECTED,Yes,NO APPARENT INJURY,LOOKED BUT DID NOT SEE,MD,PICKUP TRUCK,15,2004,FORD,F150
MCP3230001R,200047828,Montgomery County Police,Property Damage Crash,12-04-20 15:45,County,ASPEN HILL RD,PARKLAND DR,HEAD ON LEFT TURN,CLEAR,DRY,DAYLIGHT,TRAFFIC SIGNAL,UNKNOWN,Yes,NO APPARENT INJURY,NOT DISTRACTED,,PASSENGER CAR,35,2015,VOLKSWAGON,4D
MCP31230059,230016052,Montgomery County Police,Injury Crash,04-04-23 9:32,Maryland (State),FALLS RD,CROSSOVER,SAME DIR REAR END,CLEAR,DRY,DAYLIGHT,TRAFFIC SIGNAL,,No,NO APPARENT INJURY,NOT DISTRACTED,XX,PASSENGER CAR,35,2018,KIA,SPORTA
MCP2664006C,240055831,MONTGOMERY,Property Damage Crash,11/21/2024 07:23:00 AM,County Route,CALDWELL ST,,"Sideswipe, Same Direction",Clear,Dry,Daylight,Stop Sign,"Not Suspect of Alcohol Use, Not Suspect of Drug Use",No,No Apparent Injury,Not Distracted,MD,Bus - School,30,2016,THOMAS BUILT,HDX
MCP29650042,190054476,Montgomery County Police,Injury Crash,11-12-19 7:55,Maryland (State),OLNEY SANDY SPRING RD,GEORGIA AVE,OPPOSITE DIRECTION SIDESWIPE,CLOUDY,WET,DAYLIGHT,TRAFFIC SIGNAL,,No,NO APPARENT INJURY,NOT DISTRACTED,MD,PASSENGER CAR,30,2017,SUBARU,CROSSTREK
MCP3220004F,230067684,Montgomery County Police,Injury Crash,11/21/2023 05:50:00 PM,County,MEDICAL CENTER DR,GREAT SENECA HWY,SAME DIR REAR END,RAINING,WET,DARK LIGHTS ON,TRAFFIC SIGNAL,UNKNOWN,Yes,POSSIBLE INJURY,UNKNOWN,MD,PASSENGER CAR,25,2011,FORD,FOCUS
EJ7888004M,230046026,Gaithersburg Police Depar,Injury Crash,07/25/2023 03:15:00 PM,Maryland (State),QUINCE ORCHARD RD,TWIN LAKES DR,STRAIGHT MOVEMENT ANGLE,CLEAR,DRY,DAYLIGHT,TRAFFIC SIGNAL,NONE DETECTED,Yes,NO APPARENT INJURY,LOOKED BUT DID NOT SEE,NC,(SPORT) UTILITY VEHICLE,45,2022,FORD,EXPEDITION
DD5621000T,170500139,Rockville Police Departme,Property Damage Crash,04-03-17 10:21,Maryland (State),FIRST ST,MAPLE AVE,SAME DIR REAR END,CLEAR,DRY,DAYLIGHT,NO CONTROLS,NONE DETECTED,Yes,NO APPARENT INJURY,NOT DISTRACTED,MD,PASSENGER CAR,40,2003,FORD,4S
MCP2753004N,200008980,Montgomery County Police,Property Damage Crash,02/23/2020 07:33:00 AM,County,PARKLAND DR,FALCON ST,ANGLE MEETS LEFT TURN,,DRY,DAYLIGHT,STOP SIGN,NONE DETECTED,Yes,NO APPARENT INJURY,NOT DISTRACTED,MD,PASSENGER CAR,25,1999,HONDA,4D
MCP2107000P,16012301,MONTGOMERY,Injury Crash,03-12-16 13:26,Maryland (State),GERMANTOWN RD,RIFFLE FORD RD,SAME DIR REAR END,CLOUDY,DRY,DAYLIGHT,NO CONTROLS,NONE DETECTED,No,POSSIBLE INJURY,NOT DISTRACTED,MD,PASSENGER CAR,40,2015,DODGE,DART
MCP2455007B,240043977,MONTGOMERY,Property Damage Crash,09/15/2024 06:21:00 PM,Municipality Route,E GUDE DR (WB/L),,Single Vehicle,Clear,Dry,Daylight,No Controls,"Not Suspect of Alcohol Use, Not Suspect of Drug Use",No,No Apparent Injury,Unknown,MD,Passenger Car,40,2007,TOYOTA,CAMRY
MCP1182001H,16057421,Montgomery County Police,Injury Crash,11-07-16 13:14,Maryland (State),OLD GEORGETOWN RD,FIRE STATION #20,SAME DIR REAR END,CLEAR,DRY,DAYLIGHT,TRAFFIC SIGNAL,,No,SUSPECTED MINOR INJURY,NOT DISTRACTED,MD,OTHER,35,2015,HYUNDAI,SONATA
MCP3023004C,220002292,Montgomery County Police,Property Damage Crash,01/19/2022 08:50:00 AM,County,NORBECK RD,NORBECK RD (BACK),SAME DIR REAR END,CLEAR,ICE,DAYLIGHT,TRAFFIC SIGNAL,NONE DETECTED,No,NO APPARENT INJURY,NOT DISTRACTED,MD,PASSENGER CAR,25,2018,HONDA,PIL
MCP3388001G,240034865,MONTGOMERY,Property Damage Crash,07/24/2024 02:13:00 AM,County Route,THAYER AVE,,"Sideswipe, Same Direction",Clear,Dry,Dark - Lighted,No Controls,"Unknown, Unknown",No,,,,Passenger Car,25,2023,TESLA,MODEL Y
MCP3162005L,240039711,MONTGOMERY,Property Damage Crash,08/22/2024 01:00:00 PM,County Route,ELLSWORTH DR,,"Sideswipe, Same Direction",Clear,Dry,Daylight,No Controls,"Not Suspect of Alcohol Use, Not Suspect of Drug Use",No,No Apparent Injury,Not Distracted,MD,Passenger Car,25,2017,JAGUAR,XF
MCP2921001T,170514597,Montgomery County Police,Property Damage Crash,06/19/2017 06:20:00 PM,Maryland (State),RIDGE RD,WACOMOR DR,SAME DIR REAR END,CLEAR,WET,DAYLIGHT,,,Yes,NO APPARENT INJURY,NOT DISTRACTED,MD,PICKUP TRUCK,40,2007,CHEV,DS
MCP31930018,200021537,Montgomery County Police,Property Damage Crash,05/31/2020 04:15:00 PM,County,GRANDVIEW AVE,ARCOLA AVE,OTHER,CLEAR,DRY,DAYLIGHT,NO CONTROLS,NONE DETECTED,Yes,NO APPARENT INJURY,UNKNOWN,MD,PASSENGER CAR,25,2005,HONDA,VAN
MCP29140016,15019399,Montgomery County Police,Property Damage Crash,04/24/2015 08:05:00 PM,Maryland (State),NEW HAMPSHIRE AVE,CHALMERS RD,OTHER,CLEAR,,DARK LIGHTS ON,TRAFFIC SIGNAL,,Yes,NO APPARENT INJURY,NOT DISTRACTED,MD,PASSENGER CAR,40,2004,TOYOTA,COROLLA
MCP1531000F,170550967,Montgomery County Police,Property Damage Crash,12/27/2017 06:00:00 PM,Interstate (State),CAPITAL BELTWAY,RIVER RD,SAME DIR REAR END,CLEAR,DRY,DARK LIGHTS ON,NO CONTROLS,NONE DETECTED,No,NO APPARENT INJURY,NOT DISTRACTED,VA,PASSENGER CAR,55,2015,TOYOTA,RAV4
EJ7856002C,17009144,Gaithersburg Police Depar,Property Damage Crash,02/18/2017 12:10:00 PM,Maryland (State),MONTGOMERY VILLAGE AVE,LOST KNIFE RD,SAME DIR REAR END,,DRY,DAYLIGHT,TRAFFIC SIGNAL,,Yes,NO APPARENT INJURY,UNKNOWN,MD,PASSENGER CAR,30,1994,TOYOTA,CAMRY
MCP2951002P,180018069,Montgomery County Police,Injury Crash,04/13/2018 04:10:00 PM,County,CONNECTICUT AVE,GEORGIA AVE,SAME DIR REAR END,CLEAR,DRY,DAYLIGHT,TRAFFIC SIGNAL,NONE DETECTED,Yes,POSSIBLE INJURY,NOT DISTRACTED,MD,PASSENGER CAR,45,2004,HONDA,CIVIC
MCP2931005X,220027852,Montgomery County Police,Property Damage Crash,06/28/2022 07:18:00 PM,Municipality,TWINBROOK PKWY,ENT TO BUSINESS,SAME DIR REAR END,CLEAR,DRY,DAYLIGHT,NO CONTROLS,NONE DETECTED,Yes,NO APPARENT INJURY,LOOKED BUT DID NOT SEE,MD,PASSENGER CAR,30,2011,HYUNDAI,SANTA FE
MCP2664006K,240061264,MONTGOMERY,Property Damage Crash,12/23/2024 10:16:00 AM,County Route,WELLER RD,BUSHEY DR,Angle,Clear,Dry,Daylight,Stop Sign,"Not Suspect of Alcohol Use, Not Suspect of Drug Use",No,No Apparent Injury,Unknown,MD,Passenger Car,35,2015,SUBARU,FORESTER
MCP27130012,170533769,Montgomery County Police,Property Damage Crash,09/29/2017 03:57:00 AM,Maryland (State),GEORGIA AVE,PRINCE PHILIP DR,SINGLE VEHICLE,,DRY,DARK LIGHTS ON,NO CONTROLS,,No,NO APPARENT INJURY,NOT DISTRACTED,MD,POLICE VEHICLE/NON EMERGENCY,40,2017,FORD,INTERCEPTOR
MCP2780006Y,230022619,Montgomery County Police,Injury Crash,05-11-23 15:00,County,MATENY RD,CREAMERY HILL DR,STRAIGHT MOVEMENT ANGLE,,DRY,DAYLIGHT,STOP SIGN,NONE DETECTED,Yes,POSSIBLE INJURY,LOOKED BUT DID NOT SEE,MD,(SPORT) UTILITY VEHICLE,30,2015,HOND,PILOT
MCP27710017,220030782,Montgomery County Police,Injury Crash,07/18/2022 06:19:00 AM,Maryland (State),NORBECK RD,BARN RIDGE DR,SINGLE VEHICLE,CLOUDY,DRY,DAWN,OTHER,UNKNOWN,Unknown,SUSPECTED SERIOUS INJURY,UNKNOWN,XX,PASSENGER CAR,45,2018,AUDI,SD
MCP28090039,16036932,Montgomery County Police,Property Damage Crash,07/21/2016 01:48:00 PM,Maryland (State),UNIVERSITY BLVD W,VEIRS MILL RD,SAME DIR REAR END,CLEAR,DRY,DAYLIGHT,TRAFFIC SIGNAL,,No,NO APPARENT INJURY,NOT DISTRACTED,MD,PASSENGER CAR,35,2010,HYUN,4S
DD5527001C,170504924,Rockville Police Departme,Property Damage Crash,04/29/2017 11:45:00 AM,Maryland (State),FALLS RD,DUNSTER RD,SAME DIR REAR END,CLEAR,DRY,DAYLIGHT,NO CONTROLS,NONE DETECTED,No,NO APPARENT INJURY,NOT DISTRACTED,MD,PASSENGER CAR,30,2013,HYUN,4S
MCP32850010,210021165,Montgomery County Police,Property Damage Crash,06-04-21 14:30,,,,UNKNOWN,CLEAR,,UNKNOWN,NO CONTROLS,,Unknown,NO APPARENT INJURY,UNKNOWN,,POLICE VEHICLE/NON EMERGENCY,0,2016,FORD,TAURUS
MCP229800B2,16052874,Montgomery County Police,Property Damage Crash,10/14/2016 04:23:00 PM,Maryland (State),RIDGE RD,SKYLARK RD,ANGLE MEETS LEFT HEAD ON,CLEAR,DRY,DAYLIGHT,TRAFFIC SIGNAL,NONE DETECTED,Yes,NO APPARENT INJURY,LOOKED BUT DID NOT SEE,MD,(SPORT) UTILITY VEHICLE,40,2011,HOND,PILOT
MCP32550027,210032500,Montgomery County Police,Property Damage Crash,08/20/2021 05:00:00 PM,,,,OTHER,CLEAR,,DAYLIGHT,NO CONTROLS,,No,NO APPARENT INJURY,NOT DISTRACTED,MD,PASSENGER CAR,0,2010,HYUNDAI,ACCENT
DD56060044,17009934,Rockville Police Departme,Property Damage Crash,02/24/2017 04:57:00 AM,Municipality,W GUDE DR,RESEARCH BLVD,STRAIGHT MOVEMENT ANGLE,CLEAR,DRY,DARK NO LIGHTS,TRAFFIC SIGNAL,NONE DETECTED,No,NO APPARENT INJURY,NOT DISTRACTED,VA,TRUCK TRACTOR,35,2017,MAC,TT