Report Number,Local Case Number,Agency Name,ACRS Report Type,Crash Date/Time,Route Type,Road Name,Cross-Street Name,Collision Type,Weather,Surface Condition,Light,Traffic Control,Driver Substance Abuse,Driver At Fault,Injury Severity,Driver Distracted By,Drivers License State,Vehicle Body Type,Speed Limit,Vehicle Year,Vehicle Make,Vehicle Model
MCP22520012,15059675,MONTGOMERY,Property Damage Crash,11/22/2015 10:51:00 AM,County,REDLAND RD,BAEDERWOOD LA,STRAIGHT MOVEMENT ANGLE,CLEAR,DRY,DAYLIGHT,TRAFFIC SIGNAL,NONE DETECTED,No,NO APPARENT INJURY,NOT DISTRACTED,MD,PASSENGER CAR,35,2003,VOLV,4S
MCP33950033,250015478,MONTGOMERY,Property Damage Crash,04-09-25 15:51,Maryland (State) Route,RIVER RD,,"Sideswipe, Same Direction",Clear,Dry,Daylight,Traffic Control Signal,"Not Suspect of Alcohol Use, Not Suspect of Drug Use",Yes,No Apparent Injury,Unknown,MD,Sport Utility Vehicle,35,2020,TOYOTA,RAV4
MCP2919002J,170500466,Montgomery County Police,Property Damage Crash,04-05-17 6:44,US (State),COLESVILLE RD,SLIGO CREEK PKWY,HEAD ON LEFT TURN,CLEAR,DRY,DAYLIGHT,TRAFFIC SIGNAL,NONE DETECTED,Yes,NO APPARENT INJURY,NOT DISTRACTED,MD,PASSENGER CAR,35,2002,TOYOTA,4DR
MCP289200BL,210045907,Montgomery County Police,Injury Crash,11-12-21 15:18,,,,OTHER,CLEAR,,DAYLIGHT,NO CONTROLS,NONE DETECTED,Unknown,NO APPARENT INJURY,LOOKED BUT DID NOT SEE,MD,PASSENGER CAR,5,2013,HYUN,SD
MCP29750041,210052101,Montgomery County Police,Property Damage Crash,12/21/2021 08:50:00 PM,County,RANDOLPH RD,HAMMONTON PL,SINGLE VEHICLE,RAINING,WET,DARK LIGHTS ON,NO CONTROLS,NONE DETECTED,Yes,NO APPARENT INJURY,NOT DISTRACTED,MD,PASSENGER CAR,45,2006,NISSAN,350Z
MCP2861006G,240059701,MONTGOMERY,Property Damage Crash,12-10-24 16:30,Ramp,RAMP 5 FR IS 270Y SB TO WESTLAKE TERR,WESTLAKE TERR (WB/L),Angle,Rain,Wet,Dark - Lighted,Traffic Control Signal,"Not Suspect of Alcohol Use, Not Suspect of Drug Use",No,No Apparent Injury,Not Distracted,MD,Passenger Car,35,2023,TESLA,MODEL Y
MCP30210024,170547549,Montgomery County Police,Injury Crash,12-09-17 10:10,,,,SINGLE VEHICLE,,,DAYLIGHT,,NONE DETECTED,Yes,NO APPARENT INJURY,NOT DISTRACTED,MD,PASSENGER CAR,0,2013,BMW,SUV
MCP3003003F,190010221,Montgomery County Police,Injury Crash,03-05-19 9:14,Interstate (State),CAPITAL BELTWAY,ROCKVILLE PIKE,OTHER,CLEAR,DRY,DAYLIGHT,NO CONTROLS,NONE DETECTED,No,NO APPARENT INJURY,NOT DISTRACTED,MD,PASSENGER CAR,55,2006,HONDA,CIVIC
EJ7889000F,210006712,Gaithersburg Police Depar,Property Damage Crash,02/21/2021 07:45:00 PM,County,SAM EIG HWY,RAMP 1 FR WASH. BLVD TO SAM EIG HWY WB,SAME DIR REAR END,CLEAR,DRY,DARK LIGHTS ON,NO CONTROLS,NONE DETECTED,Yes,NO APPARENT INJURY,LOOKED BUT DID NOT SEE,MD,PASSENGER CAR,45,2005,CHEVY,COBALT
DD5586000H,15005024,Rockville Police Departme,Injury Crash,01/31/2015 01:40:00 PM,,,,SINGLE VEHICLE,CLEAR,,DAYLIGHT,NO CONTROLS,NONE DETECTED,Yes,NO APPARENT INJURY,LOOKED BUT DID NOT SEE,MD,PASSENGER CAR,15,2008,FORD,FUSION
MCP3362002K,240001274,MONTGOMERY,Property Damage Crash,01-09-24 6:49,Maryland (State) Route,UNIVERSITY BLVD W,,Front to Rear,Clear,Dry,Dawn,Traffic Control Signal,"Not Suspect of Alcohol Use, Not Suspect of Drug Use",No,No Apparent Injury,Not Distracted,MD,Sport Utility Vehicle,35,2014,NISSAN,PATHFINDER
MCP3036002B,230069491,Montgomery County Police,Property Damage Crash,12-02-23 15:11,County,CENTERWAY RD,MONTGOMERY VILLAGE AVE,HEAD ON LEFT TURN,CLEAR,DRY,DAYLIGHT,TRAFFIC SIGNAL,NONE DETECTED,Yes,NO APPARENT INJURY,UNKNOWN,MD,PASSENGER CAR,35,2019,NISSAN,ALTIMA
MCP3450000W,250011923,MONTGOMERY,Property Damage Crash,03/17/2025 04:00:00 PM,Maryland (State) Route,,,Front to Rear,Clear,Dry,Daylight,No Controls,"Not Suspect of Alcohol Use, Not Suspect of Drug Use",No,No Apparent Injury,Not Distracted,MD,Van - Passenger (&lt;9 Seats),35,2023,MERCEDES-BENZ,METRIS
MCP26780069,250055967,MONTGOMERY,Property Damage Crash,12/15/2025 08:03:00 AM,Maryland (State) Route,VEIRS MILL RD,,Front to Rear,Clear,Dry,Daylight,No Controls,"Not Suspect of Alcohol Use, Not Suspect of Drug Use",No,No Apparent Injury,Not Distracted,MD,Sport Utility Vehicle,35,2017,TOYOTA,RAV4
MCP304800CP,240033303,MONTGOMERY,Injury Crash,07/15/2024 09:00:00 AM,County Route,CEDAR LA,,Front to Rear,Clear,Dry,Daylight,Traffic Control Signal,"Not Suspect of Alcohol Use, Not Suspect of Drug Use",No,No Apparent Injury,Not Distracted,MD,Passenger Car,25,2019,MAZDA,323
MCP20390011,15016385,Montgomery County Police,Injury Crash,04-09-15 7:30,Maryland (State),VEIRS MILL RD,TURKEY BRANCH PKWY,SAME DIR REAR END,RAINING,WET,DAYLIGHT,OTHER,NONE DETECTED,Yes,NO APPARENT INJURY,NOT DISTRACTED,MD,PASSENGER CAR,40,2002,TOYOTA,COROLLA
MCP2504001S,16055164,Montgomery County Police,Injury Crash,10/26/2016 05:20:00 PM,Interstate (State),EISENHOWER MEMORIAL HWY,RAMP 6 FR IS 270 EB TO MD 355 SB,SAME DIR REAR END,CLEAR,DRY,DUSK,NO CONTROLS,NONE DETECTED,Yes,NO APPARENT INJURY,NOT DISTRACTED,MD,PASSENGER CAR,55,2002,HONDA,ACCORD
MCP25310009,15047895,MONTGOMERY,Property Damage Crash,09/21/2015 06:48:00 PM,County,MUDDY BRANCH RD,HARMONY HALL RD,HEAD ON LEFT TURN,RAINING,WET,DUSK,NO CONTROLS,,No,NO APPARENT INJURY,NOT DISTRACTED,MD,PASSENGER CAR,35,2014,INFINITI,Q50S
MCP3106000G,180025494,Montgomery County Police,Injury Crash,05/24/2018 01:34:00 PM,Maryland (State),KNOWLES AVE,SUMMIT AVE,HEAD ON LEFT TURN,CLEAR,DRY,DAYLIGHT,TRAFFIC SIGNAL,,No,SUSPECTED MINOR INJURY,NOT DISTRACTED,MD,PASSENGER CAR,30,2006,VOLVO,V70
MCP2608005J,240002021,MONTGOMERY,Property Damage Crash,01-12-24 22:31,,,,Rear To Side,Rain,,Dark - Lighted,No Controls,"Not Suspect of Alcohol Use, Not Suspect of Drug Use",No,No Apparent Injury,Not Distracted,VA,Single-Unit Truck,10,2023,INTERNATIONAL,1452-SC
MCP29810018,17012080,Montgomery County Police,Injury Crash,03-07-17 20:01,County,MACARTHUR BLVD,WALHONDING RD,STRAIGHT MOVEMENT ANGLE,RAINING,WET,DARK LIGHTS ON,STOP SIGN,NONE DETECTED,Yes,SUSPECTED MINOR INJURY,NOT DISTRACTED,MD,PASSENGER CAR,30,2008,TOYT,4S
DD5610000Z,15027419,Rockville Police Departme,Property Damage Crash,06-06-15 13:46,Municipality,FLEET ST,RICHARD MONTGOMERY DR,SAME DIRECTION LEFT TURN,CLEAR,DRY,DAYLIGHT,NO CONTROLS,,No,NO APPARENT INJURY,UNKNOWN,MD,"CARGO VAN/LIGHT TRUCK 2 AXLES (OVER 10,000LBS (4,536 KG))",35,2007,FORD,ECONO
MCP27360058,170547917,Montgomery County Police,Property Damage Crash,12-11-17 15:34,County,GRUBB RD,ROSS RD,SAME DIR REAR END,CLEAR,DRY,DAYLIGHT,NO CONTROLS,NONE DETECTED,No,NO APPARENT INJURY,NOT DISTRACTED,MD,PASSENGER CAR,25,2008,NISSAN,VERSA
MCP1128003P,15005893,Montgomery County Police,Injury Crash,02-05-15 14:44,County,MARINELLI RD,CITADEL AVE,STRAIGHT MOVEMENT ANGLE,CLEAR,DRY,DAYLIGHT,STOP SIGN,NONE DETECTED,Yes,SUSPECTED SERIOUS INJURY,UNKNOWN,MD,PASSENGER CAR,25,1988,VOLKSWAGON,CABRIOLET
MCP30730062,220011725,Montgomery County Police,Injury Crash,03/18/2022 03:54:00 PM,County,ASPEN HILL RD,MARGOT DR,SAME DIR REAR END,,DRY,DAYLIGHT,,NONE DETECTED,No,NO APPARENT INJURY,NOT DISTRACTED,MD,PASSENGER CAR,30,2011,HOND,CR-V
MCP27280029,16023245,Montgomery County Police,Injury Crash,05-10-16 18:27,Maryland (State),UNIVERSITY BLVD E,BEGIN BRIDGE,HEAD ON,CLEAR,DRY,DAYLIGHT,NO CONTROLS,UNKNOWN,Yes,NO APPARENT INJURY,UNKNOWN,,PASSENGER CAR,40,1992,HONDA,2D
MCP2215000M,180057017,Montgomery County Police,Injury Crash,11/13/2018 08:17:00 PM,Maryland (State),OLNEY LAYTONSVILLE RD,MUNCASTER RD,SAME DIR REAR END,CLOUDY,WET,DARK NO LIGHTS,NO CONTROLS,NONE DETECTED,Yes,SUSPECTED MINOR INJURY,NOT DISTRACTED,VA,PASSENGER CAR,50,2013,INFINITY,JX35
MCP1064003Y,16008101,Montgomery County Police,Injury Crash,02/18/2016 08:14:00 AM,County,CASTLE BLVD,BRIGGS CHANEY RD,SAME DIR REAR END,CLEAR,DRY,DAYLIGHT,TRAFFIC SIGNAL,,No,POSSIBLE INJURY,NOT DISTRACTED,MD,PASSENGER CAR,30,2011,TOYT,CAMRY
MCP3298001Q,230007184,Montgomery County Police,Property Damage Crash,02-12-23 21:23,,,,OTHER,RAINING,,DARK LIGHTS ON,STOP SIGN,NONE DETECTED,No,NO APPARENT INJURY,NOT DISTRACTED,MD,TRANSIT BUS,5,2016,NEW FLYER,XCELSIOR
MCP2950000H,15042518,MONTGOMERY,Injury Crash,08/24/2015 09:02:00 PM,County,BLUNT RD,SCENERY DR,OPPOSITE DIRECTION SIDESWIPE,RAINING,WET,DARK LIGHTS ON,NO CONTROLS,NONE DETECTED,Yes,NO APPARENT INJURY,NOT DISTRACTED,MD,PASSENGER CAR,25,1998,ISUZU,TROOPER
MCP2231005P,200040024,Montgomery County Police,Injury Crash,10-11-20 12:39,Municipality,MAIN ST,DARNESTOWN RD,SINGLE VEHICLE,CLOUDY,DRY,DAYLIGHT,TRAFFIC SIGNAL,NONE DETECTED,Yes,NO APPARENT INJURY,LOOKED BUT DID NOT SEE,MD,PASSENGER CAR,25,2010,ACURA,MDX
MCP3150000X,190021325,Montgomery County Police,Injury Crash,05-06-19 15:03,Maryland (State),NEW HAMPSHIRE AVE,ELDRID DR,STRAIGHT MOVEMENT ANGLE,CLEAR,DRY,DAYLIGHT,NO CONTROLS,,Yes,NO APPARENT INJURY,LOOKED BUT DID NOT SEE,MD,PASSENGER CAR,40,2019,TOYOTA,HIGHLANDER
DM8505000J,230035140,Takoma Park Police Depart,Property Damage Crash,07/24/2023 12:10:00 AM,,COCKERILE AVE,HIGHLAND AVE,SAME DIR REND LEFT TURN,CLEAR,DRY,DARK LIGHTS ON,,,Yes,NO APPARENT INJURY,UNKNOWN,,PASSENGER CAR,20,2005,SUBARU,FORESTER
MCP30170006,16058448,Montgomery County Police,Property Damage Crash,11-12-16 23:25,Maryland (State),GREAT SENECA HWY,SAM EIG HWY,SAME DIR REAR END,CLEAR,DRY,DARK -- UNKNOWN LIGHTING,TRAFFIC SIGNAL,NONE DETECTED,Yes,NO APPARENT INJURY,NOT DISTRACTED,MD,PASSENGER CAR,40,2000,HOND,4S
MCP2348001Y,16044725,Montgomery County Police,Injury Crash,09-01-16 18:41,Maryland (State),GEORGIA AVE,BLUERIDGE AVE,STRAIGHT MOVEMENT ANGLE,RAINING,WET,DAYLIGHT,TRAFFIC SIGNAL,NONE DETECTED,No,NO APPARENT INJURY,NOT DISTRACTED,MD,PASSENGER CAR,35,2006,HOND,4S
MCP157500D7,220012800,Montgomery County Police,Property Damage Crash,03/24/2022 12:30:00 PM,County,SHADY GROVE RD,MIDCOUNTY HWY,SAME DIR REAR END,CLOUDY,DRY,DAYLIGHT,NO CONTROLS,NONE DETECTED,Yes,NO APPARENT INJURY,UNKNOWN,MD,PASSENGER CAR,45,2007,MERZ,CN
MCP1453007H,190032874,Montgomery County Police,Property Damage Crash,07-11-19 8:02,Maryland (State),CLARKSBURG RD,GOSNELL FARM DR,SINGLE VEHICLE,CLOUDY,DRY,DAYLIGHT,YIELD SIGN,NONE DETECTED,Yes,NO APPARENT INJURY,INATTENTIVE OR LOST IN THOUGHT,MD,SNOWMOBILE,40,2016,ACURA,MDX
MCP27800047,180046808,Montgomery County Police,Injury Crash,09/19/2018 02:16:00 PM,County,MIDDLEBROOK RD,OBSERVATION DR,HEAD ON LEFT TURN,,DRY,DAYLIGHT,TRAFFIC SIGNAL,,No,POSSIBLE INJURY,NOT DISTRACTED,VA,PASSENGER CAR,40,2009,MAZDA,6
MCP1580008B,180003588,Montgomery County Police,Injury Crash,01/22/2018 09:57:00 AM,County,MUDDY BRANCH RD,SUFFIELD DR,SAME DIR REAR END,CLOUDY,DRY,DAYLIGHT,NO CONTROLS,NONE DETECTED,Yes,NO APPARENT INJURY,OTHER DISTRACTION,MD,PICKUP TRUCK,40,2017,NISS,FRONTIER PU
MCP2891008S,200003987,Montgomery County Police,Property Damage Crash,01/24/2020 01:22:00 PM,County,WORTH AVE,LEIGHTON AVE,STRAIGHT MOVEMENT ANGLE,CLEAR,DRY,DAYLIGHT,STOP SIGN,NONE DETECTED,No,NO APPARENT INJURY,NOT DISTRACTED,MD,PASSENGER CAR,35,2015,LEXUS,CT200H
MCP3016004P,230070624,Montgomery County Police,Property Damage Crash,12-08-23 14:40,Maryland (State),GREAT SENECA HWY,MIDDLEBROOK RD,SAME DIR REAR END,CLEAR,DRY,DAYLIGHT,TRAFFIC SIGNAL,,Yes,NO APPARENT INJURY,LOOKED BUT DID NOT SEE,MD,PASSENGER CAR,50,2011,FORD,FOCUS
MCP2693003N,210022859,Montgomery County Police,Property Damage Crash,06/15/2021 11:55:00 AM,Maryland (State),GEORGIA AVE,RAMP 8 FR MD 97 SB TO MD 200 WB,SINGLE VEHICLE,CLEAR,DRY,DAYLIGHT,,NONE DETECTED,No,NO APPARENT INJURY,NOT DISTRACTED,MD,PICKUP TRUCK,45,2014,FORD,F150
MCP3019001N,180013926,Montgomery County Police,Property Damage Crash,03/20/2018 03:45:00 PM,,,,SINGLE VEHICLE,SLEET,,DAYLIGHT,NO CONTROLS,,Yes,NO APPARENT INJURY,NOT DISTRACTED,MD,POLICE VEHICLE/EMERGENCY,0,2013,FORD,TK
MCP3255005Q,240022786,MONTGOMERY,Property Damage Crash,05/14/2024 05:00:00 PM,County Route,MONTGOMERY VILLAGE AVE,,Front to Rear,Rain,Wet,Daylight,No Controls,"Not Suspect of Alcohol Use, Not Suspect of Drug Use",Yes,No Apparent Injury,Not Distracted,MD,Passenger Car,35,2007,HYUNDAI,SANTA FE
MCP21590038,250017632,MONTGOMERY,Property Damage Crash,04/23/2025 01:23:00 PM,County Route,WISTERIA DR,GERMANTOWN RD,Angle,Clear,Dry,Daylight,Traffic Control Signal,"Not Suspect of Alcohol Use, Not Suspect of Drug Use",Yes,No Apparent Injury,Unknown,MD,Passenger Car,40,2009,HONDA,ACCORD
MCP2966000D,15021070,Montgomery County Police,Property Damage Crash,05-04-15 10:30,County,HENDERSON AVE,GALT AVE,SAME DIRECTION SIDESWIPE,CLEAR,DRY,DAYLIGHT,NO CONTROLS,,No,NO APPARENT INJURY,NOT DISTRACTED,MD,PASSENGER CAR,30,2002,ACURA,RSX
MCP2780001B,15030199,Montgomery County Police,Property Damage Crash,06/20/2015 09:07:00 PM,County,MIDDLEBROOK RD,SPUR TO MD 355,SAME DIRECTION LEFT TURN,RAINING,WET,DARK LIGHTS ON,NO CONTROLS,NONE DETECTED,Yes,NO APPARENT INJURY,NOT DISTRACTED,MD,PASSENGER CAR,35,2012,ACURA,TSX
MCP2198003B,170544393,Montgomery County Police,Property Damage Crash,11/22/2017 07:11:00 PM,Municipality,PURCHASE ST,QUINCE ORCHARD RD,SAME DIRECTION SIDESWIPE,,DRY,DARK LIGHTS ON,,,Yes,NO APPARENT INJURY,UNKNOWN,,,40,0,UNKNOWN,UNKNOWN
MCP3294002M,240053885,MONTGOMERY,Property Damage Crash,11-09-24 20:00,Maryland (State) Route,MIDCOUNTY HWY (SB/L),,"Sideswipe, Same Direction",Clear,Dry,Dark - Lighted,Traffic Control Signal,"Not Suspect of Alcohol Use, Not Suspect of Drug Use",No,No Apparent Injury,Not Distracted,,Passenger Car,50,2015,VOLKSWAGEN,JETTA
MCP2717009G,17006940,Montgomery County Police,Injury Crash,02-08-17 4:59,Maryland (State),RIVER RD,GOLDSBORO RD,SAME DIR REAR END,CLEAR,DRY,DARK LIGHTS ON,NO CONTROLS,NONE DETECTED,No,SUSPECTED MINOR INJURY,NOT DISTRACTED,US,PASSENGER CAR,45,2016,HONDA,CIVIC
MCP3038001S,180020664,Montgomery County Police,Property Damage Crash,04/27/2018 11:25:00 AM,Maryland (State),WISCONSIN AVE,WALSH ST,OTHER,CLEAR,DRY,DAYLIGHT,NO CONTROLS,,Yes,NO APPARENT INJURY,LOOKED BUT DID NOT SEE,MD,PASSENGER CAR,0,2003,TOYOTA,4D SEDAN
MCP23540017,190009773,Montgomery County Police,Injury Crash,03-02-19 0:52,County,SEVEN LOCKS RD,DEMOCRACY BLVD,STRAIGHT MOVEMENT ANGLE,RAINING,WET,DARK LIGHTS ON,TRAFFIC SIGNAL,ALCOHOL CONTRIBUTED,Yes,NO APPARENT INJURY,UNKNOWN,VA,PASSENGER CAR,45,2017,AUDI,A8
MCP3319002R,240042284,MONTGOMERY,Property Damage Crash,09-06-24 13:15,,,,Front to Front,Cloudy,,Daylight,,"Unknown, Unknown",No,,,,Sport Utility Vehicle,0,2006,LAND ROVER,RANGE ROVER
MCP1438002W,16035053,Montgomery County Police,Property Damage Crash,07-11-16 10:33,Maryland (State),FREDERICK RD,MONTGOMERY VILLAGE AVE,SAME DIR REAR END,CLEAR,DRY,DAYLIGHT,TRAFFIC SIGNAL,NONE DETECTED,Yes,NO APPARENT INJURY,OTHER CELLULAR PHONE RELATED,MD,PASSENGER CAR,40,2013,HOND,4S
MCP9428003V,210045318,Montgomery County Police,Property Damage Crash,11-09-21 7:58,,,,HEAD ON,CLEAR,,DAYLIGHT,NO CONTROLS,NONE DETECTED,Yes,NO APPARENT INJURY,NOT DISTRACTED,MD,POLICE VEHICLE/EMERGENCY,0,2014,DODGE,CHARGER
MCP2290001D,180028317,Montgomery County Police,Injury Crash,06-08-18 13:29,Maryland (State),VEIRS MILL RD,EDMONSTON DR,SAME DIR REAR END,CLEAR,DRY,DAYLIGHT,TRAFFIC SIGNAL,NONE DETECTED,No,NO APPARENT INJURY,NOT DISTRACTED,VA,PASSENGER CAR,40,2018,LEXUS,GX460
MCP2327000F,15025542,Montgomery County Police,Property Damage Crash,05/27/2015 03:41:00 PM,County,WOODFIELD SCHOOL RD,CLEMATIS DR,SINGLE VEHICLE,CLEAR,DRY,DAYLIGHT,NO CONTROLS,NONE DETECTED,Yes,NO APPARENT INJURY,NOT DISTRACTED,MD,(SPORT) UTILITY VEHICLE,25,2002,GMC,ENVOY
MCP22010011,17515397,Montgomery County Police,Property Damage Crash,06/23/2017 05:35:00 PM,Maryland (State),UNIVERSITY BLVD E,PINEY BRANCH RD,SAME DIR REAR END,CLEAR,DRY,DAYLIGHT,TRAFFIC SIGNAL,UNKNOWN,Yes,NO APPARENT INJURY,UNKNOWN,,PASSENGER CAR,30,2000,HONDA,4D
MCP22030057,210024621,Montgomery County Police,Property Damage Crash,06/24/2021 11:40:00 AM,County,BERNARD DR,SHOREFIELD RD,SAME DIRECTION SIDESWIPE,UNKNOWN,UNKNOWN,DARK NO LIGHTS,NO CONTROLS,UNKNOWN,Yes,NO APPARENT INJURY,UNKNOWN,MD,PASSENGER CAR,25,2008,NISSAN,ALTIMA
MCP2765002R,16044258,Montgomery County Police,Property Damage Crash,08/30/2016 05:45:00 PM,Maryland (State),W MONTGOMERY AVE,HURLEY AVE,HEAD ON LEFT TURN,CLEAR,DRY,DAYLIGHT,TRAFFIC SIGNAL,NONE DETECTED,No,NO APPARENT INJURY,NOT DISTRACTED,MD,PASSENGER CAR,35,2006,HOND,CRV
MCP3350002H,230074012,Montgomery County Police,Property Damage Crash,12/28/2023 01:58:00 PM,County,LELAND ST,VALE ST,SAME DIRECTION SIDESWIPE,CLOUDY,DRY,DAYLIGHT,NO CONTROLS,NONE DETECTED,Yes,NO APPARENT INJURY,LOOKED BUT DID NOT SEE,MD,TRANSIT BUS,20,2016,GILG,TRANSIT BUS
MCP27860012,16030798,Montgomery County Police,Property Damage Crash,06/18/2016 03:30:00 AM,Interstate (State),CAPITAL BELTWAY,NEW HAMPSHIRE AVE,SINGLE VEHICLE,CLEAR,DRY,DARK LIGHTS ON,,NONE DETECTED,Yes,NO APPARENT INJURY,INATTENTIVE OR LOST IN THOUGHT,MD,PASSENGER CAR,55,2007,MERCEDES,C280
MCP2905004J,190005895,Montgomery County Police,Property Damage Crash,02-06-19 13:19,Maryland (State),RIVER RD,GOLDSBORO RD,SAME DIR REAR END,CLEAR,DRY,DAYLIGHT,TRAFFIC SIGNAL,,No,NO APPARENT INJURY,NOT DISTRACTED,MD,PASSENGER CAR,35,2004,LINCOLN,AVIATOR
MCP2881001B,15066253,MONTGOMERY,Property Damage Crash,12/26/2015 01:58:00 PM,County,WISTERIA DR,GERMANTOWN RD,STRAIGHT MOVEMENT ANGLE,CLEAR,,DAYLIGHT,NO CONTROLS,NONE DETECTED,No,NO APPARENT INJURY,NOT DISTRACTED,MD,PASSENGER CAR,40,1994,LINCOLN,4S
MCP2656003T,190008738,Montgomery County Police,Property Damage Crash,02/23/2019 07:30:00 PM,County,CHERRY HILL RD,GRACEFIELD RD,STRAIGHT MOVEMENT ANGLE,RAINING,WET,DARK LIGHTS ON,TRAFFIC SIGNAL,,No,NO APPARENT INJURY,NOT DISTRACTED,MD,(SPORT) UTILITY VEHICLE,40,2010,GMC,ACADIA
MCP2788001S,190012295,Montgomery County Police,Property Damage Crash,03/17/2019 03:08:00 AM,Maryland (State),GEORGIA AVE,REEDIE DR,SAME DIR REAR END,CLEAR,DRY,DARK LIGHTS ON,TRAFFIC SIGNAL,ALCOHOL PRESENT,Yes,NO APPARENT INJURY,TALKING OR LISTENING TO CELLULAR PHONE,DC,PASSENGER CAR,35,2014,CHEVY,MALIBU
MCP29140012,15015238,Montgomery County Police,Property Damage Crash,04-02-15 18:28,Maryland (State),NEW HAMPSHIRE AVE,NORTHAMPTON DR,SAME DIR REAR END,CLEAR,,DAYLIGHT,TRAFFIC SIGNAL,,Yes,NO APPARENT INJURY,NOT DISTRACTED,MD,PICKUP TRUCK,30,2004,CHEVEROLET,SILVERADO
DD56150003,15034435,ROCKVILLE,Property Damage Crash,07/13/2015 05:07:00 PM,Municipality,LOFSTRAND LA,SOUTHLAWN LA,OPPOSITE DIRECTION SIDESWIPE,CLEAR,DRY,DAYLIGHT,NO CONTROLS,UNKNOWN,Yes,NO APPARENT INJURY,UNKNOWN,MD,PASSENGER CAR,25,1994,HONDA,ACCORD
MCP1378008Y,15061796,MONTGOMERY,Injury Crash,12-03-15 18:00,County,GOSHEN RD,MIDCOUNTY HWY,SAME DIR REAR END,CLEAR,DRY,DARK NO LIGHTS,TRAFFIC SIGNAL,NONE DETECTED,No,NO APPARENT INJURY,NOT DISTRACTED,MD,PASSENGER CAR,35,2012,VOLKSWAGEN,JETTA
EJ7852008G,230054921,Gaithersburg Police Depar,Injury Crash,09/14/2023 07:04:00 PM,Maryland (State),QUINCE ORCHARD RD,SIOUX LA,STRAIGHT MOVEMENT ANGLE,,DRY,DUSK,TRAFFIC SIGNAL,,No,NO APPARENT INJURY,NOT DISTRACTED,MD,PASSENGER CAR,35,2013,JEEP,SU
MCP1490000G,170503287,Montgomery County Police,Injury Crash,04/21/2017 07:21:00 AM,Maryland (State),GREAT SENECA HWY,KENTLANDS BLVD,OTHER,,DRY,DAYLIGHT,,NONE DETECTED,No,POSSIBLE INJURY,NOT DISTRACTED,MD,(SPORT) UTILITY VEHICLE,50,1995,FORD,TK
MCP27640019,16051980,Montgomery County Police,Injury Crash,10-09-16 20:11,Maryland (State),UNIVERSITY BLVD W,DENNIS AVE,HEAD ON LEFT TURN,CLEAR,DRY,DARK LIGHTS ON,TRAFFIC SIGNAL,NONE DETECTED,No,NO APPARENT INJURY,NOT DISTRACTED,MD,PASSENGER CAR,35,2004,TOYOTA,COROLLA
MCP2450000W,16055295,Montgomery County Police,Property Damage Crash,10-02-16 13:00,County,AIRPARK RD,MUNCASTER MILL RD,SAME DIR REAR END,UNKNOWN,UNKNOWN,UNKNOWN,TRAFFIC SIGNAL,UNKNOWN,Yes,NO APPARENT INJURY,UNKNOWN,MD,PASSENGER CAR,35,2011,INFINITI,UNK
DD5538001N,16038859,Rockville Police Departme,Property Damage Crash,08-01-16 8:30,Maryland (State),E JEFFERSON ST,MARYLAND AVE,SAME DIR REAR END,CLEAR,DRY,DAYLIGHT,TRAFFIC SIGNAL,NONE DETECTED,No,NO APPARENT INJURY,NOT DISTRACTED,MD,VAN,30,2011,HONDA,ODYSSEY
MCP1564003B,180053408,Montgomery County Police,Property Damage Crash,10/25/2018 07:40:00 AM,County,SULLIVAN LA,SULLIVAN CT,OTHER,CLEAR,DRY,DAYLIGHT,NO CONTROLS,NONE DETECTED,Yes,NO APPARENT INJURY,OTHER DISTRACTION,MD,PASSENGER CAR,30,2009,TOYT,COROLLA
MCP3125002Q,210007276,Montgomery County Police,Property Damage Crash,02/25/2021 05:50:00 PM,Maryland (State),DARNESTOWN RD,ORCHARD DR,OTHER,CLEAR,DRY,DAYLIGHT,NO CONTROLS,,Yes,NO APPARENT INJURY,OTHER DISTRACTION,MD,PASSENGER CAR,40,2015,HONDA,PILOT
MCP1378015C,230049442,Montgomery County Police,Injury Crash,08/14/2023 04:49:00 PM,Maryland (State),RIDGE RD,SALEM U.M.C. OF CEDAR GROVE,SAME DIR REAR END,RAINING,WET,DAYLIGHT,NO CONTROLS,NONE DETECTED,No,NO APPARENT INJURY,NOT DISTRACTED,MD,(SPORT) UTILITY VEHICLE,40,2013,MERZ,ML350
EJ7855000D,15036547,GAITHERSBURG,Injury Crash,07/24/2015 02:29:00 PM,Municipality,RUSSELL AVE,LAKE FOREST BLVD,HEAD ON LEFT TURN,CLEAR,DRY,DAYLIGHT,TRAFFIC SIGNAL,NONE DETECTED,No,NO APPARENT INJURY,NOT DISTRACTED,PA,PASSENGER CAR,25,2005,TOYOTA,SCION
MCP06170049,220033319,Montgomery County Police,Property Damage Crash,08-03-22 13:30,Maryland (State),GEORGIA AVE,HOLIDAY DR,SAME DIR REAR END,CLEAR,DRY,DAYLIGHT,OTHER,UNKNOWN,Yes,NO APPARENT INJURY,UNKNOWN,MD,(SPORT) UTILITY VEHICLE,30,2017,JEEP,TK
MCP27300039,230025601,Montgomery County Police,Injury Crash,05/28/2023 01:10:00 PM,County,MIDDLEBROOK RD,CENTURY BLVD,STRAIGHT MOVEMENT ANGLE,CLEAR,DRY,DAYLIGHT,TRAFFIC SIGNAL,,Yes,POSSIBLE INJURY,UNKNOWN,MD,PASSENGER CAR,20,2014,HONDA,CIVIC