Report Number,Local Case Number,Agency Name,ACRS Report Type,Crash Date/Time,Route Type,Road Name,Cross-Street Name,Collision Type,Weather,Surface Condition,Light,Traffic Control,Driver Substance Abuse,Driver At Fault,Injury Severity,Driver Distracted By,Drivers License State,Vehicle Body Type,Speed Limit,Vehicle Year,Vehicle Make,Vehicle Model
MCP2560000M,15063153,MONTGOMERY,Injury Crash,12-10-15 16:23,Maryland (State),VEIRS MILL RD,CLARIDGE RD,SAME DIR REAR END,CLEAR,DRY,DAYLIGHT,TRAFFIC SIGNAL,,No,SUSPECTED MINOR INJURY,NOT DISTRACTED,MD,PASSENGER CAR,40,2004,TOYOTA,TUNDRA
MCP27980029,16041267,Montgomery County Police,Injury Crash,08/14/2016 08:54:00 PM,County,LOCKWOOD DR,ENT TO SHOPPING CENTER,SAME DIR REAR END,RAINING,WET,DARK LIGHTS ON,TRAFFIC SIGNAL,NONE DETECTED,Yes,POSSIBLE INJURY,NOT DISTRACTED,MD,PASSENGER CAR,30,2016,HYUN,ELANTRA
MCP32000041,210042899,Montgomery County Police,Injury Crash,10/25/2021 09:10:00 AM,County,GREENTREE RD,DRUMALDRY DR,OTHER,CLEAR,DRY,DAYLIGHT,NO CONTROLS,NONE DETECTED,No,NO APPARENT INJURY,NOT DISTRACTED,MD,PASSENGER CAR,25,2017,HYUNDAI,SANTA FE
MCP2931000V,15059927,MONTGOMERY,Injury Crash,11/23/2015 06:41:00 PM,Maryland (State),ROCKVILLE PIKE,ENT TO TOWNE PLAZA,SAME DIR REAR END,CLEAR,DRY,DUSK,TRAFFIC SIGNAL,,No,SUSPECTED MINOR INJURY,NOT DISTRACTED,MD,PASSENGER CAR,40,2006,TOYOTA,CAMRY
EJ78870044,240015910,GAITHERSBURG,Injury Crash,04-05-24 13:00,Maryland (State) Route,GREAT SENECA HWY (SB/L),LAKELANDS DR LAKELANDS DR (NB/L),Rear To Side,Clear,Dry,Daylight,Traffic Control Signal,"Not Suspect of Alcohol Use, Not Suspect of Drug Use",No,No Apparent Injury,Unknown,OR,Passenger Car,50,2018,CHEVROLET,EQUINOX
MCP27830046,220019701,Montgomery County Police,Property Damage Crash,05-10-22 15:27,County,MEDWAY ST,KRAMER ST,SAME DIRECTION SIDESWIPE,CLEAR,DRY,DAYLIGHT,NO CONTROLS,,No,NO APPARENT INJURY,NOT DISTRACTED,MD,PASSENGER CAR,15,2010,HONDA,ACCORD
MCP2635007M,220052357,Montgomery County Police,Property Damage Crash,11/27/2022 07:35:00 PM,Maryland (State),GEORGIA AVE,PRINCE PHILIP DR,STRAIGHT MOVEMENT ANGLE,CLEAR,DRY,DARK NO LIGHTS,TRAFFIC SIGNAL,,Yes,NO APPARENT INJURY,UNKNOWN,MD,PASSENGER CAR,30,2016,TOYOTA,COROLLA
MCP2986000P,16027296,Montgomery County Police,Injury Crash,06-01-16 7:41,Maryland (State),GEORGIA AVE,GRACE CHURCH RD,STRAIGHT MOVEMENT ANGLE,CLEAR,DRY,DAYLIGHT,NO CONTROLS,NONE DETECTED,Yes,NO APPARENT INJURY,NOT DISTRACTED,MD,PASSENGER CAR,35,2011,MERCEDES,R350
MCP2977001Y,16057772,Montgomery County Police,Property Damage Crash,11-09-16 11:03,County,ARLISS ST,FLOWER AVE,OTHER,CLOUDY,DRY,DAYLIGHT,NO CONTROLS,,Yes,NO APPARENT INJURY,UNKNOWN,MD,PASSENGER CAR,30,2006,TOYT,CAMRY
EJ7777001N,170547114,Gaithersburg Police Depar,Property Damage Crash,12-07-17 8:58,Maryland (State),FREDERICK RD,ODENDHAL AVE,SAME DIR REAR END,CLEAR,DRY,DAYLIGHT,,NONE DETECTED,No,NO APPARENT INJURY,NOT DISTRACTED,MD,VAN,30,1999,TOYT,VN
MCP28980012,15043759,MONTGOMERY,Property Damage Crash,08/31/2015 04:02:00 PM,Other Public Roadway,GRAND ELM ST,BLUE SKY DR,SINGLE VEHICLE,CLEAR,DRY,DAYLIGHT,NO CONTROLS,,Yes,NO APPARENT INJURY,NOT DISTRACTED,MD,(SPORT) UTILITY VEHICLE,25,2004,ACURA,TK
MCP33310019,220057108,Montgomery County Police,Property Damage Crash,12/24/2022 12:24:00 PM,County,ELKIN ST,BLUERIDGE AVE,SAME DIRECTION SIDESWIPE,CLEAR,DRY,DARK LIGHTS ON,NO CONTROLS,UNKNOWN,Yes,NO APPARENT INJURY,UNKNOWN,,UNKNOWN,25,0,UNKNOWN,UNKNOWN
MCP30950017,180040637,Montgomery County Police,Property Damage Crash,08/15/2018 04:59:00 PM,County,NORCROSS WAY,NEW HAMPSHIRE AVE,SAME DIRECTION SIDESWIPE,CLEAR,DRY,DAYLIGHT,,,Yes,NO APPARENT INJURY,UNKNOWN,MD,PASSENGER CAR,35,2009,BMW,328I
DD5611006F,19034286,Rockville Police Departme,Property Damage Crash,07/19/2019 11:00:00 AM,Ramp,RAMP 3 FR MD 189 EB TO IS 270 NB,FALLS RD,SAME DIR REAR END,CLEAR,DRY,DAYLIGHT,NO CONTROLS,NONE DETECTED,Yes,NO APPARENT INJURY,NOT DISTRACTED,MD,PASSENGER CAR,15,2013,TOYT,TACOMA
MCP2203006M,220053990,Montgomery County Police,Property Damage Crash,12-07-22 7:30,Maryland (State),CONNECTICUT AVE,VEIRS MILL RD,SAME DIR REAR END,RAINING,WET,DAYLIGHT,TRAFFIC SIGNAL,NONE DETECTED,Yes,NO APPARENT INJURY,NOT DISTRACTED,MD,PASSENGER CAR,40,2014,HOND,CIVIC
MCP3200002V,210022142,Montgomery County Police,Property Damage Crash,06-10-21 14:02,County,BROOKVILLE RD,LYTTONSVILLE PL,STRAIGHT MOVEMENT ANGLE,CLOUDY,DRY,DAYLIGHT,STOP SIGN,NONE DETECTED,Yes,NO APPARENT INJURY,UNKNOWN,DC,PASSENGER CAR,25,1965,FORD,MUSTANG
MCP2633000Q,15058959,MONTGOMERY,Property Damage Crash,11/18/2015 06:59:00 PM,County,ROTHBURY DR,GOSHEN RD,SAME DIR REAR END,OTHER,WET,DARK LIGHTS ON,,ALCOHOL CONTRIBUTED,Yes,NO APPARENT INJURY,UNKNOWN,MD,PASSENGER CAR,30,2011,HOND,TK
MCP9321001J,170522720,Montgomery County Police,Injury Crash,08-03-17 11:09,County,RANDOLPH RD,GLENMONT CIR #1,SINGLE VEHICLE,CLEAR,DRY,DAYLIGHT,TRAFFIC SIGNAL,NONE DETECTED,Yes,NO APPARENT INJURY,NOT DISTRACTED,MD,PICKUP TRUCK,35,2003,FORD,TK
MCP2556002T,190019825,Montgomery County Police,Property Damage Crash,04/27/2019 08:31:00 PM,County,SAM EIG HWY,FIELDS RD,SAME DIR REAR END,,DRY,DARK LIGHTS ON,TRAFFIC SIGNAL,NONE DETECTED,No,NO APPARENT INJURY,NOT DISTRACTED,MD,PASSENGER CAR,40,2015,TOYOTA,COROLLA
EJ78440018,220025457,Gaithersburg Police Depar,Injury Crash,06/13/2022 06:05:00 PM,Municipality,WATKINS MILL RD,FREDERICK RD,SAME DIR REAR END,CLEAR,DRY,DAYLIGHT,TRAFFIC SIGNAL,NONE DETECTED,No,SUSPECTED MINOR INJURY,NOT DISTRACTED,MD,PASSENGER CAR,35,2017,TOYOTA,CAMRY
MCP3372001X,230067686,Montgomery County Police,Property Damage Crash,11/17/2023 04:00:00 PM,,,,SINGLE VEHICLE,,,DAYLIGHT,NO CONTROLS,UNKNOWN,Yes,NO APPARENT INJURY,UNKNOWN,,PASSENGER CAR,25,2018,HONDA,ACCORD
MCP3132000G,180049990,Montgomery County Police,Property Damage Crash,10-06-18 11:05,Maryland (State),CONNECTICUT AVE,PERRY AVE,SAME DIRECTION SIDESWIPE,CLOUDY,DRY,DAYLIGHT,,,Yes,NO APPARENT INJURY,UNKNOWN,MD,PASSENGER CAR,45,2008,HYUN,4S
MCP29910099,240001670,MONTGOMERY,Property Damage Crash,01-11-24 8:45,County Route,RANDOLPH RD (WB/L),,Other,Clear,Dry,Daylight,Traffic Control Signal,"Not Suspect of Alcohol Use, Not Suspect of Drug Use",Yes,No Apparent Injury,Not Distracted,NJ,Passenger Car,35,2008,HYUNDAI,AZERA
MCP32570096,250046567,MONTGOMERY,Injury Crash,10/16/2025 04:30:00 PM,County Route,RAYBURN RD,BRADLEY BLVD,"Sideswipe, Opposite Direction",Clear,Dry,Daylight,No Controls,"Not Suspect of Alcohol Use, Not Suspect of Drug Use",No,Suspected Minor Injury,Not Distracted,MD,Van - Passenger (&lt;9 Seats),30,2025,CHRYSLER,PACIFICA
MCP27220054,240003675,MONTGOMERY,Property Damage Crash,01/24/2024 08:43:00 AM,Maryland (State) Route,GEORGIA AVE,,"Sideswipe, Same Direction",Cloudy,Dry,Daylight,Traffic Control Signal,"Not Suspect of Alcohol Use, Not Suspect of Drug Use",No,No Apparent Injury,Not Distracted,MD,Passenger Car,35,2019,VOLKSWAGEN,JETTA
MCP29510026,170511780,Montgomery County Police,Property Damage Crash,06-04-17 19:21,Maryland (State),LAYHILL RD,BONIFANT RD,HEAD ON LEFT TURN,,DRY,DAYLIGHT,TRAFFIC SIGNAL,NONE DETECTED,Yes,NO APPARENT INJURY,NOT DISTRACTED,MD,PASSENGER CAR,35,2008,TOYOTA,PRIUS
MCP3058003T,200038370,Montgomery County Police,Property Damage Crash,09/29/2020 08:25:00 PM,County,GLEN RD,S GLEN RD,OPPOSITE DIRECTION SIDESWIPE,RAINING,WET,DARK NO LIGHTS,NO CONTROLS,NONE DETECTED,Yes,NO APPARENT INJURY,INATTENTIVE OR LOST IN THOUGHT,MD,PASSENGER CAR,30,2018,JEEP,COMPASS
EJ78890057,240057400,GAITHERSBURG,Property Damage Crash,11/30/2024 11:00:00 PM,,,,Other,Clear,,Dark - Not Lighted,,"Not Suspect of Alcohol Use, Not Suspect of Drug Use",No,No Apparent Injury,Not Distracted,MD,Passenger Car,0,2014,TOYOTA,CAMRY
MCP2771000M,15041589,MONTGOMERY,Injury Crash,08/19/2015 09:27:00 PM,County,SHADY GROVE RD,FREDERICK RD,HEAD ON LEFT TURN,,DRY,DARK LIGHTS ON,TRAFFIC SIGNAL,NONE DETECTED,No,SUSPECTED SERIOUS INJURY,NOT DISTRACTED,MD,PASSENGER CAR,35,2012,HONDA,ACCORD
MCP30450033,200023459,Montgomery County Police,Property Damage Crash,06/15/2020 01:08:00 PM,County,ROCKLEDGE DR,DEMOCRACY BLVD,STRAIGHT MOVEMENT ANGLE,CLEAR,DRY,DAYLIGHT,NO CONTROLS,NONE DETECTED,Yes,NO APPARENT INJURY,LOOKED BUT DID NOT SEE,MD,(SPORT) UTILITY VEHICLE,35,2016,JEEP,GRAND CHEROKE
MCP2948006R,240009128,MONTGOMERY,Property Damage Crash,02/24/2024 05:31:00 PM,County Route,RANDOLPH RD,,Front to Rear,Cloudy,Dry,Daylight,Traffic Control Signal,"Unknown, Unknown",No,No Apparent Injury,Unknown,,Passenger Car,35,2011,HONDA,CIVIC
MCP2737005Z,230068000,Montgomery County Police,Injury Crash,11/24/2023 02:21:00 AM,Maryland (State),NEW HAMPSHIRE AVE,GOOD HOPE RD,STRAIGHT MOVEMENT ANGLE,CLEAR,DRY,DARK LIGHTS ON,TRAFFIC SIGNAL,NONE DETECTED,Yes,NO APPARENT INJURY,UNKNOWN,MD,"OTHER LIGHT TRUCKS (10,000LBS (4,536KG) OR LESS)",35,2014,HONDA,TK
MCP3221001B,200036544,Montgomery County Police,Property Damage Crash,09/18/2020 12:37:00 AM,County,SEVEN LOCKS RD,MONTROSE RD,STRAIGHT MOVEMENT ANGLE,RAINING,WET,DARK NO LIGHTS,TRAFFIC SIGNAL,NONE DETECTED,Yes,NO APPARENT INJURY,LOOKED BUT DID NOT SEE,MD,PASSENGER CAR,35,2019,MAZDA,MX5
MCP1022007L,170520152,Montgomery County Police,Property Damage Crash,07/20/2017 11:48:00 AM,County,MUNCASTER RD,ANNAMARIE CT,SINGLE VEHICLE,CLEAR,DRY,DAYLIGHT,NO CONTROLS,NONE DETECTED,Yes,NO APPARENT INJURY,NOT DISTRACTED,MD,PASSENGER CAR,30,2012,MERZ,C300
MCP30090092,250040642,MONTGOMERY,Property Damage Crash,09-10-25 11:20,Bicycle Route,,,Front to Rear,Rain,Wet,Daylight,Traffic Control Signal,"Not Suspect of Alcohol Use, Not Suspect of Drug Use",No,No Apparent Injury,Not Distracted,MD,Pickup,45,2020,CHEVROLET,COLORADO
MCP3180000C,190017498,Montgomery County Police,Property Damage Crash,04/14/2019 08:55:00 PM,Maryland (State),NEW HAMPSHIRE AVE,GREENBRIDGE RD,OPPOSITE DIRECTION SIDESWIPE,,WET,DARK -- UNKNOWN LIGHTING,NO CONTROLS,ILLEGAL DRUG CONTRIBUTED,Yes,NO APPARENT INJURY,OTHER DISTRACTION,MD,"OTHER LIGHT TRUCKS (10,000LBS (4,536KG) OR LESS)",40,2003,FORD,DS
DM8493001J,230011859,Takoma Park Police Depart,Injury Crash,03-10-23 18:59,Maryland (State),PHILADELPHIA AVE,PINEY BRANCH RD,STRAIGHT MOVEMENT ANGLE,RAINING,WET,DARK LIGHTS ON,TRAFFIC SIGNAL,,No,POSSIBLE INJURY,NOT DISTRACTED,MD,PASSENGER CAR,25,2013,HONDA,CRV
MCP2475004F,190058693,Montgomery County Police,Property Damage Crash,12-06-19 14:00,Maryland (State),PINEY BRANCH RD,DALE DR,SAME DIR REAR END,,DRY,DAYLIGHT,NO CONTROLS,UNKNOWN,Yes,NO APPARENT INJURY,NOT DISTRACTED,,PASSENGER CAR,40,2014,MERZ,4S
MCP1213001K,16028223,Montgomery County Police,Injury Crash,06-05-16 20:27,County,RANDOLPH RD,HAWKESBURY LA,SAME DIR REAR END,CLEAR,WET,DAYLIGHT,TRAFFIC SIGNAL,NONE DETECTED,No,NO APPARENT INJURY,NOT DISTRACTED,MD,PASSENGER CAR,45,2007,ACURA,TSX
MCP2102002G,200039024,Montgomery County Police,Property Damage Crash,10-04-20 9:36,Maryland (State),WOODFIELD RD,FIELDCREST RD,SAME DIR REAR END,CLEAR,DRY,DAYLIGHT,TRAFFIC SIGNAL,NONE DETECTED,No,NO APPARENT INJURY,NOT DISTRACTED,MD,PASSENGER CAR,45,2008,HONDA,ACCORD 4S
MCP2708009Q,250053125,MONTGOMERY,Property Damage Crash,11/26/2025 07:54:00 PM,County Route,POWDER MILL RD,,"Sideswipe, Same Direction",Clear,Dry,Dark - Lighted,No Controls,"Not Suspect of Alcohol Use, Not Suspect of Drug Use",No,No Apparent Injury,Not Distracted,MD,Passenger Car,35,2012,ACURA,TSX
MCP2358003L,170520572,Montgomery County Police,Property Damage Crash,07/22/2017 02:54:00 PM,Maryland (State),RIVER RD,NORTON RD,SAME DIR REAR END,RAINING,WET,DAYLIGHT,NO CONTROLS,NONE DETECTED,No,NO APPARENT INJURY,NOT DISTRACTED,DC,PASSENGER CAR,35,2008,BMW,528
MCP32140014,210015213,Montgomery County Police,Property Damage Crash,04/23/2021 11:20:00 PM,,,,OTHER,,,DARK LIGHTS ON,NO CONTROLS,NONE DETECTED,Yes,NO APPARENT INJURY,INATTENTIVE OR LOST IN THOUGHT,MD,PASSENGER CAR,25,2021,TOYOTA,RAV4
MCP2650000M,180023979,Montgomery County Police,Property Damage Crash,05/16/2018 02:29:00 AM,County,MACARTHUR BLVD,WILSON LA,SINGLE VEHICLE,CLEAR,WET,DARK LIGHTS ON,TRAFFIC SIGNAL,NONE DETECTED,Yes,NO APPARENT INJURY,NOT DISTRACTED,TX,PASSENGER CAR,10,2017,CADILLAC,CT6
MCP29660025,16030494,Montgomery County Police,Property Damage Crash,06/16/2016 05:13:00 PM,Maryland (State),NORBECK RD,MUNCASTER MILL RD,ANGLE MEETS LEFT TURN,,DRY,DAYLIGHT,TRAFFIC SIGNAL,NONE DETECTED,No,NO APPARENT INJURY,LOOKED BUT DID NOT SEE,MD,PASSENGER CAR,45,2005,HONDA,PILOT
MCP2052002V,230003551,Montgomery County Police,Injury Crash,01/22/2023 12:25:00 PM,County,SHADY GROVE RD,RAMP 1 FR IS 270 NB TO SHADY GROVE RD WB,ANGLE MEETS LEFT HEAD ON,RAINING,WET,DAYLIGHT,TRAFFIC SIGNAL,NONE DETECTED,No,SUSPECTED MINOR INJURY,NOT DISTRACTED,MD,(SPORT) UTILITY VEHICLE,35,2015,CHEVY,TRAVERSE
MCP24200024,17014697,Montgomery County Police,Property Damage Crash,03/22/2017 04:05:00 PM,,,,SINGLE VEHICLE,,,DAYLIGHT,NO CONTROLS,ILLEGAL DRUG PRESENT,Yes,NO APPARENT INJURY,NOT DISTRACTED,MD,PASSENGER CAR,0,1991,HOND,SW
MCP94320013,15057368,MONTGOMERY,Property Damage Crash,11-10-15 16:18,,,,SAME DIRECTION SIDESWIPE,RAINING,,DAYLIGHT,NO CONTROLS,NONE DETECTED,No,NO APPARENT INJURY,NOT DISTRACTED,MD,(SPORT) UTILITY VEHICLE,30,2005,KIA,SPORTAGE
MCP2981002H,190012932,Montgomery County Police,Property Damage Crash,03/20/2019 05:30:00 PM,,,,SAME DIRECTION SIDESWIPE,,,DAYLIGHT,NO CONTROLS,UNKNOWN,Yes,NO APPARENT INJURY,UNKNOWN,,PASSENGER CAR,0,2008,TOYOTA,4S
MCP2905001V,16036231,Montgomery County Police,Injury Crash,07/17/2016 05:08:00 PM,Maryland (State),RIVER RD,DEVONSHIRE DR,SINGLE VEHICLE,CLEAR,DRY,DAYLIGHT,NO CONTROLS,,Yes,SUSPECTED MINOR INJURY,UNKNOWN,MD,PASSENGER CAR,45,2005,TOYOTA,CAMRY
MCP21160088,180012621,Montgomery County Police,Injury Crash,03/13/2018 02:23:00 PM,County,SENECA RD,RIVER RD,SINGLE VEHICLE,CLEAR,DRY,DAYLIGHT,NO CONTROLS,NONE DETECTED,Yes,SUSPECTED MINOR INJURY,INATTENTIVE OR LOST IN THOUGHT,PA,PICKUP TRUCK,40,2005,FORD,TK
MCP2667004Q,180023612,Montgomery County Police,Injury Crash,05/14/2018 06:55:00 AM,County,MUNCASTER RD,WILD FLOWER CT,HEAD ON,CLOUDY,WET,DAYLIGHT,,NONE DETECTED,Yes,POSSIBLE INJURY,NOT DISTRACTED,MD,PASSENGER CAR,30,2005,CHEV,VN
DD5583006N,200051218,Rockville Police Departme,Property Damage Crash,12/29/2020 01:55:00 PM,Maryland (State),NORBECK RD,AVERY RD,SAME DIR REAR END,CLEAR,DRY,,,,No,NO APPARENT INJURY,NOT DISTRACTED,MD,"MEDIUM/HEAVY TRUCKS 3 AXLES (OVER 10,000LBS (4,536KG))",50,2011,FREIGHTLINER,TRUCK
MCP29020063,230024660,Montgomery County Police,Property Damage Crash,05/23/2023 08:52:00 AM,County,CRYSTAL ROCK DR,GERMANTOWN RD,SAME DIRECTION SIDESWIPE,CLEAR,DRY,DAYLIGHT,NO CONTROLS,,No,NO APPARENT INJURY,NOT DISTRACTED,MD,VAN,25,2011,TOYOTA,SIENNA
MCP9442000Y,170515970,Montgomery County Police,Property Damage Crash,06/27/2017 09:59:00 AM,County,WIGHTMAN RD,ASPENWOOD LA,HEAD ON LEFT TURN,CLEAR,DRY,DAYLIGHT,NO CONTROLS,,Yes,NO APPARENT INJURY,NOT DISTRACTED,MD,PASSENGER CAR,35,2008,SATURN,VUE
EJ7898004R,24005408,GAITHERSBURG,Injury Crash,11-11-24 6:10,Municipality Route,RUSSELL AVE (SB/L),,Single Vehicle,Clear,Wet,Dark - Lighted,No Controls,"Unknown, Unknown",Yes,Possible Injury,Unknown,MD,Passenger Car,25,2015,CHRYSLER,200
MCP14380067,180023020,Montgomery County Police,Injury Crash,05-10-18 14:45,County,SHADY GROVE RD,RAMP 6 FR SHADY GROVE RD EB TO IS 270 SB,SAME DIR REAR END,CLEAR,DRY,DAYLIGHT,TRAFFIC SIGNAL,NONE DETECTED,No,POSSIBLE INJURY,NOT DISTRACTED,MD,PASSENGER CAR,40,2017,TOYT,TK
MCP3238002R,230055381,Montgomery County Police,Injury Crash,09/17/2023 01:42:00 PM,US (State),COLESVILLE RD,NOYES DR,HEAD ON LEFT TURN,,DRY,DAYLIGHT,NO CONTROLS,NONE DETECTED,Yes,NO APPARENT INJURY,NOT DISTRACTED,MD,PASSENGER CAR,35,2004,CHEV,UT
MCP2870001S,16045841,Montgomery County Police,Injury Crash,09-07-16 17:52,County,FOREST GLEN RD,SLIGO CREEK PKWY,STRAIGHT MOVEMENT ANGLE,RAINING,WET,DAYLIGHT,TRAFFIC SIGNAL,NONE DETECTED,Unknown,NO APPARENT INJURY,NOT DISTRACTED,DC,PASSENGER CAR,30,2007,CHEV,SILVERADO
MCP241100DB,240032138,MONTGOMERY,Property Damage Crash,07-08-24 13:58,County Route,RANDOLPH RD,,Other,Clear,Dry,Daylight,Other,"Not Suspect of Alcohol Use, Not Suspect of Drug Use",No,No Apparent Injury,Not Distracted,MD,Passenger Car,30,2016,FORD,UNKNOWN
MCP3086009H,230052554,Montgomery County Police,Injury Crash,09-01-23 6:45,County,MIDCOUNTY HWY,SPUR TO SHADY GROVE RD,SAME DIR REAR END,CLEAR,DRY,DAYLIGHT,NO CONTROLS,NONE DETECTED,Yes,NO APPARENT INJURY,NOT DISTRACTED,MD,VAN,45,2015,RAM,CG
MCP3067002F,220028878,Montgomery County Police,Property Damage Crash,07-05-22 19:45,Municipality,FALLSGROVE BLVD,PRETTYMAN DR,STRAIGHT MOVEMENT ANGLE,CLEAR,DRY,DAYLIGHT,STOP SIGN,,No,NO APPARENT INJURY,NOT DISTRACTED,MD,PASSENGER CAR,25,2007,HONDA,ACCORD
MCP2746000M,15000166,Montgomery County Police,Injury Crash,01-01-15 20:54,Maryland (State),GEORGIA AVE,KAYSON ST,HEAD ON LEFT TURN,CLEAR,DRY,DARK LIGHTS ON,NO CONTROLS,NONE DETECTED,No,SUSPECTED MINOR INJURY,NOT DISTRACTED,MD,PASSENGER CAR,45,2003,HYUNDAI,SANTA FE
MCP30380025,180026657,Montgomery County Police,Property Damage Crash,05/30/2018 09:45:00 PM,County,TUCKERMAN LA,KINGS RIDING WAY,SINGLE VEHICLE,RAINING,WET,DARK LIGHTS ON,NO CONTROLS,ALCOHOL PRESENT,Yes,NO APPARENT INJURY,UNKNOWN,MD,PASSENGER CAR,30,2015,TOYOTA,COROLLA
MCP2469000F,15007585,Montgomery County Police,Injury Crash,02/15/2015 09:39:00 AM,County,CALVERTON BLVD,LEMAR ST,HEAD ON,WINTRY MIX,ICE,DAYLIGHT,NO CONTROLS,NONE DETECTED,Yes,NO APPARENT INJURY,NOT DISTRACTED,MD,(SPORT) UTILITY VEHICLE,30,2003,ACURA,MDX
MCP2837006K,240059151,MONTGOMERY,Property Damage Crash,12-11-24 7:30,Maryland (State) Route,DARNESTOWN RD,,Front to Rear,Rain,Wet,Dawn,No Controls,"Not Suspect of Alcohol Use, Not Suspect of Drug Use",Yes,No Apparent Injury,Unknown,MD,Van - Passenger (&lt;9 Seats),40,2017,RAM,PROMASTER 1500
MCP2936000K,15039653,MONTGOMERY,Property Damage Crash,08-09-15 17:48,County,MONTROSE RD,RAMP 4 FR IS 270 NB TO MONTROSE RD EB,SAME DIRECTION LEFT TURN,CLEAR,DRY,DAYLIGHT,YIELD SIGN,,Yes,NO APPARENT INJURY,INATTENTIVE OR LOST IN THOUGHT,,PASSENGER CAR,40,2009,UNKNOWN,UNKNOWN
MCP08720010,16057075,Montgomery County Police,Property Damage Crash,11-05-16 9:53,US (State),COLESVILLE RD,SOUTHWOOD AVE,SAME DIR REAR END,CLEAR,DRY,DAYLIGHT,TRAFFIC SIGNAL,NONE DETECTED,No,NO APPARENT INJURY,NOT DISTRACTED,MD,PASSENGER CAR,40,1999,AUDI,SW
MCP30500047,200000491,Montgomery County Police,Property Damage Crash,01-03-20 18:41,Maryland (State),CONNECTICUT AVE,ASPEN HILL RD,SAME DIR REAR END,RAINING,WET,DARK LIGHTS ON,NO CONTROLS,NONE DETECTED,Yes,NO APPARENT INJURY,UNKNOWN,MD,PICKUP TRUCK,35,1986,NISSAN,FRONTIER
MCP3236000T,200022659,Montgomery County Police,Injury Crash,06-09-20 12:12,County,DENNIS AVE,TENBROOK DR,STRAIGHT MOVEMENT ANGLE,CLEAR,DRY,DAYLIGHT,STOP SIGN,,Yes,NO APPARENT INJURY,LOOKED BUT DID NOT SEE,DC,PASSENGER CAR,25,2017,TOYOTA,RAV4
MCP2877006Z,190029326,Montgomery County Police,Property Damage Crash,06/19/2019 02:40:00 PM,Maryland (State),16TH ST,COLESVILLE RD,SAME DIRECTION SIDESWIPE,CLEAR,DRY,DAYLIGHT,YIELD SIGN,NONE DETECTED,No,NO APPARENT INJURY,NOT DISTRACTED,MD,PASSENGER CAR,35,2014,HONDA,CRV
MCP3017001Z,22002134,Montgomery County Police,Injury Crash,05/21/2022 01:58:00 AM,County,EMORY GROVE RD,WATERSHED CT,SINGLE VEHICLE,CLEAR,,DARK NO LIGHTS,NO CONTROLS,NONE DETECTED,Yes,POSSIBLE INJURY,LOOKED BUT DID NOT SEE,MD,PASSENGER CAR,30,2020,CHEVY,TK
MCP2853001H,16004456,Montgomery County Police,Property Damage Crash,01/27/2016 07:56:00 PM,Maryland (State),UNIVERSITY BLVD E,PINEY BRANCH RD,SAME DIRECTION SIDESWIPE,CLEAR,WET,DARK LIGHTS ON,NO CONTROLS,UNKNOWN,Yes,NO APPARENT INJURY,UNKNOWN,,PASSENGER CAR,40,2003,LEXUS,2D
DM84510016,17015810,Takoma Park Police Depart,Property Damage Crash,03/28/2017 04:08:00 PM,,,,SINGLE VEHICLE,CLEAR,,DAYLIGHT,,NONE DETECTED,Yes,NO APPARENT INJURY,INATTENTIVE OR LOST IN THOUGHT,MD,PASSENGER CAR,10,2012,TOYOTA,PRIUS
MCP2335002D,240059972,MONTGOMERY,Property Damage Crash,12/15/2024 08:08:00 PM,Maryland (State) Route,FREDERICK RD,,Single Vehicle,"Fog, Smog, Smoke",Wet,Dark - Not Lighted,No Controls,"Not Suspect of Alcohol Use, Not Suspect of Drug Use",No,No Apparent Injury,Not Distracted,MD,Passenger Car,40,2019,DODGE,CHARGER
MCP1378012V,220051811,Montgomery County Police,Injury Crash,11/23/2022 12:04:00 PM,Maryland (State),NEW HAMPSHIRE AVE,VENICE DR,SAME DIR REAR END,CLEAR,DRY,DAYLIGHT,TRAFFIC SIGNAL,NONE DETECTED,Yes,POSSIBLE INJURY,NOT DISTRACTED,MD,PASSENGER CAR,40,2004,MAZDA,6
MCP2893001M,15052600,MONTGOMERY,Property Damage Crash,10/16/2015 07:19:00 PM,County,STRINGTOWN RD,SNOWDEN FARM PKWY,STRAIGHT MOVEMENT ANGLE,CLEAR,DRY,DARK LIGHTS ON,STOP SIGN,NONE DETECTED,No,NO APPARENT INJURY,NOT DISTRACTED,MD,PASSENGER CAR,35,2012,NISS,4S
MCP2978001P,17009610,Montgomery County Police,Injury Crash,02/22/2017 05:54:00 PM,Maryland (State),DARNESTOWN RD,TURKEY FOOT RD,SAME DIR REAR END,CLEAR,DRY,DUSK,,NONE DETECTED,No,POSSIBLE INJURY,NOT DISTRACTED,MD,PASSENGER CAR,30,2009,HONDA,VAN
EJ77800004,15009300,Gaithersburg Police Depar,Property Damage Crash,02/26/2015 06:36:00 PM,Maryland (State),GREAT SENECA HWY,QUINCE ORCHARD RD,SAME DIR REAR END,CLEAR,WET,DARK LIGHTS ON,,NONE DETECTED,Yes,NO APPARENT INJURY,NOT DISTRACTED,MD,PICKUP TRUCK,55,2008,SUZU,4S
DD5635000Z,190025641,Rockville Police Departme,Property Damage Crash,05/29/2019 04:44:00 PM,,,,OTHER,,,DAYLIGHT,,UNKNOWN,Yes,NO APPARENT INJURY,UNKNOWN,MD,PASSENGER CAR,0,2004,MERZ,4S