Report Number,Local Case Number,Agency Name,ACRS Report Type,Crash Date/Time,Route Type,Road Name,Cross-Street Name,Collision Type,Weather,Surface Condition,Light,Traffic Control,Driver Substance Abuse,Driver At Fault,Injury Severity,Driver Distracted By,Drivers License State,Vehicle Body Type,Speed Limit,Vehicle Year,Vehicle Make,Vehicle Model
MCP2969009K,200048453,Montgomery County Police,Property Damage Crash,12-09-20 6:42,Maryland (State),NEW HAMPSHIRE AVE,MIDLAND RD,STRAIGHT MOVEMENT ANGLE,CLEAR,DRY,DUSK,NO CONTROLS,NONE DETECTED,No,NO APPARENT INJURY,NOT DISTRACTED,MD,"CARGO VAN/LIGHT TRUCK 2 AXLES (OVER 10,000LBS (4,536 KG))",40,2012,CHEV,EXPRESS
MCP2917000M,15033699,MONTGOMERY,Property Damage Crash,07-09-15 21:01,County,ASPEN HILL RD,CONNECTICUT AVE,HEAD ON LEFT TURN,CLEAR,DRY,DARK LIGHTS ON,NO CONTROLS,NONE DETECTED,Yes,NO APPARENT INJURY,NOT DISTRACTED,MD,PICKUP TRUCK,30,2010,FORD,F150
MCP28920024,17010589,Montgomery County Police,Injury Crash,02/27/2017 08:43:00 PM,Maryland (State),GEORGIA AVE,FOREST GLEN RD,HEAD ON LEFT TURN,RAINING,WET,DARK LIGHTS ON,TRAFFIC SIGNAL,NONE DETECTED,Yes,NO APPARENT INJURY,NOT DISTRACTED,TX,PASSENGER CAR,35,2015,VOLKSWAGON,4D
MCP2969000W,15042074,MONTGOMERY,Injury Crash,08/22/2015 12:21:00 PM,Maryland (State),VEIRS MILL RD,GAIL ST,STRAIGHT MOVEMENT ANGLE,CLEAR,DRY,DAYLIGHT,STOP SIGN,NONE DETECTED,No,SUSPECTED MINOR INJURY,UNKNOWN,MD,PASSENGER CAR,40,2014,FORD,FOCUS
MCP2930002S,230004138,Montgomery County Police,Injury Crash,01/25/2023 04:51:00 PM,Maryland (State),GEORGIA AVE,BEL PRE RD,SAME DIR REAR END,RAINING,WET,DAYLIGHT,NO CONTROLS,NONE DETECTED,No,NO APPARENT INJURY,NOT DISTRACTED,MD,PASSENGER CAR,45,2016,SUBA,SW
MCP2848005M,170546709,Montgomery County Police,Property Damage Crash,12-05-17 12:15,Maryland (State),OLD GEORGETOWN RD,LONE OAK DR,STRAIGHT MOVEMENT ANGLE,CLEAR,DRY,DAYLIGHT,NO CONTROLS,NONE DETECTED,Yes,NO APPARENT INJURY,LOOKED BUT DID NOT SEE,MD,PASSENGER CAR,40,2013,HYUNDAI,GENESIS
MCP2977009Q,220044856,Montgomery County Police,Property Damage Crash,10/13/2022 11:52:00 AM,County,LOCKWOOD DR,BURNT MILLS AVE,HEAD ON LEFT TURN,RAINING,WET,DAYLIGHT,STOP SIGN,NONE DETECTED,No,NO APPARENT INJURY,NOT DISTRACTED,MD,TRANSIT BUS,30,2021,NFLY,548
MCP120500CM,240062140,MONTGOMERY,Property Damage Crash,12/30/2024 10:15:00 AM,Interstate (State),CAPITAL BELTWAY (WB/L),,Front to Rear,Clear,Dry,Daylight,No Controls,"Unknown, Unknown",No,No Apparent Injury,Unknown,,Truck Tractor,55,0,,
DD5674000T,240061627,ROCKVILLE,Injury Crash,12/26/2024 03:46:00 PM,Maryland (State) Route,,,Front to Front,Clear,Dry,Daylight,No Controls,"Not Suspect of Alcohol Use, Not Suspect of Drug Use",Yes,No Apparent Injury,"Other Action (looking away from task, etc.)",GA,Passenger Car,25,2020,DODGE,DURANGO
MCP29040083,210048134,Montgomery County Police,Injury Crash,11/27/2021 09:40:00 AM,County,FOREST GLEN RD,FOREST GROVE DR,STRAIGHT MOVEMENT ANGLE,CLEAR,DRY,DAYLIGHT,NO CONTROLS,NONE DETECTED,Yes,POSSIBLE INJURY,UNKNOWN,MD,PASSENGER CAR,35,2017,NISSAN,SENTRA
MCP3034003H,190026843,Montgomery County Police,Property Damage Crash,06-05-19 10:46,Maryland (State),RIVER RD,DORSET AVE,STRAIGHT MOVEMENT ANGLE,CLEAR,DRY,DAYLIGHT,NO CONTROLS,NONE DETECTED,Yes,NO APPARENT INJURY,NOT DISTRACTED,FL,PASSENGER CAR,35,2018,SUBARU,CROSSTREK
EJ78260029,170522504,Gaithersburg Police Depar,Injury Crash,08-02-17 12:56,Maryland (State),W DIAMOND AVE,ENT TO BUSINESS,HEAD ON LEFT TURN,CLEAR,DRY,DAYLIGHT,NO CONTROLS,,Yes,NO APPARENT INJURY,LOOKED BUT DID NOT SEE,VA,PASSENGER CAR,35,2001,TOYOTA,TACOMA
MCP1221002L,16053510,Montgomery County Police,Injury Crash,10/18/2016 09:07:00 AM,Interstate (State),EISENHOWER MEMORIAL HWY,BEGIN BRIDGE,SAME DIR REAR END,CLEAR,DRY,DAYLIGHT,NO CONTROLS,NONE DETECTED,Yes,NO APPARENT INJURY,UNKNOWN,MD,PASSENGER CAR,55,2010,FORD,FUSION
DD5637000Y,200001711,Rockville Police Departme,Injury Crash,01-10-20 16:59,,,,SINGLE VEHICLE,CLEAR,,DAWN,NO CONTROLS,NONE DETECTED,Yes,NO APPARENT INJURY,LOOKED BUT DID NOT SEE,MD,PASSENGER CAR,0,2019,TOYOTA,CHR
MCP30120062,200005122,Montgomery County Police,Injury Crash,01/31/2020 11:26:00 AM,County,BOWIE MILL RD,BREADY RD,STRAIGHT MOVEMENT ANGLE,CLEAR,DRY,DAYLIGHT,STOP SIGN,,Yes,POSSIBLE INJURY,INATTENTIVE OR LOST IN THOUGHT,MD,(SPORT) UTILITY VEHICLE,30,2018,TOYOTA,RAV4
MCP2902006T,240037341,MONTGOMERY,Property Damage Crash,08-08-24 6:15,County Route,MATENEY RD,,Front to Rear,Rain,Wet,Dark - Lighted,Traffic Control Signal,"Not Suspect of Alcohol Use, Not Suspect of Drug Use",No,No Apparent Injury,Not Distracted,MD,Passenger Car,45,2021,HYUNDAI,ELANTRA
MCP913000B0,200033458,Montgomery County Police,Property Damage Crash,08/27/2020 08:05:00 AM,Maryland (State),NEW HAMPSHIRE AVE,RAMP 3 FR IS 495 EB TO MD 650 NB,SAME DIR REAR END,CLOUDY,DRY,DAYLIGHT,NO CONTROLS,NONE DETECTED,No,NO APPARENT INJURY,NOT DISTRACTED,MD,PICKUP TRUCK,30,2014,CHEVROLET,SILVERADO
MCP21210032,240003161,MONTGOMERY,Property Damage Crash,01/21/2024 05:37:00 AM,Maryland (State) Route,WHITES FERRY RD,,Angle,Blowing Snow,Snow,Dark - Not Lighted,No Controls,"Not Suspect of Alcohol Use, Not Suspect of Drug Use",No,No Apparent Injury,Not Distracted,MD,Passenger Car,45,2008,TOYOTA,COROLLA
MCP1119005Q,180041824,Montgomery County Police,Property Damage Crash,08/22/2018 03:49:00 PM,Maryland (State),GEORGIA AVE,REEDIE DR,OTHER,CLEAR,DRY,DAYLIGHT,TRAFFIC SIGNAL,NONE DETECTED,Yes,NO APPARENT INJURY,NOT DISTRACTED,MD,PASSENGER CAR,35,2014,FORD,FUSION
MCP25680004,15031859,MONTGOMERY,Injury Crash,06/29/2015 10:38:00 PM,County,SHADY GROVE RD,CHOKE CHERRY RD,SAME DIRECTION RIGHT TURN,CLEAR,DRY,DARK LIGHTS ON,NO CONTROLS,NONE DETECTED,No,NO APPARENT INJURY,NOT DISTRACTED,MD,(SPORT) UTILITY VEHICLE,40,1996,JEEP,CHEROKEE
MCP32710053,240049327,MONTGOMERY,Property Damage Crash,10/15/2024 05:30:00 PM,County Route,DEMOCRACY BLVD,,Front to Rear,Clear,Dry,Daylight,No Controls,"Not Suspect of Alcohol Use, Not Suspect of Drug Use",No,No Apparent Injury,Not Distracted,MD,Passenger Car,45,2022,POLESTAR,PS2
MCP2768000C,16053680,Montgomery County Police,Property Damage Crash,10/18/2016 09:42:00 PM,Ramp,RAMP 4 FR IS 270 NB TO MD 189 EB,FALLS RD,SAME DIR REAR END,CLEAR,DRY,DARK LIGHTS ON,YIELD SIGN,,Yes,NO APPARENT INJURY,UNKNOWN,MD,PASSENGER CAR,15,1996,INFINITY,Q80
MCP26920018,180052207,Montgomery County Police,Property Damage Crash,10/18/2018 03:07:00 PM,Maryland (State),UNIVERSITY BLVD W,VEIRS MILL RD,SAME DIRECTION SIDESWIPE,CLEAR,DRY,DAYLIGHT,TRAFFIC SIGNAL,NONE DETECTED,No,NO APPARENT INJURY,NOT DISTRACTED,MD,"MEDIUM/HEAVY TRUCKS 3 AXLES (OVER 10,000LBS (4,536KG))",40,2015,KW,TT
MCP3156003D,250013211,MONTGOMERY,Property Damage Crash,03/26/2025 11:30:00 AM,Maryland (State) Route,UNIVERSITY BLVD E,,Other,Clear,Dry,Daylight,Intersection Ahead Warning Sign,"Not Suspect of Alcohol Use, Not Suspect of Drug Use",No,No Apparent Injury,Not Distracted,MD,Passenger Car,35,2019,CADILLAC,CT6
MCP3021006X,230060501,Montgomery County Police,Property Damage Crash,10/14/2023 03:00:00 PM,County,BROADBIRCH DR,CHERRY HILL RD,HEAD ON LEFT TURN,RAINING,WET,DAYLIGHT,NO CONTROLS,,Yes,NO APPARENT INJURY,NOT DISTRACTED,MD,PASSENGER CAR,30,2002,TOYOTA,TUNDRA
MCP2830004B,190010794,Montgomery County Police,Property Damage Crash,03-08-19 11:30,Maryland (State),GEORGIA AVE,QUEEN MARY DR,STRAIGHT MOVEMENT ANGLE,SNOW,OTHER,DAYLIGHT,STOP SIGN,NONE DETECTED,Yes,NO APPARENT INJURY,LOOKED BUT DID NOT SEE,MD,(SPORT) UTILITY VEHICLE,30,2005,HOND,TK
MCP29650027,170519412,Montgomery County Police,Property Damage Crash,07/22/2017 01:03:00 PM,County,MORNINGSIDE LA,MORNINGSIDE CT,ANGLE MEETS LEFT HEAD ON,CLEAR,DRY,DAYLIGHT,NO CONTROLS,NONE DETECTED,No,NO APPARENT INJURY,NOT DISTRACTED,MD,PASSENGER CAR,25,2008,TOYOTA,VAN
EJ7893000W,220020145,Gaithersburg Police Depar,Injury Crash,05-12-22 8:37,County,SHADY GROVE RD,RAMP 6 FR SHADY GROVE RD EB TO IS 270 SB,OTHER,CLOUDY,DRY,DAYLIGHT,TRAFFIC SIGNAL,NONE DETECTED,Yes,NO APPARENT INJURY,LOOKED BUT DID NOT SEE,MD,PASSENGER CAR,40,2015,TOYT,TK
MCP3264003T,230027699,Montgomery County Police,Injury Crash,06-09-23 7:45,Maryland (State),EAST WEST HWY,ENT TO BUSINESS,OTHER,CLEAR,DRY,DAYLIGHT,NO CONTROLS,NONE DETECTED,Yes,NO APPARENT INJURY,LOOKED BUT DID NOT SEE,DC,PASSENGER CAR,5,2013,LEXUS,UT
MCP137800PW,190009676,Montgomery County Police,Property Damage Crash,03-01-19 12:56,US (State),COLESVILLE RD,SOUTHWOOD AVE,SINGLE VEHICLE,CLOUDY,DRY,DAYLIGHT,TRAFFIC SIGNAL,NONE DETECTED,Yes,NO APPARENT INJURY,NOT DISTRACTED,MD,PASSENGER CAR,40,2012,HOND,ACCORD
MCP3249000P,200037890,Montgomery County Police,Property Damage Crash,09/26/2020 03:43:00 PM,,,,OTHER,CLEAR,,DAYLIGHT,NO CONTROLS,NONE DETECTED,No,NO APPARENT INJURY,NOT DISTRACTED,MD,PASSENGER CAR,5,2005,MERCEDES,4S
MCP2877006X,190025791,Montgomery County Police,Injury Crash,05/30/2019 02:17:00 PM,County,BLAIR MILL RD,EASTERN DR,OTHER,CLEAR,DRY,DAYLIGHT,NO CONTROLS,NONE DETECTED,No,NO APPARENT INJURY,NOT DISTRACTED,MD,PASSENGER CAR,25,2004,CADILLAC,CTS
MCP3078001M,180028504,Montgomery County Police,Property Damage Crash,06-09-18 11:35,Maryland (State),UNIVERSITY BLVD W,GEORGIA AVE,SAME DIRECTION SIDESWIPE,CLEAR,DRY,DAYLIGHT,TRAFFIC SIGNAL,,No,NO APPARENT INJURY,NOT DISTRACTED,MD,PASSENGER CAR,35,1992,TOYOTA,4S
EJ7853000Q,15028394,Gaithersburg Police Depar,Injury Crash,06-11-15 15:24,County,DIAMONDBACK DR,SAM EIG HWY,SAME DIR REAR END,CLEAR,DRY,DAYLIGHT,TRAFFIC SIGNAL,NONE DETECTED,No,SUSPECTED MINOR INJURY,NOT DISTRACTED,MD,PASSENGER CAR,30,2014,CHEVROLET,CRUZE LTZ
MCP26350055,190009027,Montgomery County Police,Property Damage Crash,02/25/2019 05:41:00 PM,County,CASHELL RD,HINES RD,SAME DIR REAR END,CLEAR,DRY,DAYLIGHT,NO CONTROLS,,Yes,NO APPARENT INJURY,UNKNOWN,MD,PASSENGER CAR,30,2006,MERCEDES BENZ,C280
MCP21070065,250001772,MONTGOMERY,Property Damage Crash,01/14/2025 07:34:00 AM,County Route,,,Angle,Clear,Dry,Daylight,Other,"Not Suspect of Alcohol Use, Not Suspect of Drug Use",No,No Apparent Injury,Not Distracted,MD,Passenger Car,35,2014,KIA,FORTE
MCP28910073,180055302,Montgomery County Police,Property Damage Crash,11-04-18 11:17,County,SPRING ST,CAMERON ST,SAME DIR REAR END,CLEAR,DRY,DAYLIGHT,,NONE DETECTED,Yes,NO APPARENT INJURY,NOT DISTRACTED,MD,PASSENGER CAR,35,2016,DODGE,CHALLENGER
MCP12350049,220034755,Montgomery County Police,Property Damage Crash,08-12-22 18:10,US (State),COLESVILLE RD,UNIVERSITY BLVD E,SAME DIR REAR END,CLEAR,DRY,DAYLIGHT,NO CONTROLS,NONE DETECTED,Yes,NO APPARENT INJURY,NOT DISTRACTED,MD,MOTORCYCLE,40,2022,HARLEY DAVIDSON,114CI
MCP3341002P,230065277,Montgomery County Police,Injury Crash,11-09-23 7:00,County,CONNECTICUT AVE,GRAND PRE RD,STRAIGHT MOVEMENT ANGLE,CLEAR,DRY,DAYLIGHT,STOP SIGN,,Yes,POSSIBLE INJURY,UNKNOWN,MD,PASSENGER CAR,35,2010,HONDA,CIVIC
MCP9113004F,190003334,Montgomery County Police,Injury Crash,01/22/2019 09:34:00 AM,County,ASPEN HILL RD,ADRIAN ST,STRAIGHT MOVEMENT ANGLE,CLEAR,DRY,DAYLIGHT,NO CONTROLS,NONE DETECTED,No,NO APPARENT INJURY,NOT DISTRACTED,MD,PASSENGER CAR,30,2010,TOYT,4S
MCP30750050,250036823,MONTGOMERY,Property Damage Crash,08/18/2025 05:26:00 AM,County Route,BRINK RD,RIDGE RD,Other,Clear,Dry,Dark - Lighted,Flashing Traffic Control Signal,"Not Suspect of Alcohol Use, Not Suspect of Drug Use",No,No Apparent Injury,Not Distracted,MD,Passenger Car,40,2019,CHRYSLER,300
MCP1213008X,230072841,Montgomery County Police,Property Damage Crash,12/20/2023 08:03:00 PM,County,BRIGGS CHANEY RD,PEACH ORCHARD RD,SAME DIR REAR END,CLEAR,DRY,DARK LIGHTS ON,NO CONTROLS,NONE DETECTED,Yes,NO APPARENT INJURY,LOOKED BUT DID NOT SEE,MD,(SPORT) UTILITY VEHICLE,35,2023,JEEP,COMPASS
DD5652004F,240019806,ROCKVILLE,Property Damage Crash,04/28/2024 03:11:00 PM,Maryland (State) Route,VEIRS MILL RD (WB/L),,"Sideswipe, Same Direction",Clear,Dry,Daylight,No Controls,"Not Suspect of Alcohol Use, Not Suspect of Drug Use",No,No Apparent Injury,Not Distracted,MD,Passenger Car,35,2019,FORD,TRANSIT
MCP3044001P,170526168,Montgomery County Police,Property Damage Crash,08/22/2017 08:45:00 AM,County,FENTON ST,COLESVILLE RD,SAME DIR REAR END,CLEAR,DRY,DAYLIGHT,TRAFFIC SIGNAL,NONE DETECTED,Yes,NO APPARENT INJURY,LOOKED BUT DID NOT SEE,MD,PASSENGER CAR,35,2006,HONDA,ACCORD
MCP2689006W,200017681,Montgomery County Police,Injury Crash,04/30/2020 01:07:00 PM,County,SHADY GROVE RD,DARNESTOWN RD,STRAIGHT MOVEMENT ANGLE,RAINING,WET,DAYLIGHT,TRAFFIC SIGNAL,NONE DETECTED,Unknown,NO APPARENT INJURY,NOT DISTRACTED,MD,PASSENGER CAR,40,2018,KIA,SOUL
MCP2934000J,15024363,Montgomery County Police,Property Damage Crash,05/21/2015 08:15:00 AM,Municipality,FARRAGUT AVE,CONNECTICUT AVE,SAME DIR REAR END,CLOUDY,DRY,DAYLIGHT,STOP SIGN,NONE DETECTED,Yes,NO APPARENT INJURY,LOOKED BUT DID NOT SEE,SC,OTHER,25,2006,ISUZU,FVR
MCP21620034,180013727,Montgomery County Police,Property Damage Crash,03/19/2018 05:35:00 PM,Maryland (State),NEW HAMPSHIRE AVE,ASHTON OAKS CT,SAME DIR REAR END,CLEAR,DRY,DAYLIGHT,NO CONTROLS,,Yes,NO APPARENT INJURY,NOT DISTRACTED,FL,PASSENGER CAR,35,2000,SATURN,L
MCP2965008Z,240035411,MONTGOMERY,Property Damage Crash,07/27/2024 08:15:00 AM,,,,Single Vehicle,Clear,,Daylight,,"Not Suspect of Alcohol Use, Not Suspect of Drug Use",No,No Apparent Injury,Not Distracted,MD,Single-Unit Truck,0,2016,FREIGHTLINER,FREIGHTLINER
DD5595006V,180052058,Rockville Police Departme,Property Damage Crash,10/17/2018 05:40:00 PM,Maryland (State),W MONTGOMERY AVE,NELSON ST,HEAD ON LEFT TURN,CLEAR,DRY,DAYLIGHT,TRAFFIC SIGNAL,NONE DETECTED,No,NO APPARENT INJURY,NOT DISTRACTED,MD,PASSENGER CAR,25,2016,DODGE,RAM PROMASTER
MCP9130001M,15047313,MONTGOMERY,Property Damage Crash,09/18/2015 11:23:00 AM,Maryland (State),NEW HAMPSHIRE AVE,RAMP 4 FR MD 650 NB TO IS 495 EB,SAME DIR REAR END,CLEAR,DRY,DAYLIGHT,NO CONTROLS,NONE DETECTED,No,NO APPARENT INJURY,NOT DISTRACTED,MD,PASSENGER CAR,40,2011,HONDA,CRV
MCP2789005W,200011252,Montgomery County Police,Injury Crash,03-07-20 3:01,US (State),COLESVILLE RD,CRESTMOOR DR,SAME DIR REAR END,CLEAR,DRY,DARK LIGHTS ON,NO CONTROLS,,No,NO APPARENT INJURY,NOT DISTRACTED,MD,PASSENGER CAR,35,2010,NISSAN,ROGUE
MCP27560038,200010961,Montgomery County Police,Injury Crash,03-05-20 15:57,Maryland (State),GEORGIA AVE,HENDERSON AVE,SAME DIR REAR END,CLOUDY,DRY,DAYLIGHT,NO CONTROLS,ALCOHOL PRESENT,Yes,NO APPARENT INJURY,UNKNOWN,DC,PASSENGER CAR,35,2005,CHRYSTLER,TOWN AND COUNTRY
DD56150081,190050455,Rockville Police Departme,Property Damage Crash,10/21/2019 10:15:00 AM,Maryland (State),ROCKVILLE PIKE,HALPINE RD,SAME DIR REAR END,CLEAR,DRY,DAYLIGHT,NO CONTROLS,NONE DETECTED,No,NO APPARENT INJURY,NOT DISTRACTED,MD,OTHER BUS,40,2017,GILG,BU
MCP2830003P,180008371,Montgomery County Police,Property Damage Crash,02/17/2018 01:47:00 PM,County,BROOKE RD,OLNEY SANDY SPRING RD,SINGLE VEHICLE,CLOUDY,,DAYLIGHT,TRAFFIC SIGNAL,NONE DETECTED,Yes,NO APPARENT INJURY,INATTENTIVE OR LOST IN THOUGHT,MD,PASSENGER CAR,35,2000,BUICK,LE SABRE
DM84940047,250045990,TAKOMA,Injury Crash,10/13/2025 01:51:00 PM,Municipality Route,ALLEY #4,NEW HAMPSHIRE AVE,Angle,Clear,Dry,Daylight,Flashing Traffic Control Signal,"Not Suspect of Alcohol Use, Not Suspect of Drug Use",No,No Apparent Injury,Unknown,MD,Passenger Car,10,2014,NISSAN,ALTIMA
MCP3288001D,210037285,Montgomery County Police,Injury Crash,09/21/2021 12:30:00 PM,Municipality,RUSSELL AVE,CHRISTOPHER AVE,HEAD ON LEFT TURN,CLEAR,DRY,DAYLIGHT,TRAFFIC SIGNAL,NONE DETECTED,Unknown,NO APPARENT INJURY,UNKNOWN,MD,(SPORT) UTILITY VEHICLE,25,2007,HOND,SD
MCP3051003D,190047061,Montgomery County Police,Injury Crash,10-01-19 15:25,County,DEMOCRACY BLVD,OLD GEORGETOWN RD,SAME DIR REAR END,CLEAR,DRY,DAYLIGHT,,NONE DETECTED,No,NO APPARENT INJURY,NOT DISTRACTED,MD,PASSENGER CAR,35,2018,FORD,EDGE
MCP28310012,16011061,MONTGOMERY,Property Damage Crash,03-05-16 19:18,County,FATHER HURLEY BLVD,EISENHOWER MEMORIAL HWY,SAME DIR REAR END,CLEAR,,DARK LIGHTS ON,TRAFFIC SIGNAL,NONE DETECTED,No,NO APPARENT INJURY,NOT DISTRACTED,MD,PASSENGER CAR,45,2006,ACURA,MDX
MCP31800029,210018171,Montgomery County Police,Property Damage Crash,05/14/2021 03:04:00 PM,Maryland (State),NEW HAMPSHIRE AVE,E RANDOLPH RD,SAME DIRECTION SIDESWIPE,CLEAR,DRY,DAYLIGHT,TRAFFIC SIGNAL,NONE DETECTED,Yes,NO APPARENT INJURY,LOOKED BUT DID NOT SEE,MD,"OTHER LIGHT TRUCKS (10,000LBS (4,536KG) OR LESS)",35,2000,GMC,PK
MCP2946003T,210034160,Montgomery County Police,Injury Crash,09-01-21 9:25,Maryland (State),OLD HUNDRED RD,RAMP 1 FR IS 270 NB TO MD 109 WB,STRAIGHT MOVEMENT ANGLE,RAINING,WET,DAYLIGHT,STOP SIGN,NONE DETECTED,No,POSSIBLE INJURY,NOT DISTRACTED,MD,(SPORT) UTILITY VEHICLE,35,2019,MERZ,GLS450
MCP21620032,180011079,Montgomery County Police,Property Damage Crash,03-04-18 17:21,County,HINES RD,WINTER LAUREL DR,STRAIGHT MOVEMENT ANGLE,CLEAR,DRY,DAYLIGHT,STOP SIGN,,No,NO APPARENT INJURY,NOT DISTRACTED,MD,PICKUP TRUCK,35,2006,CHEVROLET,SILVERADO
MCP3048003J,180042628,Montgomery County Police,Injury Crash,08/27/2018 11:00:00 AM,Maryland (State),OLD GEORGETOWN RD,EDSON LA,HEAD ON LEFT TURN,CLEAR,DRY,DAYLIGHT,TRAFFIC SIGNAL,,Yes,NO APPARENT INJURY,LOOKED BUT DID NOT SEE,MD,PASSENGER CAR,40,1999,CADILLAC,STS
EJ7908000G,240047415,GAITHERSBURG,Property Damage Crash,10-04-24 15:53,Maryland (State) Route,,,Rear To Side,Clear,Dry,Daylight,No Controls,"Not Suspect of Alcohol Use, Not Suspect of Drug Use",No,No Apparent Injury,Not Distracted,MD,Passenger Car,40,2004,HONDA,ACCORD
MCP3174000B,190015103,Montgomery County Police,Property Damage Crash,04-01-19 16:42,Maryland (State),FREDERICK RD,ODENDHAL AVE,OTHER,CLEAR,DRY,DAYLIGHT,NO CONTROLS,NONE DETECTED,No,NO APPARENT INJURY,NOT DISTRACTED,MD,PASSENGER CAR,35,2007,TOYOTA,COROLLA
DD55750012,17003744,Rockville Police Departme,Property Damage Crash,01/22/2017 02:48:00 AM,Municipality,DENFIELD RD,MIDWAY AVE,OTHER,FOGGY,WET,DARK LIGHTS ON,,UNKNOWN,Yes,NO APPARENT INJURY,UNKNOWN,,PASSENGER CAR,25,2009,HONDA,ACCORD
MCP2048001X,180048574,Montgomery County Police,Property Damage Crash,09/28/2018 07:40:00 PM,Maryland (State),NEW HAMPSHIRE AVE,ADELPHI RD,SAME DIRECTION RIGHT TURN,CLEAR,DRY,DARK LIGHTS ON,TRAFFIC SIGNAL,NONE DETECTED,Yes,NO APPARENT INJURY,NOT DISTRACTED,MD,PASSENGER CAR,35,1991,TOYOTA,FOUR RUNNER
MCP2556004V,230033735,Montgomery County Police,Injury Crash,07/15/2023 03:44:00 PM,County,WATKINS MILL RD,BEGIN BRIDGE,SAME DIR REAR END,CLEAR,DRY,DAYLIGHT,NO CONTROLS,NONE DETECTED,No,POSSIBLE INJURY,NOT DISTRACTED,MD,PASSENGER CAR,35,2020,TOYOTA,CHR
MCP235300DC,250042754,MONTGOMERY,Property Damage Crash,09/23/2025 08:27:00 AM,County Route,DEMOCRACY BLVD,,Angle,Cloudy,Dry,Daylight,Traffic Control Signal,"Not Suspect of Alcohol Use, Not Suspect of Drug Use",Yes,No Apparent Injury,Unknown,MD,Passenger Car,35,2005,NISSAN,SENTRA
MCP30210017,170529821,Montgomery County Police,Injury Crash,09-11-17 7:45,,,,SAME DIR REAR END,,,DAYLIGHT,,NONE DETECTED,Yes,NO APPARENT INJURY,INATTENTIVE OR LOST IN THOUGHT,MD,(SPORT) UTILITY VEHICLE,0,2005,FORD,EXPEDITION
MCP9432000W,15018248,Montgomery County Police,Property Damage Crash,04/18/2015 11:55:00 PM,Interstate (State),EISENHOWER MEMORIAL HWY,RAMP 8 FR IS 270 SB TO MD 124 WB,SAME DIR REAR END,CLEAR,DRY,DARK LIGHTS ON,NO CONTROLS,NONE DETECTED,No,NO APPARENT INJURY,NOT DISTRACTED,MD,PASSENGER CAR,55,2009,TOYOTA,CAMRY
MCP20530002,15030349,Montgomery County Police,Injury Crash,06/21/2015 10:42:00 PM,Maryland (State),RIDGE RD,PREAKNESS DR,SINGLE VEHICLE,,DRY,DARK LIGHTS ON,,ILLEGAL DRUG PRESENT,Yes,SUSPECTED MINOR INJURY,NOT DISTRACTED,MD,PASSENGER CAR,40,2003,MERCURY,SABLE
MCP2582005V,250053163,MONTGOMERY,Property Damage Crash,11/27/2025 02:35:00 AM,County Route,GARDEN GATE RD,MIDDLEVALE LA,Single Vehicle,Clear,Dry,Dark - Lighted,Flashing Traffic Control Signal,"Suspect of Alcohol Use, Not Suspect of Drug Use",Yes,No Apparent Injury,Not Distracted,MD,Passenger Car,40,2019,HONDA,CIVIC
MCP1378006G,15028387,Montgomery County Police,Injury Crash,06-11-15 15:27,Maryland (State),CLOPPER RD,LONGDRAFT RD,SAME DIR REAR END,CLEAR,DRY,DAYLIGHT,TRAFFIC SIGNAL,NONE DETECTED,Yes,NO APPARENT INJURY,NOT DISTRACTED,MD,PASSENGER CAR,35,1998,TOYT,CAMRY
MCP2707000G,15055010,MONTGOMERY,Injury Crash,10/29/2015 04:31:00 PM,Maryland (State),WOODFIELD RD,ROSEWOOD MANOR LA,HEAD ON LEFT TURN,CLEAR,DRY,DAYLIGHT,NO CONTROLS,NONE DETECTED,No,POSSIBLE INJURY,NOT DISTRACTED,MD,PASSENGER CAR,35,2006,PONTIAC,G6
MCP2919001X,16043019,Montgomery County Police,Property Damage Crash,08/24/2016 01:31:00 PM,US (State),COLESVILLE RD,SPRING ST,SAME DIR REAR END,,DRY,DAYLIGHT,TRAFFIC SIGNAL,NONE DETECTED,No,NO APPARENT INJURY,NOT DISTRACTED,MD,PASSENGER CAR,35,2014,NISSAN,TRUCK
MCP3125000D,180015810,Montgomery County Police,Property Damage Crash,04-01-18 17:57,County,PARKLAWN DR,RANDOLPH RD,SAME DIRECTION SIDESWIPE,CLEAR,DRY,DAYLIGHT,TRAFFIC SIGNAL,,Yes,NO APPARENT INJURY,NOT DISTRACTED,MD,"CARGO VAN/LIGHT TRUCK 2 AXLES (OVER 10,000LBS (4,536 KG))",30,2006,FORD,E-450
MCP23530062,180054771,Montgomery County Police,Property Damage Crash,11-01-18 11:42,,,,SAME DIRECTION SIDESWIPE,CLOUDY,,DAYLIGHT,,NONE DETECTED,Yes,NO APPARENT INJURY,UNKNOWN,MD,PASSENGER CAR,15,2005,MERCEDES,C230
MCP32670013,220031920,Montgomery County Police,Property Damage Crash,07/24/2022 08:45:00 PM,County,CONNECTICUT AVE,BEL PRE RD,OTHER,CLEAR,DRY,DARK LIGHTS ON,TRAFFIC SIGNAL,NONE DETECTED,No,NO APPARENT INJURY,NOT DISTRACTED,MD,PASSENGER CAR,35,2015,HYUNDAI,SONATA
MCP3263003B,230023356,Montgomery County Police,Property Damage Crash,05/15/2023 05:00:00 PM,Maryland (State),WISCONSIN AVE,EAST WEST HWY (W/B COUPLET),STRAIGHT MOVEMENT ANGLE,CLEAR,DRY,DAYLIGHT,TRAFFIC SIGNAL,NONE DETECTED,No,NO APPARENT INJURY,NOT DISTRACTED,MD,PASSENGER CAR,25,2006,TOYOTA,PRIUS