Report Number,Local Case Number,Agency Name,ACRS Report Type,Crash Date/Time,Route Type,Road Name,Cross-Street Name,Collision Type,Weather,Surface Condition,Light,Traffic Control,Driver Substance Abuse,Driver At Fault,Injury Severity,Driver Distracted By,Drivers License State,Vehicle Body Type,Speed Limit,Vehicle Year,Vehicle Make,Vehicle Model
MCP28610032,170537024,Montgomery County Police,Property Damage Crash,10/16/2017 05:00:00 PM,County,FERNWOOD RD,TUSCULUM RD,SAME DIR REAR END,,DRY,DAYLIGHT,NO CONTROLS,NONE DETECTED,No,NO APPARENT INJURY,NOT DISTRACTED,WV,PASSENGER CAR,30,2011,NISSAN,4D
DD5616000Q,16004430,Rockville Police Departme,Property Damage Crash,01/27/2016 06:06:00 PM,County,TWINBROOK PKWY,VEIRS MILL RD,OTHER,CLEAR,WET,DARK NO LIGHTS,,NONE DETECTED,No,NO APPARENT INJURY,NOT DISTRACTED,MD,PASSENGER CAR,40,2015,FORD,MUSTAND
MCP2436008Q,190050613,Montgomery County Police,Injury Crash,10/22/2019 08:00:00 AM,Maryland (State),UNIVERSITY BLVD E,RAMP 6 FR IS 495 EB TO MD 193 SB,SAME DIR REAR END,CLOUDY,WET,DAYLIGHT,YIELD SIGN,NONE DETECTED,Yes,POSSIBLE INJURY,UNKNOWN,FL,(SPORT) UTILITY VEHICLE,35,2016,FORD,EDGE
MCP33820022,250017213,MONTGOMERY,Property Damage Crash,04/21/2025 08:56:00 AM,Private Route,,,Front to Rear,Clear,Dry,Daylight,No Controls,"Not Suspect of Alcohol Use, Not Suspect of Drug Use",No,No Apparent Injury,Not Distracted,MD,Passenger Car,30,2025,LEXUS,NX
MCP2737005G,220011781,Montgomery County Police,Property Damage Crash,03/18/2022 10:19:00 PM,Maryland (State),NEW HAMPSHIRE AVE,NORWOOD RD,HEAD ON LEFT TURN,CLEAR,DRY,DARK LIGHTS ON,TRAFFIC SIGNAL,NONE DETECTED,Yes,NO APPARENT INJURY,UNKNOWN,MD,PASSENGER CAR,45,2006,VOLVO,4D
MCP29650077,230030911,Montgomery County Police,Property Damage Crash,06/28/2023 02:14:00 PM,Maryland (State),OLNEY SANDY SPRING RD,DR BIRD RD,HEAD ON LEFT TURN,CLOUDY,DRY,DAYLIGHT,TRAFFIC SIGNAL,NONE DETECTED,Yes,NO APPARENT INJURY,LOOKED BUT DID NOT SEE,MD,PASSENGER CAR,40,2023,BMW,SUV
DD5655001Y,240033787,ROCKVILLE,Property Damage Crash,07/17/2024 03:02:00 PM,Municipality Route,DAWSON AVE,,Angle,Clear,Dry,Daylight,No Controls,"Not Suspect of Alcohol Use, Not Suspect of Drug Use",Yes,No Apparent Injury,Not Distracted,MD,Passenger Car,20,2013,TOYOTA,PRIUS
MCP1323000K,180055482,Montgomery County Police,Property Damage Crash,11-03-18 19:00,County,RANDOLPH RD,DALEWOOD DR,SAME DIR REAR END,,,DARK LIGHTS ON,TRAFFIC SIGNAL,,No,NO APPARENT INJURY,NOT DISTRACTED,DC,PASSENGER CAR,35,2000,TOYT,RAV4
DD5567002N,240004832,ROCKVILLE,Property Damage Crash,01/30/2024 02:59:00 PM,,,,"Sideswipe, Opposite Direction",Clear,,Daylight,,"Not Suspect of Alcohol Use, Not Suspect of Drug Use",Yes,No Apparent Injury,Unknown,MD,Van - Passenger (&lt;9 Seats),0,2020,NISSAN,UNKNOWN
MCP2712003D,190013736,Montgomery County Police,Property Damage Crash,03/13/2019 01:27:00 PM,,,,OTHER,CLEAR,,DAYLIGHT,,,Yes,NO APPARENT INJURY,UNKNOWN,MD,PASSENGER CAR,15,2006,TOYOTA,RAV4
MCP3214002B,230064461,Montgomery County Police,Property Damage Crash,11-04-23 23:18,County,CIDER BARRELL DR,GERMANTOWN RD,ANGLE MEETS LEFT HEAD ON,CLEAR,DRY,DARK LIGHTS ON,NO CONTROLS,NONE DETECTED,No,NO APPARENT INJURY,NOT DISTRACTED,MD,PASSENGER CAR,25,2022,TOYT,CAMRY
MCP3290000X,210038890,Montgomery County Police,Property Damage Crash,09/30/2021 10:48:00 PM,Maryland (State),NEW HAMPSHIRE AVE,ELTON RD,SAME DIR REAR END,CLEAR,DRY,DARK LIGHTS ON,TRAFFIC SIGNAL,,No,NO APPARENT INJURY,UNKNOWN,MD,PASSENGER CAR,0,2021,MERZ,4 DR
MCP9428000V,15040929,MONTGOMERY,Injury Crash,08/16/2015 03:01:00 PM,County,WISTERIA DR,WALTER JOHNSON RD,STRAIGHT MOVEMENT ANGLE,CLEAR,DRY,DAYLIGHT,STOP SIGN,NONE DETECTED,Yes,NO APPARENT INJURY,LOOKED BUT DID NOT SEE,MD,(SPORT) UTILITY VEHICLE,25,2006,ACUR,MDX
MCP2940000J,16016075,Montgomery County Police,Property Damage Crash,04-02-16 10:44,Maryland (State),ROCKVILLE PIKE,EDSON LA,SAME DIR REAR END,RAINING,WET,DAYLIGHT,TRAFFIC SIGNAL,NONE DETECTED,Yes,NO APPARENT INJURY,UNKNOWN,MD,PASSENGER CAR,40,2002,HOND,4S
MCP26650015,15040628,MONTGOMERY,Injury Crash,08/14/2015 06:28:00 PM,County,MARINELLI RD,ENT TO BUSINESS,STRAIGHT MOVEMENT ANGLE,CLEAR,DRY,DAYLIGHT,NO CONTROLS,,Yes,NO APPARENT INJURY,LOOKED BUT DID NOT SEE,MD,PASSENGER CAR,30,2006,LINCOLN,TOWN CAR
MCP2809002K,15059507,MONTGOMERY,Property Damage Crash,11/21/2015 12:50:00 PM,Maryland (State),GEORGIA AVE,NORBECK RD,SAME DIR REAR END,CLEAR,DRY,DAYLIGHT,TRAFFIC SIGNAL,,Yes,NO APPARENT INJURY,NOT DISTRACTED,MD,OTHER,45,2015,MAIL TRUCK,MAIL TRUCK
MCP3271003W,230060505,Montgomery County Police,Property Damage Crash,10/14/2023 03:24:00 PM,Maryland (State),RIVER RD,LITTLE FALLS PKWY,SAME DIR REAR END,RAINING,WET,DAYLIGHT,TRAFFIC SIGNAL,UNKNOWN,Yes,NO APPARENT INJURY,UNKNOWN,VA,PASSENGER CAR,35,2011,FORD,F150
MCP2757000Q,15027336,Montgomery County Police,Property Damage Crash,06-05-15 22:20,County,SAMPSON RD,VEIRS MILL RD,SAME DIRECTION SIDESWIPE,,DRY,DARK LIGHTS ON,,UNKNOWN,Yes,NO APPARENT INJURY,UNKNOWN,MD,"CARGO VAN/LIGHT TRUCK 2 AXLES (OVER 10,000LBS (4,536 KG))",25,2001,GMC,W3500
MCP27200048,200008974,Montgomery County Police,Injury Crash,02/23/2020 05:19:00 AM,County,BEL PRE RD,SPUR FR MD 97,SINGLE VEHICLE,CLEAR,DRY,DARK -- UNKNOWN LIGHTING,TRAFFIC SIGNAL,ALCOHOL PRESENT,Yes,POSSIBLE INJURY,NOT DISTRACTED,MD,PASSENGER CAR,35,2001,BUICK,CENTURY
MCP2329001C,200002832,Montgomery County Police,Property Damage Crash,01/17/2020 12:00:00 PM,Maryland (State),QUINCE ORCHARD RD,R/R #CSX 140 511 V,SAME DIR REAR END,CLEAR,DRY,DAYLIGHT,,,No,NO APPARENT INJURY,NOT DISTRACTED,PA,PASSENGER CAR,35,2010,TOYT,SW
MCP20080098,220023818,Montgomery County Police,Property Damage Crash,06-03-22 16:22,Maryland (State),CONNECTICUT AVE,BRADLEY LA,SAME DIRECTION SIDESWIPE,CLEAR,DRY,DAYLIGHT,TRAFFIC SIGNAL,NONE DETECTED,No,NO APPARENT INJURY,NOT DISTRACTED,MD,VAN,25,2014,CHEV,VAN
DD56110057,180050426,Rockville Police Departme,Property Damage Crash,10-09-18 7:00,Maryland (State),W MONTGOMERY AVE,CROFTON HILL LA,SAME DIR REAR END,CLEAR,DRY,DAWN,TRAFFIC SIGNAL,NONE DETECTED,No,NO APPARENT INJURY,NOT DISTRACTED,MD,PASSENGER CAR,40,2014,FORD,FUSION
MCP29420022,16060114,Montgomery County Police,Injury Crash,11/22/2016 04:51:00 PM,Maryland (State),RIVER RD,SPRINGFIELD DR,SAME DIR REAR END,CLEAR,DRY,DUSK,,NONE DETECTED,No,POSSIBLE INJURY,NOT DISTRACTED,MD,(SPORT) UTILITY VEHICLE,40,2013,LEXU,TK
MCP2849001N,15051596,MONTGOMERY,Injury Crash,10-11-15 15:32,County,NORBECK RD,NORWOOD RD,SAME DIR REAR END,CLEAR,DRY,DAYLIGHT,TRAFFIC SIGNAL,NONE DETECTED,Yes,NO APPARENT INJURY,INATTENTIVE OR LOST IN THOUGHT,MD,PASSENGER CAR,40,1997,HONDA,ACCORD
EJ7886001W,220056299,Gaithersburg Police Depar,Property Damage Crash,12/19/2022 06:50:00 PM,Municipality,KENTLANDS BLVD,MARKET ST,SAME DIRECTION SIDESWIPE,CLEAR,DRY,DARK LIGHTS ON,NO CONTROLS,,No,NO APPARENT INJURY,NOT DISTRACTED,AL,"MEDIUM/HEAVY TRUCKS 3 AXLES (OVER 10,000LBS (4,536KG))",25,2020,FRG,TT
MCP285900HW,250008282,MONTGOMERY,Property Damage Crash,02/25/2025 10:10:00 AM,County Route,GAME PRESERVE RD,,"Sideswipe, Opposite Direction",Cloudy,Dry,Daylight,Stop Sign,"Not Suspect of Alcohol Use, Not Suspect of Drug Use",Yes,No Apparent Injury,Unknown,MD,Passenger Car,25,2005,TOYOTA,COROLLA
MCP27040020,240010168,MONTGOMERY,Property Damage Crash,03-02-24 2:02,County Route,BEL PRE RD (EB/L),,Single Vehicle,Rain,Wet,Dark - Lighted,No Controls,"Not Suspect of Alcohol Use, Not Suspect of Drug Use",Yes,No Apparent Injury,"Other Action (looking away from task, etc.)",MD,Passenger Car,35,2021,VOLKSWAGEN,JETTA
HA2432000J,22000875,Maryland-National Capital,Property Damage Crash,05/31/2022 03:30:00 PM,County,EDNOR RD,NORWOOD RD,HEAD ON,CLEAR,DRY,DAYLIGHT,NO CONTROLS,,No,NO APPARENT INJURY,NOT DISTRACTED,MD,PASSENGER CAR,40,2015,FORD,EXPLORER
MCP3242000J,190053469,Montgomery County Police,Property Damage Crash,11-06-19 12:00,County,BATCHELLORS FOREST RD,DR BIRD RD,SAME DIRECTION SIDESWIPE,CLEAR,DRY,DAYLIGHT,NO CONTROLS,,Yes,NO APPARENT INJURY,NOT DISTRACTED,PA,PASSENGER CAR,5,2003,TOYOTA,CAMRY
MCP2871003Y,17002622,Montgomery County Police,Property Damage Crash,01/15/2017 02:40:00 PM,County,DEMOCRACY BLVD,SPUR TO MALL ENT,SAME DIRECTION RIGHT TURN,,DRY,DAYLIGHT,NO CONTROLS,NONE DETECTED,No,NO APPARENT INJURY,NOT DISTRACTED,MD,PASSENGER CAR,35,2005,ACURA,RL
DD56420006,190049946,Rockville Police Departme,Property Damage Crash,10/18/2019 08:33:00 AM,Maryland (State),FREDERICK RD,KING FARM BLVD,HEAD ON LEFT TURN,,DRY,DAYLIGHT,TRAFFIC SIGNAL,NONE DETECTED,Yes,NO APPARENT INJURY,UNKNOWN,XX,PASSENGER CAR,45,2020,TOYOTA,4H
MCP2928001S,170507680,Montgomery County Police,Injury Crash,05/14/2017 03:41:00 AM,Maryland (State),EAST WEST HWY,16TH ST,STRAIGHT MOVEMENT ANGLE,CLEAR,DRY,DARK LIGHTS ON,TRAFFIC SIGNAL,NONE DETECTED,No,NO APPARENT INJURY,NOT DISTRACTED,MD,PASSENGER CAR,25,2015,NISSAN,ALTIMA
MCP1235001N,180055201,Montgomery County Police,Property Damage Crash,11-03-18 16:31,US (State),COLUMBIA PIKE,STRUC #15009 NORTHWEST BRANCH,SINGLE VEHICLE,CLEAR,DRY,DAYLIGHT,NO CONTROLS,NONE DETECTED,No,NO APPARENT INJURY,NOT DISTRACTED,MD,PASSENGER CAR,40,2015,SUBARU,CROSSTREK
MCP3095002X,210048802,Montgomery County Police,Injury Crash,12-01-21 17:50,County,FAIRLAND RD,COLUMBIA PIKE,SAME DIR REAR END,RAINING,WET,DARK NO LIGHTS,TRAFFIC SIGNAL,NONE DETECTED,No,NO APPARENT INJURY,NOT DISTRACTED,MD,PASSENGER CAR,50,2005,TOYOTA,CAMRY
MCP2598002H,190003413,Montgomery County Police,Property Damage Crash,01/22/2019 05:57:00 PM,Maryland (State),EAST WEST HWY,BLAIR MILL WAY,STRAIGHT MOVEMENT ANGLE,CLEAR,DRY,DARK LIGHTS ON,NO CONTROLS,NONE DETECTED,Yes,NO APPARENT INJURY,NOT DISTRACTED,DC,PASSENGER CAR,35,2002,TOYOTA,AVALON
DD56070011,14002582,Rockville Police Departme,Property Damage Crash,01/16/2015 03:14:00 PM,Maryland (State),ROCKVILLE PIKE,SPUR TO TWINBROOK PKWY,SAME DIR REAR END,CLEAR,OTHER,DAYLIGHT,TRAFFIC SIGNAL,NONE DETECTED,Yes,NO APPARENT INJURY,LOOKED BUT DID NOT SEE,IL,PASSENGER CAR,45,2014,FORD,FUSION
MCP29460066,230069047,Montgomery County Police,Injury Crash,11/30/2023 08:04:00 AM,County,GATEWAY CENTER DR,STRINGTOWN RD,HEAD ON LEFT TURN,CLEAR,DRY,DAYLIGHT,TRAFFIC SIGNAL,NONE DETECTED,Yes,SUSPECTED MINOR INJURY,UNKNOWN,MD,PASSENGER CAR,35,2022,TESLA,Y
EJ786600B0,210006220,Gaithersburg Police Depar,Injury Crash,02/17/2021 01:02:00 PM,Maryland (State),W DIAMOND AVE,BUREAU DR,HEAD ON LEFT TURN,CLEAR,DRY,DAYLIGHT,TRAFFIC SIGNAL,NONE DETECTED,Yes,POSSIBLE INJURY,NOT DISTRACTED,VA,(SPORT) UTILITY VEHICLE,35,2012,BMW,X5
MCP2991001X,170518849,Montgomery County Police,Property Damage Crash,07/13/2017 12:27:00 PM,,,,OTHER,CLEAR,,DAYLIGHT,,NONE DETECTED,Yes,NO APPARENT INJURY,LOOKED BUT DID NOT SEE,MD,PASSENGER CAR,0,2007,VOLK,BEATTLE
MCP2944000F,15024475,MONTGOMERY,Property Damage Crash,05/21/2015 05:53:00 AM,County,TUCKERMAN LA,DAYBREAK CT,HEAD ON,CLEAR,DRY,DAYLIGHT,NO CONTROLS,NONE DETECTED,No,NO APPARENT INJURY,NOT DISTRACTED,MD,PASSENGER CAR,35,2002,ACURA,RDX
MCP2516000D,15002565,Montgomery County Police,Property Damage Crash,01/16/2015 01:07:00 PM,,,,OTHER,CLEAR,,DAYLIGHT,NO CONTROLS,,No,NO APPARENT INJURY,NOT DISTRACTED,MD,PASSENGER CAR,10,2012,TOYOTA,PRIUS
MCP26670015,15044908,MONTGOMERY,Property Damage Crash,09-06-15 7:27,County,EAST VILLAGE AVE,LEWISBERRY DR,SAME DIRECTION SIDESWIPE,CLEAR,DRY,DAYLIGHT,NO CONTROLS,NONE DETECTED,Yes,NO APPARENT INJURY,EATING OR DRINKING,MD,PASSENGER CAR,35,2006,NISS,4S
MCP272600BS,240048925,MONTGOMERY,Injury Crash,10/13/2024 01:49:00 PM,County Route,CECIL ST,CRABBS BRANCH WAY,Other,Clear,Dry,Daylight,Traffic Control Signal,"Not Suspect of Alcohol Use, Not Suspect of Drug Use",Yes,No Apparent Injury,Not Distracted,MD,Passenger Car,40,2018,LEXUS,ES
MCP12270025,240036808,MONTGOMERY,Fatal Crash,08-04-24 21:53,County Route,SHADY GROVE RD,,"Sideswipe, Same Direction",Clear,Dry,Dark - Lighted,No Controls,"Not Suspect of Alcohol Use, Not Suspect of Drug Use",No,No Apparent Injury,Unknown,MD,Passenger Car,45,2022,FORD,ESCAPE
MCP3453001P,250055559,MONTGOMERY,Property Damage Crash,12-12-25 6:58,County Route,LOCKWOOD DR,,Front to Rear,Clear,Dry,Dawn,Traffic Control Signal,"Not Suspect of Alcohol Use, Not Suspect of Drug Use",No,No Apparent Injury,Not Distracted,MD,Van - Passenger (&lt;9 Seats),25,2018,HONDA,ODYSSEY
MCP9113001K,16029216,Montgomery County Police,Property Damage Crash,06-10-16 14:47,Maryland (State),NORBECK RD,GEORGIA AVE,OTHER,CLEAR,DRY,DAYLIGHT,NO CONTROLS,NONE DETECTED,Unknown,NO APPARENT INJURY,NOT DISTRACTED,MD,OTHER,40,1999,INTL,DLRTRK
MCP27990078,230026558,Montgomery County Police,Property Damage Crash,06-02-23 18:45,Maryland (State),COLESVILLE RD,WAYNE AVE,SAME DIRECTION SIDESWIPE,,DRY,DAYLIGHT,TRAFFIC SIGNAL,NONE DETECTED,No,NO APPARENT INJURY,NOT DISTRACTED,MD,PASSENGER CAR,35,2014,ACUR,MDX
MCP3376001T,240037602,MONTGOMERY,Injury Crash,08-09-24 14:39,Maryland (State) Route,GEORGIA AVE,,Front to Rear,Rain,Wet,Daylight,No Controls,"Not Suspect of Alcohol Use, Not Suspect of Drug Use",No,Suspected Minor Injury,Not Distracted,MD,Passenger Car,30,2020,SUBARU,FORESTER
MCP10020017,230008126,Montgomery County Police,Injury Crash,02/17/2023 04:30:00 PM,Maryland (State),W DIAMOND AVE,BUREAU DR,HEAD ON LEFT TURN,CLEAR,DRY,DAYLIGHT,TRAFFIC SIGNAL,NONE DETECTED,No,SUSPECTED SERIOUS INJURY,NOT DISTRACTED,MD,(SPORT) UTILITY VEHICLE,35,2018,MAZDA,CX 5
MCP31530023,200013608,Montgomery County Police,Property Damage Crash,03/22/2020 10:22:00 AM,Maryland (State),CONNECTICUT AVE,ASPEN HILL RD,SAME DIR REAR END,CLEAR,DRY,DAYLIGHT,TRAFFIC SIGNAL,NONE DETECTED,Yes,NO APPARENT INJURY,INATTENTIVE OR LOST IN THOUGHT,MD,PASSENGER CAR,45,2013,TOYT,SW
DM8490002H,230008273,Takoma Park Police Depart,Property Damage Crash,10/28/2022 09:36:00 PM,,,,OTHER,UNKNOWN,,DUSK,NO CONTROLS,,Yes,NO APPARENT INJURY,LOOKED BUT DID NOT SEE,VA,PASSENGER CAR,0,2015,CHEVY,CAMERO
MCP2789001B,15044434,MONTGOMERY,Injury Crash,09-03-15 21:25,Maryland (State),GEORGIA AVE,FOREST GLEN RD,SAME DIRECTION SIDESWIPE,,DRY,DARK LIGHTS ON,NO CONTROLS,UNKNOWN,No,SUSPECTED MINOR INJURY,NOT DISTRACTED,MD,TRANSIT BUS,35,2009,NEW FLYER,BUS
MCP3068000X,180011411,Montgomery County Police,Injury Crash,03-06-18 16:33,Maryland (State),RIVER RD,BUTLER RD,SAME DIR REND LEFT TURN,RAINING,WET,DUSK,STOP SIGN,,Yes,NO APPARENT INJURY,LOOKED BUT DID NOT SEE,MB,PASSENGER CAR,35,2018,VOLVO,S60
MCP24460023,16042303,Montgomery County Police,Injury Crash,08/20/2016 03:12:00 PM,County,MIDDLEBROOK RD,LOCBURY DR,STRAIGHT MOVEMENT ANGLE,CLEAR,DRY,DAYLIGHT,NO CONTROLS,NONE DETECTED,No,SUSPECTED MINOR INJURY,NOT DISTRACTED,MD,PASSENGER CAR,35,2015,SCION,TC
MCP2054000W,220044585,Montgomery County Police,Property Damage Crash,10-12-22 9:15,County,RANDOLPH RD,GOODHILL RD,SAME DIRECTION SIDESWIPE,CLEAR,DRY,DAYLIGHT,NO CONTROLS,NONE DETECTED,No,NO APPARENT INJURY,NOT DISTRACTED,MD,SCHOOL BUS,30,2021,THOMAS,CONV-MSDE-C-8
MCP2904006L,180064580,Montgomery County Police,Injury Crash,12/26/2018 03:40:00 PM,County,QUEBEC ST,RUATAN ST,SAME DIR REAR END,,DRY,DAYLIGHT,NO CONTROLS,NONE DETECTED,Yes,NO APPARENT INJURY,NOT DISTRACTED,MD,PASSENGER CAR,25,2007,NISSAN,SENTRA
MCP3090004P,200045716,Montgomery County Police,Property Damage Crash,11/19/2020 02:30:00 PM,Municipality,WASHINGTONIAN BLVD,RAMP 4 FR WASHINGTONIAN BLVD TO IS370 EB,SAME DIRECTION SIDESWIPE,CLEAR,DRY,DAYLIGHT,TRAFFIC SIGNAL,,Yes,NO APPARENT INJURY,UNKNOWN,,PASSENGER CAR,25,1900,TOYOTA,COROLLA
MCP2473001L,170538256,Montgomery County Police,Property Damage Crash,10/23/2017 07:57:00 AM,Maryland (State),SANDY SPRING RD,COLUMBIA PIKE,SAME DIR REAR END,FOGGY,WET,DAYLIGHT,TRAFFIC SIGNAL,,No,NO APPARENT INJURY,NOT DISTRACTED,MD,VAN,40,2008,FORD,E150
MCP3165005L,240042439,MONTGOMERY,Property Damage Crash,09-07-24 12:15,Maryland (State) Route,SANDY SPRING RD,DINO DR,Other,Clear,Dry,Daylight,Intersection Ahead Warning Sign,"Not Suspect of Alcohol Use, Not Suspect of Drug Use",No,No Apparent Injury,Not Distracted,MD,Passenger Car,40,2008,TOYOTA,4-RUNNER
DD5655000F,220030112,Rockville Police Departme,Injury Crash,07/13/2022 03:45:00 PM,Maryland (State),NORBECK RD,SPUR TO E GUDE DR,SAME DIRECTION RIGHT TURN,CLEAR,DRY,DAYLIGHT,OTHER,NONE DETECTED,Yes,SUSPECTED MINOR INJURY,LOOKED BUT DID NOT SEE,MD,PASSENGER CAR,35,2022,HONDA,ACCORD
MCP3031000K,17012925,Montgomery County Police,Injury Crash,03-12-17 3:51,Maryland (State),GEORGIA AVE,ARCOLA AVE,STRAIGHT MOVEMENT ANGLE,CLEAR,DRY,DARK LIGHTS ON,TRAFFIC SIGNAL,ALCOHOL PRESENT,Yes,NO APPARENT INJURY,NOT DISTRACTED,MD,PASSENGER CAR,30,2001,FORD,TARUS
MCP2597001N,15049525,MONTGOMERY,Property Damage Crash,09/30/2015 11:08:00 AM,Maryland (State),GEORGIA AVE,SPRING ST,SAME DIR REAR END,CLOUDY,WET,DAYLIGHT,,NONE DETECTED,No,NO APPARENT INJURY,NOT DISTRACTED,MD,PASSENGER CAR,35,2011,ACURA,MDX
MCP3125000K,180020703,Montgomery County Police,Property Damage Crash,04/27/2018 09:08:00 PM,County,DARNESTOWN RD,GREAT SENECA HWY,SINGLE VEHICLE,CLEAR,DRY,DARK LIGHTS ON,TRAFFIC SIGNAL,,Unknown,NO APPARENT INJURY,UNKNOWN,MD,PASSENGER CAR,40,2010,LEXUS,4S
MCP11190096,210023980,Montgomery County Police,Property Damage Crash,06/23/2021 08:19:00 AM,Maryland (State),ASHTON RD,NEW HAMPSHIRE AVE,SINGLE VEHICLE,CLEAR,DRY,DAYLIGHT,,NONE DETECTED,Yes,NO APPARENT INJURY,NOT DISTRACTED,DC,TRANSIT BUS,30,2014,NABI,BUS
MCP1550001V,16011536,MONTGOMERY,Injury Crash,03-08-16 16:52,Maryland (State),CONNECTICUT AVE,MANOR RD,SAME DIR REAR END,CLEAR,DRY,DAYLIGHT,NO CONTROLS,UNKNOWN,Yes,NO APPARENT INJURY,NOT DISTRACTED,,VAN,35,0,CHEVY,UU
DD5620001G,170530938,Rockville Police Departme,Property Damage Crash,09/16/2017 11:35:00 AM,Municipality,WOOTTON PKWY,W EDMONSTON DR,STRAIGHT MOVEMENT ANGLE,CLEAR,DRY,DAYLIGHT,TRAFFIC SIGNAL,NONE DETECTED,No,NO APPARENT INJURY,NOT DISTRACTED,MD,PASSENGER CAR,30,2007,BMW,X3
MCP30380088,250050094,MONTGOMERY,Injury Crash,11-07-25 16:40,,,,Single Vehicle,Clear,,Dark - Lighted,,"Not Suspect of Alcohol Use, Not Suspect of Drug Use",No,Possible Injury,Not Distracted,DC,Sport Utility Vehicle,0,2021,JEEP,GRAND CHEROKEE L
MCP1121002F,170515372,Montgomery County Police,Injury Crash,06/23/2017 04:06:00 PM,Maryland (State),MUNCASTER MILL RD,MILLER FALL RD,SAME DIR REAR END,CLOUDY,DRY,DAYLIGHT,NO CONTROLS,NONE DETECTED,No,POSSIBLE INJURY,NOT DISTRACTED,MD,(SPORT) UTILITY VEHICLE,35,2014,DODGE,JOURNEY
DM84510008,15020206,Takoma Park Police Depart,Injury Crash,04/29/2015 04:39:00 PM,Maryland (State),NEW HAMPSHIRE AVE,KENTLAND AVE,SAME DIR REAR END,CLEAR,DRY,DAYLIGHT,TRAFFIC SIGNAL,,Yes,NO APPARENT INJURY,INATTENTIVE OR LOST IN THOUGHT,MD,PICKUP TRUCK,35,2005,FORD,F350
MCP3123006Y,240011915,MONTGOMERY,Injury Crash,03/13/2024 02:21:00 PM,US (State),,,Single Vehicle,Clear,Dry,Daylight,Traffic Control Signal,"Not Suspect of Alcohol Use, Not Suspect of Drug Use",Yes,No Apparent Injury,Unknown,MD,Van - Passenger (&lt;9 Seats),25,2020,TOYOTA,SIENNA
DD5611001Q,16059082,Rockville Police Departme,Property Damage Crash,11/16/2016 05:50:00 PM,Maryland (State),HUNGERFORD DR,ENT TO SHOPPING CENTER,SAME DIR REAR END,CLEAR,DRY,DARK LIGHTS ON,TRAFFIC SIGNAL,NONE DETECTED,No,NO APPARENT INJURY,NOT DISTRACTED,MD,PASSENGER CAR,40,2010,FORD,EXPLORER
MCP3023000V,170517059,Montgomery County Police,Property Damage Crash,07-03-17 9:00,Maryland (State),LAYHILL RD,BEL PRE RD,SAME DIR REAR END,CLEAR,DRY,DAYLIGHT,,NONE DETECTED,Yes,NO APPARENT INJURY,LOOKED BUT DID NOT SEE,MD,PASSENGER CAR,40,2003,TOYOTA,CAMRY
MCP31270025,230007533,Montgomery County Police,Injury Crash,02/14/2023 03:48:00 PM,Maryland (State),EAST WEST HWY,MEADOWBROOK LA,SAME DIR REAR END,CLEAR,DRY,DAYLIGHT,,,No,NO APPARENT INJURY,NOT DISTRACTED,MD,PASSENGER CAR,35,2013,HONDA,CROSSTOUR
DD56420011,200008687,Rockville Police Departme,Property Damage Crash,02/21/2020 12:39:00 PM,County,E GUDE DR,DOVER RD,SAME DIR REAR END,CLEAR,DRY,DAYLIGHT,,NONE DETECTED,Yes,NO APPARENT INJURY,UNKNOWN,MD,PASSENGER CAR,40,2020,DODGE,VAN
MCP32900046,250018123,MONTGOMERY,Property Damage Crash,04/26/2025 10:01:00 AM,Local Route,METRORAIL TRACK B2 RAIL,,Front to Rear,Rain,Wet,Daylight,No Controls,"Unknown, Unknown",No,,,,Passenger Car,35,2016,KIA,FORTE
MCP2967007B,250049904,MONTGOMERY,Injury Crash,11-06-25 16:33,County Route,MONTROSE RD (WB/L),TILDENWOOD DR,Angle,Clear,Dry,Daylight,Traffic Control Signal,"Not Suspect of Alcohol Use, Not Suspect of Drug Use",No,No Apparent Injury,Not Distracted,MD,Passenger Car,35,2013,HONDA,CIVIC
MCP2929001C,16024673,Montgomery County Police,Injury Crash,05/18/2016 11:26:00 AM,County,BOWIE MILL RD,BRIGHTWOOD RD,HEAD ON LEFT TURN,CLOUDY,DRY,DAYLIGHT,NO CONTROLS,NONE DETECTED,No,SUSPECTED MINOR INJURY,NOT DISTRACTED,MD,PASSENGER CAR,35,2005,DODG,GRAND CARAVAN
MCP3184001Y,210025012,Montgomery County Police,Property Damage Crash,06/29/2021 10:35:00 PM,,,,SINGLE VEHICLE,CLEAR,,DARK LIGHTS ON,,,Yes,NO APPARENT INJURY,UNKNOWN,MD,PASSENGER CAR,15,2014,CHEVROLET,CRUZE
MCP2914001G,15028995,Montgomery County Police,Property Damage Crash,06/14/2015 05:48:00 PM,US (State),COLESVILLE RD,TIMBERWOOD AVE,SAME DIRECTION LEFT TURN,CLOUDY,WET,DAYLIGHT,NO CONTROLS,,Yes,NO APPARENT INJURY,LOOKED BUT DID NOT SEE,MD,PASSENGER CAR,40,2009,CHREVROLET,IMPALA
MCP2878001F,15059542,MONTGOMERY,Property Damage Crash,11/21/2015 03:48:00 PM,,,,SINGLE VEHICLE,CLEAR,,DAYLIGHT,NO CONTROLS,NONE DETECTED,Yes,NO APPARENT INJURY,NOT DISTRACTED,NY,PASSENGER CAR,15,2012,HYUNDAI,ELANTRA