Report Number,Local Case Number,Agency Name,ACRS Report Type,Crash Date/Time,Route Type,Road Name,Cross-Street Name,Collision Type,Weather,Surface Condition,Light,Traffic Control,Driver Substance Abuse,Driver At Fault,Injury Severity,Driver Distracted By,Drivers License State,Vehicle Body Type,Speed Limit,Vehicle Year,Vehicle Make,Vehicle Model
MCP9442004F,250039747,MONTGOMERY,Injury Crash,09-05-25 6:04,County Route,SNOUFFERS SCHOOL RD,CHESLEY KNOLL DR LEWISBERRY DR,Angle,Clear,Dry,Dark - Lighted,Traffic Control Signal,"Not Suspect of Alcohol Use, Not Suspect of Drug Use",No,Suspected Minor Injury,Unknown,MD,Passenger Car,40,2019,GMC,SAVANA
DD55830055,190016428,Rockville Police Departme,Property Damage Crash,04-09-19 7:00,Municipality,KING FARM BLVD,GRAND CHAMPION DR,STRAIGHT MOVEMENT ANGLE,CLEAR,DRY,DAYLIGHT,NO CONTROLS,NONE DETECTED,No,NO APPARENT INJURY,NOT DISTRACTED,MD,STATION WAGON,30,2013,KIA,SOUL
MCP3313000R,220017150,Montgomery County Police,Injury Crash,04/22/2022 04:31:00 PM,County,E RANDOLPH RD,TAMARACK RD,STRAIGHT MOVEMENT ANGLE,CLEAR,DRY,DAYLIGHT,TRAFFIC SIGNAL,NONE DETECTED,Yes,NO APPARENT INJURY,NOT DISTRACTED,MD,PASSENGER CAR,40,2018,LEXUS,NX300
MCP1502000W,17004412,Montgomery County Police,Injury Crash,01/25/2017 07:24:00 PM,Maryland (State),GEORGIA AVE,BEL PRE RD,SAME DIR REAR END,CLEAR,DRY,DARK NO LIGHTS,NO CONTROLS,NONE DETECTED,Yes,NO APPARENT INJURY,NOT DISTRACTED,XX,PASSENGER CAR,50,2004,MAZDA,RX8
MCP235300CX,240003711,MONTGOMERY,Property Damage Crash,01/24/2024 11:53:00 AM,Maryland (State) Route,,,Front to Rear,Cloudy,Wet,Daylight,No Controls,"Not Suspect of Alcohol Use, Not Suspect of Drug Use",No,No Apparent Injury,Not Distracted,MD,Sport Utility Vehicle,30,2011,SUBARU,FORESTER
MCP2181002J,190019317,Montgomery County Police,Injury Crash,04/25/2019 05:37:00 AM,Maryland (State),RIDGE RD,TRALEE TERR,STRAIGHT MOVEMENT ANGLE,CLEAR,DRY,DARK LIGHTS ON,STOP SIGN,,No,POSSIBLE INJURY,NOT DISTRACTED,MD,PASSENGER CAR,40,2016,GMC,TERRAIN
MCP2203003W,190023285,Montgomery County Police,Injury Crash,05/17/2019 09:45:00 AM,Maryland (State),CONNECTICUT AVE,RANDOLPH RD,SAME DIR REAR END,CLEAR,DRY,DAYLIGHT,,NONE DETECTED,No,NO APPARENT INJURY,NOT DISTRACTED,MD,(SPORT) UTILITY VEHICLE,35,2016,SUBARU,FORESTER
MCP1378006K,15029487,Montgomery County Police,Injury Crash,06/17/2015 09:55:00 AM,County,SHADY GROVE RD,CHOKE CHERRY RD,SAME DIR REAR END,CLOUDY,DRY,DAYLIGHT,NO CONTROLS,NONE DETECTED,No,NO APPARENT INJURY,NOT DISTRACTED,CA,PASSENGER CAR,40,2015,HYUNDAI,ELANTRA
MCP2991006W,220023556,Montgomery County Police,Property Damage Crash,06-02-22 8:20,County,LEEDS HALL DR,BILNEY DR,,CLEAR,DRY,DAYLIGHT,NO CONTROLS,NONE DETECTED,Yes,NO APPARENT INJURY,NOT DISTRACTED,MD,SCHOOL BUS,20,2021,THOMAS,MSDE-D-12
DD5644003N,240025118,ROCKVILLE,Injury Crash,05/27/2024 10:04:00 PM,Maryland (State) Route,ROCKVILLE PIKE (SB/L),VEIRS MILL RD (WB/L),Angle,Cloudy,Wet,Dark - Lighted,Traffic Control Signal,"Not Suspect of Alcohol Use, Not Suspect of Drug Use",No,No Apparent Injury,Not Distracted,VA,Passenger Car,35,2022,TOYOTA,COROLLA
MCP25070024,230074218,Montgomery County Police,Injury Crash,12/29/2023 09:23:00 PM,County,TRAVILAH RD,NATIA MANOR DR,OTHER,,DRY,DARK LIGHTS ON,,,Yes,SUSPECTED MINOR INJURY,NOT DISTRACTED,MD,PASSENGER CAR,35,2022,HYUN,SD
MCP29690096,200029434,Montgomery County Police,Injury Crash,07/29/2020 12:35:00 PM,County,EDNOR RD,WOODALE DR,SAME DIR REAR END,CLEAR,DRY,DAYLIGHT,NO CONTROLS,NONE DETECTED,No,NO APPARENT INJURY,NOT DISTRACTED,MD,PASSENGER CAR,40,2019,HONDA,CRV
MCP91300099,200006732,Montgomery County Police,Injury Crash,02-10-20 9:58,Maryland (State),UNIVERSITY BLVD E,MERRIMAC DR,SAME DIR REAR END,RAINING,WET,DAYLIGHT,NO CONTROLS,NONE DETECTED,No,POSSIBLE INJURY,NOT DISTRACTED,MD,POLICE VEHICLE/NON EMERGENCY,40,2017,FORD,TAURUS
MCP2784001S,15036176,MONTGOMERY,Injury Crash,07/22/2015 07:03:00 PM,Maryland (State),NEW HAMPSHIRE AVE,GOOD HOPE RD,SAME DIR REAR END,CLEAR,DRY,DAYLIGHT,TRAFFIC SIGNAL,NONE DETECTED,No,POSSIBLE INJURY,NOT DISTRACTED,MD,PASSENGER CAR,45,2002,HYUN,4S
DM85260004,250034228,TAKOMA,Injury Crash,08-01-25 9:56,Maryland (State) Route,NEW HAMPSHIRE AVE (SB/L),ALLEY #4,Angle,Rain,Wet,Daylight,Traffic Control Signal,"Not Suspect of Alcohol Use, Not Suspect of Drug Use",No,No Apparent Injury,Not Distracted,MD,Passenger Car,35,2015,TOYOTA,CAMRY
MCP30340022,180042138,Montgomery County Police,Injury Crash,08/24/2018 06:57:00 AM,Maryland (State),COLESVILLE RD,16TH ST,STRAIGHT MOVEMENT ANGLE,CLEAR,DRY,DAYLIGHT,YIELD SIGN,NONE DETECTED,Yes,NO APPARENT INJURY,LOOKED BUT DID NOT SEE,MD,(SPORT) UTILITY VEHICLE,35,2013,MITSUBISHI,OUTLANDER
MCP2966004H,180025909,Montgomery County Police,Injury Crash,05/26/2018 06:30:00 PM,County,GOODHILL RD,GREENLY ST,STRAIGHT MOVEMENT ANGLE,RAINING,WET,DAYLIGHT,,NONE DETECTED,Yes,NO APPARENT INJURY,NOT DISTRACTED,MD,PASSENGER CAR,25,2001,HONDA,CIVIC
MCP27450021,170544896,Montgomery County Police,Injury Crash,11/25/2017 11:25:00 AM,County,SNOUFFERS SCHOOL RD,LEWISBERRY DR,ANGLE MEETS LEFT TURN,CLEAR,DRY,DARK LIGHTS ON,FLASHING TRAFFIC SIGNAL,,Yes,NO APPARENT INJURY,NOT DISTRACTED,MD,PASSENGER CAR,35,2016,CHRYSLER,200
HA23680004,15000943,MCPARK,Injury Crash,08/27/2015 07:52:00 AM,County,BRIGGS CHANEY RD,FAIRDALE RD,OTHER,CLEAR,DRY,DAYLIGHT,OTHER,NONE DETECTED,Yes,NO APPARENT INJURY,NOT DISTRACTED,MD,PASSENGER CAR,30,2002,DODGE,AVENGER
MCP2774001N,16014981,MONTGOMERY,Property Damage Crash,03/27/2016 02:53:00 AM,Maryland (State),GEORGIA AVE,SPRING ST,STRAIGHT MOVEMENT ANGLE,CLEAR,DRY,DARK LIGHTS ON,FLASHING TRAFFIC SIGNAL,ALCOHOL PRESENT,No,NO APPARENT INJURY,NOT DISTRACTED,MD,PASSENGER CAR,35,2010,MERZ,SUV
MCP2718001Q,15064321,MONTGOMERY,Property Damage Crash,12/16/2015 06:50:00 PM,County,BOU AVE,ROAD END: GUARDRAIL,SAME DIR REAR END,CLEAR,DRY,DARK LIGHTS ON,NO CONTROLS,,No,NO APPARENT INJURY,UNKNOWN,MD,PASSENGER CAR,35,2012,NISSAN,ROGUE
MCP3009005H,230000729,Montgomery County Police,Property Damage Crash,01-05-23 14:29,Other Public Roadway,HENDERSON CORNER RD,FREDERICK RD,STRAIGHT MOVEMENT ANGLE,CLEAR,DRY,DAYLIGHT,NO CONTROLS,,No,NO APPARENT INJURY,NOT DISTRACTED,MD,VAN,20,2006,TOYOTA,SIENNA
MCP31650026,200029443,Montgomery County Police,Property Damage Crash,07/29/2020 01:40:00 PM,County,CASTLE BLVD,BRIGGS CHANEY RD,STRAIGHT MOVEMENT ANGLE,CLEAR,DRY,DAYLIGHT,TRAFFIC SIGNAL,NONE DETECTED,Yes,NO APPARENT INJURY,LOOKED BUT DID NOT SEE,MD,(SPORT) UTILITY VEHICLE,30,2015,CHEVY,EQUINOX
MCP28050022,16052161,Montgomery County Police,Property Damage Crash,10-10-16 19:47,,,,HEAD ON LEFT TURN,CLEAR,,DARK LIGHTS ON,NO CONTROLS,NONE DETECTED,No,NO APPARENT INJURY,NOT DISTRACTED,MD,PASSENGER CAR,15,2006,HOND,CAMRY
MCP3191003C,210047205,Montgomery County Police,Property Damage Crash,11/20/2021 06:00:00 PM,,,,SINGLE VEHICLE,CLEAR,,DARK LIGHTS ON,NO CONTROLS,NONE DETECTED,Yes,NO APPARENT INJURY,INATTENTIVE OR LOST IN THOUGHT,MD,PASSENGER CAR,5,2016,NISSAN,JUKE
MCP209400PD,250027328,MONTGOMERY,Injury Crash,06/19/2025 12:34:00 PM,Maryland (State) Route,CONNECTICUT AVE (SB/L),KNOWLES AVE,Angle,Clear,Dry,Daylight,Traffic Control Signal,"Not Suspect of Alcohol Use, Not Suspect of Drug Use",Yes,No Apparent Injury,Not Distracted,MD,Passenger Car,35,2024,TESLA,MODEL Y
MCP2445005J,240007612,MONTGOMERY,Property Damage Crash,02/16/2024 08:10:00 AM,County Route,SHAKESPEARE BLVD,FREDERICK RD (SB/L),Angle,Clear,Dry,Daylight,Traffic Control Signal,"Not Suspect of Alcohol Use, Not Suspect of Drug Use",No,No Apparent Injury,Not Distracted,MD,Passenger Car,45,2013,HYUNDAI,VELOSTER
MCP1475000K,15037954,MONTGOMERY,Injury Crash,07/31/2015 05:59:00 PM,County,MONTGOMERY VILLAGE AVE,ARROWHEAD RD,STRAIGHT MOVEMENT ANGLE,CLEAR,DRY,DAYLIGHT,TRAFFIC SIGNAL,NONE DETECTED,No,NO APPARENT INJURY,NOT DISTRACTED,MD,PASSENGER CAR,25,2014,TOYOTA,COROLLA
MCP2967005T,240031304,MONTGOMERY,Injury Crash,07-02-24 19:34,Interstate (State),CAPITAL BELTWAY,,"Sideswipe, Same Direction",Clear,Dry,Daylight,No Controls,"Not Suspect of Alcohol Use, Not Suspect of Drug Use",No,No Apparent Injury,Not Distracted,VA,Sport Utility Vehicle,55,2022,HYUNDAI,SANTA FE
MCP2395002M,240050622,MONTGOMERY,Property Damage Crash,10/22/2024 07:49:00 PM,County Route,GAINSBOROUGH RD,,Front to Rear,Clear,Dry,Dark - Lighted,No Controls,"Not Suspect of Alcohol Use, Not Suspect of Drug Use",No,No Apparent Injury,Not Distracted,WV,Van - Passenger (&lt;9 Seats),25,2023,CHRYSLER,PACIFICA
MCP3094004D,240024951,MONTGOMERY,Injury Crash,05/26/2024 05:17:00 PM,Maryland (State) Route,,,Front to Rear,Clear,Dry,Daylight,No Controls,"Not Suspect of Alcohol Use, Not Suspect of Drug Use",No,Suspected Minor Injury,Not Distracted,MD,Passenger Car,35,2016,TOYOTA,RAV4
EJ7886002N,230012642,Gaithersburg Police Depar,Property Damage Crash,03/15/2023 10:40:00 AM,Municipality,WATKINS MILL RD,FREDERICK RD,SAME DIR REAR END,CLEAR,DRY,DAYLIGHT,TRAFFIC SIGNAL,UNKNOWN,Yes,NO APPARENT INJURY,UNKNOWN,,PASSENGER CAR,35,2020,HYUNDAI,ELANTRA
DD55940038,180035633,Rockville Police Departme,Property Damage Crash,07/18/2018 11:00:00 AM,Municipality,CASEY LA,PRETTYMAN DR,OTHER,CLEAR,DRY,DAYLIGHT,STOP SIGN,UNKNOWN,Unknown,NO APPARENT INJURY,UNKNOWN,,,25,0,UNKNOWN,UNKNOWN
MCP3126006R,250030777,MONTGOMERY,Injury Crash,07-10-25 18:20,Other Public Roadway,HENDERSON CORNER RD (NB/L),SENECA CROSSING DR,Rear To Side,Clear,Dry,Daylight,Flashing Traffic Control Signal,"Not Suspect of Alcohol Use, Not Suspect of Drug Use",No,Suspected Minor Injury,Not Distracted,MD,Passenger Car,25,2025,VOLVO,XC60
MCP3021000N,170503742,Montgomery County Police,Injury Crash,04/23/2017 05:30:00 PM,US (State),COLESVILLE RD,NOYES CT,SAME DIR REAR END,CLEAR,DRY,DAYLIGHT,NO CONTROLS,NONE DETECTED,No,POSSIBLE INJURY,NOT DISTRACTED,MD,PASSENGER CAR,35,2014,MINI,COOPER
MCP2748000G,15040711,MONTGOMERY,Property Damage Crash,08/15/2015 05:45:00 AM,Maryland (State),ROCKVILLE PIKE,POOKS HILL RD,SINGLE VEHICLE,CLEAR,DRY,DAWN,TRAFFIC SIGNAL,NONE DETECTED,Yes,NO APPARENT INJURY,NOT DISTRACTED,MD,PASSENGER CAR,35,2003,BMW,TK
MCP1595000P,17002396,Montgomery County Police,Injury Crash,01/14/2017 04:12:00 AM,County,ELKIN ST,BLUERIDGE AVE,HEAD ON,CLEAR,DRY,DARK LIGHTS ON,STOP SIGN,NONE DETECTED,Yes,POSSIBLE INJURY,UNKNOWN,MD,PASSENGER CAR,20,2001,HONDA,ACCORD
MCP2812005C,190042380,Montgomery County Police,Property Damage Crash,09-04-19 15:13,County,WAYNE AVE,GEORGIA AVE,OPPOSITE DIRECTION SIDESWIPE,CLEAR,DRY,DAYLIGHT,TRAFFIC SIGNAL,,Unknown,NO APPARENT INJURY,NOT DISTRACTED,MD,OTHER BUS,35,2013,GILLIG,SHUTTLE - UM
MCP3130000S,180055609,Montgomery County Police,Property Damage Crash,11-06-18 8:20,Maryland (State),GEORGIA AVE,BEL PRE RD,SAME DIR REAR END,RAINING,WET,DAYLIGHT,NO CONTROLS,NONE DETECTED,No,NO APPARENT INJURY,NOT DISTRACTED,MD,PASSENGER CAR,45,2001,LEXUS,RX
MCP2905003M,170547841,Montgomery County Police,Property Damage Crash,12-11-17 9:42,Maryland (State),CONNECTICUT AVE,DUPONT AVE,SAME DIR REAR END,CLEAR,DRY,DAYLIGHT,NO CONTROLS,,No,NO APPARENT INJURY,NOT DISTRACTED,MD,PICKUP TRUCK,30,2016,FORD,F150
MCP9422001J,180033572,Montgomery County Police,Property Damage Crash,07-07-18 17:00,Maryland (State),SPENCERVILLE RD,PEACH ORCHARD RD,HEAD ON LEFT TURN,CLEAR,DRY,DAYLIGHT,TRAFFIC SIGNAL,NONE DETECTED,No,NO APPARENT INJURY,NOT DISTRACTED,MD,PASSENGER CAR,40,2014,SMART,FORTWO
MCP2898005C,240050197,MONTGOMERY,Property Damage Crash,10/20/2024 03:56:00 PM,County Route,MIDDLEBROOK RD (WB/L),FREDERICK RD (SB/L),Rear To Side,Clear,Dry,Daylight,Traffic Control Signal,"Not Suspect of Alcohol Use, Not Suspect of Drug Use",No,No Apparent Injury,Not Distracted,MD,Passenger Car,40,2017,HYUNDAI,ELANTRA
DD5604004V,240014130,ROCKVILLE,Injury Crash,03/25/2024 03:38:00 PM,Municipality Route,E MIDDLE LA (WB/L),,"Sideswipe, Same Direction",Clear,Dry,Daylight,No Controls,"Not Suspect of Alcohol Use, Not Suspect of Drug Use",No,Suspected Minor Injury,Not Distracted,OH,Passenger Car,25,2012,HONDA,ACCORD
MCP2940007T,250010824,MONTGOMERY,Property Damage Crash,03-12-25 11:30,County Route,DEMOCRACY BLVD,,"Sideswipe, Same Direction",Clear,Dry,Daylight,No Controls,"Not Suspect of Alcohol Use, Not Suspect of Drug Use",No,No Apparent Injury,Unknown,MD,Single-Unit Truck,35,1997,PETERBILT,357
MCP9381001S,15063604,MONTGOMERY,Property Damage Crash,12-12-15 22:13,Maryland (State),RIVER RD,RIDGEFIELD RD,STRAIGHT MOVEMENT ANGLE,CLEAR,DRY,DARK LIGHTS ON,TRAFFIC SIGNAL,NONE DETECTED,No,NO APPARENT INJURY,NOT DISTRACTED,MD,PASSENGER CAR,45,1996,MERZ,4S
MCP93850004,15008821,Montgomery County Police,Property Damage Crash,02/23/2015 10:43:00 PM,,,,SINGLE VEHICLE,,,DARK LIGHTS ON,,COMBINED SUBSTANCE PRESENT,Yes,NO APPARENT INJURY,NOT DISTRACTED,VA,PASSENGER CAR,0,2011,VOLK,JET
MCP2663000C,170535544,Montgomery County Police,Injury Crash,10-08-17 22:26,Maryland (State),EAST WEST HWY,ROSEMARY HILLS RD,SINGLE VEHICLE,RAINING,WET,DARK LIGHTS ON,TRAFFIC SIGNAL,NONE DETECTED,Yes,NO APPARENT INJURY,NOT DISTRACTED,DC,PASSENGER CAR,35,2013,TOYOTA,HIGHLANDER
MCP24380020,190020286,Montgomery County Police,Injury Crash,04/30/2019 03:39:00 PM,US (State),COLUMBIA PIKE,STEWART LA,STRAIGHT MOVEMENT ANGLE,CLEAR,DRY,DAYLIGHT,TRAFFIC SIGNAL,,Yes,SUSPECTED MINOR INJURY,NOT DISTRACTED,MD,POLICE VEHICLE/EMERGENCY,50,2009,CHEVROLET,IMPALA
DD5567009M,250037979,ROCKVILLE,Property Damage Crash,08/25/2025 01:56:00 PM,Municipality Route,WOOTTON PKWY,,Front to Rear,Clear,Dry,Daylight,No Controls,"Not Suspect of Alcohol Use, Not Suspect of Drug Use",Yes,No Apparent Injury,Not Distracted,MD,Passenger Car,30,2006,BMW,530I
DM8439003C,190037445,Takoma Park Police Depart,Injury Crash,08-06-19 10:15,,,,SINGLE VEHICLE,CLEAR,,DAYLIGHT,,,No,NO APPARENT INJURY,NOT DISTRACTED,MD,PASSENGER CAR,10,2004,DODGE,TK
MCP30450010,170536764,Montgomery County Police,Injury Crash,10/15/2017 10:43:00 AM,Maryland (State),OLD GEORGETOWN RD,TUCKERMAN LA,SAME DIRECTION LEFT TURN,RAINING,WET,DAYLIGHT,TRAFFIC SIGNAL,NONE DETECTED,Yes,NO APPARENT INJURY,INATTENTIVE OR LOST IN THOUGHT,MD,PASSENGER CAR,45,1997,FORD,TAURUS
MCP3411001V,250008976,MONTGOMERY,Injury Crash,02/28/2025 08:20:00 PM,County Route,,,Front to Rear,Clear,Dry,Dark - Lighted,No Controls,"Not Suspect of Alcohol Use, Not Suspect of Drug Use",No,Possible Injury,Not Distracted,MD,Passenger Car,25,2024,NISSAN,SENTRA
MCP24370030,180059552,Montgomery County Police,Injury Crash,11/28/2018 06:08:00 PM,County,CONNECTICUT AVE,GRAND PRE RD,SINGLE VEHICLE,CLEAR,DRY,DARK LIGHTS ON,NO CONTROLS,NONE DETECTED,Yes,NO APPARENT INJURY,NOT DISTRACTED,MD,PASSENGER CAR,40,2003,FORD,FOCUS
MCP2059005T,190029325,Montgomery County Police,Property Damage Crash,06/19/2019 01:22:00 PM,County,EAST AVE,UNIVERSITY BLVD W,SAME DIR REAR END,CLEAR,DRY,DAYLIGHT,TRAFFIC SIGNAL,NONE DETECTED,Yes,NO APPARENT INJURY,UNKNOWN,MD,PICKUP TRUCK,25,1999,CHEVROLET,S10
MCP33090013,220026618,Montgomery County Police,Injury Crash,06/20/2022 07:00:00 PM,County,PINEY MEETINGHOUSE RD,CAVANAUGH DR,STRAIGHT MOVEMENT ANGLE,CLEAR,DRY,DAYLIGHT,FLASHING TRAFFIC SIGNAL,NONE DETECTED,No,SUSPECTED MINOR INJURY,NOT DISTRACTED,MD,(SPORT) UTILITY VEHICLE,40,2017,FORD,TK
MCP32830016,220007008,Montgomery County Police,Injury Crash,02/17/2022 04:13:00 PM,Maryland (State),VEIRS MILL RD,MEADOW HALL DR,OTHER,CLOUDY,DRY,DAYLIGHT,NO CONTROLS,NONE DETECTED,No,NO APPARENT INJURY,NOT DISTRACTED,FL,(SPORT) UTILITY VEHICLE,40,2019,GMC,ACADIA
MCP3192002S,220023651,Montgomery County Police,Property Damage Crash,06-02-22 16:15,County,RANDOLPH RD,TIVOLI LAKE BLVD,SAME DIRECTION SIDESWIPE,RAINING,WET,DAYLIGHT,,UNKNOWN,Yes,NO APPARENT INJURY,UNKNOWN,,UNKNOWN,40,0,UNKNOWN,UNKNOWN
MCP3337000D,220040017,Montgomery County Police,Property Damage Crash,09/14/2022 03:49:00 PM,County,CONNECTICUT AVE,GRAND PRE RD,SAME DIR REAR END,CLEAR,DRY,DAYLIGHT,NO CONTROLS,NONE DETECTED,Yes,NO APPARENT INJURY,UNKNOWN,MD,PASSENGER CAR,35,2012,HYUNDAI,ACCENT
MCP2357002K,170533215,Montgomery County Police,Property Damage Crash,09/26/2017 12:40:00 PM,Maryland (State),GEORGIA AVE,SPRING ST,SAME DIR REND LEFT TURN,CLEAR,DRY,DAYLIGHT,NO CONTROLS,NONE DETECTED,No,NO APPARENT INJURY,NOT DISTRACTED,MD,PASSENGER CAR,35,2010,MERZ,4S
MCP20080035,17003694,Montgomery County Police,Property Damage Crash,01/21/2017 07:40:00 PM,Maryland (State),ROCKVILLE PIKE,ENT TO MID-PIKE PLAZA,SAME DIR REAR END,CLEAR,DRY,DARK LIGHTS ON,TRAFFIC SIGNAL,NONE DETECTED,No,NO APPARENT INJURY,NOT DISTRACTED,MD,PASSENGER CAR,40,2014,JEEP,COMPASS
MCP2818001B,15054884,MONTGOMERY,Property Damage Crash,10/28/2015 08:59:00 PM,Maryland (State),16TH ST,GRACE CHURCH RD,SAME DIRECTION RIGHT TURN,RAINING,WET,DARK -- UNKNOWN LIGHTING,NO CONTROLS,NONE DETECTED,No,NO APPARENT INJURY,NOT DISTRACTED,DC,(SPORT) UTILITY VEHICLE,35,2003,NISSAN,MURANO
MCP1566001X,240018204,MONTGOMERY,Injury Crash,04/18/2024 08:55:00 PM,County Route,RANDOLPH RD (WB/L),MAPLE AVE MONTROSE PKWY MONTROSE PKWY (WB/L),Rear To Side,Clear,Dry,Dark - Lighted,Traffic Control Signal,"Not Suspect of Alcohol Use, Not Suspect of Drug Use",No,Suspected Minor Injury,Not Distracted,MD,Passenger Car,40,2006,HONDA,ACCORD
MCP3397001B,250037373,MONTGOMERY,Property Damage Crash,08/21/2025 02:28:00 PM,County Route,BOURNEFIELD WAY,,Angle,Cloudy,Dry,Daylight,No Controls,"Not Suspect of Alcohol Use, Not Suspect of Drug Use",No,No Apparent Injury,Not Distracted,MD,Passenger Car,25,2011,TOYOTA,CAMRY
EJ7877001B,210046912,Gaithersburg Police Depar,Property Damage Crash,11/18/2021 09:01:00 PM,Maryland (State),MONTGOMERY VILLAGE AVE,RUSSELL AVE,SAME DIRECTION LEFT TURN,RAINING,WET,DARK LIGHTS ON,TRAFFIC SIGNAL,UNKNOWN,Yes,NO APPARENT INJURY,UNKNOWN,,PASSENGER CAR,35,2004,GMC,ENVOY
MCP158000CR,200010701,Montgomery County Police,Property Damage Crash,03-04-20 7:52,Maryland (State),MUNCASTER MILL RD,MAGRUDER HIGH SCHOOL,STRAIGHT MOVEMENT ANGLE,CLEAR,DRY,DAYLIGHT,TRAFFIC SIGNAL,NONE DETECTED,Yes,NO APPARENT INJURY,UNKNOWN,MD,PICKUP TRUCK,35,2018,NISS,FRONTIER PU
MCP2586003T,180014720,Montgomery County Police,Injury Crash,03/25/2018 06:33:00 PM,County,CHERRY HILL RD,PLUM ORCHARD DR,STRAIGHT MOVEMENT ANGLE,CLEAR,DRY,DAYLIGHT,TRAFFIC SIGNAL,NONE DETECTED,No,NO APPARENT INJURY,NOT DISTRACTED,MD,(SPORT) UTILITY VEHICLE,35,2008,HONDA,PILOT
MCP28300031,170512448,Montgomery County Police,Property Damage Crash,06-08-17 9:12,,,,SAME DIRECTION RIGHT TURN,CLEAR,,DAYLIGHT,NO CONTROLS,NONE DETECTED,No,NO APPARENT INJURY,NOT DISTRACTED,MD,SCHOOL BUS,0,2012,FREIGHTLINER,BUS
MCP2764000H,15010618,Montgomery County Police,Injury Crash,03-07-15 17:41,County,ARCOLA AVE,LAMBERTON DR,HEAD ON,CLEAR,DRY,DAYLIGHT,NO CONTROLS,NONE DETECTED,No,POSSIBLE INJURY,NOT DISTRACTED,MD,PASSENGER CAR,25,2008,GMC,ENVOY
MCP30510071,230056146,Montgomery County Police,Property Damage Crash,09/21/2023 03:50:00 PM,Maryland (State),ROCKVILLE PIKE,SOUTH DR,OTHER,CLEAR,DRY,DAYLIGHT,TRAFFIC SIGNAL,NONE DETECTED,Unknown,NO APPARENT INJURY,UNKNOWN,MD,TRANSIT BUS,35,2013,GILLIG,LOW FLOOR
MCP2645000D,15028897,Montgomery County Police,Injury Crash,06/14/2015 04:09:00 AM,Maryland (State),GEORGIA AVE,HILDAROSE DR,SAME DIR REAR END,CLEAR,WET,DARK LIGHTS ON,NO CONTROLS,NONE DETECTED,Yes,NO APPARENT INJURY,NOT DISTRACTED,MD,PASSENGER CAR,40,2003,HONDA,ODDESSY
MCP2946006V,240031668,MONTGOMERY,Property Damage Crash,07-05-24 10:52,County Route,HAWKINS CREAMERY RD,WOODFIELD SCHOOL RD,Angle,Clear,Dry,Daylight,Stop Sign,"Not Suspect of Alcohol Use, Not Suspect of Drug Use",No,No Apparent Injury,Not Distracted,MD,Passenger Car,25,2023,TESLA,MODEL 3
MCP3021003V,180065057,Montgomery County Police,Property Damage Crash,12/29/2018 01:00:00 AM,,,,OTHER,,,DARK LIGHTS ON,NO CONTROLS,UNKNOWN,No,NO APPARENT INJURY,NOT DISTRACTED,MD,PASSENGER CAR,0,2007,SUBARU,4S
MCP1465002D,16051545,Montgomery County Police,Property Damage Crash,10-07-16 8:24,County,CRABBS BRANCH WAY,E GUDE DR,OTHER,CLOUDY,DRY,DAYLIGHT,,NONE DETECTED,No,NO APPARENT INJURY,NOT DISTRACTED,MD,"CARGO VAN/LIGHT TRUCK 2 AXLES (OVER 10,000LBS (4,536 KG))",35,2006,STERLING,DUMP
MCP2667009R,240045396,MONTGOMERY,Property Damage Crash,09/23/2024 03:30:00 PM,County Route,AIRPARK RD,,Single Vehicle,Rain,Wet,Daylight,No Controls,"Not Suspect of Alcohol Use, Not Suspect of Drug Use",Yes,No Apparent Injury,Unknown,MD,Passenger Car,40,2010,MAZDA,MAZDA3
MCP9428003B,210019356,Montgomery County Police,Injury Crash,05/22/2021 01:53:00 PM,Maryland (State),FREDERICK RD,COMUS RD,SAME DIR REAR END,,DRY,DAYLIGHT,NO CONTROLS,NONE DETECTED,Yes,SUSPECTED MINOR INJURY,LOOKED BUT DID NOT SEE,MD,PASSENGER CAR,40,2012,NISSAN,SENTRA
MCP2718000Y,15006290,Montgomery County Police,Property Damage Crash,02-07-15 16:25,County,SOUTHLAWN LA,E GUDE DR,OTHER,CLEAR,DRY,DAYLIGHT,NO CONTROLS,,No,NO APPARENT INJURY,UNKNOWN,MD,PASSENGER CAR,35,2011,INFINITI,QX56
MCP32180030,220015158,Montgomery County Police,Injury Crash,04-09-22 20:12,Maryland (State),VEIRS MILL RD,CONNECTICUT AVE,SAME DIR REAR END,CLEAR,DRY,DARK LIGHTS ON,TRAFFIC SIGNAL,ALCOHOL PRESENT,Yes,NO APPARENT INJURY,UNKNOWN,MD,PASSENGER CAR,35,2008,TOYOTA,CAMRY
MCP137800Z7,210045897,Montgomery County Police,Property Damage Crash,11-12-21 14:04,Maryland (State),GEORGIA AVE,VERONA DR,SAME DIR REAR END,CLEAR,DRY,DAYLIGHT,NO CONTROLS,NONE DETECTED,No,NO APPARENT INJURY,NOT DISTRACTED,MD,PASSENGER CAR,35,2013,TOYOTA,COROLLA