Report Number,Local Case Number,Agency Name,ACRS Report Type,Crash Date/Time,Route Type,Road Name,Cross-Street Name,Collision Type,Weather,Surface Condition,Light,Traffic Control,Driver Substance Abuse,Driver At Fault,Injury Severity,Driver Distracted By,Drivers License State,Vehicle Body Type,Speed Limit,Vehicle Year,Vehicle Make,Vehicle Model
MCP2846009R,240049331,MONTGOMERY,Property Damage Crash,10/15/2024 06:38:00 PM,County Route,ENNALLS AVE,,Angle,Clear,Dry,Dark - Lighted,No Controls,"Not Suspect of Alcohol Use, Not Suspect of Drug Use",No,No Apparent Injury,Not Distracted,MD,Passenger Car,25,2008,HONDA,ACCORD
MCP2559001Z,170523331,Montgomery County Police,Property Damage Crash,08-12-17 13:55,,,,OTHER,CLEAR,,DAYLIGHT,,,Yes,NO APPARENT INJURY,UNKNOWN,XX,PASSENGER CAR,20,2013,HONDA,ACCORD
MCP2932005G,220045432,Montgomery County Police,Property Damage Crash,10/16/2022 10:26:00 PM,Maryland (State),NEW HAMPSHIRE AVE,ENT TO WHITE OAK SHOPPING CENTER,HEAD ON LEFT TURN,CLEAR,DRY,DARK LIGHTS ON,NO CONTROLS,NONE DETECTED,No,NO APPARENT INJURY,NOT DISTRACTED,MD,VAN,40,2017,CHRYSLER,PACIFICA
MCP9130005G,180029152,Montgomery County Police,Injury Crash,06/13/2018 10:12:00 AM,US (State),COLESVILLE RD,SOUTHWOOD AVE,SAME DIR REAR END,CLEAR,DRY,DAYLIGHT,NO CONTROLS,NONE DETECTED,No,POSSIBLE INJURY,NOT DISTRACTED,MD,PASSENGER CAR,40,2017,HONDA,ACCORD
MCP34000013,240019817,MONTGOMERY,Property Damage Crash,04/28/2024 04:15:00 PM,Maryland (State) Route,UNIVERSITY BLVD W (WB/L),SUTHERLAND RD,"Sideswipe, Same Direction",Clear,Dry,Daylight,Stop Sign,"Unknown, Unknown",No,,,,Passenger Car,25,2016,FORD,MUSTANG
MCP2356004B,250018193,MONTGOMERY,Injury Crash,04/26/2025 04:19:00 PM,Ramp,RAMP 8 FR RAMP 5 TO SHADY GROVE RD WB,SHADY GROVE RD,Angle,Clear,Dry,Daylight,Traffic Control Signal,"Not Suspect of Alcohol Use, Not Suspect of Drug Use",Yes,No Apparent Injury,Not Distracted,MD,Passenger Car,40,2012,FORD,FUSION
MCP26710042,240059679,MONTGOMERY,Property Damage Crash,12/13/2024 06:00:00 PM,US (State),COLESVILLE RD,,Angle,Clear,Dry,Dark - Lighted,Traffic Control Signal,"Not Suspect of Alcohol Use, Not Suspect of Drug Use",No,No Apparent Injury,Not Distracted,MD,Passenger Car,35,2014,HONDA,ACCORD
MCP3064002D,190037605,Montgomery County Police,Property Damage Crash,08-07-19 8:55,Maryland (State),GEORGIA AVE,ENNALLS AVE,SAME DIR REAR END,CLEAR,DRY,DAYLIGHT,,NONE DETECTED,Yes,NO APPARENT INJURY,UNKNOWN,MD,PASSENGER CAR,35,2015,NISSAN,ROGUE
MCP29950021,170525408,Montgomery County Police,Property Damage Crash,08/17/2017 07:21:00 PM,Maryland (State),NORBECK RD,GEORGIA AVE,SAME DIR REND RIGHT TURN,,DRY,DAYLIGHT,YIELD SIGN,NONE DETECTED,No,NO APPARENT INJURY,NOT DISTRACTED,MD,PASSENGER CAR,45,2011,TOYT,COROLLA
MCP2298009J,16045835,Montgomery County Police,Property Damage Crash,09-07-16 17:50,County,HUNTMASTER RD,DAVIS MILL RD,SINGLE VEHICLE,,DRY,DAYLIGHT,NO CONTROLS,NONE DETECTED,Yes,NO APPARENT INJURY,NOT DISTRACTED,MD,SCHOOL BUS,25,2012,THOMAS,BUS
MCP2052000L,15044862,MONTGOMERY,Property Damage Crash,09-06-15 0:16,County,GLENALLAN AVE,HEURICH RD,SINGLE VEHICLE,CLEAR,DRY,DARK LIGHTS ON,NO CONTROLS,ALCOHOL CONTRIBUTED,Yes,NO APPARENT INJURY,UNKNOWN,MD,"OTHER LIGHT TRUCKS (10,000LBS (4,536KG) OR LESS)",35,2001,BMW,TK X5
MCP137800QV,190027274,Montgomery County Police,Property Damage Crash,06-07-19 16:17,County,CENTERWAY RD,HARKNESS LA,SAME DIR REAR END,CLOUDY,DRY,DAYLIGHT,NO CONTROLS,NONE DETECTED,No,NO APPARENT INJURY,NOT DISTRACTED,MD,PASSENGER CAR,35,2007,ACUR,TSX
MCP3220005P,260000209,MONTGOMERY,Property Damage Crash,01-02-26 14:55,County Route,SHADY GROVE RD (SB/L),COMPRINT CT,Angle,Clear,Dry,Daylight,Traffic Control Signal,"Not Suspect of Alcohol Use, Unknown",No,No Apparent Injury,Unknown,MD,Sport Utility Vehicle,40,2008,NISSAN,PATHFINDER
MCP29050041,180031484,Montgomery County Police,Injury Crash,06/26/2018 04:54:00 PM,County,ROOSEVELT ST,OLD GEORGETOWN RD,STRAIGHT MOVEMENT ANGLE,CLEAR,DRY,DAYLIGHT,STOP SIGN,,Yes,NO APPARENT INJURY,NOT DISTRACTED,MD,PASSENGER CAR,25,2011,TOYT,SU
DM8522003N,250003027,TAKOMA,Injury Crash,01/22/2025 10:44:00 AM,Municipality Route,ERSKINE ST,NEW HAMPSHIRE AVE,Front to Rear,Clear,Dry,Daylight,Traffic Control Signal,"Not Suspect of Alcohol Use, Not Suspect of Drug Use",Yes,No Apparent Injury,Unknown,MD,Passenger Car,35,2015,HONDA,ODYSSEY
MCP2487001T,20002622,Montgomery County Police,Injury Crash,01/16/2020 08:09:00 AM,County,MUDDY BRANCH RD,DUFIEF MILL RD,STRAIGHT MOVEMENT ANGLE,CLEAR,DRY,DAYLIGHT,STOP SIGN,NONE DETECTED,No,POSSIBLE INJURY,NOT DISTRACTED,MD,PASSENGER CAR,35,2016,SUBARU,OUTBACK
MCP3139002D,210000996,Montgomery County Police,Property Damage Crash,01-08-21 17:17,,,,OTHER,CLEAR,,DARK LIGHTS ON,NO CONTROLS,ALCOHOL PRESENT,Yes,NO APPARENT INJURY,OTHER DISTRACTION,MD,PICKUP TRUCK,0,2007,CHEVY,SILVERADO
MCP2970003Z,180016257,Montgomery County Police,Property Damage Crash,03/24/2018 10:17:00 AM,,,,OTHER,CLEAR,,DAYLIGHT,NO CONTROLS,NONE DETECTED,No,NO APPARENT INJURY,NOT DISTRACTED,MD,PASSENGER CAR,30,2015,CHRY,200
MCP2853005T,190009054,Montgomery County Police,Injury Crash,02/25/2019 09:04:00 PM,Maryland (State),NEW HAMPSHIRE AVE,POWDER MILL RD,SAME DIRECTION SIDESWIPE,CLEAR,DRY,DARK LIGHTS ON,,,No,SUSPECTED MINOR INJURY,NOT DISTRACTED,MD,PASSENGER CAR,40,2017,TOYOTA,RAV4
MCP2738002L,170531328,Montgomery County Police,Property Damage Crash,09/18/2017 04:08:00 PM,County,RANDOLPH RD,SPRING TREE DR,SINGLE VEHICLE,CLEAR,DRY,DAYLIGHT,NO CONTROLS,,Yes,NO APPARENT INJURY,NOT DISTRACTED,MD,PASSENGER CAR,40,2009,MITS,4S
MCP2428001L,200034144,Montgomery County Police,Property Damage Crash,09-01-20 9:19,Maryland (State),DARNESTOWN RD,ENT TO POTOMAC CENTER,HEAD ON LEFT TURN,CLOUDY,DRY,DAYLIGHT,TRAFFIC SIGNAL,NONE DETECTED,Yes,NO APPARENT INJURY,LOOKED BUT DID NOT SEE,MD,PASSENGER CAR,30,2020,LEXUS,RX350
EJ7871004K,210015444,Gaithersburg Police Depar,Property Damage Crash,04/25/2021 06:18:00 PM,Municipality,MAIN ST,ENT TO BUSINESS,SINGLE VEHICLE,CLEAR,DRY,DAYLIGHT,STOP SIGN,ALCOHOL PRESENT,Yes,NO APPARENT INJURY,LOOKED BUT DID NOT SEE,MD,PASSENGER CAR,20,2011,MERCEDEZ,E CLASS
MCP1194001Q,16004792,Montgomery County Police,Injury Crash,01/29/2016 06:05:00 PM,County,FALLS RD,RIVER RD,HEAD ON LEFT TURN,CLOUDY,WET,DUSK,NO CONTROLS,NONE DETECTED,Yes,POSSIBLE INJURY,NOT DISTRACTED,MA,(SPORT) UTILITY VEHICLE,35,2004,ISUZU,TK
MCP3176002Q,240041364,MONTGOMERY,Property Damage Crash,09-01-24 3:33,Maryland (State) Route,GEORGIA AVE,,Angle,Clear,Dry,Dark - Lighted,Flashing Traffic Control Signal,"Not Suspect of Alcohol Use, Not Suspect of Drug Use",Yes,No Apparent Injury,Not Distracted,MD,Passenger Car,35,2020,TOYOTA,RAV4
MCP2799007K,230071778,Montgomery County Police,Property Damage Crash,12/14/2023 06:30:00 PM,US (State),COLESVILLE RD,N NOYES DR,SAME DIRECTION LEFT TURN,CLEAR,DRY,DARK LIGHTS ON,NO CONTROLS,NONE DETECTED,No,NO APPARENT INJURY,NOT DISTRACTED,MD,PASSENGER CAR,35,2010,TOYT,CAMRY
MCP0685003G,170535076,Montgomery County Police,Property Damage Crash,10-06-17 8:59,County,SHADY GROVE RD,CRABBS BRANCH WAY,HEAD ON LEFT TURN,CLEAR,DRY,DAYLIGHT,TRAFFIC SIGNAL,NONE DETECTED,Yes,NO APPARENT INJURY,NOT DISTRACTED,MD,PASSENGER CAR,35,2013,CHRYSLER,4DR
MCP28480052,170526738,Montgomery County Police,Injury Crash,08/25/2017 06:03:00 AM,Maryland (State),OLD GEORGETOWN RD,NORTH BROOK LA,ANGLE MEETS LEFT TURN,CLEAR,WET,DAWN,NO CONTROLS,NONE DETECTED,Yes,NO APPARENT INJURY,LOOKED BUT DID NOT SEE,MD,PASSENGER CAR,25,2013,VOLVO,XC90
MCP3236000R,200022024,Montgomery County Police,Injury Crash,06-04-20 11:55,Maryland (State),PINEY BRANCH RD,WESSEX RD,SAME DIR REAR END,CLEAR,DRY,DAYLIGHT,TRAFFIC SIGNAL,NONE DETECTED,Unknown,NO APPARENT INJURY,NOT DISTRACTED,DC,"OTHER LIGHT TRUCKS (10,000LBS (4,536KG) OR LESS)",30,2017,GMC,TK
MCP2713000M,16006422,Montgomery County Police,Property Damage Crash,02-07-16 18:54,Maryland (State),NEW HAMPSHIRE AVE,INTERCOUNTY CONNECTOR,SAME DIR REAR END,CLEAR,DRY,DARK LIGHTS ON,TRAFFIC SIGNAL,,Yes,NO APPARENT INJURY,OTHER ELECTRONIC DEVICE (NAVIGATIONAL PALM PILOT),MD,PASSENGER CAR,40,2010,FORD,CROWN VICTORIA
MCP3313001W,230073596,Montgomery County Police,Property Damage Crash,12/25/2023 09:57:00 PM,County,MAY ST,OLYMPIC ST,HEAD ON,CLEAR,DRY,DARK LIGHTS ON,NO CONTROLS,UNKNOWN,Yes,NO APPARENT INJURY,UNKNOWN,MD,PASSENGER CAR,25,2012,HONDA,CIVIC
MCP1205006Q,200033781,Montgomery County Police,Property Damage Crash,08/29/2020 01:37:00 PM,Maryland (State),16TH ST,EAST WEST HWY,STRAIGHT MOVEMENT ANGLE,RAINING,WET,DAYLIGHT,TRAFFIC SIGNAL,NONE DETECTED,Yes,NO APPARENT INJURY,NOT DISTRACTED,MD,(SPORT) UTILITY VEHICLE,30,2000,FORD,EXPIDITION
MCP2723000P,15033154,MONTGOMERY,Injury Crash,07-07-15 9:48,Maryland (State),NORBECK RD,GEORGIA AVE,SAME DIR REAR END,CLEAR,DRY,DAYLIGHT,YIELD SIGN,NONE DETECTED,No,POSSIBLE INJURY,NOT DISTRACTED,MD,PASSENGER CAR,30,2009,NISSAN,MURANO
MCP9317000F,16006237,Montgomery County Police,Injury Crash,02-06-16 13:49,US (State),GEORGIA AVE,SLIGO AVE,SAME DIR REAR END,CLEAR,DRY,DAYLIGHT,TRAFFIC SIGNAL,NONE DETECTED,No,NO APPARENT INJURY,NOT DISTRACTED,DC,PASSENGER CAR,35,2014,FORD,SUV
MCP30190016,170526841,Montgomery County Police,Property Damage Crash,08/25/2017 04:50:00 PM,County,MACARTHUR BLVD,STABLE LA,SAME DIR REAR END,,DRY,DAYLIGHT,NO CONTROLS,NONE DETECTED,Yes,NO APPARENT INJURY,UNKNOWN,MD,PASSENGER CAR,30,2016,TOYOTA,PRIUS
EJ78700055,220004323,Gaithersburg Police Depar,Property Damage Crash,02-01-22 12:01,,,,SINGLE VEHICLE,CLEAR,,DAYLIGHT,NO CONTROLS,NONE DETECTED,Yes,NO APPARENT INJURY,LOOKED BUT DID NOT SEE,MD,PASSENGER CAR,15,2021,LEXUS,IS350
MCP94280026,190021023,Montgomery County Police,Injury Crash,05-04-19 15:00,Maryland (State),WOODFIELD RD,ROSEWOOD MANOR LA,SAME DIR REAR END,CLEAR,DRY,DAYLIGHT,NO CONTROLS,NONE DETECTED,No,NO APPARENT INJURY,NOT DISTRACTED,MD,PASSENGER CAR,45,2010,TOYT,COROLLA
MCP23390098,240013771,MONTGOMERY,Injury Crash,03/22/2024 07:44:00 PM,County Route,MONTROSE RD (WB/L),SEVEN LOCKS RD SEVEN LOCKS RD (SB/L),Front to Front,Clear,Dry,Dark - Lighted,Traffic Control Signal,"Not Suspect of Alcohol Use, Not Suspect of Drug Use",No,No Apparent Injury,Unknown,MD,Passenger Car,40,2009,SUBARU,FORESTER
MCP137800R1,190029100,Montgomery County Police,Injury Crash,06/18/2019 12:03:00 PM,,,,SINGLE VEHICLE,CLOUDY,,DAYLIGHT,NO CONTROLS,NONE DETECTED,Yes,NO APPARENT INJURY,NOT DISTRACTED,MD,VAN,10,2011,DODG,GRAND CARAVAN
MCP1151008L,180056238,Montgomery County Police,Injury Crash,11-09-18 7:20,County,WISTERIA DR,CRYSTAL ROCK DR,SINGLE VEHICLE,RAINING,WET,DAYLIGHT,NO CONTROLS,NONE DETECTED,Yes,POSSIBLE INJURY,NOT DISTRACTED,MD,PASSENGER CAR,25,2015,HONDA,CIVIC
MCP31740038,220029206,Montgomery County Police,Property Damage Crash,07-07-22 19:05,County,MONTGOMERY VILLAGE AVE,SPARROW VALLEY DR,SINGLE VEHICLE,,DRY,DAYLIGHT,NO CONTROLS,NONE DETECTED,Yes,NO APPARENT INJURY,NOT DISTRACTED,MD,PASSENGER CAR,35,2021,TOYOTA,RAV 4
DM84970029,240042118,TAKOMA,Property Damage Crash,08/29/2024 12:00:00 PM,Municipality Route,ERIE AVE,,Front to Rear,Clear,Dry,Daylight,No Controls,"Unknown, Unknown",No,,,,Passenger Car,25,2016,MERCEDES-BENZ,GLC-CLASS
EJ7871003V,200041743,Gaithersburg Police Depar,Property Damage Crash,10/27/2020 05:30:00 PM,Maryland (State),MONTGOMERY VILLAGE AVE,FREDERICK RD,SAME DIR REAR END,CLEAR,DRY,DAYLIGHT,TRAFFIC SIGNAL,NONE DETECTED,No,NO APPARENT INJURY,NOT DISTRACTED,MD,PASSENGER CAR,40,2013,TOYOTA,4D
MCP271700W0,210039008,Montgomery County Police,Injury Crash,10-01-21 16:30,Maryland (State),RIVER RD,BRADLEY BLVD,SAME DIR REAR END,CLEAR,DRY,DAYLIGHT,TRAFFIC SIGNAL,NONE DETECTED,No,SUSPECTED MINOR INJURY,NOT DISTRACTED,VA,PASSENGER CAR,35,2016,TOYOTA,COROLLA
MCP3339005K,250044535,MONTGOMERY,Property Damage Crash,10-03-25 18:40,Bicycle Route,,PINETREE RD,Front to Rear,Clear,Dry,Daylight,No Controls,"Not Suspect of Alcohol Use, Not Suspect of Drug Use",Yes,No Apparent Injury,Not Distracted,MD,Sport Utility Vehicle,35,2019,FORD,ESCAPE
MCP27670084,200027932,Montgomery County Police,Property Damage Crash,07/18/2020 04:41:00 PM,County,FRANWALL AVE,CHANNING DR,SAME DIR REAR END,CLEAR,DRY,DAYLIGHT,NO CONTROLS,ALCOHOL CONTRIBUTED,Yes,NO APPARENT INJURY,UNKNOWN,MD,OTHER,25,2011,TOYOTA,SIENNA
MCP22780029,180054118,Montgomery County Police,Property Damage Crash,10/29/2018 09:13:00 AM,Maryland (State),ROCKVILLE PIKE,CEDAR LA,SINGLE VEHICLE,CLEAR,DRY,DAYLIGHT,TRAFFIC SIGNAL,NONE DETECTED,Yes,NO APPARENT INJURY,NOT DISTRACTED,MD,PASSENGER CAR,40,2009,NISS,4S
MCP12200045,16046685,Montgomery County Police,Injury Crash,09-12-16 8:35,Maryland (State),GEORGIA AVE,BELVEDERE BLVD,SAME DIR REAR END,CLEAR,DRY,DAYLIGHT,NO CONTROLS,NONE DETECTED,No,NO APPARENT INJURY,NOT DISTRACTED,MD,(SPORT) UTILITY VEHICLE,35,2013,HONDA,PILOT
MCP3051000C,170526854,Montgomery County Police,Property Damage Crash,08/25/2017 02:18:00 PM,,,,OTHER,CLEAR,,DAYLIGHT,NO CONTROLS,UNKNOWN,Yes,NO APPARENT INJURY,UNKNOWN,,,5,0,UNKNOWN,UNKNOWN
MCP31580048,230010665,Montgomery County Police,Property Damage Crash,03-04-23 4:49,Maryland (State),MUNCASTER MILL RD,LAYTONIA DR,SINGLE VEHICLE,CLEAR,WET,DARK LIGHTS ON,,,Yes,NO APPARENT INJURY,UNKNOWN,,PASSENGER CAR,35,2013,NISSAN,ALTIMA
MCP2607002C,17016597,Montgomery County Police,Property Damage Crash,04-01-17 16:29,Maryland (State),FREDERICK RD,SHADY GROVE RD,OTHER,CLOUDY,DRY,DAYLIGHT,TRAFFIC SIGNAL,NONE DETECTED,Yes,NO APPARENT INJURY,NOT DISTRACTED,VA,PASSENGER CAR,40,2014,CHRYSLER,4S
MCP3023003R,200019751,Montgomery County Police,Property Damage Crash,05/17/2020 07:40:00 AM,,,,SAME DIRECTION SIDESWIPE,CLEAR,,DAYLIGHT,NO CONTROLS,NONE DETECTED,Yes,NO APPARENT INJURY,LOOKED BUT DID NOT SEE,MD,PASSENGER CAR,5,2000,VW,WAGAN
DD5633002H,190051917,Rockville Police Departme,Injury Crash,10/28/2019 07:05:00 PM,Maryland (State),ROCKVILLE PIKE,TWINBROOK PKWY,HEAD ON LEFT TURN,CLEAR,DRY,DARK LIGHTS ON,TRAFFIC SIGNAL,NONE DETECTED,Yes,POSSIBLE INJURY,UNKNOWN,MD,PASSENGER CAR,35,2018,HONDA,CR-V
MCP04870019,17001568,Montgomery County Police,Property Damage Crash,01-10-17 8:00,County,MUNCASTER RD,MUNCASTER MILL RD,HEAD ON LEFT TURN,CLOUDY,DRY,DAYLIGHT,NO CONTROLS,NONE DETECTED,Yes,NO APPARENT INJURY,LOOKED BUT DID NOT SEE,MD,PASSENGER CAR,30,2009,NISSAN,VERSA
MCP14530029,15061701,MONTGOMERY,Property Damage Crash,12-03-15 8:30,County,TIMBER CREEK LA,COMMODORE LA,SAME DIRECTION SIDESWIPE,CLEAR,DRY,DAYLIGHT,NO CONTROLS,,Yes,NO APPARENT INJURY,NOT DISTRACTED,MD,(SPORT) UTILITY VEHICLE,25,2011,GMC,TK
MCP2960002Y,180020187,Montgomery County Police,Injury Crash,04/25/2018 06:30:00 AM,Maryland (State),NORBECK RD,BARN RIDGE DR,SAME DIR REAR END,RAINING,WET,DUSK,NO CONTROLS,,No,POSSIBLE INJURY,NOT DISTRACTED,NY,PASSENGER CAR,40,2006,HYUN,4S
MCP32700022,230017001,Montgomery County Police,Property Damage Crash,04-10-23 1:28,County,BROADBIRCH DR,CHERRY HILL RD,STRAIGHT MOVEMENT ANGLE,CLEAR,DRY,DARK LIGHTS ON,FLASHING TRAFFIC SIGNAL,NONE DETECTED,Yes,NO APPARENT INJURY,LOOKED BUT DID NOT SEE,MD,PASSENGER CAR,30,2016,TOYT,RAV4
DM84780031,240059557,TAKOMA,Property Damage Crash,12/13/2024 07:23:00 AM,Maryland (State) Route,NEW HAMPSHIRE AVE,,"Sideswipe, Same Direction",Clear,Dry,Daylight,No Controls,"Not Suspect of Alcohol Use, Not Suspect of Drug Use",No,No Apparent Injury,Not Distracted,MD,Passenger Car,30,2015,TOYOTA,COROLLA
MCP2950002Q,230060426,Montgomery County Police,Property Damage Crash,10/14/2023 01:59:00 AM,Maryland (State),FREDERICK RD,WHEATFIELD DR,SINGLE VEHICLE,CLEAR,DRY,DARK LIGHTS ON,NO CONTROLS,UNKNOWN,Yes,NO APPARENT INJURY,UNKNOWN,,PASSENGER CAR,40,2005,SCION,TC
MCP2904003G,170508523,Montgomery County Police,Property Damage Crash,05/18/2017 04:21:00 PM,Maryland (State),UNIVERSITY BLVD E,PINEY BRANCH RD,SAME DIRECTION SIDESWIPE,,DRY,DAYLIGHT,TRAFFIC SIGNAL,NONE DETECTED,No,NO APPARENT INJURY,NOT DISTRACTED,MD,PASSENGER CAR,35,2012,SUBARU,SUV
MCP10940015,200050724,Montgomery County Police,Property Damage Crash,12/25/2020 01:04:00 AM,,W. DEER PARK RD,CEDAR AVE,OTHER,CLEAR,DRY,DARK LIGHTS ON,OTHER,NONE DETECTED,No,NO APPARENT INJURY,NOT DISTRACTED,MD,VAN,25,1998,FORD,WINDSTAR
MCP158000DQ,210012968,Montgomery County Police,Property Damage Crash,04-05-21 14:00,County,AIRPARK RD,WOODFIELD RD,SAME DIR REAR END,CLEAR,DRY,DAYLIGHT,TRAFFIC SIGNAL,NONE DETECTED,No,NO APPARENT INJURY,NOT DISTRACTED,MD,VAN,40,2009,FORD,E350 WK VAN
DD56490021,220011819,Rockville Police Departme,Injury Crash,03/19/2022 07:26:00 AM,County,BALTIMORE RD,NORBECK RD,OTHER,,DRY,DAYLIGHT,NO CONTROLS,,Yes,SUSPECTED MINOR INJURY,NOT DISTRACTED,MD,(SPORT) UTILITY VEHICLE,50,2018,DODG,VN
DM8445000D,15006438,Takoma Park Police Depart,Injury Crash,02-08-15 17:20,Maryland (State),NEW HAMPSHIRE AVE,KIRKLYNN AVE,SAME DIR REAR END,CLEAR,DRY,DAYLIGHT,,NONE DETECTED,No,NO APPARENT INJURY,UNKNOWN,MD,(SPORT) UTILITY VEHICLE,35,2007,HONDA,CRV
MCP32950035,230050119,Montgomery County Police,Property Damage Crash,08-02-23 14:15,Maryland (State),CONNECTICUT AVE,KNOWLES AVE,SAME DIR REAR END,CLEAR,DRY,DAYLIGHT,NO CONTROLS,UNKNOWN,Yes,NO APPARENT INJURY,UNKNOWN,,PASSENGER CAR,35,2007,MERZ,UNKNOWN
MCP20310028,190053628,Montgomery County Police,Injury Crash,11-07-19 9:38,County,WILDCAT RD,BLUE BANNER DR,SINGLE VEHICLE,CLOUDY,DRY,DAYLIGHT,NO CONTROLS,NONE DETECTED,Yes,SUSPECTED MINOR INJURY,TEXTING FROM A CELLULAR PHONE,MD,PASSENGER CAR,30,2015,SUB,FOR
MCP3012001V,17011749,Montgomery County Police,Injury Crash,03-06-17 7:15,County,NORBECK RD,NEW HAMPSHIRE AVE,SAME DIR REAR END,CLEAR,DRY,DAYLIGHT,TRAFFIC SIGNAL,NONE DETECTED,No,POSSIBLE INJURY,NOT DISTRACTED,MD,"MEDIUM/HEAVY TRUCKS 3 AXLES (OVER 10,000LBS (4,536KG))",45,2005,ISUZU,JW53042
MCP3193001B,200022330,Montgomery County Police,Property Damage Crash,06-06-20 14:48,Maryland (State),UNIVERSITY BLVD W,VEIRS MILL RD,STRAIGHT MOVEMENT ANGLE,CLEAR,DRY,DAYLIGHT,TRAFFIC SIGNAL,NONE DETECTED,No,NO APPARENT INJURY,NOT DISTRACTED,MD,POLICE VEHICLE/EMERGENCY,30,2013,FORD,TK
DM8207000Z,180009901,Takoma Park Police Depart,Property Damage Crash,02/26/2018 12:29:00 PM,Municipality,ROANOKE AVE,HOUSTON AVE,STRAIGHT MOVEMENT ANGLE,CLOUDY,DRY,DAYLIGHT,NO CONTROLS,NONE DETECTED,Yes,NO APPARENT INJURY,LOOKED BUT DID NOT SEE,FL,OTHER,25,2018,DODGE,1500
MCP263900HN,250054401,MONTGOMERY,Property Damage Crash,12-05-25 8:12,County Route,EDGEWOOD AVE,LORAIN AVE,Front to Rear,Snow,Snow,Daylight,Stop Sign,"Not Suspect of Alcohol Use, Not Suspect of Drug Use",Yes,No Apparent Injury,Not Distracted,NC,Passenger Car,25,2009,DODGE,CHALLENGER
MCP2358006G,190035386,Montgomery County Police,Property Damage Crash,07/25/2019 02:11:00 PM,,,,OTHER,CLEAR,,DAYLIGHT,NO CONTROLS,NONE DETECTED,Yes,NO APPARENT INJURY,NOT DISTRACTED,NY,OTHER,25,2015,GMC,TRUCK
MCP2356001W,210027643,Montgomery County Police,Property Damage Crash,07/17/2021 04:21:00 PM,Maryland (State),HUNGERFORD DR,MANNAKEE ST,ANGLE MEETS LEFT HEAD ON,RAINING,WET,DAYLIGHT,TRAFFIC SIGNAL,,No,NO APPARENT INJURY,NOT DISTRACTED,MD,PASSENGER CAR,25,2006,HYUNDAI,AZERA
EJ7781001J,180050296,Gaithersburg Police Depar,Injury Crash,10-08-18 13:10,Maryland (State),FREDERICK RD,MONTGOMERY AVE,STRAIGHT MOVEMENT ANGLE,CLEAR,DRY,DAYLIGHT,STOP SIGN,NONE DETECTED,Yes,NO APPARENT INJURY,NOT DISTRACTED,MD,PASSENGER CAR,30,2016,ACUR,ILX
MCP29230017,15057712,MONTGOMERY,Property Damage Crash,11-12-15 11:23,Maryland (State),GEORGIA AVE,VEIRS MILL RD,STRAIGHT MOVEMENT ANGLE,RAINING,WET,DAYLIGHT,TRAFFIC SIGNAL,NONE DETECTED,No,NO APPARENT INJURY,NOT DISTRACTED,MD,"OTHER LIGHT TRUCKS (10,000LBS (4,536KG) OR LESS)",35,1999,TOYOTA,CAMRY
MCP2906000Z,17515865,Montgomery County Police,Injury Crash,06/26/2017 05:22:00 PM,Maryland (State),S FREDERICK RD,N WESTLAND DR,SAME DIR REAR END,CLEAR,DRY,DAYLIGHT,,,Unknown,NO APPARENT INJURY,UNKNOWN,MD,PASSENGER CAR,40,1991,TOYT,4S
MCP2682002Z,210035745,Montgomery County Police,Injury Crash,09-11-21 10:59,Maryland (State),WOODFIELD RD,ENT TO CHURCH OF THE REDEEMER,HEAD ON LEFT TURN,CLEAR,DRY,DAYLIGHT,NO CONTROLS,NONE DETECTED,Yes,NO APPARENT INJURY,LOOKED BUT DID NOT SEE,MD,PASSENGER CAR,35,2003,HOND,4S
MCP2788001M,180053174,Montgomery County Police,Property Damage Crash,10/23/2018 08:30:00 PM,,,,,CLEAR,,DARK LIGHTS ON,,UNKNOWN,Yes,NO APPARENT INJURY,UNKNOWN,,PASSENGER CAR,0,2007,TOYOTA,RAV4
MCP3162006C,250047592,MONTGOMERY,Injury Crash,10/23/2025 07:45:00 AM,Maryland (State) Route,GEORGIA AVE,,Front to Rear,Clear,Dry,Daylight,Lane Use Control Signal,"Not Suspect of Alcohol Use, Not Suspect of Drug Use",No,No Apparent Injury,Not Distracted,MD,Passenger Car,35,2019,TOYOTA,RAV4
MCP12330063,240058449,MONTGOMERY,Property Damage Crash,12-06-24 20:02,Maryland (State) Route,,,"Sideswipe, Same Direction",Clear,Dry,Dark - Not Lighted,"Other Pavement Marking (excluding edgelines, centerlines, or lane lines)","Unknown, Not Suspect of Drug Use",No,No Apparent Injury,Unknown,,Passenger Car,25,0,,
MCP33870035,250036843,MONTGOMERY,Injury Crash,08/18/2025 09:20:00 AM,County Route,BRUNETT AVE,UNIVERSITY BLVD W,Front to Rear,Cloudy,Dry,Daylight,Pedestrian Crossing,"Not Suspect of Alcohol Use, Not Suspect of Drug Use",Yes,Suspected Minor Injury,Not Distracted,MD,Passenger Car,35,2007,HONDA,ACCORD
MCP2739001W,180038760,Montgomery County Police,Property Damage Crash,08-04-18 22:10,County,SUTHERLAND RD,ROAD END,SINGLE VEHICLE,CLEAR,DRY,DARK LIGHTS ON,,NONE DETECTED,Yes,NO APPARENT INJURY,NOT DISTRACTED,MD,PASSENGER CAR,25,2008,HONDA,CIVIC
MCP3432001R,250007381,MONTGOMERY,Property Damage Crash,02/19/2025 01:40:00 PM,Maryland (State) Route,OLNEY SANDY SPRING RD (WB/L),,Angle,Clear,Dry,Daylight,Traffic Control Signal,"Not Suspect of Alcohol Use, Not Suspect of Drug Use",No,No Apparent Injury,Not Distracted,MD,Passenger Car,30,2012,CHRYSLER,300