Report Number,Local Case Number,Agency Name,ACRS Report Type,Crash Date/Time,Route Type,Road Name,Cross-Street Name,Collision Type,Weather,Surface Condition,Light,Traffic Control,Driver Substance Abuse,Driver At Fault,Injury Severity,Driver Distracted By,Drivers License State,Vehicle Body Type,Speed Limit,Vehicle Year,Vehicle Make,Vehicle Model
DD5604003L,200029558,Rockville Police Departme,Injury Crash,07/30/2020 11:37:00 AM,Municipality,WOOTTON PKWY,TOWER OAKS BLVD,OTHER,CLEAR,DRY,DAYLIGHT,TRAFFIC SIGNAL,NONE DETECTED,Yes,POSSIBLE INJURY,LOOKED BUT DID NOT SEE,MD,PASSENGER CAR,35,2020,KIA,SORENTO
MCP2991005F,210027133,Montgomery County Police,Injury Crash,07/14/2021 11:00:00 AM,County,HEADWATERS DR,CARRISA LA,,CLEAR,DRY,DAYLIGHT,NO CONTROLS,NONE DETECTED,Unknown,NO APPARENT INJURY,NOT DISTRACTED,MD,PASSENGER CAR,25,2014,CHEVY,SILVERADO
EJ79080023,250021079,GAITHERSBURG,Property Damage Crash,05/13/2025 11:30:00 AM,County Route,SHADY GROVE RD,RAMP 4 FR RAMP 1 TO SHADY GROVE RD,Angle,Rain,Wet,Daylight,No Controls,"Not Suspect of Alcohol Use, Not Suspect of Drug Use",Yes,No Apparent Injury,Not Distracted,MD,Passenger Car,40,2013,BMW,328I
HA2388000X,20002291,Maryland-National Capital,Property Damage Crash,09/23/2020 12:04:00 PM,,,,ANGLE MEETS LEFT HEAD ON,CLEAR,,DAYLIGHT,,NONE DETECTED,No,NO APPARENT INJURY,NOT DISTRACTED,MD,POLICE VEHICLE/NON EMERGENCY,0,2014,FORD,TK
MCP2917000Q,15036211,MONTGOMERY,Property Damage Crash,07/22/2015 10:38:00 PM,County,WELLER RD,CONNECTICUT AVE,OPPOSITE DIRECTION SIDESWIPE,CLEAR,DRY,DARK NO LIGHTS,NO CONTROLS,NONE DETECTED,No,NO APPARENT INJURY,NOT DISTRACTED,MD,PASSENGER CAR,35,2006,FORD,EXPEDITION
MCP2763000Y,16038585,Montgomery County Police,Property Damage Crash,07/30/2016 04:05:00 PM,,,,OTHER,CLEAR,,DAYLIGHT,NO CONTROLS,,Yes,NO APPARENT INJURY,UNKNOWN,XX,"CARGO VAN/LIGHT TRUCK 2 AXLES (OVER 10,000LBS (4,536 KG))",10,2017,IHC,BOX  TRUCK
MCP11190086,190060897,Montgomery County Police,Property Damage Crash,12/18/2019 08:27:00 AM,Maryland (State),GEORGIA AVE,INTERCOUNTY CONNECTOR,SAME DIR REAR END,CLEAR,DRY,DAYLIGHT,,NONE DETECTED,No,NO APPARENT INJURY,NOT DISTRACTED,MD,PASSENGER CAR,45,2002,TOYOTA,CAMRY
MCP2969004R,180025243,Montgomery County Police,Property Damage Crash,05/23/2018 07:30:00 AM,Maryland (State),NEW HAMPSHIRE AVE,RAMP 1 FR MD 650 NB TO MD 200 WB,SAME DIR REAR END,CLEAR,DRY,DAYLIGHT,TRAFFIC SIGNAL,NONE DETECTED,Yes,NO APPARENT INJURY,NOT DISTRACTED,MD,PASSENGER CAR,45,2017,CADILAC,XTS
MCP2730000X,16043786,Montgomery County Police,Property Damage Crash,08/28/2016 08:30:00 AM,County,CLUB HILL DR,CUL DE SAC,OTHER,CLEAR,DRY,DAYLIGHT,NO CONTROLS,UNKNOWN,Yes,NO APPARENT INJURY,UNKNOWN,US,,30,0,UNKNOWN,UNKNOWN
MCP2919004G,180008656,Montgomery County Police,Injury Crash,02/19/2018 05:52:00 PM,Maryland (State),NEW HAMPSHIRE AVE,RODNEY RD,SAME DIRECTION SIDESWIPE,RAINING,WET,DARK LIGHTS ON,,NONE DETECTED,Yes,NO APPARENT INJURY,LOOKED BUT DID NOT SEE,MD,PASSENGER CAR,40,2015,JEEP,TK
MCP28890022,16063826,Montgomery County Police,Injury Crash,12-12-16 20:42,Maryland (State),VEIRS MILL RD,REEDIE DR,HEAD ON LEFT TURN,CLEAR,DRY,DARK LIGHTS ON,TRAFFIC SIGNAL,NONE DETECTED,No,NO APPARENT INJURY,NOT DISTRACTED,MD,PASSENGER CAR,30,2005,ACUR,4S
MCP29710008,15018754,Montgomery County Police,Injury Crash,04/21/2015 05:46:00 PM,Maryland (State),PINEY BRANCH RD,SILVER SPRING AVE,SAME DIR REAR END,CLEAR,DRY,DAYLIGHT,NO CONTROLS,NONE DETECTED,Yes,NO APPARENT INJURY,NOT DISTRACTED,MD,PASSENGER CAR,30,2007,VOLKSWAGON,PASSAT
MCP3019000C,17007048,Montgomery County Police,Injury Crash,02-09-17 8:51,County,CEDAR LA,FRANKLIN ST,SAME DIR REAR END,CLOUDY,WET,DAYLIGHT,,NONE DETECTED,Yes,SUSPECTED MINOR INJURY,INATTENTIVE OR LOST IN THOUGHT,MD,PASSENGER CAR,30,2006,CHEV,4S
MCP2848003P,16065899,Montgomery County Police,Property Damage Crash,12/23/2016 08:03:00 AM,County,DEMOCRACY BLVD,FERNWOOD RD,SAME DIRECTION LEFT TURN,CLEAR,DRY,DAYLIGHT,NO CONTROLS,NONE DETECTED,Yes,NO APPARENT INJURY,NOT DISTRACTED,MD,TRANSIT BUS,35,2010,MOTOR COACH INDUST.,BUS
MCP20470068,250037152,MONTGOMERY,Property Damage Crash,08/20/2025 07:30:00 AM,County Route,DARNESTOWN RD,,Angle,Rain,Wet,Daylight,No Controls,"Not Suspect of Alcohol Use, Not Suspect of Drug Use",No,No Apparent Injury,Not Distracted,MD,Passenger Car,40,2018,HYUNDAI,ELANTRA
MCP9118005B,250024413,MONTGOMERY,Property Damage Crash,06-02-25 0:05,County Route,KENDALL ST,,Single Vehicle,Clear,Dry,Dark - Lighted,No Controls,"Not Suspect of Alcohol Use, Not Suspect of Drug Use",Yes,No Apparent Injury,Unknown,MD,Sport Utility Vehicle,30,2013,FORD,ESCAPE
MCP3376002W,250056903,MONTGOMERY,Injury Crash,12/20/2025 05:46:00 PM,County Route,WINDHAM LA,GEORGIA AVE,Single Vehicle,Clear,Dry,Dark - Lighted,Traffic Control Signal,"Not Suspect of Alcohol Use, Not Suspect of Drug Use",No,No Apparent Injury,Not Distracted,MD,Sport Utility Vehicle,30,2013,HONDA,CR-V
EJ7876002G,200027054,Gaithersburg Police Depar,Property Damage Crash,07-12-20 15:40,County,CRABBS BRANCH WAY,SHADY GROVE RD,SAME DIR BOTH LEFT TURN,CLEAR,DRY,DAYLIGHT,TRAFFIC SIGNAL,UNKNOWN,Yes,NO APPARENT INJURY,LOOKED BUT DID NOT SEE,,PASSENGER CAR,30,2005,SUBARU,FORRESTERJF1SG63645H
MCP289200B9,210041559,Montgomery County Police,Property Damage Crash,10/16/2021 05:08:00 PM,County,COLUMBIA BLVD,CORWIN DR,HEAD ON,RAINING,WET,DAYLIGHT,NO CONTROLS,NONE DETECTED,Yes,NO APPARENT INJURY,NOT DISTRACTED,NY,PASSENGER CAR,25,2015,MASERATI,GHIBLI
MCP21770013,16045790,Montgomery County Police,Property Damage Crash,09-07-16 14:51,Maryland (State),FALLS RD,TUCKERMAN LA,HEAD ON LEFT TURN,CLEAR,DRY,DAYLIGHT,TRAFFIC SIGNAL,NONE DETECTED,No,NO APPARENT INJURY,NOT DISTRACTED,MD,PASSENGER CAR,40,1993,JAGUAR,2D
MCP29960004,15033065,MONTGOMERY,Property Damage Crash,07-11-15 0:40,County,STEDWICK RD,STEDWICK DR,SINGLE VEHICLE,,DRY,DARK LIGHTS ON,,NONE DETECTED,Yes,NO APPARENT INJURY,NOT DISTRACTED,MD,POLICE VEHICLE/EMERGENCY,25,2014,FORD,EXPLORER
MCP3040001X,180016369,Montgomery County Police,Property Damage Crash,04-04-18 17:00,,,,OTHER,CLEAR,,DAYLIGHT,,,Yes,NO APPARENT INJURY,OTHER DISTRACTION,MD,PASSENGER CAR,25,2015,JEEP,WRANGLER
MCP3091004X,240032304,MONTGOMERY,Property Damage Crash,07-09-24 12:26,County Route,AVERY RD,,Single Vehicle,Clear,Dry,Daylight,No Controls,"Not Suspect of Alcohol Use, Not Suspect of Drug Use",No,No Apparent Injury,Unknown,MD,Passenger Car,35,2023,CHEVROLET,MALIBU
MCP3200004K,210052328,Montgomery County Police,Injury Crash,12/23/2021 12:26:00 PM,Municipality,ARMORY AVE,HOWARD AVE,HEAD ON,CLEAR,DRY,DAYLIGHT,NO CONTROLS,NONE DETECTED,No,NO APPARENT INJURY,NOT DISTRACTED,MD,PASSENGER CAR,25,2019,HONDA,CR-V
MCP2177004B,190061520,Montgomery County Police,Property Damage Crash,12/21/2019 02:56:00 PM,Maryland (State),FALLS RD,COLD SPRING RD,OPPOSITE DIR BOTH LEFT TURN,CLOUDY,DRY,DAYLIGHT,,NONE DETECTED,Yes,NO APPARENT INJURY,INATTENTIVE OR LOST IN THOUGHT,MD,AUTOCYCLE,40,2006,HONDA,PILOT
MCP30210074,230070157,Montgomery County Police,Property Damage Crash,12-06-23 10:00,County,OLD COLUMBIA PIKE,MUSGROVE RD,OPPOSITE DIR BOTH LEFT TURN,CLEAR,DRY,DAYLIGHT,,NONE DETECTED,Yes,NO APPARENT INJURY,NOT DISTRACTED,MD,PASSENGER CAR,35,2016,TOYOTA,CAMRY
DM8423001J,180017577,Takoma Park Police Depart,Property Damage Crash,04-11-18 10:30,,,,STRAIGHT MOVEMENT ANGLE,CLEAR,,DAYLIGHT,NO CONTROLS,,Yes,NO APPARENT INJURY,UNKNOWN,MD,(SPORT) UTILITY VEHICLE,0,2015,TOYOTA,RAV4
MCP32900047,250020409,MONTGOMERY,Property Damage Crash,05-09-25 7:35,Local Route,METRORAIL TRACK B2 RAIL,,Front to Rear,Rain,Wet,Daylight,No Controls,"Not Suspect of Alcohol Use, Not Suspect of Drug Use",No,No Apparent Injury,Not Distracted,MD,Passenger Car,35,2015,TOYOTA,PRIUS
MCP2975002N,180060718,Montgomery County Police,Property Damage Crash,12-04-18 21:53,Maryland (State),GEORGIA AVE,BEL PRE RD,SAME DIR REAR END,CLEAR,DRY,DARK LIGHTS ON,NO CONTROLS,NONE DETECTED,No,NO APPARENT INJURY,UNKNOWN,MD,PASSENGER CAR,50,2010,DODGE,AVENGER
EJ7886003R,240023555,GAITHERSBURG,Property Damage Crash,05/18/2024 10:10:00 PM,Municipality Route,GIRARD ST,TEACHERS WAY,Single Vehicle,"Fog, Smog, Smoke",Dry,Dark - Lighted,No Controls,"Suspect of Alcohol Use, Not Suspect of Drug Use",Yes,No Apparent Injury,Unknown,MD,Passenger Car,25,2014,DODGE,CHALLENGER
DD56150002,15032754,ROCKVILLE,Injury Crash,07-05-15 1:12,Maryland (State),VEIRS MILL RD,ATLANTIC AVE,STRAIGHT MOVEMENT ANGLE,CLEAR,DRY,DARK LIGHTS ON,NO CONTROLS,NONE DETECTED,No,POSSIBLE INJURY,NOT DISTRACTED,MD,PASSENGER CAR,40,2003,NISS,SENTRA
MCP2818001N,16016279,Montgomery County Police,Property Damage Crash,04-03-16 16:05,,,,OTHER,,,DAYLIGHT,,NONE DETECTED,Yes,NO APPARENT INJURY,NOT DISTRACTED,MD,PASSENGER CAR,5,2009,FORD,CROWNVIC
HA22900005,18000199,Maryland-National Capital,Property Damage Crash,02/22/2018 08:01:00 AM,Maryland (State),PLYERS MILL RD,CONCORD ST,SAME DIRECTION RIGHT TURN,CLOUDY,DRY,DAYLIGHT,FLASHING TRAFFIC SIGNAL,NONE DETECTED,Unknown,NO APPARENT INJURY,NOT DISTRACTED,MD,VAN,30,2009,CHEV,EXPRESS
MCP3268000F,200036194,Montgomery County Police,Injury Crash,09/15/2020 04:43:00 PM,Maryland (State),GEORGIA AVE,AUGUST DR,,CLEAR,DRY,DAYLIGHT,,NONE DETECTED,No,NO APPARENT INJURY,NOT DISTRACTED,MD,PASSENGER CAR,35,2015,NISS,VN
MCP15500061,250014849,MONTGOMERY,Property Damage Crash,04-05-25 12:13,Maryland (State) Route,ROCKVILLE PIKE (SB/L),,Front to Rear,Cloudy,Dry,Daylight,No Controls,"Not Suspect of Alcohol Use, Not Suspect of Drug Use",No,No Apparent Injury,Not Distracted,MD,Passenger Car,35,2014,TOYOTA,RAV4
MCP3164004P,210030068,Montgomery County Police,Property Damage Crash,08-03-21 9:25,Maryland (State),VEIRS MILL RD,ENT TO WHEATON PLAZA,SAME DIR REAR END,,DRY,,TRAFFIC SIGNAL,NONE DETECTED,No,NO APPARENT INJURY,NOT DISTRACTED,MD,PASSENGER CAR,25,2012,MITS,GALANT
MCP22380005,180037860,Montgomery County Police,Property Damage Crash,07/31/2018 07:06:00 AM,County,MUDDY BRANCH RD,GREAT SENECA HWY,SAME DIR REAR END,CLOUDY,WET,DAYLIGHT,TRAFFIC SIGNAL,NONE DETECTED,No,NO APPARENT INJURY,NOT DISTRACTED,MD,VAN,45,2015,CHEVROLET,EXPRESS
MCP2951001N,16033363,Montgomery County Police,Injury Crash,07-01-16 17:35,County,BEL PRE RD,BEAVERWOOD LA,STRAIGHT MOVEMENT ANGLE,CLEAR,DRY,DAYLIGHT,NO CONTROLS,NONE DETECTED,No,SUSPECTED SERIOUS INJURY,UNKNOWN,MD,PASSENGER CAR,35,2008,SUZI,4S
EJ7876004G,220016824,Gaithersburg Police Depar,Property Damage Crash,04/20/2022 05:20:00 PM,Maryland (State),DARNESTOWN RD,ENT TO BUSINESS,STRAIGHT MOVEMENT ANGLE,CLEAR,DRY,DAYLIGHT,TRAFFIC SIGNAL,NONE DETECTED,No,NO APPARENT INJURY,NOT DISTRACTED,MD,PASSENGER CAR,45,2014,HYUNDAI,ELANTRA
MCP24850018,180063002,Montgomery County Police,Property Damage Crash,12/15/2018 04:00:00 PM,Maryland (State),GEORGIA AVE,ARCOLA AVE,SAME DIR REAR END,RAINING,WET,DAYLIGHT,TRAFFIC SIGNAL,UNKNOWN,Yes,NO APPARENT INJURY,UNKNOWN,,(SPORT) UTILITY VEHICLE,35,2013,NISS,SUV
MCP30500040,190050081,Montgomery County Police,Property Damage Crash,10/18/2019 08:28:00 PM,Maryland (State),GEORGIA AVE,KAYSON ST,STRAIGHT MOVEMENT ANGLE,CLEAR,DRY,DARK LIGHTS ON,NO CONTROLS,NONE DETECTED,No,NO APPARENT INJURY,NOT DISTRACTED,MD,FIRE VEHICLE/EMERGENCY,35,2008,SPAR,FIRETRUCK
MCP2720005B,200046356,Montgomery County Police,Injury Crash,11/23/2020 10:16:00 PM,County,BEL PRE RD,RIPPLING BROOK DR,STRAIGHT MOVEMENT ANGLE,CLEAR,DRY,DARK LIGHTS ON,NO CONTROLS,NONE DETECTED,No,SUSPECTED MINOR INJURY,NOT DISTRACTED,MD,PASSENGER CAR,35,2014,FORD,FOCUS
MCP2645000W,190023200,Montgomery County Police,Property Damage Crash,05/16/2019 09:10:00 PM,Maryland (State),FREDERICK RD,CHRISTOPHER AVE,STRAIGHT MOVEMENT ANGLE,CLEAR,DRY,DARK LIGHTS ON,TRAFFIC SIGNAL,NONE DETECTED,Yes,NO APPARENT INJURY,LOOKED BUT DID NOT SEE,PA,PASSENGER CAR,40,2017,TOYO,RAV 4
MCP2455008H,250043335,MONTGOMERY,Property Damage Crash,09/26/2025 02:18:00 PM,Crossover,,ROCKVILLE PIKE (SB/L),Angle,Clear,Dry,Daylight,Traffic Control Signal,"Not Suspect of Alcohol Use, Not Suspect of Drug Use",No,No Apparent Injury,Unknown,MD,Passenger Car,35,2005,TOYOTA,SCION XB
MCP27400059,180038953,Montgomery County Police,Property Damage Crash,08-06-18 8:15,County,ROEDER RD,FENTON ST,OTHER,CLEAR,DRY,DAYLIGHT,NO CONTROLS,,Yes,NO APPARENT INJURY,NOT DISTRACTED,MD,PASSENGER CAR,25,2014,CHEVROLET,CRUZE
MCP30710014,180064039,Montgomery County Police,Property Damage Crash,12/22/2018 05:07:00 PM,Maryland (State),FREDERICK RD,GUNNERS BRANCH RD,ANGLE MEETS LEFT TURN,CLEAR,DRY,DARK LIGHTS ON,TRAFFIC SIGNAL,NONE DETECTED,Yes,NO APPARENT INJURY,LOOKED BUT DID NOT SEE,MD,PASSENGER CAR,40,2004,MAZD,4D
MCP27970014,16046442,Montgomery County Police,Property Damage Crash,09-10-16 16:40,Maryland (State),GEORGIA AVE,SHOREFIELD RD,SAME DIR REAR END,CLEAR,DRY,DAYLIGHT,NO CONTROLS,NONE DETECTED,Yes,NO APPARENT INJURY,UNKNOWN,MD,"OTHER LIGHT TRUCKS (10,000LBS (4,536KG) OR LESS)",35,2006,FORD,F150
MCP10350009,16020273,Montgomery County Police,Property Damage Crash,04/25/2016 03:17:00 AM,Maryland (State),W MONTGOMERY AVE,RESEARCH BLVD,SINGLE VEHICLE,,DRY,DARK LIGHTS ON,FLASHING TRAFFIC SIGNAL,NONE DETECTED,Yes,NO APPARENT INJURY,UNKNOWN,,PASSENGER CAR,40,2007,NISSAN,ALTIMA
MCP3230003J,220048470,Montgomery County Police,Property Damage Crash,11-03-22 17:10,County,SELFRIDGE RD,CLEARFIELD RD,STRAIGHT MOVEMENT ANGLE,CLEAR,DRY,DAYLIGHT,STOP SIGN,NONE DETECTED,Yes,NO APPARENT INJURY,NOT DISTRACTED,MD,PASSENGER CAR,25,2013,CHEVY,CAMARO
DD5612005S,240045401,ROCKVILLE,Injury Crash,09/23/2024 03:37:00 PM,,,,Front to Rear,Clear,,Daylight,,"Not Suspect of Alcohol Use, Not Suspect of Drug Use",Yes,No Apparent Injury,Not Distracted,MD,Passenger Car,0,2023,PORSCHE,CAYENNE
MCP27390041,210029006,Montgomery County Police,Injury Crash,07-07-21 4:22,Maryland (State),NEW HAMPSHIRE AVE,NORTHAMPTON DR,STRAIGHT MOVEMENT ANGLE,CLEAR,DRY,DARK LIGHTS ON,FLASHING TRAFFIC SIGNAL,NONE DETECTED,No,SUSPECTED MINOR INJURY,NOT DISTRACTED,MD,PASSENGER CAR,40,2015,TOYOTA,HIGHLANDER
MCP2940005S,220026092,Montgomery County Police,Injury Crash,06/17/2022 12:00:00 PM,Maryland (State),RIVER RD,COUNSELMAN RD,HEAD ON LEFT TURN,CLEAR,DRY,DAYLIGHT,TRAFFIC SIGNAL,NONE DETECTED,No,POSSIBLE INJURY,NOT DISTRACTED,MD,PASSENGER CAR,35,2016,HOND,4S
MCP32830011,210044869,Montgomery County Police,Property Damage Crash,11-05-21 18:16,County,SHADY GROVE RD,MOLECULAR DR,SAME DIR REAR END,CLEAR,DRY,DUSK,STOP SIGN,NONE DETECTED,No,NO APPARENT INJURY,NOT DISTRACTED,MD,PASSENGER CAR,15,2015,LEXUS,ES 350
MCP2456008B,230074353,Montgomery County Police,Injury Crash,12/31/2023 09:30:00 AM,US (State),COLESVILLE RD,LORAIN AVE,SINGLE VEHICLE,CLEAR,DRY,DAYLIGHT,NO CONTROLS,UNKNOWN,Yes,POSSIBLE INJURY,UNKNOWN,MD,PASSENGER CAR,40,2023,HOND,SD
MCP29610015,16042199,Montgomery County Police,Property Damage Crash,08/19/2016 10:16:00 PM,,,,STRAIGHT MOVEMENT ANGLE,CLEAR,,DARK LIGHTS ON,NO CONTROLS,NONE DETECTED,No,NO APPARENT INJURY,NOT DISTRACTED,MD,PASSENGER CAR,10,2015,TOYOTA,4D
MCP2198003J,170546802,Montgomery County Police,Injury Crash,12-05-17 18:57,County,SHADY GROVE RD,RAMP 4 FR RAMP 1 TO SHADY GROVE RD,OTHER,,WET,DARK LIGHTS ON,,,Yes,NO APPARENT INJURY,NOT DISTRACTED,DC,PASSENGER CAR,15,2015,NISSAN,SUV
MCP2052002V,230003551,Montgomery County Police,Injury Crash,01/22/2023 12:25:00 PM,County,SHADY GROVE RD,RAMP 1 FR IS 270 NB TO SHADY GROVE RD WB,ANGLE MEETS LEFT HEAD ON,RAINING,WET,DAYLIGHT,TRAFFIC SIGNAL,NONE DETECTED,Yes,POSSIBLE INJURY,NOT DISTRACTED,MD,(SPORT) UTILITY VEHICLE,40,2007,TOYT,TK RAV4
MCP2420001D,16015604,Montgomery County Police,Property Damage Crash,03/30/2016 06:07:00 PM,County,MACDUFF AVE,HINES RD,HEAD ON,CLEAR,DRY,DAYLIGHT,NO CONTROLS,ALCOHOL PRESENT,Yes,NO APPARENT INJURY,NOT DISTRACTED,MD,(SPORT) UTILITY VEHICLE,30,2003,CHEV,TAHOE
DD55220018,15001704,Rockville Police Departme,Property Damage Crash,01-11-15 13:56,Maryland (State),VEIRS MILL RD,EDMONSTON DR,ANGLE MEETS RIGHT TURN,CLEAR,DRY,DAYLIGHT,TRAFFIC SIGNAL,NONE DETECTED,Unknown,NO APPARENT INJURY,NOT DISTRACTED,MD,PASSENGER CAR,35,2007,TOYOTA,COROLLA
MCP3342000W,220056890,Montgomery County Police,Property Damage Crash,12/22/2022 08:10:00 PM,County,STURTEVANT RD,BRIGGS CHANEY RD,HEAD ON LEFT TURN,RAINING,WET,DARK NO LIGHTS,NO CONTROLS,NONE DETECTED,No,NO APPARENT INJURY,NOT DISTRACTED,MD,PASSENGER CAR,30,2016,TOYT,SD
MCP15540027,170516489,Montgomery County Police,Property Damage Crash,06/29/2017 06:20:00 PM,Maryland (State),FREDERICK RD,REDLAND BLVD,SAME DIRECTION RIGHT TURN,CLEAR,DRY,DAYLIGHT,NO CONTROLS,NONE DETECTED,No,NO APPARENT INJURY,NOT DISTRACTED,MD,PASSENGER CAR,45,2013,TOYT,4S
MCP3211001P,200036104,Montgomery County Police,Injury Crash,09/15/2020 07:42:00 AM,County,PARKLAWN DR,BOILING BROOK PKWY,STRAIGHT MOVEMENT ANGLE,CLEAR,DRY,DAYLIGHT,NO CONTROLS,NONE DETECTED,No,POSSIBLE INJURY,NOT DISTRACTED,CT,PASSENGER CAR,30,2016,HONDA,CIVIC LX
EJ7884004Y,220036267,Gaithersburg Police Depar,Property Damage Crash,08/22/2022 03:59:00 PM,Maryland (State),MONTGOMERY VILLAGE AVE,FREDERICK RD,SAME DIRECTION RIGHT TURN,CLEAR,DRY,DAYLIGHT,TRAFFIC SIGNAL,,No,NO APPARENT INJURY,NOT DISTRACTED,MD,PASSENGER CAR,35,2015,TOYOTA,COROLLA
MCP3257007N,240047640,MONTGOMERY,Property Damage Crash,10-06-24 0:55,Maryland (State) Route,UNIVERSITY BLVD W,,Single Vehicle,Clear,Dry,Dark - Lighted,No Controls,"Not Suspect of Alcohol Use, Not Suspect of Drug Use",No,No Apparent Injury,Not Distracted,MD,Passenger Car,30,2014,MAZDA,MAZDA3
EJ7904001F,240042581,GAITHERSBURG,Property Damage Crash,09-08-24 11:30,Maryland (State) Route,S FREDERICK RD,,Single Vehicle,Clear,Dry,Daylight,No Controls,"Not Suspect of Alcohol Use, Not Suspect of Drug Use",No,No Apparent Injury,Not Distracted,MD,Passenger Car,35,2008,HONDA,CIVIC
MCP3301000H,210038110,Montgomery County Police,Property Damage Crash,09/26/2021 03:46:00 PM,,,,OTHER,CLEAR,,DAYLIGHT,NO CONTROLS,UNKNOWN,Yes,NO APPARENT INJURY,NO DRIVER PRESENT,MD,PASSENGER CAR,5,2000,FORD,TK
MCP3193004C,230020163,Montgomery County Police,Property Damage Crash,04/27/2023 03:03:00 PM,Maryland (State),VEIRS MILL RD,DALEWOOD DR,STRAIGHT MOVEMENT ANGLE,CLEAR,DRY,DAYLIGHT,STOP SIGN,NONE DETECTED,No,NO APPARENT INJURY,NOT DISTRACTED,MD,PASSENGER CAR,35,2012,HOND,4S
EJ7864001F,180016822,Gaithersburg Police Depar,Property Damage Crash,04-06-18 22:38,County,MUDDY BRANCH RD,GREAT SENECA HWY,SAME DIR REAR END,,,DARK LIGHTS ON,NO CONTROLS,,Yes,NO APPARENT INJURY,UNKNOWN,MD,PASSENGER CAR,50,2012,TOYOTA,SIENNA
MCP1151008X,190002310,Montgomery County Police,Injury Crash,01/15/2019 03:20:00 PM,Maryland (State),CLOPPER RD,WARING STATION RD,SAME DIR REAR END,CLEAR,WET,DAYLIGHT,TRAFFIC SIGNAL,NONE DETECTED,Yes,NO APPARENT INJURY,INATTENTIVE OR LOST IN THOUGHT,MD,PASSENGER CAR,40,2017,TOYT,COROLLA
MCP3211002Q,220027963,Montgomery County Police,Property Damage Crash,06/29/2022 02:00:00 PM,Maryland (State),OLD GEORGETOWN RD,ENT TO BUSINESS,HEAD ON LEFT TURN,CLEAR,DRY,DAYLIGHT,NO CONTROLS,NONE DETECTED,No,NO APPARENT INJURY,NOT DISTRACTED,MD,PASSENGER CAR,10,2006,HONDA,ODYSSEY
MCP3163005J,230023515,Montgomery County Police,Property Damage Crash,05/16/2023 04:33:00 PM,Maryland (State),OLD GEORGETOWN RD,ROCK SPRING DR,SAME DIR REAR END,CLEAR,DRY,DAYLIGHT,TRAFFIC SIGNAL,,No,NO APPARENT INJURY,NOT DISTRACTED,MD,PASSENGER CAR,45,2021,NISS,SD
MCP2298006B,15050648,MONTGOMERY,Property Damage Crash,10-06-15 16:08,Maryland (State),WOODFIELD RD,MOYER RD,SAME DIR REAR END,CLEAR,DRY,DAYLIGHT,NO CONTROLS,NONE DETECTED,No,NO APPARENT INJURY,NOT DISTRACTED,MD,(SPORT) UTILITY VEHICLE,40,2008,NISS,ROGUE
MCP3267001Y,230054356,Montgomery County Police,Property Damage Crash,09-12-23 4:50,Maryland (State),GEORGIA AVE,LAYHILL RD,SAME DIR REAR END,CLEAR,DRY,DARK LIGHTS ON,TRAFFIC SIGNAL,NONE DETECTED,Yes,NO APPARENT INJURY,NOT DISTRACTED,MD,PASSENGER CAR,35,2011,TOYOTA,RAV 4
MCP3022002W,190030747,Montgomery County Police,Property Damage Crash,06/27/2019 09:21:00 PM,Maryland (State),RIDGE RD,BETHESDA CHURCH RD,OTHER,CLEAR,DRY,DARK LIGHTS ON,TRAFFIC SIGNAL,,No,NO APPARENT INJURY,NOT DISTRACTED,MD,PASSENGER CAR,30,2014,TOYT,2S
MCP1554000S,15023095,Montgomery County Police,Injury Crash,05/14/2015 05:50:00 PM,Maryland (State),W MONTGOMERY AVE,ABERDEEN RD,SAME DIR REAR END,CLEAR,DRY,DAYLIGHT,,NONE DETECTED,Yes,NO APPARENT INJURY,BY OTHER OCCUPANTS,MD,(SPORT) UTILITY VEHICLE,30,2000,CHEVY,EXPRESS
MCP9365000Q,170512644,Montgomery County Police,Property Damage Crash,06-09-17 9:41,US (State),COLUMBIA PIKE,RAMP 8 FR US 29 SB TO E RANDOLPH RD WB,SAME DIR REAR END,CLEAR,DRY,DAYLIGHT,,UNKNOWN,Yes,NO APPARENT INJURY,NOT DISTRACTED,,(SPORT) UTILITY VEHICLE,50,0,UNK,UNK
MCP33280023,230029324,Montgomery County Police,Property Damage Crash,06/18/2023 06:50:00 PM,Maryland (State),GEORGIA AVE,PARKER AVE,OTHER,CLEAR,,DAYLIGHT,STOP SIGN,NONE DETECTED,Yes,NO APPARENT INJURY,UNKNOWN,MD,PASSENGER CAR,25,2018,TOYOTA,COROLLA
MCP2974001W,180053880,Montgomery County Police,Injury Crash,10/27/2018 06:57:00 PM,Maryland (State),NEW HAMPSHIRE AVE,POWDER MILL RD,SAME DIR REAR END,CLEAR,DRY,DARK LIGHTS ON,TRAFFIC SIGNAL,NONE DETECTED,Unknown,POSSIBLE INJURY,NOT DISTRACTED,DC,PASSENGER CAR,35,1997,CHEVY,VAN
EJ7905001C,240043006,GAITHERSBURG,Property Damage Crash,09-10-24 13:52,,,,Other,Clear,,Daylight,,"Not Suspect of Alcohol Use, Not Suspect of Drug Use",No,No Apparent Injury,Unknown,WA,Passenger Car,0,2012,TOYOTA,CAMRY