Report Number,Local Case Number,Agency Name,ACRS Report Type,Crash Date/Time,Route Type,Road Name,Cross-Street Name,Collision Type,Weather,Surface Condition,Light,Traffic Control,Driver Substance Abuse,Driver At Fault,Injury Severity,Driver Distracted By,Drivers License State,Vehicle Body Type,Speed Limit,Vehicle Year,Vehicle Make,Vehicle Model
MCP3148008J,250048749,MONTGOMERY,Injury Crash,10/30/2025 03:13:00 PM,,,,Front to Front,Clear,,Daylight,,"Not Suspect of Alcohol Use, Not Suspect of Drug Use",No,No Apparent Injury,Not Distracted,MD,Passenger Car,0,2014,HONDA,CR-V
MCP2829001Z,16014985,Montgomery County Police,Injury Crash,03/27/2016 02:33:00 AM,County,POWDER MILL RD,NEW HAMPSHIRE AVE,SAME DIR REAR END,CLOUDY,DRY,DARK LIGHTS ON,TRAFFIC SIGNAL,ALCOHOL PRESENT,Yes,NO APPARENT INJURY,NOT DISTRACTED,VA,PASSENGER CAR,35,2015,TOYT,CAMRY SE
MCP26820037,210047726,Montgomery County Police,Property Damage Crash,11/23/2021 02:35:00 PM,,TURKEY THICKET DR,SNOUFFER SCHOOL RD,SINGLE VEHICLE,CLEAR,DRY,DAYLIGHT,,NONE DETECTED,Yes,NO APPARENT INJURY,LOOKED BUT DID NOT SEE,MD,POLICE VEHICLE/NON EMERGENCY,25,2021,FORD,EXPLORER
MCP3258003D,230055275,Montgomery County Police,Property Damage Crash,09/16/2023 06:18:00 PM,County,VEIRS MILL SERV RD,ROAD END,SAME DIR REAR END,CLEAR,DRY,DAYLIGHT,NO CONTROLS,,Yes,NO APPARENT INJURY,LOOKED BUT DID NOT SEE,MD,PASSENGER CAR,25,2015,HOND,SD
MCP2932004W,210031554,Montgomery County Police,Property Damage Crash,08/13/2021 11:35:00 PM,US (State),GEORGIA AVE,THAYER AVE,SAME DIRECTION RIGHT TURN,CLEAR,DRY,DARK LIGHTS ON,TRAFFIC SIGNAL,NONE DETECTED,Yes,NO APPARENT INJURY,NOT DISTRACTED,DC,PASSENGER CAR,35,2005,LEXUS,ES
MCP2831002K,180027500,Montgomery County Police,Property Damage Crash,06-04-18 16:59,,,,OPPOSITE DIRECTION SIDESWIPE,CLEAR,,DAYLIGHT,NO CONTROLS,,Yes,NO APPARENT INJURY,UNKNOWN,,PASSENGER CAR,25,2010,TOYOTA,PRIUS
MCP2871002F,15061620,MONTGOMERY,Injury Crash,12-02-15 20:56,County,WESTLAKE TERR,RAMP 3 FR WESTLAKE TERR TO IS 270Y NB,STRAIGHT MOVEMENT ANGLE,CLOUDY,WET,DARK LIGHTS ON,TRAFFIC SIGNAL,NONE DETECTED,No,SUSPECTED MINOR INJURY,NOT DISTRACTED,MD,PASSENGER CAR,35,2005,HOND,CIVIC
MCP287500BG,250042267,MONTGOMERY,Property Damage Crash,09/18/2025 01:15:00 PM,Maryland (State) Route,CONNECTICUT AVE (SB/L),,Front to Rear,Clear,Dry,Daylight,Traffic Control Signal,"Not Suspect of Alcohol Use, Not Suspect of Drug Use",No,No Apparent Injury,Not Distracted,MD,Single-Unit Truck,35,2013,CHEVROLET,SILVERADO
MCP1099003X,210036137,Montgomery County Police,Injury Crash,09/14/2021 07:52:00 AM,Maryland (State),MUNCASTER MILL RD,SNOW CREEK DR,SAME DIR REAR END,CLEAR,DRY,DAYLIGHT,,,Yes,NO APPARENT INJURY,LOOKED BUT DID NOT SEE,MD,PASSENGER CAR,35,2016,JEEP,UT
MCP3243000B,200032835,Montgomery County Police,Property Damage Crash,08/22/2020 03:25:00 PM,,,,OTHER,CLOUDY,,DAYLIGHT,,UNKNOWN,Yes,NO APPARENT INJURY,UNKNOWN,VA,(SPORT) UTILITY VEHICLE,0,2012,MERCEDES,GLK350
MCP0617005H,230060020,Montgomery County Police,Property Damage Crash,10-12-23 9:00,Maryland (State),SPENCERVILLE RD,STABLER LA,SAME DIR REAR END,CLEAR,DRY,DAYLIGHT,NO CONTROLS,NONE DETECTED,No,NO APPARENT INJURY,NOT DISTRACTED,XX,(SPORT) UTILITY VEHICLE,40,2012,CHEV,UT
MCP2726005H,210013916,Montgomery County Police,Injury Crash,04/14/2021 12:03:00 PM,Maryland (State),ROCKVILLE PIKE,CONGRESSIONAL LA,OTHER,RAINING,WET,DAYLIGHT,OTHER,NONE DETECTED,No,SUSPECTED MINOR INJURY,NOT DISTRACTED,MD,PASSENGER CAR,40,2000,TOYOTA,2S
MCP1438008L,190025727,Montgomery County Police,Property Damage Crash,05/30/2019 08:50:00 AM,County,MIDCOUNTY HWY,WOODFIELD RD,SAME DIRECTION SIDESWIPE,CLEAR,DRY,DAYLIGHT,TRAFFIC SIGNAL,NONE DETECTED,No,NO APPARENT INJURY,NOT DISTRACTED,MD,TRANSIT BUS,45,2014,GILL,BU
MCP3026004R,190057050,Montgomery County Police,Property Damage Crash,11/26/2019 09:30:00 AM,Interstate (State),CAPITAL BELTWAY,GEORGIA AVE,SAME DIRECTION SIDESWIPE,CLEAR,DRY,DAYLIGHT,NO CONTROLS,NONE DETECTED,No,NO APPARENT INJURY,NOT DISTRACTED,MD,PASSENGER CAR,55,2017,HONDA,CIVIC
MCP2944000T,15047033,MONTGOMERY,Property Damage Crash,09/17/2015 05:50:00 AM,County,JONES BRIDGE RD,PLATT RIDGE DR,SAME DIRECTION SIDESWIPE,CLEAR,DRY,DARK LIGHTS ON,NO CONTROLS,NONE DETECTED,No,NO APPARENT INJURY,NOT DISTRACTED,MD,PASSENGER CAR,25,2012,DODGE,CHALLENGER
MCP3022001F,170544539,Montgomery County Police,Property Damage Crash,11/23/2017 06:17:00 PM,Maryland (State),FREDERICK RD,OLD HUNDRED RD,OTHER,CLEAR,DRY,DARK LIGHTS ON,TRAFFIC SIGNAL,,No,NO APPARENT INJURY,NOT DISTRACTED,MD,PASSENGER CAR,0,2014,TOYOTA,4S
MCP243600G0,220035183,Montgomery County Police,Property Damage Crash,08/15/2022 03:53:00 PM,Maryland (State),OLD GEORGETOWN RD,RAMP 1 FR MD 187 NB TO RAMP 8 (TO IS495),STRAIGHT MOVEMENT ANGLE,CLEAR,DRY,DAYLIGHT,TRAFFIC SIGNAL,NONE DETECTED,Yes,NO APPARENT INJURY,UNKNOWN,MD,PASSENGER CAR,40,2019,SUBARU,LEGACY
MCP3377002D,240049543,MONTGOMERY,Property Damage Crash,10/16/2024 07:44:00 PM,Maryland (State) Route,STRATHMORE AVE,ROCKVILLE PIKE,Front to Rear,Clear,Dry,Dark - Lighted,Traffic Control Signal,"Not Suspect of Alcohol Use, Not Suspect of Drug Use",No,No Apparent Injury,Not Distracted,MD,Passenger Car,35,2011,LEXUS,RX
MCP2116002L,15042562,MONTGOMERY,Injury Crash,08/25/2015 09:16:00 AM,Interstate (State),EISENHOWER MEMORIAL HWY,RAMP 6 FR MD 28 EB TO IS 270 SB,SAME DIRECTION SIDESWIPE,CLEAR,DRY,DAYLIGHT,,NONE DETECTED,No,SUSPECTED MINOR INJURY,NOT DISTRACTED,MD,PASSENGER CAR,55,2003,TOYOTA,SEQ
MCP31150014,180025031,Montgomery County Police,Injury Crash,05/22/2018 06:20:00 AM,Maryland (State),NEW HAMPSHIRE AVE,POWDER MILL RD,SAME DIR REAR END,CLOUDY,,DAYLIGHT,,,Yes,NO APPARENT INJURY,INATTENTIVE OR LOST IN THOUGHT,MD,PASSENGER CAR,45,2002,HOND,VAN
DD5663001G,240047000,ROCKVILLE,Injury Crash,10-02-24 11:08,County Route,CHAPMAN AVE,,"Sideswipe, Same Direction",Cloudy,Wet,Daylight,No Controls,"Not Suspect of Alcohol Use, Not Suspect of Drug Use",No,Suspected Minor Injury,Not Distracted,MD,Passenger Car,25,2013,HONDA,ACCORD
MCP2347001B,170538148,Montgomery County Police,Injury Crash,10/22/2017 12:39:00 PM,,,,STRAIGHT MOVEMENT ANGLE,CLEAR,,DAYLIGHT,STOP SIGN,NONE DETECTED,No,POSSIBLE INJURY,NOT DISTRACTED,MD,PASSENGER CAR,0,2012,CHRYSLER,200
EJ7860000T,16051685,Gaithersburg Police Depar,Injury Crash,10-07-16 22:47,Maryland (State),S FREDERICK RD,CENTRAL AVE,STRAIGHT MOVEMENT ANGLE,CLEAR,DRY,DARK LIGHTS ON,STOP SIGN,NONE DETECTED,Yes,SUSPECTED MINOR INJURY,INATTENTIVE OR LOST IN THOUGHT,MD,SNOWMOBILE,30,2010,HONDA,CRV
MCP1119001M,15056339,MONTGOMERY,Injury Crash,11-05-15 9:05,County,RANDOLPH RD,HAWKESBURY LA,OTHER,,WET,DAYLIGHT,,NONE DETECTED,No,NO APPARENT INJURY,NOT DISTRACTED,MD,OTHER,45,1997,INTERNATIONAL,TRUCK
EJ78540018,170502276,Gaithersburg Police Depar,Injury Crash,04/15/2017 05:27:00 AM,Maryland (State),S FREDERICK RD,N WESTLAND DR,SAME DIR REAR END,CLEAR,DRY,DUSK,NO CONTROLS,ALCOHOL CONTRIBUTED,No,NO APPARENT INJURY,INATTENTIVE OR LOST IN THOUGHT,CA,PASSENGER CAR,40,2010,MITS,EVO
MCP3023003K,200001643,Montgomery County Police,Property Damage Crash,01-10-20 10:15,County,EVERTON ST,DALEWOOD DR,SAME DIR REAR END,CLEAR,DRY,DAYLIGHT,NO CONTROLS,NONE DETECTED,Yes,NO APPARENT INJURY,NOT DISTRACTED,MD,PASSENGER CAR,25,2014,NISS,4S
MCP3279000P,210020506,Montgomery County Police,Injury Crash,05/30/2021 05:31:00 PM,County,PARKLAND DR,MARIANNA DR,STRAIGHT MOVEMENT ANGLE,CLEAR,DRY,,STOP SIGN,NONE DETECTED,Yes,NO APPARENT INJURY,UNKNOWN,MD,PASSENGER CAR,25,2016,HONDA,CIVIC LX
MCP2008005S,190001298,Montgomery County Police,Property Damage Crash,01-08-19 17:57,Maryland (State),OLD GEORGETOWN RD,SPUR TO MD 355,SAME DIR REAR END,RAINING,WET,DARK LIGHTS ON,YIELD SIGN,NONE DETECTED,No,NO APPARENT INJURY,NOT DISTRACTED,MD,PASSENGER CAR,40,1997,HOND,4S
MCP1417005G,16027517,Montgomery County Police,Property Damage Crash,06-02-16 9:21,,,,SINGLE VEHICLE,CLEAR,,DAYLIGHT,NO CONTROLS,NONE DETECTED,Yes,NO APPARENT INJURY,NOT DISTRACTED,MD,FIRE VEHICLE/NON EMERGENCY,15,2007,SPARTAN,FIRE TRUCK
MCP26860030,180057216,Montgomery County Police,Property Damage Crash,11/14/2018 09:11:00 PM,County,BRINK RD,COZY CT,SAME DIR REAR END,CLEAR,DRY,DARK NO LIGHTS,NO CONTROLS,NONE DETECTED,No,NO APPARENT INJURY,NOT DISTRACTED,MD,PASSENGER CAR,40,2009,MINI,2S
MCP3140000N,180060987,Montgomery County Police,Injury Crash,12-06-18 11:26,Maryland (State),BRADLEY BLVD,GLENBROOK RD,HEAD ON LEFT TURN,CLEAR,DRY,DAYLIGHT,TRAFFIC SIGNAL,,Yes,SUSPECTED SERIOUS INJURY,UNKNOWN,MD,PASSENGER CAR,35,2015,SUBARU,XV GROSSTREK
MCP2187000L,210001433,Montgomery County Police,Property Damage Crash,01-12-21 8:30,County,SHADY GROVE RD,CORPORATE BLVD,STRAIGHT MOVEMENT ANGLE,CLEAR,,DAYLIGHT,TRAFFIC SIGNAL,NONE DETECTED,No,NO APPARENT INJURY,NOT DISTRACTED,VA,PASSENGER CAR,35,2011,MERCEDES BENZ,E350
MCP285900HC,240048224,MONTGOMERY,Property Damage Crash,10-09-24 14:10,Service Road,ENT TO SENECA STATE PARK,CLOPPER RD,Angle,Clear,Dry,Daylight,Stop Sign,"Not Suspect of Alcohol Use, Not Suspect of Drug Use",Yes,No Apparent Injury,Unknown,MD,Passenger Car,25,2024,ACURA,INTEGRA
MCP2719002Q,180047774,Montgomery County Police,Property Damage Crash,09/24/2018 06:30:00 PM,County,LIVINGSTON ST,HENDERSON AVE,OTHER,RAINING,WET,DAYLIGHT,STOP SIGN,,No,NO APPARENT INJURY,NOT DISTRACTED,MD,PASSENGER CAR,30,1989,BMW,4D
MCP2549004Y,16025965,Montgomery County Police,Property Damage Crash,05/25/2016 10:00:00 AM,,,,OTHER,,,DAYLIGHT,,NONE DETECTED,Yes,NO APPARENT INJURY,NOT DISTRACTED,VA,(SPORT) UTILITY VEHICLE,15,2015,JEEP,GRAND CHEROKEE
MCP3233005T,250035991,MONTGOMERY,Property Damage Crash,08-12-25 18:07,County Route,LOCKWOOD DR,COLUMBIA PIKE (SB/L),Front to Rear,Clear,Dry,Daylight,Traffic Control Signal,"Not Suspect of Alcohol Use, Not Suspect of Drug Use",No,No Apparent Injury,Not Distracted,MD,Passenger Car,35,2017,MERCEDES-BENZ,GLA-CLASS
DD5502002T,16063717,Rockville Police Departme,Injury Crash,12-12-16 10:50,Maryland (State),ROCKVILLE PIKE,ROLLINS AVE,SAME DIR REAR END,CLOUDY,WET,DAYLIGHT,TRAFFIC SIGNAL,NONE DETECTED,No,NO APPARENT INJURY,NOT DISTRACTED,MD,PASSENGER CAR,40,2012,NISS,4S
MCP2859009D,200044353,Montgomery County Police,Property Damage Crash,11-10-20 11:00,County,SAM EIG HWY,GREAT SENECA HWY,SAME DIR REAR END,CLEAR,DRY,DAYLIGHT,TRAFFIC SIGNAL,NONE DETECTED,No,NO APPARENT INJURY,NOT DISTRACTED,MD,PASSENGER CAR,30,2011,SUBARU,OUTBACK
MCP2607002Y,170538610,Montgomery County Police,Injury Crash,10/24/2017 07:18:00 PM,Maryland (State),MUNCASTER MILL RD,WOODFIELD RD,STRAIGHT MOVEMENT ANGLE,CLEAR,DRY,DARK LIGHTS ON,TRAFFIC SIGNAL,NONE DETECTED,No,POSSIBLE INJURY,NOT DISTRACTED,MD,PASSENGER CAR,40,2007,KIA,RONDO
MCP2717004L,16000814,Montgomery County Police,Property Damage Crash,01-05-16 16:45,Maryland (State),ROCKVILLE PIKE,GROSVENOR LA,SAME DIRECTION SIDESWIPE,CLEAR,DRY,DARK LIGHTS ON,NO CONTROLS,NONE DETECTED,No,NO APPARENT INJURY,NOT DISTRACTED,MD,TRANSIT BUS,40,2000,ORION,TRANSIT BUS
EJ7879002P,230021006,Gaithersburg Police Depar,Property Damage Crash,05-02-23 16:30,Maryland (State),FREDERICK RD,WALKER AVE,SAME DIR REAR END,CLOUDY,WET,DAYLIGHT,TRAFFIC SIGNAL,NONE DETECTED,No,NO APPARENT INJURY,NOT DISTRACTED,MD,PASSENGER CAR,35,2016,HINDA,CR-V
MCP3035002R,210007950,Montgomery County Police,Injury Crash,03-03-21 0:33,County,CONTOUR RD,LOST KNIFE RD,SINGLE VEHICLE,,DRY,DARK LIGHTS ON,NO CONTROLS,NONE DETECTED,Yes,SUSPECTED MINOR INJURY,UNKNOWN,MD,PASSENGER CAR,25,2005,TOYT,COROLLA
MCP31190019,180065060,Montgomery County Police,Property Damage Crash,12/29/2018 12:33:00 PM,,,,OTHER,CLEAR,,DAYLIGHT,NO CONTROLS,NONE DETECTED,Yes,NO APPARENT INJURY,INATTENTIVE OR LOST IN THOUGHT,MD,PASSENGER CAR,0,2004,LINCOLN,TOWNCAR
MCP29890014,190002594,Montgomery County Police,Property Damage Crash,01/13/2019 03:00:00 PM,Interstate (State),EISENHOWER MEMORIAL HWY,OLD GEORGETOWN RD,SINGLE VEHICLE,WINTRY MIX,ICE,DAYLIGHT,NO CONTROLS,NONE DETECTED,Yes,NO APPARENT INJURY,NOT DISTRACTED,MD,POLICE VEHICLE/NON EMERGENCY,65,2010,FORD,CROWN VIC
DD5636001P,200007511,Rockville Police Departme,Injury Crash,02/14/2020 11:34:00 AM,Maryland (State),HUNGERFORD DR,BEALL AVE #2,SAME DIR REAR END,,DRY,DAYLIGHT,TRAFFIC SIGNAL,NONE DETECTED,No,POSSIBLE INJURY,NOT DISTRACTED,MD,PASSENGER CAR,0,2004,TOYT,TK
MCP93810010,15010160,Montgomery County Police,Property Damage Crash,03-04-15 9:30,Municipality,CLAGETT DR,LEWIS AVE,OTHER,RAINING,WET,DAYLIGHT,NO CONTROLS,,No,NO APPARENT INJURY,NOT DISTRACTED,MD,PASSENGER CAR,35,2015,KIA,SPORTAGE
MCP30910022,190061322,Montgomery County Police,Property Damage Crash,12/20/2019 01:06:00 PM,County,TWINBROOK PKWY,FISHERS LA,SAME DIRECTION LEFT TURN,CLEAR,DRY,DAYLIGHT,TRAFFIC SIGNAL,,Yes,NO APPARENT INJURY,UNKNOWN,MD,PASSENGER CAR,35,2012,CADILLAC,TK
MCP25030025,250021367,MONTGOMERY,Injury Crash,05/15/2025 08:08:00 AM,Maryland (State) Route,,,"Sideswipe, Same Direction",Cloudy,Dry,Daylight,Traffic Control Signal,"Not Suspect of Alcohol Use, Not Suspect of Drug Use",Yes,Suspected Minor Injury,Not Distracted,MD,Sport Utility Vehicle,50,2018,DODGE,JOURNEY
MCP31950029,210018481,Montgomery County Police,Property Damage Crash,05/16/2021 08:59:00 PM,County,CHERRY HILL RD,PLUM ORCHARD DR,SAME DIR REAR END,CLOUDY,DRY,DARK LIGHTS ON,TRAFFIC SIGNAL,NONE DETECTED,No,NO APPARENT INJURY,NOT DISTRACTED,MD,PASSENGER CAR,35,2017,CHEV,CRUZ
MCP29460064,230067959,Montgomery County Police,Injury Crash,11/23/2023 01:35:00 PM,Maryland (State),FREDERICK RD,SHAKESPEARE BLVD,HEAD ON LEFT TURN,CLEAR,DRY,DAYLIGHT,TRAFFIC SIGNAL,NONE DETECTED,No,POSSIBLE INJURY,NOT DISTRACTED,MD,PASSENGER CAR,45,2015,TOYOTA,COROLLA
MCP2087000H,16059012,Montgomery County Police,Property Damage Crash,11/16/2016 12:47:00 PM,Maryland (State),UNIVERSITY BLVD W,SLIGO CREEK PKWY,STRAIGHT MOVEMENT ANGLE,CLEAR,DRY,DAYLIGHT,TRAFFIC SIGNAL,NONE DETECTED,Yes,NO APPARENT INJURY,LOOKED BUT DID NOT SEE,MD,PASSENGER CAR,40,2017,TOYOTA,COROLLA
MCP3071001G,190058942,Montgomery County Police,Property Damage Crash,12-06-19 21:49,County,WISTERIA DR,BENT WILLOW CT,SAME DIR REAR END,,,,NO CONTROLS,,Yes,NO APPARENT INJURY,UNKNOWN,,VAN,15,2019,FORD,VAN
MCP3163004P,220032641,Montgomery County Police,Injury Crash,07/29/2022 06:00:00 PM,Maryland (State),OLD GEORGETOWN RD,DEMOCRACY BLVD,STRAIGHT MOVEMENT ANGLE,RAINING,WET,DAYLIGHT,TRAFFIC SIGNAL,,Yes,NO APPARENT INJURY,BY OTHER OCCUPANTS,MD,PASSENGER CAR,35,2020,BMW,X5
MCP10640088,180055542,Montgomery County Police,Property Damage Crash,11-05-18 18:49,US (State),COLUMBIA PIKE,STRUC #15009 NORTHWEST BRANCH,SAME DIRECTION LEFT TURN,RAINING,WET,DARK LIGHTS ON,,,No,NO APPARENT INJURY,NOT DISTRACTED,DC,OTHER BUS,40,2017,MCI,BUS
MCP29100010,15002353,Montgomery County Police,Property Damage Crash,01/15/2015 11:44:00 AM,County,OLD COLUMBIA PIKE,BRIGGS CHANEY RD,SINGLE VEHICLE,CLEAR,DRY,DAYLIGHT,NO CONTROLS,,Yes,NO APPARENT INJURY,NOT DISTRACTED,MD,PASSENGER CAR,0,2012,TOYOTA,4D
MCP1595002P,240036356,MONTGOMERY,Injury Crash,08-01-24 22:23,Maryland (State) Route,GEORGIA AVE,,Front to Rear,Clear,Dry,Dark - Lighted,No Controls,"Not Suspect of Alcohol Use, Not Suspect of Drug Use",Yes,No Apparent Injury,Not Distracted,VA,Van - Passenger (&lt;9 Seats),30,2011,HONDA,ODYSSEY
MCP12130070,220047879,Montgomery County Police,Property Damage Crash,10/31/2022 06:35:00 PM,Maryland (State),GEORGIA AVE,SHERATON ST,STRAIGHT MOVEMENT ANGLE,RAINING,WET,DARK LIGHTS ON,NO CONTROLS,NONE DETECTED,No,NO APPARENT INJURY,NOT DISTRACTED,MD,PASSENGER CAR,35,2015,HOND,4S
MCP31610035,210032888,Montgomery County Police,Property Damage Crash,08/23/2021 04:10:00 PM,Maryland (State),CONNECTICUT AVE,RAMP 4 FR MD 185 NB TO IS 495 EB,SAME DIR REAR END,CLEAR,DRY,DAYLIGHT,NO CONTROLS,NONE DETECTED,No,NO APPARENT INJURY,NOT DISTRACTED,MD,PASSENGER CAR,35,2008,HOND,ACCORD
EJ7837008D,250017847,GAITHERSBURG,Injury Crash,04/24/2025 05:02:00 PM,Crossover,,RAMP 4 FR IS 270 NB TO WATKINS MILL RD W WATKINS MILL RD,Front to Front,Clear,Dry,Daylight,Traffic Control Signal,"Suspect of Alcohol Use, Suspect of Drug Use",Yes,No Apparent Injury,Not Distracted,MD,Passenger Car,35,2024,HONDA,CIVIC
MCP1438002W,16035053,Montgomery County Police,Property Damage Crash,07-11-16 10:33,Maryland (State),FREDERICK RD,MONTGOMERY VILLAGE AVE,SAME DIR REAR END,CLEAR,DRY,DAYLIGHT,TRAFFIC SIGNAL,NONE DETECTED,No,NO APPARENT INJURY,NOT DISTRACTED,MD,PASSENGER CAR,40,2014,HOND,4S
MCP14360010,190034784,Montgomery County Police,Property Damage Crash,07/22/2019 11:29:00 AM,County,RANDOLPH RD,PARKLAWN DR,HEAD ON LEFT TURN,CLEAR,DRY,DAYLIGHT,NO CONTROLS,NONE DETECTED,No,NO APPARENT INJURY,NOT DISTRACTED,MD,PASSENGER CAR,35,2013,SUBARU,OUTBACK
MCP3397001L,250045874,MONTGOMERY,Property Damage Crash,10-12-25 17:28,Maryland (State) Route,E RANDOLPH RD (WB/L),,"Sideswipe, Same Direction",Cloudy,Dry,Daylight,No Controls,"Unknown, Unknown",No,,,,Passenger Car,40,2021,TOYOTA,CAMRY
MCP2372003W,210051534,Montgomery County Police,Injury Crash,12/18/2021 08:58:00 AM,Maryland (State),ROCKVILLE PIKE,CEDAR LA,SAME DIR REAR END,CLEAR,DRY,DAYLIGHT,TRAFFIC SIGNAL,NONE DETECTED,No,NO APPARENT INJURY,NOT DISTRACTED,MD,(SPORT) UTILITY VEHICLE,35,2019,HONDA,PILOT
MCP31680024,200026424,Montgomery County Police,Property Damage Crash,07-07-20 18:10,County,NORBECK RD,LAYHILL RD,SAME DIRECTION SIDESWIPE,CLOUDY,DRY,DAYLIGHT,TRAFFIC SIGNAL,NONE DETECTED,No,NO APPARENT INJURY,NOT DISTRACTED,MD,VAN,45,2017,CHRY,VAN
MCP9399001P,210050288,Montgomery County Police,Property Damage Crash,12-11-21 0:28,Maryland (State),DARNESTOWN RD,MUDDY BRANCH RD,SINGLE VEHICLE,RAINING,WET,DARK LIGHTS ON,,NONE DETECTED,Yes,NO APPARENT INJURY,NOT DISTRACTED,MD,PASSENGER CAR,40,2008,BMW,328XI
MCP3362006T,250051655,MONTGOMERY,Property Damage Crash,11/18/2025 10:28:00 AM,Maryland (State) Route,NEW HAMPSHIRE AVE,RODNEY RD,Angle,Clear,Dry,Daylight,No Controls,"Not Suspect of Alcohol Use, Not Suspect of Drug Use",No,No Apparent Injury,Not Distracted,MD,Passenger Car,35,2021,TOYOTA,CAMRY
MCP271700PH,190035629,Montgomery County Police,Injury Crash,07/26/2019 04:30:00 PM,Maryland (State),WISCONSIN AVE,AVONDALE ST,OTHER,CLEAR,DRY,DAYLIGHT,NO CONTROLS,NONE DETECTED,No,SUSPECTED MINOR INJURY,NOT DISTRACTED,DC,PASSENGER CAR,25,2007,HONDA,ACCORD
MCP3200008Y,230048950,Montgomery County Police,Injury Crash,08-11-23 13:10,County,SLIGO AVE,CHICAGO AVE,OTHER,CLEAR,DRY,DAYLIGHT,UNKNOWN,UNKNOWN,Unknown,NO APPARENT INJURY,UNKNOWN,,,5,0,UNKNOWN,UNKNOWN
EJ7873009X,240043445,GAITHERSBURG,Property Damage Crash,09-12-24 18:23,Municipality Route,VICTORY FARM DR,SAYBROOKE OAKS BLVD (EB/L),Rear To Side,Clear,Dry,Daylight,Stop Sign,"Suspect of Alcohol Use, Not Suspect of Drug Use",Yes,No Apparent Injury,Not Distracted,MD,Passenger Car,25,2018,FORD,FOCUS
MCP3007004M,210006270,Montgomery County Police,Property Damage Crash,02/19/2021 04:30:00 PM,Maryland (State),GEORGIA AVE,CROSSOVER,SAME DIRECTION SIDESWIPE,CLEAR,DRY,DAYLIGHT,NO CONTROLS,,Yes,NO APPARENT INJURY,NOT DISTRACTED,MD,PASSENGER CAR,35,2019,TOYOTA,TRUCK
EJ78650041,180063401,Gaithersburg Police Depar,Property Damage Crash,12/19/2018 03:40:00 PM,Municipality,WATKINS MILL RD,TRAVIS LA,STRAIGHT MOVEMENT ANGLE,CLEAR,DRY,DAYLIGHT,STOP SIGN,NONE DETECTED,No,NO APPARENT INJURY,NOT DISTRACTED,MD,PASSENGER CAR,25,2016,MERZ,TK
MCP2504000Z,15045390,MONTGOMERY,Property Damage Crash,09-08-15 17:55,County,SEVEN LOCKS RD,INSPECTION HOUSE RD,SAME DIR REAR END,CLEAR,DRY,DAYLIGHT,NO CONTROLS,NONE DETECTED,No,NO APPARENT INJURY,NOT DISTRACTED,MD,PASSENGER CAR,30,2014,HONDA,ACCORD
MCP3295003C,230065955,Montgomery County Police,Property Damage Crash,11-12-23 16:25,Other Public Roadway,CALVERTON BLVD,GRACEFIELD RD,SAME DIR REAR END,CLEAR,DRY,DAYLIGHT,NO CONTROLS,UNKNOWN,Unknown,NO APPARENT INJURY,UNKNOWN,,,25,0,UNKNOWN,UNKNOWN
MCP3064002V,200009481,Montgomery County Police,Property Damage Crash,02/26/2020 06:00:00 AM,Maryland (State),VEIRS MILL RD,CONNECTICUT AVE,HEAD ON LEFT TURN,RAINING,WET,DAWN,TRAFFIC SIGNAL,NONE DETECTED,Unknown,NO APPARENT INJURY,UNKNOWN,MD,PASSENGER CAR,35,2017,TOYT,TK
MCP1379005F,190013064,Montgomery County Police,Property Damage Crash,03/21/2019 03:26:00 PM,Maryland (State),NORBECK RD,MUNCASTER MILL RD,OPPOSITE DIRECTION SIDESWIPE,RAINING,WET,DAYLIGHT,NO CONTROLS,NONE DETECTED,Yes,NO APPARENT INJURY,UNKNOWN,MD,PASSENGER CAR,40,2004,SUBA,FORESTER
MCP1417006M,17005804,Montgomery County Police,Property Damage Crash,02-02-17 15:26,Maryland (State),QUINCE ORCHARD RD,SPUR TO MD 117,SAME DIR REAR END,CLEAR,DRY,DAYLIGHT,YIELD SIGN,NONE DETECTED,No,NO APPARENT INJURY,NOT DISTRACTED,MD,VAN,40,2014,HONDA,ODYSSEY
MCP3311001D,220056272,Montgomery County Police,Property Damage Crash,12/19/2022 05:05:00 PM,,,,OTHER,CLEAR,,DARK LIGHTS ON,NO CONTROLS,,Yes,NO APPARENT INJURY,NOT DISTRACTED,MD,SCHOOL BUS,0,2014,THOM,BUS
MCP1565002B,17006680,Montgomery County Police,Property Damage Crash,02-07-17 14:36,Maryland (State),CONNECTICUT AVE,ASPEN HILL RD,HEAD ON LEFT TURN,CLEAR,DRY,DAYLIGHT,TRAFFIC SIGNAL,NONE DETECTED,Yes,NO APPARENT INJURY,UNKNOWN,MD,PASSENGER CAR,30,2015,NISSAN,VERSA
MCP2591000M,15052829,MONTGOMERY,Property Damage Crash,10/18/2015 02:35:00 AM,Maryland (State),ROCKVILLE PIKE,SPUR TO WOODMONT AVE,STRAIGHT MOVEMENT ANGLE,CLEAR,DRY,DARK LIGHTS ON,FLASHING TRAFFIC SIGNAL,NONE DETECTED,Yes,NO APPARENT INJURY,NOT DISTRACTED,MD,PASSENGER CAR,25,2007,TOYOTA,CAMRY 4S