Report Number,Local Case Number,Agency Name,ACRS Report Type,Crash Date/Time,Route Type,Road Name,Cross-Street Name,Collision Type,Weather,Surface Condition,Light,Traffic Control,Driver Substance Abuse,Driver At Fault,Injury Severity,Driver Distracted By,Drivers License State,Vehicle Body Type,Speed Limit,Vehicle Year,Vehicle Make,Vehicle Model
MCP3073004N,200007955,Montgomery County Police,Property Damage Crash,02/17/2020 02:49:00 PM,Maryland (State),VEIRS MILL RD,ASPEN HILL RD,SAME DIR REAR END,CLEAR,DRY,DAYLIGHT,TRAFFIC SIGNAL,NONE DETECTED,No,NO APPARENT INJURY,NOT DISTRACTED,MD,PASSENGER CAR,45,2005,HONDA,ODYSSEY
MCP2785001Y,16041382,Montgomery County Police,Property Damage Crash,08/15/2016 02:58:00 PM,County,OLD COLUMBIA PIKE,BRIARCLIFF MANOR WAY,SAME DIR REAR END,CLEAR,DRY,DAYLIGHT,NO CONTROLS,,No,NO APPARENT INJURY,NOT DISTRACTED,MD,(SPORT) UTILITY VEHICLE,35,2015,HONDA,PILOT
MCP3053005V,220056302,Montgomery County Police,Property Damage Crash,12/19/2022 07:39:00 PM,Maryland (State),VEIRS MILL RD,CONNECTICUT AVE,SAME DIR REAR END,CLEAR,DRY,DARK LIGHTS ON,TRAFFIC SIGNAL,,No,NO APPARENT INJURY,INATTENTIVE OR LOST IN THOUGHT,MD,PASSENGER CAR,30,2004,HONDA,POILET
MCP94170018,16017805,Montgomery County Police,Property Damage Crash,04-12-16 6:44,Maryland (State),EAST WEST HWY,ROSEMARY HILLS RD,SAME DIRECTION LEFT TURN,RAINING,WET,DAYLIGHT,,NONE DETECTED,No,NO APPARENT INJURY,NOT DISTRACTED,MD,PASSENGER CAR,35,2005,ACURA,RL
MCP2617002Y,16066636,Montgomery County Police,Property Damage Crash,12/27/2016 06:48:00 PM,Maryland (State),WISCONSIN AVE,EAST WEST HWY (W/B COUPLET),SAME DIR REAR END,CLEAR,DRY,DARK LIGHTS ON,NO CONTROLS,NONE DETECTED,Yes,NO APPARENT INJURY,UNKNOWN,MD,PASSENGER CAR,25,1994,HONDA,CIVIC
MCP20080036,17004600,Montgomery County Police,Property Damage Crash,01/26/2017 05:37:00 PM,County,FALLS RD,CHANDLER RD,SAME DIR REAR END,CLEAR,DRY,DARK NO LIGHTS,,NONE DETECTED,No,NO APPARENT INJURY,NOT DISTRACTED,VA,PICKUP TRUCK,30,2009,FORD,TK
DD5620000X,170500843,Rockville Police Departme,Property Damage Crash,04-07-17 8:12,Maryland (State),HUNGERFORD DR,MANNAKEE ST,STRAIGHT MOVEMENT ANGLE,CLEAR,DRY,DAYLIGHT,TRAFFIC SIGNAL,NONE DETECTED,No,NO APPARENT INJURY,NOT DISTRACTED,MD,PASSENGER CAR,40,2002,CHEV,TK
MCP30530051,220005215,Montgomery County Police,Property Damage Crash,02-07-22 1:30,Maryland (State),GEORGIA AVE,PRICHARD RD,HEAD ON LEFT TURN,CLEAR,DRY,DARK LIGHTS ON,TRAFFIC SIGNAL,,No,NO APPARENT INJURY,NOT DISTRACTED,MD,PASSENGER CAR,25,2016,MAZD,4S
MCP28120043,180051117,Montgomery County Police,Injury Crash,10-12-18 15:24,County,DENNIS AVE,DOUGLAS AVE,STRAIGHT MOVEMENT ANGLE,CLEAR,DRY,DAYLIGHT,STOP SIGN,,No,POSSIBLE INJURY,NOT DISTRACTED,VA,PASSENGER CAR,25,2006,TOYOTA,SIENNA
MCP2674000Z,180051137,Montgomery County Police,Property Damage Crash,10-12-18 17:31,,,,HEAD ON LEFT TURN,CLEAR,,DAYLIGHT,NO CONTROLS,NONE DETECTED,No,NO APPARENT INJURY,NOT DISTRACTED,MD,PASSENGER CAR,25,2007,FORD,4S
MCP14170078,170505417,Montgomery County Police,Injury Crash,05-02-17 11:37,Maryland (State),FREDERICK RD,CHRISTOPHER AVE,SAME DIR REAR END,,DRY,DAYLIGHT,TRAFFIC SIGNAL,NONE DETECTED,No,SUSPECTED MINOR INJURY,NOT DISTRACTED,MD,PASSENGER CAR,40,2014,TOYOTA,AVALON
MCP2991003M,190022481,Montgomery County Police,Injury Crash,05/13/2019 08:00:00 AM,County,BRIGHTON DAM RD,BORDLY DR,HEAD ON,RAINING,WET,DAYLIGHT,NO CONTROLS,NONE DETECTED,No,POSSIBLE INJURY,NOT DISTRACTED,MD,PASSENGER CAR,30,1992,TOYOTA,PREVIA
MCP2662002B,210011022,Montgomery County Police,Property Damage Crash,03/24/2021 03:44:00 AM,County,AIRPARK RD,MUNCASTER MILL RD,SINGLE VEHICLE,RAINING,WET,DARK LIGHTS ON,NO CONTROLS,ALCOHOL PRESENT,Yes,NO APPARENT INJURY,NOT DISTRACTED,MD,PASSENGER CAR,40,2003,NISS,ALTIMA
MCP29100029,16023785,Montgomery County Police,Injury Crash,05/13/2016 01:24:00 PM,County,BRIGGS CHANEY RD,RAMP 2 FR BRIGGS CHANEY RD TO US 29 NB,SAME DIR REAR END,RAINING,WET,DAYLIGHT,TRAFFIC SIGNAL,NONE DETECTED,Yes,NO APPARENT INJURY,NOT DISTRACTED,MD,"CARGO VAN/LIGHT TRUCK 2 AXLES (OVER 10,000LBS (4,536 KG))",30,2014,FORD,E-250
MCP1064009H,190048266,Montgomery County Police,Property Damage Crash,10-08-19 8:45,County,XAVIER DR,XAVIER CT,OTHER,CLOUDY,DRY,DAYLIGHT,,,Yes,NO APPARENT INJURY,UNKNOWN,MD,SCHOOL BUS,25,2015,FRHT,BUS
MCP32200040,230026850,Montgomery County Police,Property Damage Crash,06-04-23 18:04,County,MUDDY BRANCH RD,GREAT SENECA HWY,STRAIGHT MOVEMENT ANGLE,CLEAR,DRY,DAYLIGHT,TRAFFIC SIGNAL,NONE DETECTED,No,NO APPARENT INJURY,NOT DISTRACTED,MD,PASSENGER CAR,50,2016,HYUN,TK
DD56150083,190056256,Rockville Police Departme,Injury Crash,11/21/2019 01:45:00 PM,Municipality,RITCHIE PKWY,E JEFFERSON ST,OTHER,CLEAR,DRY,DAYLIGHT,STOP SIGN,NONE DETECTED,Yes,NO APPARENT INJURY,LOOKED BUT DID NOT SEE,MD,PASSENGER CAR,25,2018,TOYOTA,HIGHLANDER
MCP28260018,17005493,Montgomery County Police,Property Damage Crash,01/31/2017 08:55:00 PM,County,NAVAHOE DR,UNIVERSITY BLVD E,ANGLE MEETS RIGHT TURN,CLEAR,DRY,DARK LIGHTS ON,STOP SIGN,UNKNOWN,Yes,NO APPARENT INJURY,UNKNOWN,MD,PASSENGER CAR,40,2004,HONDA,VAN
MCP2177000P,15046841,MONTGOMERY,Property Damage Crash,09/16/2015 08:00:00 AM,County,SHADY GROVE RD,CRABBS BRANCH WAY,SAME DIRECTION LEFT TURN,CLEAR,DRY,DAYLIGHT,TRAFFIC SIGNAL,UNKNOWN,Yes,NO APPARENT INJURY,UNKNOWN,MD,"OTHER LIGHT TRUCKS (10,000LBS (4,536KG) OR LESS)",40,2010,CHEVY,TK
MCP271700S9,200034351,Montgomery County Police,Property Damage Crash,09-02-20 16:00,Maryland (State),CONNECTICUT AVE,OXFORD ST,SAME DIRECTION SIDESWIPE,CLEAR,DRY,DAYLIGHT,NO CONTROLS,NONE DETECTED,Unknown,NO APPARENT INJURY,NOT DISTRACTED,MD,TRANSIT BUS,35,2010,NEW FLYER,TRANSIT BUS
DM8386000R,170507911,Takoma Park Police Depart,Property Damage Crash,05/15/2017 04:06:00 PM,Municipality,FLOWER AVE,CHERRY AVE,SAME DIRECTION SIDESWIPE,CLEAR,DRY,DAYLIGHT,NO CONTROLS,NONE DETECTED,Yes,NO APPARENT INJURY,UNKNOWN,MD,SCHOOL BUS,20,2007,THOMAS,BUS
MCP2737002Z,180010847,Montgomery County Police,Property Damage Crash,03-02-18 21:15,Maryland (State),OLNEY SANDY SPRING RD,SHERWOOD HIGH SCHOOL,SINGLE VEHICLE,CLEAR,DRY,DARK LIGHTS ON,NO CONTROLS,NONE DETECTED,Yes,NO APPARENT INJURY,UNKNOWN,MD,(SPORT) UTILITY VEHICLE,35,2013,GMC,SUV
MCP3082000G,170530800,Montgomery County Police,Property Damage Crash,09/15/2017 05:02:00 PM,Government,SLIGO CREEK PKWY,WAYNE AVE,HEAD ON LEFT TURN,CLEAR,DRY,DAYLIGHT,TRAFFIC SIGNAL,,No,NO APPARENT INJURY,NOT DISTRACTED,MD,PASSENGER CAR,25,2003,TOYT,4S
MCP2952001S,16021124,Montgomery County Police,Property Damage Crash,04/29/2016 02:56:00 PM,US (State),COLESVILLE RD,FENTON ST,SAME DIR REAR END,CLOUDY,DRY,DAYLIGHT,TRAFFIC SIGNAL,NONE DETECTED,Yes,NO APPARENT INJURY,NOT DISTRACTED,FL,PASSENGER CAR,35,1997,PLYMOUTH,BREEZE
DD5527000X,16066182,Rockville Police Departme,Property Damage Crash,12/24/2016 02:01:00 PM,Maryland (State),FALLS RD,RAMP 5 FR RAMP 8 (FR IS270) TO MD 189 EB,STRAIGHT MOVEMENT ANGLE,RAINING,WET,DAYLIGHT,TRAFFIC SIGNAL,NONE DETECTED,No,NO APPARENT INJURY,NOT DISTRACTED,MD,PASSENGER CAR,30,2004,BUICK,RAINER
MCP263900C6,210019896,Montgomery County Police,Property Damage Crash,05/26/2021 11:27:00 AM,County,ALBERTI DR,HORDE ST,SAME DIRECTION SIDESWIPE,CLEAR,DRY,DAYLIGHT,NO CONTROLS,NONE DETECTED,Yes,NO APPARENT INJURY,DISTRACTED BY OUTSIDE PERSON OBJECT OR EVENT,MD,VAN,25,2021,DODGE,TRANSIT VAN
MCP0036007P,180016664,Montgomery County Police,Property Damage Crash,04-06-18 5:47,Maryland (State),RIDGE RD,HAWKES RD,SAME DIRECTION SIDESWIPE,CLEAR,DRY,DARK NO LIGHTS,OTHER,NONE DETECTED,No,NO APPARENT INJURY,NOT DISTRACTED,MD,"OTHER LIGHT TRUCKS (10,000LBS (4,536KG) OR LESS)",40,2013,INTERNATIONAL,TK
MCP28530076,200004695,Montgomery County Police,Property Damage Crash,01/28/2020 06:37:00 PM,,,,OTHER,CLEAR,,DARK LIGHTS ON,NO CONTROLS,UNKNOWN,Yes,NO APPARENT INJURY,NOT DISTRACTED,MD,PASSENGER CAR,25,2007,TOYOTA,CAMRY
MCP28100028,220043317,Montgomery County Police,Property Damage Crash,10-04-22 17:40,County,SNOUFFERS SCHOOL RD,CHERRY LAUREL LA,SAME DIR REAR END,,WET,DAYLIGHT,NO CONTROLS,,No,NO APPARENT INJURY,NOT DISTRACTED,WI,PASSENGER CAR,35,2009,SUBARU,FORRESTER
MCP3379001J,250003126,MONTGOMERY,Injury Crash,01/22/2025 07:58:00 PM,Spur,,,Front to Rear,Clear,Dry,Dark - Lighted,Yield Sign,"Not Suspect of Alcohol Use, Not Suspect of Drug Use",No,Suspected Minor Injury,Not Distracted,MD,Passenger Car,35,2018,HONDA,ACCORD
DD5631005L,240034370,ROCKVILLE,Property Damage Crash,07/21/2024 01:45:00 AM,Municipality Route,MATTHEWS DR,,Front to Rear,Clear,Dry,Dark - Lighted,No Controls,"Unknown, Unknown",No,,,,Passenger Car,25,2018,HONDA,CIVIC
DD5603009F,220032188,Rockville Police Departme,Property Damage Crash,07/26/2022 04:30:00 PM,Municipality,ROLLINS AVE,ROCKVILLE PIKE,STRAIGHT MOVEMENT ANGLE,CLEAR,DRY,DAYLIGHT,NO CONTROLS,NONE DETECTED,Yes,NO APPARENT INJURY,LOOKED BUT DID NOT SEE,MD,POLICE VEHICLE/EMERGENCY,15,2021,MAZD,SD
MCP31210034,200012646,Montgomery County Police,Property Damage Crash,03/14/2020 07:10:00 PM,County,MIDCOUNTY HWY,WOODFIELD RD,SAME DIR REAR END,RAINING,WET,DARK NO LIGHTS,NO CONTROLS,NONE DETECTED,Yes,NO APPARENT INJURY,NOT DISTRACTED,MD,PASSENGER CAR,50,2001,SUBARU,OUTBACK
MCP28100023,220050922,Montgomery County Police,Injury Crash,11/17/2022 06:58:00 PM,County,FOGGY LA,BOWIE MILL RD,HEAD ON LEFT TURN,CLEAR,DRY,DARK NO LIGHTS,NO CONTROLS,,No,NO APPARENT INJURY,NOT DISTRACTED,MD,PASSENGER CAR,35,2014,SUBARU,IMPREZA
MCP2692001G,190054525,Montgomery County Police,Property Damage Crash,11-12-19 13:15,Municipality,FIRST ST SPUR,NORBECK RD,SAME DIR REAR END,CLEAR,,DAYLIGHT,,NONE DETECTED,Yes,NO APPARENT INJURY,NOT DISTRACTED,MD,TRANSIT BUS,35,2014,GILL,BU
MCP21460009,180044171,Montgomery County Police,Injury Crash,09-04-18 17:44,Maryland (State),QUINCE ORCHARD RD,ENT TO PARK & RIDE,HEAD ON LEFT TURN,,DRY,DAYLIGHT,TRAFFIC SIGNAL,NONE DETECTED,No,SUSPECTED MINOR INJURY,NOT DISTRACTED,MD,PASSENGER CAR,35,2014,BUICK,REGAL
MCP2892009W,210033191,Montgomery County Police,Property Damage Crash,08/25/2021 02:57:00 PM,Maryland (State),UNIVERSITY BLVD E,RAMP 2 FR IS 495 WB TO MD 193 NB,SAME DIR REAR END,CLEAR,DRY,DAYLIGHT,NO CONTROLS,UNKNOWN,Yes,NO APPARENT INJURY,UNKNOWN,,,35,0,UNKNOWN,UNKNOWN
DD5633009B,250008290,ROCKVILLE,Property Damage Crash,02/25/2025 10:55:00 AM,Municipality Route,TAFT ST,E GUDE DR,Angle,Clear,Dry,Daylight,Traffic Control Signal,"Not Suspect of Alcohol Use, Not Suspect of Drug Use",Yes,No Apparent Injury,Not Distracted,MD,Pickup,35,2023,FORD,MAVERICK
MCP33580041,250055221,MONTGOMERY,Property Damage Crash,12-02-25 9:45,County Route,JONES BRIDGE RD,,"Sideswipe, Same Direction",Rain,Wet,Daylight,No Controls,"Not Suspect of Alcohol Use, Not Suspect of Drug Use",Yes,No Apparent Injury,Unknown,MD,Passenger Car,30,2021,KIA,SELTOS
MCP1575009Y,190056905,Montgomery County Police,Property Damage Crash,11/25/2019 01:00:00 PM,,,,OTHER,CLEAR,,DAYLIGHT,NO CONTROLS,NONE DETECTED,Yes,NO APPARENT INJURY,NOT DISTRACTED,MD,PASSENGER CAR,0,2001,NISS,MAXIMA
MCP1550002F,16054718,Montgomery County Police,Property Damage Crash,10/24/2016 02:14:00 PM,Maryland (State),RIVER RD,ROYAL DOMINION DR,SAME DIRECTION SIDESWIPE,CLEAR,DRY,DAYLIGHT,NO CONTROLS,NONE DETECTED,Yes,NO APPARENT INJURY,NOT DISTRACTED,DC,"OTHER LIGHT TRUCKS (10,000LBS (4,536KG) OR LESS)",55,1992,CHEVY,C3500
DM8515000F,240012726,TAKOMA,Injury Crash,03/17/2024 01:16:00 AM,Maryland (State) Route,UNIVERSITY BLVD,,Other,Clear,Dry,Dark - Lighted,Traffic Control Signal,"Not Suspect of Alcohol Use, Not Suspect of Drug Use",Yes,No Apparent Injury,Unknown,MD,Passenger Car,35,2008,CADILLAC,CTS
MCP1213009X,240050423,MONTGOMERY,Property Damage Crash,10/21/2024 06:00:00 PM,County Route,GOOD HOPE RD,,Front to Rear,Clear,Dry,Dusk,Traffic Control Signal,"Not Suspect of Alcohol Use, Not Suspect of Drug Use",No,No Apparent Injury,Not Distracted,MD,Bus - Transit,30,2009,GILLIG,CITY TRANSIT BUS
MCP33580020,240046328,MONTGOMERY,Property Damage Crash,09/28/2024 10:53:00 AM,,,,Rear To Rear,Clear,,Daylight,,"Unknown, Unknown",No,,,,Sport Utility Vehicle,0,2018,NISSAN,ROGUE
MCP3317002H,240041188,MONTGOMERY,Property Damage Crash,08/31/2024 12:27:00 AM,US (State),COLUMBIA PIKE,,Single Vehicle,Clear,Wet,Dark - Not Lighted,No Controls,"Suspect of Alcohol Use, Suspect of Drug Use",Yes,No Apparent Injury,Not Distracted,DC,Passenger Car,50,2021,TOYOTA,CAMRY
MCP3404002C,250052434,MONTGOMERY,Property Damage Crash,11/22/2025 02:24:00 PM,Bicycle Route,,,Single Vehicle,Clear,Dry,Daylight,No Controls,"Not Suspect of Alcohol Use, Not Suspect of Drug Use",Yes,No Apparent Injury,Unknown,MD,Sport Utility Vehicle,25,2013,TOYOTA,HIGHLANDER
DD56150086,190057043,Rockville Police Departme,Property Damage Crash,11/26/2019 09:00:00 AM,Maryland (State),ROCKVILLE PIKE,TEMPLETON PL,STRAIGHT MOVEMENT ANGLE,CLEAR,DRY,DAYLIGHT,TRAFFIC SIGNAL,NONE DETECTED,No,NO APPARENT INJURY,NOT DISTRACTED,MD,PASSENGER CAR,40,2015,NISS,TK
MCP29210029,170549763,Montgomery County Police,Injury Crash,12/20/2017 05:19:00 PM,Maryland (State),FREDERICK RD,MIDDLEBROOK RD,SAME DIR REND RIGHT TURN,CLEAR,DRY,DARK LIGHTS ON,TRAFFIC SIGNAL,,Yes,NO APPARENT INJURY,BY MOVING OBJECT IN VEHICLE,MD,AMBULANCE/EMERGENCY,40,2004,TOYT,4S
MCP28700018,16004434,Montgomery County Police,Property Damage Crash,01/27/2016 06:26:00 PM,Maryland (State),NEW HAMPSHIRE AVE,COLUMBIA PIKE,SAME DIR REAR END,CLEAR,WET,DARK LIGHTS ON,NO CONTROLS,NONE DETECTED,No,NO APPARENT INJURY,NOT DISTRACTED,MD,PASSENGER CAR,45,2005,TOYOTA,COROLLA
MCP3006002Q,180017403,Montgomery County Police,Injury Crash,04-10-18 12:16,Maryland (State),VEIRS MILL RD,FERRARA AVE,ANGLE MEETS LEFT TURN,,DRY,DAYLIGHT,TRAFFIC SIGNAL,NONE DETECTED,No,SUSPECTED MINOR INJURY,NOT DISTRACTED,MD,PASSENGER CAR,40,2014,FORD,MUSTANG
MCP0487001R,170525494,Montgomery County Police,Property Damage Crash,08/18/2017 11:20:00 AM,County,SNOUFFERS SCHOOL RD,WOODFIELD RD,OTHER,CLEAR,DRY,DAYLIGHT,NO CONTROLS,NONE DETECTED,Yes,NO APPARENT INJURY,LOOKED BUT DID NOT SEE,MD,"CARGO VAN/LIGHT TRUCK 2 AXLES (OVER 10,000LBS (4,536 KG))",35,2009,FORD,E450
MCP2720003D,180046902,Montgomery County Police,Property Damage Crash,09/19/2018 09:38:00 PM,County,RANDOLPH RD,OLD RANDOLPH RD,SINGLE VEHICLE,CLEAR,DRY,DARK NO LIGHTS,NO CONTROLS,NONE DETECTED,Yes,NO APPARENT INJURY,LOOKED BUT DID NOT SEE,MD,PASSENGER CAR,45,2007,TOYOTA,COROLLA
MCP11820029,190005048,Montgomery County Police,Injury Crash,02-01-19 9:33,County,OAKMONT AVE,OLD GEORGETOWN RD,STRAIGHT MOVEMENT ANGLE,SNOW,SNOW,DAYLIGHT,TRAFFIC SIGNAL,NONE DETECTED,No,SUSPECTED MINOR INJURY,NOT DISTRACTED,MD,(SPORT) UTILITY VEHICLE,35,2007,LEXUS,RX350
MCP3000001G,16058070,Montgomery County Police,Injury Crash,11-10-16 20:12,,,,,CLEAR,,DARK LIGHTS ON,NO CONTROLS,NONE DETECTED,No,NO APPARENT INJURY,NOT DISTRACTED,MD,VAN,10,2010,DODG,VN
MCP13420015,16052287,Montgomery County Police,Property Damage Crash,10-11-16 13:35,,,,SINGLE VEHICLE,CLEAR,,DAYLIGHT,NO CONTROLS,NONE DETECTED,Yes,NO APPARENT INJURY,NOT DISTRACTED,MD,PICKUP TRUCK,15,2016,FORD,TRUCK
MCP0942001J,180000410,Montgomery County Police,Property Damage Crash,01-03-18 12:34,County,ARLINGTON RD,ELM ST,SAME DIRECTION SIDESWIPE,CLEAR,DRY,DAYLIGHT,TRAFFIC SIGNAL,NONE DETECTED,No,NO APPARENT INJURY,NOT DISTRACTED,MD,PASSENGER CAR,25,2009,LEXUS,ES350
MCP3127002M,230034952,Montgomery County Police,Injury Crash,07/22/2023 05:22:00 PM,Maryland (State),CONNECTICUT AVE,KNOWLES AVE,SAME DIRECTION SIDESWIPE,CLEAR,DRY,DAYLIGHT,NO CONTROLS,,No,NO APPARENT INJURY,NOT DISTRACTED,MD,TRANSIT BUS,35,2009,GILL,BUS
MCP2946005H,230019068,Montgomery County Police,Property Damage Crash,04/21/2023 02:53:00 PM,Ramp,RAMP 4 FR IS 270 NB TO RIDGE RD EB,RIDGE RD,SAME DIR REAR END,CLEAR,DRY,DAYLIGHT,YIELD SIGN,NONE DETECTED,No,NO APPARENT INJURY,NOT DISTRACTED,MD,(SPORT) UTILITY VEHICLE,45,2006,HONDA,PILOT
MCP3016004L,230034549,Montgomery County Police,Property Damage Crash,07/20/2023 12:25:00 PM,County,MIDDLEBROOK RD,CENTURY BLVD,HEAD ON LEFT TURN,,DRY,DAYLIGHT,TRAFFIC SIGNAL,,Unknown,NO APPARENT INJURY,LOOKED BUT DID NOT SEE,NJ,PASSENGER CAR,45,2014,NISSAN,SENTRA
DD5522002B,15060186,ROCKVILLE,Injury Crash,11/24/2015 10:45:00 PM,Municipality,CABIN JOHN PKWY,W LYNFIELD DR,OTHER,CLEAR,DRY,DARK LIGHTS ON,NO CONTROLS,NONE DETECTED,No,NO APPARENT INJURY,NOT DISTRACTED,MD,PASSENGER CAR,25,2004,NISSAN,ALTIMA
MCP1389000T,16040058,Montgomery County Police,Property Damage Crash,08-07-16 19:45,,,,STRAIGHT MOVEMENT ANGLE,,,DAYLIGHT,,,Yes,NO APPARENT INJURY,NOT DISTRACTED,MD,PASSENGER CAR,15,2012,HONDA,CIVIC
MCP2937004Z,230046348,Montgomery County Police,Property Damage Crash,07/27/2023 02:15:00 AM,County,CRESTHAVEN DR,BALMORAL DR,SAME DIR REAR END,CLEAR,DRY,DARK LIGHTS ON,NO CONTROLS,NONE DETECTED,Yes,NO APPARENT INJURY,NOT DISTRACTED,MD,PASSENGER CAR,30,2008,HONDA,ACCORD
MCP20430013,170544030,Montgomery County Police,Property Damage Crash,11/21/2017 04:40:00 AM,County,GOSHEN RD,MIDCOUNTY HWY,STRAIGHT MOVEMENT ANGLE,CLOUDY,DRY,DARK LIGHTS ON,FLASHING TRAFFIC SIGNAL,NONE DETECTED,Yes,NO APPARENT INJURY,OTHER DISTRACTION,MD,PASSENGER CAR,35,2014,VOLK,4S
MCP3138001G,190035833,Montgomery County Police,Injury Crash,07/27/2019 06:37:00 PM,Maryland (State),OLNEY SANDY SPRING RD,SPARTAN RD,ANGLE MEETS RIGHT TURN,CLEAR,DRY,DAYLIGHT,TRAFFIC SIGNAL,,Yes,POSSIBLE INJURY,LOOKED BUT DID NOT SEE,MD,PASSENGER CAR,30,2006,FORD,FOCUS
DM8480000B,190046724,Takoma Park Police Depart,Property Damage Crash,09/29/2019 07:32:00 PM,Maryland (State),NEW HAMPSHIRE AVE,KIRKLYNN AVE,SAME DIR REAR END,CLEAR,DRY,DARK LIGHTS ON,TRAFFIC SIGNAL,NONE DETECTED,Yes,NO APPARENT INJURY,OTHER CELLULAR PHONE RELATED,XX,PASSENGER CAR,35,2005,TOYOTA,SR5
MCP2339001C,16003195,Montgomery County Police,Property Damage Crash,01/17/2016 05:16:00 PM,Maryland (State),GEORGIA AVE,ENT TO BUSINESS,SINGLE VEHICLE,CLEAR,DRY,DARK LIGHTS ON,,NONE DETECTED,Yes,NO APPARENT INJURY,NOT DISTRACTED,MD,PICKUP TRUCK,10,2011,CHEVROLET,TK
MCP3022002L,190007295,Montgomery County Police,Property Damage Crash,02/14/2019 07:03:00 PM,Maryland (State),LAYTONSVILLE RD,WARFIELD RD,SINGLE VEHICLE,,DRY,DARK LIGHTS ON,YIELD SIGN,UNKNOWN,Yes,NO APPARENT INJURY,UNKNOWN,,PASSENGER CAR,50,2018,CHEV,TK
MCP3280007Q,260001350,MONTGOMERY,Property Damage Crash,01-09-26 13:00,US (State),COLESVILLE RD,TIMBERWOOD AVE,Other,Rain,Wet,Daylight,Stop Sign,"Unknown, Not Suspect of Drug Use",Yes,No Apparent Injury,Unknown,MD,Passenger Car,25,2017,DODGE,CHALLENGER
DD5522004L,200032869,Rockville Police Departme,Property Damage Crash,08/22/2020 09:42:00 PM,Maryland (State),ROCKVILLE PIKE,VEIRS MILL RD,STRAIGHT MOVEMENT ANGLE,CLEAR,DRY,DARK LIGHTS ON,TRAFFIC SIGNAL,NONE DETECTED,Unknown,NO APPARENT INJURY,UNKNOWN,MD,PASSENGER CAR,30,2015,TOYOTA,COROLLA
MCP3386003B,250036913,MONTGOMERY,Property Damage Crash,08/18/2025 01:47:00 PM,Municipality Route,S PARK AVE,,"Sideswipe, Same Direction",Cloudy,Dry,Daylight,Traffic Control Signal,"Not Suspect of Alcohol Use, Not Suspect of Drug Use",No,No Apparent Injury,Not Distracted,MD,Pickup,25,2019,NISSAN,FRONTIER
MCP3039001B,170530175,Montgomery County Police,Injury Crash,09-12-17 18:30,County,WESTLAKE TERR,ROCKLEDGE DR,SAME DIRECTION LEFT TURN,CLEAR,DRY,DAYLIGHT,NO CONTROLS,NONE DETECTED,No,POSSIBLE INJURY,NOT DISTRACTED,MD,TRANSIT BUS,35,2009,GILLIG,BUS
MCP2969000Y,15047767,MONTGOMERY,Injury Crash,09/21/2015 08:48:00 AM,Maryland (State),GEORGIA AVE,PLYERS MILL RD,SAME DIR REAR END,CLEAR,DRY,DAYLIGHT,NO CONTROLS,NONE DETECTED,Yes,NO APPARENT INJURY,OTHER DISTRACTION,MA,PASSENGER CAR,35,2007,TOYOTA,CAMRY
MCP29310046,200002559,Montgomery County Police,Injury Crash,01/15/2020 07:22:00 PM,Municipality,DUNDEE RD,WOOTTON PKWY,OTHER,CLEAR,DRY,DARK NO LIGHTS,,,Yes,NO APPARENT INJURY,LOOKED BUT DID NOT SEE,MD,PASSENGER CAR,35,2012,HOND,VN
MCP27830058,240008564,MONTGOMERY,Injury Crash,02/21/2024 06:38:00 PM,County Route,GOOD HOPE RD,,Angle,Clear,Dry,Dark - Lighted,No Controls,"Not Suspect of Alcohol Use, Not Suspect of Drug Use",No,Suspected Minor Injury,Not Distracted,MD,Passenger Car,30,2006,VOLVO,S80
MCP26780053,240058792,MONTGOMERY,Property Damage Crash,12-09-24 9:42,County Route,NEWPORT MILL RD,,Angle,Rain,Wet,Daylight,No Controls,"Not Suspect of Alcohol Use, Not Suspect of Drug Use",Yes,No Apparent Injury,Not Distracted,MD,Passenger Car,25,2016,MAZDA,MAZDA3
MCP30580026,180054623,Montgomery County Police,Property Damage Crash,10/31/2018 04:28:00 PM,Maryland (State),DARNESTOWN RD,TURKEY FOOT RD,SAME DIR REAR END,CLEAR,DRY,DAYLIGHT,NO CONTROLS,NONE DETECTED,Yes,NO APPARENT INJURY,INATTENTIVE OR LOST IN THOUGHT,PA,PASSENGER CAR,30,2013,FORD,4S
MCP30990028,200019303,Montgomery County Police,Property Damage Crash,05/13/2020 01:41:00 PM,Maryland (State),GERMANTOWN RD,MIDDLEBROOK RD,STRAIGHT MOVEMENT ANGLE,CLEAR,DRY,DAYLIGHT,TRAFFIC SIGNAL,NONE DETECTED,No,NO APPARENT INJURY,NOT DISTRACTED,MD,POLICE VEHICLE/EMERGENCY,40,2007,CHEV,SUBURBAN
MCP28980018,16012495,MONTGOMERY,Injury Crash,03/13/2016 07:35:00 PM,Maryland (State),MAIN ST,WOODFIELD RD,HEAD ON LEFT TURN,RAINING,WET,DARK LIGHTS ON,TRAFFIC SIGNAL,,Yes,NO APPARENT INJURY,LOOKED BUT DID NOT SEE,VA,PASSENGER CAR,30,2012,NISSAN,ALTIA
DD559500B1,210036248,Rockville Police Departme,Property Damage Crash,09/14/2021 04:30:00 PM,Municipality,CONGRESSIONAL LA,E JEFFERSON ST,OTHER,CLEAR,DRY,DAYLIGHT,NO CONTROLS,NONE DETECTED,Yes,NO APPARENT INJURY,NOT DISTRACTED,MD,SCHOOL BUS,25,2015,THOM,BU
MCP2760003W,230046051,Montgomery County Police,Injury Crash,07/25/2023 05:32:00 PM,County,LOST KNIFE RD,CONTOUR RD,HEAD ON LEFT TURN,CLEAR,DRY,DAYLIGHT,TRAFFIC SIGNAL,,No,POSSIBLE INJURY,NOT DISTRACTED,MD,PASSENGER CAR,30,2019,SUBARU,SUV