Report Number,Local Case Number,Agency Name,ACRS Report Type,Crash Date/Time,Route Type,Road Name,Cross-Street Name,Collision Type,Weather,Surface Condition,Light,Traffic Control,Driver Substance Abuse,Driver At Fault,Injury Severity,Driver Distracted By,Drivers License State,Vehicle Body Type,Speed Limit,Vehicle Year,Vehicle Make,Vehicle Model
MCP271700LZ,190002701,Montgomery County Police,Injury Crash,01/17/2019 03:00:00 PM,Maryland (State),OLD GEORGETOWN RD,BEECH AVE,STRAIGHT MOVEMENT ANGLE,CLEAR,DRY,DAYLIGHT,TRAFFIC SIGNAL,NONE DETECTED,Unknown,SUSPECTED MINOR INJURY,UNKNOWN,MD,(SPORT) UTILITY VEHICLE,35,2016,VOLVO,X6
MCP003600DK,200042679,Montgomery County Police,Property Damage Crash,10/29/2020 03:06:00 PM,Maryland (State),CLOPPER RD,GERMANTOWN RD,STRAIGHT MOVEMENT ANGLE,RAINING,WET,DAYLIGHT,TRAFFIC SIGNAL,NONE DETECTED,Yes,NO APPARENT INJURY,NOT DISTRACTED,MD,PICKUP TRUCK,30,2019,CHEVY,COLORADO
MCP2686006P,230058370,Montgomery County Police,Property Damage Crash,10-03-23 19:44,Maryland (State),GERMANTOWN RD,AIRCRAFT DR,SAME DIR REAR END,CLEAR,DRY,DARK LIGHTS ON,NO CONTROLS,NONE DETECTED,Yes,NO APPARENT INJURY,UNKNOWN,MD,(SPORT) UTILITY VEHICLE,40,2013,LNDR,TK
MCP33410029,230051625,Montgomery County Police,Property Damage Crash,08/27/2023 11:00:00 AM,Maryland (State),GEORGIA AVE,BEL PRE RD,SAME DIR REAR END,CLEAR,DRY,DAYLIGHT,TRAFFIC SIGNAL,,Yes,NO APPARENT INJURY,LOOKED BUT DID NOT SEE,MD,PASSENGER CAR,35,2011,CHEVORLET,IMPALA
EJ7833002K,17006961,Gaithersburg Police Depar,Injury Crash,02-08-17 18:29,Municipality,LAKE FOREST BLVD,FREDERICK RD,SAME DIR REAR END,CLEAR,DRY,DARK LIGHTS ON,TRAFFIC SIGNAL,NONE DETECTED,No,POSSIBLE INJURY,NOT DISTRACTED,MD,PASSENGER CAR,25,2016,NISSAN,VERSA
MCP2622002N,21020919,Montgomery County Police,Injury Crash,06-02-21 14:05,County,BRIGGS CHANEY RD,GATESHEAD MANOR WAY,OTHER,CLEAR,DRY,DAYLIGHT,TRAFFIC SIGNAL,NONE DETECTED,No,POSSIBLE INJURY,NOT DISTRACTED,MA,PASSENGER CAR,35,2015,BMW,M235I
DD5637001C,200011817,Rockville Police Departme,Property Damage Crash,03-10-20 15:54,Maryland (State),FREDERICK RD,KING FARM BLVD,SAME DIR REAR END,CLEAR,DRY,DAYLIGHT,TRAFFIC SIGNAL,NONE DETECTED,Yes,NO APPARENT INJURY,NOT DISTRACTED,MD,PASSENGER CAR,35,2005,TOYT,2S
MCP219800CZ,230011615,Montgomery County Police,Property Damage Crash,03-09-23 16:12,County,SHADY GROVE RD,RAMP 6 FR SHADY GROVE RD EB TO IS 270 SB,SAME DIRECTION SIDESWIPE,CLEAR,DRY,DAYLIGHT,TRAFFIC SIGNAL,,Yes,NO APPARENT INJURY,NOT DISTRACTED,MD,PASSENGER CAR,40,2011,TOYOA,CAMRY
MCP2971003Y,180031502,Montgomery County Police,Injury Crash,06/26/2018 06:46:00 PM,County,WEST OLD BALTIMORE RD,EISENHOWER MEMORIAL HWY,SAME DIR REAR END,CLEAR,DRY,DAYLIGHT,NO CONTROLS,NONE DETECTED,Yes,NO APPARENT INJURY,NOT DISTRACTED,MD,PASSENGER CAR,35,2015,CHRYSLER,200
MCP2750004C,190039504,Montgomery County Police,Property Damage Crash,08/18/2019 10:15:00 PM,Maryland (State),VEIRS MILL RD,ASPEN HILL RD,STRAIGHT MOVEMENT ANGLE,RAINING,WET,DARK LIGHTS ON,TRAFFIC SIGNAL,NONE DETECTED,No,NO APPARENT INJURY,NOT DISTRACTED,MD,PASSENGER CAR,40,2021,HYUNDAI,TUSCON
MCP3053002Y,180052746,Montgomery County Police,Property Damage Crash,10/21/2018 02:45:00 PM,County,DALEWOOD DR,RANDOLPH RD,HEAD ON LEFT TURN,CLEAR,DRY,DAYLIGHT,TRAFFIC SIGNAL,,Yes,NO APPARENT INJURY,LOOKED BUT DID NOT SEE,MD,PASSENGER CAR,25,2000,HONDA,ACCORD
MCP33090013,220026618,Montgomery County Police,Injury Crash,06/20/2022 07:00:00 PM,County,PINEY MEETINGHOUSE RD,CAVANAUGH DR,STRAIGHT MOVEMENT ANGLE,CLEAR,DRY,DAYLIGHT,FLASHING TRAFFIC SIGNAL,NONE DETECTED,Yes,NO APPARENT INJURY,NOT DISTRACTED,MD,(SPORT) UTILITY VEHICLE,40,2012,FORD,TK
MCP3040002N,180059700,Montgomery County Police,Injury Crash,11/29/2018 03:00:00 PM,Maryland (State),OLNEY SANDY SPRING RD,SLADE SCHOOL RD,SAME DIR REAR END,CLEAR,DRY,DAYLIGHT,,,Yes,SUSPECTED MINOR INJURY,NOT DISTRACTED,MD,PASSENGER CAR,40,2012,DODGE,SW
MCP3031006D,240060293,MONTGOMERY,Property Damage Crash,12/17/2024 03:00:00 PM,County Route,SPARTAN RD,,Front to Front,Clear,Dry,Daylight,Stop Sign,"Not Suspect of Alcohol Use, Not Suspect of Drug Use",Yes,No Apparent Injury,Not Distracted,VA,Passenger Car,25,2011,ACURA,TSX
EJ79040008,240004319,GAITHERSBURG,Injury Crash,01/27/2024 01:41:00 PM,Municipality Route,W DEER PARK RD,,"Sideswipe, Same Direction",Clear,Dry,Daylight,No Controls,"Not Suspect of Alcohol Use, Not Suspect of Drug Use",No,Suspected Minor Injury,Not Distracted,MD,Passenger Car,35,2016,TOYOTA,COROLLA
MCP3218004L,230068388,Montgomery County Police,Injury Crash,11/26/2023 05:18:00 PM,Maryland (State),CONNECTICUT AVE,VEIRS MILL RD,HEAD ON LEFT TURN,RAINING,WET,DARK LIGHTS ON,TRAFFIC SIGNAL,NONE DETECTED,Yes,POSSIBLE INJURY,UNKNOWN,MD,PASSENGER CAR,35,2009,HONDA,CRV
MCP23110045,180041391,Montgomery County Police,Property Damage Crash,08/20/2018 12:54:00 PM,County,MONTGOMERY VILLAGE AVE,STEDWICK RD,STRAIGHT MOVEMENT ANGLE,CLEAR,DRY,DAYLIGHT,TRAFFIC SIGNAL,,No,NO APPARENT INJURY,NOT DISTRACTED,MD,PASSENGER CAR,35,2011,SUZU,4S
MCP3038006Z,240017287,MONTGOMERY,Injury Crash,04/14/2024 05:35:00 AM,County Route,PLEASANT RIDGE DR,,Single Vehicle,Clear,Dry,Dark - Lighted,No Controls,"Not Suspect of Alcohol Use, Not Suspect of Drug Use",Yes,Suspected Minor Injury,"Other Action (looking away from task, etc.)",MD,Passenger Car,20,2015,HYUNDAI,SONATA
MCP2964001N,16037188,Montgomery County Police,Injury Crash,07/22/2016 06:03:00 PM,Maryland (State),FREDERICK RD,SHAKESPEARE BLVD,SAME DIR REAR END,CLOUDY,DRY,DAYLIGHT,NO CONTROLS,NONE DETECTED,Yes,SUSPECTED MINOR INJURY,OTHER DISTRACTION,MD,PASSENGER CAR,45,2008,NISSAN,ALTIMA
MCP2047003R,200031377,Montgomery County Police,Injury Crash,08-12-20 13:18,Maryland (State),FREDERICK RD,RIDGEMONT AVE,SAME DIR REAR END,CLEAR,DRY,DAYLIGHT,,NONE DETECTED,No,POSSIBLE INJURY,NOT DISTRACTED,MD,PASSENGER CAR,40,2013,HONDA,ACCORD
MCP2339008J,230046819,Montgomery County Police,Property Damage Crash,07/29/2023 02:39:00 PM,,,,OTHER,CLEAR,,DAYLIGHT,NO CONTROLS,UNKNOWN,Yes,NO APPARENT INJURY,UNKNOWN,,PASSENGER CAR,15,2004,CHEVROLET,IMPALA
MCP2274001M,170544175,Montgomery County Police,Injury Crash,11/21/2017 06:20:00 PM,County,CENTERWAY RD,THOMAS FARM RD,HEAD ON LEFT TURN,CLEAR,DRY,DARK LIGHTS ON,STOP SIGN,NONE DETECTED,No,POSSIBLE INJURY,NOT DISTRACTED,MD,PASSENGER CAR,35,2011,TOYT,CAMRY
MCP30180045,210047505,Montgomery County Police,Injury Crash,11/22/2021 06:00:00 PM,Maryland (State),UNIVERSITY BLVD W,AMHERST AVE,SAME DIR REAR END,CLEAR,DRY,DARK LIGHTS ON,TRAFFIC SIGNAL,NONE DETECTED,No,SUSPECTED MINOR INJURY,NOT DISTRACTED,VA,PASSENGER CAR,35,2014,TOYOTA,COROLLA
DD55950075,190002436,Rockville Police Departme,Property Damage Crash,01/16/2019 09:00:00 AM,Municipality,BALTIMORE RD,GRANDIN AVE,OTHER,CLOUDY,,DAYLIGHT,NO CONTROLS,NONE DETECTED,No,NO APPARENT INJURY,NOT DISTRACTED,NY,PASSENGER CAR,25,2012,TOYOYA,COROLLA
MCP1291001Y,190012374,Montgomery County Police,Property Damage Crash,03/17/2019 07:50:00 PM,Municipality,MAIN ST,INSPIRATION LA,SAME DIRECTION SIDESWIPE,CLEAR,DRY,DARK -- UNKNOWN LIGHTING,NO CONTROLS,ALCOHOL PRESENT,Yes,NO APPARENT INJURY,UNKNOWN,MD,PASSENGER CAR,25,2012,HYUND,SONATA
MCP91180033,220004642,Montgomery County Police,Property Damage Crash,02-03-22 2:54,County,ARCOLA AVE,AMHERST AVE,SAME DIR REAR END,RAINING,WET,DARK -- UNKNOWN LIGHTING,NO CONTROLS,NONE DETECTED,No,NO APPARENT INJURY,NOT DISTRACTED,MD,PASSENGER CAR,35,2016,TOYOTA,CAMRY
MCP2832007V,230002619,Montgomery County Police,Property Damage Crash,01/17/2023 09:40:00 AM,County,RANDOLPH RD,NEBEL ST,SAME DIRECTION SIDESWIPE,RAINING,WET,DAYLIGHT,TRAFFIC SIGNAL,NONE DETECTED,Yes,NO APPARENT INJURY,LOOKED BUT DID NOT SEE,FL,PICKUP TRUCK,35,2005,NISSAN,TITAN
MCP29160018,16005823,Montgomery County Police,Property Damage Crash,02-04-16 12:20,,,,SINGLE VEHICLE,CLEAR,,DAYLIGHT,NO CONTROLS,NONE DETECTED,Yes,NO APPARENT INJURY,NOT DISTRACTED,MD,PASSENGER CAR,0,2008,FORD,FOCUS
MCP3374000R,230024151,Montgomery County Police,Property Damage Crash,05/19/2023 11:53:00 PM,Maryland (State),CONNECTICUT AVE,E IRVING ST,SAME DIR REAR END,CLEAR,DRY,DARK LIGHTS ON,NO CONTROLS,UNKNOWN,Yes,NO APPARENT INJURY,INATTENTIVE OR LOST IN THOUGHT,,(SPORT) UTILITY VEHICLE,30,2017,NISSAN,TK
MCP26570016,16048643,Montgomery County Police,Injury Crash,09/21/2016 10:22:00 PM,Maryland (State),NEW HAMPSHIRE AVE,RAMP 5 FR MD 650 SB TO US 29 EB,HEAD ON LEFT TURN,CLEAR,DRY,DARK LIGHTS ON,TRAFFIC SIGNAL,,Yes,NO APPARENT INJURY,NOT DISTRACTED,MD,PASSENGER CAR,25,2008,TOYOTA,CAMRY
MCP2760001S,180019561,Montgomery County Police,Injury Crash,04-03-18 22:31,County,MONTGOMERY VILLAGE AVE,CENTERWAY RD,SAME DIR REAR END,RAINING,WET,DARK LIGHTS ON,TRAFFIC SIGNAL,,No,NO APPARENT INJURY,NOT DISTRACTED,MD,PASSENGER CAR,35,2016,TOYOTA,4S
MCP22880009,16059025,Montgomery County Police,Injury Crash,11/16/2016 01:20:00 PM,County,CORDELL AVE,NORFOLK AVE,STRAIGHT MOVEMENT ANGLE,CLEAR,DRY,DAYLIGHT,NO CONTROLS,NONE DETECTED,Yes,NO APPARENT INJURY,NOT DISTRACTED,MD,PICKUP TRUCK,25,2015,NISSAN,PICK UP
MCP1443000G,16029469,Montgomery County Police,Injury Crash,06-11-16 18:37,Municipality,RUSSELL AVE,LAKE FOREST BLVD,STRAIGHT MOVEMENT ANGLE,CLEAR,DRY,DAYLIGHT,TRAFFIC SIGNAL,NONE DETECTED,Yes,POSSIBLE INJURY,UNKNOWN,MD,(SPORT) UTILITY VEHICLE,25,2016,HONDA,CRV
MCP320000F0,250003352,MONTGOMERY,Property Damage Crash,01/24/2025 08:35:00 AM,Maryland (State) Route,ROCKVILLE PIKE,,"Sideswipe, Same Direction",Clear,Dry,Daylight,No Controls,"Not Suspect of Alcohol Use, Not Suspect of Drug Use",No,No Apparent Injury,Unknown,MD,Sport Utility Vehicle,35,2010,TOYOTA,FJ CRUISER
MCP0487001C,17012806,Montgomery County Police,Property Damage Crash,03-11-17 11:46,County,AIRPARK RD,WOODFIELD RD,SINGLE VEHICLE,CLEAR,DRY,DAYLIGHT,NO CONTROLS,NONE DETECTED,Yes,NO APPARENT INJURY,LOOKED BUT DID NOT SEE,MD,PASSENGER CAR,50,2012,HONDA,CIVIC
MCP2689003N,170532667,Montgomery County Police,Property Damage Crash,09/23/2017 01:58:00 PM,Maryland (State),FALLS RD,DUNSTER RD,SAME DIR REAR END,CLEAR,DRY,DAYLIGHT,NO CONTROLS,NONE DETECTED,No,NO APPARENT INJURY,NOT DISTRACTED,MD,PASSENGER CAR,35,2008,TOYOTA,AVALON
HA2484000Z,24002569,MCPARK,Property Damage Crash,12-10-24 7:58,Maryland (State) Route,MUNCASTER MILL RD,,Front to Rear,"Fog, Smog, Smoke",Wet,Daylight,Traffic Control Signal,"Not Suspect of Alcohol Use, Not Suspect of Drug Use",No,No Apparent Injury,Not Distracted,MD,Passenger Car,35,2013,GMC,TERRAIN
MCP2881005H,230025009,Montgomery County Police,Injury Crash,05/25/2023 08:15:00 AM,Maryland (State),CLARKSBURG RD,WEST OLD BALTIMORE RD,ANGLE MEETS LEFT TURN,CLEAR,DRY,DAYLIGHT,NO CONTROLS,NONE DETECTED,Yes,NO APPARENT INJURY,NOT DISTRACTED,MD,PASSENGER CAR,40,2013,HONDA,CIV
MCP21160030,15057977,MONTGOMERY,Property Damage Crash,11/13/2015 02:41:00 PM,County,GAINSBOROUGH RD,GEORGETOWNE DR,SAME DIRECTION SIDESWIPE,CLEAR,DRY,DAYLIGHT,NO CONTROLS,NONE DETECTED,No,NO APPARENT INJURY,NOT DISTRACTED,MD,SCHOOL BUS,30,2002,THOMPSON,BUS
MCP2813002J,16045604,Montgomery County Police,Property Damage Crash,09-06-16 17:44,County,ST MARGARETS WAY,KIMBERLY ST,STRAIGHT MOVEMENT ANGLE,CLEAR,DRY,DAYLIGHT,STOP SIGN,,No,NO APPARENT INJURY,NOT DISTRACTED,MD,PASSENGER CAR,25,2011,BMW,328I
MCP28880025,230053892,Montgomery County Police,Injury Crash,08-09-23 23:14,Maryland (State),HUNGERFORD DR,COLLEGE PKWY,SAME DIR REAR END,,DRY,DARK LIGHTS ON,TRAFFIC SIGNAL,,No,NO APPARENT INJURY,NOT DISTRACTED,MD,(SPORT) UTILITY VEHICLE,40,2017,CADILLAC,ESCALADE
MCP93550003,190022289,Montgomery County Police,Property Damage Crash,05-11-19 19:20,County,ODENDHAL AVE,LOST KNIFE RD,STRAIGHT MOVEMENT ANGLE,RAINING,WET,DUSK,,NONE DETECTED,No,NO APPARENT INJURY,NOT DISTRACTED,MD,PASSENGER CAR,35,2006,TOYT,COROLLA
MCP3289001Q,220008956,Montgomery County Police,Injury Crash,03-02-22 5:33,County,CHERRY HILL RD,CALVERTON BLVD,STRAIGHT MOVEMENT ANGLE,CLEAR,DRY,DARK LIGHTS ON,FLASHING TRAFFIC SIGNAL,NONE DETECTED,Yes,NO APPARENT INJURY,LOOKED BUT DID NOT SEE,MD,PASSENGER CAR,30,2013,FORD,4S
MCP271700MF,190004985,Montgomery County Police,Injury Crash,01/31/2019 07:30:00 PM,,,,OTHER,,,DARK LIGHTS ON,NO CONTROLS,NONE DETECTED,Yes,NO APPARENT INJURY,OTHER DISTRACTION,MD,PASSENGER CAR,0,2014,HONDA,ACCORD EX
MCP3328000M,220015995,Montgomery County Police,Property Damage Crash,04/15/2022 01:15:00 PM,Maryland (State),GEORGIA AVE,CONNECTICUT AVE,SAME DIR REAR END,CLEAR,UNKNOWN,DAYLIGHT,TRAFFIC SIGNAL,UNKNOWN,Yes,NO APPARENT INJURY,UNKNOWN,,PASSENGER CAR,35,2004,LINCOLN,LS
MCP2872001S,170500301,Montgomery County Police,Injury Crash,04-04-17 8:15,Maryland (State),MIDCOUNTY HWY,MONTGOMERY VILLAGE AVE,HEAD ON LEFT TURN,CLOUDY,WET,DAWN,TRAFFIC SIGNAL,NONE DETECTED,Yes,SUSPECTED MINOR INJURY,NOT DISTRACTED,MD,PASSENGER CAR,35,2001,HOND,TK
MCP29170028,170548656,Montgomery County Police,Property Damage Crash,12/14/2017 09:15:00 PM,County,PARKLAND DR,MARIANNA DR,STRAIGHT MOVEMENT ANGLE,,DRY,DARK NO LIGHTS,STOP SIGN,NONE DETECTED,Yes,NO APPARENT INJURY,OTHER DISTRACTION,MD,PASSENGER CAR,25,2017,HONDA,ACCORD
MCP24730013,170521679,Montgomery County Police,Property Damage Crash,07/28/2017 02:11:00 PM,US (State),COLUMBIA PIKE,RAMP 7 FR RP 2 (FR MD200 WB) TO US 29 SB,SAME DIR REAR END,RAINING,WET,DAYLIGHT,TRAFFIC SIGNAL,,Yes,NO APPARENT INJURY,NOT DISTRACTED,DC,VAN,55,1999,GMC,SAVANA
MCP3117003G,210048962,Montgomery County Police,Property Damage Crash,12-02-21 16:43,Maryland (State),MUNCASTER MILL RD,NEEDWOOD RD,OTHER,CLEAR,DRY,DARK LIGHTS ON,TRAFFIC SIGNAL,,Yes,NO APPARENT INJURY,LOOKED BUT DID NOT SEE,OH,PICKUP TRUCK,40,2010,CHEVROLET,SILVERADO
MCP3074000S,170544979,Montgomery County Police,Injury Crash,11/26/2017 12:23:00 PM,Maryland (State),NEW HAMPSHIRE AVE,NORTHWEST DR,SAME DIR REAR END,CLEAR,DRY,DAYLIGHT,NO CONTROLS,NONE DETECTED,No,NO APPARENT INJURY,NOT DISTRACTED,MD,PASSENGER CAR,45,2000,TOYT,4S
MCP3158000W,190000641,Montgomery County Police,Injury Crash,01-04-19 15:25,County,SHADY GROVE RD,MIDCOUNTY HWY,OTHER,CLEAR,DRY,DAYLIGHT,TRAFFIC SIGNAL,NONE DETECTED,No,POSSIBLE INJURY,NOT DISTRACTED,MD,PASSENGER CAR,45,2009,TOYOTA,4D
MCP3395001J,240030200,MONTGOMERY,Property Damage Crash,06/26/2024 11:02:00 AM,Local Route,TRADE ST,,Front to Rear,Clear,Dry,Daylight,No Controls,"Unknown, Unknown",No,,,,Passenger Car,10,2005,MERCEDES-BENZ,CL-CLASS
MCP29860013,16047292,Montgomery County Police,Injury Crash,09/15/2016 07:05:00 AM,County,SPRING ST,COLESVILLE RD,STRAIGHT MOVEMENT ANGLE,,DRY,DAYLIGHT,TRAFFIC SIGNAL,NONE DETECTED,Yes,NO APPARENT INJURY,LOOKED BUT DID NOT SEE,MD,PASSENGER CAR,35,2006,HONDA,ACCORD
EJ7865006D,240056341,GAITHERSBURG,Property Damage Crash,11/24/2024 03:40:00 AM,,,,Front to Front,Clear,,Dark - Lighted,,"Suspect of Alcohol Use, Not Suspect of Drug Use",No,No Apparent Injury,Not Distracted,MD,Passenger Car,0,2023,LEXUS,ES
EJ79060037,250052745,GAITHERSBURG,Property Damage Crash,11/24/2025 03:40:00 PM,Maryland (State) Route,QUINCE ORCHARD RD (SB/L),,Front to Front,Clear,Dry,Daylight,No Controls,"Not Suspect of Alcohol Use, Not Suspect of Drug Use",No,No Apparent Injury,Not Distracted,MD,Other,35,2012,FORD,E-350
MCP2937001N,16012312,MONTGOMERY,Property Damage Crash,03-12-16 15:08,,,,SAME DIR REAR END,CLEAR,,DAYLIGHT,NO CONTROLS,NONE DETECTED,No,NO APPARENT INJURY,NOT DISTRACTED,MD,PASSENGER CAR,15,2009,TOYT,TK
MCP1022005B,16042978,Montgomery County Police,Property Damage Crash,08/24/2016 08:22:00 AM,,APPLEDOWRE CIRCLE,BRANDERMILL DR,STRAIGHT MOVEMENT ANGLE,CLEAR,DRY,DAYLIGHT,NO CONTROLS,NONE DETECTED,Yes,NO APPARENT INJURY,LOOKED BUT DID NOT SEE,MD,PASSENGER CAR,25,2015,HYUN,SONATA
MCP0704000Q,16020055,Montgomery County Police,Property Damage Crash,04/23/2016 08:11:00 PM,,,,OTHER,CLEAR,,DARK LIGHTS ON,,UNKNOWN,Yes,NO APPARENT INJURY,NOT DISTRACTED,MD,(SPORT) UTILITY VEHICLE,15,2008,FORD,ESCAPE
MCP3225003V,230026139,Montgomery County Police,Property Damage Crash,05/31/2023 05:20:00 PM,County,ASPEN HILL RD,KEMPER ST,SAME DIR REAR END,CLEAR,DRY,DAYLIGHT,NO CONTROLS,NONE DETECTED,No,NO APPARENT INJURY,NOT DISTRACTED,MD,VAN,30,2005,FORD,E250
MCP3020003M,190020211,Montgomery County Police,Property Damage Crash,04/30/2019 09:10:00 AM,County,MARGOT DR,ADRIAN ST,SAME DIR REAR END,CLEAR,,DAYLIGHT,NO CONTROLS,NONE DETECTED,Yes,NO APPARENT INJURY,LOOKED BUT DID NOT SEE,MD,SCHOOL BUS,25,2016,THOMAS,SCHOOL BUS
MCP1512003F,210026707,Montgomery County Police,Property Damage Crash,07-11-21 20:04,Maryland (State),QUINCE ORCHARD RD,FIRSTFIELD RD,SAME DIRECTION RIGHT TURN,CLEAR,DRY,DAYLIGHT,TRAFFIC SIGNAL,NONE DETECTED,No,NO APPARENT INJURY,NOT DISTRACTED,CA,PASSENGER CAR,35,2010,HONDA,4D
MCP3402003Z,250034402,MONTGOMERY,Injury Crash,08-02-25 11:32,US (State),COLUMBIA PIKE,,"Sideswipe, Same Direction",Clear,Dry,Daylight,No Controls,"Not Suspect of Alcohol Use, Not Suspect of Drug Use",Yes,Suspected Minor Injury,Unknown,MD,Passenger Car,50,2013,ACURA,TL
MCP3232004S,240011987,MONTGOMERY,Property Damage Crash,03-12-24 20:38,Maryland (State) Route,NEW HAMPSHIRE AVE,E RANDOLPH RD (WB/L),Other,Clear,Dry,Dark - Lighted,No Controls,"Not Suspect of Alcohol Use, Not Suspect of Drug Use",No,No Apparent Injury,Not Distracted,MD,Passenger Car,40,2021,VOLKSWAGEN,ID.4
MCP296200BL,250043258,MONTGOMERY,Property Damage Crash,09/26/2025 06:44:00 AM,County Route,WISTERIA DR,WARING STATION RD,Angle,Clear,Dry,Daylight,Stop Sign,"Not Suspect of Alcohol Use, Not Suspect of Drug Use",Yes,No Apparent Injury,Not Distracted,MD,Passenger Car,35,2018,KIA,OPTIMA
MCP3071000J,170535524,Montgomery County Police,Injury Crash,10-08-17 20:02,Maryland (State),FREDERICK RD,GUNNERS BRANCH RD,STRAIGHT MOVEMENT ANGLE,CLEAR,DRY,DARK LIGHTS ON,TRAFFIC SIGNAL,NONE DETECTED,Yes,NO APPARENT INJURY,NOT DISTRACTED,MD,PASSENGER CAR,40,2007,HOND,TK
MCP31620033,190053835,Montgomery County Police,Property Damage Crash,11-08-19 9:10,US (State),COLESVILLE RD,SLIGO CREEK PKWY,SAME DIR REAR END,CLEAR,DRY,DAYLIGHT,NO CONTROLS,NONE DETECTED,No,NO APPARENT INJURY,NOT DISTRACTED,MD,TRANSIT BUS,35,2014,GILL,BUS
MCP28810049,220011448,Montgomery County Police,Property Damage Crash,03/17/2022 08:45:00 AM,Maryland (State),FREDERICK RD,BOLAND FARM RD,SAME DIRECTION SIDESWIPE,CLEAR,WET,DAYLIGHT,TRAFFIC SIGNAL,,Yes,NO APPARENT INJURY,NOT DISTRACTED,MD,PASSENGER CAR,45,2001,ACUR,UT
MCP2719000R,15053133,MONTGOMERY,Property Damage Crash,10/20/2015 01:00:00 AM,Maryland (State),LAYHILL RD,MIDDLEVALE LA,SINGLE VEHICLE,,DRY,DARK LIGHTS ON,NO CONTROLS,NONE DETECTED,No,NO APPARENT INJURY,NOT DISTRACTED,MD,POLICE VEHICLE/NON EMERGENCY,40,2008,DODGE,CHARGER
MCP3126003Z,220053433,Montgomery County Police,Property Damage Crash,12-03-22 18:00,County,CLARKSBURG RD,PRICES DISTILLERY RD,SAME DIR REAR END,CLEAR,DRY,DARK NO LIGHTS,NO CONTROLS,NONE DETECTED,Yes,NO APPARENT INJURY,NOT DISTRACTED,MD,PASSENGER CAR,35,2007,FORD,4S
MCP2445004V,230022181,Montgomery County Police,Property Damage Crash,05-09-23 11:47,Maryland (State),FREDERICK RD,HENDERSON CORNER RD,SAME DIRECTION RIGHT TURN,RAINING,WET,DAYLIGHT,TRAFFIC SIGNAL,NONE DETECTED,No,NO APPARENT INJURY,NOT DISTRACTED,MD,PASSENGER CAR,45,2023,HYUNDAI,ELANTRA
DD5651003W,230055767,Rockville Police Departme,Injury Crash,09/19/2023 02:40:00 PM,Maryland (State),VEIRS MILL RD,DODGE ST,OPPOSITE DIRECTION SIDESWIPE,CLEAR,DRY,DAYLIGHT,,NONE DETECTED,Yes,SUSPECTED MINOR INJURY,NOT DISTRACTED,MD,PASSENGER CAR,30,1998,HONDA,CRV
MCP1399000H,170517409,Montgomery County Police,Injury Crash,07-05-17 12:51,,,,HEAD ON LEFT TURN,CLEAR,,DAYLIGHT,STOP SIGN,NONE DETECTED,No,NO APPARENT INJURY,NOT DISTRACTED,MD,PASSENGER CAR,15,1996,TOYT,4S
MCP15000011,16011599,MONTGOMERY,Injury Crash,03-09-16 20:49,Maryland (State),NEW HAMPSHIRE AVE,TRACY DR,SAME DIR REAR END,CLEAR,DRY,DARK NO LIGHTS,NO CONTROLS,NONE DETECTED,No,POSSIBLE INJURY,NOT DISTRACTED,MD,PASSENGER CAR,40,2008,TOYOTA,SIENNA
HA24160006,17000001,Maryland-National Capital,Injury Crash,01-01-17 0:49,Government,SLIGO CREEK PKWY,SCHUYLER RD,SAME DIR REAR END,,DRY,DARK LIGHTS ON,STOP SIGN,ALCOHOL PRESENT,Yes,SUSPECTED MINOR INJURY,OTHER DISTRACTION,MD,(SPORT) UTILITY VEHICLE,25,2000,TOYOTA,SUV
MCP2844006F,230026866,Montgomery County Police,Property Damage Crash,06-04-23 20:45,,,,OTHER,CLEAR,,DARK LIGHTS ON,NO CONTROLS,NONE DETECTED,No,NO APPARENT INJURY,NOT DISTRACTED,MD,POLICE VEHICLE/NON EMERGENCY,0,2013,FORD,EXPLORER
HA2396000X,21000960,Maryland-National Capital,Property Damage Crash,05/24/2021 05:57:00 PM,Government,BEACH DR,END BRIDGE,SINGLE VEHICLE,RAINING,WET,DAYLIGHT,NO CONTROLS,NONE DETECTED,Yes,NO APPARENT INJURY,NOT DISTRACTED,MD,PASSENGER CAR,25,1998,HONDA,ACCORD
MCP30070049,190061404,Montgomery County Police,Property Damage Crash,10-12-19 18:00,County,VALLEYWOOD DR,VEIRS MILL RD,SAME DIRECTION SIDESWIPE,CLEAR,,DAYLIGHT,NO CONTROLS,UNKNOWN,Yes,NO APPARENT INJURY,UNKNOWN,,,15,0,UNKNOWN,UNKNOWN
MCP3045001X,190009684,Montgomery County Police,Property Damage Crash,03-01-19 13:47,Maryland (State),OLD GEORGETOWN RD,BEGIN BRIDGE,SAME DIR REAR END,CLEAR,DRY,DAYLIGHT,TRAFFIC SIGNAL,NONE DETECTED,No,NO APPARENT INJURY,NOT DISTRACTED,MD,VAN,35,2015,FORD,TRANSIT
MCP1378018B,240020382,MONTGOMERY,Property Damage Crash,05-01-24 17:35,Government Route,CENTER DR,ROCKVILLE PIKE (SB/L),Front to Rear,Clear,Dry,Daylight,Traffic Control Signal,"Unknown, Unknown",No,,,,Sport Utility Vehicle,35,2017,JEEP,WRANGLER