Report Number,Local Case Number,Agency Name,ACRS Report Type,Crash Date/Time,Route Type,Road Name,Cross-Street Name,Collision Type,Weather,Surface Condition,Light,Traffic Control,Driver Substance Abuse,Driver At Fault,Injury Severity,Driver Distracted By,Drivers License State,Vehicle Body Type,Speed Limit,Vehicle Year,Vehicle Make,Vehicle Model
MCP2782001H,16012765,MONTGOMERY,Property Damage Crash,03/15/2016 02:08:00 PM,County,ASPEN HILL RD,ADRIAN ST,SAME DIRECTION SIDESWIPE,CLEAR,DRY,DAYLIGHT,,NONE DETECTED,Yes,NO APPARENT INJURY,NOT DISTRACTED,MD,(SPORT) UTILITY VEHICLE,30,2012,HONDA,PILOT
MCP21930001,16046723,Montgomery County Police,Property Damage Crash,09-12-16 11:15,,,,OTHER,,,DAYLIGHT,,NONE DETECTED,Yes,NO APPARENT INJURY,NOT DISTRACTED,PA,PASSENGER CAR,0,2016,FORD,CMAX
MCP27450011,15037611,MONTGOMERY,Injury Crash,07/29/2015 09:47:00 PM,County,SNOUFFERS SCHOOL RD,CENTERWAY RD,HEAD ON,CLEAR,DRY,DARK LIGHTS ON,,NONE DETECTED,Yes,POSSIBLE INJURY,OTHER DISTRACTION,MD,PASSENGER CAR,35,2002,TOYOTA,PRIUS
MCP2929002R,180023660,Montgomery County Police,Injury Crash,05/14/2018 11:51:00 AM,Maryland (State),OLNEY SANDY SPRING RD,SLADE SCHOOL RD,STRAIGHT MOVEMENT ANGLE,CLEAR,DRY,DAYLIGHT,STOP SIGN,NONE DETECTED,Yes,SUSPECTED MINOR INJURY,LOOKED BUT DID NOT SEE,MD,PASSENGER CAR,30,2009,TOYT,CAMRY
MCP32250033,220032886,Montgomery County Police,Injury Crash,07/31/2022 04:45:00 PM,Maryland (State),GEORGIA AVE,HATHAWAY DR,STRAIGHT MOVEMENT ANGLE,RAINING,WET,DAYLIGHT,TRAFFIC SIGNAL,NONE DETECTED,Yes,POSSIBLE INJURY,UNKNOWN,XX,PASSENGER CAR,35,2007,SCION,TC
MCP1512002K,190060137,Montgomery County Police,Injury Crash,12/13/2019 03:44:00 PM,Interstate (State),EISENHOWER MEMORIAL HWY,SPUR TO C/D LANE (NB/L),SAME DIRECTION LEFT TURN,CLOUDY,WET,DAYLIGHT,NO CONTROLS,NONE DETECTED,No,NO APPARENT INJURY,NOT DISTRACTED,VA,PICKUP TRUCK,55,2017,TOYOTA,TUNDRA
MCP33740043,250051387,MONTGOMERY,Property Damage Crash,11/16/2025 01:16:00 PM,County Route,GROSVENOR LA,ROCKVILLE PIKE (SB/L),Angle,Clear,Dry,Daylight,Traffic Control Signal,"Not Suspect of Alcohol Use, Not Suspect of Drug Use",Yes,No Apparent Injury,Unknown,NE,Passenger Car,35,2020,SUBARU,CROSSTREK
MCP209400JH,220012302,Montgomery County Police,Injury Crash,03/22/2022 09:20:00 AM,County,FALLS RD,OAKLYN DR,SAME DIR REAR END,CLEAR,DRY,DAYLIGHT,NO CONTROLS,NONE DETECTED,No,NO APPARENT INJURY,NOT DISTRACTED,MD,"MEDIUM/HEAVY TRUCKS 3 AXLES (OVER 10,000LBS (4,536KG))",35,2022,MACK,ST
MCP3054000C,170526737,Montgomery County Police,Property Damage Crash,08/25/2017 05:33:00 AM,Maryland (State),ROCKVILLE PIKE,TWINBROOK PKWY,STRAIGHT MOVEMENT ANGLE,CLEAR,WET,DARK LIGHTS ON,TRAFFIC SIGNAL,NONE DETECTED,No,NO APPARENT INJURY,NOT DISTRACTED,MD,(SPORT) UTILITY VEHICLE,25,2014,CHEVY,TRAVERSE
MCP2667001H,15061587,MONTGOMERY,Property Damage Crash,12-02-15 17:51,County,MIDCOUNTY HWY,SHADY GROVE RD,SINGLE VEHICLE,RAINING,WET,DARK LIGHTS ON,TRAFFIC SIGNAL,NONE DETECTED,Yes,NO APPARENT INJURY,LOOKED BUT DID NOT SEE,MD,(SPORT) UTILITY VEHICLE,40,2008,FORD,EXPLORE
MCP2875006P,220055797,Montgomery County Police,Property Damage Crash,12/16/2022 06:25:00 PM,Maryland (State),DAMASCUS RD,ANNAPOLIS ROCK RD,SAME DIRECTION SIDESWIPE,CLEAR,DRY,DARK NO LIGHTS,STOP SIGN,NONE DETECTED,No,NO APPARENT INJURY,NOT DISTRACTED,MD,PASSENGER CAR,50,2018,VOKSWAGEN,JETTA
MCP913000DL,220054403,Montgomery County Police,Injury Crash,12-09-22 8:28,Maryland (State),NEW HAMPSHIRE AVE,DILSTON RD,SAME DIR REAR END,CLEAR,DRY,DAYLIGHT,TRAFFIC SIGNAL,NONE DETECTED,No,POSSIBLE INJURY,NOT DISTRACTED,MD,VAN,40,2013,TOYOTA,SIENNA
MCP2892002B,170509655,Montgomery County Police,Property Damage Crash,05/24/2017 05:10:00 PM,Maryland (State),PINEY BRANCH RD,SILVER SPRING AVE,HEAD ON LEFT TURN,CLOUDY,DRY,DAYLIGHT,NO CONTROLS,NONE DETECTED,No,NO APPARENT INJURY,NOT DISTRACTED,VA,PASSENGER CAR,35,2016,VOLK,GOLF
MCP3190000G,190015621,Montgomery County Police,Injury Crash,04-04-19 11:31,County,RUSSETT RD,ARCTIC AVE,SAME DIR REAR END,CLEAR,DRY,DAYLIGHT,,,Yes,POSSIBLE INJURY,LOOKED BUT DID NOT SEE,MD,PASSENGER CAR,25,2009,NISSASN,INFINITI
MCP2456005X,210053342,Montgomery County Police,Property Damage Crash,12/31/2021 02:25:00 PM,Maryland (State),CHERRY HILL RD,RAMP 4 FR US 29 NB TO CHERRY HILL RD EB,SAME DIR BOTH LEFT TURN,CLOUDY,DRY,DAYLIGHT,TRAFFIC SIGNAL,,Yes,NO APPARENT INJURY,UNKNOWN,,PICKUP TRUCK,30,2007,CHEVROLET,COLORAD
MCP2511000P,16031741,Montgomery County Police,Property Damage Crash,06/23/2016 01:37:00 PM,Municipality,RUSSELL AVE,CHRISTOPHER AVE,ANGLE MEETS RIGHT TURN,CLEAR,DRY,DAYLIGHT,NO CONTROLS,NONE DETECTED,No,NO APPARENT INJURY,NOT DISTRACTED,MD,PASSENGER CAR,25,2006,NISS,4S
MCP3050000S,170506056,Montgomery County Police,Property Damage Crash,05-05-17 12:58,County,JEFFRY ST,CONNECTICUT AVE,SAME DIR REAR END,CLEAR,WET,DAYLIGHT,STOP SIGN,NONE DETECTED,No,NO APPARENT INJURY,NOT DISTRACTED,MD,SCHOOL BUS,10,2016,THOMAS,BUS
MCP20080077,200004171,Montgomery County Police,Injury Crash,01/25/2020 02:42:00 PM,,,,OTHER,CLOUDY,,DAYLIGHT,,NONE DETECTED,Yes,POSSIBLE INJURY,NOT DISTRACTED,MD,(SPORT) UTILITY VEHICLE,0,2016,LAND,DISCOVERY
MCP21840004,200047460,Montgomery County Police,Property Damage Crash,12-02-20 11:10,County,DECOVERLY DR,DIAMONDBACK DR,ANGLE MEETS LEFT TURN,CLEAR,DRY,DAYLIGHT,STOP SIGN,NONE DETECTED,No,NO APPARENT INJURY,NOT DISTRACTED,MD,PASSENGER CAR,30,1998,VOLV,4S
MCP2785001Q,16036490,Montgomery County Police,Property Damage Crash,07/19/2016 10:03:00 AM,County,FAIRLAND RD,WESTWIND DR,HEAD ON LEFT TURN,CLEAR,DRY,DAYLIGHT,,,No,NO APPARENT INJURY,NOT DISTRACTED,DC,PASSENGER CAR,40,2000,HONDA,CIVIC
MCP3355001X,250054236,MONTGOMERY,Injury Crash,12-04-25 10:02,County Route,SEEK LA,UNIVERSITY BLVD E (WB/L),Single Vehicle,Clear,Dry,Daylight,No Controls,"Unknown, Not Suspect of Drug Use",Yes,Suspected Minor Injury,Unknown,MD,Passenger Car,30,2001,BUICK,PARK AVENUE
MCP2167000L,170542968,Montgomery County Police,Injury Crash,11/15/2017 01:45:00 PM,County,E GUDE DR,DOVER RD,SAME DIRECTION LEFT TURN,CLEAR,DRY,DAYLIGHT,TRAFFIC SIGNAL,NONE DETECTED,No,POSSIBLE INJURY,NOT DISTRACTED,MD,PASSENGER CAR,35,2013,FORD,CMAX
MCP204600CC,200045209,Montgomery County Police,Property Damage Crash,11/16/2020 10:47:00 AM,County,OLD COLUMBIA PIKE,MAPLE HILL RD,SINGLE VEHICLE,CLEAR,DRY,DAYLIGHT,NO CONTROLS,NONE DETECTED,Yes,NO APPARENT INJURY,NOT DISTRACTED,MD,POLICE VEHICLE/NON EMERGENCY,25,2020,CHEVY,TAHOE
MCP3124004Q,210047346,Montgomery County Police,Injury Crash,11/21/2021 08:26:00 PM,,,,SAME DIR REAR END,,,UNKNOWN,NO CONTROLS,NONE DETECTED,No,POSSIBLE INJURY,NOT DISTRACTED,MD,PASSENGER CAR,25,2015,HONDA,TK
MCP3002002D,180012376,Montgomery County Police,Property Damage Crash,03-12-18 8:56,County,JONES BRIDGE RD,CONNECTICUT AVE,SAME DIRECTION RIGHT TURN,CLEAR,DRY,DAYLIGHT,TRAFFIC SIGNAL,NONE DETECTED,No,NO APPARENT INJURY,NOT DISTRACTED,MD,TRANSIT BUS,25,2009,NEW FLYER,BUS
MCP3389001F,250044740,MONTGOMERY,Injury Crash,10-05-25 10:18,County Route,BLAIR RD,,Front to Rear,Clear,Dry,Daylight,Pedestrian Crossing Sign,"Unknown, Unknown",No,,,,Motorcycle - 2 Wheeled,25,0,,
MCP15000018,16045174,Montgomery County Police,Property Damage Crash,08/17/2016 09:00:00 AM,,,,STRAIGHT MOVEMENT ANGLE,CLEAR,,UNKNOWN,,UNKNOWN,Yes,NO APPARENT INJURY,UNKNOWN,,,5,0,UNKNOWN,UNKNOWN
MCP2339009P,240059524,MONTGOMERY,Property Damage Crash,12-12-24 19:37,,,,Front to Rear,Clear,,Dark - Lighted,,"Unknown, Unknown",No,No Apparent Injury,Unknown,,Passenger Car,0,2024,TESLA,MODEL Y
MCP2954006L,190007304,Montgomery County Police,Property Damage Crash,02/14/2019 08:38:00 PM,Maryland (State),PINEY BRANCH RD,ENT TO BUSINESS,STRAIGHT MOVEMENT ANGLE,CLOUDY,DRY,DARK LIGHTS ON,NO CONTROLS,ILLEGAL DRUG CONTRIBUTED,Yes,NO APPARENT INJURY,NOT DISTRACTED,MD,PASSENGER CAR,30,2004,SATURN,ION
MCP29950079,200050365,Montgomery County Police,Property Damage Crash,12/22/2020 06:08:00 PM,Maryland (State),GEORGIA AVE,CONNECTICUT AVE,SAME DIR REAR END,CLEAR,DRY,DARK LIGHTS ON,TRAFFIC SIGNAL,NONE DETECTED,Yes,NO APPARENT INJURY,UNKNOWN,MD,PASSENGER CAR,35,2003,TOYOTA,CAMRY
MCP1213003V,180027691,Montgomery County Police,Property Damage Crash,06-05-18 15:30,Maryland (State),NEW HAMPSHIRE AVE,NORWOOD RD,STRAIGHT MOVEMENT ANGLE,CLEAR,DRY,DAYLIGHT,TRAFFIC SIGNAL,NONE DETECTED,Yes,NO APPARENT INJURY,LOOKED BUT DID NOT SEE,MD,(SPORT) UTILITY VEHICLE,40,2016,NISS,TK
MCP2201000F,15012723,Montgomery County Police,Property Damage Crash,03/19/2015 03:07:00 PM,US (State),COLESVILLE RD,SLIGO CREEK PKWY,SAME DIRECTION RIGHT TURN,CLEAR,DRY,DAYLIGHT,TRAFFIC SIGNAL,NONE DETECTED,No,NO APPARENT INJURY,NOT DISTRACTED,MD,TRANSIT BUS,35,2001,ORIO,BUS
DD5598002S,180062810,Rockville Police Departme,Property Damage Crash,12/16/2018 04:38:00 PM,Municipality,SOUTHLAWN LA,E GUDE DR,OTHER,CLOUDY,WET,DUSK,OTHER,,Yes,NO APPARENT INJURY,NOT DISTRACTED,MD,(SPORT) UTILITY VEHICLE,30,2013,NISSAN,MURANO
MCP29640016,16005112,Montgomery County Police,Injury Crash,01/31/2016 05:17:00 PM,County,MIDDLEBROOK RD,SCENERY DR,STRAIGHT MOVEMENT ANGLE,CLEAR,WET,DAYLIGHT,STOP SIGN,NONE DETECTED,No,SUSPECTED MINOR INJURY,NOT DISTRACTED,MD,PASSENGER CAR,40,2013,SUBARU,OUTBACK
MCP2930005Y,250058352,MONTGOMERY,Property Damage Crash,12/31/2025 03:35:00 PM,Maryland (State) Route,OLNEY SANDY SPRING RD,,"Sideswipe, Same Direction",Cloudy,Dry,Daylight,Traffic Control Signal,"Not Suspect of Alcohol Use, Not Suspect of Drug Use",No,No Apparent Injury,Not Distracted,MD,Passenger Car,40,2010,HONDA,CIVIC
MCP3397000G,240019422,MONTGOMERY,Property Damage Crash,04/26/2024 05:18:00 AM,,,,Rear To Side,Clear,,Dark - Lighted,,"Not Suspect of Alcohol Use, Not Suspect of Drug Use",No,No Apparent Injury,Not Distracted,MD,Passenger Car,0,2017,TOYOTA,SIENNA
MCP2565004L,170517831,Montgomery County Police,Property Damage Crash,07-07-17 15:35,Maryland (State),WISCONSIN AVE,W VIRGINIA AVE,SAME DIR REAR END,CLEAR,DRY,DAYLIGHT,NO CONTROLS,NONE DETECTED,Yes,NO APPARENT INJURY,BY OTHER OCCUPANTS,MD,(SPORT) UTILITY VEHICLE,25,2004,NISSAN,MURANO
MCP30400083,250024184,MONTGOMERY,Property Damage Crash,05/31/2025 11:30:00 AM,Maryland (State) Route,LAYHILL RD (SB/L),,Angle,Clear,Dry,Daylight,Traffic Control Signal,"Not Suspect of Alcohol Use, Not Suspect of Drug Use",No,No Apparent Injury,Not Distracted,MD,Passenger Car,45,2023,RIVIAN,EDV
MCP93860051,170534467,Montgomery County Police,Property Damage Crash,10-03-17 9:15,County,FRANKLIN ST,WILDWOOD RD,STRAIGHT MOVEMENT ANGLE,CLEAR,DRY,DAYLIGHT,STOP SIGN,NONE DETECTED,No,NO APPARENT INJURY,NOT DISTRACTED,MD,PASSENGER CAR,25,2009,TOYOTA,COROLLA
MCP13690006,16055971,Montgomery County Police,Property Damage Crash,10/30/2016 09:08:00 PM,Maryland (State),GREAT SENECA HWY,CLOPPER RD,SAME DIR REAR END,CLOUDY,WET,DARK LIGHTS ON,TRAFFIC SIGNAL,NONE DETECTED,Yes,NO APPARENT INJURY,NOT DISTRACTED,MD,PASSENGER CAR,50,2016,FORD,FOCUS
MCP9437000G,16016716,Montgomery County Police,Property Damage Crash,04-06-16 4:00,County,WATKINS RD,WILDCAT RD,SINGLE VEHICLE,CLEAR,DRY,DARK LIGHTS ON,,,No,NO APPARENT INJURY,NOT DISTRACTED,MD,POLICE VEHICLE/NON EMERGENCY,30,2012,DODGE,CHARGER
MCP102200GQ,230014007,Montgomery County Police,Injury Crash,03/23/2023 07:50:00 AM,Maryland (State),CONNECTICUT AVE,WASHINGTON ST,SAME DIRECTION SIDESWIPE,CLOUDY,DRY,DAYLIGHT,NO CONTROLS,NONE DETECTED,Yes,NO APPARENT INJURY,NOT DISTRACTED,MD,PASSENGER CAR,35,2017,HYUN,S0NATA
MCP31340046,230016953,Montgomery County Police,Injury Crash,04-07-23 20:30,County,TECH RD,BROADBIRCH DR,OTHER,CLEAR,DRY,DARK -- UNKNOWN LIGHTING,STOP SIGN,UNKNOWN,No,NO APPARENT INJURY,LOOKED BUT DID NOT SEE,,PASSENGER CAR,25,2012,AUDI,A4
MCP25650048,170508164,Montgomery County Police,Injury Crash,05/16/2017 07:13:00 PM,Maryland (State),CONNECTICUT AVE,PROSPECT ST,SAME DIRECTION SIDESWIPE,CLEAR,DRY,DAYLIGHT,NO CONTROLS,NONE DETECTED,Yes,NO APPARENT INJURY,LOOKED BUT DID NOT SEE,MD,PASSENGER CAR,35,2005,TOYOTA,CAMRY
MCP2791002S,16049199,Montgomery County Police,Injury Crash,09/24/2016 06:33:00 PM,Maryland (State),OLD COLUMBIA PIKE,OLD COLUMBIA PIKE,OTHER,CLEAR,DRY,DAYLIGHT,NO CONTROLS,NONE DETECTED,Yes,NO APPARENT INJURY,NOT DISTRACTED,MD,(SPORT) UTILITY VEHICLE,40,2005,TOYT,HIGHLANDER
MCP22090026,190050404,Montgomery County Police,Property Damage Crash,10/20/2019 11:26:00 PM,County,SEVEN LOCKS RD,RIVER RD,SINGLE VEHICLE,,WET,DARK LIGHTS ON,TRAFFIC SIGNAL,NONE DETECTED,Yes,NO APPARENT INJURY,NOT DISTRACTED,MD,AMBULANCE/NON EMERGENCY,35,2017,RAM,TK
MCP28200016,15028311,MONTGOMERY,Injury Crash,06-11-15 8:08,Maryland (State),GEORGIA AVE,ROSSMOOR BLVD,SAME DIR REAR END,CLEAR,DRY,DAYLIGHT,NO CONTROLS,NONE DETECTED,Yes,NO APPARENT INJURY,UNKNOWN,MD,PASSENGER CAR,40,2006,HYUN,AZERA
MCP29210035,190031734,Montgomery County Police,Injury Crash,07-03-19 15:59,Maryland (State),FREDERICK RD,ENT TO MILESTONE SHOPPING CENTER,HEAD ON LEFT TURN,CLEAR,DRY,DAYLIGHT,TRAFFIC SIGNAL,,No,NO APPARENT INJURY,NOT DISTRACTED,MD,PASSENGER CAR,40,2019,FORD,TK
MCP2989002G,230057103,Montgomery County Police,Injury Crash,09/27/2023 10:41:00 AM,County,E GUDE DR,DOVER RD,SAME DIR REAR END,CLEAR,DRY,DAYLIGHT,TRAFFIC SIGNAL,NONE DETECTED,Yes,NO APPARENT INJURY,NOT DISTRACTED,MD,"MEDIUM/HEAVY TRUCKS 3 AXLES (OVER 10,000LBS (4,536KG))",35,2007,KENWORTH,TRUCK
MCP2976003X,200045927,Montgomery County Police,Property Damage Crash,11/20/2020 08:33:00 PM,Maryland (State),FREDERICK RD,ODENDHAL AVE,ANGLE MEETS LEFT HEAD ON,CLEAR,DRY,DARK LIGHTS ON,TRAFFIC SIGNAL,NONE DETECTED,No,NO APPARENT INJURY,NOT DISTRACTED,MD,PASSENGER CAR,35,1999,SATURN,SATURN
MCP3233000R,200020418,Montgomery County Police,Injury Crash,05/22/2020 11:05:00 AM,Maryland (State),GEORGIA AVE,LOCUST GROVE RD,SAME DIR REAR END,RAINING,WET,DAYLIGHT,TRAFFIC SIGNAL,NONE DETECTED,Yes,NO APPARENT INJURY,INATTENTIVE OR LOST IN THOUGHT,MD,PASSENGER CAR,40,2015,TOYOTA,RAVA4
MCP2464001S,200009661,Montgomery County Police,Property Damage Crash,02/26/2020 10:38:00 PM,Maryland (State),GEORGIA AVE,16TH ST,SAME DIRECTION SIDESWIPE,RAINING,WET,DARK LIGHTS ON,TRAFFIC SIGNAL,NONE DETECTED,Yes,NO APPARENT INJURY,UNKNOWN,MD,PASSENGER CAR,25,2017,TOYOTA,RAV4
MCP9386003J,16045724,Montgomery County Police,Injury Crash,09-07-16 9:19,Interstate (State),CAPITAL BELTWAY,CONNECTICUT AVE,SAME DIR REAR END,CLEAR,DRY,DAYLIGHT,NO CONTROLS,NONE DETECTED,No,POSSIBLE INJURY,NOT DISTRACTED,MD,(SPORT) UTILITY VEHICLE,55,2012,AUDI,Q5
DM85150007,230060760,Takoma Park Police Depart,Property Damage Crash,10/15/2023 10:06:00 PM,,8300 FLOWER AVE,700 WABASH AVE,SAME DIR REAR END,CLEAR,DRY,DARK LIGHTS ON,NO CONTROLS,,No,NO APPARENT INJURY,NOT DISTRACTED,NC,(SPORT) UTILITY VEHICLE,25,2020,CHEV,EQX
MCP2031000K,15030293,Montgomery County Police,Injury Crash,06/21/2015 02:25:00 PM,Maryland (State),LAYTONSVILLE RD,HIPSLEY MILL RD,HEAD ON LEFT TURN,CLEAR,DRY,DAYLIGHT,NO CONTROLS,NONE DETECTED,Yes,NO APPARENT INJURY,NOT DISTRACTED,MD,"OTHER LIGHT TRUCKS (10,000LBS (4,536KG) OR LESS)",50,2002,FORD,2S
MCP2187001N,230058429,Montgomery County Police,Property Damage Crash,10-04-23 8:11,Maryland (State),DARNESTOWN RD,TREWORTHY RD,SINGLE VEHICLE,CLEAR,DRY,DAYLIGHT,NO CONTROLS,NONE DETECTED,Yes,NO APPARENT INJURY,OTHER DISTRACTION,MD,PASSENGER CAR,45,2017,CHEVY,BOLT
MCP2995007C,210001105,Montgomery County Police,Injury Crash,01-09-21 15:02,County,NORBECK RD,HANNANS WAY,OTHER,CLEAR,DRY,DAYLIGHT,NO CONTROLS,NONE DETECTED,Yes,POSSIBLE INJURY,NOT DISTRACTED,MD,PASSENGER CAR,35,2007,HONDA,CIVIC
MCP31620069,250043454,MONTGOMERY,Property Damage Crash,09/27/2025 08:45:00 AM,Maryland (State) Route,UNIVERSITY BLVD E (WB/L),INDIAN SPRING DR,Angle,Cloudy,Dry,Daylight,No Controls,"Not Suspect of Alcohol Use, Not Suspect of Drug Use",Yes,No Apparent Injury,Not Distracted,MD,Passenger Car,30,2017,HONDA,CIVIC
MCP115100DN,240010455,MONTGOMERY,Property Damage Crash,03-04-24 8:59,Maryland (State) Route,MONTGOMERY VILLAGE AVE,,Front to Rear,Clear,Dry,Daylight,No Controls,"Not Suspect of Alcohol Use, Not Suspect of Drug Use",Yes,No Apparent Injury,,MD,Passenger Car,30,2020,HONDA,ODYSSEY
DD5651006M,250046138,ROCKVILLE,Injury Crash,10/14/2025 10:00:00 AM,Municipality Route,W GUDE DR,W MONTGOMERY AVE (WB/L),Angle,Clear,Dry,Daylight,Traffic Control Signal,"Not Suspect of Alcohol Use, Not Suspect of Drug Use",No,Suspected Minor Injury,Not Distracted,MD,Passenger Car,25,2005,LEXUS,ES
MCP91330018,17007068,Montgomery County Police,Property Damage Crash,02-09-17 10:59,Maryland (State),GERMANTOWN RD,SENECA MEADOWS PKWY,HEAD ON LEFT TURN,CLOUDY,DRY,DAYLIGHT,TRAFFIC SIGNAL,NONE DETECTED,Unknown,NO APPARENT INJURY,UNKNOWN,MD,PASSENGER CAR,40,2013,HYUN,4S
MCP2466002P,180055074,Montgomery County Police,Injury Crash,11-02-18 20:35,County,RANDOLPH RD,GLENALLAN AVE,STRAIGHT MOVEMENT ANGLE,RAINING,WET,DARK LIGHTS ON,TRAFFIC SIGNAL,NONE DETECTED,No,NO APPARENT INJURY,NOT DISTRACTED,MD,PASSENGER CAR,35,2014,VOLK,PASSAT
MCP3170001N,200042009,Montgomery County Police,Property Damage Crash,10/24/2020 06:38:00 PM,,,,HEAD ON LEFT TURN,CLEAR,,DARK LIGHTS ON,STOP SIGN,,Yes,NO APPARENT INJURY,LOOKED BUT DID NOT SEE,,,30,0,UNKNOWN,UNKNOWN
MCP137800C1,16045558,Montgomery County Police,Injury Crash,09-06-16 14:21,County,SHADY GROVE RD,RAMP 11 FR SHADY GROVE RD SB TO RAMP 4,SAME DIR REAR END,CLEAR,DRY,DAYLIGHT,TRAFFIC SIGNAL,NONE DETECTED,No,POSSIBLE INJURY,NOT DISTRACTED,MD,PASSENGER CAR,45,2013,TOYOTA,COROLLA
EJ7857001G,170523965,Gaithersburg Police Depar,Injury Crash,08-09-17 19:08,,,,OTHER,CLEAR,,DAYLIGHT,,NONE DETECTED,No,NO APPARENT INJURY,NOT DISTRACTED,MD,PASSENGER CAR,0,2008,TOYT,4S
EJ78750023,210030643,Gaithersburg Police Depar,Property Damage Crash,08-07-21 3:07,Maryland (State),FREDERICK RD,WATKINS MILL RD,SINGLE VEHICLE,CLEAR,DRY,DARK LIGHTS ON,FLASHING TRAFFIC SIGNAL,ALCOHOL PRESENT,Yes,NO APPARENT INJURY,UNKNOWN,DC,PASSENGER CAR,40,2017,BMW,340I
MCP2923008V,220057650,Montgomery County Police,Injury Crash,01-04-23 7:59,County,FERRARA DR,INDIGO RD,OTHER,CLEAR,DRY,DAYLIGHT,STOP SIGN,NONE DETECTED,Yes,NO APPARENT INJURY,UNKNOWN,MD,PASSENGER CAR,25,2010,TOYOTA,2S
MCP22120041,190029857,Montgomery County Police,Injury Crash,06/22/2019 02:18:00 PM,County,E RANDOLPH RD,APPLEBY DR,SAME DIRECTION RIGHT TURN,CLEAR,DRY,DAYLIGHT,NO CONTROLS,UNKNOWN,Yes,POSSIBLE INJURY,NOT DISTRACTED,MD,PASSENGER CAR,35,1997,SATURN,4D
MCP2870000X,15035587,MONTGOMERY,Property Damage Crash,07/19/2015 03:48:00 PM,Interstate (State),CAPITAL BELTWAY,NEW HAMPSHIRE AVE,SAME DIRECTION SIDESWIPE,CLEAR,DRY,DAYLIGHT,,,Unknown,NO APPARENT INJURY,NOT DISTRACTED,MD,PASSENGER CAR,40,2010,HYUN,SONATA
MCP3114000X,180049748,Montgomery County Police,Property Damage Crash,10-05-18 3:49,Maryland (State),SANDY SPRING RD,RIDING STABLE RD,SINGLE VEHICLE,CLEAR,WET,DARK LIGHTS ON,,ALCOHOL PRESENT,Yes,NO APPARENT INJURY,LOOKED BUT DID NOT SEE,GA,PASSENGER CAR,45,2018,KIA,FORTE
DD5574000C,15063185,ROCKVILLE,Injury Crash,12-10-15 18:35,Municipality,N WASHINGTON ST,BEALL AVE #2,SAME DIRECTION RIGHT TURN,,DRY,DARK LIGHTS ON,TRAFFIC SIGNAL,,No,NO APPARENT INJURY,NOT DISTRACTED,MD,OTHER BUS,25,2008,GILLIE,BUS
MCP0899003X,190018872,Montgomery County Police,Property Damage Crash,04/20/2019 01:45:00 PM,Maryland (State),WILSON LA,ST ELMO AVE,OTHER,CLOUDY,DRY,DAYLIGHT,NO CONTROLS,UNKNOWN,Yes,NO APPARENT INJURY,LOOKED BUT DID NOT SEE,MD,PASSENGER CAR,25,2006,TOYOTA,CAMRY
MCP30680018,180031506,Montgomery County Police,Property Damage Crash,06/26/2018 07:03:00 PM,County,MACARTHUR BLVD,OXFORD RD,HEAD ON LEFT TURN,CLEAR,DRY,DAYLIGHT,NO CONTROLS,,No,NO APPARENT INJURY,NOT DISTRACTED,MD,PASSENGER CAR,30,2015,HONDA,FIT
MCP2674002K,210047837,Montgomery County Police,Injury Crash,11/24/2021 05:25:00 PM,County,SHAKESPEARE BLVD,AMBER RIDGE DR,HEAD ON LEFT TURN,CLEAR,DRY,DARK LIGHTS ON,STOP SIGN,NONE DETECTED,No,NO APPARENT INJURY,NOT DISTRACTED,MD,(SPORT) UTILITY VEHICLE,25,2018,TOYT,TK
MCP320000CR,240033545,MONTGOMERY,Property Damage Crash,07/16/2024 11:30:00 AM,,,,Other,Clear,,Daylight,,"Not Suspect of Alcohol Use, Not Suspect of Drug Use",No,No Apparent Injury,Not Distracted,MD,Passenger Car,0,2018,HONDA,ACCORD
DD5633002C,190050755,Rockville Police Departme,Property Damage Crash,10/20/2019 09:35:00 PM,,,,OTHER,UNKNOWN,,DARK LIGHTS ON,,UNKNOWN,Yes,NO APPARENT INJURY,UNKNOWN,XX,PASSENGER CAR,5,2006,HONDA,PILOT
MCP1417003P,15035848,MONTGOMERY,Injury Crash,07/21/2015 09:23:00 AM,Municipality,WATKINS MILL RD,TRAVIS AVE,HEAD ON,CLEAR,DRY,DAYLIGHT,NO CONTROLS,NONE DETECTED,No,SUSPECTED MINOR INJURY,NOT DISTRACTED,MD,PASSENGER CAR,30,2010,VOLKSWAGON,JETTA
MCP3198001Y,200031721,Montgomery County Police,Property Damage Crash,08/14/2020 02:58:00 PM,Maryland (State),VEIRS MILL RD,UNIVERSITY BLVD W,SAME DIR REAR END,CLEAR,DRY,DAYLIGHT,,NONE DETECTED,Yes,NO APPARENT INJURY,OTHER DISTRACTION,DC,PASSENGER CAR,25,2003,HONDA,ACCORD
EJ7781002Z,210019181,Gaithersburg Police Depar,Property Damage Crash,05/21/2021 11:00:00 AM,,,,OTHER,CLEAR,,DAYLIGHT,NO CONTROLS,NONE DETECTED,No,NO APPARENT INJURY,NOT DISTRACTED,MD,PASSENGER CAR,15,2001,HONDA,ACCORD
MCP28010025,170545273,Montgomery County Police,Property Damage Crash,11/27/2017 10:28:00 AM,US (State),COLESVILLE RD,SPRING ST,SAME DIR REAR END,CLEAR,DRY,DARK LIGHTS ON,TRAFFIC SIGNAL,,No,NO APPARENT INJURY,NOT DISTRACTED,DC,PASSENGER CAR,25,2016,MERZ,PCP
MCP11940011,15035594,MONTGOMERY,Injury Crash,07/19/2015 04:09:00 PM,Government,CLARA BARTON PKWY,MACARTHUR BLVD,HEAD ON LEFT TURN,CLEAR,DRY,DAYLIGHT,STOP SIGN,NONE DETECTED,Yes,NO APPARENT INJURY,LOOKED BUT DID NOT SEE,MD,(SPORT) UTILITY VEHICLE,30,2015,HONDA,CRV