Report Number,Local Case Number,Agency Name,ACRS Report Type,Crash Date/Time,Route Type,Road Name,Cross-Street Name,Collision Type,Weather,Surface Condition,Light,Traffic Control,Driver Substance Abuse,Driver At Fault,Injury Severity,Driver Distracted By,Drivers License State,Vehicle Body Type,Speed Limit,Vehicle Year,Vehicle Make,Vehicle Model
MCP296900BH,210046633,Montgomery County Police,Property Damage Crash,11/17/2021 11:15:00 AM,County,ASPEN HILL RD,GLASGOW DR,STRAIGHT MOVEMENT ANGLE,CLEAR,DRY,DAYLIGHT,STOP SIGN,NONE DETECTED,Yes,NO APPARENT INJURY,LOOKED BUT DID NOT SEE,MD,PASSENGER CAR,30,2004,TOYOTA,CAMRY
MCP3163000Y,180055181,Montgomery County Police,Property Damage Crash,11-03-18 14:52,Maryland (State),CONNECTICUT AVE,DUNLOP ST,SAME DIR REAR END,,DRY,DAYLIGHT,TRAFFIC SIGNAL,NONE DETECTED,No,NO APPARENT INJURY,NOT DISTRACTED,MD,PASSENGER CAR,35,2001,HONDA,ACCORD
MCP229800WB,210009171,Montgomery County Police,Injury Crash,03-11-21 14:55,County,FATHER HURLEY BLVD,RAMP 6 FR FATHER HURLEY BLVD TO IS270 SB,SAME DIR REAR END,CLEAR,DRY,DAYLIGHT,TRAFFIC SIGNAL,NONE DETECTED,No,NO APPARENT INJURY,NOT DISTRACTED,MD,PASSENGER CAR,45,2012,BUICK,REGAL
DM85260006,250044178,TAKOMA,Property Damage Crash,10-02-25 14:41,Maryland (State) Route,UNIVERSITY BLVD,,Front to Rear,Clear,Dry,Daylight,No Controls,"Not Suspect of Alcohol Use, Not Suspect of Drug Use",No,No Apparent Injury,Not Distracted,MD,Other,15,2016,INTERNATIONAL,MA025
MCP304800CY,240044855,MONTGOMERY,Property Damage Crash,09/20/2024 11:45:00 AM,Municipality Route,DETRICK AVE,,"Sideswipe, Same Direction",Clear,Dry,Daylight,No Controls,"Not Suspect of Alcohol Use, Not Suspect of Drug Use",No,No Apparent Injury,Unknown,MD,Passenger Car,5,2024,JEEP,GRAND CHEROKEE
MCP211600CV,210004438,Montgomery County Police,Property Damage Crash,02-04-21 9:02,County,GLEN RD,S GLEN RD,SINGLE VEHICLE,CLEAR,DRY,DAYLIGHT,,NONE DETECTED,Yes,NO APPARENT INJURY,NOT DISTRACTED,OH,TRUCK TRACTOR,25,2017,VOLVO,TK
MCP3143003V,220054386,Montgomery County Police,Property Damage Crash,12-09-22 6:00,Interstate (State),CAPITAL BELTWAY,STRUC #15110,SAME DIRECTION SIDESWIPE,CLEAR,DRY,DARK NO LIGHTS,NO CONTROLS,NONE DETECTED,Yes,NO APPARENT INJURY,DISTRACTED BY OUTSIDE PERSON OBJECT OR EVENT,VA,PASSENGER CAR,55,2022,CHEVY,COLORADO
DD56160015,16038227,Rockville Police Departme,Property Damage Crash,07/28/2016 05:01:00 PM,Municipality,WOOTTON PKWY,SEVEN LOCKS RD,STRAIGHT MOVEMENT ANGLE,RAINING,WET,DAYLIGHT,FLASHING TRAFFIC SIGNAL,NONE DETECTED,No,NO APPARENT INJURY,NOT DISTRACTED,MD,PASSENGER CAR,40,2016,LAND ROVER,DISCOVERY
MCP115100CP,220020141,Montgomery County Police,Property Damage Crash,05-12-22 7:50,Maryland (State),MIDCOUNTY HWY,GOSHEN RD,SAME DIR REAR END,CLOUDY,DRY,DAYLIGHT,,NONE DETECTED,No,NO APPARENT INJURY,NOT DISTRACTED,MD,PASSENGER CAR,50,2007,INFI,G35
MCP2974005K,250018884,MONTGOMERY,Property Damage Crash,04/30/2025 07:35:00 AM,County Route,OLD COLUMBIA PIKE,OLD BRIGGS CHANEY RD,Other,Clear,Dry,Daylight,No Controls,"Not Suspect of Alcohol Use, Not Suspect of Drug Use",No,No Apparent Injury,Unknown,,Passenger Car,35,2010,SUBARU,OUTBACK
MCP3160000N,180049091,Montgomery County Police,Property Damage Crash,10-03-18 18:28,Maryland (State),ROCKVILLE PIKE,GROSVENOR LA,SAME DIR REAR END,CLEAR,DRY,DAYLIGHT,TRAFFIC SIGNAL,NONE DETECTED,Yes,NO APPARENT INJURY,INATTENTIVE OR LOST IN THOUGHT,MD,PASSENGER CAR,35,2013,NISSAN,MURANO
MCP2082001G,180062585,Montgomery County Police,Injury Crash,12/16/2018 10:04:00 PM,County,RANDOLPH RD,GLENMONT CIR #1,OTHER,RAINING,WET,DARK LIGHTS ON,TRAFFIC SIGNAL,NONE DETECTED,Yes,NO APPARENT INJURY,NOT DISTRACTED,MD,PASSENGER CAR,35,2001,TOYOTA,TUNDRA
MCP2351004C,220002488,Montgomery County Police,Property Damage Crash,01/20/2022 09:42:00 AM,Maryland (State),ROCKVILLE PIKE,BOU AVE,SINGLE VEHICLE,RAINING,WET,DAYLIGHT,TRAFFIC SIGNAL,NONE DETECTED,Yes,NO APPARENT INJURY,NOT DISTRACTED,MD,UNKNOWN,35,2016,PTRB,TK
MCP3005002C,170514510,Montgomery County Police,Property Damage Crash,06/19/2017 11:28:00 AM,Maryland (State),GEORGIA AVE,REEDIE DR,SAME DIR REAR END,CLEAR,DRY,DAYLIGHT,TRAFFIC SIGNAL,NONE DETECTED,Yes,NO APPARENT INJURY,NOT DISTRACTED,MD,"CARGO VAN/LIGHT TRUCK 2 AXLES (OVER 10,000LBS (4,536 KG))",35,2009,FORD,VN
HA25000004,22001650,Maryland-National Capital,Injury Crash,09/19/2022 04:30:00 PM,,LITTLE FALLS PARKWAY,RIVER RD,OTHER,CLEAR,DRY,DAYLIGHT,,,Unknown,NO APPARENT INJURY,NOT DISTRACTED,VA,PASSENGER CAR,25,2007,TOYOTA,HIGHLANDER
MCP2475002Y,180033216,Montgomery County Police,Injury Crash,07-05-18 19:45,US (State),COLESVILLE RD,UNIVERSITY BLVD E,SAME DIR REAR END,,,DAYLIGHT,TRAFFIC SIGNAL,NONE DETECTED,Yes,NO APPARENT INJURY,NOT DISTRACTED,MD,PASSENGER CAR,40,2003,TOYT,4S
EJ7870005W,220046364,Gaithersburg Police Depar,Injury Crash,10/22/2022 12:38:00 PM,Maryland (State),FREDERICK RD,TRAVIS AVE,SINGLE VEHICLE,CLEAR,DRY,DAYLIGHT,STOP SIGN,UNKNOWN,Yes,NO APPARENT INJURY,UNKNOWN,AR,PASSENGER CAR,15,2021,TOYOTA,SIENNA
DD5590001S,18000086,Rockville Police Departme,Injury Crash,01-01-18 15:31,County,MONTROSE RD,TILDENWOOD DR,SAME DIRECTION SIDESWIPE,CLEAR,DRY,DAYLIGHT,TRAFFIC SIGNAL,NONE DETECTED,Yes,POSSIBLE INJURY,NOT DISTRACTED,MD,"OTHER LIGHT TRUCKS (10,000LBS (4,536KG) OR LESS)",45,2012,NISSAN,TITAN
MCP2765003Q,17010401,Montgomery County Police,Property Damage Crash,03/22/2017 06:43:00 PM,,,,OTHER,CLEAR,,DAYLIGHT,,NONE DETECTED,Yes,NO APPARENT INJURY,UNKNOWN,MD,PASSENGER CAR,10,2006,NISS,ALTIMA
MCP3348001Y,230072889,Montgomery County Police,Property Damage Crash,12/21/2023 08:02:00 AM,Maryland (State),VEIRS MILL RD,GAYNOR RD,SAME DIR REAR END,CLEAR,DRY,DAYLIGHT,,NONE DETECTED,No,NO APPARENT INJURY,NOT DISTRACTED,MD,PASSENGER CAR,35,2017,TOYT,SD
MCP2094006N,16035867,Montgomery County Police,Property Damage Crash,07/15/2016 12:57:00 PM,Interstate (State),EISENHOWER MEMORIAL HWY,MONTROSE RD,SAME DIR REAR END,CLEAR,DRY,DAYLIGHT,NO CONTROLS,NONE DETECTED,No,NO APPARENT INJURY,NOT DISTRACTED,MD,PASSENGER CAR,55,2015,HOND,CRV
MCP1553001Y,180028022,Montgomery County Police,Property Damage Crash,06-07-18 8:10,Maryland (State),ROCKVILLE PIKE,OLD GEORGETOWN RD,SAME DIR REAR END,CLEAR,DRY,DAYLIGHT,TRAFFIC SIGNAL,ILLEGAL DRUG PRESENT,Yes,NO APPARENT INJURY,UNKNOWN,MD,(SPORT) UTILITY VEHICLE,40,2015,JEEP,GRAND CHEROKEE
MCP2782001Q,16041065,Montgomery County Police,Property Damage Crash,08/13/2016 09:35:00 AM,County,CONNECTICUT AVE,GEORGIA AVE,SAME DIRECTION SIDESWIPE,CLEAR,DRY,DAYLIGHT,TRAFFIC SIGNAL,NONE DETECTED,Yes,NO APPARENT INJURY,LOOKED BUT DID NOT SEE,MD,PASSENGER CAR,45,2015,FORD,CMAX
MCP3004003Z,210023374,Montgomery County Police,Injury Crash,06/18/2021 03:37:00 PM,County,CLUB DR,CONNECTICUT AVE,OTHER,CLEAR,DRY,DAYLIGHT,NO CONTROLS,NONE DETECTED,No,POSSIBLE INJURY,NOT DISTRACTED,MD,PASSENGER CAR,35,2006,TOYOTA,COROLLA
MCP3209003L,220048245,Montgomery County Police,Property Damage Crash,11-02-22 15:36,US (State),GEORGIA AVE,SLIGO AVE,SAME DIR REAR END,CLEAR,DRY,DAYLIGHT,TRAFFIC SIGNAL,NONE DETECTED,Yes,NO APPARENT INJURY,LOOKED BUT DID NOT SEE,MD,PASSENGER CAR,35,2016,TOYT,CAMRY
MCP30600031,210013349,Montgomery County Police,Injury Crash,04-10-21 0:37,Maryland (State),RIVER RD,WILSON LA,SAME DIR REAR END,CLEAR,DRY,DARK LIGHTS ON,TRAFFIC SIGNAL,,No,NO APPARENT INJURY,NOT DISTRACTED,MD,PASSENGER CAR,0,2018,JEEP,COMP
MCP2761004H,230049384,Montgomery County Police,Property Damage Crash,08/14/2023 12:32:00 PM,,,,OTHER,CLEAR,,DAYLIGHT,NO CONTROLS,,Yes,NO APPARENT INJURY,UNKNOWN,MD,PASSENGER CAR,10,2021,TOYT,COROLLA
MCP3446000P,250037966,MONTGOMERY,Property Damage Crash,08/25/2025 01:00:00 PM,County Route,SHERATON ST,GEORGIA AVE (SB/L) GLENMONT SHOPPING CTR CUT THRU CUT,"Sideswipe, Same Direction",Clear,Dry,Daylight,Traffic Control Signal,"Not Suspect of Alcohol Use, Not Suspect of Drug Use",Yes,No Apparent Injury,Not Distracted,MD,Passenger Car,35,2014,DODGE,CHARGER
MCP2671003W,240029158,MONTGOMERY,Property Damage Crash,06/19/2024 03:10:00 PM,US (State),GEORGIA AVE,SILVER SPRING AVE,Rear To Side,Clear,Dry,Daylight,Traffic Control Signal,"Not Suspect of Alcohol Use, Not Suspect of Drug Use",Yes,No Apparent Injury,Not Distracted,AL,Passenger Car,35,2012,NISSAN,SENTRA
MCP3119000W,180045004,Montgomery County Police,Property Damage Crash,09-09-18 11:11,County,EMORY GROVE RD,GINGERBREAD LA,SINGLE VEHICLE,RAINING,WET,DAYLIGHT,NO CONTROLS,NONE DETECTED,Yes,NO APPARENT INJURY,UNKNOWN,MD,PASSENGER CAR,35,2002,NISSAN,ALTIMA
MCP3030004Y,220037413,Montgomery County Police,Injury Crash,08/29/2022 05:20:00 PM,County,SEVEN LOCKS RD,TOMLINSON AVE,STRAIGHT MOVEMENT ANGLE,CLEAR,DRY,DAYLIGHT,STOP SIGN,,No,POSSIBLE INJURY,NOT DISTRACTED,MD,PASSENGER CAR,35,2015,TOYT,4S
MCP2720002K,16055862,Montgomery County Police,Injury Crash,10/30/2016 02:28:00 AM,Maryland (State),GEORGIA AVE,GREGG RD,SINGLE VEHICLE,CLEAR,DRY,DARK NO LIGHTS,NO CONTROLS,ALCOHOL PRESENT,Yes,POSSIBLE INJURY,OTHER DISTRACTION,MD,PASSENGER CAR,40,1995,HONDA,CIVIC
MCP33200049,250051033,MONTGOMERY,Property Damage Crash,11/13/2025 06:09:00 PM,US (State),COLESVILLE RD,NOYES DR,Other,Clear,Dry,Dark - Lighted,Lane Use Control Signal,"Not Suspect of Alcohol Use, Not Suspect of Drug Use",No,No Apparent Injury,Not Distracted,MD,Passenger Car,35,2016,FORD,FOCUS
MCP3319003C,250012779,MONTGOMERY,Property Damage Crash,03/24/2025 06:32:00 AM,Maryland (State) Route,GEORGIA AVE,,Front to Rear,Rain,Wet,Dark - Lighted,No Controls,"Not Suspect of Alcohol Use, Not Suspect of Drug Use",No,No Apparent Injury,Not Distracted,MD,Passenger Car,35,2006,HONDA,CIVIC
EJ7849000V,15019162,Gaithersburg Police Depar,Property Damage Crash,04/19/2015 12:45:00 PM,,,,SAME DIR REAR END,CLEAR,,DAYLIGHT,NO CONTROLS,,Yes,NO APPARENT INJURY,UNKNOWN,MD,PASSENGER CAR,10,1993,FORD,TRUCK
MCP9365000B,15067130,Montgomery County Police,Injury Crash,12/31/2015 02:12:00 PM,County,CHERRY HILL RD,BROADBIRCH DR,SAME DIRECTION SIDESWIPE,CLEAR,DRY,DAYLIGHT,TRAFFIC SIGNAL,,No,SUSPECTED MINOR INJURY,NOT DISTRACTED,MD,POLICE VEHICLE/EMERGENCY,40,2011,CHEVY,IMPALA
MCP2420000N,15005930,Montgomery County Police,Injury Crash,02-05-15 17:30,Maryland (State),GEORGIA AVE,SANDY SPRING VFD,SAME DIR REAR END,CLOUDY,DRY,DAYLIGHT,NO CONTROLS,NONE DETECTED,Yes,NO APPARENT INJURY,NOT DISTRACTED,MD,(SPORT) UTILITY VEHICLE,50,2012,TOYT,TK
MCP137800WL,210006400,Montgomery County Police,Property Damage Crash,02/18/2021 06:00:00 PM,Interstate (State),EISENHOWER MEMORIAL HWY,SPUR TO C/D LANE (NB/L),SINGLE VEHICLE,WINTRY MIX,SLUSH,DARK LIGHTS ON,NO CONTROLS,NONE DETECTED,Yes,NO APPARENT INJURY,NOT DISTRACTED,MD,VAN,55,2009,CHEV,EXPRESS
MCP3280004T,240009167,MONTGOMERY,Injury Crash,02/25/2024 06:20:00 AM,Maryland (State) Route,NEW HAMPSHIRE AVE (SB/L),LOCKWOOD DR (SB/L),Front to Rear,Clear,Dry,Daylight,Traffic Control Signal,"Not Suspect of Alcohol Use, Not Suspect of Drug Use",No,No Apparent Injury,Not Distracted,MD,Sport Utility Vehicle,40,2014,INFINITI,QX60
MCP209400PK,250034644,MONTGOMERY,Property Damage Crash,08-04-25 11:12,Maryland (State) Route,EAST WEST HWY,CONNECTICUT AVE,"Sideswipe, Same Direction",Clear,Dry,Daylight,Traffic Control Signal,"Not Suspect of Alcohol Use, Not Suspect of Drug Use",Yes,No Apparent Injury,Unknown,MD,Other Trucks,35,2021,CHEVROLET,EXPRESS
MCP32440006,200021550,Montgomery County Police,Injury Crash,05/28/2020 01:00:00 PM,Maryland (State),DARNESTOWN RD,QUINCE ORCHARD RD,SAME DIRECTION LEFT TURN,CLOUDY,DRY,DAYLIGHT,NO CONTROLS,NONE DETECTED,No,NO APPARENT INJURY,NOT DISTRACTED,MD,PASSENGER CAR,30,2017,CHEVORLET,SURBURBAN
MCP3009004R,220020154,Montgomery County Police,Injury Crash,05-12-22 9:20,Maryland (State),FREDERICK RD,SHAKESPEARE BLVD,STRAIGHT MOVEMENT ANGLE,CLOUDY,DRY,DAYLIGHT,TRAFFIC SIGNAL,,Yes,NO APPARENT INJURY,NOT DISTRACTED,MD,(SPORT) UTILITY VEHICLE,45,2020,ACURA,MDX
MCP2512002X,170517009,Montgomery County Police,Property Damage Crash,07-02-17 18:39,,,,SAME DIR REAR END,CLEAR,,DAYLIGHT,STOP SIGN,UNKNOWN,Yes,NO APPARENT INJURY,UNKNOWN,MD,PASSENGER CAR,0,2001,HONDA,CIVIC
MCP1438003P,16061273,Montgomery County Police,Property Damage Crash,11/29/2016 04:55:00 PM,County,AIRPARK RD,STRATOS LA,SINGLE VEHICLE,RAINING,WET,DUSK,,NONE DETECTED,Yes,NO APPARENT INJURY,NOT DISTRACTED,MD,PASSENGER CAR,35,2008,NISS,4S
MCP2738002Y,180054650,Montgomery County Police,Injury Crash,10/31/2018 06:49:00 PM,US (State),COLUMBIA PIKE,GREENCASTLE RD,SAME DIR REAR END,CLEAR,DRY,DARK LIGHTS ON,NO CONTROLS,,No,NO APPARENT INJURY,NOT DISTRACTED,VA,PASSENGER CAR,55,2015,BMW,M4
MCP24370027,17008123,Montgomery County Police,Property Damage Crash,02/14/2017 07:55:00 PM,County,RANDOLPH RD,CHARLES RD,SAME DIRECTION SIDESWIPE,CLEAR,DRY,DARK NO LIGHTS,NO CONTROLS,NONE DETECTED,Unknown,NO APPARENT INJURY,UNKNOWN,VA,TRANSIT BUS,35,2013,NEW FLYER,BUS
MCP2760003Z,230050746,Montgomery County Police,Property Damage Crash,08/22/2023 05:20:00 PM,Maryland (State),MONTGOMERY VILLAGE AVE,SPUR FR MD 124 TO MD 124,SAME DIR REAR END,CLEAR,DRY,DAYLIGHT,NO CONTROLS,,No,NO APPARENT INJURY,NOT DISTRACTED,NC,PASSENGER CAR,35,2018,TOYOTA,CAMRY
DM8494000W,210018037,Takoma Park Police Depart,Injury Crash,05/13/2021 04:54:00 PM,Maryland (State),ETHAN ALLEN AVE,ELM AVE,STRAIGHT MOVEMENT ANGLE,CLEAR,DRY,DAYLIGHT,STOP SIGN,,No,POSSIBLE INJURY,NOT DISTRACTED,MD,PASSENGER CAR,25,2017,HONDA,HR-V
DD56050057,180011628,Rockville Police Departme,Injury Crash,03-07-18 18:50,Municipality,W EDMONSTON DR,WOOTTON PKWY,SAME DIR REAR END,RAINING,WET,DARK -- UNKNOWN LIGHTING,TRAFFIC SIGNAL,UNKNOWN,Yes,NO APPARENT INJURY,UNKNOWN,MD,PASSENGER CAR,25,2015,HOND,4S
MCP30040013,16062484,Montgomery County Police,Injury Crash,12-05-16 17:27,Maryland (State),MASSACHUSETTS AVE,WESTBARD AVE,OTHER,CLEAR,DRY,DARK LIGHTS ON,TRAFFIC SIGNAL,NONE DETECTED,Yes,NO APPARENT INJURY,INATTENTIVE OR LOST IN THOUGHT,MD,PASSENGER CAR,35,2008,DODG,RAM2500
EJ7886000D,210007807,Gaithersburg Police Depar,Property Damage Crash,03-01-21 20:42,Municipality,CHESTNUT ST,W DIAMOND AVE,SAME DIR REAR END,CLEAR,DRY,DARK LIGHTS ON,TRAFFIC SIGNAL,UNKNOWN,Yes,NO APPARENT INJURY,UNKNOWN,MD,PASSENGER CAR,25,2015,CHEVROLET,TK
MCP9106002C,210007977,Montgomery County Police,Property Damage Crash,03-03-21 8:47,Maryland (State),OLD HUNDRED RD,THURSTON RD,SINGLE VEHICLE,CLEAR,ICE,DAYLIGHT,,NONE DETECTED,Yes,NO APPARENT INJURY,NOT DISTRACTED,MD,PASSENGER CAR,40,2014,TOYOTA,COROLLA
DD56010058,200029654,Rockville Police Departme,Property Damage Crash,07/31/2020 01:20:00 AM,Maryland (State),FREDERICK RD,REDLAND RD,STRAIGHT MOVEMENT ANGLE,RAINING,WET,DARK LIGHTS ON,TRAFFIC SIGNAL,,Yes,NO APPARENT INJURY,UNKNOWN,MD,PASSENGER CAR,40,2007,HONDA,4S
MCP14170048,15061904,MONTGOMERY,Injury Crash,12-04-15 9:03,County,MUDDY BRANCH RD,W DIAMOND AVE,HEAD ON LEFT TURN,CLEAR,DRY,DAYLIGHT,TRAFFIC SIGNAL,NONE DETECTED,No,NO APPARENT INJURY,NOT DISTRACTED,MD,PASSENGER CAR,35,2010,NISSAN,SENTRA
MCP2656001W,170514759,Montgomery County Police,Property Damage Crash,06/20/2017 03:36:00 PM,County,VENICE DR,BUCKLEY DR,HEAD ON,CLEAR,DRY,DAYLIGHT,,,No,NO APPARENT INJURY,NOT DISTRACTED,MD,PICKUP TRUCK,25,2003,CHEVROLET,PICK UP
MCP3165004C,230003200,Montgomery County Police,Property Damage Crash,01/20/2023 08:50:00 AM,County,BRADFORD RD,E SCHUYLER RD,OTHER,,DRY,DAYLIGHT,NO CONTROLS,NONE DETECTED,Yes,NO APPARENT INJURY,NOT DISTRACTED,MD,SCHOOL BUS,25,2018,THOMAS,BUS
EJ78370036,180056357,Gaithersburg Police Depar,Property Damage Crash,11-09-18 18:20,County,SHADY GROVE RD,RAMP 3 FR SHADY GROVE RD EB TO IS 270 NB,STRAIGHT MOVEMENT ANGLE,RAINING,WET,DARK LIGHTS ON,TRAFFIC SIGNAL,,Yes,NO APPARENT INJURY,NOT DISTRACTED,MD,POLICE VEHICLE/EMERGENCY,40,2006,HONDA,CIVIC
MCP2893002M,16067192,Montgomery County Police,Property Damage Crash,12/30/2016 05:41:00 PM,Maryland (State),RIDGE RD,SNOWDEN FARM PKWY (PROP),SAME DIR REAR END,CLEAR,DRY,DARK LIGHTS ON,NO CONTROLS,NONE DETECTED,Yes,NO APPARENT INJURY,LOOKED BUT DID NOT SEE,MD,PASSENGER CAR,40,2013,VOLV,CN
MCP3201000Q,190054666,Montgomery County Police,Injury Crash,11/13/2019 08:43:00 AM,County,CRYSTAL ROCK DR,CLOVERLEAF CENTER DR,STRAIGHT MOVEMENT ANGLE,,DRY,DAYLIGHT,NO CONTROLS,,Yes,NO APPARENT INJURY,LOOKED BUT DID NOT SEE,MD,PASSENGER CAR,40,2007,TOYOTA,RAV 4
MCP28140012,15048366,MONTGOMERY,Injury Crash,09/24/2015 05:33:00 AM,County,SAM EIG HWY,DIAMONDBACK DR,SAME DIR REAR END,CLEAR,DRY,DAWN,TRAFFIC SIGNAL,,No,SUSPECTED MINOR INJURY,NOT DISTRACTED,MD,POLICE VEHICLE/EMERGENCY,50,2009,CHEVEROLET,IMPALA
MCP31220038,200024258,Montgomery County Police,Property Damage Crash,06/21/2020 10:45:00 AM,Maryland (State),GEORGIA AVE,ENT TO BUSINESS,OTHER,CLEAR,DRY,DAYLIGHT,NO CONTROLS,NONE DETECTED,No,NO APPARENT INJURY,NOT DISTRACTED,MD,PASSENGER CAR,35,2014,TOYOTA,COROLLA
MCP32550025,210030570,Montgomery County Police,Property Damage Crash,08-06-21 15:30,Maryland (State),MUNCASTER MILL RD,IVY OAK DR,SAME DIR REAR END,CLEAR,DRY,DAYLIGHT,NO CONTROLS,,No,NO APPARENT INJURY,NOT DISTRACTED,MD,PASSENGER CAR,35,2011,HYUNDAI,SONATA
EJ7906000Q,240014391,GAITHERSBURG,Property Damage Crash,03/27/2024 04:00:00 AM,Municipality Route,S WESTLAND DR,S WESTLAND DR,Other,Clear,Dry,Dark - Lighted,Traffic Control Signal,"Not Suspect of Alcohol Use, Not Suspect of Drug Use",No,No Apparent Injury,Not Distracted,,Passenger Car,35,2008,GMC,CANYON
MCP1064006G,170532114,Montgomery County Police,Injury Crash,09/22/2017 08:48:00 AM,County,OLD COLUMBIA PIKE,PERRYWOOD DR,OTHER,CLOUDY,DRY,DAYLIGHT,,,No,NO APPARENT INJURY,NOT DISTRACTED,MD,TRANSIT BUS,35,2011,NEW FLYER,BUS
HA24430003,25002171,MCPARK,Property Damage Crash,10-08-25 7:05,Maryland (State) Route,FREDERICK RD,,Front to Rear,Rain,Wet,Dawn,Traffic Control Signal,"Not Suspect of Alcohol Use, Not Suspect of Drug Use",No,No Apparent Injury,Not Distracted,WV,Sport Utility Vehicle,40,2018,CHEVROLET,TAHOE
MCP2720006F,210044749,Montgomery County Police,Property Damage Crash,11-04-21 21:36,Maryland (State),NORBECK RD,MUNCASTER MILL RD,ANGLE MEETS LEFT HEAD ON,CLEAR,DRY,DARK LIGHTS ON,TRAFFIC SIGNAL,NONE DETECTED,No,NO APPARENT INJURY,NOT DISTRACTED,MD,(SPORT) UTILITY VEHICLE,40,2017,JEEP,COMPASS
MCP263900CC,210022814,Montgomery County Police,Injury Crash,06/15/2021 07:19:00 AM,Maryland (State),UNIVERSITY BLVD W,GRANDVIEW AVE,SAME DIR REAR END,CLEAR,DRY,DAYLIGHT,TRAFFIC SIGNAL,NONE DETECTED,No,POSSIBLE INJURY,NOT DISTRACTED,MD,VAN,30,2011,FORD,TRANSIT
MCP2693002P,180045599,Montgomery County Police,Property Damage Crash,09-12-18 18:40,County,ARCTIC AVE,BEL PRE RD,SAME DIR REAR END,RAINING,WET,DAYLIGHT,STOP SIGN,NONE DETECTED,No,NO APPARENT INJURY,NOT DISTRACTED,MD,PASSENGER CAR,25,2008,FORD,EXPEDITION
MCP2934002C,17003425,Montgomery County Police,Property Damage Crash,01/20/2017 05:45:00 AM,Maryland (State),WILSON LA,OLD CHESTER RD,SINGLE VEHICLE,CLEAR,DRY,DARK -- UNKNOWN LIGHTING,NO CONTROLS,UNKNOWN,Yes,NO APPARENT INJURY,UNKNOWN,MD,PASSENGER CAR,35,1994,VOLVO,850
MCP15640043,190051642,Montgomery County Police,Property Damage Crash,10/27/2019 07:43:00 AM,Maryland (State),NEW HAMPSHIRE AVE,GOLD MINE RD,SINGLE VEHICLE,RAINING,WET,DAWN,NO CONTROLS,NONE DETECTED,Yes,NO APPARENT INJURY,NOT DISTRACTED,MD,PASSENGER CAR,45,2009,NISSAN,MURANO
MCP3199004N,230003243,Montgomery County Police,Property Damage Crash,01/20/2023 12:14:00 PM,Maryland (State),GEORGIA AVE,ROSSMOOR BLVD,SAME DIRECTION SIDESWIPE,CLEAR,DRY,DAYLIGHT,TRAFFIC SIGNAL,NONE DETECTED,Yes,NO APPARENT INJURY,LOOKED BUT DID NOT SEE,MD,(SPORT) UTILITY VEHICLE,45,2017,TOYTA,RAV 4
MCP2948000W,16051613,Montgomery County Police,Injury Crash,10-07-16 16:38,Maryland (State),VEIRS MILL RD,NEWPORT MILL RD,OTHER,CLEAR,DRY,DAYLIGHT,TRAFFIC SIGNAL,NONE DETECTED,No,NO APPARENT INJURY,NOT DISTRACTED,MD,PASSENGER CAR,35,2016,TOYOTA,COROLLA
MCP24180010,200027586,Montgomery County Police,Property Damage Crash,07/16/2020 09:52:00 AM,Maryland (State),UNIVERSITY BLVD E,E FRANKLIN AVE,SAME DIR REAR END,CLEAR,DRY,DAYLIGHT,,NONE DETECTED,Yes,NO APPARENT INJURY,UNKNOWN,MD,PASSENGER CAR,40,1998,TOYOTA,CAMRY
DD56660009,230070290,Rockville Police Departme,Property Damage Crash,12-06-23 20:16,Municipality,MANNAKEE ST,HUNGERFORD DR,SAME DIRECTION SIDESWIPE,CLEAR,DRY,DARK LIGHTS ON,TRAFFIC SIGNAL,,No,NO APPARENT INJURY,NOT DISTRACTED,MD,VAN,45,2005,HONDA,PV
MCP1436000T,190027864,Montgomery County Police,Property Damage Crash,06-11-19 13:39,County,RANDOLPH RD,ROCKING HORSE RD,SAME DIR REAR END,CLEAR,DRY,DAYLIGHT,NO CONTROLS,,No,NO APPARENT INJURY,NOT DISTRACTED,MD,"CARGO VAN/LIGHT TRUCK 2 AXLES (OVER 10,000LBS (4,536 KG))",35,2011,CHEV,TK
EJ7853000D,15003224,Gaithersburg Police Depar,Property Damage Crash,01/20/2015 05:09:00 PM,Maryland (State),FREDERICK RD,MONTGOMERY VILLAGE AVE,SAME DIR REAR END,CLEAR,DRY,DARK LIGHTS ON,TRAFFIC SIGNAL,NONE DETECTED,No,NO APPARENT INJURY,NOT DISTRACTED,MD,PASSENGER CAR,35,2002,HONDA,CIVIC
MCP3099002G,200047630,Montgomery County Police,Property Damage Crash,12-03-20 12:09,County,MIDDLEBROOK RD,GERMANTOWN RD,SAME DIRECTION SIDESWIPE,CLEAR,DRY,DAYLIGHT,TRAFFIC SIGNAL,NONE DETECTED,No,NO APPARENT INJURY,UNKNOWN,MD,PASSENGER CAR,35,2004,HONDA,ACCORD
EJ7857001W,180000529,Gaithersburg Police Depar,Injury Crash,01-02-18 17:14,Municipality,PERRY PKWY,ENT TO SHOPPING CENTER,SAME DIR REAR END,CLEAR,DRY,OTHER,NO CONTROLS,NONE DETECTED,Yes,NO APPARENT INJURY,UNKNOWN,MD,PASSENGER CAR,10,1999,JAGUAR,4S
MCP1433005N,240006876,MONTGOMERY,Property Damage Crash,02-11-24 18:45,County Route,,,Front to Rear,Cloudy,Dry,Dark - Lighted,Traffic Control Signal,"Not Suspect of Alcohol Use, Not Suspect of Drug Use",No,No Apparent Injury,Not Distracted,MD,Station Wagon,35,2022,MAZDA,CX-5