Report Number,Local Case Number,Agency Name,ACRS Report Type,Crash Date/Time,Route Type,Road Name,Cross-Street Name,Collision Type,Weather,Surface Condition,Light,Traffic Control,Driver Substance Abuse,Driver At Fault,Injury Severity,Driver Distracted By,Drivers License State,Vehicle Body Type,Speed Limit,Vehicle Year,Vehicle Make,Vehicle Model
MCP2968000G,15023026,Montgomery County Police,Property Damage Crash,05/14/2015 11:06:00 AM,County,SHADY GROVE RD,TRAVILLE  GATEWAY DR,HEAD ON LEFT TURN,,DRY,DAYLIGHT,TRAFFIC SIGNAL,NONE DETECTED,Yes,NO APPARENT INJURY,UNKNOWN,MD,PASSENGER CAR,40,2011,BMW,4S
MCP2908001T,16047935,Montgomery County Police,Injury Crash,09/18/2016 12:52:00 PM,Maryland (State),NEW HAMPSHIRE AVE,ELTON RD,SAME DIR REAR END,,DRY,DAYLIGHT,NO CONTROLS,NONE DETECTED,No,POSSIBLE INJURY,NOT DISTRACTED,MD,PASSENGER CAR,40,2000,TOYT,TK
MCP2087000F,16056465,Montgomery County Police,Property Damage Crash,11-02-16 10:04,Maryland (State),GEORGIA AVE,CROSSOVER,HEAD ON LEFT TURN,CLEAR,DRY,DAYLIGHT,NO CONTROLS,NONE DETECTED,No,NO APPARENT INJURY,NOT DISTRACTED,MD,PASSENGER CAR,45,2003,TOYT,4S
MCP1436000L,190016126,Montgomery County Police,Property Damage Crash,04-07-19 11:15,Municipality,TWINBROOK PKWY,CHAPMAN AVE,STRAIGHT MOVEMENT ANGLE,CLEAR,DRY,DAYLIGHT,TRAFFIC SIGNAL,NONE DETECTED,No,NO APPARENT INJURY,NOT DISTRACTED,MD,PASSENGER CAR,35,2018,TOYOTA,HIGHLANDER
EJ78730051,210049652,Gaithersburg Police Depar,Property Damage Crash,12-07-21 8:40,Municipality,WALKER AVE,FREDERICK RD,SINGLE VEHICLE,CLOUDY,DRY,DAYLIGHT,NO CONTROLS,NONE DETECTED,Yes,NO APPARENT INJURY,NOT DISTRACTED,MD,"CARGO VAN/LIGHT TRUCK 2 AXLES (OVER 10,000LBS (4,536 KG))",25,2021,FRHT,M2
MCP3305002M,230060908,Montgomery County Police,Property Damage Crash,10/17/2023 05:40:00 AM,Maryland (State),NEW HAMPSHIRE AVE,DILSTON RD,STRAIGHT MOVEMENT ANGLE,CLEAR,DRY,DARK LIGHTS ON,TRAFFIC SIGNAL,NONE DETECTED,No,NO APPARENT INJURY,NOT DISTRACTED,MD,PASSENGER CAR,35,2003,TOYOTA,4D
MCP20400012,190000565,Montgomery County Police,Property Damage Crash,01-04-19 9:22,Maryland (State),DARNESTOWN RD,WHITE GROUNDS RD,SINGLE VEHICLE,CLEAR,ICE,DARK LIGHTS ON,NO CONTROLS,,Yes,NO APPARENT INJURY,NOT DISTRACTED,MD,PICKUP TRUCK,50,2004,CHEVY,COLORADO
MCP2766004S,190018349,Montgomery County Police,Property Damage Crash,04/19/2019 02:50:00 PM,Maryland (State),INTERCOUNTY CONNECTOR,SHADY GROVE RD,SINGLE VEHICLE,RAINING,WET,DAYLIGHT,NO CONTROLS,NONE DETECTED,Yes,NO APPARENT INJURY,UNKNOWN,MD,PASSENGER CAR,55,2009,TOYOTA,COROLLA
MCP2641003P,230067626,Montgomery County Police,Property Damage Crash,11/21/2023 01:55:00 PM,Interstate (State),EISENHOWER MEMORIAL HWY,EXIT #11,SAME DIR REAR END,RAINING,WET,DAYLIGHT,,NONE DETECTED,Yes,NO APPARENT INJURY,UNKNOWN,VA,POLICE VEHICLE/NON EMERGENCY,55,2000,BENTLEY,ARNAGE
MCP271700N2,190016326,Montgomery County Police,Property Damage Crash,04-08-19 15:10,Maryland (State),EAST WEST HWY,GRUBB RD,SAME DIRECTION SIDESWIPE,CLEAR,DRY,DAYLIGHT,NO CONTROLS,UNKNOWN,Yes,NO APPARENT INJURY,UNKNOWN,,"CARGO VAN/LIGHT TRUCK 2 AXLES (OVER 10,000LBS (4,536 KG))",25,0,UNKNOWN,UNKNOWN
EJ78780024,210001777,Gaithersburg Police Depar,Injury Crash,01/14/2021 05:21:00 PM,County,MUDDY BRANCH RD,DIAMONDBACK DR,HEAD ON LEFT TURN,CLEAR,DRY,OTHER,TRAFFIC SIGNAL,,Yes,NO APPARENT INJURY,UNKNOWN,MD,PASSENGER CAR,45,2017,HOND,SD
DM8497000G,210007391,Takoma Park Police Depart,Property Damage Crash,02/26/2021 03:25:00 PM,Maryland (State),PINEY BRANCH RD,PHILADELPHIA AVE,HEAD ON LEFT TURN,CLOUDY,DRY,DAYLIGHT,,NONE DETECTED,No,NO APPARENT INJURY,NOT DISTRACTED,PA,PASSENGER CAR,25,2014,NISSAN,PATHFINDER
MCP1477000W,240009462,MONTGOMERY,Property Damage Crash,02/27/2024 07:42:00 AM,,,,"Sideswipe, Opposite Direction",Cloudy,,Daylight,,"Unknown, Unknown",Yes,No Apparent Injury,Not Distracted,MD,Station Wagon,0,2001,KIA,RONDO
MCP9133001J,170505238,Montgomery County Police,Property Damage Crash,05-01-17 13:19,Maryland (State),GERMANTOWN RD,DAWSON FARM RD,STRAIGHT MOVEMENT ANGLE,CLEAR,DRY,DAYLIGHT,STOP SIGN,NONE DETECTED,No,NO APPARENT INJURY,NOT DISTRACTED,MD,PASSENGER CAR,40,2013,LEXUS,RX350
MCP30910047,230062714,Montgomery County Police,Property Damage Crash,10/26/2023 02:31:00 PM,,,,SINGLE VEHICLE,CLEAR,,DAYLIGHT,NO CONTROLS,,Yes,NO APPARENT INJURY,UNKNOWN,MD,PASSENGER CAR,30,2015,TOYOTA,RAV4
MCP3000000J,16005372,Montgomery County Police,Property Damage Crash,02-02-16 7:44,County,BARNESVILLE RD,OLD HUNDRED RD (BACK),SINGLE VEHICLE,CLEAR,ICE,DAYLIGHT,NO CONTROLS,NONE DETECTED,Yes,NO APPARENT INJURY,NOT DISTRACTED,MD,PASSENGER CAR,30,2004,TOYT,SU
MCP14170051,16020858,Montgomery County Police,Property Damage Crash,04/28/2016 07:35:00 AM,County,SHADY GROVE RD,BRIARDALE RD,SAME DIR REAR END,CLEAR,DRY,DAYLIGHT,NO CONTROLS,NONE DETECTED,Yes,NO APPARENT INJURY,UNKNOWN,MD,PASSENGER CAR,40,2007,NISSAN,VERSA
MCP2825000P,16051055,Montgomery County Police,Property Damage Crash,10-04-16 21:54,Maryland (State),ROCKVILLE PIKE,BOU AVE,HEAD ON LEFT TURN,CLEAR,DRY,DARK LIGHTS ON,TRAFFIC SIGNAL,NONE DETECTED,Yes,NO APPARENT INJURY,UNKNOWN,MD,PASSENGER CAR,40,2003,HONDA,CIVIC
MCP2615001S,170509850,Montgomery County Police,Property Damage Crash,05/31/2017 03:48:00 PM,US (State),COLUMBIA PIKE,BEGIN BRIDGE,SAME DIR REAR END,CLEAR,DRY,DAYLIGHT,NO CONTROLS,,Yes,NO APPARENT INJURY,NOT DISTRACTED,MD,PASSENGER CAR,50,2008,HONDA,ACCORD
MCP1334003X,16028266,Montgomery County Police,Property Damage Crash,06-06-16 6:14,Maryland (State),MONTGOMERY VILLAGE AVE,RUSSELL AVE,SAME DIR REAR END,CLEAR,DRY,DAYLIGHT,TRAFFIC SIGNAL,NONE DETECTED,Yes,NO APPARENT INJURY,INATTENTIVE OR LOST IN THOUGHT,VA,PASSENGER CAR,35,1995,HONDA,ACCORD
MCP2637003H,190059645,Montgomery County Police,Property Damage Crash,12-11-19 9:38,County,LAKE WINDS WAY,ROLLING GREEN WAY,STRAIGHT MOVEMENT ANGLE,CLEAR,DRY,DAYLIGHT,STOP SIGN,NONE DETECTED,No,NO APPARENT INJURY,NOT DISTRACTED,MD,PASSENGER CAR,35,2018,TOYOTA,SIENNA
MCP2330004B,230028974,Montgomery County Police,Injury Crash,06/16/2023 12:35:00 PM,Maryland (State),VEIRS MILL RD,GALT AVE,OTHER,CLEAR,DRY,DAYLIGHT,NO CONTROLS,NONE DETECTED,No,NO APPARENT INJURY,NOT DISTRACTED,MD,PASSENGER CAR,25,2004,HONDA,ELEMENT
EJ79030066,250057280,GAITHERSBURG,Injury Crash,12/23/2025 11:30:00 AM,County Route,S WESTLAND DR,,Angle,Cloudy,Dry,Daylight,No Controls,"Not Suspect of Alcohol Use, Not Suspect of Drug Use",Yes,No Apparent Injury,Not Distracted,MD,Sport Utility Vehicle,35,2026,JEEP,COMPASS
MCP2703003J,230070496,Montgomery County Police,Property Damage Crash,12-07-23 19:54,Maryland (State),UNIVERSITY BLVD E,PINEY BRANCH RD,SAME DIRECTION SIDESWIPE,CLEAR,DRY,DARK LIGHTS ON,NO CONTROLS,,No,NO APPARENT INJURY,NOT DISTRACTED,MD,PASSENGER CAR,35,2014,CHEV,4S
MCP2039000T,15007570,Montgomery County Police,Property Damage Crash,02/15/2015 08:02:00 AM,County,ASPEN HILL RD,GLASGOW DR,OTHER,BLOWING SNOW,ICE,DAYLIGHT,NO CONTROLS,,No,NO APPARENT INJURY,NOT DISTRACTED,MD,PASSENGER CAR,25,2013,VOLK,PASSAT
MCP2968002H,180040271,Montgomery County Police,Property Damage Crash,08/13/2018 05:38:00 PM,Maryland (State),RIVER RD,TARA RD,SAME DIR REAR END,,WET,DAYLIGHT,NO CONTROLS,,No,NO APPARENT INJURY,NOT DISTRACTED,MD,PASSENGER CAR,35,2014,JEEP,TK
MCP2940002J,180017375,Montgomery County Police,Property Damage Crash,04-10-18 9:30,County,FRANKLIN ST,WOODFIELD RD,SAME DIRECTION SIDESWIPE,CLEAR,DRY,DAYLIGHT,NO CONTROLS,NONE DETECTED,No,NO APPARENT INJURY,NOT DISTRACTED,MD,PASSENGER CAR,25,2017,CHEVROLET,VOLT
MCP10220040,16002493,Montgomery County Police,Property Damage Crash,01/14/2016 07:06:00 AM,County,FIELDCREST RD,STREAM VALLEY DR,SINGLE VEHICLE,CLEAR,DRY,DAWN,NO CONTROLS,NONE DETECTED,No,NO APPARENT INJURY,NOT DISTRACTED,MD,(SPORT) UTILITY VEHICLE,50,2009,INFINITI,FX-35
MCP2827003N,170547464,Montgomery County Police,Injury Crash,12-08-17 20:59,Maryland (State),GEORGIA AVE,NORBECK RD,OTHER,CLEAR,DRY,DARK LIGHTS ON,TRAFFIC SIGNAL,NONE DETECTED,Yes,POSSIBLE INJURY,NOT DISTRACTED,MD,PASSENGER CAR,50,2006,HONDA,2D
MCP29660012,15050365,MONTGOMERY,Property Damage Crash,10-05-15 8:25,County,DEAN RD,DALEWOOD DR,HEAD ON,CLEAR,DRY,DAYLIGHT,NO CONTROLS,NONE DETECTED,No,NO APPARENT INJURY,NOT DISTRACTED,MD,PASSENGER CAR,25,1998,HONDA,ACCORD
MCP31090017,180040726,Montgomery County Police,Property Damage Crash,08/16/2018 08:30:00 AM,US (State),GEORGIA AVE,SLIGO AVE,SAME DIR REAR END,CLEAR,DRY,DAYLIGHT,TRAFFIC SIGNAL,NONE DETECTED,Yes,NO APPARENT INJURY,UNKNOWN,MD,PASSENGER CAR,35,2015,TOYOTA,COROLLA
MCP2411001N,180000489,Montgomery County Police,Property Damage Crash,01-03-18 18:38,Maryland (State),ROCKVILLE PIKE,HUBBARD DR,SAME DIR REAR END,CLEAR,DRY,DARK LIGHTS ON,TRAFFIC SIGNAL,,No,NO APPARENT INJURY,NOT DISTRACTED,MD,PASSENGER CAR,40,2017,DODGE,DURANGO
MCP33340016,230017081,Montgomery County Police,Property Damage Crash,04-10-23 15:20,County,WAYNE AVE,GEORGIA AVE,SAME DIRECTION RIGHT TURN,CLEAR,DRY,DAYLIGHT,TRAFFIC SIGNAL,NONE DETECTED,Yes,NO APPARENT INJURY,UNKNOWN,DC,(SPORT) UTILITY VEHICLE,35,2012,HONDA,PILOT
MCP271700S7,200033388,Montgomery County Police,Injury Crash,08/26/2020 05:50:00 PM,County,DEMOCRACY BLVD,WESTLAKE DR,SAME DIRECTION SIDESWIPE,CLEAR,DRY,DAYLIGHT,TRAFFIC SIGNAL,NONE DETECTED,No,SUSPECTED MINOR INJURY,NOT DISTRACTED,MD,(SPORT) UTILITY VEHICLE,35,2015,LEXUS,RX350
MCP28490017,15017225,Montgomery County Police,Property Damage Crash,04/14/2015 08:36:00 AM,Maryland (State),NORBECK RD,INTERCOUNTY CONNECTOR,SAME DIR REAR END,RAINING,WET,DAYLIGHT,NO CONTROLS,NONE DETECTED,Yes,NO APPARENT INJURY,UNKNOWN,MD,PASSENGER CAR,40,2003,NISS,4S
MCP2450004S,230066759,Montgomery County Police,Property Damage Crash,11/16/2023 06:00:00 PM,Maryland (State),QUINCE ORCHARD RD,BANK ST,SAME DIR REAR END,CLEAR,DRY,DARK LIGHTS ON,TRAFFIC SIGNAL,NONE DETECTED,Yes,NO APPARENT INJURY,UNKNOWN,MD,PASSENGER CAR,40,2013,HUNDAI,ELANTRA
MCP235300B5,220048004,Montgomery County Police,Property Damage Crash,11-01-22 12:02,Interstate (State),CABIN JOHN PKWY,CAPITAL BELTWAY,SAME DIR REAR END,CLOUDY,DRY,DAYLIGHT,NO CONTROLS,NONE DETECTED,Yes,NO APPARENT INJURY,INATTENTIVE OR LOST IN THOUGHT,FL,PASSENGER CAR,55,2022,HYUNDAI,IONIQ
MCP3199003V,220022075,Montgomery County Police,Property Damage Crash,05/24/2022 07:20:00 AM,County,BEL PRE RD,CONNECTICUT AVE,SAME DIRECTION SIDESWIPE,RAINING,WET,DAYLIGHT,STOP SIGN,NONE DETECTED,No,NO APPARENT INJURY,NOT DISTRACTED,MD,OTHER BUS,10,2020,THOM,BU
MCP3259005D,240053169,MONTGOMERY,Property Damage Crash,11-05-24 18:10,Maryland (State) Route,RIVER RD (WB/L),,Front to Rear,Clear,Dry,Dark - Lighted,Traffic Control Signal,"Not Suspect of Alcohol Use, Not Suspect of Drug Use",No,No Apparent Injury,Not Distracted,VA,Passenger Car,35,2024,JEEP,WRANGLER
MCP29090017,16059054,Montgomery County Police,Property Damage Crash,11/16/2016 04:04:00 PM,County,ARLINGTON RD,BRADLEY BLVD,ANGLE MEETS LEFT TURN,RAINING,WET,DAYLIGHT,NO CONTROLS,NONE DETECTED,No,NO APPARENT INJURY,NOT DISTRACTED,MD,PASSENGER CAR,25,2004,JEEP,TK
MCP29640053,210037519,Montgomery County Police,Property Damage Crash,09/23/2021 04:47:00 PM,County,WIGHTMAN RD,BRINK RD,SAME DIR REAR END,RAINING,WET,DAYLIGHT,STOP SIGN,NONE DETECTED,No,NO APPARENT INJURY,NOT DISTRACTED,MD,PASSENGER CAR,40,2013,TOYOTA,PRIUS
MCP3161000W,180063136,Montgomery County Police,Property Damage Crash,12/18/2018 11:00:00 AM,Maryland (State),WESTMORELAND CIR,DALECARLIA PKWY (DC MAINT),SAME DIRECTION RIGHT TURN,CLEAR,DRY,DAYLIGHT,YIELD SIGN,NONE DETECTED,No,NO APPARENT INJURY,NOT DISTRACTED,MD,PASSENGER CAR,25,2011,VOLV,4S
MCP2715000P,15043060,MONTGOMERY,Property Damage Crash,08/27/2015 04:55:00 PM,County,GATESHEAD MANOR WAY,ASTON MANOR DR,STRAIGHT MOVEMENT ANGLE,CLEAR,DRY,DAYLIGHT,STOP SIGN,NONE DETECTED,Yes,NO APPARENT INJURY,NOT DISTRACTED,NY,PASSENGER CAR,25,2009,CHRY,SEABRING
MCP30860038,190052760,Montgomery County Police,Injury Crash,11-02-19 7:50,Maryland (State),WOODFIELD RD,CYPRESS HILL DR,STRAIGHT MOVEMENT ANGLE,CLEAR,DRY,DAYLIGHT,TRAFFIC SIGNAL,NONE DETECTED,Unknown,SUSPECTED MINOR INJURY,LOOKED BUT DID NOT SEE,MD,PASSENGER CAR,35,2019,KIA,FORTE
MCP11740019,16004073,Montgomery County Police,Property Damage Crash,01/24/2016 11:26:00 AM,Maryland (State),OLD GEORGETOWN RD,GREENTREE RD,SAME DIRECTION RIGHT TURN,CLEAR,SNOW,DAYLIGHT,TRAFFIC SIGNAL,NONE DETECTED,Yes,NO APPARENT INJURY,NOT DISTRACTED,MD,PASSENGER CAR,35,2014,FORD,EXPLOER
MCP2712004P,200024021,Montgomery County Police,Injury Crash,06/19/2020 02:39:00 PM,County,OLD COLUMBIA PIKE,BRIGGS CHANEY RD,HEAD ON LEFT TURN,CLOUDY,DRY,DAYLIGHT,TRAFFIC SIGNAL,NONE DETECTED,No,POSSIBLE INJURY,NOT DISTRACTED,DC,PASSENGER CAR,35,2015,LEXUS,ES350
MCP2631001Q,170524739,Montgomery County Police,Injury Crash,10-04-17 15:06,Maryland (State),WISCONSIN AVE,BATTERY LA,SAME DIR REAR END,CLEAR,DRY,DAYLIGHT,,NONE DETECTED,No,NO APPARENT INJURY,NOT DISTRACTED,MD,PASSENGER CAR,25,2015,CHEV,CRUZE
MCP2311003Z,180028806,Montgomery County Police,Injury Crash,06-11-18 12:06,County,SHADY GROVE RD,MIDCOUNTY HWY,SINGLE VEHICLE,RAINING,WET,DAYLIGHT,,,Yes,POSSIBLE INJURY,NOT DISTRACTED,MD,"MEDIUM/HEAVY TRUCKS 3 AXLES (OVER 10,000LBS (4,536KG))",40,2011,CRNE,TRASH TRUCK
DD5646002H,220057777,Rockville Police Departme,Property Damage Crash,12/29/2022 09:20:00 PM,County,E GUDE DR,SOUTHLAWN LA,HEAD ON LEFT TURN,CLEAR,DRY,DARK LIGHTS ON,TRAFFIC SIGNAL,NONE DETECTED,No,NO APPARENT INJURY,UNKNOWN,MD,(SPORT) UTILITY VEHICLE,25,2014,NISS,4S
MCP1205001K,15057495,MONTGOMERY,Injury Crash,11-11-15 8:38,Maryland (State),EAST WEST HWY,ELLINGSON DR,SAME DIRECTION SIDESWIPE,CLEAR,DRY,DAYLIGHT,NO CONTROLS,NONE DETECTED,Yes,NO APPARENT INJURY,UNKNOWN,MD,PASSENGER CAR,35,2002,ACUR,4S
EJ7905002N,250008136,GAITHERSBURG,Injury Crash,02/24/2025 01:29:00 PM,Municipality Route,E DIAMOND AVE,ALLEY #3,Angle,Clear,Dry,Daylight,Stop Sign,"Not Suspect of Alcohol Use, Not Suspect of Drug Use",Yes,Possible Injury,Unknown,MD,Passenger Car,20,2011,TOYOTA,RAV4
MCP29300057,250006240,MONTGOMERY,Property Damage Crash,02-11-25 15:29,County Route,BLUHILL RD,,Rear To Side,Snow,Wet,Daylight,No Controls,"Not Suspect of Alcohol Use, Not Suspect of Drug Use",Yes,No Apparent Injury,Unknown,MD,Passenger Car,15,2018,TOYOTA,COROLLA
MCP11280052,200038345,Montgomery County Police,Property Damage Crash,09/29/2020 05:31:00 PM,Maryland (State),CONNECTICUT AVE,UNDERWOOD ST,HEAD ON LEFT TURN,CLOUDY,DRY,DAYLIGHT,,NONE DETECTED,Yes,NO APPARENT INJURY,UNKNOWN,MD,PASSENGER CAR,35,2019,CHEVY,BOLT
MCP2674004L,230069674,Montgomery County Police,Property Damage Crash,12-03-23 19:05,Maryland (State),FREDERICK RD,SHAKESPEARE BLVD,HEAD ON LEFT TURN,FOGGY,WET,DARK NO LIGHTS,TRAFFIC SIGNAL,NONE DETECTED,No,NO APPARENT INJURY,NOT DISTRACTED,MD,PASSENGER CAR,40,2017,HONDA,CIVIC
MCP20430007,15010092,Montgomery County Police,Injury Crash,03-03-15 21:27,Maryland (State),MUNCASTER MILL RD,AIRPARK RD,STRAIGHT MOVEMENT ANGLE,CLOUDY,WET,DARK LIGHTS ON,FLASHING TRAFFIC SIGNAL,NONE DETECTED,Yes,POSSIBLE INJURY,LOOKED BUT DID NOT SEE,MD,PASSENGER CAR,35,2005,CHRYSLER,TOWN & COUNTRY
MCP2730000W,16041061,Montgomery County Police,Property Damage Crash,08/13/2016 10:00:00 AM,County,WARING STATION RD,WISTERIA DR,STRAIGHT MOVEMENT ANGLE,CLEAR,DRY,DAYLIGHT,STOP SIGN,NONE DETECTED,No,NO APPARENT INJURY,NOT DISTRACTED,MD,PASSENGER CAR,25,2015,HONDA,ODYSSEY
MCP3067000N,170541327,Montgomery County Police,Property Damage Crash,11-06-17 18:15,County,MONTGOMERY VILLAGE AVE,APPLE RIDGE RD,SAME DIRECTION RIGHT TURN,CLEAR,DRY,DARK LIGHTS ON,TRAFFIC SIGNAL,NONE DETECTED,No,NO APPARENT INJURY,NOT DISTRACTED,MD,SCHOOL BUS,35,2008,GILL,BUS
MCP30640032,200026325,Montgomery County Police,Property Damage Crash,07-07-20 11:05,Maryland (State),UNIVERSITY BLVD W,FERN ST,SAME DIRECTION RIGHT TURN,CLOUDY,DRY,DAYLIGHT,,NONE DETECTED,Yes,NO APPARENT INJURY,LOOKED BUT DID NOT SEE,MD,PASSENGER CAR,35,2020,CHEVROLET,TRAX
MCP24450024,200049102,Montgomery County Police,Injury Crash,12/13/2020 10:01:00 AM,County,GERMANTOWN RD,SCENERY DR,SAME DIR REAR END,CLEAR,WET,DAYLIGHT,TRAFFIC SIGNAL,NONE DETECTED,Yes,NO APPARENT INJURY,UNKNOWN,MD,PASSENGER CAR,40,2006,NISS,4S
MCP3011001B,17001679,Montgomery County Police,Injury Crash,01-10-17 18:02,Interstate (State),EISENHOWER MEMORIAL HWY,TUCKERMAN LA,SAME DIR REAR END,CLEAR,DRY,DARK LIGHTS ON,NO CONTROLS,NONE DETECTED,Yes,NO APPARENT INJURY,NOT DISTRACTED,VA,PICKUP TRUCK,55,2001,TOYOTA,TUNDRA
MCP1563001N,15044603,MONTGOMERY,Injury Crash,09-04-15 15:40,Maryland (State),BRADLEY LA,MAPLE AVE,OTHER,CLOUDY,DRY,DAYLIGHT,,UNKNOWN,Yes,NO APPARENT INJURY,UNKNOWN,,UNKNOWN,30,2015,SAAB,UU
MCP2335001J,210005079,Montgomery County Police,Property Damage Crash,02-08-21 22:00,Maryland (State),FREDERICK RD,FOREMAN BLVD,SAME DIR REAR END,CLEAR,DRY,DARK LIGHTS ON,NO CONTROLS,NONE DETECTED,Yes,NO APPARENT INJURY,NOT DISTRACTED,MD,PASSENGER CAR,35,2016,NISSAN,ALTIMA
MCP31650048,220055652,Montgomery County Police,Property Damage Crash,12/16/2022 08:50:00 AM,County,GATESHEAD MANOR WAY,ASTON MANOR DR,STRAIGHT MOVEMENT ANGLE,CLEAR,WET,DAYLIGHT,STOP SIGN,NONE DETECTED,Unknown,NO APPARENT INJURY,NOT DISTRACTED,MD,PASSENGER CAR,25,2017,HONDA,CIVIC
MCP2987008M,240028556,MONTGOMERY,Injury Crash,06/15/2024 08:01:00 PM,County Route,GALWAY DR (SB/L),CALVERTON BLVD,Front to Rear,Clear,Dry,Daylight,Traffic Control Signal,"Not Suspect of Alcohol Use, Not Suspect of Drug Use",Yes,No Apparent Injury,Not Distracted,MD,Pickup,30,2008,FORD,F-350
MCP003600H0,230009298,Montgomery County Police,Property Damage Crash,02/24/2023 01:49:00 PM,US (State),COLUMBIA PIKE,TECH RD,SAME DIR REAR END,CLEAR,DRY,DAYLIGHT,NO CONTROLS,NONE DETECTED,No,NO APPARENT INJURY,NOT DISTRACTED,TX,PASSENGER CAR,50,2012,HONDA,ACCORD
MCP1119003J,17013346,Montgomery County Police,Injury Crash,03/15/2017 10:48:00 AM,County,WELLER RD,BUSHEY DR,SAME DIR REAR END,,DRY,DAYLIGHT,NO CONTROLS,NONE DETECTED,No,POSSIBLE INJURY,NOT DISTRACTED,MD,PASSENGER CAR,25,2005,NISSAN,SENTRA
MCP33290014,220052683,Montgomery County Police,Property Damage Crash,12/19/2022 06:13:00 PM,US (State),COLUMBIA PIKE,INDUSTRIAL PKWY,SAME DIR REAR END,,DRY,DARK NO LIGHTS,,NONE DETECTED,No,NO APPARENT INJURY,NOT DISTRACTED,MD,PASSENGER CAR,55,2020,HOND,4S
MCP2564002J,200006370,Montgomery County Police,Injury Crash,02-07-20 16:45,County,GOSHEN RD,SEVERN RD,SAME DIR REAR END,CLEAR,DRY,DAYLIGHT,NO CONTROLS,NONE DETECTED,Yes,SUSPECTED MINOR INJURY,LOOKED BUT DID NOT SEE,MD,PASSENGER CAR,35,1998,TOYOTA,COROLLA
MCP31260075,250047839,MONTGOMERY,Property Damage Crash,10/24/2025 03:08:00 PM,Maryland (State) Route,RIDGE RD,,"Sideswipe, Opposite Direction",Clear,Dry,Daylight,No Controls,"Not Suspect of Alcohol Use, Not Suspect of Drug Use",Yes,No Apparent Injury,"Other Action (looking away from task, etc.)",MD,Passenger Car,40,2011,HONDA,CR-V
MCP3197001L,200035225,Montgomery County Police,Injury Crash,09-08-20 15:46,County,ARCTIC AVE,BESTOR DR,STRAIGHT MOVEMENT ANGLE,CLEAR,DRY,DAYLIGHT,NO CONTROLS,NONE DETECTED,Yes,SUSPECTED MINOR INJURY,OTHER DISTRACTION,MD,PASSENGER CAR,25,2012,NISSAN,ROGUE
MCP14250019,220036485,Montgomery County Police,Injury Crash,08/23/2022 09:45:00 PM,Maryland (State),DARNESTOWN RD,ANCIENT OAK DR,SINGLE VEHICLE,CLEAR,DRY,DARK LIGHTS ON,NO CONTROLS,NONE DETECTED,Yes,POSSIBLE INJURY,NOT DISTRACTED,MD,(SPORT) UTILITY VEHICLE,40,2013,LEXUS,RX
MCP241100BQ,230029733,Montgomery County Police,Injury Crash,06/21/2023 09:21:00 AM,County,RANDOLPH RD,PARKLAWN DR,SAME DIRECTION RIGHT TURN,RAINING,WET,DAYLIGHT,TRAFFIC SIGNAL,NONE DETECTED,No,NO APPARENT INJURY,NOT DISTRACTED,VA,PASSENGER CAR,35,2021,TOYOTA,RAV4
DD5651002L,220054222,Rockville Police Departme,Injury Crash,12-08-22 9:50,Municipality,MARYLAND AVE,MONUMENT ST,SAME DIR REAR END,CLEAR,DRY,DAYLIGHT,,NONE DETECTED,No,NO APPARENT INJURY,NOT DISTRACTED,MD,PASSENGER CAR,30,2019,HOND,TK
DD5635001D,190034278,Rockville Police Departme,Injury Crash,07/20/2019 09:08:00 PM,Maryland (State),ROCKVILLE PIKE,CONGRESSIONAL LA,OTHER,,DRY,DARK LIGHTS ON,TRAFFIC SIGNAL,NONE DETECTED,No,NO APPARENT INJURY,NOT DISTRACTED,MD,PASSENGER CAR,35,2019,NISSAN,4S
EJ7888004T,230051121,Gaithersburg Police Depar,Injury Crash,08/24/2023 04:30:00 PM,Maryland (State),FREDERICK RD,MONTGOMERY AVE,HEAD ON LEFT TURN,CLEAR,DRY,DAYLIGHT,STOP SIGN,NONE DETECTED,No,SUSPECTED MINOR INJURY,NOT DISTRACTED,MD,(SPORT) UTILITY VEHICLE,35,2017,HYUNDAI,TK
MCP2832006X,220016552,Montgomery County Police,Property Damage Crash,04/19/2022 09:52:00 AM,Maryland (State),CONNECTICUT AVE,DECATUR AVE,SAME DIRECTION SIDESWIPE,CLOUDY,DRY,DAYLIGHT,NO CONTROLS,NONE DETECTED,Yes,NO APPARENT INJURY,LOOKED BUT DID NOT SEE,MD,PASSENGER CAR,25,2018,NISSAN,MAXIMA
MCP91130020,16051921,Montgomery County Police,Property Damage Crash,10-09-16 13:18,Maryland (State),GEORGIA AVE,EPPING RD,ANGLE MEETS LEFT TURN,CLEAR,DRY,DAYLIGHT,NO CONTROLS,NONE DETECTED,Yes,NO APPARENT INJURY,NOT DISTRACTED,MD,PASSENGER CAR,45,2004,SATURN,VUE
MCP27610014,16036384,Montgomery County Police,Injury Crash,07/18/2016 03:58:00 PM,Maryland (State),RIDGE RD,HAWKES RD,STRAIGHT MOVEMENT ANGLE,RAINING,WET,DAYLIGHT,NO CONTROLS,NONE DETECTED,No,POSSIBLE INJURY,NOT DISTRACTED,MD,PASSENGER CAR,45,2016,TOYT,SCION