Report Number,Local Case Number,Agency Name,ACRS Report Type,Crash Date/Time,Route Type,Road Name,Cross-Street Name,Collision Type,Weather,Surface Condition,Light,Traffic Control,Driver Substance Abuse,Driver At Fault,Injury Severity,Driver Distracted By,Drivers License State,Vehicle Body Type,Speed Limit,Vehicle Year,Vehicle Make,Vehicle Model
MCP3276001J,220000349,Montgomery County Police,Property Damage Crash,01-04-22 2:31,Maryland (State),GEORGIA AVE,SEMINARY PL,STRAIGHT MOVEMENT ANGLE,CLEAR,ICE,DARK LIGHTS ON,FLASHING TRAFFIC SIGNAL,NONE DETECTED,Yes,NO APPARENT INJURY,LOOKED BUT DID NOT SEE,MD,PASSENGER CAR,35,2016,CHEVY,4S
MCP2298012X,230014984,Montgomery County Police,Property Damage Crash,03/28/2023 01:58:00 PM,Maryland (State),OLD COLUMBIA PIKE,ENT TO BURTONSVILLE SHOPPING CENTER,OTHER,CLEAR,DRY,DAYLIGHT,TRAFFIC SIGNAL,NONE DETECTED,No,NO APPARENT INJURY,LOOKED BUT DID NOT SEE,MD,STATION WAGON,30,2020,SUBA,SW
MCP2473001C,170528743,Montgomery County Police,Property Damage Crash,09-05-17 9:11,US (State),COLUMBIA PIKE,PRELUDE DR,SAME DIR REAR END,CLEAR,DRY,DAYLIGHT,,,No,NO APPARENT INJURY,NOT DISTRACTED,MD,PASSENGER CAR,45,2013,BMW,323I
DM8352000T,240040982,TAKOMA,Property Damage Crash,08/29/2024 06:34:00 PM,Maryland (State) Route,CARROLL AVE,,"Sideswipe, Opposite Direction",Rain,Wet,Daylight,No Controls,"Unknown, Unknown",No,,,,,25,0,,
EJ7851000X,15039430,GAITHERSBURG,Property Damage Crash,08-08-15 10:27,Municipality,S SUMMIT AVE,E DIAMOND AVE,SAME DIR REAR END,CLEAR,DRY,DAYLIGHT,TRAFFIC SIGNAL,NONE DETECTED,Yes,NO APPARENT INJURY,INATTENTIVE OR LOST IN THOUGHT,MD,PASSENGER CAR,25,2007,HYUNDAI,ELANTRA
MCP2853009S,240020637,MONTGOMERY,Property Damage Crash,05-02-24 20:57,County Route,LOWANDER LA,,Front to Rear,Clear,Dry,Dark - Lighted,No Controls,"Suspect of Alcohol Use, Not Suspect of Drug Use",Yes,No Apparent Injury,Not Distracted,MD,Pickup,30,2014,FORD,F-150
MCP32390029,220027631,Montgomery County Police,Injury Crash,06/27/2022 12:51:00 PM,Ramp,RAMP 2 FR IS 495 WB TO MD 650 NB,NEW HAMPSHIRE AVE,SINGLE VEHICLE,RAINING,WET,DAYLIGHT,NO CONTROLS,NONE DETECTED,Yes,POSSIBLE INJURY,LOOKED BUT DID NOT SEE,MD,PICKUP TRUCK,25,2005,GMC,CANYON
MCP9130005B,180026754,Montgomery County Police,Property Damage Crash,05/31/2018 02:01:00 PM,US (State),COLESVILLE RD,HASTINGS DR,SAME DIR REAR END,CLOUDY,DRY,DAYLIGHT,NO CONTROLS,NONE DETECTED,No,NO APPARENT INJURY,NOT DISTRACTED,MD,(SPORT) UTILITY VEHICLE,40,2017,NISSAN,MURANO
MCP2582004V,230048047,Montgomery County Police,Property Damage Crash,08-06-23 4:42,Maryland (State),SPENCERVILLE RD,THOMPSON RD,SINGLE VEHICLE,CLEAR,DRY,DARK LIGHTS ON,NO CONTROLS,UNKNOWN,Yes,NO APPARENT INJURY,UNKNOWN,,PASSENGER CAR,40,2007,NISSAN,SENTRA
MCP0685003B,170531944,Montgomery County Police,Injury Crash,09/21/2017 12:55:00 PM,County,E GUDE DR,CRABBS BRANCH WAY,STRAIGHT MOVEMENT ANGLE,,DRY,DAYLIGHT,TRAFFIC SIGNAL,NONE DETECTED,No,NO APPARENT INJURY,NOT DISTRACTED,MD,PICKUP TRUCK,35,2006,FORD,DS
MCP33620030,240015499,MONTGOMERY,Property Damage Crash,04-03-24 11:15,County Route,LOCKWOOD DR,,"Sideswipe, Same Direction",Rain,Wet,Daylight,No Controls,"Not Suspect of Alcohol Use, Not Suspect of Drug Use",No,No Apparent Injury,Not Distracted,MD,Passenger Car,25,2013,FORD,FOCUS
MCP3118001N,190007586,Montgomery County Police,Property Damage Crash,02/16/2019 12:05:00 PM,County,BLUERIDGE AVE,GRANDVIEW AVE,STRAIGHT MOVEMENT ANGLE,CLEAR,DRY,DAYLIGHT,STOP SIGN,UNKNOWN,No,NO APPARENT INJURY,NOT DISTRACTED,DC,PASSENGER CAR,25,2009,NISSAN,KROM
MCP29190075,200028347,Montgomery County Police,Property Damage Crash,07/21/2020 07:02:00 PM,Maryland (State),PINEY BRANCH RD,UNIVERSITY BLVD E,ANGLE MEETS LEFT TURN,,DRY,DAYLIGHT,,NONE DETECTED,No,NO APPARENT INJURY,NOT DISTRACTED,MD,PASSENGER CAR,35,2018,CHEVROLET,SUBURBAN
EJ7781000T,16057070,Gaithersburg Police Depar,Property Damage Crash,11-05-16 9:17,Maryland (State),DARNESTOWN RD,KENT OAKS WAY,STRAIGHT MOVEMENT ANGLE,CLEAR,DRY,DAYLIGHT,STOP SIGN,NONE DETECTED,Yes,NO APPARENT INJURY,NOT DISTRACTED,MD,PASSENGER CAR,40,2012,HOND,ACCORD
DD55390021,180051175,Rockville Police Departme,Property Damage Crash,10-12-18 21:30,Municipality,HALPINE RD,ROCKVILLE PIKE,SAME DIR REND RIGHT TURN,CLEAR,DRY,DARK LIGHTS ON,,NONE DETECTED,Yes,NO APPARENT INJURY,UNKNOWN,MD,"OTHER LIGHT TRUCKS (10,000LBS (4,536KG) OR LESS)",25,2006,CHEVY,SILVERADO
MCP15640034,180039754,Montgomery County Police,Property Damage Crash,08-10-18 12:20,County,BLOOMFIELD RD,ROLLING ACRES WAY,OPPOSITE DIR BOTH LEFT TURN,CLEAR,DRY,DAYLIGHT,NO CONTROLS,NONE DETECTED,Yes,NO APPARENT INJURY,NOT DISTRACTED,MD,POLICE VEHICLE/EMERGENCY,25,2009,VOLK,ROUTAN
MCP30040022,170546244,Montgomery County Police,Injury Crash,12-02-17 15:50,County,CEDAR LA,BEACH DR,HEAD ON,CLEAR,DRY,DAYLIGHT,,NONE DETECTED,No,NO APPARENT INJURY,NOT DISTRACTED,MN,VAN,30,2017,KIA,SEDONA
MCP1472000M,16015797,Montgomery County Police,Property Damage Crash,03/31/2016 08:25:00 PM,Maryland (State),PINEY BRANCH RD,GREENWOOD AVE,SAME DIRECTION SIDESWIPE,CLEAR,DRY,DARK LIGHTS ON,STOP SIGN,NONE DETECTED,Yes,NO APPARENT INJURY,OTHER DISTRACTION,MD,PASSENGER CAR,40,2015,MAZD,4D
MCP91130044,180059040,Montgomery County Police,Injury Crash,11/26/2018 07:32:00 AM,County,CONNECTICUT AVE,GEORGIA AVE,SAME DIR REAR END,RAINING,WET,DAYLIGHT,NO CONTROLS,NONE DETECTED,Yes,POSSIBLE INJURY,UNKNOWN,MD,VAN,35,2003,FORD,E350
EJ7809000T,16035790,Gaithersburg Police Depar,Property Damage Crash,07/14/2016 10:52:00 PM,Maryland (State),W DIAMOND AVE,RAMP 6 FR MD 117 EB TO IS 270 SB,OTHER,CLEAR,,DARK LIGHTS ON,NO CONTROLS,NONE DETECTED,No,NO APPARENT INJURY,NOT DISTRACTED,MD,PASSENGER CAR,35,2012,HYUNDAI,ACCENT
MCP3080004K,240021002,MONTGOMERY,Property Damage Crash,05-04-24 21:12,County Route,CRYSTAL ROCK DR,,Front to Rear,Rain,Wet,Dark - Lighted,Traffic Control Signal,"Not Suspect of Alcohol Use, Not Suspect of Drug Use",No,No Apparent Injury,Not Distracted,MD,Passenger Car,35,2023,TOYOTA,CAMRY
MCP233900B8,250013434,MONTGOMERY,Injury Crash,03/27/2025 05:36:00 PM,County Route,CRABBS BRANCH WAY,,Angle,Clear,Dry,Daylight,No Controls,"Not Suspect of Alcohol Use, Not Suspect of Drug Use",No,Suspected Serious Injury,Not Distracted,MD,Passenger Car,35,2020,CHEVROLET,EQUINOX
DD5651006G,250030903,ROCKVILLE,Injury Crash,07-11-25 14:22,Maryland (State) Route,HUNGERFORD DR (SB/L),,"Sideswipe, Same Direction",Clear,Dry,Daylight,Traffic Control Signal,"Not Suspect of Alcohol Use, Not Suspect of Drug Use",Yes,Suspected Minor Injury,Not Distracted,MD,Passenger Car,35,2011,TOYOTA,CAMRY
MCP3078002S,190018762,Montgomery County Police,Property Damage Crash,04/22/2019 03:41:00 AM,,,,SAME DIR REAR END,,,DARK LIGHTS ON,NO CONTROLS,ALCOHOL PRESENT,Yes,NO APPARENT INJURY,LOOKED BUT DID NOT SEE,ME,POLICE VEHICLE/EMERGENCY,25,2018,TOYOTA,CAMRY
DD5637002G,210019251,Rockville Police Departme,Property Damage Crash,05/21/2021 06:11:00 PM,Interstate (State),EISENHOWER MEMORIAL HWY,W MONTGOMERY AVE,SAME DIR REAR END,CLEAR,DRY,DAYLIGHT,NO CONTROLS,NONE DETECTED,No,NO APPARENT INJURY,NOT DISTRACTED,MD,PASSENGER CAR,55,2016,MERZ,C300
DD56800008,250001520,ROCKVILLE,Injury Crash,01-12-25 10:20,Municipality Route,,RAMP 9 FR RAMP 1 TO REDLAND BLVD,Angle,Clear,Dry,Daylight,Traffic Control Signal,"Not Suspect of Alcohol Use, Not Suspect of Drug Use",No,Suspected Minor Injury,Not Distracted,MD,Sport Utility Vehicle,25,2021,BUICK,ENCORE GX
MCP24250067,16005655,Montgomery County Police,Property Damage Crash,02-03-16 13:27,Maryland (State),NEW HAMPSHIRE AVE,ELDRID DR,STRAIGHT MOVEMENT ANGLE,RAINING,WET,DAYLIGHT,NO CONTROLS,NONE DETECTED,No,NO APPARENT INJURY,NOT DISTRACTED,MD,"OTHER LIGHT TRUCKS (10,000LBS (4,536KG) OR LESS)",40,2000,FORD,UTILIMASTER
MCP25360025,190030581,Montgomery County Police,Property Damage Crash,06/26/2019 09:20:00 PM,County,PARKLAND DR,FRANKFORT DR,SAME DIR REAR END,CLEAR,DRY,DARK LIGHTS ON,NO CONTROLS,,Yes,NO APPARENT INJURY,NOT DISTRACTED,MD,PASSENGER CAR,30,2008,MERZ,E450
EJ78330060,190057308,Gaithersburg Police Depar,Property Damage Crash,11/27/2019 02:30:00 PM,Maryland (State),W DIAMOND AVE,RAMP 1 FR IS 270 NB TO MD 117 WB,SAME DIRECTION SIDESWIPE,CLOUDY,UNKNOWN,DAYLIGHT,TRAFFIC SIGNAL,UNKNOWN,Unknown,NO APPARENT INJURY,UNKNOWN,MD,PASSENGER CAR,25,2012,TOYT,COROLLA
MCP3359000L,240016184,MONTGOMERY,Injury Crash,04-07-24 11:34,County Route,DEMOCRACY BLVD (EB/L),ROCKLEDGE DR,Rear To Side,Clear,Dry,Daylight,Traffic Control Signal,"Not Suspect of Alcohol Use, Not Suspect of Drug Use",Yes,No Apparent Injury,Not Distracted,MD,Passenger Car,35,2023,TESLA,MODEL Y
MCP1512003R,220010737,Montgomery County Police,Property Damage Crash,03-12-22 16:52,Maryland (State),GREAT SENECA HWY,KENTLANDS BLVD,HEAD ON LEFT TURN,CLOUDY,WET,DAYLIGHT,TRAFFIC SIGNAL,NONE DETECTED,Yes,NO APPARENT INJURY,NOT DISTRACTED,MD,OTHER,50,2015,ACUR,TLX
MCP3353000J,230018707,Montgomery County Police,Injury Crash,04/19/2023 01:57:00 PM,County,SOUTHLAWN LA,AVERY RD,SINGLE VEHICLE,CLEAR,DRY,DAYLIGHT,STOP SIGN,NONE DETECTED,Yes,POSSIBLE INJURY,UNKNOWN,MD,PASSENGER CAR,25,2015,NISSAN,ROGUE
MCP2936004M,210034979,Montgomery County Police,Property Damage Crash,09-06-21 15:00,Maryland (State),ROCKVILLE PIKE,STRATHMORE AVE,STRAIGHT MOVEMENT ANGLE,CLEAR,DRY,DAYLIGHT,TRAFFIC SIGNAL,NONE DETECTED,Yes,NO APPARENT INJURY,LOOKED BUT DID NOT SEE,MD,PASSENGER CAR,40,2007,VOLV,S60
DD5642001Z,210013222,Rockville Police Departme,Property Damage Crash,04-09-21 9:24,,,,OTHER,,,,,NONE DETECTED,Yes,NO APPARENT INJURY,NOT DISTRACTED,MD,PASSENGER CAR,5,2016,TOYOTA,COROLLA
MCP28590067,190001238,Montgomery County Police,Injury Crash,01-08-19 12:55,Interstate (State),EISENHOWER MEMORIAL HWY,RAMP 1 FR IS 270 NB TO MD 117 WB,SAME DIR REAR END,CLEAR,DRY,DAYLIGHT,TRAFFIC SIGNAL,NONE DETECTED,Yes,NO APPARENT INJURY,UNKNOWN,MD,PASSENGER CAR,30,2007,SATURN,AERO
MCP102200B1,180057979,Montgomery County Police,Injury Crash,11/19/2018 10:12:00 AM,Maryland (State),FREDERICK RD,GERMANTOWN RD,STRAIGHT MOVEMENT ANGLE,CLEAR,DRY,DAYLIGHT,TRAFFIC SIGNAL,NONE DETECTED,Unknown,SUSPECTED MINOR INJURY,NOT DISTRACTED,MD,VAN,45,2000,FORD,E350
MCP3068004F,220051512,Montgomery County Police,Property Damage Crash,11/21/2022 03:51:00 PM,County,LINDALE DR,JOHNSON AVE,SAME DIRECTION SIDESWIPE,CLEAR,DRY,DAYLIGHT,NO CONTROLS,,No,NO APPARENT INJURY,NO DRIVER PRESENT,MD,PASSENGER CAR,35,2016,TOYT,SD
MCP1022006D,17009352,Montgomery County Police,Injury Crash,02/21/2017 01:30:00 PM,Maryland (State),FREDERICK RD,SCENERY DR,STRAIGHT MOVEMENT ANGLE,CLEAR,DRY,DAYLIGHT,NO CONTROLS,NONE DETECTED,Yes,NO APPARENT INJURY,NOT DISTRACTED,MD,(SPORT) UTILITY VEHICLE,30,2008,ACUR,MDX
DM8498000W,230055280,Takoma Park Police Depart,Property Damage Crash,09/16/2023 07:30:00 PM,Municipality,HILTON AVE,TRESCOTT AVE,SAME DIR REAR END,CLEAR,DRY,DARK LIGHTS ON,NO CONTROLS,NONE DETECTED,Yes,NO APPARENT INJURY,UNKNOWN,MD,OTHER,15,2020,FORD,TK
MCP31640024,190042533,Montgomery County Police,Property Damage Crash,09-05-19 12:00,Maryland (State),VEIRS MILL RD,REEDIE DR,HEAD ON,,,DAYLIGHT,TRAFFIC SIGNAL,NONE DETECTED,Yes,NO APPARENT INJURY,NOT DISTRACTED,MD,PASSENGER CAR,35,2002,FORD,RANGER
MCP32080021,210038047,Montgomery County Police,Property Damage Crash,09/26/2021 01:38:00 AM,US (State),COLUMBIA PIKE,LOCKWOOD DR,SAME DIR REAR END,CLEAR,DRY,DARK LIGHTS ON,TRAFFIC SIGNAL,ALCOHOL PRESENT,Yes,NO APPARENT INJURY,UNKNOWN,MD,PASSENGER CAR,40,2007,MAZD,HB
MCP2969003R,170535439,Montgomery County Police,Property Damage Crash,10-08-17 10:10,County,RANDOLPH RD,TIVOLI LAKE BLVD,SAME DIR REAR END,RAINING,WET,DAYLIGHT,TRAFFIC SIGNAL,NONE DETECTED,Yes,NO APPARENT INJURY,NOT DISTRACTED,MD,PASSENGER CAR,40,2008,TOYOTA,PRIUS
DD5508004W,180036882,Rockville Police Departme,Injury Crash,07/25/2018 05:41:00 PM,Municipality,RESEARCH BLVD,RESEARCH CT,SAME DIRECTION SIDESWIPE,RAINING,WET,DARK LIGHTS ON,NO CONTROLS,NONE DETECTED,No,POSSIBLE INJURY,NOT DISTRACTED,MD,PASSENGER CAR,40,2009,TOYOTA,CAMRY
MCP9417001C,16030023,Montgomery County Police,Injury Crash,06/14/2016 01:24:00 PM,Maryland (State),ROCKVILLE PIKE,GLENBROOK PKWY,HEAD ON LEFT TURN,CLEAR,DRY,DAYLIGHT,PERSON,NONE DETECTED,No,POSSIBLE INJURY,NOT DISTRACTED,MD,PASSENGER CAR,35,1998,TOYOTA,CAMRY
MCP2667003L,17015004,Montgomery County Police,Property Damage Crash,03/24/2017 05:51:00 AM,Maryland (State),WOODFIELD RD,MUNCASTER MILL RD,STRAIGHT MOVEMENT ANGLE,CLEAR,DRY,DARK LIGHTS ON,TRAFFIC SIGNAL,UNKNOWN,Yes,NO APPARENT INJURY,UNKNOWN,,,35,0,UNKNOWN,UNKNOWN
MCP0539003C,170540669,Montgomery County Police,Injury Crash,11-03-17 12:48,County,HOLDRIDGE RD,JANET RD,STRAIGHT MOVEMENT ANGLE,CLEAR,DRY,DAYLIGHT,STOP SIGN,NONE DETECTED,No,POSSIBLE INJURY,NOT DISTRACTED,MD,PASSENGER CAR,25,2009,HONDA,CIVIC
MCP33000034,250018608,MONTGOMERY,Property Damage Crash,04/28/2025 10:08:00 PM,County Route,,,"Sideswipe, Same Direction",Clear,Dry,Dark - Lighted,Pedestrian Crossing Sign,"Not Suspect of Alcohol Use, Not Suspect of Drug Use",No,No Apparent Injury,Not Distracted,MD,Station Wagon,30,2024,SUBARU,CROSSTREK
MCP2708002V,180000310,Montgomery County Police,Property Damage Crash,01-02-18 20:27,Maryland (State),NEW HAMPSHIRE AVE,ELTON RD,SAME DIRECTION SIDESWIPE,CLEAR,DRY,DARK LIGHTS ON,NO CONTROLS,NONE DETECTED,Yes,NO APPARENT INJURY,NOT DISTRACTED,MD,TRANSIT BUS,40,2006,TBU,BUS
MCP3355001V,250047821,MONTGOMERY,Property Damage Crash,10/24/2025 01:00:00 PM,Maryland (State) Route,EAST WEST HWY,,Single Vehicle,Clear,Dry,Daylight,No Controls,"Not Suspect of Alcohol Use, Not Suspect of Drug Use",Yes,No Apparent Injury,Unknown,MD,Passenger Car,30,2003,HONDA,ODYSSEY
MCP24960035,210048865,Montgomery County Police,Property Damage Crash,12-02-21 7:17,Maryland (State),DARNESTOWN RD,TURKEY FOOT RD,SAME DIR REAR END,CLEAR,DRY,DAWN,NO CONTROLS,NONE DETECTED,Yes,NO APPARENT INJURY,NOT DISTRACTED,MD,PASSENGER CAR,30,2011,MAZDA,4S
MCP1564007H,230033552,Montgomery County Police,Injury Crash,07/14/2023 12:57:00 PM,Maryland (State),OLNEY SANDY SPRING RD,SLADE SCHOOL RD,STRAIGHT MOVEMENT ANGLE,CLEAR,DRY,DAYLIGHT,STOP SIGN,,No,NO APPARENT INJURY,NOT DISTRACTED,MD,PASSENGER CAR,30,2016,TOYT,HIGHLANDER
MCP3118002G,190047943,Montgomery County Police,Property Damage Crash,10-06-19 12:30,Maryland (State),NORBECK RD,LAUGHLIN LA,SAME DIR REAR END,CLOUDY,DRY,DAYLIGHT,,NONE DETECTED,Yes,NO APPARENT INJURY,UNKNOWN,MD,PICKUP TRUCK,40,2016,FORD,F150
MCP3197004T,250045431,MONTGOMERY,Injury Crash,10-09-25 15:35,Maryland (State) Route,LAYHILL RD (SB/L),,Single Vehicle,Clear,Dry,Daylight,Traffic Control Signal,"Not Suspect of Alcohol Use, Not Suspect of Drug Use",No,No Apparent Injury,Not Distracted,MD,Van - Passenger (&lt;9 Seats),40,2023,TOYOTA,SIENNA
MCP3268002K,220054949,Montgomery County Police,Property Damage Crash,12-12-22 14:01,County,OLD COLUMBIA PIKE,MUSGROVE RD,STRAIGHT MOVEMENT ANGLE,CLEAR,DRY,DAYLIGHT,STOP SIGN,,Yes,NO APPARENT INJURY,NOT DISTRACTED,MD,PASSENGER CAR,25,2019,BMW,530I
MCP14170082,170531908,Montgomery County Police,Property Damage Crash,09/21/2017 10:45:00 AM,,,,OTHER,,,DAYLIGHT,NO CONTROLS,NONE DETECTED,Yes,NO APPARENT INJURY,UNKNOWN,MD,"MEDIUM/HEAVY TRUCKS 3 AXLES (OVER 10,000LBS (4,536KG))",15,2011,CRANE CARRIER,DISPOSAL
MCP3377000Z,240007414,MONTGOMERY,Property Damage Crash,02/15/2024 01:30:00 AM,Maryland (State) Route,UNIVERSITY BLVD W,COLESVILLE RD (SB/L),"Sideswipe, Same Direction",Clear,Dry,Dark - Lighted,Flashing Traffic Control Signal,"Not Suspect of Alcohol Use, Not Suspect of Drug Use",No,No Apparent Injury,Not Distracted,MD,Passenger Car,35,2022,CHEVROLET,MALIBU
MCP94240031,220001985,Montgomery County Police,Property Damage Crash,01/16/2022 09:45:00 PM,Maryland (State),RIDGE RD,VALLEY PARK DR,STRAIGHT MOVEMENT ANGLE,RAINING,WET,DARK LIGHTS ON,NO CONTROLS,NONE DETECTED,Unknown,NO APPARENT INJURY,NOT DISTRACTED,VA,PASSENGER CAR,40,2015,NISSAN,SENTRA
MCP2536001J,170530683,Montgomery County Police,Injury Crash,09/15/2017 12:50:00 AM,County,BONIFANT RD,NEW HAMPSHIRE AVE,HEAD ON,CLEAR,DRY,DARK LIGHTS ON,NO CONTROLS,NONE DETECTED,No,SUSPECTED MINOR INJURY,NOT DISTRACTED,MD,PASSENGER CAR,35,2008,TOYOTA,SIENNA
MCP3070001D,200005831,Montgomery County Police,Injury Crash,02-04-20 16:40,Maryland (State),WISCONSIN AVE,S CHELSEA LA,STRAIGHT MOVEMENT ANGLE,CLOUDY,DRY,DAYLIGHT,NO CONTROLS,,Yes,NO APPARENT INJURY,LOOKED BUT DID NOT SEE,MD,PASSENGER CAR,35,2010,TOYT,4S
MCP33580040,250055004,MONTGOMERY,Property Damage Crash,12-09-25 6:35,County Route,RANDOLPH RD (WB/L),,Front to Rear,Clear,Dry,Dark - Not Lighted,Traffic Control Signal,"Not Suspect of Alcohol Use, Not Suspect of Drug Use",No,No Apparent Injury,Not Distracted,MD,Passenger Car,35,2014,NISSAN,ALTIMA
MCP1048001F,16011711,MONTGOMERY,Property Damage Crash,03-09-16 13:14,Maryland (State),FALLS RD,GLEN RD,SAME DIR REAR END,CLEAR,DRY,DAYLIGHT,,NONE DETECTED,Yes,NO APPARENT INJURY,NOT DISTRACTED,MD,PASSENGER CAR,35,2004,TOYOTA,CAMERY
MCP3002002Y,180052146,Montgomery County Police,Property Damage Crash,10/18/2018 08:56:00 AM,Interstate (State),NO NAME,RAMP 8 FR MD 355 SB TO IS 370 WB,SAME DIRECTION SIDESWIPE,CLEAR,DRY,DAYLIGHT,NO CONTROLS,NONE DETECTED,Yes,NO APPARENT INJURY,LOOKED BUT DID NOT SEE,MD,(SPORT) UTILITY VEHICLE,55,2011,BMW,X5
MCP3061001Z,220049410,Montgomery County Police,Property Damage Crash,11-09-22 4:43,Maryland (State),GREAT SENECA HWY,DAWSON FARM RD,SINGLE VEHICLE,CLEAR,DRY,DARK LIGHTS ON,NO CONTROLS,NONE DETECTED,Yes,NO APPARENT INJURY,UNKNOWN,MD,PASSENGER CAR,35,2011,HYUNDAI,ELANTRA
MCP2398001K,170511725,Montgomery County Police,Injury Crash,06-04-17 12:29,County,WASHINGTON GROVE LA,MIDCOUNTY HWY,SAME DIR REAR END,CLEAR,DRY,DAYLIGHT,TRAFFIC SIGNAL,NONE DETECTED,No,NO APPARENT INJURY,NOT DISTRACTED,MD,PASSENGER CAR,35,2007,AUDI,A4
MCP3048009B,230006190,Montgomery County Police,Property Damage Crash,02-07-23 5:45,County,GROSVENOR LA,SPUR TO MD 355,SAME DIRECTION SIDESWIPE,CLEAR,DRY,DARK LIGHTS ON,YIELD SIGN,,No,NO APPARENT INJURY,NOT DISTRACTED,MD,PASSENGER CAR,5,2013,CHEVROLET,IMPALA
MCP2314004J,250010706,MONTGOMERY,Property Damage Crash,03-11-25 18:14,County Route,NORTH COMMONS WAY,WANDERING TRAIL DR,Angle,Clear,Dry,Daylight,No Controls,"Not Suspect of Alcohol Use, Not Suspect of Drug Use",No,No Apparent Injury,Not Distracted,MD,Van - Passenger (&lt;9 Seats),25,2018,HONDA,ODYSSEY
MCP3010000G,16006212,Montgomery County Police,Property Damage Crash,02-06-16 11:19,Maryland (State),RIVER RD,BURDETTE RD,SAME DIR REAR END,CLEAR,DRY,DAYLIGHT,NO CONTROLS,,No,NO APPARENT INJURY,NOT DISTRACTED,MD,"MEDIUM/HEAVY TRUCKS 3 AXLES (OVER 10,000LBS (4,536KG))",45,2015,HINO,TK
DD5603004Y,170544267,Rockville Police Departme,Property Damage Crash,11/22/2017 09:15:00 AM,Maryland (State),ROCKVILLE PIKE,TWINBROOK PKWY,ANGLE MEETS RIGHT TURN,CLEAR,DRY,DAYLIGHT,FLASHING TRAFFIC SIGNAL,NONE DETECTED,No,NO APPARENT INJURY,NOT DISTRACTED,VA,VAN,40,2013,DODGE,CARAVAN
MCP31270023,230004494,Montgomery County Police,Injury Crash,01/27/2023 04:29:00 PM,Maryland (State),EAST WEST HWY,GRUBB RD,HEAD ON LEFT TURN,,DRY,DAYLIGHT,TRAFFIC SIGNAL,NONE DETECTED,No,NO APPARENT INJURY,NOT DISTRACTED,MD,PASSENGER CAR,35,2015,HONDA,CIVIC
MCP13090022,180052351,Montgomery County Police,Property Damage Crash,10/19/2018 11:09:00 AM,Other Public Roadway,OBSERVATION DR,GERMANTOWN RD,STRAIGHT MOVEMENT ANGLE,CLEAR,DRY,DAYLIGHT,STOP SIGN,NONE DETECTED,No,NO APPARENT INJURY,NOT DISTRACTED,MD,PASSENGER CAR,15,2010,TOYT,4S
MCP3380000Z,240025184,MONTGOMERY,Property Damage Crash,05/28/2024 10:28:00 AM,,,,Rear To Rear,Clear,,Daylight,,"Unknown, Unknown",No,,,,Passenger Car,0,2007,TOYOTA,COROLLA
MCP2752005X,230060922,Montgomery County Police,Injury Crash,10/16/2023 05:10:00 PM,County,OAKLYN DR,AVENEL FARM DR,SINGLE VEHICLE,CLEAR,DRY,DAYLIGHT,NO CONTROLS,ALCOHOL PRESENT,Yes,POSSIBLE INJURY,NOT DISTRACTED,MD,PASSENGER CAR,35,2018,TOYOTA,CAMRY
MCP3347002T,250025081,MONTGOMERY,Property Damage Crash,06-05-25 15:05,Maryland (State) Route,BRADLEY BLVD,,Front to Rear,Clear,Dry,Daylight,Pedestrian Crossing Sign,"Not Suspect of Alcohol Use, Not Suspect of Drug Use",No,No Apparent Injury,Not Distracted,MD,Passenger Car,25,2024,SUBARU,CROSSTREK
MCP33910026,250044821,MONTGOMERY,Injury Crash,10-05-25 19:40,County Route,RANDOLPH RD (WB/L),,Front to Rear,Clear,Dry,Dark - Lighted,Traffic Control Signal,"Not Suspect of Alcohol Use, Not Suspect of Drug Use",No,Possible Injury,Not Distracted,MD,Passenger Car,40,2020,TOYOTA,RAV4
MCP2933000T,15063394,MONTGOMERY,Property Damage Crash,12-11-15 19:07,Maryland (State),BRADLEY BLVD,ENT TO LANDON BOYS SCHOOL,STRAIGHT MOVEMENT ANGLE,CLEAR,DRY,DARK LIGHTS ON,STOP SIGN,NONE DETECTED,No,NO APPARENT INJURY,NOT DISTRACTED,MD,PASSENGER CAR,30,2016,SUBARU,OUTBACK
MCP2177003D,180038965,Montgomery County Police,Injury Crash,08-06-18 11:14,Municipality,WOOTTON PKWY,SEVEN LOCKS RD,HEAD ON LEFT TURN,CLEAR,DRY,DAYLIGHT,TRAFFIC SIGNAL,NONE DETECTED,Yes,SUSPECTED MINOR INJURY,NOT DISTRACTED,MD,PASSENGER CAR,40,2012,TOYOTA,COROLLA
MCP913000C5,220007715,Montgomery County Police,Property Damage Crash,02/22/2022 09:16:00 AM,US (State),COLESVILLE RD,UNIVERSITY BLVD E,SAME DIR REAR END,CLOUDY,DRY,DAYLIGHT,TRAFFIC SIGNAL,NONE DETECTED,No,NO APPARENT INJURY,NOT DISTRACTED,XX,PASSENGER CAR,35,2012,HONDA,CIVIC
MCP2639000V,15025059,Montgomery County Police,Injury Crash,05/25/2015 01:15:00 AM,Maryland (State),UNIVERSITY BLVD W,GABEL ST,STRAIGHT MOVEMENT ANGLE,CLEAR,DRY,DARK LIGHTS ON,FLASHING TRAFFIC SIGNAL,NONE DETECTED,Yes,NO APPARENT INJURY,NOT DISTRACTED,DC,"OTHER LIGHT TRUCKS (10,000LBS (4,536KG) OR LESS)",40,2012,JEEP,WRANGLER