Report Number,Local Case Number,Agency Name,ACRS Report Type,Crash Date/Time,Route Type,Road Name,Cross-Street Name,Collision Type,Weather,Surface Condition,Light,Traffic Control,Driver Substance Abuse,Driver At Fault,Injury Severity,Driver Distracted By,Drivers License State,Vehicle Body Type,Speed Limit,Vehicle Year,Vehicle Make,Vehicle Model
MCP1022006C,17008431,Montgomery County Police,Property Damage Crash,02/16/2017 01:25:00 PM,Maryland (State),FREDERICK RD,GERMANTOWN RD,SAME DIR REAR END,CLEAR,DRY,DAYLIGHT,NO CONTROLS,NONE DETECTED,Yes,NO APPARENT INJURY,NOT DISTRACTED,MD,PICKUP TRUCK,45,2006,CHEVROLET,SILVERADO
EJ78470019,15043285,GAITHERSBURG,Property Damage Crash,08/28/2015 08:15:00 PM,Maryland (State),QUINCE ORCHARD RD,QUINCE ORCHARD BLVD,SINGLE VEHICLE,CLEAR,DRY,DARK LIGHTS ON,NO CONTROLS,NONE DETECTED,No,NO APPARENT INJURY,NOT DISTRACTED,DC,PASSENGER CAR,40,2012,JEEP,GRAND CHEROKEE
EJ7876004W,220036918,Gaithersburg Police Depar,Injury Crash,08/27/2022 03:30:00 PM,Municipality,BUREAU DR,CROSSOVER,OTHER,CLEAR,DRY,DAYLIGHT,STOP SIGN,NONE DETECTED,Yes,NO APPARENT INJURY,LOOKED BUT DID NOT SEE,MD,PASSENGER CAR,10,2015,NISSAN,PATHFINDER
MCP27980040,180016957,Montgomery County Police,Injury Crash,04-08-18 0:32,Maryland (State),S FREDERICK RD,W DEER PARK RD,OTHER,CLEAR,DRY,DARK LIGHTS ON,TRAFFIC SIGNAL,NONE DETECTED,No,NO APPARENT INJURY,NOT DISTRACTED,MD,PASSENGER CAR,35,2012,HOND,4S
MCP29310045,200001548,Montgomery County Police,Injury Crash,01-09-20 19:09,Maryland (State),FALLS RD,WINTERSET DR,SAME DIR REAR END,CLEAR,DRY,DARK -- UNKNOWN LIGHTING,,,No,POSSIBLE INJURY,NOT DISTRACTED,MD,PASSENGER CAR,35,2013,ACUR,TK
MCP3059003Y,190045450,Montgomery County Police,Injury Crash,09/22/2019 04:34:00 PM,County,HOMECREST RD,VALLEYFIELD DR,HEAD ON,CLEAR,DRY,DAYLIGHT,NO CONTROLS,COMBINED SUBSTANCE PRESENT,Yes,SUSPECTED SERIOUS INJURY,UNKNOWN,MD,PASSENGER CAR,25,2014,VOLKS,JETTA
MCP3374002F,240061163,MONTGOMERY,Property Damage Crash,12/22/2024 02:20:00 PM,County Route,OLD GEORGETOWN RD (SB/L),,Unknown,Clear,Dry,Daylight,No Controls,"Unknown, Unknown",No,,,,Unknown,35,0,,
MCP2764003H,240037511,MONTGOMERY,Injury Crash,08-08-24 20:45,County Route,MANOR RD,CONNECTICUT AVE,Single Vehicle,Rain,Wet,Dark - Lighted,Pedestrian Crossing,"Unknown, Unknown",No,No Apparent Injury,Unknown,,Passenger Car,25,0,,
MCP2674005G,240043659,MONTGOMERY,Injury Crash,09/13/2024 06:53:00 PM,Local Route,RIDGE MANOR DR,BETHESDA CHURCH RD,Angle,Clear,Dry,Daylight,Stop Sign,"Not Suspect of Alcohol Use, Not Suspect of Drug Use",No,No Apparent Injury,Not Distracted,MD,Passenger Car,25,2019,HONDA,CIVIC
MCP9406000S,16027775,Montgomery County Police,Property Damage Crash,06-03-16 13:35,Maryland (State),VEIRS MILL RD,ROBINDALE DR,SAME DIRECTION SIDESWIPE,CLEAR,DRY,DAYLIGHT,TRAFFIC SIGNAL,NONE DETECTED,Unknown,NO APPARENT INJURY,UNKNOWN,MD,PASSENGER CAR,45,2003,TOYT,CAMRY
DD5644001S,210041321,Rockville Police Departme,Property Damage Crash,10/15/2021 11:00:00 AM,Maryland (State),E JEFFERSON ST,MONROE ST,SAME DIRECTION SIDESWIPE,CLEAR,DRY,DAYLIGHT,TRAFFIC SIGNAL,NONE DETECTED,No,NO APPARENT INJURY,NOT DISTRACTED,MD,(SPORT) UTILITY VEHICLE,25,2016,MAZD,TK
MCP3452001Y,250054821,MONTGOMERY,Property Damage Crash,12-08-25 8:15,County Route,WINDHAM LA,GEORGIA AVE (SB/L) METRORAIL TRACK B2 RAIL,Other,Cloudy,Dry,Daylight,Traffic Control Signal,"Not Suspect of Alcohol Use, Not Suspect of Drug Use",Yes,No Apparent Injury,Unknown,MD,Passenger Car,35,2023,TESLA,MODEL Y
MCP2008007K,200014804,Montgomery County Police,Injury Crash,04-02-20 15:48,County,NICHOLSON LA,HUFF CT,STRAIGHT MOVEMENT ANGLE,CLEAR,DRY,DAYLIGHT,TRAFFIC SIGNAL,NONE DETECTED,Yes,POSSIBLE INJURY,LOOKED BUT DID NOT SEE,MD,PASSENGER CAR,35,2002,VOLV,SW
MCP11480013,15057111,MONTGOMERY,Property Damage Crash,11-09-15 12:02,Maryland (State),WILSON LA,EXETER RD,STRAIGHT MOVEMENT ANGLE,CLOUDY,DRY,DAYLIGHT,STOP SIGN,NONE DETECTED,No,NO APPARENT INJURY,NOT DISTRACTED,MD,PASSENGER CAR,25,2013,BMW,325
MCP209400HW,210044287,Montgomery County Police,Property Damage Crash,11-02-21 11:53,Maryland (State),OLD GEORGETOWN RD,OAKMONT AVE,SAME DIR REAR END,RAINING,WET,DAYLIGHT,TRAFFIC SIGNAL,NONE DETECTED,No,NO APPARENT INJURY,NOT DISTRACTED,MD,PASSENGER CAR,40,2016,VOLVO,SW/V60
MCP3271004V,240033827,MONTGOMERY,Property Damage Crash,07/17/2024 05:40:00 PM,Maryland (State) Route,,,Front to Rear,Cloudy,Wet,Daylight,No Controls,"Not Suspect of Alcohol Use, Not Suspect of Drug Use",No,No Apparent Injury,Not Distracted,DC,Station Wagon,35,2013,FORD,E-150
MCP2893001Y,16021147,Montgomery County Police,Property Damage Crash,04/29/2016 05:21:00 PM,Maryland (State),FREDERICK RD,GUNNERS BRANCH RD,HEAD ON LEFT TURN,CLEAR,DRY,DAYLIGHT,,NONE DETECTED,No,NO APPARENT INJURY,NOT DISTRACTED,FL,PASSENGER CAR,45,2010,TOYT,4S
MCP3274000G,210006672,Montgomery County Police,Injury Crash,02/21/2021 10:30:00 AM,Maryland (State),RIVER RD,RAMP 8 FR RAMP 5 (FR IS495) TO MD 190 WB,HEAD ON LEFT TURN,CLEAR,DRY,DAYLIGHT,TRAFFIC SIGNAL,NONE DETECTED,No,SUSPECTED MINOR INJURY,NOT DISTRACTED,MD,PASSENGER CAR,35,2016,NISSAN,ROGUE
EJ7837006X,230026451,Gaithersburg Police Depar,Property Damage Crash,06-02-23 7:30,Municipality,CEDAR AVE,GEORGE ST,ANGLE MEETS LEFT HEAD ON,CLEAR,DRY,DAYLIGHT,STOP SIGN,,Yes,NO APPARENT INJURY,LOOKED BUT DID NOT SEE,MD,PASSENGER CAR,25,2005,TOYT,VN
MCP3050000Z,170511537,Montgomery County Police,Property Damage Crash,06-03-17 11:16,Maryland (State),GEORGIA AVE,RANDOLPH RD,SAME DIRECTION SIDESWIPE,CLEAR,DRY,DAYLIGHT,TRAFFIC SIGNAL,NONE DETECTED,No,NO APPARENT INJURY,NOT DISTRACTED,MD,(SPORT) UTILITY VEHICLE,45,2015,JEEP,RENEGADE
MCP2627000S,15053866,MONTGOMERY,Property Damage Crash,10/23/2015 05:09:00 PM,Interstate (State),CAPITAL BELTWAY,BRADLEY BLVD,SAME DIR REAR END,CLEAR,DRY,DAYLIGHT,NO CONTROLS,NONE DETECTED,No,NO APPARENT INJURY,NOT DISTRACTED,MD,PASSENGER CAR,55,2006,BMW,325I
MCP29500029,200024231,Montgomery County Police,Property Damage Crash,06/21/2020 12:11:00 AM,Maryland (State),FREDERICK RD,GERMANTOWN RD,SAME DIR REAR END,CLEAR,DRY,DARK LIGHTS ON,TRAFFIC SIGNAL,NONE DETECTED,No,NO APPARENT INJURY,NOT DISTRACTED,MD,PASSENGER CAR,45,2016,NISSAN,SENTRA
MCP3306000J,210036701,Montgomery County Police,Property Damage Crash,09/13/2021 07:30:00 AM,County,NORWOOD DR,STRATFORD RD,UNKNOWN,CLEAR,DRY,DAWN,NO CONTROLS,NONE DETECTED,Yes,NO APPARENT INJURY,UNKNOWN,MD,SCHOOL BUS,25,2011,FREIGHTLINER,SCHOOL BUS
MCP2829004J,180018375,Montgomery County Police,Injury Crash,04/15/2018 08:44:00 AM,County,CASTLE BLVD,TEAGARDEN CIR,STRAIGHT MOVEMENT ANGLE,CLOUDY,DRY,DAYLIGHT,NO CONTROLS,NONE DETECTED,No,POSSIBLE INJURY,NOT DISTRACTED,MD,PASSENGER CAR,25,2014,NISSAN,SENTRA
MCP2987002P,170547697,Montgomery County Police,Property Damage Crash,12-10-17 7:40,,,,OTHER,CLOUDY,,DAYLIGHT,NO CONTROLS,NONE DETECTED,Yes,NO APPARENT INJURY,NOT DISTRACTED,VA,FIRE VEHICLE/EMERGENCY,0,2008,SPAR,TK
MCP285900F1,230064162,Montgomery County Police,Property Damage Crash,11-03-23 11:55,Municipality,BANK ST,QUINCE ORCHARD RD,STRAIGHT MOVEMENT ANGLE,CLEAR,DRY,DAYLIGHT,STOP SIGN,NONE DETECTED,Yes,NO APPARENT INJURY,UNKNOWN,MD,PASSENGER CAR,30,2019,TOYT,CAMRY
MCP32400020,210016272,Montgomery County Police,Property Damage Crash,05-01-21 15:07,County,MIDDLEBROOK RD,FREDERICK RD,STRAIGHT MOVEMENT ANGLE,CLEAR,DRY,DAYLIGHT,STOP SIGN,,No,NO APPARENT INJURY,NOT DISTRACTED,MD,PASSENGER CAR,45,2000,MERCEDES,E430
MCP29070010,15036416,MONTGOMERY,Property Damage Crash,07/23/2015 11:12:00 PM,County,NEWPORT MILL RD,WEXFORD DR (BACK),SAME DIR REAR END,CLEAR,DRY,DARK LIGHTS ON,NO CONTROLS,UNKNOWN,No,NO APPARENT INJURY,NO DRIVER PRESENT,MD,PASSENGER CAR,25,2003,ACURA,4S
MCP3200005G,220016987,Montgomery County Police,Injury Crash,04/21/2022 04:35:00 PM,Maryland (State),ROCKVILLE PIKE,EDMONSTON DR,SAME DIR REAR END,CLOUDY,DRY,,NO CONTROLS,NONE DETECTED,Yes,NO APPARENT INJURY,UNKNOWN,MD,PASSENGER CAR,35,2017,CHEVROLET,TRAVERSE
MCP3105001T,190006968,Montgomery County Police,Property Damage Crash,02/13/2019 07:51:00 AM,Other Public Roadway,CRYSTAL ROCK DR,CRYSTAL ROCK CT,SAME DIR REAR END,CLEAR,DRY,DAYLIGHT,NO CONTROLS,NONE DETECTED,Yes,NO APPARENT INJURY,UNKNOWN,MD,(SPORT) UTILITY VEHICLE,30,2013,FORD,ESCAPE
MCP33470012,230047475,Montgomery County Police,Injury Crash,08-02-23 15:08,County,MILSTEAD DR,NOWELL DR,SAME DIR REAR END,CLEAR,DRY,DAYLIGHT,NO CONTROLS,NONE DETECTED,Yes,POSSIBLE INJURY,INATTENTIVE OR LOST IN THOUGHT,MD,PASSENGER CAR,25,2013,TOYOTA,CAMRY
MCP2878002C,16058534,Montgomery County Police,Property Damage Crash,11/13/2016 04:20:00 PM,County,FATHER HURLEY BLVD,EISENHOWER MEMORIAL HWY,SAME DIR REAR END,CLEAR,DRY,DAYLIGHT,TRAFFIC SIGNAL,NONE DETECTED,Yes,NO APPARENT INJURY,UNKNOWN,MD,PASSENGER CAR,40,2006,MERCURY,MILAN
MCP285900F2,230065046,Montgomery County Police,Injury Crash,11-08-23 7:30,County,SHADY GROVE RD,RAMP 7 FR SHADY GROVE RD WB TO IS 270 SB,SAME DIR REAR END,CLEAR,DRY,DAYLIGHT,NO CONTROLS,NONE DETECTED,No,NO APPARENT INJURY,NOT DISTRACTED,MD,PASSENGER CAR,30,2018,CHEV,SILVERADO
MCP27360051,170531763,Montgomery County Police,Injury Crash,09/20/2017 03:43:00 PM,Maryland (State),CONNECTICUT AVE,SAUL RD,SAME DIR REAR END,,DRY,DAYLIGHT,TRAFFIC SIGNAL,NONE DETECTED,No,NO APPARENT INJURY,NOT DISTRACTED,MD,PASSENGER CAR,35,2014,TOYTOTA,4S
MCP32370009,200009277,Montgomery County Police,Property Damage Crash,02/26/2020 01:06:00 AM,Maryland (State),S FREDERICK RD,E DEER PARK DR,SINGLE VEHICLE,CLEAR,DRY,DARK LIGHTS ON,NO CONTROLS,ALCOHOL CONTRIBUTED,Yes,NO APPARENT INJURY,OTHER DISTRACTION,MD,PASSENGER CAR,35,2016,DODGE,CHARGER
MCP9386007N,200038221,Montgomery County Police,Injury Crash,09/29/2020 06:00:00 AM,County,CEDAR LA,BEACH DR,STRAIGHT MOVEMENT ANGLE,CLOUDY,DRY,DARK LIGHTS ON,TRAFFIC SIGNAL,NONE DETECTED,Yes,NO APPARENT INJURY,UNKNOWN,MD,PASSENGER CAR,25,2017,MAZDA,6
EJ78880020,220010128,Gaithersburg Police Depar,Property Damage Crash,03-09-22 12:20,Municipality,RUSSELL AVE,LAKE FOREST BLVD,HEAD ON LEFT TURN,RAINING,WET,DAYLIGHT,TRAFFIC SIGNAL,NONE DETECTED,Yes,NO APPARENT INJURY,LOOKED BUT DID NOT SEE,MD,PASSENGER CAR,25,2010,TOYOTA,RAV4
EJ7906002H,250024266,GAITHERSBURG,Property Damage Crash,05/31/2025 09:18:00 PM,,,,Front to Front,Clear,,Daylight,,"Not Suspect of Alcohol Use, Not Suspect of Drug Use",Yes,No Apparent Injury,Unknown,TX,Passenger Car,0,2007,FORD,EXPEDITION
MCP26350025,15024257,Montgomery County Police,Injury Crash,05/20/2015 04:57:00 PM,Maryland (State),NORBECK RD,MUNCASTER MILL RD,STRAIGHT MOVEMENT ANGLE,CLEAR,DRY,DAYLIGHT,TRAFFIC SIGNAL,,Yes,NO APPARENT INJURY,UNKNOWN,MD,PICKUP TRUCK,40,2010,NISSAN,FRONTIER
MCP2771003X,240053287,MONTGOMERY,Injury Crash,11-06-24 13:16,County Route,,,Front to Rear,Cloudy,Dry,Daylight,Traffic Control Signal,"Not Suspect of Alcohol Use, Not Suspect of Drug Use",No,Possible Injury,Not Distracted,MD,Sport Utility Vehicle,35,2024,SUBARU,FORESTER
MCP2363001F,180045821,Montgomery County Police,Injury Crash,09/13/2018 08:17:00 PM,County,WELLER RD,FELDON ST,SAME DIRECTION LEFT TURN,CLOUDY,DRY,DARK LIGHTS ON,NO CONTROLS,NONE DETECTED,No,NO APPARENT INJURY,NOT DISTRACTED,MD,PASSENGER CAR,25,2016,HOND,ACCORD
EJ78260028,170512243,Gaithersburg Police Depar,Injury Crash,06-07-17 7:49,Maryland (State),QUINCE ORCHARD RD,ENT TO PARK & RIDE,HEAD ON LEFT TURN,CLOUDY,DRY,DAYLIGHT,TRAFFIC SIGNAL,,No,POSSIBLE INJURY,NOT DISTRACTED,MD,PASSENGER CAR,35,2006,MERC,MARINER
MCP2827001F,15045802,MONTGOMERY,Property Damage Crash,09-10-15 17:59,Maryland (State),NEW HAMPSHIRE AVE,CRYSTAL SPRING DR,HEAD ON LEFT TURN,CLEAR,DRY,DAYLIGHT,NO CONTROLS,NONE DETECTED,Yes,NO APPARENT INJURY,NOT DISTRACTED,MD,PASSENGER CAR,40,2013,FORD,FOCUS
MCP3259000L,200037278,Montgomery County Police,Injury Crash,09/22/2020 09:30:00 AM,Maryland (State),ROCKVILLE PIKE,EDMONSTON DR,STRAIGHT MOVEMENT ANGLE,CLEAR,DRY,DAYLIGHT,NO CONTROLS,NONE DETECTED,No,SUSPECTED MINOR INJURY,NOT DISTRACTED,MD,PASSENGER CAR,40,2017,MERCEDES-BENZ,C 300
MCP2582000Y,16006669,Montgomery County Police,Property Damage Crash,02-09-16 3:54,Maryland (State),NORBECK RD,BALTIMORE RD,STRAIGHT MOVEMENT ANGLE,RAINING,WET,DARK NO LIGHTS,TRAFFIC SIGNAL,NONE DETECTED,Yes,NO APPARENT INJURY,NOT DISTRACTED,VA,(SPORT) UTILITY VEHICLE,35,2013,TOYOTA,SIENNA
MCP2231001J,15059475,MONTGOMERY,Injury Crash,11/21/2015 08:20:00 AM,Maryland (State),BRADLEY BLVD,HOWELL RD,SAME DIR REAR END,CLEAR,DRY,DAYLIGHT,NO CONTROLS,NONE DETECTED,No,NO APPARENT INJURY,NOT DISTRACTED,MD,"MEDIUM/HEAVY TRUCKS 3 AXLES (OVER 10,000LBS (4,536KG))",35,2004,STERLING,TRUCK
MCP2603005H,230054251,Montgomery County Police,Property Damage Crash,09-11-23 14:01,Municipality,RUSSELL AVE,CHRISTOPHER AVE,HEAD ON LEFT TURN,CLEAR,DRY,DAYLIGHT,TRAFFIC SIGNAL,,Yes,NO APPARENT INJURY,UNKNOWN,,PASSENGER CAR,35,2005,HONDA,ACCORD
EJ7851008Y,220055737,Gaithersburg Police Depar,Injury Crash,12/16/2022 03:15:00 PM,Maryland (State),QUINCE ORCHARD RD,W DIAMOND AVE,HEAD ON LEFT TURN,,DRY,DAYLIGHT,TRAFFIC SIGNAL,NONE DETECTED,Yes,POSSIBLE INJURY,LOOKED BUT DID NOT SEE,NJ,PASSENGER CAR,40,2016,HYUNDAI,SONATA
MCP23450013,240010015,MONTGOMERY,Property Damage Crash,03-01-24 7:40,,,,Single Vehicle,Clear,,Daylight,,"Not Suspect of Alcohol Use, Not Suspect of Drug Use",No,No Apparent Injury,Not Distracted,MD,Passenger Car,0,2018,NISSAN,ALTIMA
MCP28270026,16017950,Montgomery County Police,Property Damage Crash,04-12-16 19:24,County,RANDOLPH RD,KEMP MILL RD,ANGLE MEETS LEFT HEAD ON,CLEAR,DRY,DAYLIGHT,TRAFFIC SIGNAL,NONE DETECTED,Yes,NO APPARENT INJURY,LOOKED BUT DID NOT SEE,NY,PASSENGER CAR,40,1994,TOYOTA,4D
EJ78980072,250045704,GAITHERSBURG,Injury Crash,10-11-25 10:20,County Route,S WESTLAND DR,S WESTLAND DR,Other,Cloudy,Dry,Daylight,Traffic Control Signal,"Not Suspect of Alcohol Use, Not Suspect of Drug Use",No,Suspected Serious Injury,Not Distracted,MD,Passenger Car,25,2025,LEXUS,RX
MCP30210036,180037431,Montgomery County Police,Property Damage Crash,07/28/2018 12:25:00 PM,County,OLD COLUMBIA PIKE,TECH RD,STRAIGHT MOVEMENT ANGLE,,DRY,DAYLIGHT,STOP SIGN,NONE DETECTED,No,NO APPARENT INJURY,LOOKED BUT DID NOT SEE,MD,PASSENGER CAR,25,2010,CHEVY,EQUINOX
MCP21070028,190000776,Montgomery County Police,Property Damage Crash,01-05-19 12:29,County,AUTUMN RUST RD,BUBBLING SPRING RD,HEAD ON,RAINING,WET,DAYLIGHT,STOP SIGN,NONE DETECTED,Yes,NO APPARENT INJURY,NOT DISTRACTED,MD,PASSENGER CAR,25,2007,TOYT,4S
EJ78180008,15066649,Gaithersburg Police Depar,Property Damage Crash,12/28/2015 11:20:00 PM,County,SAM EIG HWY,FIELDS RD,SAME DIR REAR END,RAINING,WET,DARK LIGHTS ON,TRAFFIC SIGNAL,NONE DETECTED,Yes,NO APPARENT INJURY,DISTRACTED BY OUTSIDE PERSON OBJECT OR EVENT,MD,PASSENGER CAR,45,2003,MERZ,4S
MCP2350000D,16019959,Montgomery County Police,Property Damage Crash,04/23/2016 03:40:00 AM,County,E GUDE DR,SOUTHLAWN LA,SAME DIR REAR END,RAINING,WET,DARK LIGHTS ON,FLASHING TRAFFIC SIGNAL,NONE DETECTED,Yes,NO APPARENT INJURY,NOT DISTRACTED,MD,PASSENGER CAR,40,2005,LEXUS,ES330
MCP0617004N,220050474,Montgomery County Police,Injury Crash,11/15/2022 01:44:00 PM,,,,STRAIGHT MOVEMENT ANGLE,RAINING,,DAYLIGHT,NO CONTROLS,NONE DETECTED,Yes,POSSIBLE INJURY,NOT DISTRACTED,MD,PASSENGER CAR,0,2018,FORD,MUSTANG
MCP32250015,200049574,Montgomery County Police,Injury Crash,12/16/2020 08:00:00 PM,Maryland (State),GEORGIA AVE,WINDHAM LA,STRAIGHT MOVEMENT ANGLE,RAINING,WET,DARK LIGHTS ON,TRAFFIC SIGNAL,NONE DETECTED,No,NO APPARENT INJURY,NOT DISTRACTED,MD,PASSENGER CAR,35,2020,FORD,MUSTANG
MCP229800CM,17014411,Montgomery County Police,Property Damage Crash,03/21/2017 11:23:00 AM,,MATENY ROAD,LONGFORD GLEN DR,ANGLE MEETS LEFT TURN,CLOUDY,DRY,DAYLIGHT,STOP SIGN,NONE DETECTED,Yes,NO APPARENT INJURY,LOOKED BUT DID NOT SEE,NJ,(SPORT) UTILITY VEHICLE,35,2001,LEXUS,RX350
MCP32640013,200048192,Montgomery County Police,Injury Crash,12-07-20 12:12,US (State),GEORGIA AVE,WAYNE AVE,SAME DIR REAR END,CLEAR,DRY,DAYLIGHT,TRAFFIC SIGNAL,NONE DETECTED,No,POSSIBLE INJURY,NOT DISTRACTED,MD,PASSENGER CAR,25,2011,MAZDA,3
MCP3258004N,250004201,MONTGOMERY,Injury Crash,01/29/2025 02:09:00 PM,County Route,AMHERST AVE,LITTLE SORREL WAY,Rear To Side,Clear,Dry,Daylight,No Controls,"Not Suspect of Alcohol Use, Not Suspect of Drug Use",No,No Apparent Injury,Not Distracted,MD,Passenger Car,25,2017,HONDA,CR-V
EJ7863000H,16051802,Gaithersburg Police Depar,Injury Crash,10-08-16 17:18,County,GAME PRESERVE RD,R/R #CSX 140 513 J,HEAD ON,CLEAR,WET,DUSK,,NONE DETECTED,No,POSSIBLE INJURY,NOT DISTRACTED,MD,PASSENGER CAR,25,2011,INFI,4S
MCP3009001W,190049039,Montgomery County Police,Property Damage Crash,10-12-19 13:30,County,BRINK RD,BLUNT RD,OTHER,CLOUDY,DRY,DAYLIGHT,STOP SIGN,,No,NO APPARENT INJURY,NOT DISTRACTED,MD,PASSENGER CAR,35,2017,ACURA,TK
MCP3436001P,250048176,MONTGOMERY,Property Damage Crash,10/27/2025 09:48:00 AM,US (State),,DALE DR,"Sideswipe, Same Direction",Clear,Dry,Daylight,No Controls,"Not Suspect of Alcohol Use, Not Suspect of Drug Use",No,No Apparent Injury,Not Distracted,MD,Passenger Car,35,2022,HONDA,CIVIC
DD56250010,180046483,Rockville Police Departme,Property Damage Crash,09/17/2018 04:28:00 PM,Maryland (State),E JEFFERSON ST,MONROE ST,OTHER,RAINING,WET,DAYLIGHT,NO CONTROLS,,Unknown,NO APPARENT INJURY,NOT DISTRACTED,MD,SCHOOL BUS,30,2019,FRHT BU,BUS
EJ78980067,250016876,GAITHERSBURG,Injury Crash,04/18/2025 11:16:00 AM,Municipality Route,,E DEER PARK DR,Angle,Clear,Dry,Daylight,Traffic Control Signal,"Not Suspect of Alcohol Use, Not Suspect of Drug Use",Yes,No Apparent Injury,Unknown,VA,Passenger Car,35,2003,CHEVROLET,SILVERADO
MCP32770046,250052526,MONTGOMERY,Property Damage Crash,11/23/2025 01:25:00 AM,Maryland (State) Route,,,Single Vehicle,Clear,Dry,Dark - Not Lighted,No Controls,"Not Suspect of Alcohol Use, Not Suspect of Drug Use",Yes,No Apparent Injury,Not Distracted,,Passenger Car,35,2018,TOYOTA,COROLLA
MCP3168006Z,240036916,MONTGOMERY,Property Damage Crash,08-05-24 14:53,County Route,E GUDE DR,,"Sideswipe, Same Direction",Clear,Dry,Daylight,No Controls,"Not Suspect of Alcohol Use, Not Suspect of Drug Use",No,No Apparent Injury,Not Distracted,MD,"Construction Equipment (backhoe, bulldozer, etc.)",35,2024,MACK,WS
MCP27180017,15032857,MONTGOMERY,Injury Crash,07-05-15 15:09,Interstate (State),EISENHOWER MEMORIAL HWY,EXIT #10,OTHER,CLEAR,DRY,DAYLIGHT,,,Yes,SUSPECTED MINOR INJURY,UNKNOWN,MD,PASSENGER CAR,55,2013,HONDA,PILOT
MCP2914007M,180044591,Montgomery County Police,Injury Crash,09-06-18 20:04,Maryland (State),NEW HAMPSHIRE AVE,CROSSOVER,OTHER,CLEAR,,DARK LIGHTS ON,NO CONTROLS,,No,POSSIBLE INJURY,NOT DISTRACTED,MD,PASSENGER CAR,40,2006,HONDA,ODYSSEY
MCP2959001H,16016914,Montgomery County Police,Property Damage Crash,04-07-16 9:25,County,BRACKLEY RD,BRACKLEY TERR,SAME DIRECTION SIDESWIPE,RAINING,WET,DAYLIGHT,NO CONTROLS,NONE DETECTED,Yes,NO APPARENT INJURY,LOOKED BUT DID NOT SEE,MD,PASSENGER CAR,25,2002,CHEVROLET,CAVALIER
DD56350026,190060966,Rockville Police Departme,Property Damage Crash,12/18/2019 02:25:00 PM,,,,UNKNOWN,CLEAR,,DAYLIGHT,,UNKNOWN,Yes,NO APPARENT INJURY,UNKNOWN,,,5,0,UNKNOWN,UNKNOWN
DM8494002F,220046425,Takoma Park Police Depart,Injury Crash,10/22/2022 07:36:00 PM,Maryland (State),ETHAN ALLEN AVE,ELM AVE,STRAIGHT MOVEMENT ANGLE,CLEAR,DRY,DARK LIGHTS ON,STOP SIGN,,Yes,POSSIBLE INJURY,UNKNOWN,DC,PASSENGER CAR,25,2008,BMW,528I
MCP2031002B,190053830,Montgomery County Police,Property Damage Crash,11-08-19 9:30,Maryland (State),WOODFIELD RD,GLENDALOUGH RD,HEAD ON LEFT TURN,,DRY,DAYLIGHT,NO CONTROLS,NONE DETECTED,Yes,NO APPARENT INJURY,NOT DISTRACTED,MD,PASSENGER CAR,30,2017,JEEP,TK
MCP2649000H,170520774,Montgomery County Police,Property Damage Crash,07/23/2017 09:28:00 PM,Maryland (State),RIDGE RD,BRINK RD,STRAIGHT MOVEMENT ANGLE,CLOUDY,WET,DARK LIGHTS ON,TRAFFIC SIGNAL,NONE DETECTED,Yes,NO APPARENT INJURY,UNKNOWN,MD,POLICE VEHICLE/EMERGENCY,40,2012,ACUR,4S
MCP32260029,220003856,Montgomery County Police,Injury Crash,01/28/2022 09:27:00 PM,Maryland (State),LAYHILL RD,BAUGHMAN DR,HEAD ON,BLOWING SNOW,WET,DARK LIGHTS ON,NO CONTROLS,NONE DETECTED,Yes,SUSPECTED MINOR INJURY,LOOKED BUT DID NOT SEE,MD,PASSENGER CAR,40,2010,MAZDA,6
MCP3040004X,210005215,Montgomery County Police,Property Damage Crash,02-09-21 19:30,Maryland (State),GEORGIA AVE,KING WILLIAM DR,STRAIGHT MOVEMENT ANGLE,CLEAR,DRY,DARK LIGHTS ON,TRAFFIC SIGNAL,NONE DETECTED,Yes,NO APPARENT INJURY,LOOKED BUT DID NOT SEE,MD,PASSENGER CAR,30,2014,CADI,4S
EJ78180013,180007061,Gaithersburg Police Depar,Property Damage Crash,02-10-18 15:04,County,GAITHER RD,SHADY GROVE RD,STRAIGHT MOVEMENT ANGLE,RAINING,WET,DAYLIGHT,NO CONTROLS,NONE DETECTED,No,NO APPARENT INJURY,NOT DISTRACTED,MD,PASSENGER CAR,35,2010,TOYT,VN
MCP2503001C,220028734,Montgomery County Police,Property Damage Crash,07-04-22 22:33,Maryland (State),SENECA RD,SPRING MEADOWS DR,SINGLE VEHICLE,CLEAR,DRY,DARK NO LIGHTS,NO CONTROLS,UNKNOWN,Yes,NO APPARENT INJURY,UNKNOWN,,PASSENGER CAR,45,2016,VOLKSWAGON,JETTA
MCP2952001L,16005769,Montgomery County Police,Injury Crash,02-04-16 7:03,US (State),COLUMBIA PIKE,END BRIDGE,SAME DIR REAR END,,WET,DAWN,NO CONTROLS,NONE DETECTED,No,POSSIBLE INJURY,NOT DISTRACTED,MD,PASSENGER CAR,50,2008,DODG,RAM
MCP2728005W,180049662,Montgomery County Police,Property Damage Crash,10-04-18 17:06,County,SLIGO AVE,FENTON ST,HEAD ON,CLEAR,DRY,DAYLIGHT,TRAFFIC SIGNAL,NONE DETECTED,No,NO APPARENT INJURY,NOT DISTRACTED,MD,TRANSIT BUS,25,2005,VANH,BUS