Report Number,Local Case Number,Agency Name,ACRS Report Type,Crash Date/Time,Route Type,Road Name,Cross-Street Name,Collision Type,Weather,Surface Condition,Light,Traffic Control,Driver Substance Abuse,Driver At Fault,Injury Severity,Driver Distracted By,Drivers License State,Vehicle Body Type,Speed Limit,Vehicle Year,Vehicle Make,Vehicle Model
MCP30000025,170550293,Montgomery County Police,Property Damage Crash,12/23/2017 01:32:00 AM,Maryland (State),GERMANTOWN RD,CLOPPER RD,STRAIGHT MOVEMENT ANGLE,RAINING,WET,DARK LIGHTS ON,TRAFFIC SIGNAL,NONE DETECTED,No,NO APPARENT INJURY,NOT DISTRACTED,MD,PASSENGER CAR,40,2014,MERCEDES,C300
MCP3208002F,210047913,Montgomery County Police,Property Damage Crash,11/25/2021 05:05:00 AM,US (State),COLESVILLE RD,DALE DR,SINGLE VEHICLE,CLEAR,DRY,DARK LIGHTS ON,FLASHING TRAFFIC SIGNAL,ALCOHOL PRESENT,Yes,NO APPARENT INJURY,NOT DISTRACTED,XX,PASSENGER CAR,35,2004,MAZDA,6
MCP2656004L,200014408,Montgomery County Police,Injury Crash,03/29/2020 05:10:00 PM,Maryland (State),SANDY SPRING RD,MCKNEW RD,SAME DIR REAR END,,DRY,DAYLIGHT,,,Yes,NO APPARENT INJURY,UNKNOWN,,,35,0,UNKNOWN,UNKNOWN
MCP2039007R,220030204,Montgomery County Police,Injury Crash,07/14/2022 08:45:00 AM,County,HARRELL ST,GREENLY ST,STRAIGHT MOVEMENT ANGLE,CLEAR,DRY,DAYLIGHT,STOP SIGN,,No,POSSIBLE INJURY,NOT DISTRACTED,MD,PASSENGER CAR,25,2010,ACURA,RDX
MCP2656002Y,180025125,Montgomery County Police,Injury Crash,05/22/2018 03:25:00 PM,Maryland (State),NEW HAMPSHIRE AVE,VALLEY BROOK DR,OTHER,CLEAR,DRY,,,,No,POSSIBLE INJURY,LOOKED BUT DID NOT SEE,MD,PASSENGER CAR,40,2016,CHEVY,CRUZE
MCP3109008K,230062427,Montgomery County Police,Injury Crash,10/25/2023 08:00:00 AM,US (State),COLESVILLE RD,TIMBERWOOD AVE,HEAD ON LEFT TURN,CLEAR,DRY,DAYLIGHT,NO CONTROLS,NONE DETECTED,Yes,NO APPARENT INJURY,LOOKED BUT DID NOT SEE,MD,PASSENGER CAR,40,2010,MAZDA,6
MCP287100BY,250004253,MONTGOMERY,Property Damage Crash,01/29/2025 05:33:00 PM,,,,Single Vehicle,Clear,,Dark - Lighted,,"Not Suspect of Alcohol Use, Not Suspect of Drug Use",No,No Apparent Injury,Not Distracted,MD,Passenger Car,0,2016,TOYOTA,CAMRY
MCP3109007X,230010335,Montgomery County Police,Property Damage Crash,03-02-23 10:40,US (State),COLESVILLE RD,LANARK WAY,SINGLE VEHICLE,CLOUDY,DRY,DAYLIGHT,NO CONTROLS,NONE DETECTED,Yes,NO APPARENT INJURY,OTHER ELECTRONIC DEVICE (NAVIGATIONAL PALM PILOT),MD,PASSENGER CAR,35,2010,HYUNDAI,ELANTRA
MCP2736003L,16026801,Montgomery County Police,Injury Crash,05/29/2016 05:00:00 PM,Maryland (State),ROCKVILLE PIKE,BELLEVUE DR,STRAIGHT MOVEMENT ANGLE,RAINING,WET,DAYLIGHT,TRAFFIC SIGNAL,NONE DETECTED,Yes,NO APPARENT INJURY,NOT DISTRACTED,MD,PASSENGER CAR,35,2005,KIA,VN
MCP31230088,250030695,MONTGOMERY,Injury Crash,07-10-25 11:25,Other Public Roadway,HENDERSON CORNER RD,RIDGE RD,Angle,Cloudy,Dry,Daylight,Traffic Control Signal,"Not Suspect of Alcohol Use, Not Suspect of Drug Use",No,Suspected Minor Injury,Not Distracted,MD,Passenger Car,25,2015,TOYOTA,PRIUS
EJ78850038,230034791,Gaithersburg Police Depar,Property Damage Crash,07/21/2023 05:59:00 PM,Maryland (State),FREDERICK RD,WATKINS MILL RD,STRAIGHT MOVEMENT ANGLE,CLEAR,DRY,DAYLIGHT,TRAFFIC SIGNAL,NONE DETECTED,No,NO APPARENT INJURY,NOT DISTRACTED,MD,PASSENGER CAR,40,2011,GMC,TK
MCP22910068,220040484,Montgomery County Police,Injury Crash,09/17/2022 06:22:00 PM,Maryland (State),CONNECTICUT AVE,BRADLEY LA,SAME DIR REAR END,CLEAR,DRY,DAYLIGHT,TRAFFIC SIGNAL,NONE DETECTED,No,NO APPARENT INJURY,NOT DISTRACTED,MD,(SPORT) UTILITY VEHICLE,35,2012,JEEP,GRAND CHEROKEE
MCP32350025,230057406,Montgomery County Police,Property Damage Crash,09/28/2023 11:49:00 PM,US (State),COLESVILLE RD,UNIVERSITY BLVD E,STRAIGHT MOVEMENT ANGLE,CLEAR,DRY,DARK LIGHTS ON,FLASHING TRAFFIC SIGNAL,NONE DETECTED,Yes,NO APPARENT INJURY,NOT DISTRACTED,MD,PASSENGER CAR,45,2008,TOYOTA,HIGHLANDER
DM8458000P,170519134,Takoma Park Police Depart,Property Damage Crash,07/14/2017 05:30:00 PM,Maryland (State),NEW HAMPSHIRE AVE,UNIVERSITY BLVD,SAME DIR BOTH LEFT TURN,RAINING,WET,OTHER,TRAFFIC SIGNAL,UNKNOWN,Yes,NO APPARENT INJURY,UNKNOWN,MD,OTHER,30,1999,TOYOTA,CAMRY
MCP2875002D,16063499,Montgomery County Police,Injury Crash,12-10-16 23:17,County,SCENERY DR,GATESHEAD CIR,OTHER,CLEAR,DRY,DARK NO LIGHTS,NO CONTROLS,NONE DETECTED,Yes,NO APPARENT INJURY,LOOKED BUT DID NOT SEE,MD,PASSENGER CAR,0,2007,TOYOTA,COROLLA
DD56110047,180001491,Rockville Police Departme,Property Damage Crash,01-10-18 13:43,Municipality,MARYLAND AVE,ARGYLE ST,SAME DIR REAR END,CLEAR,DRY,DAYLIGHT,TRAFFIC SIGNAL,NONE DETECTED,Yes,NO APPARENT INJURY,NOT DISTRACTED,VA,PASSENGER CAR,30,2001,VOLKS,JETTA
DD5571000H,250015693,ROCKVILLE,Property Damage Crash,04-10-25 17:15,Municipality Route,WOOTTON PKWY (EB/L),,Front to Front,Freezing Rain Or Freezing Drizzle,Wet,Daylight,No Controls,"Unknown, Not Suspect of Drug Use",No,No Apparent Injury,Not Distracted,MD,Passenger Car,15,2021,TESLA,MODEL 3
MCP2936003N,200007597,Montgomery County Police,Property Damage Crash,12/22/2019 04:30:00 PM,County,PARKLAWN DR,BOILING BROOK PKWY,OTHER,CLEAR,DRY,DAYLIGHT,NO CONTROLS,UNKNOWN,Yes,NO APPARENT INJURY,INATTENTIVE OR LOST IN THOUGHT,,PICKUP TRUCK,10,2018,CHEVROLET,SILVERADO
MCP3164004K,210020577,Montgomery County Police,Injury Crash,05/31/2021 10:10:00 AM,County,RANDOLPH RD,DENLEY RD,SAME DIR REAR END,CLEAR,DRY,DAYLIGHT,TRAFFIC SIGNAL,NONE DETECTED,Yes,SUSPECTED MINOR INJURY,UNKNOWN,MD,PASSENGER CAR,35,2015,TOYOTA,AVALON
DD5663001V,250006821,ROCKVILLE,Property Damage Crash,02/15/2025 06:33:00 PM,Municipality Route,BOUIC AVE,,"Sideswipe, Same Direction",Rain,Wet,Dark - Lighted,No Controls,"Not Suspect of Alcohol Use, Not Suspect of Drug Use",Yes,No Apparent Injury,Not Distracted,MD,Sport Utility Vehicle,25,2020,JEEP,WRANGLER
MCP30260065,210009177,Montgomery County Police,Property Damage Crash,03-11-21 15:30,Ramp,RAMP 2 FR MD 189 WB TO RAMP 3 (TO IS270),FALLS RD,SAME DIR REAR END,CLEAR,DRY,DAYLIGHT,NO CONTROLS,NONE DETECTED,No,NO APPARENT INJURY,NOT DISTRACTED,MD,"CARGO VAN/LIGHT TRUCK 2 AXLES (OVER 10,000LBS (4,536 KG))",55,2006,CHEVY,PU TK
MCP3292002Y,250044050,MONTGOMERY,Property Damage Crash,09/30/2025 11:12:00 PM,Maryland (State) Route,WOODFIELD RD,EMORY GROVE RD,Angle,Clear,Dry,Dark - Lighted,Traffic Control Signal,"Not Suspect of Alcohol Use, Not Suspect of Drug Use",No,No Apparent Injury,Not Distracted,MD,Passenger Car,35,2016,HONDA,ACCORD
MCP2967005Z,240044971,MONTGOMERY,Injury Crash,09/20/2024 07:07:00 PM,County Route,W CEDAR LA,OLD GEORGETOWN RD,Front to Front,Clear,Dry,Dark - Lighted,Traffic Control Signal,"Unknown, Unknown",No,No Apparent Injury,,,Passenger Car,30,2016,VOLKSWAGEN,JETTA
DD5605001Q,15046194,ROCKVILLE,Injury Crash,09-12-15 16:04,Maryland (State),FREDERICK RD,WATKINS POND BLVD,SAME DIR REAR END,CLEAR,WET,DAYLIGHT,TRAFFIC SIGNAL,NONE DETECTED,Yes,NO APPARENT INJURY,INATTENTIVE OR LOST IN THOUGHT,MD,PICKUP TRUCK,40,2007,CHEV,TK
MCP3199006J,240040488,MONTGOMERY,Property Damage Crash,08/27/2024 08:43:00 AM,Maryland (State) Route,NORBECK RD (WB/L),,Front to Rear,Clear,Dry,Daylight,No Controls,"Not Suspect of Alcohol Use, Not Suspect of Drug Use",Yes,No Apparent Injury,Not Distracted,MD,Passenger Car,35,2004,TOYOTA,PRIUS
DD5522001B,15007127,Rockville Police Departme,Property Damage Crash,02-12-15 13:02,Other Public Roadway,MARYLAND AVE,BEALL AVE #2,SAME DIR REAR END,CLEAR,DRY,DAYLIGHT,NO CONTROLS,NONE DETECTED,No,NO APPARENT INJURY,NOT DISTRACTED,MD,TRANSIT BUS,25,2013,OTHR,BUS
MCP22310012,15011568,Montgomery County Police,Property Damage Crash,03/13/2015 08:39:00 AM,County,WESTBARD AVE,MASSACHUSETTS AVE,SAME DIR REAR END,CLEAR,DRY,DAYLIGHT,TRAFFIC SIGNAL,NONE DETECTED,No,NO APPARENT INJURY,NOT DISTRACTED,MD,POLICE VEHICLE/NON EMERGENCY,30,2007,FORD,CROWN VICTORIA
MCP29040024,16024154,Montgomery County Police,Injury Crash,05/15/2016 03:38:00 PM,County,FRANKLIN AVE,GARWOOD ST,SAME DIR REAR END,CLEAR,DRY,DAYLIGHT,TRAFFIC SIGNAL,NONE DETECTED,Yes,NO APPARENT INJURY,OTHER DISTRACTION,MD,PASSENGER CAR,35,2010,JEEP,GRAND CHEROKEE
EJ7851009P,230017554,Gaithersburg Police Depar,Injury Crash,04/13/2023 01:07:00 AM,Maryland (State),S FREDERICK RD,EDUCATION BLVD,OTHER,CLEAR,DRY,DARK LIGHTS ON,NO CONTROLS,UNKNOWN,Yes,NO APPARENT INJURY,UNKNOWN,,,30,0,UNKNOWN,UNKNOWN
MCP2961002X,180022853,Montgomery County Police,Property Damage Crash,05-09-18 16:40,County,AMHERST AVE,BLUERIDGE AVE,SAME DIRECTION SIDESWIPE,CLEAR,DRY,DAYLIGHT,NO CONTROLS,NONE DETECTED,Yes,NO APPARENT INJURY,INATTENTIVE OR LOST IN THOUGHT,MD,PASSENGER CAR,35,2007,HONDA,ACCORD
MCP289200CY,220043929,Montgomery County Police,Property Damage Crash,10-07-22 19:42,Maryland (State),GEORGIA AVE,LOCUST GROVE RD,SAME DIRECTION RIGHT TURN,CLEAR,DRY,DARK NO LIGHTS,NO CONTROLS,UNKNOWN,Yes,NO APPARENT INJURY,UNKNOWN,,,35,0,UNKNOWN,UNKNOWN
MCP3007000M,16013238,MONTGOMERY,Property Damage Crash,03/17/2016 08:06:00 PM,County,HEWITT AVE,BLUE SPRUCE LA,HEAD ON LEFT TURN,CLEAR,DRY,DARK -- UNKNOWN LIGHTING,NO CONTROLS,NONE DETECTED,No,NO APPARENT INJURY,NOT DISTRACTED,MD,PASSENGER CAR,30,2014,BMW,MC
MCP1213005X,210029475,Montgomery County Police,Property Damage Crash,07/29/2021 06:23:00 PM,Maryland (State),LAYHILL RD,BRIGGS RD,SAME DIR REAR END,CLEAR,WET,DAYLIGHT,TRAFFIC SIGNAL,NONE DETECTED,No,NO APPARENT INJURY,NOT DISTRACTED,MD,PASSENGER CAR,40,2020,TOYT,COROLLA
MCP2773001Z,16057469,Montgomery County Police,Property Damage Crash,11-07-16 18:10,,,,OTHER,CLEAR,,DARK LIGHTS ON,NO CONTROLS,NONE DETECTED,Yes,NO APPARENT INJURY,LOOKED BUT DID NOT SEE,MD,PASSENGER CAR,25,2002,TOYOTA,COROLLA
MCP2348003P,180015558,Montgomery County Police,Injury Crash,03/30/2018 08:21:00 PM,Maryland (State),CONNECTICUT AVE,RANDOLPH RD,SAME DIR REAR END,CLEAR,DRY,DARK LIGHTS ON,,NONE DETECTED,No,POSSIBLE INJURY,NOT DISTRACTED,MD,PASSENGER CAR,35,2013,SUBA,LEGACY
HA22390004,18001111,Maryland-National Capital,Property Damage Crash,08/21/2018 01:00:00 PM,Maryland (State),NEW HAMPSHIRE AVE,E RANDOLPH RD,SAME DIR REAR END,RAINING,WET,DAYLIGHT,TRAFFIC SIGNAL,,No,NO APPARENT INJURY,NOT DISTRACTED,MD,PASSENGER CAR,45,2010,TOYT,4S
DD5620003B,180063883,Rockville Police Departme,Injury Crash,12/21/2018 08:15:00 PM,Municipality,FLEET ST,MONROE ST,STRAIGHT MOVEMENT ANGLE,CLEAR,WET,DARK LIGHTS ON,TRAFFIC SIGNAL,NONE DETECTED,Yes,POSSIBLE INJURY,NOT DISTRACTED,MD,PASSENGER CAR,25,2014,SUBARU,IMPREZA
MCP3053008Z,250028915,MONTGOMERY,Property Damage Crash,06/29/2025 07:26:00 AM,County Route,,PARKER FARM WAY (SB/L),Angle,Clear,Dry,Daylight,Traffic Control Signal,"Not Suspect of Alcohol Use, Not Suspect of Drug Use",No,No Apparent Injury,Not Distracted,MD,Passenger Car,25,2012,CHRYSLER,200
MCP285900BF,210041153,Montgomery County Police,Property Damage Crash,10/14/2021 12:00:00 PM,County,GOSHEN RD,WILLOW CREEK DR,SAME DIR REAR END,CLEAR,DRY,DAYLIGHT,NO CONTROLS,NONE DETECTED,No,NO APPARENT INJURY,NOT DISTRACTED,MD,PASSENGER CAR,30,1998,CHEV,VAN
MCP241100DQ,240043335,MONTGOMERY,Property Damage Crash,09-12-24 8:17,Municipality Route,TWINBROOK PKWY (NB/L),,"Sideswipe, Same Direction",Clear,Dry,Daylight,Traffic Control Signal,"Not Suspect of Alcohol Use, Not Suspect of Drug Use",No,No Apparent Injury,Not Distracted,MD,Bus - Mini,30,2016,GILLIG,CITY TRANSIT BUS
MCP9365001B,190001429,Montgomery County Police,Property Damage Crash,01-09-19 14:42,US (State),COLUMBIA PIKE,FAIRLAND RD,SAME DIR REAR END,RAINING,WET,DAYLIGHT,TRAFFIC SIGNAL,NONE DETECTED,No,NO APPARENT INJURY,NOT DISTRACTED,MD,(SPORT) UTILITY VEHICLE,55,2013,LEXS,SU
MCP28950010,16007869,Montgomery County Police,Property Damage Crash,02/16/2016 10:15:00 PM,County,AIRCRAFT DR,GERMANTOWN RD,SAME DIR REAR END,CLEAR,DRY,DARK LIGHTS ON,TRAFFIC SIGNAL,NONE DETECTED,Yes,NO APPARENT INJURY,NOT DISTRACTED,MD,OTHER BUS,30,2013,GILL,BU
DD56070053,240013183,ROCKVILLE,Property Damage Crash,03/19/2024 04:00:00 PM,Maryland (State) Route,ROCKVILLE PIKE,TALBOTT ST,Front to Rear,Clear,Dry,Daylight,No Controls,"Not Suspect of Alcohol Use, Not Suspect of Drug Use",No,No Apparent Injury,Not Distracted,MD,Passenger Car,40,2021,KIA,SELTOS
MCP1119005R,180045294,Montgomery County Police,Injury Crash,09-11-18 8:14,County,ASPEN HILL RD,BALTIC AVE,SAME DIR REAR END,CLOUDY,DRY,DAYLIGHT,,NONE DETECTED,Yes,NO APPARENT INJURY,NOT DISTRACTED,MD,"CARGO VAN/LIGHT TRUCK 2 AXLES (OVER 10,000LBS (4,536 KG))",30,2013,FORD,F150
MCP2046007R,180001233,Montgomery County Police,Property Damage Crash,01-09-18 7:21,County,THAYER AVE,FENTON ST,STRAIGHT MOVEMENT ANGLE,CLEAR,WET,,TRAFFIC SIGNAL,NONE DETECTED,Yes,NO APPARENT INJURY,NOT DISTRACTED,MD,TRANSIT BUS,30,2009,GILL,BUS
MCP27910028,16023447,Montgomery County Police,Property Damage Crash,05-11-16 18:55,County,OLD COLUMBIA PIKE,FAIRLAND RD,STRAIGHT MOVEMENT ANGLE,RAINING,WET,DAYLIGHT,TRAFFIC SIGNAL,NONE DETECTED,No,NO APPARENT INJURY,NOT DISTRACTED,MD,PASSENGER CAR,35,2015,TOYOTA,CAMRY
MCP3190004V,230013178,Montgomery County Police,Injury Crash,03/18/2023 02:24:00 PM,Maryland (State),GEORGIA AVE,CHESTERWOOD DR,STRAIGHT MOVEMENT ANGLE,CLEAR,DRY,DAYLIGHT,TRAFFIC SIGNAL,NONE DETECTED,Yes,SUSPECTED MINOR INJURY,UNKNOWN,MD,PASSENGER CAR,45,2022,TOYOTA,SIENNA
MCP2921003L,200001185,Montgomery County Police,Property Damage Crash,01-07-20 20:57,,,,SINGLE VEHICLE,WINTRY MIX,,DARK LIGHTS ON,NO CONTROLS,ALCOHOL CONTRIBUTED,Yes,NO APPARENT INJURY,NOT DISTRACTED,MD,PASSENGER CAR,0,2014,TOYOTA,4S
MCP2948004S,210050901,Montgomery County Police,Property Damage Crash,12/14/2021 10:00:00 PM,Maryland (State),GEORGIA AVE,LINDELL ST,SAME DIR REAR END,CLEAR,DRY,DARK LIGHTS ON,NO CONTROLS,NONE DETECTED,No,NO APPARENT INJURY,NOT DISTRACTED,MD,PASSENGER CAR,35,2009,HONDA,CIVIC
MCP3395002L,240053485,MONTGOMERY,Property Damage Crash,11-07-24 13:15,Maryland (State) Route,ROCKVILLE PIKE (SB/L),NICHOLSON LA,Angle,Clear,Dry,Daylight,Traffic Control Signal,"Not Suspect of Alcohol Use, Not Suspect of Drug Use",No,No Apparent Injury,Not Distracted,MD,Sport Utility Vehicle,35,2022,VOLKSWAGEN,TAOS
MCP1128005D,210006367,Montgomery County Police,Injury Crash,02/18/2021 02:47:00 PM,Interstate (State),CAPITAL BELTWAY,RAMP 6 FR IS 495 EB TO MD 355 SB,SAME DIR REAR END,CLOUDY,ICE,DAYLIGHT,,NONE DETECTED,No,NO APPARENT INJURY,NOT DISTRACTED,MD,"MEDIUM/HEAVY TRUCKS 3 AXLES (OVER 10,000LBS (4,536KG))",35,2007,INTERNATIONAL,4300 R/B
MCP1123002Y,190057923,Montgomery County Police,Injury Crash,12-02-19 6:57,Maryland (State),VEIRS MILL RD,CLARIDGE RD,STRAIGHT MOVEMENT ANGLE,CLOUDY,DRY,DAWN,TRAFFIC SIGNAL,NONE DETECTED,Yes,SUSPECTED MINOR INJURY,NOT DISTRACTED,MD,PASSENGER CAR,35,2016,TOYT,HIGHLANDER
MCP2607005N,210042996,Montgomery County Police,Property Damage Crash,10/25/2021 04:59:00 PM,Maryland (State),FREDERICK RD,RAMP 1 FR MD 355 NB TO IS 370 WB,SAME DIR REAR END,RAINING,WET,DAYLIGHT,NO CONTROLS,NONE DETECTED,Yes,NO APPARENT INJURY,UNKNOWN,MD,PASSENGER CAR,40,2020,GMC,SUV
MCP3289003P,240055910,MONTGOMERY,Property Damage Crash,11/21/2024 02:45:00 PM,US (State),GEORGIA AVE,SILVER SPRING AVE,Angle,Cloudy,Dry,Daylight,Traffic Control Signal,"Not Suspect of Alcohol Use, Not Suspect of Drug Use",No,No Apparent Injury,Not Distracted,MD,Passenger Car,25,2020,ACURA,MDX
MCP20080020,16013479,MONTGOMERY,Property Damage Crash,03/18/2016 10:06:00 PM,County,DEMOCRACY BLVD,SWANSONG WAY,SAME DIR REAR END,CLEAR,DRY,DARK LIGHTS ON,TRAFFIC SIGNAL,NONE DETECTED,No,NO APPARENT INJURY,NOT DISTRACTED,MD,PASSENGER CAR,35,2009,HYUN,SANTA FE
DD5671001B,250043035,ROCKVILLE,Property Damage Crash,09/24/2025 08:05:00 PM,,,,Single Vehicle,Clear,,Dark - Not Lighted,,"Not Suspect of Alcohol Use, Not Suspect of Drug Use",No,No Apparent Injury,Not Distracted,MD,Sport Utility Vehicle,0,2024,DODGE,DURANGO
MCP3198000B,190042773,Montgomery County Police,Property Damage Crash,09-06-19 16:45,Maryland (State),GEORGIA AVE,MASON ST,SAME DIRECTION SIDESWIPE,CLEAR,DRY,DAYLIGHT,NO CONTROLS,NONE DETECTED,No,NO APPARENT INJURY,NOT DISTRACTED,MD,TRANSIT BUS,35,2006,NEW FLYER,BUS
MCP29600022,170526558,Montgomery County Police,Property Damage Crash,08/24/2017 06:00:00 AM,,CONNECTICUT AVE,PEAR TREE CT,STRAIGHT MOVEMENT ANGLE,,,DAWN,NO CONTROLS,,Yes,NO APPARENT INJURY,LOOKED BUT DID NOT SEE,MD,PASSENGER CAR,40,2006,FORD,VN
MCP1477000Y,240012229,MONTGOMERY,Injury Crash,03/14/2024 11:13:00 AM,Local Route,ORCHARD CIR (SB/L),,Single Vehicle,Clear,Dry,Daylight,No Controls,"Not Suspect of Alcohol Use, Not Suspect of Drug Use",Yes,Suspected Minor Injury,Unknown,MD,Sport Utility Vehicle,10,2011,HONDA,CR-V
MCP2780002F,17006924,Montgomery County Police,Property Damage Crash,02-08-17 16:26,,,,OTHER,CLEAR,,DAYLIGHT,NO CONTROLS,NONE DETECTED,Yes,NO APPARENT INJURY,LOOKED BUT DID NOT SEE,MD,PASSENGER CAR,40,2009,TOYOTA,HIGHLANDER
MCP25560039,190059195,Montgomery County Police,Injury Crash,12-08-19 16:25,Maryland (State),FREDERICK RD,MONTGOMERY VILLAGE AVE,STRAIGHT MOVEMENT ANGLE,CLOUDY,DRY,DAYLIGHT,TRAFFIC SIGNAL,ALCOHOL PRESENT,Yes,POSSIBLE INJURY,INATTENTIVE OR LOST IN THOUGHT,MD,PASSENGER CAR,30,2003,HONDA,ACCORD
DD5624000R,180026307,Rockville Police Departme,Property Damage Crash,05/29/2018 09:50:00 AM,,,,OTHER,CLEAR,,DAYLIGHT,NO CONTROLS,NONE DETECTED,Yes,NO APPARENT INJURY,NOT DISTRACTED,MD,PASSENGER CAR,10,2010,ACUR,TSX
MCP9312000M,17510615,Montgomery County Police,Property Damage Crash,05/30/2017 05:30:00 AM,Maryland (State),MONTGOMERY VILLAGE AVE,LOST KNIFE RD,STRAIGHT MOVEMENT ANGLE,CLEAR,DRY,DAWN,FLASHING TRAFFIC SIGNAL,UNKNOWN,Yes,NO APPARENT INJURY,NOT DISTRACTED,MD,PASSENGER CAR,35,2011,HYUNDAI,SONATA
MCP3259003H,230058765,Montgomery County Police,Injury Crash,10-05-23 16:03,County,DARNESTOWN RD,SHADY GROVE RD,HEAD ON LEFT TURN,CLEAR,DRY,DAYLIGHT,TRAFFIC SIGNAL,NONE DETECTED,No,NO APPARENT INJURY,NOT DISTRACTED,MD,PASSENGER CAR,40,2006,SUBA,IMPREZA
MCP3169005G,220036562,Montgomery County Police,Injury Crash,08/24/2022 11:36:00 AM,Maryland (State),UNIVERSITY BLVD E,CARROLL AVE,SAME DIR REAR END,,DRY,DAYLIGHT,TRAFFIC SIGNAL,,No,NO APPARENT INJURY,NOT DISTRACTED,MD,PASSENGER CAR,35,2021,TOYOTA,SIENNA
MCP2358007C,200023117,Montgomery County Police,Property Damage Crash,06-12-20 15:00,Maryland (State),RIVER RD,ROYAL DOMINION DR,SAME DIR REAR END,CLEAR,DRY,DAYLIGHT,TRAFFIC SIGNAL,UNKNOWN,Yes,NO APPARENT INJURY,UNKNOWN,,,35,0,UNKNOWN,UNKNOWN
MCP137800PM,190005533,Montgomery County Police,Injury Crash,02-04-19 15:37,County,SHADY GROVE RD,EPSILON DR,SAME DIR REAR END,CLEAR,DRY,DAYLIGHT,TRAFFIC SIGNAL,NONE DETECTED,No,NO APPARENT INJURY,NOT DISTRACTED,MD,VAN,45,2015,HOND,ODYSSEY
MCP0617004R,220052632,Montgomery County Police,Property Damage Crash,11/29/2022 11:01:00 AM,Maryland (State),NEW HAMPSHIRE AVE,ASHTON RD,SAME DIRECTION SIDESWIPE,CLOUDY,DRY,DAYLIGHT,TRAFFIC SIGNAL,NONE DETECTED,No,NO APPARENT INJURY,NOT DISTRACTED,MD,AMBULANCE/NON EMERGENCY,30,2016,FRHT,TRUCK
MCP1220003S,16033958,Montgomery County Police,Injury Crash,07-05-16 11:32,Maryland (State),GEORGIA AVE,LOCUST GROVE RD,SAME DIRECTION LEFT TURN,CLEAR,DRY,DAYLIGHT,NO CONTROLS,NONE DETECTED,No,POSSIBLE INJURY,NOT DISTRACTED,NC,PASSENGER CAR,35,2005,NISSAN,ALTIMA
MCP3410000S,240059708,MONTGOMERY,Injury Crash,12/13/2024 09:28:00 PM,Maryland (State) Route,GEORGIA AVE (SB/L),,Front to Rear,Clear,Dry,Dark - Not Lighted,No Controls,"Not Suspect of Alcohol Use, Not Suspect of Drug Use",Yes,Possible Injury,Not Distracted,MD,Passenger Car,40,2024,KIA,CARNIVAL
MCP9419003D,220020955,Montgomery County Police,Property Damage Crash,05/17/2022 09:20:00 AM,County,E GUDE DR,CRABBS BRANCH WAY,SAME DIR REAR END,CLEAR,DRY,DAYLIGHT,TRAFFIC SIGNAL,NONE DETECTED,No,NO APPARENT INJURY,NOT DISTRACTED,VA,(SPORT) UTILITY VEHICLE,40,2007,TOYOTA,SEQUOIA
EJ7881000G,200022711,Gaithersburg Police Depar,Injury Crash,06-09-20 18:30,County,MUDDY BRANCH RD,ENT TO MUDDY BRANCH SQUARE,SINGLE VEHICLE,CLEAR,DRY,DAYLIGHT,STOP SIGN,NONE DETECTED,Yes,NO APPARENT INJURY,LOOKED BUT DID NOT SEE,MD,PASSENGER CAR,45,2015,TOYOTA,AVALON
MCP14750017,170519502,Montgomery County Police,Property Damage Crash,07/17/2017 01:00:00 AM,,,,SAME DIR REAR END,CLEAR,,DARK LIGHTS ON,NO CONTROLS,UNKNOWN,Yes,NO APPARENT INJURY,NOT DISTRACTED,MD,PASSENGER CAR,15,2005,ACURA,MDX
MCP2952002M,16058525,Montgomery County Police,Property Damage Crash,11/13/2016 01:42:00 PM,Maryland (State),16TH ST,EAST WEST HWY,SAME DIR REAR END,CLEAR,DRY,DAYLIGHT,TRAFFIC SIGNAL,NONE DETECTED,No,NO APPARENT INJURY,NOT DISTRACTED,DC,(SPORT) UTILITY VEHICLE,35,2015,JEEP,GRAND CHEROKEE
MCP25040044,190019428,Montgomery County Police,Injury Crash,04/25/2019 06:42:00 PM,County,GLEN MILL RD,CIRCLE DR,SINGLE VEHICLE,CLEAR,DRY,DAYLIGHT,NO CONTROLS,NONE DETECTED,Yes,POSSIBLE INJURY,NOT DISTRACTED,MD,PASSENGER CAR,30,2003,HONDA,CP
MCP2492001T,220031924,Montgomery County Police,Fatal Crash,07/24/2022 08:52:00 PM,Maryland (State),NEW HAMPSHIRE AVE,SPUR FR LOCKWOOD DR,HEAD ON,CLEAR,DRY,DARK LIGHTS ON,NO CONTROLS,NONE DETECTED,No,SUSPECTED MINOR INJURY,NOT DISTRACTED,MD,PASSENGER CAR,40,2008,TOYOTA,COROLLA
MCP2789003K,170518718,Montgomery County Police,Injury Crash,07-12-17 18:20,Maryland (State),GEORGIA AVE,ARTHUR AVE,SAME DIR REAR END,CLEAR,DRY,DAYLIGHT,NO CONTROLS,,No,NO APPARENT INJURY,NOT DISTRACTED,MD,PASSENGER CAR,35,2008,HONDA,4D
MCP3279000F,210010854,Montgomery County Police,Property Damage Crash,03/22/2021 11:54:00 PM,Maryland (State),GEORGIA AVE,AUGUST DR,SAME DIRECTION SIDESWIPE,CLEAR,DRY,DARK LIGHTS ON,,,Yes,NO APPARENT INJURY,UNKNOWN,,PASSENGER CAR,35,2005,NISSAN,ALTIMA