Report Number,Local Case Number,Agency Name,ACRS Report Type,Crash Date/Time,Route Type,Road Name,Cross-Street Name,Collision Type,Weather,Surface Condition,Light,Traffic Control,Driver Substance Abuse,Driver At Fault,Injury Severity,Driver Distracted By,Drivers License State,Vehicle Body Type,Speed Limit,Vehicle Year,Vehicle Make,Vehicle Model
MCP3296002W,240058906,MONTGOMERY,Property Damage Crash,12-09-24 17:56,County Route,CHERRY HILL RD,,Front to Rear,Clear,Wet,Dark - Lighted,Traffic Control Signal,"Not Suspect of Alcohol Use, Not Suspect of Drug Use",Yes,No Apparent Injury,Not Distracted,MD,Sport Utility Vehicle,40,2013,JEEP,PATRIOT
MCP2597001P,15049970,MONTGOMERY,Property Damage Crash,10-02-15 14:55,Maryland (State),GEORGIA AVE,RAMP 6 FR IS 495 EB TO MD 97 SB,SAME DIR REAR END,RAINING,WET,DAYLIGHT,TRAFFIC SIGNAL,NONE DETECTED,No,NO APPARENT INJURY,NOT DISTRACTED,MD,PASSENGER CAR,35,2005,LEXUS,ES330
MCP3191002J,210019985,Montgomery County Police,Injury Crash,05/26/2021 09:00:00 PM,County,E GUDE DR,CRABBS BRANCH WAY,HEAD ON LEFT TURN,RAINING,WET,DARK LIGHTS ON,TRAFFIC SIGNAL,,No,POSSIBLE INJURY,NOT DISTRACTED,MD,PASSENGER CAR,35,2008,SAA,TURBO X
MCP3184002B,210048362,Montgomery County Police,Property Damage Crash,11/29/2021 03:51:00 AM,County,BROADBIRCH DR,CHERRY HILL RD,STRAIGHT MOVEMENT ANGLE,CLEAR,DRY,DARK LIGHTS ON,FLASHING TRAFFIC SIGNAL,NONE DETECTED,Yes,NO APPARENT INJURY,LOOKED BUT DID NOT SEE,MD,PASSENGER CAR,35,2007,SCION,TC
MCP29610019,16045396,Montgomery County Police,Property Damage Crash,09-05-16 15:57,Maryland (State),GEORGIA AVE,HERMITAGE AVE,SAME DIR REAR END,CLEAR,DRY,DAYLIGHT,NO CONTROLS,NONE DETECTED,Yes,NO APPARENT INJURY,UNKNOWN,MD,PASSENGER CAR,40,2005,NISS,4S
MCP33220049,250045730,MONTGOMERY,Injury Crash,10-11-25 14:24,Maryland (State) Route,CONNECTICUT AVE (SB/L),,Front to Rear,Cloudy,Dry,Daylight,No Controls,"Unknown, Unknown",No,,,,Sport Utility Vehicle,35,0,,
DD5601004W,190030539,Rockville Police Departme,Injury Crash,06/26/2019 05:45:00 PM,Maryland (State),W MONTGOMERY AVE,W GUDE DR,SAME DIR REAR END,CLEAR,DRY,DAYLIGHT,NO CONTROLS,,No,NO APPARENT INJURY,NOT DISTRACTED,MD,PASSENGER CAR,45,2016,TOYT,TK
MCP31980012,190056278,Montgomery County Police,Property Damage Crash,11/22/2019 03:20:00 PM,Maryland (State),UNIVERSITY BLVD E,LEXINGTON DR,SAME DIRECTION SIDESWIPE,CLEAR,DRY,DAYLIGHT,TRAFFIC SIGNAL,NONE DETECTED,No,NO APPARENT INJURY,NOT DISTRACTED,MD,PASSENGER CAR,35,2018,TOYOTA,RAV4
MCP2970000K,15038181,MONTGOMERY,Property Damage Crash,08-01-15 23:01,Maryland (State),NEW HAMPSHIRE AVE,NORBECK RD,HEAD ON LEFT TURN,CLEAR,DRY,DARK NO LIGHTS,TRAFFIC SIGNAL,UNKNOWN,Yes,NO APPARENT INJURY,LOOKED BUT DID NOT SEE,,PASSENGER CAR,45,0,HONDA,CIVIC
MCP3027000C,17008672,Montgomery County Police,Property Damage Crash,02/17/2017 03:34:00 PM,Maryland (State),GEORGIA AVE,SEMINARY RD,SAME DIRECTION LEFT TURN,CLEAR,DRY,DAYLIGHT,TRAFFIC SIGNAL,UNKNOWN,Yes,NO APPARENT INJURY,LOOKED BUT DID NOT SEE,,,35,0,UNKNOWN,UNKNOWN
MCP211600FZ,230035077,Montgomery County Police,Injury Crash,07/23/2023 04:32:00 PM,Maryland (State),VEIRS MILL RD,GAYNOR RD,STRAIGHT MOVEMENT ANGLE,CLEAR,DRY,DAYLIGHT,TRAFFIC SIGNAL,NONE DETECTED,No,POSSIBLE INJURY,NOT DISTRACTED,MD,VAN,25,2012,TOYOTA,SIENNA
MCP2765003Y,170507904,Montgomery County Police,Property Damage Crash,05/15/2017 03:30:00 PM,County,SEVEN LOCKS RD,IVYMOUNT TERR,SAME DIRECTION SIDESWIPE,CLEAR,DRY,DAYLIGHT,NO CONTROLS,UNKNOWN,Yes,NO APPARENT INJURY,UNKNOWN,MD,SCHOOL BUS,35,2010,THOMAS,CONVENTIONAL
MCP3048000G,17015644,Montgomery County Police,Property Damage Crash,03/27/2017 04:38:00 PM,Maryland (State),RIVER RD,BRAEBURN PKWY,SAME DIR REAR END,CLEAR,DRY,DUSK,,NONE DETECTED,Yes,NO APPARENT INJURY,NOT DISTRACTED,MD,PASSENGER CAR,45,2002,FORD,EXPLORER
MCP3010005M,210014811,Montgomery County Police,Property Damage Crash,04/21/2021 05:40:00 AM,Maryland (State),ROCKVILLE PIKE,ENT TO NATIONAL NAVAL MEDICAL CTR,STRAIGHT MOVEMENT ANGLE,CLEAR,DRY,DAWN,FLASHING TRAFFIC SIGNAL,,No,NO APPARENT INJURY,NOT DISTRACTED,MD,PASSENGER CAR,30,1998,HONDA,4S
MCP3158002K,200023906,Montgomery County Police,Property Damage Crash,06/18/2020 05:40:00 PM,Maryland (State),WOODFIELD RD,FLOWER HILL WAY,SAME DIR REAR END,CLEAR,DRY,DAYLIGHT,TRAFFIC SIGNAL,UNKNOWN,Yes,NO APPARENT INJURY,UNKNOWN,,PASSENGER CAR,35,2009,NISSAN,ALTIMA
MCP2736003S,16046415,Montgomery County Police,Property Damage Crash,09-10-16 14:09,,,,SAME DIRECTION SIDESWIPE,CLEAR,,DAYLIGHT,NO CONTROLS,UNKNOWN,Yes,NO APPARENT INJURY,UNKNOWN,,PASSENGER CAR,5,2011,TOYOTA,VAN
MCP271700V3,210015349,Montgomery County Police,Property Damage Crash,04/24/2021 09:10:00 PM,County,COACHWAY DR,ASHLEY DR,OTHER,RAINING,WET,DARK LIGHTS ON,NO CONTROLS,UNKNOWN,Yes,NO APPARENT INJURY,UNKNOWN,,PICKUP TRUCK,25,2012,CHEVROLET,SILVERADO
MCP3085000K,170532108,Montgomery County Police,Injury Crash,09/22/2017 08:27:00 AM,Maryland (State),BRADLEY BLVD,BURNING TREE RD,STRAIGHT MOVEMENT ANGLE,CLEAR,DRY,DAYLIGHT,STOP SIGN,NONE DETECTED,No,NO APPARENT INJURY,NOT DISTRACTED,MD,(SPORT) UTILITY VEHICLE,35,2017,AUDI,Q7
MCP2863003P,250016307,MONTGOMERY,Injury Crash,04/14/2025 05:40:00 PM,County Route,TURKEY BRANCH PKWY,,Single Vehicle,Clear,,Daylight,No Controls,"Not Suspect of Alcohol Use, Not Suspect of Drug Use",No,No Apparent Injury,Not Distracted,MD,Passenger Car,0,2015,TOYOTA,COROLLA
MCP31810020,210031768,Montgomery County Police,Property Damage Crash,08/15/2021 10:23:00 PM,Maryland (State),GEORGIA AVE,LOTTE PLAZA,SAME DIRECTION RIGHT TURN,,DRY,DARK LIGHTS ON,NO CONTROLS,,No,NO APPARENT INJURY,NOT DISTRACTED,MD,PASSENGER CAR,35,2015,ACURA,TK
MCP3148004K,230011266,Montgomery County Police,Property Damage Crash,03-07-23 19:22,,,,OPPOSITE DIRECTION SIDESWIPE,CLEAR,,DARK LIGHTS ON,,NONE DETECTED,Yes,NO APPARENT INJURY,UNKNOWN,MD,(SPORT) UTILITY VEHICLE,25,2017,BMW,X3
MCP271700QS,190048458,Montgomery County Police,Property Damage Crash,10-09-19 12:15,Maryland (State),ROCKVILLE PIKE,GROSVENOR LA,OTHER,CLEAR,DRY,DAYLIGHT,TRAFFIC SIGNAL,NONE DETECTED,No,NO APPARENT INJURY,NOT DISTRACTED,MD,TRANSIT BUS,40,2019,NEW FLYER,TRANSIT BUS
EJ78490019,16015033,Gaithersburg Police Depar,Injury Crash,03/27/2016 03:58:00 PM,Maryland (State),MIDCOUNTY HWY,MONTGOMERY VILLAGE AVE,STRAIGHT MOVEMENT ANGLE,CLEAR,DRY,DAYLIGHT,TRAFFIC SIGNAL,NONE DETECTED,Yes,SUSPECTED SERIOUS INJURY,LOOKED BUT DID NOT SEE,MD,MOTORCYCLE,45,2003,SUZUKI,GSXR
MCP3391001D,240053422,MONTGOMERY,Property Damage Crash,11-07-24 8:30,County Route,NEWPORT MILL RD,,Front to Rear,Clear,Dry,Daylight,No Controls,"Not Suspect of Alcohol Use, Not Suspect of Drug Use",Yes,No Apparent Injury,Not Distracted,MD,Passenger Car,25,2009,MITSUBISHI,LANCER
MCP2871001T,15029361,Montgomery County Police,Property Damage Crash,06/16/2015 06:05:00 PM,County,DEMOCRACY BLVD,STRUC #M0144 CABIN JOHN CREEK,SAME DIR REAR END,CLOUDY,DRY,DAYLIGHT,NO CONTROLS,NONE DETECTED,No,NO APPARENT INJURY,NOT DISTRACTED,MD,PASSENGER CAR,35,2012,HONDA,FIT
MCP3173000D,190022330,Montgomery County Police,Property Damage Crash,05-12-19 3:00,County,POWDER MILL RD,GREEN FOREST DR,SAME DIRECTION SIDESWIPE,RAINING,WET,DARK NO LIGHTS,,NONE DETECTED,No,NO APPARENT INJURY,NOT DISTRACTED,MD,PASSENGER CAR,35,2011,NISS,ROUGE
MCP1213003G,170546815,Montgomery County Police,Property Damage Crash,12-05-17 19:45,Maryland (State),NEW HAMPSHIRE AVE,MIDLAND RD,SAME DIR REAR END,RAINING,WET,DARK LIGHTS ON,TRAFFIC SIGNAL,NONE DETECTED,No,NO APPARENT INJURY,NOT DISTRACTED,MD,(SPORT) UTILITY VEHICLE,45,2014,FORD,TK
MCP3076001R,180036201,Montgomery County Police,Property Damage Crash,07/19/2018 09:00:00 PM,County,MILESTONE DR,NEW HAMPSHIRE AVE,SINGLE VEHICLE,,UNKNOWN,UNKNOWN,UNKNOWN,,Unknown,NO APPARENT INJURY,UNKNOWN,,POLICE VEHICLE/NON EMERGENCY,0,2013,FORD,EXPLORER
MCP3174000V,190025609,Montgomery County Police,Property Damage Crash,05/29/2019 04:14:00 PM,County,CENTERWAY RD,GOSHEN RD,SAME DIR REAR END,CLEAR,DRY,DAYLIGHT,TRAFFIC SIGNAL,NONE DETECTED,Yes,NO APPARENT INJURY,INATTENTIVE OR LOST IN THOUGHT,MD,PASSENGER CAR,35,2016,TOYOTA,RAV4
MCP34010022,250016862,MONTGOMERY,Property Damage Crash,04/18/2025 09:27:00 AM,County Route,DOGWOOD DR,,Front to Rear,Clear,Dry,Daylight,Stop Sign,"Not Suspect of Alcohol Use, Not Suspect of Drug Use",No,No Apparent Injury,Not Distracted,MD,Passenger Car,25,2022,HONDA,CIVIC
MCP1378014K,230028640,Montgomery County Police,Property Damage Crash,06/14/2023 02:12:00 PM,,,,OTHER,CLOUDY,,DAYLIGHT,NO CONTROLS,NONE DETECTED,Yes,NO APPARENT INJURY,NOT DISTRACTED,MD,PASSENGER CAR,5,2017,FORD,CMAX
MCP2639003C,180011762,Montgomery County Police,Injury Crash,03-08-18 13:50,County,FALLS RD,BRICKYARD RD,OPPOSITE DIRECTION SIDESWIPE,CLEAR,DRY,DAYLIGHT,NO CONTROLS,NONE DETECTED,No,NO APPARENT INJURY,NOT DISTRACTED,MD,PASSENGER CAR,35,2015,FORD,F250
DD5603009H,220038871,Rockville Police Departme,Property Damage Crash,09-07-22 13:15,,,,OTHER,RAINING,,DAYLIGHT,NO CONTROLS,NONE DETECTED,No,NO APPARENT INJURY,NOT DISTRACTED,MD,PASSENGER CAR,15,2014,SUBA,SW
DD5606005D,190056083,Rockville Police Departme,Property Damage Crash,11/20/2019 05:16:00 PM,Maryland (State),HUNGERFORD DR,N WASHINGTON ST,SAME DIRECTION LEFT TURN,,DRY,DARK LIGHTS ON,TRAFFIC SIGNAL,NONE DETECTED,Unknown,NO APPARENT INJURY,NOT DISTRACTED,MD,PASSENGER CAR,35,2010,HYUN,4S
MCP27740017,15029594,Montgomery County Police,Property Damage Crash,06/17/2015 07:25:00 PM,US (State),COLESVILLE RD,LANARK WAY,SAME DIR REAR END,CLEAR,DRY,DUSK,NO CONTROLS,NONE DETECTED,No,NO APPARENT INJURY,NOT DISTRACTED,MD,PASSENGER CAR,35,2008,BMW,535I
EJ7884005G,230004888,Gaithersburg Police Depar,Property Damage Crash,01/30/2023 03:18:00 PM,,,,STRAIGHT MOVEMENT ANGLE,CLEAR,,DAYLIGHT,NO CONTROLS,,No,NO APPARENT INJURY,NOT DISTRACTED,MD,PASSENGER CAR,10,2022,VOLKSWAGEN,TIGUAN
MCP2936001Y,170531382,Montgomery County Police,Injury Crash,09/18/2017 08:01:00 PM,Maryland (State),16TH ST,EAST WEST HWY,SINGLE VEHICLE,CLEAR,DRY,DARK LIGHTS ON,TRAFFIC SIGNAL,NONE DETECTED,Yes,NO APPARENT INJURY,INATTENTIVE OR LOST IN THOUGHT,MD,PASSENGER CAR,35,2011,TOYT,4S
MCP3384000B,240002966,MONTGOMERY,Property Damage Crash,01/19/2024 12:31:00 PM,,,,Rear To Rear,Snow,,Daylight,,"Not Suspect of Alcohol Use, Not Suspect of Drug Use",No,No Apparent Injury,Not Distracted,MD,Passenger Car,0,2018,FORD,TAURUS
MCP9424001K,180019041,Montgomery County Police,Property Damage Crash,04/18/2018 10:38:00 PM,Maryland (State),WOODFIELD RD,WATKINS RD,SINGLE VEHICLE,CLEAR,DRY,DARK NO LIGHTS,,,No,NO APPARENT INJURY,NOT DISTRACTED,MD,PASSENGER CAR,40,2015,SUBA,TK
MCP3358000D,230017970,Montgomery County Police,Property Damage Crash,04/15/2023 12:04:00 PM,County,GROSVENOR LA,ENT TO APTS,STRAIGHT MOVEMENT ANGLE,CLEAR,DRY,DAYLIGHT,STOP SIGN,,No,NO APPARENT INJURY,NOT DISTRACTED,MD,PASSENGER CAR,30,2008,HOND,TK
MCP29230014,15055171,MONTGOMERY,Injury Crash,10/30/2015 11:50:00 AM,County,DENNIS AVE,UNIVERSITY BLVD W,SAME DIR REAR END,CLEAR,DRY,DAYLIGHT,TRAFFIC SIGNAL,,Yes,SUSPECTED MINOR INJURY,LOOKED BUT DID NOT SEE,MD,PASSENGER CAR,40,2005,HYUNDAI,SONATA
DD5567000C,15058395,ROCKVILLE,Property Damage Crash,11/16/2015 04:57:00 AM,Maryland (State),FREDERICK RD,KING FARM BLVD,SAME DIRECTION SIDESWIPE,CLEAR,DRY,DARK LIGHTS ON,,UNKNOWN,Yes,NO APPARENT INJURY,UNKNOWN,,RECREATIONAL VEHICLE,40,9999,UNK,UNK
MCP3035001T,180013311,Montgomery County Police,Injury Crash,03/17/2018 02:50:00 AM,Maryland (State),MONTGOMERY VILLAGE AVE,FREDERICK RD,SAME DIR REAR END,CLEAR,DRY,DARK LIGHTS ON,TRAFFIC SIGNAL,NONE DETECTED,No,POSSIBLE INJURY,NOT DISTRACTED,MD,PASSENGER CAR,35,2017,HYUN,SANTA FE
MCP27830014,16057838,Montgomery County Police,Property Damage Crash,11-09-16 16:49,County,RANDOLPH RD,NEW HAMPSHIRE AVE,SAME DIRECTION LEFT TURN,,,DAYLIGHT,OTHER,NONE DETECTED,No,NO APPARENT INJURY,NOT DISTRACTED,MD,PICKUP TRUCK,40,2015,FORD,F150
MCP3115005R,220009147,Montgomery County Police,Injury Crash,03-03-22 7:20,US (State),COLUMBIA PIKE,NEW HAMPSHIRE AVE,SAME DIR REAR END,CLEAR,DRY,DAYLIGHT,NO CONTROLS,,No,POSSIBLE INJURY,NOT DISTRACTED,MD,PASSENGER CAR,45,2008,MERZ,UT
MCP2684000V,170512575,Montgomery County Police,Property Damage Crash,06-08-17 21:30,County,HELSEL DR,ROAD END,STRAIGHT MOVEMENT ANGLE,CLEAR,DRY,DARK LIGHTS ON,NO CONTROLS,,Yes,NO APPARENT INJURY,LOOKED BUT DID NOT SEE,MD,POLICE VEHICLE/EMERGENCY,15,2015,JEEP,TK
MCP2726006B,210044456,Montgomery County Police,Property Damage Crash,11-03-21 8:43,Municipality,TOWER OAKS BLVD,MONTROSE RD,SAME DIRECTION RIGHT TURN,CLEAR,DRY,DAYLIGHT,TRAFFIC SIGNAL,NONE DETECTED,No,NO APPARENT INJURY,NOT DISTRACTED,MD,PASSENGER CAR,35,2016,TOYOTA,COROLLA
MCP2776001G,16047866,Montgomery County Police,Injury Crash,09/18/2016 12:12:00 AM,County,NORWOOD RD,NORBECK RD,HEAD ON LEFT TURN,CLEAR,DRY,DARK LIGHTS ON,TRAFFIC SIGNAL,NONE DETECTED,No,POSSIBLE INJURY,NOT DISTRACTED,MD,PASSENGER CAR,40,2004,NISSAN,FRONTIER
MCP10640059,17005414,Montgomery County Police,Injury Crash,01/31/2017 01:38:00 PM,US (State),COLUMBIA PIKE,STEWART LA,HEAD ON LEFT TURN,CLEAR,DRY,DAYLIGHT,TRAFFIC SIGNAL,,Yes,NO APPARENT INJURY,UNKNOWN,MD,PASSENGER CAR,50,2013,HYUNDAI,SONATA
MCP2513003D,230061906,Montgomery County Police,Injury Crash,10/22/2023 12:52:00 AM,US (State),COLUMBIA PIKE,RAMP 6 FR BRIGGS CHANEY RD TO US 29 SB,SAME DIR REAR END,CLEAR,DRY,DARK NO LIGHTS,NO CONTROLS,NONE DETECTED,Unknown,SUSPECTED MINOR INJURY,UNKNOWN,MD,PASSENGER CAR,50,2018,HONDA,ACCORD
MCP2107003P,220037033,Montgomery County Police,Property Damage Crash,08/27/2022 10:58:00 AM,Maryland (State),GERMANTOWN RD,LEAMAN FARM RD,SINGLE VEHICLE,CLEAR,DRY,DAYLIGHT,NO CONTROLS,NONE DETECTED,Yes,NO APPARENT INJURY,BY MOVING OBJECT IN VEHICLE,MD,AMBULANCE/EMERGENCY,40,2020,FORD,MUSTANG
MCP1064002Q,15027011,Montgomery County Police,Injury Crash,06-04-15 9:09,US (State),COLUMBIA PIKE,STEWART LA,SAME DIR REAR END,CLOUDY,WET,DAYLIGHT,NO CONTROLS,,No,SUSPECTED SERIOUS INJURY,NOT DISTRACTED,MD,PICKUP TRUCK,50,2006,TOYT,TK
MCP2923006X,200029037,Montgomery County Police,Injury Crash,07/26/2020 09:20:00 PM,Maryland (State),GEORGIA AVE,DAYTON ST,SAME DIR REAR END,CLEAR,DRY,DARK LIGHTS ON,NO CONTROLS,NONE DETECTED,No,NO APPARENT INJURY,NOT DISTRACTED,FL,PASSENGER CAR,35,2012,TOYOTA,CAMRY
MCP2664005J,210050035,Montgomery County Police,Property Damage Crash,12-09-21 16:23,Maryland (State),OLNEY SANDY SPRING RD,OLD VIC BLVD,SAME DIRECTION SIDESWIPE,CLEAR,DRY,DAYLIGHT,TRAFFIC SIGNAL,NONE DETECTED,Yes,NO APPARENT INJURY,UNKNOWN,MD,PASSENGER CAR,40,2015,LEXUS,RX450
MCP3294002M,240053885,MONTGOMERY,Property Damage Crash,11-09-24 20:00,Maryland (State) Route,MIDCOUNTY HWY (SB/L),,"Sideswipe, Same Direction",Clear,Dry,Dark - Lighted,Traffic Control Signal,"Not Suspect of Alcohol Use, Not Suspect of Drug Use",No,No Apparent Injury,Not Distracted,MD,Passenger Car,50,2017,TOYOTA,COROLLA
MCP2162003T,190019770,Montgomery County Police,Property Damage Crash,04/27/2019 02:15:00 PM,,,,OTHER,CLEAR,,DAYLIGHT,NO CONTROLS,,Yes,NO APPARENT INJURY,UNKNOWN,,PASSENGER CAR,5,2019,UNKNOWN,UNKNOWN
MCP27820052,240049923,MONTGOMERY,Injury Crash,10/18/2024 07:57:00 PM,County Route,BEL PRE RD,,"Sideswipe, Same Direction",Clear,Dry,Dark - Lighted,No Controls,"Not Suspect of Alcohol Use, Not Suspect of Drug Use",No,Suspected Minor Injury,Not Distracted,MD,Passenger Car,35,2001,BMW,330CI
MCP3455000Q,250025739,MONTGOMERY,Property Damage Crash,06-09-25 18:17,County Route,ARCOLA AVE,,Angle,Clear,Dry,Daylight,No Controls,"Not Suspect of Alcohol Use, Not Suspect of Drug Use",No,No Apparent Injury,Not Distracted,MD,Passenger Car,30,2019,DODGE,CHARGER
MCP2039002H,170513604,Montgomery County Police,Injury Crash,06/14/2017 10:07:00 AM,Maryland (State),CONNECTICUT AVE,JEFFRY ST,SINGLE VEHICLE,CLEAR,DRY,DAYLIGHT,,ALCOHOL PRESENT,Yes,SUSPECTED SERIOUS INJURY,LOOKED BUT DID NOT SEE,MD,VAN,45,2004,CHEVROLET,EXPRESS
MCP30260073,210043791,Montgomery County Police,Property Damage Crash,10/30/2021 09:20:00 AM,Interstate (State),CAPITAL BELTWAY,RAMP 8 FR MD 97 SB TO IS 495 WB,SAME DIRECTION SIDESWIPE,CLEAR,WET,DAYLIGHT,NO CONTROLS,NONE DETECTED,Yes,NO APPARENT INJURY,NOT DISTRACTED,MD,PASSENGER CAR,55,2005,PETE,CONCRETE TRUCK
MCP1099001P,170539743,Montgomery County Police,Injury Crash,10/30/2017 09:00:00 AM,County,CENTERWAY RD,SNOUFFERS SCHOOL RD,HEAD ON,,WET,DAYLIGHT,NO CONTROLS,,No,NO APPARENT INJURY,NOT DISTRACTED,MD,PASSENGER CAR,35,2012,NISS,ALT
MCP3093002F,190059922,Montgomery County Police,Injury Crash,12-12-19 15:45,Maryland (State),EAST WEST HWY,GLENDALE RD,STRAIGHT MOVEMENT ANGLE,,DRY,DAYLIGHT,,,Yes,POSSIBLE INJURY,LOOKED BUT DID NOT SEE,MD,PASSENGER CAR,35,2012,BMW,4D
MCP12050020,16018217,Montgomery County Police,Property Damage Crash,04/14/2016 08:36:00 AM,County,GRUBB RD,COLSTON DR,STRAIGHT MOVEMENT ANGLE,CLEAR,DRY,DAYLIGHT,STOP SIGN,NONE DETECTED,No,NO APPARENT INJURY,NOT DISTRACTED,MD,(SPORT) UTILITY VEHICLE,25,2013,AUDI,SU
EJ78460010,15041193,GAITHERSBURG,Injury Crash,08/17/2015 09:07:00 PM,Municipality,WATKINS MILL RD,FREDERICK RD,HEAD ON LEFT TURN,CLEAR,DRY,DARK LIGHTS ON,TRAFFIC SIGNAL,NONE DETECTED,No,POSSIBLE INJURY,NOT DISTRACTED,MD,PASSENGER CAR,35,2015,TOYOTA,HIGHLANDER
MCP2534003H,210021720,Montgomery County Police,Property Damage Crash,06-07-21 22:42,Maryland (State),GEORGIA AVE,PRICHARD RD,OTHER,CLEAR,DRY,DARK LIGHTS ON,NO CONTROLS,ALCOHOL PRESENT,Yes,NO APPARENT INJURY,NOT DISTRACTED,MD,(SPORT) UTILITY VEHICLE,25,2013,TOYOTA,HIGHLANDER
MCP30260071,210040980,Montgomery County Police,Property Damage Crash,10/13/2021 12:50:00 PM,Maryland (State),CONNECTICUT AVE,TAYLOR ST,SAME DIRECTION SIDESWIPE,CLEAR,DRY,DAYLIGHT,NO CONTROLS,UNKNOWN,Yes,NO APPARENT INJURY,UNKNOWN,,UNKNOWN,35,0,UNKNOWN,UNKNOWN
MCP21980050,190004940,Montgomery County Police,Property Damage Crash,01/30/2019 09:31:00 PM,Maryland (State),CLOPPER RD,W WATKINS MILL RD,SAME DIRECTION RIGHT TURN,SEVERE WINDS,WET,DARK LIGHTS ON,,,No,NO APPARENT INJURY,NOT DISTRACTED,MD,PASSENGER CAR,35,2003,HONDA,ACCORD
MCP27800085,240044951,MONTGOMERY,Property Damage Crash,09/20/2024 04:35:00 PM,Local Route,CHURCHILL RIDGE CIR,LOCBURY CT LOCBURY DR,Angle,Clear,Dry,Daylight,Stop Sign,"Not Suspect of Alcohol Use, Not Suspect of Drug Use",Yes,No Apparent Injury,Not Distracted,MD,Single-Unit Truck,5,2008,"SPARTAN FIRE, LLC",SPECIALTY VEHICLE
MCP2912000N,15008141,Montgomery County Police,Property Damage Crash,02/19/2015 09:21:00 AM,County,MICHIGAN AVE,PENNSYLVANIA AVE,SAME DIRECTION SIDESWIPE,CLEAR,DRY,DAYLIGHT,NO CONTROLS,NONE DETECTED,Yes,NO APPARENT INJURY,UNKNOWN,MD,TRANSIT BUS,25,2007,GILLIG,BUS
MCP0872000J,15025320,Montgomery County Police,Property Damage Crash,05/26/2015 03:10:00 PM,US (State),COLESVILLE RD,FENTON ST,SAME DIR REAR END,,DRY,DAYLIGHT,TRAFFIC SIGNAL,NONE DETECTED,No,NO APPARENT INJURY,NOT DISTRACTED,MD,PASSENGER CAR,30,2001,LEXUS,RX300
MCP1002000Z,210050226,Montgomery County Police,Injury Crash,12-10-21 17:11,Maryland (State),CLOPPER RD,PARKRIDGE DR,ANGLE MEETS RIGHT TURN,CLEAR,DRY,DARK LIGHTS ON,STOP SIGN,NONE DETECTED,No,NO APPARENT INJURY,NOT DISTRACTED,MD,PASSENGER CAR,35,2012,NISSAN,ALTIMA
MCP30530077,240009791,MONTGOMERY,Property Damage Crash,02/28/2024 06:57:00 PM,County Route,CLARIDGE RD,,Single Vehicle,Rain,Wet,Dark - Lighted,No Controls,"Not Suspect of Alcohol Use, Not Suspect of Drug Use",No,No Apparent Injury,Unknown,MD,Passenger Car,30,2003,CHEVROLET,SILVERADO
MCP13930010,170503587,Montgomery County Police,Property Damage Crash,04/22/2017 04:35:00 PM,Other Public Roadway,OBSERVATION DR,GERMANTOWN RD,STRAIGHT MOVEMENT ANGLE,RAINING,WET,DAYLIGHT,TRAFFIC SIGNAL,NONE DETECTED,No,NO APPARENT INJURY,NOT DISTRACTED,MD,TRANSIT BUS,35,2008,GILL,BUS
MCP3277000S,210015430,Montgomery County Police,Property Damage Crash,04/25/2021 04:38:00 PM,Maryland (State),MONTGOMERY VILLAGE AVE,RUSSELL AVE,SAME DIR REAR END,CLEAR,DRY,DAYLIGHT,TRAFFIC SIGNAL,NONE DETECTED,No,NO APPARENT INJURY,NOT DISTRACTED,MD,PASSENGER CAR,35,2010,TOYT,4S
MCP2314003Q,240047109,MONTGOMERY,Injury Crash,10-02-24 20:08,County Route,E GUDE DR (WB/L),CRABBS BRANCH WAY (NB/L),Angle,Cloudy,Dry,Dark - Lighted,Traffic Control Signal,"Not Suspect of Alcohol Use, Not Suspect of Drug Use",No,No Apparent Injury,Not Distracted,MD,Sport Utility Vehicle,40,2023,MAZDA,CX-5
MCP2436001J,16021093,Montgomery County Police,Injury Crash,04/29/2016 11:10:00 AM,Maryland (State),FLOWER AVE,HOUSTON AVE,OPPOSITE DIRECTION SIDESWIPE,CLEAR,WET,DAYLIGHT,NO CONTROLS,NONE DETECTED,No,POSSIBLE INJURY,NOT DISTRACTED,MD,"MEDIUM/HEAVY TRUCKS 3 AXLES (OVER 10,000LBS (4,536KG))",25,2011,CRANE,REAR LOADER
MCP3290003M,240047651,MONTGOMERY,Injury Crash,10-06-24 6:43,County Route,LEIGHTON AVE,,Angle,Clear,Dry,Dark - Lighted,Stop Sign,"Not Suspect of Alcohol Use, Not Suspect of Drug Use",Yes,No Apparent Injury,Unknown,MD,Passenger Car,35,2018,TOYOTA,CAMRY
MCP3161003J,210049589,Montgomery County Police,Injury Crash,12-06-21 18:28,Maryland (State),KNOWLES AVE,HOWARD AVE,SAME DIR REAR END,CLEAR,DRY,DARK LIGHTS ON,NO CONTROLS,NONE DETECTED,Yes,NO APPARENT INJURY,UNKNOWN,MD,PASSENGER CAR,30,2013,TOYT,4S
MCP2966005T,220016551,Montgomery County Police,Property Damage Crash,04/19/2022 10:15:00 AM,Maryland (State),GERMANTOWN RD,CROWNSGATE WAY,SINGLE VEHICLE,CLEAR,,DAYLIGHT,NO CONTROLS,,Yes,NO APPARENT INJURY,NOT DISTRACTED,MD,SCHOOL BUS,40,2022,THMS,SB
MCP3268004B,240041236,MONTGOMERY,Property Damage Crash,08/31/2024 10:58:00 AM,Bicycle Route,,,"Sideswipe, Same Direction",Clear,Dry,Daylight,Traffic Control Signal,"Not Suspect of Alcohol Use, Not Suspect of Drug Use",Yes,No Apparent Injury,Not Distracted,MD,Van - Passenger (&lt;9 Seats),25,2023,MERCEDES-BENZ,SPRINTER