Report Number,Local Case Number,Agency Name,ACRS Report Type,Crash Date/Time,Route Type,Road Name,Cross-Street Name,Collision Type,Weather,Surface Condition,Light,Traffic Control,Driver Substance Abuse,Driver At Fault,Injury Severity,Driver Distracted By,Drivers License State,Vehicle Body Type,Speed Limit,Vehicle Year,Vehicle Make,Vehicle Model
MCP93650008,15040763,MONTGOMERY,Property Damage Crash,08/15/2015 01:43:00 PM,US (State),COLUMBIA PIKE,TECH RD,SAME DIRECTION SIDESWIPE,,DRY,DAYLIGHT,TRAFFIC SIGNAL,NONE DETECTED,Yes,NO APPARENT INJURY,UNKNOWN,MD,PASSENGER CAR,50,2012,HONDA,FIT
MCP1472000H,15029833,Montgomery County Police,Injury Crash,06/18/2015 10:00:00 PM,Maryland (State),NEW HAMPSHIRE AVE,ELTON RD,SAME DIR REAR END,CLEAR,DRY,DARK LIGHTS ON,TRAFFIC SIGNAL,,No,SUSPECTED SERIOUS INJURY,NOT DISTRACTED,NY,PASSENGER CAR,40,2009,HOND,CIVIC 4D
DD56030078,190023173,Rockville Police Departme,Property Damage Crash,05/16/2019 06:00:00 PM,Maryland (State),ROCKVILLE PIKE,ENT TO BUSINESS,OTHER,CLEAR,DRY,DAYLIGHT,NO CONTROLS,NONE DETECTED,Yes,NO APPARENT INJURY,LOOKED BUT DID NOT SEE,MD,PASSENGER CAR,15,2009,TOYOTA,4S
MCP2436004R,180005997,Montgomery County Police,Injury Crash,02-04-18 10:49,US (State),COLUMBIA PIKE,HILLWOOD DR,STRAIGHT MOVEMENT ANGLE,RAINING,WET,DAYLIGHT,NO CONTROLS,NONE DETECTED,Yes,POSSIBLE INJURY,UNKNOWN,MD,PASSENGER CAR,40,2004,VW,JETTA
EJ7902000M,240008673,GAITHERSBURG,Injury Crash,02/22/2024 12:29:00 PM,County Route,SHADY GROVE RD,RAMP 1 FR IS 270 NB TO SHADY GROVE RD WB,Angle,Clear,Dry,Daylight,Traffic Control Signal,"Not Suspect of Alcohol Use, Not Suspect of Drug Use",No,Possible Injury,Unknown,MD,Passenger Car,25,2017,TOYOTA,CAMRY
DD5677001D,250002073,ROCKVILLE,Property Damage Crash,01/15/2025 08:25:00 PM,Maryland (State) Route,FREDERICK RD (SB/L),,Angle,Clear,Dry,Dark - Lighted,Traffic Control Signal,"Not Suspect of Alcohol Use, Not Suspect of Drug Use",No,No Apparent Injury,Not Distracted,MD,Sport Utility Vehicle,35,2013,NISSAN,ROGUE
MCP2641001F,200013351,Montgomery County Police,Property Damage Crash,03/20/2020 06:05:00 AM,Maryland (State),RIDGE RD,SPUR TO MD 80,SAME DIR REAR END,CLEAR,DRY,DAWN,,NONE DETECTED,No,NO APPARENT INJURY,NOT DISTRACTED,DC,PASSENGER CAR,40,2013,HONDA,CIVIC
DM8451001B,170520421,Takoma Park Police Depart,Injury Crash,07/21/2017 06:28:00 PM,Municipality,CHESTNUT AVE,PHILADELPHIA AVE,STRAIGHT MOVEMENT ANGLE,CLEAR,DRY,DAYLIGHT,STOP SIGN,NONE DETECTED,Yes,SUSPECTED MINOR INJURY,UNKNOWN,MD,PASSENGER CAR,25,2010,HONDA,CRV
MCP2962008D,230062509,Montgomery County Police,Property Damage Crash,10/25/2023 01:26:00 PM,County,WISTERIA DR,GREAT SENECA HWY,STRAIGHT MOVEMENT ANGLE,CLEAR,DRY,DAYLIGHT,NO CONTROLS,NONE DETECTED,No,NO APPARENT INJURY,NOT DISTRACTED,MD,PASSENGER CAR,35,1992,NISSAN,240SX
MCP2633002Z,220055746,Montgomery County Police,Injury Crash,12/16/2022 03:03:00 PM,,,,OTHER,CLEAR,,DAYLIGHT,NO CONTROLS,NONE DETECTED,Yes,NO APPARENT INJURY,UNKNOWN,MD,PASSENGER CAR,15,2009,HONDA,ACCORD 4S
MCP1305006F,250045502,MONTGOMERY,Property Damage Crash,10-09-25 21:33,Maryland (State) Route,WOODFIELD RD,MUNCASTER MILL RD,Angle,Clear,Dry,Dark - Lighted,Traffic Control Signal,"Not Suspect of Alcohol Use, Not Suspect of Drug Use",No,No Apparent Injury,Not Distracted,MD,Passenger Car,35,2014,DODGE,CHARGER
EJ7884004W,220034409,Gaithersburg Police Depar,Property Damage Crash,08-10-22 18:08,,,,SINGLE VEHICLE,RAINING,,DAYLIGHT,NO CONTROLS,,Yes,NO APPARENT INJURY,LOOKED BUT DID NOT SEE,WV,TRUCK TRACTOR,10,1988,INTERNATIONAL,TRUCK
MCP2048001H,170533260,Montgomery County Police,Injury Crash,09/26/2017 05:00:00 PM,Maryland (State),NEW HAMPSHIRE AVE,VALLEY BROOK DR,UNKNOWN,CLEAR,DRY,DAYLIGHT,TRAFFIC SIGNAL,NONE DETECTED,Yes,SUSPECTED MINOR INJURY,NOT DISTRACTED,MD,PASSENGER CAR,35,2012,FORD,4S
MCP11820035,200011555,Montgomery County Police,Property Damage Crash,03-09-20 8:57,Maryland (State),OLD GEORGETOWN RD,SOUTHWICK ST,SAME DIRECTION RIGHT TURN,CLEAR,DRY,DAYLIGHT,NO CONTROLS,NONE DETECTED,Yes,NO APPARENT INJURY,LOOKED BUT DID NOT SEE,MD,PASSENGER CAR,35,2018,TOYOTA,COROLLA
MCP1580005G,16016899,Montgomery County Police,Property Damage Crash,04-07-16 6:59,County,SHADY GROVE RD,CRABBS BRANCH WAY,STRAIGHT MOVEMENT ANGLE,RAINING,WET,DAYLIGHT,TRAFFIC SIGNAL,NONE DETECTED,No,NO APPARENT INJURY,NOT DISTRACTED,MD,PASSENGER CAR,45,2010,TOYT,COROLLA
MCP2772002D,250003138,MONTGOMERY,Injury Crash,01/22/2025 11:21:00 PM,Interstate (State),CAPITAL BELTWAY (WB/L),,Front to Rear,Clear,Dry,Dark - Lighted,No Controls,"Not Suspect of Alcohol Use, Not Suspect of Drug Use",No,No Apparent Injury,Not Distracted,FL,Pickup,55,2019,RAM,3500
MCP30900031,190043138,Montgomery County Police,Property Damage Crash,09-09-19 10:00,Interstate (State),EISENHOWER MEMORIAL HWY,EXIT #10,SINGLE VEHICLE,CLOUDY,DRY,DAYLIGHT,,,Yes,NO APPARENT INJURY,NOT DISTRACTED,MD,PICKUP TRUCK,55,2013,FORD,F150
MCP30370017,170524837,Montgomery County Police,Property Damage Crash,08/14/2017 06:53:00 PM,Interstate (State),EISENHOWER MEMORIAL HWY,MILE MARKER 21.0,SAME DIR REAR END,RAINING,WET,DAYLIGHT,NO CONTROLS,NONE DETECTED,Yes,NO APPARENT INJURY,UNKNOWN,MD,PASSENGER CAR,55,2008,SUBARU,IMPREZA
MCP1563007F,220000901,Montgomery County Police,Property Damage Crash,01-08-22 13:18,Maryland (State),CONNECTICUT AVE,EAST WEST HWY,SAME DIR REAR END,CLEAR,DRY,DAYLIGHT,TRAFFIC SIGNAL,NONE DETECTED,Yes,NO APPARENT INJURY,NOT DISTRACTED,MD,"CARGO VAN/LIGHT TRUCK 2 AXLES (OVER 10,000LBS (4,536 KG))",30,2017,FORD,POSTAL TRUCK
DD5538000Y,15050556,ROCKVILLE,Injury Crash,10-06-15 8:00,Maryland (State),HUNGERFORD DR,IVY LEAGUE LA,SAME DIR REAR END,CLEAR,DRY,DAYLIGHT,NO CONTROLS,NONE DETECTED,No,NO APPARENT INJURY,NOT DISTRACTED,MD,PASSENGER CAR,35,1998,HONDA,CIVIC
MCP3276002Q,230047026,Montgomery County Police,Property Damage Crash,07/30/2023 09:12:00 PM,County,GARDINER AVE,DEXTER AVE,HEAD ON LEFT TURN,CLEAR,DRY,DARK LIGHTS ON,STOP SIGN,NONE DETECTED,Unknown,NO APPARENT INJURY,UNKNOWN,MD,PASSENGER CAR,30,2008,JEEP,UT
MCP2686003Q,190043558,Montgomery County Police,Property Damage Crash,09-11-19 17:40,,,,SINGLE VEHICLE,CLEAR,,DAYLIGHT,,,Yes,NO APPARENT INJURY,UNKNOWN,MD,PASSENGER CAR,5,2004,MAZDA,RX-8
MCP3031004H,220044941,Montgomery County Police,Injury Crash,10/13/2022 07:20:00 PM,Maryland (State),NEW HAMPSHIRE AVE,OLD MD 198,STRAIGHT MOVEMENT ANGLE,RAINING,WET,DARK LIGHTS ON,STOP SIGN,NONE DETECTED,Yes,POSSIBLE INJURY,LOOKED BUT DID NOT SEE,MD,PICKUP TRUCK,35,2000,CHEVY,PICK UP
MCP271700VS,210031115,Montgomery County Police,Property Damage Crash,08-10-21 17:20,County,SAUL RD,OLD SPRING RD,OPPOSITE DIRECTION SIDESWIPE,CLEAR,DRY,DAYLIGHT,STOP SIGN,NONE DETECTED,Yes,NO APPARENT INJURY,LOOKED BUT DID NOT SEE,MD,PICKUP TRUCK,25,2016,TOYOTA,TUNDRA
MCP1389001M,180018118,Montgomery County Police,Property Damage Crash,04-10-18 15:00,,,,STRAIGHT MOVEMENT ANGLE,CLEAR,,DAYLIGHT,,UNKNOWN,Yes,NO APPARENT INJURY,UNKNOWN,,,5,0,UNKNOWN,UNKNOWN
MCP2212003K,18004764,Montgomery County Police,Property Damage Crash,09/24/2018 07:44:00 AM,County,RANDOLPH RD,LOCKSLEY LA,SAME DIR REAR END,RAINING,WET,DAYLIGHT,NO CONTROLS,NONE DETECTED,Yes,NO APPARENT INJURY,NOT DISTRACTED,MD,PASSENGER CAR,40,2004,PONT,VIBE
MCP3232002Z,220036598,Montgomery County Police,Injury Crash,08/24/2022 03:05:00 PM,County,NORBECK RD,NORWOOD RD,HEAD ON LEFT TURN,CLEAR,DRY,DAYLIGHT,NO CONTROLS,NONE DETECTED,Yes,NO APPARENT INJURY,LOOKED BUT DID NOT SEE,XX,PASSENGER CAR,40,2021,TOYOTA,HYLANDER
MCP2511000F,15019830,Montgomery County Police,Property Damage Crash,04/27/2015 03:18:00 PM,,,,OTHER,CLEAR,,DAYLIGHT,STOP SIGN,NONE DETECTED,Yes,NO APPARENT INJURY,NOT DISTRACTED,MD,PASSENGER CAR,15,2014,TOYOTA,COROLLA
MCP3021006M,230028609,Montgomery County Police,Property Damage Crash,06/14/2023 11:00:00 AM,Other Public Roadway,INDUSTRIAL PKWY,TECH RD,STRAIGHT MOVEMENT ANGLE,RAINING,WET,DAYLIGHT,NO CONTROLS,NONE DETECTED,Yes,NO APPARENT INJURY,LOOKED BUT DID NOT SEE,MD,PASSENGER CAR,25,2020,JEEP,LAREDO
DD5653002Q,230058382,Rockville Police Departme,Property Damage Crash,09/30/2023 03:30:00 PM,Municipality,EDMONSTON DR,ROCKVILLE PIKE,SAME DIR REAR END,CLOUDY,DRY,DAYLIGHT,TRAFFIC SIGNAL,,Yes,NO APPARENT INJURY,LOOKED BUT DID NOT SEE,VA,(SPORT) UTILITY VEHICLE,30,2008,TOYOTA,SUV
MCP21770034,180006002,Montgomery County Police,Property Damage Crash,02-02-18 8:30,County,SHADY GROVE RD,W MONTGOMERY AVE,SAME DIR REAR END,UNKNOWN,,DAYLIGHT,,,Yes,NO APPARENT INJURY,UNKNOWN,MD,PASSENGER CAR,40,2016,HONDA,PILOT
MCP1565002Y,180027400,Montgomery County Police,Property Damage Crash,06-04-18 8:50,County,ATHERTON DR,DELANO ST,OTHER,CLEAR,DRY,DAYLIGHT,NO CONTROLS,NONE DETECTED,Yes,NO APPARENT INJURY,UNKNOWN,MD,SCHOOL BUS,25,2018,FREIGHTLINER,SCHOOL BUS
MCP31560031,240025595,MONTGOMERY,Property Damage Crash,05/29/2024 01:10:00 PM,County Route,THAYER AVE,,Rear To Side,Cloudy,Wet,Daylight,No Controls,"Unknown, Unknown",No,No Apparent Injury,Unknown,MD,Passenger Car,20,2020,TOYOTA,C-HR
MCP2814001X,180035265,Montgomery County Police,Property Damage Crash,07/17/2018 12:40:00 AM,Maryland (State),MUNCASTER MILL RD,MAGRUDER HIGH SCHOOL,SINGLE VEHICLE,,DRY,DARK LIGHTS ON,NO CONTROLS,ALCOHOL PRESENT,Yes,NO APPARENT INJURY,UNKNOWN,MD,PASSENGER CAR,40,2004,HONDA,SUV
MCP3160002D,20000443,Montgomery County Police,Property Damage Crash,01-07-20 11:30,,,,OPPOSITE DIRECTION SIDESWIPE,CLEAR,,DAYLIGHT,,NONE DETECTED,Yes,NO APPARENT INJURY,LOOKED BUT DID NOT SEE,MD,PASSENGER CAR,25,2008,VOLKSWAGON,TOUAREG
MCP1555000L,15023229,Montgomery County Police,Property Damage Crash,05/15/2015 11:32:00 AM,,,,OTHER,CLEAR,,DAYLIGHT,NO CONTROLS,NONE DETECTED,Yes,NO APPARENT INJURY,NOT DISTRACTED,MD,"OTHER LIGHT TRUCKS (10,000LBS (4,536KG) OR LESS)",15,2009,TOYOTA,CAMRY
MCP2552006L,230061251,Montgomery County Police,Property Damage Crash,10/18/2023 01:22:00 PM,,,,OTHER,CLEAR,,DAYLIGHT,,,No,NO APPARENT INJURY,NOT DISTRACTED,MD,PASSENGER CAR,10,2003,LEXUS,IS300
MCP2671003Y,240033235,MONTGOMERY,Injury Crash,07/14/2024 06:00:00 PM,,,,Single Vehicle,Clear,,Daylight,,"Unknown, Unknown",No,,,,Passenger Car,0,2013,HYUNDAI,ACCENT
MCP242500GK,200047756,Montgomery County Police,Property Damage Crash,12-04-20 8:24,County,E RANDOLPH RD,BILLINGTON RD,STRAIGHT MOVEMENT ANGLE,RAINING,WET,DAYLIGHT,STOP SIGN,NONE DETECTED,No,NO APPARENT INJURY,NOT DISTRACTED,MD,PICKUP TRUCK,45,2007,CHEVY,SILVERADO
MCP2940005V,220026924,Montgomery County Police,Property Damage Crash,06/22/2022 02:00:00 PM,Other Public Roadway,MONTROSE PKWY,END BRIDGE,OPPOSITE DIRECTION SIDESWIPE,CLOUDY,WET,DAYLIGHT,,NONE DETECTED,No,NO APPARENT INJURY,NOT DISTRACTED,MD,VAN,35,2014,MERZ,VAN
MCP14650027,16033937,Montgomery County Police,Injury Crash,07-05-16 9:05,Maryland (State),FREDERICK RD,INDIANOLA DR,HEAD ON LEFT TURN,CLEAR,DRY,DAYLIGHT,TRAFFIC SIGNAL,NONE DETECTED,No,POSSIBLE INJURY,NOT DISTRACTED,MD,PASSENGER CAR,40,2015,KIA,4DR
MCP284800C4,250044073,MONTGOMERY,Property Damage Crash,10-01-25 7:53,,,,Single Vehicle,Clear,,Daylight,,"Not Suspect of Alcohol Use, Not Suspect of Drug Use",No,No Apparent Injury,Not Distracted,MD,Bus - School,0,2019,FREIGHTLINER,B2 BUS CHASSIS
MCP2639000M,15009672,Montgomery County Police,Property Damage Crash,02/28/2015 08:46:00 PM,Maryland (State),GEORGIA AVE,DENNIS AVE,STRAIGHT MOVEMENT ANGLE,CLEAR,,DARK LIGHTS ON,TRAFFIC SIGNAL,NONE DETECTED,No,NO APPARENT INJURY,NOT DISTRACTED,MD,PASSENGER CAR,25,2007,TOYOTA,COROLLA
DD5567007D,250005574,ROCKVILLE,Property Damage Crash,02-07-25 9:16,Municipality Route,CHURCH ST (WB/L),,"Sideswipe, Same Direction",Clear,Dry,Daylight,Traffic Control Signal,"Not Suspect of Alcohol Use, Not Suspect of Drug Use",No,No Apparent Injury,Not Distracted,MD,Bus - Transit,0,2017,GILLIG,UTILITY BUS
DD5614000K,16019422,Rockville Police Departme,Property Damage Crash,04/19/2016 06:16:00 PM,,,,SINGLE VEHICLE,CLEAR,,DAYLIGHT,NO CONTROLS,UNKNOWN,Yes,NO APPARENT INJURY,UNKNOWN,MD,(SPORT) UTILITY VEHICLE,15,2004,KIA,SUV
MCP3037003L,210033752,Montgomery County Police,Injury Crash,08/29/2021 03:08:00 PM,Maryland (State),FREDERICK RD,ENT TO FOX CHAPEL CENTER,HEAD ON LEFT TURN,CLEAR,DRY,DAYLIGHT,TRAFFIC SIGNAL,UNKNOWN,No,NO APPARENT INJURY,NOT DISTRACTED,MD,PASSENGER CAR,35,2015,MITS,SW
MCP14380056,170539132,Montgomery County Police,Property Damage Crash,10/27/2017 10:09:00 AM,Maryland (State),KEY WEST AVE,MEDICAL CENTER DR,SAME DIRECTION SIDESWIPE,CLEAR,DRY,DAYLIGHT,TRAFFIC SIGNAL,NONE DETECTED,Yes,NO APPARENT INJURY,NOT DISTRACTED,VA,"CARGO VAN/LIGHT TRUCK 2 AXLES (OVER 10,000LBS (4,536 KG))",40,2006,FORD,TK
MCP27230092,240053522,MONTGOMERY,Injury Crash,11-07-24 16:16,Maryland (State) Route,NORBECK RD,BAUER DR,Rear To Rear,Clear,Dry,Daylight,Traffic Control Signal,"Not Suspect of Alcohol Use, Not Suspect of Drug Use",Yes,Suspected Minor Injury,Unknown,MD,Passenger Car,50,2009,HONDA,CIVIC
DD5659000V,250031233,ROCKVILLE,Property Damage Crash,07/13/2025 04:15:00 PM,Municipality Route,PARK RD (WB/L),,"Sideswipe, Same Direction",Clear,Dry,Daylight,No Controls,"Not Suspect of Alcohol Use, Not Suspect of Drug Use",No,No Apparent Injury,Not Distracted,MD,Passenger Car,25,2013,NISSAN,VERSA
MCP29280023,180001401,Montgomery County Police,Property Damage Crash,01-09-18 22:55,Maryland (State),GEORGIA AVE,BALLARD ST,OTHER,CLEAR,DRY,DARK LIGHTS ON,NO CONTROLS,NONE DETECTED,Yes,NO APPARENT INJURY,NOT DISTRACTED,MD,PASSENGER CAR,40,1997,FORD,EXPLORER
MCP137800HM,170522126,Montgomery County Police,Property Damage Crash,07/31/2017 03:33:00 PM,Municipality,RUSSELL AVE,MONTGOMERY VILLAGE AVE,OTHER,CLEAR,DRY,DAYLIGHT,TRAFFIC SIGNAL,NONE DETECTED,Yes,NO APPARENT INJURY,NOT DISTRACTED,MD,TRANSIT BUS,35,2008,GILLIG,BUS
MCP2203006S,230007220,Montgomery County Police,Injury Crash,02/13/2023 07:45:00 AM,Maryland (State),VEIRS MILL RD,TWINBROOK PKWY,SAME DIRECTION SIDESWIPE,CLOUDY,ICE,DAYLIGHT,,NONE DETECTED,Yes,NO APPARENT INJURY,NOT DISTRACTED,MD,PASSENGER CAR,35,2002,FORD,VAN
MCP26230043,190045891,Montgomery County Police,Property Damage Crash,09/25/2019 12:24:00 AM,Maryland (State),SPENCERVILLE RD,LIONS DEN RD,SINGLE VEHICLE,CLEAR,DRY,DARK LIGHTS ON,NO CONTROLS,ALCOHOL PRESENT,Yes,NO APPARENT INJURY,NOT DISTRACTED,MD,PASSENGER CAR,55,2006,CHEVY,HTTR
MCP3063003P,220051369,Montgomery County Police,Property Damage Crash,11/20/2022 05:56:00 PM,County,FRANKLIN AVE,ELLSWORTH DR,OTHER,CLEAR,DRY,DARK LIGHTS ON,TRAFFIC SIGNAL,NONE DETECTED,No,NO APPARENT INJURY,NOT DISTRACTED,MD,PASSENGER CAR,30,2011,HONDA,CIVIC
EJ78290063,190037080,Gaithersburg Police Depar,Injury Crash,08-03-19 10:35,Maryland (State),FREDERICK RD,WALKER AVE,SAME DIR REAR END,CLOUDY,DRY,DARK LIGHTS ON,TRAFFIC SIGNAL,NONE DETECTED,No,POSSIBLE INJURY,NOT DISTRACTED,MD,PASSENGER CAR,30,2004,TOYOTA,4S
MCP2962002G,180020215,Montgomery County Police,Property Damage Crash,04/25/2018 10:23:00 AM,Maryland (State),GERMANTOWN RD,RAMP 6 FR MD 118 EB TO IS 270 SB,SAME DIR REAR END,CLOUDY,WET,DAYLIGHT,NO CONTROLS,NONE DETECTED,No,NO APPARENT INJURY,NOT DISTRACTED,MD,PASSENGER CAR,35,2016,NISS,TK
MCP91060013,16031702,Montgomery County Police,Injury Crash,06/23/2016 09:59:00 AM,Maryland (State),FREDERICK RD,GREENBROOK DR,SAME DIR REAR END,CLOUDY,WET,DAYLIGHT,,UNKNOWN,No,NO APPARENT INJURY,UNKNOWN,,,40,0,UNKNOWN,UNKNOWN
MCP3125000G,180020156,Montgomery County Police,Property Damage Crash,04/24/2018 09:01:00 PM,Municipality,GREAT FALLS RD,MARYLAND AVE,STRAIGHT MOVEMENT ANGLE,RAINING,WET,DARK LIGHTS ON,TRAFFIC SIGNAL,,No,NO APPARENT INJURY,NOT DISTRACTED,ND,PASSENGER CAR,25,2007,TOYOTA,4S
MCP22310081,240034234,MONTGOMERY,Property Damage Crash,07/20/2024 06:15:00 AM,County Route,MUDDY BRANCH RD,,Single Vehicle,Cloudy,Dry,Dawn,No Controls,"Not Suspect of Alcohol Use, Not Suspect of Drug Use",Yes,No Apparent Injury,Unknown,MD,Sport Utility Vehicle,40,2021,CHEVROLET,TRAILBLAZER
DD5582000Y,16025195,Rockville Police Departme,Injury Crash,05/20/2016 10:10:00 PM,Municipality,MARYLAND AVE,GREAT FALLS RD,HEAD ON LEFT TURN,CLEAR,DRY,DARK LIGHTS ON,TRAFFIC SIGNAL,NONE DETECTED,Unknown,NO APPARENT INJURY,UNKNOWN,MD,(SPORT) UTILITY VEHICLE,30,2010,TOYOTA,RAV4
MCP2432000P,220041588,Montgomery County Police,Property Damage Crash,09/24/2022 02:56:00 AM,County,MONTGOMERY VILLAGE AVE,CENTERWAY RD,STRAIGHT MOVEMENT ANGLE,CLEAR,DRY,DARK LIGHTS ON,FLASHING TRAFFIC SIGNAL,NONE DETECTED,Yes,NO APPARENT INJURY,UNKNOWN,MD,PASSENGER CAR,35,2021,HYUNDAI,ELANTRA
MCP3127000M,180021771,Montgomery County Police,Injury Crash,05-03-18 17:00,Maryland (State),OLD GEORGETOWN RD,BATTERY LA,STRAIGHT MOVEMENT ANGLE,CLEAR,DRY,DAYLIGHT,TRAFFIC SIGNAL,NONE DETECTED,No,NO APPARENT INJURY,NOT DISTRACTED,MD,AMBULANCE/EMERGENCY,35,2015,FREIGHTLINER,AMBULANCE
MCP28200016,15028311,MONTGOMERY,Injury Crash,06-11-15 8:08,Maryland (State),GEORGIA AVE,ROSSMOOR BLVD,SAME DIR REAR END,CLEAR,DRY,DAYLIGHT,NO CONTROLS,NONE DETECTED,No,POSSIBLE INJURY,NOT DISTRACTED,MD,PASSENGER CAR,40,2005,TOYT,SOLARA
MCP2385002W,230053560,Montgomery County Police,Property Damage Crash,09-07-23 5:15,Maryland (State),RIDGE RD,ENT TO SHOPPING CENTER,SAME DIR REAR END,CLEAR,DRY,DARK LIGHTS ON,NO CONTROLS,NONE DETECTED,Yes,NO APPARENT INJURY,OTHER DISTRACTION,MD,PICKUP TRUCK,30,2011,TOYOTA,TUNDRA
MCP2941001R,17006363,Montgomery County Police,Property Damage Crash,02-05-17 19:57,Maryland (State),COLESVILLE RD,EAST WEST HWY,SAME DIRECTION RIGHT TURN,CLEAR,DRY,DARK LIGHTS ON,TRAFFIC SIGNAL,NONE DETECTED,Yes,NO APPARENT INJURY,NOT DISTRACTED,MD,PASSENGER CAR,30,2013,DODG,AVENGER
MCP94390005,16031462,Montgomery County Police,Property Damage Crash,06/21/2016 10:15:00 PM,County,SHADY GROVE RD,MIDCOUNTY HWY,SAME DIRECTION SIDESWIPE,RAINING,WET,DARK -- UNKNOWN LIGHTING,,,No,NO APPARENT INJURY,NOT DISTRACTED,MD,"OTHER LIGHT TRUCKS (10,000LBS (4,536KG) OR LESS)",45,2010,MAZDA,3
MCP2859005X,180049179,Montgomery County Police,Property Damage Crash,10-02-18 9:15,Maryland (State),KEY WEST AVE,OMEGA DR,SAME DIR REAR END,CLEAR,DRY,DAYLIGHT,NO CONTROLS,NONE DETECTED,No,NO APPARENT INJURY,NOT DISTRACTED,MD,PASSENGER CAR,40,2007,CHEV,TRAILBLAZER
EJ7843000G,230061188,Gaithersburg Police Depar,Property Damage Crash,10/18/2023 06:53:00 AM,Maryland (State),QUINCE ORCHARD RD,SPUR FR MD 355,SAME DIRECTION SIDESWIPE,CLEAR,DRY,DAWN,TRAFFIC SIGNAL,NONE DETECTED,No,NO APPARENT INJURY,NOT DISTRACTED,MD,PASSENGER CAR,35,2018,HOND,CIVIC
MCP23110024,16017059,Montgomery County Police,Property Damage Crash,04-07-16 22:20,County,MONTGOMERY VILLAGE AVE,WALKERS CHOICE RD,SAME DIR REAR END,CLEAR,DRY,DARK LIGHTS ON,,ALCOHOL PRESENT,Yes,NO APPARENT INJURY,NOT DISTRACTED,MD,PASSENGER CAR,35,2005,MERZ,4S
MCP2859001N,15062684,MONTGOMERY,Injury Crash,12-08-15 14:46,Maryland (State),FREDERICK RD,MONTGOMERY VILLAGE AVE,SAME DIR REAR END,CLEAR,DRY,DAYLIGHT,NO CONTROLS,NONE DETECTED,Yes,NO APPARENT INJURY,LOOKED BUT DID NOT SEE,MD,PASSENGER CAR,30,2000,MERCURY,MOUNTAINEER
MCP2871007Z,220033362,Montgomery County Police,Property Damage Crash,08-03-22 14:14,,,,OTHER,CLEAR,,DAYLIGHT,NO CONTROLS,NONE DETECTED,No,NO APPARENT INJURY,NOT DISTRACTED,MD,PICKUP TRUCK,10,2021,NISSAN,FRONTIER
MCP2247000Y,15054357,MONTGOMERY,Property Damage Crash,10/26/2015 04:04:00 PM,County,BRIGGS CHANEY RD,RAMP 5 FR US 29 SB TO BRIGGS CHANEY RD,SAME DIR REAR END,CLEAR,DRY,DAYLIGHT,TRAFFIC SIGNAL,UNKNOWN,Yes,NO APPARENT INJURY,UNKNOWN,MD,PICKUP TRUCK,35,2007,DODGE,DAKOTA
MCP3313001M,230056884,Montgomery County Police,Injury Crash,09/26/2023 05:30:00 AM,Maryland (State),CONNECTICUT AVE,WELLER RD,HEAD ON,RAINING,WET,DARK LIGHTS ON,FLASHING TRAFFIC SIGNAL,NONE DETECTED,Yes,SUSPECTED MINOR INJURY,NOT DISTRACTED,MD,PICKUP TRUCK,20,2022,TOYT,PK
MCP2937005P,240041490,MONTGOMERY,Property Damage Crash,09-02-24 2:30,Maryland (State) Route,UNIVERSITY BLVD W (WB/L),,"Sideswipe, Same Direction",Clear,Dry,Dark - Lighted,No Controls,"Not Suspect of Alcohol Use, Not Suspect of Drug Use",No,No Apparent Injury,Not Distracted,MD,Passenger Car,35,2014,ACURA,TSX
MCP292300CX,240038356,MONTGOMERY,Property Damage Crash,08/14/2024 08:30:00 AM,County Route,PROCTER ST,,"Sideswipe, Same Direction",Clear,Dry,Daylight,No Controls,"Unknown, Unknown",No,,,,Passenger Car,15,2011,NISSAN,UNKNOWN
MCP2311003H,180011694,Montgomery County Police,Injury Crash,03-08-18 8:04,Municipality,ODENDHAL AVE,FREDERICK RD,SAME DIR REAR END,CLEAR,DRY,DAYLIGHT,,,Yes,NO APPARENT INJURY,NOT DISTRACTED,MD,PASSENGER CAR,30,2010,TOYT,COROLLA
MCP3255002G,210048044,Montgomery County Police,Property Damage Crash,11/26/2021 04:00:00 PM,Maryland (State),W DIAMOND AVE,QUINCE ORCHARD RD,SAME DIR REAR END,CLEAR,DRY,DAYLIGHT,TRAFFIC SIGNAL,,Yes,NO APPARENT INJURY,UNKNOWN,,(SPORT) UTILITY VEHICLE,35,2019,DODGE,DURANGO
MCP9438000M,15052870,MONTGOMERY,Property Damage Crash,10/18/2015 01:19:00 PM,,,,OTHER,CLEAR,,DAYLIGHT,NO CONTROLS,,Unknown,NO APPARENT INJURY,UNKNOWN,MD,PASSENGER CAR,0,2012,VOLK,CC
MCP12350032,210021822,Montgomery County Police,Property Damage Crash,06-08-21 15:58,US (State),COLESVILLE RD,LORAIN AVE,STRAIGHT MOVEMENT ANGLE,CLEAR,DRY,DAYLIGHT,NO CONTROLS,NONE DETECTED,No,NO APPARENT INJURY,NOT DISTRACTED,MD,PASSENGER CAR,40,2018,HONDA,ACCORD
MCP2867002W,16052637,Montgomery County Police,Property Damage Crash,10/13/2016 11:39:00 AM,,,,OPPOSITE DIRECTION SIDESWIPE,CLEAR,,DAYLIGHT,,NONE DETECTED,Unknown,NO APPARENT INJURY,NOT DISTRACTED,MD,PASSENGER CAR,0,2012,DODGE,VAN