Report Number,Local Case Number,Agency Name,ACRS Report Type,Crash Date/Time,Route Type,Road Name,Cross-Street Name,Collision Type,Weather,Surface Condition,Light,Traffic Control,Driver Substance Abuse,Driver At Fault,Injury Severity,Driver Distracted By,Drivers License State,Vehicle Body Type,Speed Limit,Vehicle Year,Vehicle Make,Vehicle Model
DD5624001C,180048229,Rockville Police Departme,Property Damage Crash,09/27/2018 08:10:00 AM,Municipality,RESEARCH BLVD,W GUDE DR,SAME DIR REAR END,CLOUDY,DRY,DAYLIGHT,TRAFFIC SIGNAL,NONE DETECTED,Yes,NO APPARENT INJURY,NOT DISTRACTED,MD,PASSENGER CAR,40,2014,NISSAN,SENTRA
MCP3229002Y,260000342,MONTGOMERY,Property Damage Crash,01-03-26 13:15,County Route,BATTERY LA,,"Sideswipe, Same Direction",Clear,Dry,Daylight,No Controls,"Not Suspect of Alcohol Use, Not Suspect of Drug Use",No,No Apparent Injury,Unknown,MD,Other,25,2000,FORD,EXPLORER
MCP1022006H,17010650,Montgomery County Police,Injury Crash,02/28/2017 08:34:00 AM,Maryland (State),WOODFIELD RD,ENT TO WOODFIELD SCHOOL,SAME DIR REAR END,CLEAR,DRY,DAYLIGHT,NO CONTROLS,NONE DETECTED,Yes,NO APPARENT INJURY,NOT DISTRACTED,MD,"CARGO VAN/LIGHT TRUCK 2 AXLES (OVER 10,000LBS (4,536 KG))",30,2016,INTL,DS
MCP2954002F,16051359,Montgomery County Police,Property Damage Crash,08/29/2016 09:11:00 AM,County,DALEVIEW DR,LINTON ST,SAME DIRECTION SIDESWIPE,UNKNOWN,UNKNOWN,UNKNOWN,NO CONTROLS,UNKNOWN,Yes,NO APPARENT INJURY,UNKNOWN,,PASSENGER CAR,25,2012,SCION,4H
MCP3024000Q,170515380,Montgomery County Police,Property Damage Crash,06/23/2017 04:21:00 PM,County,MIDDLEBROOK RD,GREAT SENECA HWY,SAME DIRECTION SIDESWIPE,CLOUDY,DRY,DAYLIGHT,TRAFFIC SIGNAL,,Yes,NO APPARENT INJURY,UNKNOWN,NC,PASSENGER CAR,40,2005,TOYOTA,COROLLA
MCP2676002D,17001491,Montgomery County Police,Property Damage Crash,01-09-17 17:42,,,,OTHER,,,DARK LIGHTS ON,,,Yes,NO APPARENT INJURY,NOT DISTRACTED,MD,OTHER,5,2007,JEEP,GRAND CHEROKEE
MCP1227000H,16013083,MONTGOMERY,Injury Crash,03/16/2016 11:31:00 PM,County,EMORY LA,PINETREE RD,SINGLE VEHICLE,CLEAR,DRY,DARK LIGHTS ON,NO CONTROLS,UNKNOWN,Yes,SUSPECTED SERIOUS INJURY,UNKNOWN,MD,PASSENGER CAR,30,2011,TOYOTA,CAMRY
MCP2398003Y,220004081,Montgomery County Police,Injury Crash,01/31/2022 06:05:00 AM,County,SHADY GROVE RD,INTERCOUNTY CONNECTOR,SAME DIR REAR END,CLEAR,DRY,DARK LIGHTS ON,TRAFFIC SIGNAL,NONE DETECTED,No,NO APPARENT INJURY,NOT DISTRACTED,MD,PASSENGER CAR,45,1998,LINCOLN,TOWNCAR
MCP271700XB,230001516,Montgomery County Police,Property Damage Crash,01-10-23 15:45,,,,OTHER,CLEAR,,DAYLIGHT,,NONE DETECTED,Yes,NO APPARENT INJURY,LOOKED BUT DID NOT SEE,MD,VAN,0,2012,FORD,E350
MCP2077003Z,220006798,Montgomery County Police,Property Damage Crash,02/16/2022 03:00:00 PM,Maryland (State),NEW HAMPSHIRE AVE,RANDOLPH RD,SAME DIRECTION SIDESWIPE,CLEAR,DRY,DAYLIGHT,TRAFFIC SIGNAL,NONE DETECTED,Yes,NO APPARENT INJURY,NOT DISTRACTED,MD,SCHOOL BUS,40,2019,THOMAS,BUS
MCP9438000F,15002296,Montgomery County Police,Property Damage Crash,01/15/2015 07:44:00 AM,Maryland (State),CLOPPER RD,WARING STATION RD,SAME DIR REAR END,OTHER,ICE,DAWN,FLASHING TRAFFIC SIGNAL,NONE DETECTED,No,NO APPARENT INJURY,NOT DISTRACTED,MD,PASSENGER CAR,35,2013,MAZDA,CAR
MCP137800WZ,210011117,Montgomery County Police,Injury Crash,03/24/2021 05:43:00 PM,,,,HEAD ON,CLOUDY,,DAYLIGHT,NO CONTROLS,UNKNOWN,Yes,NO APPARENT INJURY,UNKNOWN,,UNKNOWN,5,0,UNKNOWN,UNKNOWN
DM8434001F,180026589,Takoma Park Police Depart,Injury Crash,05/30/2018 04:11:00 PM,,,,SINGLE VEHICLE,CLEAR,,DAYLIGHT,TRAFFIC SIGNAL,NONE DETECTED,Yes,NO APPARENT INJURY,LOOKED BUT DID NOT SEE,MD,PASSENGER CAR,5,2007,MERZ,TK
MCP1310000G,240022332,MONTGOMERY,Property Damage Crash,05-12-24 0:24,Spur,,ROCKVILLE PIKE,Front to Rear,Rain,"Water (standing, moving)",Dark - Lighted,No Controls,"Not Suspect of Alcohol Use, Not Suspect of Drug Use",No,No Apparent Injury,Not Distracted,MD,Passenger Car,35,2020,LEXUS,NX
MCP3180002M,210020348,Montgomery County Police,Property Damage Crash,05/29/2021 11:16:00 AM,Maryland (State),GEORGIA AVE,VERONA DR,STRAIGHT MOVEMENT ANGLE,CLEAR,DRY,DAYLIGHT,STOP SIGN,,Yes,NO APPARENT INJURY,LOOKED BUT DID NOT SEE,,PASSENGER CAR,25,2010,CADILAC,UNK
DD56280028,190034495,Rockville Police Departme,Property Damage Crash,07/20/2019 11:05:00 AM,County,DARNESTOWN RD,WINDY KNOLLS DR,STRAIGHT MOVEMENT ANGLE,CLEAR,DRY,DAYLIGHT,STOP SIGN,NONE DETECTED,Yes,NO APPARENT INJURY,LOOKED BUT DID NOT SEE,MD,(SPORT) UTILITY VEHICLE,40,2016,MAZD,TK
MCP32950015,220006855,Montgomery County Police,Property Damage Crash,02/16/2022 07:05:00 PM,Maryland (State),UNIVERSITY BLVD W,BRUNETT AVE,SAME DIRECTION SIDESWIPE,CLEAR,DRY,DARK LIGHTS ON,NO CONTROLS,NONE DETECTED,No,NO APPARENT INJURY,NOT DISTRACTED,MD,PASSENGER CAR,35,2018,MERCADES,CLA 250
MCP3231000K,200040093,Montgomery County Police,Property Damage Crash,10-12-20 0:39,Maryland (State),FALLS RD,TUCKERMAN LA,SINGLE VEHICLE,RAINING,WET,DARK NO LIGHTS,,NONE DETECTED,Yes,NO APPARENT INJURY,OTHER DISTRACTION,MD,PASSENGER CAR,35,2002,HONDA,CR-V
MCP3022004S,220040803,Montgomery County Police,Property Damage Crash,09/19/2022 05:45:00 PM,County,BRINK RD,WOODFIELD RD,SAME DIR REAR END,CLEAR,DRY,DAYLIGHT,OTHER,,Yes,NO APPARENT INJURY,NO DRIVER PRESENT,,PICKUP TRUCK,0,1997,FORD,PK
MCP32000076,220058065,Montgomery County Police,Injury Crash,12/31/2022 07:16:00 PM,Maryland (State),RIVER RD,SEVEN LOCKS RD,HEAD ON LEFT TURN,RAINING,WET,DARK LIGHTS ON,TRAFFIC SIGNAL,NONE DETECTED,Yes,NO APPARENT INJURY,UNKNOWN,MD,PASSENGER CAR,35,2022,TESLA,MODEL 3
DD5502000X,15017128,Rockville Police Departme,Injury Crash,04/13/2015 05:12:00 PM,County,SHADY GROVE RD,RESEARCH BLVD,STRAIGHT MOVEMENT ANGLE,CLEAR,,DAYLIGHT,TRAFFIC SIGNAL,NONE DETECTED,Yes,NO APPARENT INJURY,BY OTHER OCCUPANTS,TX,PASSENGER CAR,30,2014,FORD,EDGE
MCP13340047,16049320,Montgomery County Police,Injury Crash,09/25/2016 12:15:00 PM,County,COMUS RD,BARLEY FIELD LA,SINGLE VEHICLE,CLEAR,DRY,DAYLIGHT,,NONE DETECTED,Yes,NO APPARENT INJURY,NOT DISTRACTED,MD,PASSENGER CAR,30,2002,AUDI,A4
MCP3301002L,240032830,MONTGOMERY,Injury Crash,07-11-24 23:19,Private Route,,NATIONAL DR OLD COLUMBIA PIKE,Rear To Side,Clear,Dry,Dark - Lighted,Traffic Control Signal,"Not Suspect of Alcohol Use, Not Suspect of Drug Use",No,Suspected Minor Injury,Not Distracted,TX,Passenger Car,25,2019,CHEVROLET,TRAX
MCP2411001Y,180007597,Montgomery County Police,Property Damage Crash,02/13/2018 05:55:00 PM,Maryland (State),ROCKVILLE PIKE,TEMPLETON PL,SAME DIR REAR END,RAINING,WET,DARK -- UNKNOWN LIGHTING,NO CONTROLS,NONE DETECTED,Yes,NO APPARENT INJURY,UNKNOWN,MD,PASSENGER CAR,40,2004,CHRYSLER,TOWN AND COUNTRY
MCP2785000G,15028021,Montgomery County Police,Injury Crash,06-09-15 18:26,US (State),COLUMBIA PIKE,BEGIN BRIDGE,SAME DIR REAR END,CLEAR,DRY,DAYLIGHT,,,No,POSSIBLE INJURY,NOT DISTRACTED,MD,VAN,50,2009,HONDA,CRV
MCP2891008X,190059303,Montgomery County Police,Property Damage Crash,12-09-19 9:13,County,FENTON ST,THAYER AVE,OTHER,RAINING,WET,DAYLIGHT,TRAFFIC SIGNAL,UNKNOWN,Yes,NO APPARENT INJURY,EATING OR DRINKING,,OTHER BUS,35,2016,GILL,BUS
MCP27120045,190057262,Montgomery County Police,Property Damage Crash,11/27/2019 10:47:00 AM,US (State),COLUMBIA PIKE,FAIRLAND RD,SAME DIR REAR END,,DRY,DAYLIGHT,TRAFFIC SIGNAL,NONE DETECTED,Yes,NO APPARENT INJURY,UNKNOWN,MI,VAN,50,2013,GMC,SAVANA
EJ78870016,210042918,Gaithersburg Police Depar,Property Damage Crash,10/25/2021 11:15:00 AM,Maryland (State),MONTGOMERY VILLAGE AVE,RUSSELL AVE,SAME DIR REAR END,CLEAR,DRY,DAYLIGHT,TRAFFIC SIGNAL,NONE DETECTED,No,NO APPARENT INJURY,NOT DISTRACTED,MD,PASSENGER CAR,35,2014,SUBARU,OUTBACK
MCP31300008,180042152,Montgomery County Police,Injury Crash,08/24/2018 09:05:00 AM,Maryland (State),GEORGIA AVE,NORBECK RD,STRAIGHT MOVEMENT ANGLE,CLEAR,DRY,DAYLIGHT,TRAFFIC SIGNAL,NONE DETECTED,Yes,NO APPARENT INJURY,NOT DISTRACTED,MD,PASSENGER CAR,50,2009,CHEVY,COBALT
DD5625000C,180023074,Rockville Police Departme,Injury Crash,05-10-18 19:44,Maryland (State),VEIRS MILL RD,ATLANTIC AVE,HEAD ON LEFT TURN,CLEAR,DRY,DUSK,TRAFFIC SIGNAL,NONE DETECTED,No,POSSIBLE INJURY,NOT DISTRACTED,MD,PASSENGER CAR,40,2016,CHEVY,CRUZ
EJ7906002Z,250045770,GAITHERSBURG,Injury Crash,10-11-25 19:18,Municipality Route,,,"Sideswipe, Same Direction",Clear,Dry,Dark - Not Lighted,No Controls,"Not Suspect of Alcohol Use, Not Suspect of Drug Use",No,No Apparent Injury,Unknown,MD,Passenger Car,30,2020,TOYOTA,RAV4
MCP2539002J,230061731,Montgomery County Police,Property Damage Crash,10/20/2023 10:19:00 PM,County,FERNWOOD RD,ROCKLEDGE DR,SAME DIR REAR END,RAINING,WET,DARK LIGHTS ON,TRAFFIC SIGNAL,NONE DETECTED,No,NO APPARENT INJURY,NOT DISTRACTED,DC,(SPORT) UTILITY VEHICLE,35,2017,TOYOTA,RAV4
MCP3376001T,240037602,MONTGOMERY,Injury Crash,08-09-24 14:39,Maryland (State) Route,GEORGIA AVE,,Front to Rear,Rain,Wet,Daylight,No Controls,"Not Suspect of Alcohol Use, Not Suspect of Drug Use",Yes,No Apparent Injury,Not Distracted,MD,Passenger Car,30,2014,FORD,FUSION
MCP3086001W,180060164,Montgomery County Police,Property Damage Crash,12-01-18 22:00,County,BRINK RD,COZY CT,SAME DIR REAR END,RAINING,WET,DARK NO LIGHTS,NO CONTROLS,NONE DETECTED,Yes,NO APPARENT INJURY,NOT DISTRACTED,MD,PASSENGER CAR,40,2015,CHEV,CRUZE
MCP25080008,15014824,Montgomery County Police,Property Damage Crash,03/31/2015 06:23:00 PM,County,WISTERIA DR,GERMANTOWN RD,ANGLE MEETS LEFT TURN,CLOUDY,DRY,DAYLIGHT,STOP SIGN,NONE DETECTED,No,NO APPARENT INJURY,NOT DISTRACTED,MD,"OTHER LIGHT TRUCKS (10,000LBS (4,536KG) OR LESS)",35,2012,FORD,TK
MCP06850040,180010071,Montgomery County Police,Property Damage Crash,02/27/2018 08:53:00 AM,Maryland (State),DARNESTOWN RD,EDISON PARK DR,SAME DIR REAR END,CLEAR,DRY,DAYLIGHT,NO CONTROLS,NONE DETECTED,Yes,NO APPARENT INJURY,NOT DISTRACTED,MD,PASSENGER CAR,40,2012,TOYOTA,CAMRY
MCP29680049,220014136,Montgomery County Police,Property Damage Crash,04-03-22 10:32,County,SEVEN LOCKS RD,MONTROSE RD,HEAD ON LEFT TURN,CLEAR,DRY,DAYLIGHT,TRAFFIC SIGNAL,,Yes,NO APPARENT INJURY,LOOKED BUT DID NOT SEE,MD,PASSENGER CAR,35,2018,HYUN,ELANTRA
MCP2536004Q,230025546,Montgomery County Police,Property Damage Crash,05/28/2023 12:32:00 AM,Maryland (State),VEIRS MILL RD,TWINBROOK PKWY,OTHER,CLEAR,DRY,DARK LIGHTS ON,NO CONTROLS,ALCOHOL PRESENT,Yes,NO APPARENT INJURY,NOT DISTRACTED,MD,PASSENGER CAR,45,2008,BMW,528I
MCP2039006V,210044932,Montgomery County Police,Injury Crash,11-06-21 7:32,Maryland (State),VEIRS MILL RD,ROBINDALE DR,STRAIGHT MOVEMENT ANGLE,CLEAR,DRY,DAWN,TRAFFIC SIGNAL,,Unknown,NO APPARENT INJURY,LOOKED BUT DID NOT SEE,MD,PASSENGER CAR,35,2015,TOYOTA,SIENNA
EJ7899000Q,230018796,Gaithersburg Police Depar,Property Damage Crash,04/19/2023 09:33:00 PM,,,,OPPOSITE DIRECTION SIDESWIPE,CLEAR,,DARK LIGHTS ON,STOP SIGN,,Yes,NO APPARENT INJURY,NOT DISTRACTED,VA,AMBULANCE/EMERGENCY,10,2008,FORD,ST
MCP2780001R,16025469,Montgomery County Police,Property Damage Crash,05/21/2016 02:00:00 PM,County,SENECA MEADOWS PKWY,GOLDENROD LA (BACK),SINGLE VEHICLE,RAINING,WET,DAYLIGHT,NO CONTROLS,NONE DETECTED,Yes,NO APPARENT INJURY,NOT DISTRACTED,MD,PASSENGER CAR,30,2007,TOYOTA,COROLLA
MCP0617005Q,240005134,MONTGOMERY,Property Damage Crash,02-01-24 8:50,Maryland (State) Route,GEORGIA AVE (SB/L),,"Sideswipe, Same Direction",Clear,Dry,Daylight,No Controls,"Not Suspect of Alcohol Use, Not Suspect of Drug Use",No,No Apparent Injury,Not Distracted,MD,Van - Passenger (&lt;9 Seats),40,2016,HONDA,ODYSSEY
MCP1522000R,15049750,MONTGOMERY,Property Damage Crash,10-01-15 12:16,Maryland (State),RIDGE RD,HIGH CORNER ST,STRAIGHT MOVEMENT ANGLE,RAINING,WET,DAYLIGHT,TRAFFIC SIGNAL,,Yes,NO APPARENT INJURY,NOT DISTRACTED,MD,PASSENGER CAR,25,2011,TOYT,HIGHLANDER
MCP3279000L,210013181,Montgomery County Police,Injury Crash,04-08-21 18:15,Maryland (State),VEIRS MILL RD,ROBINDALE DR,OTHER,CLEAR,,DAYLIGHT,,NONE DETECTED,No,NO APPARENT INJURY,NOT DISTRACTED,MD,PASSENGER CAR,0,2006,HONDA,CIVIC
DD56050057,180011628,Rockville Police Departme,Injury Crash,03-07-18 18:50,Municipality,W EDMONSTON DR,WOOTTON PKWY,SAME DIR REAR END,RAINING,WET,DARK -- UNKNOWN LIGHTING,TRAFFIC SIGNAL,NONE DETECTED,No,NO APPARENT INJURY,NOT DISTRACTED,MD,PASSENGER CAR,25,2015,HOND,TK
MCP2263000N,15049941,MONTGOMERY,Property Damage Crash,10-02-15 12:01,Maryland (State),ASHTON RD,NEW HAMPSHIRE AVE,HEAD ON LEFT TURN,RAINING,WET,OTHER,TRAFFIC SIGNAL,,Yes,NO APPARENT INJURY,NOT DISTRACTED,MD,PASSENGER CAR,30,2007,CHRYSLER,PT CRUISER
DD5540000Z,210019516,Rockville Police Departme,Property Damage Crash,05/23/2021 07:16:00 PM,Municipality,W EDMONSTON DR,CABIN JOHN PKWY,SAME DIR REAR END,CLEAR,DRY,DAYLIGHT,,NONE DETECTED,Yes,NO APPARENT INJURY,LOOKED BUT DID NOT SEE,MD,PASSENGER CAR,25,2004,HONDA,CRV
MCP32240011,210018668,Montgomery County Police,Property Damage Crash,05/18/2021 12:10:00 AM,Other Public Roadway,DRAPER LA,EAST WEST HWY,SAME DIR REAR END,CLEAR,DRY,DARK LIGHTS ON,NO CONTROLS,,Yes,NO APPARENT INJURY,NOT DISTRACTED,,PASSENGER CAR,30,2000,MERCEDES,C230
MCP28780020,16043476,Montgomery County Police,Injury Crash,08/26/2016 05:21:00 PM,County,SENECA MEADOWS PKWY,OBSERVATION DR,SAME DIR REAR END,CLEAR,DRY,DAYLIGHT,TRAFFIC SIGNAL,NONE DETECTED,No,NO APPARENT INJURY,NOT DISTRACTED,MD,PASSENGER CAR,30,2010,VOLK,JETTA
MCP2162001P,16023843,Montgomery County Police,Injury Crash,05/13/2016 05:27:00 PM,Maryland (State),OLNEY SANDY SPRING RD,HIDDEN GARDEN LA,SAME DIR REAR END,CLEAR,DRY,DAYLIGHT,NO CONTROLS,,Yes,NO APPARENT INJURY,BY MOVING OBJECT IN VEHICLE,MD,PASSENGER CAR,35,2011,BMW,X5
MCP27120037,190010470,Montgomery County Police,Property Damage Crash,03-06-19 14:59,County,OLD COLUMBIA PIKE,SPUR TO US 29,STRAIGHT MOVEMENT ANGLE,,DRY,DAYLIGHT,,NONE DETECTED,No,NO APPARENT INJURY,NOT DISTRACTED,MD,PASSENGER CAR,30,2007,NISSAN,VERSA
MCP1213006K,220030615,Montgomery County Police,Injury Crash,07/16/2022 08:05:00 PM,County,RANDOLPH RD,TIVOLI LAKE BLVD,STRAIGHT MOVEMENT ANGLE,CLEAR,DRY,DAYLIGHT,TRAFFIC SIGNAL,NONE DETECTED,No,POSSIBLE INJURY,NOT DISTRACTED,MD,PASSENGER CAR,40,2014,HONDA,ACCORD
MCP3269001J,220011500,Montgomery County Police,Property Damage Crash,03/17/2022 12:41:00 PM,Maryland (State),NEW HAMPSHIRE AVE,CANNON RD,SAME DIR REAR END,RAINING,WET,DAYLIGHT,NO CONTROLS,NONE DETECTED,No,NO APPARENT INJURY,NOT DISTRACTED,MD,PASSENGER CAR,35,2011,TOYOTA,CAMRY
EJ7902000H,240005368,GAITHERSBURG,Injury Crash,02-02-24 16:30,Municipality Route,N SUMMIT AVE,,Angle,Clear,Dry,Daylight,No Controls,"Not Suspect of Alcohol Use, Not Suspect of Drug Use",Yes,No Apparent Injury,Not Distracted,MD,Passenger Car,15,2012,TOYOTA,CAMRY
MCP2466003H,200032729,Montgomery County Police,Property Damage Crash,08/21/2020 08:10:00 PM,County,OAK HILL RD,ARMOND LA,SINGLE VEHICLE,CLEAR,DRY,DARK LIGHTS ON,NO CONTROLS,NONE DETECTED,Yes,NO APPARENT INJURY,UNKNOWN,MD,PASSENGER CAR,25,2020,TOYOTA,RAV4
MCP2753004Q,200013384,Montgomery County Police,Property Damage Crash,03/20/2020 12:43:00 PM,Maryland (State),GEORGIA AVE,ASPEN HILL RD,SAME DIR REAR END,RAINING,WET,DAYLIGHT,TRAFFIC SIGNAL,NONE DETECTED,Yes,NO APPARENT INJURY,NOT DISTRACTED,MD,PASSENGER CAR,45,1996,NISS,TK
MCP30850005,170524835,Montgomery County Police,Property Damage Crash,08/15/2017 05:51:00 PM,,,,SINGLE VEHICLE,CLOUDY,,DAYLIGHT,,NONE DETECTED,Yes,NO APPARENT INJURY,NOT DISTRACTED,DC,PASSENGER CAR,0,2017,AUDI,A4
MCP287100D3,250047177,MONTGOMERY,Injury Crash,10/20/2025 06:34:00 PM,Maryland (State) Route,CONNECTICUT AVE,CLUB DR,Other,Clear,Dry,Dark - Lighted,No Controls,"Not Suspect of Alcohol Use, Not Suspect of Drug Use",No,Suspected Minor Injury,Not Distracted,MD,Passenger Car,35,2018,TOYOTA,COROLLA
EJ78510025,170501762,Gaithersburg Police Depar,Injury Crash,04-12-17 12:39,Municipality,FULKS CORNER AVE,OLDE TOWNE AVE,STRAIGHT MOVEMENT ANGLE,CLEAR,DRY,DAYLIGHT,STOP SIGN,NONE DETECTED,No,NO APPARENT INJURY,NOT DISTRACTED,MD,PASSENGER CAR,25,2014,JEEP,TK
MCP2739001K,170524588,Montgomery County Police,Injury Crash,08/13/2017 05:07:00 AM,Maryland (State),NEW HAMPSHIRE AVE,OAKVIEW DR,SAME DIR REAR END,CLEAR,DRY,DARK LIGHTS ON,TRAFFIC SIGNAL,NONE DETECTED,No,NO APPARENT INJURY,NOT DISTRACTED,MD,PASSENGER CAR,40,2014,HONDA,CRV
MCP29300009,15022031,Montgomery County Police,Property Damage Crash,05-08-15 21:39,Maryland (State),NEW HAMPSHIRE AVE,E RANDOLPH RD,STRAIGHT MOVEMENT ANGLE,,DRY,DARK LIGHTS ON,,NONE DETECTED,Yes,NO APPARENT INJURY,UNKNOWN,MD,"OTHER LIGHT TRUCKS (10,000LBS (4,536KG) OR LESS)",45,2013,GMC,1500HD
MCP2475005B,200041138,Montgomery County Police,Injury Crash,10/18/2020 08:23:00 PM,Maryland (State),NEW HAMPSHIRE AVE,OAKVIEW DR,SAME DIR REAR END,,DRY,DARK LIGHTS ON,NO CONTROLS,UNKNOWN,Yes,NO APPARENT INJURY,UNKNOWN,,UNKNOWN,40,0,UNKNOWN,UNKNOWN
DM8376000H,170505252,Takoma Park Police Depart,Property Damage Crash,05-01-17 14:21,Maryland (State),NEW HAMPSHIRE AVE,HOLTON LA,SAME DIR REAR END,,DRY,DAYLIGHT,TRAFFIC SIGNAL,,Yes,NO APPARENT INJURY,UNKNOWN,,,35,0,UNKNOWN,UNKNOWN
MCP3037002T,190055873,Montgomery County Police,Property Damage Crash,11/19/2019 03:10:00 PM,County,GATEWAY CENTER DR,STRINGTOWN RD,SINGLE VEHICLE,CLEAR,DRY,DAYLIGHT,NO CONTROLS,NONE DETECTED,Yes,NO APPARENT INJURY,UNKNOWN,MD,PASSENGER CAR,35,2014,MAZDA,3
MCP3249000T,200040333,Montgomery County Police,Injury Crash,10/13/2020 03:44:00 PM,,,,SINGLE VEHICLE,CLEAR,,DAYLIGHT,NO CONTROLS,NONE DETECTED,Yes,POSSIBLE INJURY,NOT DISTRACTED,MD,(SPORT) UTILITY VEHICLE,15,2017,MERCEDES,GLE 350
MCP1233000R,15027094,Montgomery County Police,Injury Crash,06-04-15 18:12,Maryland (State),CONNECTICUT AVE,RAMP 4 FR MD 185 NB TO IS 495 EB,SAME DIR REAR END,RAINING,WET,DAYLIGHT,,NONE DETECTED,Yes,NO APPARENT INJURY,NOT DISTRACTED,MD,PASSENGER CAR,35,2007,NISSAN,SENTRA
EJ7837006S,230019732,Gaithersburg Police Depar,Property Damage Crash,04/25/2023 11:50:00 AM,,,,SAME DIRECTION RIGHT TURN,CLEAR,,DAYLIGHT,NO CONTROLS,,Yes,NO APPARENT INJURY,NOT DISTRACTED,PA,FIRE VEHICLE/NON EMERGENCY,15,2019,PIRC,TK
MCP2846007C,210050719,Montgomery County Police,Property Damage Crash,12/13/2021 08:46:00 PM,Maryland (State),GEORGIA AVE,BLUERIDGE AVE,SAME DIRECTION SIDESWIPE,CLEAR,DRY,DARK LIGHTS ON,TRAFFIC SIGNAL,NONE DETECTED,No,NO APPARENT INJURY,NOT DISTRACTED,MD,PASSENGER CAR,25,2003,TOYT,SD
MCP2048000G,15014633,Montgomery County Police,Property Damage Crash,03/30/2015 05:25:00 PM,Maryland (State),CHERRY HILL RD,PROSPERITY DR,SAME DIR REAR END,CLEAR,DRY,DAYLIGHT,,NONE DETECTED,Yes,NO APPARENT INJURY,NOT DISTRACTED,MD,PASSENGER CAR,35,2004,CHEVY,MALIBU
MCP2850002C,230004803,Montgomery County Police,Injury Crash,01/30/2023 05:25:00 AM,County,LOST KNIFE RD,MONTGOMERY VILLAGE AVE,OPPOSITE DIRECTION SIDESWIPE,CLEAR,WET,DARK LIGHTS ON,FLASHING TRAFFIC SIGNAL,,No,POSSIBLE INJURY,NOT DISTRACTED,MD,PASSENGER CAR,35,2009,HOND,CP
MCP30290036,200040236,Montgomery County Police,Property Damage Crash,10-12-20 21:09,County,BROADBIRCH DR,BOURNEFIELD WAY,SAME DIR REAR END,RAINING,WET,DARK LIGHTS ON,STOP SIGN,NONE DETECTED,Yes,NO APPARENT INJURY,UNKNOWN,GA,PASSENGER CAR,30,2014,DODGE,JOURNEY
MCP2976001X,16041845,Montgomery County Police,Property Damage Crash,08/18/2016 12:32:00 AM,County,OLD COLUMBIA PIKE,NO NAME,OTHER,RAINING,WET,DARK LIGHTS ON,NO CONTROLS,NONE DETECTED,Yes,NO APPARENT INJURY,INATTENTIVE OR LOST IN THOUGHT,CA,(SPORT) UTILITY VEHICLE,35,2006,TOYOTA,HIGHLANDER
MCP271700X2,220017781,Montgomery County Police,Injury Crash,04/26/2022 08:23:00 PM,,,,SINGLE VEHICLE,RAINING,,DARK LIGHTS ON,NO CONTROLS,NONE DETECTED,Yes,SUSPECTED MINOR INJURY,NOT DISTRACTED,MD,PASSENGER CAR,0,2012,BMW,528I
MCP32300079,250031406,MONTGOMERY,Property Damage Crash,07/14/2025 05:36:00 PM,,,,Front to Rear,Rain,,Daylight,,"Not Suspect of Alcohol Use, Not Suspect of Drug Use",No,No Apparent Injury,Not Distracted,MD,Sport Utility Vehicle,0,2017,HONDA,CR-V
MCP2516002D,190007978,Montgomery County Police,Property Damage Crash,02/14/2019 11:20:00 AM,,,,UNKNOWN,CLEAR,,DAYLIGHT,NO CONTROLS,,Yes,NO APPARENT INJURY,LOOKED BUT DID NOT SEE,MD,VAN,15,2016,CHEVROLET,EXPRESS
MCP3329001R,230027182,Montgomery County Police,Property Damage Crash,06-06-23 15:40,US (State),COLUMBIA PIKE,INDUSTRIAL PKWY,SAME DIR REAR END,CLEAR,DRY,DAYLIGHT,NO CONTROLS,NONE DETECTED,Unknown,NO APPARENT INJURY,NOT DISTRACTED,MD,PASSENGER CAR,50,2021,CHEVROLET,TAHOE
MCP2931000R,15047167,MONTGOMERY,Property Damage Crash,09/17/2015 04:17:00 PM,,,,OTHER,,,DAYLIGHT,NO CONTROLS,,Yes,NO APPARENT INJURY,NOT DISTRACTED,MD,(SPORT) UTILITY VEHICLE,15,2012,HONDA,PILOT
MCP1580002X,15010893,Montgomery County Police,Property Damage Crash,03-09-15 14:35,County,SHADY GROVE RD,FALLSGROVE BLVD,SAME DIR REAR END,CLEAR,DRY,DAYLIGHT,TRAFFIC SIGNAL,NONE DETECTED,No,NO APPARENT INJURY,NOT DISTRACTED,MD,(SPORT) UTILITY VEHICLE,40,2007,HOND,CRV
MCP243600DX,210044958,Montgomery County Police,Property Damage Crash,11-06-21 13:20,Maryland (State),UNIVERSITY BLVD E,SEEK LA,SAME DIRECTION LEFT TURN,CLEAR,DRY,DAYLIGHT,NO CONTROLS,NONE DETECTED,Yes,NO APPARENT INJURY,UNKNOWN,MD,(SPORT) UTILITY VEHICLE,35,2008,HONDA,PILOT
MCP2940000S,16042055,Montgomery County Police,Property Damage Crash,08/19/2016 05:34:00 AM,Maryland (State),ROCKVILLE PIKE,SOUTHWOOD DR,HEAD ON LEFT TURN,CLEAR,DRY,DARK NO LIGHTS,TRAFFIC SIGNAL,NONE DETECTED,Yes,NO APPARENT INJURY,UNKNOWN,MD,PASSENGER CAR,35,1988,CHEVY,WORK