Report Number,Local Case Number,Agency Name,ACRS Report Type,Crash Date/Time,Route Type,Road Name,Cross-Street Name,Collision Type,Weather,Surface Condition,Light,Traffic Control,Driver Substance Abuse,Driver At Fault,Injury Severity,Driver Distracted By,Drivers License State,Vehicle Body Type,Speed Limit,Vehicle Year,Vehicle Make,Vehicle Model
MCP3408000G,240053299,MONTGOMERY,Property Damage Crash,11-06-24 13:47,Maryland (State) Route,FOREST GLEN RD (WB/L),METRORAIL TRACK B2 RAIL,Angle,Clear,Dry,Daylight,Traffic Control Signal,"Not Suspect of Alcohol Use, Not Suspect of Drug Use",Yes,No Apparent Injury,Not Distracted,MD,Passenger Car,30,2013,HYUNDAI,ACCENT
MCP3156001G,200036880,Montgomery County Police,Injury Crash,09/20/2020 12:58:00 PM,Maryland (State),COLESVILLE RD,GEORGIA AVE,SAME DIRECTION LEFT TURN,,DRY,DAYLIGHT,,NONE DETECTED,No,NO APPARENT INJURY,NOT DISTRACTED,DC,PASSENGER CAR,30,2019,NISSAN,4S
MCP2952004H,170529115,Montgomery County Police,Injury Crash,09-07-17 7:02,Maryland (State),16TH ST,BEGIN BRIDGE,SAME DIR REAR END,,DRY,DAYLIGHT,OTHER,NONE DETECTED,No,POSSIBLE INJURY,NOT DISTRACTED,MD,(SPORT) UTILITY VEHICLE,35,2006,TOYOTA,4RUNNER
MCP32760025,220029082,Montgomery County Police,Injury Crash,07-11-22 20:40,,,,OTHER,CLEAR,,OTHER,NO CONTROLS,UNKNOWN,Yes,NO APPARENT INJURY,UNKNOWN,XX,PASSENGER CAR,10,0,TOYOTA,COROLLA
MCP32690001,200016656,Montgomery County Police,Injury Crash,04/21/2020 12:27:00 PM,County,FATHER HURLEY BLVD,WATERS LANDING DR,STRAIGHT MOVEMENT ANGLE,CLEAR,DRY,DAYLIGHT,TRAFFIC SIGNAL,NONE DETECTED,Yes,POSSIBLE INJURY,NOT DISTRACTED,MD,PASSENGER CAR,30,2017,TOYOTA,RAV 4
DM8437000B,15009531,Takoma Park Police Depart,Injury Crash,02/27/2015 08:29:00 PM,Municipality,CARROLL AVE,WILDWOOD DR,HEAD ON LEFT TURN,CLEAR,DRY,DARK LIGHTS ON,NO CONTROLS,NONE DETECTED,No,NO APPARENT INJURY,NOT DISTRACTED,MD,PASSENGER CAR,25,2002,HOND,4S
MCP271700YL,240005980,MONTGOMERY,Property Damage Crash,02-06-24 15:45,Local Route,SLADE SCHOOL RD,OLNEY SANDY SPRING RD,Front to Rear,Clear,Dry,Daylight,No Controls,"Not Suspect of Alcohol Use, Not Suspect of Drug Use",No,No Apparent Injury,Not Distracted,MD,Passenger Car,30,2010,FORD,UNKNOWN
MCP304800DB,250001635,MONTGOMERY,Property Damage Crash,01/13/2025 08:25:00 AM,County Route,WARNER ST,,Front to Rear,Clear,Dry,Daylight,No Controls,"Not Suspect of Alcohol Use, Not Suspect of Drug Use",No,No Apparent Injury,Unknown,MD,Passenger Car,5,2015,ACURA,MDX
MCP2965006Z,230011594,Montgomery County Police,Property Damage Crash,03-09-23 14:25,Maryland (State),NEW HAMPSHIRE AVE,NORWOOD RD,STRAIGHT MOVEMENT ANGLE,CLEAR,DRY,DAYLIGHT,TRAFFIC SIGNAL,NONE DETECTED,No,NO APPARENT INJURY,NOT DISTRACTED,MD,PASSENGER CAR,45,2013,NISS,HB
MCP2251002J,240022030,MONTGOMERY,Injury Crash,05-10-24 9:42,County Route,GAINSBOROUGH RD,TUCKERMAN LA,Front to Front,Rain,Wet,Daylight,Traffic Control Signal,"Not Suspect of Alcohol Use, Not Suspect of Drug Use",No,No Apparent Injury,Not Distracted,MD,Passenger Car,35,2015,HYUNDAI,ELANTRA
MCP2868001G,15043971,MONTGOMERY,Property Damage Crash,09-01-15 16:50,County,ALDERSHOT DR,BRADLEY BLVD,SINGLE VEHICLE,CLEAR,DRY,DAYLIGHT,NO CONTROLS,NONE DETECTED,No,NO APPARENT INJURY,NOT DISTRACTED,MD,SCHOOL BUS,30,2013,THOM,BUS
DD56110030,170513641,Rockville Police Departme,Property Damage Crash,06/14/2017 01:36:00 PM,Maryland (State),ROCKVILLE PIKE,TEMPLETON PL,SAME DIRECTION RIGHT TURN,CLEAR,DRY,DAYLIGHT,NO CONTROLS,NONE DETECTED,Yes,NO APPARENT INJURY,LOOKED BUT DID NOT SEE,MD,PASSENGER CAR,40,2015,VOLKS,TIG
MCP1378011M,220029935,Montgomery County Police,Injury Crash,07-12-22 14:28,Maryland (State),GEORGIA AVE,INTERNATIONAL DR,SAME DIR REAR END,CLEAR,DRY,DAYLIGHT,TRAFFIC SIGNAL,NONE DETECTED,Yes,NO APPARENT INJURY,NOT DISTRACTED,MD,(SPORT) UTILITY VEHICLE,45,2016,BMX,X5
MCP27500020,16015603,MONTGOMERY,Injury Crash,03/30/2016 06:55:00 PM,Maryland (State),GEORGIA AVE,PLYERS MILL RD,SAME DIR REAR END,CLEAR,DRY,DAYLIGHT,NO CONTROLS,NONE DETECTED,No,NO APPARENT INJURY,NOT DISTRACTED,MD,PASSENGER CAR,35,2003,CHEVORLET,TAHOE
MCP25120046,190024593,Montgomery County Police,Injury Crash,05/23/2019 06:37:00 PM,Maryland (State),FREDERICK RD,CHESTNUT ST,STRAIGHT MOVEMENT ANGLE,CLEAR,DRY,DAYLIGHT,NO CONTROLS,NONE DETECTED,No,POSSIBLE INJURY,NOT DISTRACTED,MD,(SPORT) UTILITY VEHICLE,30,2012,TOYOTA,RAV4
MCP27910010,15004207,Montgomery County Police,Property Damage Crash,01/26/2015 04:26:00 PM,County,SPRING ST,SECOND AVE,OTHER,WINTRY MIX,SLUSH,DAYLIGHT,TRAFFIC SIGNAL,NONE DETECTED,No,NO APPARENT INJURY,NOT DISTRACTED,MD,PASSENGER CAR,40,2012,HYUN,TOURING
MCP3048004X,190010222,Montgomery County Police,Property Damage Crash,03-05-19 8:57,County,DENFELD AVE,WEXFORD DR,ANGLE MEETS LEFT TURN,CLEAR,DRY,DAYLIGHT,STOP SIGN,,Unknown,NO APPARENT INJURY,UNKNOWN,MD,PASSENGER CAR,25,2013,GMC,TRUCK
MCP2305000W,15054114,MONTGOMERY,Property Damage Crash,10/31/2015 03:18:00 AM,,,,SINGLE VEHICLE,,,DARK LIGHTS ON,,,Yes,NO APPARENT INJURY,INATTENTIVE OR LOST IN THOUGHT,MD,AMBULANCE/EMERGENCY,0,2005,FREIGHTLINER,TRUCK/AMBO
MCP20880018,190032945,Montgomery County Police,Property Damage Crash,07-11-19 14:15,Maryland (State),WOODFIELD RD,VALLEY PARK DR,SAME DIR REAR END,,WET,DAYLIGHT,NO CONTROLS,NONE DETECTED,Yes,NO APPARENT INJURY,UNKNOWN,MD,PASSENGER CAR,30,2015,SUBARU,LEGACY
EJ7906002J,250024406,GAITHERSBURG,Injury Crash,06-01-25 22:43,Bicycle Route,,DIAMONDBACK DR MUDDY BRANCH RD,Other,Clear,Dry,Dark - Lighted,Traffic Control Signal,"Not Suspect of Alcohol Use, Not Suspect of Drug Use",No,No Apparent Injury,Not Distracted,MD,Passenger Car,35,2015,KIA,FORTE
EJ7833003P,170516894,Gaithersburg Police Depar,Property Damage Crash,07-01-17 22:55,Maryland (State),W DIAMOND AVE,ENT TO WASHINGTON SUBURBAN SANITARY COMM,STRAIGHT MOVEMENT ANGLE,CLEAR,DRY,DARK LIGHTS ON,NO CONTROLS,UNKNOWN,Unknown,NO APPARENT INJURY,NOT DISTRACTED,MD,PASSENGER CAR,35,2016,CHEVROLET,CRUZE
MCP2569001N,190057578,Montgomery County Police,Property Damage Crash,11/29/2019 05:44:00 PM,Maryland (State),CONNECTICUT AVE,ASPEN HILL RD,SAME DIRECTION SIDESWIPE,CLEAR,,DARK LIGHTS ON,,NONE DETECTED,No,NO APPARENT INJURY,NOT DISTRACTED,MD,PASSENGER CAR,35,2005,HONDA,ACCORD
MCP33720021,230071123,Montgomery County Police,Property Damage Crash,12-11-23 15:30,County,HOMECREST RD,BEL PRE RD,SAME DIR REAR END,CLEAR,DRY,DAYLIGHT,TRAFFIC SIGNAL,NONE DETECTED,Yes,NO APPARENT INJURY,LOOKED BUT DID NOT SEE,MD,SCHOOL BUS,25,2015,THOMAS,BUS
MCP3254004M,250043628,MONTGOMERY,Property Damage Crash,09/28/2025 12:12:00 PM,Maryland (State) Route,,,Front to Rear,Clear,Dry,Daylight,No Controls,"Not Suspect of Alcohol Use, Not Suspect of Drug Use",Yes,No Apparent Injury,Not Distracted,MD,Sport Utility Vehicle,40,2026,CADILLAC,ESCALADE IQ
MCP2278003M,21047435,Montgomery County Police,Injury Crash,11/22/2021 12:43:00 PM,County,SEVEN LOCKS RD,BRADLEY BLVD,SAME DIR REND RIGHT TURN,CLOUDY,DRY,DAYLIGHT,TRAFFIC SIGNAL,NONE DETECTED,No,POSSIBLE INJURY,NOT DISTRACTED,MD,PASSENGER CAR,35,1998,HONDA,CIVIC
MCP3171002C,240050632,MONTGOMERY,Property Damage Crash,10/22/2024 09:13:00 PM,Local Route,WATERFORD HILLS BLVD,VAUGHN LANDING DR,Angle,Clear,Dry,Dark - Lighted,No Controls,"Not Suspect of Alcohol Use, Not Suspect of Drug Use",No,No Apparent Injury,Not Distracted,MD,Passenger Car,25,1999,INFINITI,Q45
MCP3335002Z,240037081,MONTGOMERY,Property Damage Crash,08-06-24 15:37,County Route,GARLAND AVE,,"Sideswipe, Same Direction",Clear,Dry,Daylight,Traffic Control Signal,"Not Suspect of Alcohol Use, Not Suspect of Drug Use",No,No Apparent Injury,Not Distracted,MD,Other Trucks,30,2002,FORD,F-550
MCP2995000G,16020918,Montgomery County Police,Property Damage Crash,04/28/2016 12:48:00 PM,Maryland (State),GEORGIA AVE,UNIVERSITY BLVD W,STRAIGHT MOVEMENT ANGLE,RAINING,WET,DAYLIGHT,TRAFFIC SIGNAL,NONE DETECTED,No,NO APPARENT INJURY,NOT DISTRACTED,MD,"MEDIUM/HEAVY TRUCKS 3 AXLES (OVER 10,000LBS (4,536KG))",35,2007,STERLING,TRUCK/VAN
MCP2995003S,180060489,Montgomery County Police,Injury Crash,12-03-18 19:37,Maryland (State),VEIRS MILL RD,ROBINDALE DR,SAME DIR REAR END,CLEAR,DRY,DARK NO LIGHTS,NO CONTROLS,NONE DETECTED,No,NO APPARENT INJURY,NOT DISTRACTED,MD,PASSENGER CAR,45,2007,TOYOTA SCION,TC
MCP3372000J,230022228,Montgomery County Police,Property Damage Crash,05-09-23 15:11,County,BEL PRE RD,NORTH GATE DR,OPPOSITE DIRECTION SIDESWIPE,CLEAR,DRY,DAYLIGHT,NO CONTROLS,NONE DETECTED,Yes,NO APPARENT INJURY,LOOKED BUT DID NOT SEE,MD,SCHOOL BUS,25,2014,THOMAS,BUS
MCP2059002W,16035074,Montgomery County Police,Injury Crash,07-11-16 12:35,Maryland (State),ROCKVILLE PIKE,BELLEVUE DR,SAME DIR REAR END,CLEAR,DRY,DAYLIGHT,NO CONTROLS,NONE DETECTED,No,SUSPECTED MINOR INJURY,NOT DISTRACTED,OK,PASSENGER CAR,35,2015,CHEVROLET,TAHOE
MCP08990019,16020802,Montgomery County Police,Injury Crash,04/25/2016 04:00:00 PM,County,SAM EIG HWY,WASHINGTONIAN BLVD,SAME DIR REAR END,CLEAR,DRY,DAYLIGHT,NO CONTROLS,NONE DETECTED,No,NO APPARENT INJURY,NOT DISTRACTED,MD,PASSENGER CAR,45,2016,HONDA,ACCORD
MCP1128004X,200034180,Montgomery County Police,Property Damage Crash,09-01-20 12:19,County,RANDOLPH RD,COLIN RD,SAME DIR REAR END,CLOUDY,,DAYLIGHT,,NONE DETECTED,No,NO APPARENT INJURY,NOT DISTRACTED,MD,(SPORT) UTILITY VEHICLE,35,2009,ACURA,MDX
MCP229800TR,200050142,Montgomery County Police,Injury Crash,12/21/2020 11:21:00 AM,Maryland (State),MAIN ST,TOWN SPRING RD,SAME DIR REAR END,FOGGY,WET,DAYLIGHT,NO CONTROLS,NONE DETECTED,Yes,NO APPARENT INJURY,BY MOVING OBJECT IN VEHICLE,MD,(SPORT) UTILITY VEHICLE,30,2015,DODGE,DURANGO
MCP28700013,15049605,MONTGOMERY,Property Damage Crash,09/30/2015 06:36:00 PM,Maryland (State),UNIVERSITY BLVD E,LEXINGTON DR,SAME DIR REAR END,CLEAR,DRY,,,,Yes,NO APPARENT INJURY,LOOKED BUT DID NOT SEE,MD,PASSENGER CAR,40,2011,GMC,TK
DD5583003C,170538483,Rockville Police Departme,Property Damage Crash,10/24/2017 11:04:00 AM,Municipality,WALL ST,POTOMAC ST,OTHER,CLEAR,DRY,DAYLIGHT,NO CONTROLS,UNKNOWN,Yes,NO APPARENT INJURY,NOT DISTRACTED,,,25,0,UNKNOWN,UNKNOWN
MCP27450013,15039862,MONTGOMERY,Property Damage Crash,08-10-15 21:03,Maryland (State),W DIAMOND AVE,QUINCE ORCHARD RD,SINGLE VEHICLE,CLOUDY,,DARK LIGHTS ON,TRAFFIC SIGNAL,NONE DETECTED,Yes,NO APPARENT INJURY,NOT DISTRACTED,VA,PASSENGER CAR,35,1999,LEXUS,ES300
MCP28130074,190038870,Montgomery County Police,Injury Crash,08/14/2019 06:25:00 PM,Maryland (State),UNIVERSITY BLVD W,ELKIN ST,SINGLE VEHICLE,CLEAR,DRY,DAYLIGHT,NO CONTROLS,,No,NO APPARENT INJURY,NOT DISTRACTED,MD,PASSENGER CAR,35,2007,TOYOTA,MATRIX
MCP30300012,170541923,Montgomery County Police,Injury Crash,11-09-17 18:27,County,BEECH AVE,OLD GEORGETOWN RD,STRAIGHT MOVEMENT ANGLE,RAINING,WET,DARK LIGHTS ON,TRAFFIC SIGNAL,NONE DETECTED,Yes,NO APPARENT INJURY,LOOKED BUT DID NOT SEE,MD,PASSENGER CAR,40,2008,TOYT,4S
MCP2000000T,180044237,Montgomery County Police,Property Damage Crash,09-05-18 5:11,Maryland (State),FREDERICK RD,RIDGE RD,STRAIGHT MOVEMENT ANGLE,CLEAR,DRY,DARK LIGHTS ON,FLASHING TRAFFIC SIGNAL,NONE DETECTED,Yes,NO APPARENT INJURY,LOOKED BUT DID NOT SEE,MD,PASSENGER CAR,45,2014,TOYOTA,CAMARY
MCP229800H8,180001156,Montgomery County Police,Property Damage Crash,01-08-18 16:07,County,CLARKSBURG RD,BARNES RD,SINGLE VEHICLE,SLEET,ICE,DUSK,NO CONTROLS,NONE DETECTED,Yes,NO APPARENT INJURY,NOT DISTRACTED,MD,PASSENGER CAR,40,2009,CHRY,SEBRING
MCP2046009W,190020226,Montgomery County Police,Property Damage Crash,04/30/2019 10:44:00 AM,Interstate (State),CAPITAL BELTWAY,RAMP 2 FR IS 495 WB TO MD 97 NB,SAME DIR REAR END,CLEAR,DRY,DAYLIGHT,NO CONTROLS,NONE DETECTED,No,NO APPARENT INJURY,NOT DISTRACTED,WI,PASSENGER CAR,55,2014,HYUN,SONATA
MCP31950046,220054571,Montgomery County Police,Property Damage Crash,12-10-22 0:28,Maryland (State),NEW HAMPSHIRE AVE,RAMP 2 FR IS 495 WB TO MD 650 NB,SAME DIR REAR END,CLEAR,DRY,DARK LIGHTS ON,TRAFFIC SIGNAL,NONE DETECTED,No,NO APPARENT INJURY,NOT DISTRACTED,MD,PASSENGER CAR,35,2016,TOYOTA,HIGHLANDER
MCP2937005L,240037327,MONTGOMERY,Property Damage Crash,08-07-24 23:15,Maryland (State) Route,NEW HAMPSHIRE AVE (SB/L),,Front to Rear,Rain,Wet,Dark - Lighted,Traffic Control Signal,"Not Suspect of Alcohol Use, Not Suspect of Drug Use",No,No Apparent Injury,Unknown,MD,Passenger Car,35,2020,CHEVROLET,SILVERADO
MCP2722002K,170518920,Montgomery County Police,Injury Crash,07/13/2017 04:50:00 PM,Maryland (State),LAYHILL RD,RAMP 4 FR MD 182 NB TO MD 200 EB,STRAIGHT MOVEMENT ANGLE,CLEAR,DRY,DAYLIGHT,TRAFFIC SIGNAL,,Yes,SUSPECTED MINOR INJURY,NOT DISTRACTED,MD,PASSENGER CAR,40,2017,CHEVORLET,IMPALA
MCP2740002R,17013126,Montgomery County Police,Property Damage Crash,03/13/2017 03:51:00 PM,County,ARLISS ST,WALDEN RD,SAME DIR REAR END,CLOUDY,DRY,DAYLIGHT,NO CONTROLS,NONE DETECTED,No,NO APPARENT INJURY,NOT DISTRACTED,MD,PASSENGER CAR,30,2007,NISS,4S
MCP3289000X,210016291,Montgomery County Police,Property Damage Crash,05-01-21 17:33,,,,STRAIGHT MOVEMENT ANGLE,CLEAR,,DAYLIGHT,NO CONTROLS,UNKNOWN,Yes,NO APPARENT INJURY,UNKNOWN,,PASSENGER CAR,0,2009,FORD,F-150
HA2396000K,18000854,Maryland-National Capital,Property Damage Crash,07-09-18 16:05,Municipality,WOOTTON AVE,SOPER ST,STRAIGHT MOVEMENT ANGLE,CLEAR,,DAYLIGHT,NO CONTROLS,NONE DETECTED,No,NO APPARENT INJURY,NOT DISTRACTED,MD,POLICE VEHICLE/NON EMERGENCY,25,2015,FORD,TK
MCP3254003M,240001483,MONTGOMERY,Injury Crash,01-10-24 10:17,County Route,MIDDLEBROOK RD (WB/L),,"Sideswipe, Same Direction",Clear,Dry,Daylight,No Controls,"Not Suspect of Alcohol Use, Not Suspect of Drug Use",No,No Apparent Injury,Not Distracted,MD,Passenger Car,40,2017,INFINITI,Q60
MCP3258002T,220049298,Montgomery County Police,Property Damage Crash,11-08-22 13:47,Maryland (State),GEORGIA AVE,UNIVERSITY BLVD W,SAME DIRECTION SIDESWIPE,CLEAR,DRY,DAYLIGHT,TRAFFIC SIGNAL,NONE DETECTED,No,NO APPARENT INJURY,NOT DISTRACTED,MD,FIRE VEHICLE/EMERGENCY,25,2019,PIRC,TK
MCP2260001J,16060148,Montgomery County Police,Property Damage Crash,11/22/2016 11:20:00 AM,County,PARKLAWN DR,WILKINS AVE,OTHER,,DRY,DARK LIGHTS ON,,,No,NO APPARENT INJURY,UNKNOWN,MD,PASSENGER CAR,35,2015,FORD,TRUCK
EJ7871002M,190061203,Gaithersburg Police Depar,Property Damage Crash,12/19/2019 06:36:00 PM,Municipality,FIRSTFIELD RD,CLOPPER RD,SAME DIR REAR END,CLEAR,DRY,DARK LIGHTS ON,TRAFFIC SIGNAL,NONE DETECTED,Yes,NO APPARENT INJURY,LOOKED BUT DID NOT SEE,MD,PASSENGER CAR,35,2002,CHEVY,TK
MCP3127002Y,240006159,MONTGOMERY,Property Damage Crash,02-07-24 14:47,Maryland (State) Route,EAST WEST HWY,,Angle,Clear,Dry,Daylight,No Controls,"Not Suspect of Alcohol Use, Not Suspect of Drug Use",No,No Apparent Injury,Not Distracted,MD,Passenger Car,35,2024,HONDA,ACCORD
MCP31260054,230073882,Montgomery County Police,Injury Crash,12/27/2023 05:20:00 PM,Maryland (State),FREDERICK RD,LITTLE SENECA PKWY,STRAIGHT MOVEMENT ANGLE,RAINING,WET,DARK LIGHTS ON,TRAFFIC SIGNAL,NONE DETECTED,No,POSSIBLE INJURY,NOT DISTRACTED,MD,PASSENGER CAR,40,2015,FORD,FIESTA
MCP30500044,190060115,Montgomery County Police,Injury Crash,12/13/2019 02:57:00 PM,Maryland (State),NORBECK RD,BAUER DR,SAME DIR REAR END,RAINING,WET,DAYLIGHT,NO CONTROLS,NONE DETECTED,Yes,SUSPECTED MINOR INJURY,UNKNOWN,MD,(SPORT) UTILITY VEHICLE,45,2017,VOLK,TIGUAN
MCP3138000J,180051793,Montgomery County Police,Injury Crash,10/16/2018 01:13:00 PM,Maryland (State),VEIRS MILL RD,GEORGIA AVE,OTHER,CLEAR,DRY,DAYLIGHT,,,Yes,POSSIBLE INJURY,NOT DISTRACTED,MD,PASSENGER CAR,35,2001,FORD,TRUCK
MCP06130013,180061172,Montgomery County Police,Injury Crash,12-07-18 8:26,County,RANDOLPH RD,DENLEY RD,SAME DIR REAR END,CLEAR,ICE,DAYLIGHT,,NONE DETECTED,Yes,NO APPARENT INJURY,NOT DISTRACTED,MD,(SPORT) UTILITY VEHICLE,35,2015,NISSAN,PATHFINDER
MCP3010008N,230054597,Montgomery County Police,Property Damage Crash,09/13/2023 11:14:00 AM,County,NICHOLSON LA,BOILING BROOK PKWY,SAME DIRECTION SIDESWIPE,,DRY,DAYLIGHT,TRAFFIC SIGNAL,,Yes,NO APPARENT INJURY,UNKNOWN,,,30,0,UNKNOWN,UNKNOWN
MCP3335003F,250009693,MONTGOMERY,Property Damage Crash,03-05-25 15:53,Maryland (State) Route,,,"Sideswipe, Same Direction",Rain,Wet,Daylight,Traffic Control Signal,"Not Suspect of Alcohol Use, Not Suspect of Drug Use",Yes,No Apparent Injury,Not Distracted,MD,Bus - School,30,2019,THOMAS BUILT,HDX
MCP3066002V,250009907,MONTGOMERY,Property Damage Crash,03-06-25 17:15,County Route,DUNLOP ST,,Front to Rear,Clear,Dry,Daylight,Traffic Control Signal,"Not Suspect of Alcohol Use, Not Suspect of Drug Use",Yes,No Apparent Injury,Unknown,MD,Sport Utility Vehicle,25,2017,LAND ROVER,RANGE ROVER SPORT
MCP30140024,190023404,Montgomery County Police,Property Damage Crash,05/17/2019 08:02:00 PM,Maryland (State),MUNCASTER MILL RD,SYCAMORE LA,STRAIGHT MOVEMENT ANGLE,CLEAR,DRY,DUSK,STOP SIGN,NONE DETECTED,No,NO APPARENT INJURY,NOT DISTRACTED,MD,PASSENGER CAR,40,2007,TOYT,CAMRY
MCP271700J3,180029325,Montgomery County Police,Property Damage Crash,06/14/2018 06:00:00 AM,County,SECOND AVE,SPRING ST,OTHER,CLEAR,DRY,DAYLIGHT,NO CONTROLS,NONE DETECTED,Yes,NO APPARENT INJURY,UNKNOWN,MD,PASSENGER CAR,25,2009,HONDA,ACCORD
MCP2780006H,23006864,Montgomery County Police,Property Damage Crash,02-10-23 16:50,Maryland (State),FREDERICK RD,RIDGE RD,SAME DIR BOTH LEFT TURN,CLOUDY,DRY,DAYLIGHT,TRAFFIC SIGNAL,,Yes,NO APPARENT INJURY,LOOKED BUT DID NOT SEE,MD,TRANSIT BUS,45,2017,GILLIG,40' DIESEL
MCP2698000S,15018684,Montgomery County Police,Injury Crash,04/21/2015 10:52:00 AM,Maryland (State),NEW HAMPSHIRE AVE,E RANDOLPH RD,HEAD ON LEFT TURN,CLEAR,DRY,DAYLIGHT,NO CONTROLS,NONE DETECTED,No,POSSIBLE INJURY,NOT DISTRACTED,MD,PASSENGER CAR,45,2012,HONDA,ACCORD
MCP291700F4,250025990,MONTGOMERY,Injury Crash,06-11-25 7:55,County Route,QUEEN MARY DR,GEORGIA AVE (SB/L),Angle,Clear,Dry,Daylight,No Controls,"Not Suspect of Alcohol Use, Not Suspect of Drug Use",No,Possible Injury,Not Distracted,MD,Passenger Car,30,2022,TOYOTA,HIGHLANDER
MCP29210039,190039329,Montgomery County Police,Injury Crash,08/17/2019 03:15:00 PM,Maryland (State),FREDERICK RD,CLARKSBURG RD,HEAD ON LEFT TURN,CLEAR,DRY,DAYLIGHT,TRAFFIC SIGNAL,,Yes,NO APPARENT INJURY,LOOKED BUT DID NOT SEE,MD,PASSENGER CAR,30,2018,FORD,TK
MCP31110019,190036990,Montgomery County Police,Property Damage Crash,08-03-19 6:30,,,,SAME DIRECTION SIDESWIPE,CLEAR,,DAYLIGHT,NO CONTROLS,UNKNOWN,Yes,NO APPARENT INJURY,UNKNOWN,,PASSENGER CAR,15,2005,TOYOTA,PRIUS
DD5624002Y,190033798,Rockville Police Departme,Injury Crash,07/16/2019 05:58:00 PM,Maryland (State),VEIRS MILL RD,BROADWOOD DR,SAME DIR REAR END,CLEAR,DRY,DAYLIGHT,NO CONTROLS,NONE DETECTED,No,POSSIBLE INJURY,NOT DISTRACTED,MD,PASSENGER CAR,35,1999,TOYOYA,TK
MCP2852002V,210019830,Montgomery County Police,Injury Crash,05/25/2021 08:43:00 PM,Other Public Roadway,FATHER HURLEY BLVD,HOPKINS RD,ANGLE MEETS RIGHT TURN,CLEAR,DRY,DUSK,TRAFFIC SIGNAL,NONE DETECTED,No,NO APPARENT INJURY,LOOKED BUT DID NOT SEE,MD,PASSENGER CAR,35,2020,TOYOTA,COROLLA
MCP2437001B,15061603,MONTGOMERY,Injury Crash,12-02-15 19:02,County,CONNECTICUT AVE,GRAND PRE RD,SAME DIR REAR END,RAINING,WET,DARK LIGHTS ON,NO CONTROLS,NONE DETECTED,No,NO APPARENT INJURY,NOT DISTRACTED,MD,PASSENGER CAR,40,2003,DODGE,CARAVAN
MCP2771002H,230050852,Montgomery County Police,Property Damage Crash,08/23/2023 09:23:00 AM,Maryland (State),NORBECK RD,NADINE DR,SAME DIR REAR END,CLEAR,DRY,DAYLIGHT,OTHER,,Yes,NO APPARENT INJURY,UNKNOWN,MD,PASSENGER CAR,35,2011,CHRY,4S
DM84390044,250014593,TAKOMA,Property Damage Crash,04-03-25 20:47,Municipality Route,GUDE AVE,,"Sideswipe, Same Direction",Clear,Dry,Dark - Lighted,No Controls,"Not Suspect of Alcohol Use, Not Suspect of Drug Use",No,No Apparent Injury,Not Distracted,MD,Sport Utility Vehicle,20,2020,FORD,EXPLORER
MCP24610005,170506360,Montgomery County Police,Property Damage Crash,05-06-17 22:41,County,MONTROSE RD,FALLS RD,HEAD ON LEFT TURN,CLOUDY,WET,DARK LIGHTS ON,TRAFFIC SIGNAL,,Yes,NO APPARENT INJURY,NOT DISTRACTED,MD,PASSENGER CAR,35,2016,JEEP,GRANDCHER
MCP263900GT,240013589,MONTGOMERY,Injury Crash,03/21/2024 06:47:00 PM,Maryland (State) Route,,,Front to Rear,Clear,Dry,Daylight,Traffic Control Signal,"Not Suspect of Alcohol Use, Not Suspect of Drug Use",No,No Apparent Injury,Not Distracted,MD,Passenger Car,40,2019,LEXUS,IS
MCP26560078,240017379,MONTGOMERY,Injury Crash,04/14/2024 04:30:00 PM,County Route,STONEY BOTTOM RD,,Other,Clear,Dry,Daylight,No Controls,"Not Suspect of Alcohol Use, Not Suspect of Drug Use",No,No Apparent Injury,Not Distracted,MD,Van - Passenger (&lt;9 Seats),25,2019,MERCEDES-BENZ,SPRINTER
MCP33280020,230025922,Montgomery County Police,Property Damage Crash,05/30/2023 04:00:00 PM,County,CLARIDGE RD,MEDWAY ST,OPPOSITE DIRECTION SIDESWIPE,CLEAR,DRY,DAYLIGHT,STOP SIGN,NONE DETECTED,No,NO APPARENT INJURY,NOT DISTRACTED,MD,SCHOOL BUS,25,2020,THOMAS,SCHOOL BUS
EJ78470025,16054257,Gaithersburg Police Depar,Property Damage Crash,10/21/2016 02:54:00 PM,Municipality,GAITHER ST,HOLLY DR,SAME DIRECTION SIDESWIPE,CLOUDY,DRY,DAYLIGHT,NO CONTROLS,UNKNOWN,Yes,NO APPARENT INJURY,UNKNOWN,,,15,0,UNKNOWN,UNKNOWN
MCP3080003V,230057882,Montgomery County Police,Injury Crash,10-01-23 15:36,County,FATHER HURLEY BLVD,MIDDLEBROOK RD,OTHER,CLEAR,DRY,DAYLIGHT,TRAFFIC SIGNAL,NONE DETECTED,Unknown,NO APPARENT INJURY,LOOKED BUT DID NOT SEE,MD,PASSENGER CAR,35,2021,LEXUS,SD
MCP22600010,15061811,MONTGOMERY,Injury Crash,12-03-15 19:00,Municipality,WOOTTON PKWY,W EDMONSTON DR,SAME DIR REAR END,,DRY,DARK LIGHTS ON,TRAFFIC SIGNAL,,Yes,NO APPARENT INJURY,BY MOVING OBJECT IN VEHICLE,MD,PASSENGER CAR,35,2010,PORSCHE,CAYENNE S