Report Number,Local Case Number,Agency Name,ACRS Report Type,Crash Date/Time,Route Type,Road Name,Cross-Street Name,Collision Type,Weather,Surface Condition,Light,Traffic Control,Driver Substance Abuse,Driver At Fault,Injury Severity,Driver Distracted By,Drivers License State,Vehicle Body Type,Speed Limit,Vehicle Year,Vehicle Make,Vehicle Model
MCP2813000V,15000853,Montgomery County Police,Injury Crash,01-06-15 8:04,County,CENTERHILL ST,BLUHILL RD,SINGLE VEHICLE,SNOW,ICE,DAYLIGHT,STOP SIGN,NONE DETECTED,Yes,NO APPARENT INJURY,OTHER DISTRACTION,MD,PASSENGER CAR,25,2002,FORD,F150
EJ7856002F,17010332,Gaithersburg Police Depar,Injury Crash,02/26/2017 11:57:00 AM,Municipality,QUINCE ORCHARD BLVD,SPUR FR FIRSTFIELD RD,SAME DIRECTION SIDESWIPE,CLEAR,DRY,DAYLIGHT,NO CONTROLS,,No,POSSIBLE INJURY,NOT DISTRACTED,MD,PASSENGER CAR,25,2014,TOYT,TK
MCP271700PC,190033949,Montgomery County Police,Property Damage Crash,07/17/2019 03:30:00 PM,Maryland (State),WISCONSIN AVE,BETHESDA AVE,SAME DIRECTION SIDESWIPE,CLEAR,DRY,DAYLIGHT,NO CONTROLS,NONE DETECTED,Yes,NO APPARENT INJURY,LOOKED BUT DID NOT SEE,MD,"MEDIUM/HEAVY TRUCKS 3 AXLES (OVER 10,000LBS (4,536KG))",25,2018,FREIGHTLINER,BOX TRUCK
MCP33480036,240033936,MONTGOMERY,Injury Crash,07/18/2024 02:02:00 PM,County Route,DEWEY RD,,Single Vehicle,Clear,Dry,Daylight,Stop Sign,"Not Suspect of Alcohol Use, Not Suspect of Drug Use",Yes,No Apparent Injury,Not Distracted,MD,Passenger Car,25,2018,LEXUS,ES
MCP3134002G,200012748,Montgomery County Police,Property Damage Crash,03/15/2020 04:12:00 PM,US (State),COLUMBIA PIKE,MUSGROVE RD,SAME DIR REAR END,CLEAR,DRY,DAYLIGHT,TRAFFIC SIGNAL,,Yes,NO APPARENT INJURY,NOT DISTRACTED,MD,PASSENGER CAR,55,2014,TOYOTA,CAROLLA
EJ7747001Y,16031970,Gaithersburg Police Depar,Property Damage Crash,06/24/2016 01:35:00 PM,County,FIELDS RD,SAM EIG HWY,SAME DIR REAR END,CLEAR,DRY,DAYLIGHT,NO CONTROLS,NONE DETECTED,No,NO APPARENT INJURY,NOT DISTRACTED,MD,VAN,35,2002,HOND,VN
MCP2398001R,170516950,Montgomery County Police,Property Damage Crash,07-02-17 12:53,Maryland (State),S FREDERICK RD,S SUMMIT AVE,SAME DIR REAR END,CLEAR,DRY,DAYLIGHT,TRAFFIC SIGNAL,NONE DETECTED,No,NO APPARENT INJURY,NOT DISTRACTED,NJ,PASSENGER CAR,35,2017,TOYOTA,COROLLA
MCP27760040,220042959,Montgomery County Police,Injury Crash,10-02-22 14:44,Maryland (State),NEW HAMPSHIRE AVE,NOTLEY RD,HEAD ON LEFT TURN,RAINING,WET,DAYLIGHT,NO CONTROLS,NONE DETECTED,Yes,POSSIBLE INJURY,UNKNOWN,NJ,(SPORT) UTILITY VEHICLE,45,2016,VOLKS,TIGUAN
MCP2633003G,230058318,Montgomery County Police,Injury Crash,10-03-23 15:53,Maryland (State),OLD GEORGETOWN RD,LUX LA,SAME DIR REAR END,CLEAR,DRY,DAYLIGHT,NO CONTROLS,NONE DETECTED,No,SUSPECTED MINOR INJURY,NOT DISTRACTED,NY,PASSENGER CAR,40,2022,CHEVY,TRAILBLAZER
EJ786600B6,210015485,Gaithersburg Police Depar,Property Damage Crash,04/26/2021 08:12:00 AM,Maryland (State),QUINCE ORCHARD RD,RAMP 8 FR IS 270 SB TO MD 124 WB,SAME DIR REAR END,CLEAR,DRY,DAYLIGHT,TRAFFIC SIGNAL,NONE DETECTED,Yes,NO APPARENT INJURY,UNKNOWN,MD,PICKUP TRUCK,35,2003,TOYT,TACOMA
DM8352000X,240049715,TAKOMA,Injury Crash,10/17/2024 05:04:00 PM,Maryland (State) Route,NEW HAMPSHIRE AVE,,Front to Rear,Clear,Dry,Daylight,No Controls,"Not Suspect of Alcohol Use, Not Suspect of Drug Use",No,No Apparent Injury,Not Distracted,MD,Passenger Car,25,2013,KIA,SORENTO
HA2388000Y,20002324,Maryland-National Capital,Property Damage Crash,09/26/2020 06:05:00 AM,Maryland (State),LAYHILL RD,GAYFIELDS DR,SINGLE VEHICLE,RAINING,WET,DARK LIGHTS ON,NO CONTROLS,NONE DETECTED,No,NO APPARENT INJURY,NOT DISTRACTED,MD,PASSENGER CAR,40,2010,ACUR,4S
MCP1182000R,15045901,MONTGOMERY,Injury Crash,09-11-15 15:25,Maryland (State),RIVER RD,OGDEN RD,HEAD ON LEFT TURN,CLEAR,DRY,DAYLIGHT,NO CONTROLS,NONE DETECTED,Yes,SUSPECTED SERIOUS INJURY,LOOKED BUT DID NOT SEE,MD,PASSENGER CAR,40,2010,TOYOTA,PRIUS
MCP2746000V,15028980,Montgomery County Police,Injury Crash,06/14/2015 04:54:00 PM,Maryland (State),GEORGIA AVE,HATHAWAY DR,SAME DIR REAR END,CLEAR,DRY,DAYLIGHT,TRAFFIC SIGNAL,NONE DETECTED,No,NO APPARENT INJURY,NOT DISTRACTED,MD,PICKUP TRUCK,45,2010,CHEVROLET,EPO
MCP2254000Z,17000382,Montgomery County Police,Property Damage Crash,01-03-17 12:06,Interstate (State),EISENHOWER MEMORIAL HWY,MILE MARKER 20.0,SAME DIR REAR END,RAINING,WET,DAYLIGHT,NO CONTROLS,NONE DETECTED,No,NO APPARENT INJURY,NOT DISTRACTED,VA,PASSENGER CAR,65,2016,TESLA,S
MCP13230010,200013359,Montgomery County Police,Property Damage Crash,03/20/2020 07:45:00 AM,Maryland (State),GEORGIA AVE,SPRING ST,SAME DIR REAR END,CLOUDY,WET,DAYLIGHT,TRAFFIC SIGNAL,NONE DETECTED,Yes,NO APPARENT INJURY,OTHER DISTRACTION,MD,PASSENGER CAR,35,2013,HONDA,CIVIC
MCP209400MT,230060787,Montgomery County Police,Property Damage Crash,10/16/2023 08:17:00 AM,Maryland (State),RIVER RD,OGDEN RD,STRAIGHT MOVEMENT ANGLE,CLEAR,DRY,DAYLIGHT,STOP SIGN,NONE DETECTED,No,NO APPARENT INJURY,NOT DISTRACTED,MD,PASSENGER CAR,35,2023,MERZ,4S
MCP3106000K,180027611,Montgomery County Police,Property Damage Crash,06-03-18 9:00,,,,HEAD ON,UNKNOWN,,UNKNOWN,NO CONTROLS,UNKNOWN,Yes,NO APPARENT INJURY,UNKNOWN,,UNKNOWN,0,0,UNKNOWN,UNKNOWN
MCP94060036,230066501,Montgomery County Police,Property Damage Crash,11-11-23 16:15,,,,UNKNOWN,CLEAR,,DAYLIGHT,,UNKNOWN,Yes,NO APPARENT INJURY,UNKNOWN,,PASSENGER CAR,10,2008,CHEV,MALIBU
MCP2777001P,15012905,Montgomery County Police,Property Damage Crash,03/20/2015 12:00:00 AM,Maryland (State),CONNECTICUT AVE,RAMP 4 FR MD 185 NB TO IS 495 EB,SAME DIR REAR END,CLEAR,DRY,,NO CONTROLS,NONE DETECTED,Yes,NO APPARENT INJURY,NOT DISTRACTED,VA,PASSENGER CAR,35,2004,HONDA,ACCORD
MCP3360000Z,230054606,Montgomery County Police,Property Damage Crash,09/13/2023 12:06:00 PM,,NORTH FREDERICK ROAD,DALAMAR STREET,HEAD ON LEFT TURN,CLEAR,DRY,DAYLIGHT,NO CONTROLS,NONE DETECTED,No,NO APPARENT INJURY,NOT DISTRACTED,VA,PASSENGER CAR,30,2015,ACURA,TLX
DD5635001V,190051692,Rockville Police Departme,Injury Crash,10/27/2019 02:20:00 PM,Maryland (State),ROCKVILLE PIKE,RICHARD MONTGOMERY DR,STRAIGHT MOVEMENT ANGLE,,DRY,DAYLIGHT,TRAFFIC SIGNAL,NONE DETECTED,Yes,NO APPARENT INJURY,LOOKED BUT DID NOT SEE,MD,PASSENGER CAR,35,2011,BWM,4S
MCP3193005L,240021573,MONTGOMERY,Property Damage Crash,05-07-24 21:20,,,,Other,Clear,,Dark - Lighted,,"Not Suspect of Alcohol Use, Not Suspect of Drug Use",Yes,No Apparent Injury,Unknown,,Passenger Car,0,2005,TOYOTA,CAMRY
MCP3133000Q,180062261,Montgomery County Police,Injury Crash,12/13/2018 02:04:00 PM,,,,SAME DIR REAR END,,,DAYLIGHT,NO CONTROLS,NONE DETECTED,Yes,NO APPARENT INJURY,NOT DISTRACTED,MD,PASSENGER CAR,0,2017,GMC,SIERRA
MCP23760012,220011634,Montgomery County Police,Injury Crash,03/18/2022 03:51:00 AM,Interstate (State),CAPITAL BELTWAY,IS 270 SB/L,SAME DIR BOTH LEFT TURN,CLEAR,DRY,DARK LIGHTS ON,NO CONTROLS,NONE DETECTED,No,POSSIBLE INJURY,NOT DISTRACTED,MD,PASSENGER CAR,55,2016,ACUR,SD
MCP3401000W,240018457,MONTGOMERY,Injury Crash,04/20/2024 12:40:00 PM,US (State),GEORGIA AVE,KING ST,Angle,Clear,Dry,Daylight,No Controls,"Not Suspect of Alcohol Use, Not Suspect of Drug Use",No,Suspected Minor Injury,Not Distracted,MD,Passenger Car,35,2007,TOYOTA,CAMRY
MCP28430026,230053528,Montgomery County Police,Injury Crash,09-06-23 20:06,County,SNOUFFERS SCHOOL RD,LEWISBERRY DR,HEAD ON LEFT TURN,CLEAR,DRY,DARK LIGHTS ON,TRAFFIC SIGNAL,NONE DETECTED,No,POSSIBLE INJURY,NOT DISTRACTED,MD,PASSENGER CAR,45,2012,ACURA,MDX
MCP3024001K,190046548,Montgomery County Police,Property Damage Crash,09/28/2019 03:17:00 PM,Maryland (State),FREDERICK RD,OLD HUNDRED RD,SAME DIR REAR END,CLEAR,DRY,DAYLIGHT,NO CONTROLS,,Yes,NO APPARENT INJURY,NOT DISTRACTED,MD,PASSENGER CAR,40,2011,LEXUS,ES 350
MCP2944000C,15020953,Montgomery County Police,Property Damage Crash,05-03-15 16:54,Maryland (State),OLD GEORGETOWN RD,EXECUTIVE BLVD,SAME DIRECTION RIGHT TURN,CLEAR,DRY,DAYLIGHT,,NONE DETECTED,No,NO APPARENT INJURY,NOT DISTRACTED,MD,OTHER,40,2006,FREIGHT,TRUCK
MCP2398002B,180053598,Montgomery County Police,Property Damage Crash,10/26/2018 08:17:00 AM,Municipality,FIRSTFIELD RD,QUINCE ORCHARD RD,STRAIGHT MOVEMENT ANGLE,CLOUDY,DRY,DAYLIGHT,NO CONTROLS,NONE DETECTED,Yes,NO APPARENT INJURY,UNKNOWN,MD,PASSENGER CAR,35,2010,HONDA,CIVIC
MCP2940001H,170504316,Montgomery County Police,Property Damage Crash,04/26/2017 02:15:00 PM,Maryland (State),CONNECTICUT AVE,BRADLEY LA,SAME DIR REAR END,CLOUDY,DRY,DAYLIGHT,,NONE DETECTED,Yes,NO APPARENT INJURY,UNKNOWN,MD,(SPORT) UTILITY VEHICLE,30,2016,CADI,SRX4
DD5590000N,16040569,Rockville Police Departme,Property Damage Crash,08-10-16 16:48,Maryland (State),ROCKVILLE PIKE,EXIT FR ROCKVILLE METRO PLAZA,SAME DIR REAR END,CLEAR,DRY,DAYLIGHT,,NONE DETECTED,No,NO APPARENT INJURY,NOT DISTRACTED,VA,PASSENGER CAR,35,2015,TOYOTA,COROLLA
MCP31920015,200032572,Montgomery County Police,Injury Crash,08/20/2020 05:26:00 PM,County,LINTON ST,PATTON DR,STRAIGHT MOVEMENT ANGLE,CLEAR,DRY,DAYLIGHT,STOP SIGN,NONE DETECTED,No,NO APPARENT INJURY,NOT DISTRACTED,MD,PASSENGER CAR,25,2013,NISSAN,FRONT TEIR
MCP3066001N,200028688,Montgomery County Police,Injury Crash,07/23/2020 11:20:00 PM,Interstate (State),CABIN JOHN PKWY,CLARA BARTON PKWY,SINGLE VEHICLE,RAINING,WET,DARK NO LIGHTS,,,Yes,POSSIBLE INJURY,UNKNOWN,DC,PASSENGER CAR,35,2008,TOYT,PRIUS
MCP1119003M,17015740,Montgomery County Police,Injury Crash,03/28/2017 07:40:00 AM,Maryland (State),VEIRS MILL RD,TURKEY BRANCH PKWY,SAME DIR REAR END,CLOUDY,WET,DAYLIGHT,,NONE DETECTED,Yes,NO APPARENT INJURY,NOT DISTRACTED,MD,PASSENGER CAR,45,2015,TOYOTA,COROLLA
MCP26560035,18040451,Montgomery County Police,Property Damage Crash,08/14/2018 02:00:00 PM,County,PLUM ORCHARD DR,BROADBIRCH DR,OTHER,CLEAR,DRY,DAYLIGHT,,,Yes,NO APPARENT INJURY,NOT DISTRACTED,MD,PICKUP TRUCK,15,2006,FORD,F-450
MCP26870021,170510961,Montgomery County Police,Property Damage Crash,05/31/2017 06:37:00 PM,Maryland (State),ROCKVILLE PIKE,JONES BRIDGE RD,SAME DIRECTION SIDESWIPE,CLEAR,DRY,DAYLIGHT,NO CONTROLS,NONE DETECTED,No,NO APPARENT INJURY,NOT DISTRACTED,MD,PASSENGER CAR,25,2009,TOYOTA,COROLLA
MCP3133003B,220009354,Montgomery County Police,Property Damage Crash,03-04-22 9:02,,,,OTHER,CLEAR,,DAYLIGHT,NO CONTROLS,NONE DETECTED,Yes,NO APPARENT INJURY,NOT DISTRACTED,MD,SCHOOL BUS,10,2015,THOMAS,SCHOOLBUS
MCP1500001G,16059927,Montgomery County Police,Injury Crash,11/21/2016 04:17:00 PM,Maryland (State),NEW HAMPSHIRE AVE,CANNON RD,SAME DIR REAR END,CLEAR,DRY,DAYLIGHT,NO CONTROLS,NONE DETECTED,Yes,NO APPARENT INJURY,UNKNOWN,MD,"OTHER LIGHT TRUCKS (10,000LBS (4,536KG) OR LESS)",40,1999,INTERNATIONAL,TRUCK
MCP27120038,190011591,Montgomery County Police,Property Damage Crash,03/13/2019 09:02:00 AM,US (State),COLUMBIA PIKE,GREENCASTLE RD,SAME DIR REAR END,,,DAYLIGHT,,NONE DETECTED,No,NO APPARENT INJURY,NOT DISTRACTED,NJ,PASSENGER CAR,50,2014,BMW,328
MCP30270013,170535302,Montgomery County Police,Property Damage Crash,10-07-17 10:50,Maryland (State),GEORGIA AVE,16TH ST,SAME DIR REAR END,CLEAR,DRY,DAYLIGHT,TRAFFIC SIGNAL,,No,NO APPARENT INJURY,NOT DISTRACTED,MD,PASSENGER CAR,35,2011,TOYOTA,COROLLA
MCP3362006W,250051832,MONTGOMERY,Injury Crash,11/19/2025 08:25:00 AM,Maryland (State) Route,NEW HAMPSHIRE AVE (SB/L),,Front to Rear,Rain,Wet,Daylight,No Controls,"Not Suspect of Alcohol Use, Not Suspect of Drug Use",No,Suspected Minor Injury,Not Distracted,MD,Passenger Car,35,2017,MITSUBISHI,MIRAGE G4
MCP2770004Q,250044111,MONTGOMERY,Injury Crash,10-01-25 10:45,Maryland (State) Route,,LINDBERGH DR,"Sideswipe, Same Direction",Clear,Dry,Daylight,Traffic Control Signal,"Not Suspect of Alcohol Use, Not Suspect of Drug Use",Yes,Possible Injury,Not Distracted,MD,Passenger Car,45,2019,SUBARU,CROSSTREK
MCP32400027,210024065,Montgomery County Police,Property Damage Crash,06/23/2021 04:42:00 PM,Maryland (State),GERMANTOWN RD,SENECA MEADOWS PKWY,SAME DIR BOTH LEFT TURN,CLEAR,DRY,DAYLIGHT,TRAFFIC SIGNAL,,No,NO APPARENT INJURY,NOT DISTRACTED,MD,PASSENGER CAR,45,2003,HOND,TK
MCP2052000M,15046263,MONTGOMERY,Property Damage Crash,09/13/2015 01:29:00 AM,County,BONIFANT RD,ALDERTON RD,SAME DIRECTION SIDESWIPE,CLEAR,DRY,DARK LIGHTS ON,STOP SIGN,UNKNOWN,Yes,NO APPARENT INJURY,UNKNOWN,,UNKNOWN,35,1901,UNKNOWN,UNKOWN
MCP3084003L,190061938,Montgomery County Police,Injury Crash,12/24/2019 01:03:00 PM,County,WESTLAKE DR,WESTLAKE TERR,SAME DIR REAR END,CLEAR,DRY,DAYLIGHT,TRAFFIC SIGNAL,NONE DETECTED,No,POSSIBLE INJURY,NOT DISTRACTED,MD,PASSENGER CAR,30,2019,HONDA,HRV
DD5605000Z,15006638,Rockville Police Departme,Property Damage Crash,02-09-15 21:03,Municipality,CHAPMAN AVE,TWINBROOK PKWY,STRAIGHT MOVEMENT ANGLE,RAINING,WET,DARK LIGHTS ON,TRAFFIC SIGNAL,NONE DETECTED,No,NO APPARENT INJURY,NOT DISTRACTED,MD,(SPORT) UTILITY VEHICLE,40,2013,TOYOTA,HIGHLANDER
MCP3334001G,230029024,Montgomery County Police,Property Damage Crash,06/16/2023 04:50:00 PM,County,SEMINARY RD,GEORGIA AVE,SAME DIRECTION SIDESWIPE,CLEAR,DRY,DAYLIGHT,TRAFFIC SIGNAL,NONE DETECTED,No,NO APPARENT INJURY,NOT DISTRACTED,MD,(SPORT) UTILITY VEHICLE,40,2011,TOYT,UT
MCP29910040,190054000,Montgomery County Police,Property Damage Crash,11-09-19 9:00,Maryland (State),NEW HAMPSHIRE AVE,ENT TO SHOPPING CENTER,STRAIGHT MOVEMENT ANGLE,CLEAR,DRY,DAYLIGHT,,NONE DETECTED,Yes,NO APPARENT INJURY,LOOKED BUT DID NOT SEE,MD,PASSENGER CAR,40,2013,HONDA,CIVIC
MCP3255001D,210005578,Montgomery County Police,Property Damage Crash,02-12-21 12:15,Maryland (State),MUNCASTER MILL RD,WOODFIELD RD,SAME DIR REAR END,CLEAR,DRY,DAYLIGHT,TRAFFIC SIGNAL,,Yes,NO APPARENT INJURY,UNKNOWN,MD,PASSENGER CAR,35,2001,FORD,MUSTANG
MCP2396000N,15011763,Montgomery County Police,Injury Crash,03/15/2015 01:39:00 PM,County,RANDOLPH RD,BUSHEY DR,STRAIGHT MOVEMENT ANGLE,CLOUDY,WET,DAYLIGHT,NO CONTROLS,NONE DETECTED,No,SUSPECTED MINOR INJURY,NOT DISTRACTED,MD,PASSENGER CAR,35,2011,HYUNDAI,ACCENT
MCP285900D7,230021928,Montgomery County Police,Property Damage Crash,05-08-23 9:10,County,MUDDY BRANCH RD,SUFFIELD DR,STRAIGHT MOVEMENT ANGLE,CLEAR,DRY,DAYLIGHT,NO CONTROLS,NONE DETECTED,Yes,NO APPARENT INJURY,UNKNOWN,NC,PASSENGER CAR,30,2014,HYUN,ELANTRA
MCP3084005T,220020984,Montgomery County Police,Property Damage Crash,05/17/2022 12:59:00 PM,County,EDSON LA,ROCKVILLE PIKE,HEAD ON LEFT TURN,CLEAR,DRY,DAYLIGHT,TRAFFIC SIGNAL,NONE DETECTED,Yes,NO APPARENT INJURY,LOOKED BUT DID NOT SEE,NC,PASSENGER CAR,40,2014,NISSAN,ALTIMA
MCP3007000K,16010892,MONTGOMERY,Property Damage Crash,03-04-16 20:16,Maryland (State),VEIRS MILL RD,TURKEY BRANCH PKWY,SAME DIRECTION SIDESWIPE,CLEAR,DRY,DARK LIGHTS ON,NO CONTROLS,NONE DETECTED,No,NO APPARENT INJURY,NOT DISTRACTED,MD,PASSENGER CAR,45,2003,BUICK,4S
DD5642003Y,220050327,Rockville Police Departme,Injury Crash,11/14/2022 04:22:00 PM,Maryland (State),NORBECK RD,E GUDE DR,HEAD ON LEFT TURN,CLEAR,DRY,DAYLIGHT,TRAFFIC SIGNAL,NONE DETECTED,No,POSSIBLE INJURY,NOT DISTRACTED,MD,PASSENGER CAR,40,2013,FORD,FUSION
MCP3200009C,230056459,Montgomery County Police,Injury Crash,09/23/2023 11:57:00 AM,County,DEMOCRACY BLVD,BELLS MILL RD,SAME DIR REND LEFT TURN,RAINING,WET,DAYLIGHT,NO CONTROLS,NONE DETECTED,Yes,NO APPARENT INJURY,UNKNOWN,MD,(SPORT) UTILITY VEHICLE,30,2012,HONDA,CR-V
MCP3035001V,180015828,Montgomery County Police,Injury Crash,04-01-18 21:35,Maryland (State),MUNCASTER MILL RD,GRIST MILL DR,SAME DIR REAR END,CLEAR,DRY,DARK -- UNKNOWN LIGHTING,NO CONTROLS,,No,SUSPECTED MINOR INJURY,NOT DISTRACTED,MD,PASSENGER CAR,35,2007,TOYOTA,RAV4
MCP9390002N,230069817,Montgomery County Police,Injury Crash,12-04-23 16:24,County,SAM EIG HWY,GREAT SENECA HWY,SAME DIR REAR END,CLEAR,DRY,DAYLIGHT,NO CONTROLS,,No,SUSPECTED MINOR INJURY,NOT DISTRACTED,MD,PASSENGER CAR,45,2023,TESLA,Y
MCP27660048,180055064,Montgomery County Police,Property Damage Crash,11-02-18 19:20,County,CONNECTICUT AVE,GEORGIA AVE,SAME DIRECTION SIDESWIPE,RAINING,WET,DARK LIGHTS ON,,NONE DETECTED,No,NO APPARENT INJURY,NOT DISTRACTED,MD,POLICE VEHICLE/EMERGENCY,35,2014,DODGE,CHARGER
MCP30650020,180038497,Montgomery County Police,Injury Crash,08-03-18 12:11,County,LOCKWOOD DR,OAK LEAF DR,ANGLE MEETS LEFT TURN,CLEAR,DRY,DAYLIGHT,,NONE DETECTED,Yes,POSSIBLE INJURY,NOT DISTRACTED,MD,PASSENGER CAR,35,2017,SUBARU,FORESTER
DD5614001W,17001315,Rockville Police Departme,Property Damage Crash,01-08-17 16:32,Maryland (State),W MONTGOMERY AVE,W GUDE DR,STRAIGHT MOVEMENT ANGLE,CLEAR,DRY,DAYLIGHT,TRAFFIC SIGNAL,NONE DETECTED,Yes,NO APPARENT INJURY,UNKNOWN,MD,VAN,45,2017,DODGE,VAN
DD5621000X,170506778,Rockville Police Departme,Injury Crash,05-09-17 9:34,Maryland (State),VEIRS MILL RD,TWINBROOK PKWY,SAME DIR REAR END,CLEAR,DRY,DAYLIGHT,TRAFFIC SIGNAL,NONE DETECTED,No,NO APPARENT INJURY,NOT DISTRACTED,MD,PASSENGER CAR,40,2015,HONDA,SW
MCP1393001Q,180042874,Montgomery County Police,Property Damage Crash,08/28/2018 05:04:00 PM,County,RIDGE RD,OBSERVATION DR,SAME DIR REAR END,CLEAR,DRY,DAYLIGHT,TRAFFIC SIGNAL,,No,NO APPARENT INJURY,NOT DISTRACTED,MD,PASSENGER CAR,35,2015,NISSAN,ALTIMA
MCP2682000Q,16043201,Montgomery County Police,Property Damage Crash,08/24/2016 02:32:00 PM,County,MONTGOMERY VILLAGE AVE,STEDWICK RD,SAME DIR REAR END,CLEAR,DRY,DAYLIGHT,,NONE DETECTED,No,NO APPARENT INJURY,NOT DISTRACTED,MD,PASSENGER CAR,35,2017,ACURA,RDX
DD5567002T,240008267,ROCKVILLE,Property Damage Crash,02/20/2024 09:32:00 AM,Maryland (State) Route,FIRST ST (WB/L),,Front to Rear,Clear,Dry,Daylight,No Controls,"Not Suspect of Alcohol Use, Not Suspect of Drug Use",Yes,No Apparent Injury,Not Distracted,MD,Passenger Car,40,2017,HYUNDAI,ELANTRA
MCP3057000S,180000547,Montgomery County Police,Property Damage Crash,01-04-18 8:12,County,FATHER HURLEY BLVD,CRYSTAL ROCK DR,SAME DIR REAR END,SNOW,SNOW,DAYLIGHT,,NONE DETECTED,Yes,NO APPARENT INJURY,NOT DISTRACTED,MD,PASSENGER CAR,45,2013,HYUN,ELANTRA
MCP20520025,210008520,Montgomery County Police,Property Damage Crash,03-06-21 20:40,Maryland (State),CLOPPER RD,GAME PRESERVE RD,SINGLE VEHICLE,CLEAR,DRY,DARK LIGHTS ON,NO CONTROLS,NONE DETECTED,No,NO APPARENT INJURY,NOT DISTRACTED,MD,"OTHER LIGHT TRUCKS (10,000LBS (4,536KG) OR LESS)",45,2013,TOYT,TK SCION XB
MCP3356001P,240019689,MONTGOMERY,Property Damage Crash,04/27/2024 04:05:00 PM,Local Route,OAKLAND HILLS BLVD,,Other,Cloudy,Dry,Daylight,No Controls,"Unknown, Unknown",No,,,,Passenger Car,20,2019,HYUNDAI,ELANTRA
MCP2592001K,200013790,Montgomery County Police,Property Damage Crash,03/24/2020 05:52:00 AM,County,MONTGOMERY VILLAGE AVE,STEDWICK RD,HEAD ON LEFT TURN,CLEAR,DRY,DARK LIGHTS ON,TRAFFIC SIGNAL,NONE DETECTED,Unknown,NO APPARENT INJURY,UNKNOWN,MD,PASSENGER CAR,30,2016,TOYOTA,HIGHLANDER
MCP3341002S,230067750,Montgomery County Police,Property Damage Crash,11/22/2023 06:15:00 AM,County,BEL PRE RD,CONNECTICUT AVE,SINGLE VEHICLE,RAINING,WET,DAWN,TRAFFIC SIGNAL,,Yes,NO APPARENT INJURY,NOT DISTRACTED,MD,PASSENGER CAR,35,2010,CHEVORLET,MALIBU
MCP2908001T,16047935,Montgomery County Police,Injury Crash,09/18/2016 12:52:00 PM,Maryland (State),NEW HAMPSHIRE AVE,ELTON RD,SAME DIR REAR END,,DRY,DAYLIGHT,NO CONTROLS,NONE DETECTED,Yes,NO APPARENT INJURY,NOT DISTRACTED,MD,PASSENGER CAR,40,2001,CHEV,S10
EJ7781005N,250019407,GAITHERSBURG,Property Damage Crash,05-03-25 12:30,,,,Front to Rear,Clear,,Daylight,,"Unknown, Unknown",No,,,,Pickup,0,2020,CHEVROLET,SILVERADO
MCP3262003H,230062533,Montgomery County Police,Property Damage Crash,10/25/2023 02:43:00 PM,Maryland (State),OLD COLUMBIA PIKE,ENT TO OLD COLUMBIA SHOPPING CENTER,ANGLE MEETS RIGHT TURN,CLEAR,DRY,DAYLIGHT,NO CONTROLS,NONE DETECTED,No,NO APPARENT INJURY,NOT DISTRACTED,MD,PASSENGER CAR,5,2014,VOLKS,JETTA
MCP1205006T,200042654,Montgomery County Police,Property Damage Crash,10/29/2020 12:09:00 PM,Interstate (State),CAPITAL BELTWAY,CONNECTICUT AVE,SAME DIRECTION SIDESWIPE,RAINING,WET,DAYLIGHT,NO CONTROLS,NONE DETECTED,No,NO APPARENT INJURY,NOT DISTRACTED,VA,TRUCK TRACTOR,55,1999,PETERBILT,TRACTOR
MCP209400DC,190006699,Montgomery County Police,Injury Crash,02-11-19 15:25,County,FERNWOOD RD,LONE OAK DR,STRAIGHT MOVEMENT ANGLE,RAINING,WET,DAYLIGHT,STOP SIGN,NONE DETECTED,No,NO APPARENT INJURY,NOT DISTRACTED,MD,VAN,25,2017,DODGE,CARAVAN
MCP31070029,240002854,MONTGOMERY,Property Damage Crash,01/18/2024 04:46:00 PM,County Route,E JEFFERSON ST,,Angle,Clear,Dry,Daylight,No Controls,"Not Suspect of Alcohol Use, Not Suspect of Drug Use",No,No Apparent Injury,Not Distracted,MD,Passenger Car,25,2023,NISSAN,ALTIMA
EJ78880083,250040047,GAITHERSBURG,Injury Crash,09-06-25 18:20,Maryland (State) Route,MONTGOMERY VILLAGE AVE (SB/L),RUSSELL AVE,Angle,Clear,Wet,Daylight,Traffic Control Signal,"Not Suspect of Alcohol Use, Not Suspect of Drug Use",Yes,Suspected Serious Injury,Unknown,MD,Passenger Car,30,2014,CADILLAC,CTS
MCP2278000T,15041639,MONTGOMERY,Property Damage Crash,08/20/2015 05:56:00 AM,Maryland (State),MASSACHUSETTS AVE,WESTMORELAND CIR,SAME DIR REAR END,,,DARK NO LIGHTS,YIELD SIGN,NONE DETECTED,No,NO APPARENT INJURY,NOT DISTRACTED,MD,PASSENGER CAR,25,2009,CHEV,4S
MCP156300B9,250010848,MONTGOMERY,Injury Crash,03-11-25 10:30,County Route,HOWARD AVE,KNOWLES AVE,Angle,Clear,Dry,Daylight,Stop Sign,"Not Suspect of Alcohol Use, Not Suspect of Drug Use",Yes,No Apparent Injury,Not Distracted,MD,Passenger Car,25,2019,TOYOTA,COROLLA
MCP1022009L,180040894,Montgomery County Police,Property Damage Crash,08/17/2018 07:58:00 AM,County,CLARKSBURG RD,OVERLOOK PARK DR,STRAIGHT MOVEMENT ANGLE,CLEAR,DRY,DAYLIGHT,STOP SIGN,NONE DETECTED,Yes,NO APPARENT INJURY,NOT DISTRACTED,MD,PASSENGER CAR,25,2012,TOYT,4S