Report Number,Local Case Number,Agency Name,ACRS Report Type,Crash Date/Time,Route Type,Road Name,Cross-Street Name,Collision Type,Weather,Surface Condition,Light,Traffic Control,Driver Substance Abuse,Driver At Fault,Injury Severity,Driver Distracted By,Drivers License State,Vehicle Body Type,Speed Limit,Vehicle Year,Vehicle Make,Vehicle Model
MCP27990080,240037454,MONTGOMERY,Property Damage Crash,08-08-24 15:50,County Route,SILVER SPRING AVE,,"Sideswipe, Same Direction",Rain,Wet,Daylight,No Controls,"Not Suspect of Alcohol Use, Not Suspect of Drug Use",No,No Apparent Injury,Unknown,VA,Passenger Car,30,2008,HONDA,ACCORD
MCP27910026,16017934,Montgomery County Police,Injury Crash,04-12-16 18:04,US (State),COLUMBIA PIKE,DUSTIN RD,SAME DIR REAR END,CLEAR,DRY,DAYLIGHT,NO CONTROLS,NONE DETECTED,No,POSSIBLE INJURY,NOT DISTRACTED,MD,PASSENGER CAR,55,2003,HOND,4S
MCP29360014,16046957,Montgomery County Police,Injury Crash,09/13/2016 03:41:00 PM,Maryland (State),CONNECTICUT AVE,CHEVY CHASE LAKE DR,SAME DIR REAR END,CLEAR,DRY,DAYLIGHT,TRAFFIC SIGNAL,NONE DETECTED,No,NO APPARENT INJURY,NOT DISTRACTED,MD,(SPORT) UTILITY VEHICLE,35,2016,BMW,XS
EJ78840010,200044079,Gaithersburg Police Depar,Injury Crash,11-08-20 16:07,Maryland (State),FREDERICK RD,TRAVIS AVE,HEAD ON LEFT TURN,CLEAR,DRY,DAYLIGHT,TRAFFIC SIGNAL,,Yes,SUSPECTED MINOR INJURY,UNKNOWN,MD,PASSENGER CAR,40,2016,HONDA,CRV
MCP3431000G,240047469,MONTGOMERY,Injury Crash,10-04-24 21:40,Maryland (State) Route,RIDGE RD,,Front to Rear,Clear,Dry,Dark - Lighted,Traffic Control Signal,"Not Suspect of Alcohol Use, Not Suspect of Drug Use",Yes,Suspected Minor Injury,Not Distracted,MD,Passenger Car,45,2015,AUDI,Q7
MCP29190023,16061195,Montgomery County Police,Property Damage Crash,11/29/2016 07:55:00 AM,Maryland (State),LAYHILL RD,GEORGIA AVE,SAME DIR BOTH LEFT TURN,UNKNOWN,UNKNOWN,DAYLIGHT,TRAFFIC SIGNAL,NONE DETECTED,Yes,NO APPARENT INJURY,NOT DISTRACTED,MD,PASSENGER CAR,30,2005,HONDA,ACCORD
MCP21620046,190048937,Montgomery County Police,Property Damage Crash,10-11-19 18:56,Maryland (State),GEORGIA AVE,HATHAWAY DR,SAME DIR REAR END,CLEAR,DRY,DARK LIGHTS ON,TRAFFIC SIGNAL,ALCOHOL PRESENT,Yes,NO APPARENT INJURY,UNKNOWN,MD,PASSENGER CAR,35,2016,FORD,FIESTA
MCP3006001K,16060463,Montgomery County Police,Property Damage Crash,11/24/2016 02:12:00 PM,,,,SINGLE VEHICLE,CLEAR,,DAYLIGHT,,UNKNOWN,Yes,NO APPARENT INJURY,UNKNOWN,,PASSENGER CAR,30,2006,FORD,FUSION
MCP2633000Y,16013432,MONTGOMERY,Injury Crash,03/18/2016 07:00:00 PM,County,ODENDHAL AVE,ROYAL BONNET CIR,SAME DIR REAR END,CLEAR,DRY,DAYLIGHT,,NONE DETECTED,No,NO APPARENT INJURY,UNKNOWN,MD,PASSENGER CAR,35,2001,VOLK,GOLF
MCP2830001D,15028953,Montgomery County Police,Property Damage Crash,06/14/2015 01:38:00 PM,,,,OTHER,CLEAR,,DAYLIGHT,NO CONTROLS,NONE DETECTED,Yes,NO APPARENT INJURY,INATTENTIVE OR LOST IN THOUGHT,MD,PASSENGER CAR,0,2001,BMW,5251
DD5538001V,16049874,Rockville Police Departme,Injury Crash,09/28/2016 09:00:00 AM,Maryland (State),ROCKVILLE PIKE,TALBOTT ST,SAME DIRECTION RIGHT TURN,CLOUDY,DRY,DAYLIGHT,NO CONTROLS,NONE DETECTED,Yes,NO APPARENT INJURY,UNKNOWN,MD,PASSENGER CAR,30,2011,NISSAN,MAXIMA
MCP2717002G,15044188,MONTGOMERY,Property Damage Crash,09-02-15 18:24,,,,OTHER,CLEAR,,DAYLIGHT,NO CONTROLS,NONE DETECTED,No,NO APPARENT INJURY,NOT DISTRACTED,MD,PASSENGER CAR,5,2003,SUBARU,OUTBACK
MCP25450010,220040083,Montgomery County Police,Injury Crash,09/15/2022 05:45:00 AM,Maryland (State),GEORGIA AVE,ARCOLA AVE,SAME DIR REAR END,,DRY,DARK LIGHTS ON,TRAFFIC SIGNAL,NONE DETECTED,No,POSSIBLE INJURY,NOT DISTRACTED,ND,PASSENGER CAR,25,2012,HONDA,ODYSSEY
MCP3358000C,230017018,Montgomery County Police,Property Damage Crash,04-10-23 8:00,Maryland (State),OLD GEORGETOWN RD,ENT TO MID-PIKE PLAZA,SAME DIRECTION SIDESWIPE,CLEAR,DRY,DAYLIGHT,NO CONTROLS,NONE DETECTED,Unknown,NO APPARENT INJURY,NOT DISTRACTED,VA,PASSENGER CAR,35,2015,HONDA,CR-V
MCP2399001S,180021939,Montgomery County Police,Injury Crash,05-04-18 16:05,County,CLUB HOUSE RD,MONTGOMERY VILLAGE AVE,STRAIGHT MOVEMENT ANGLE,CLEAR,DRY,DAYLIGHT,TRAFFIC SIGNAL,NONE DETECTED,No,POSSIBLE INJURY,NOT DISTRACTED,MD,PASSENGER CAR,0,2013,TOYT,PRIUS
MCP2991007X,230013321,Montgomery County Police,Injury Crash,03/19/2023 02:00:00 PM,Maryland (State),GEORGIA AVE,SHERATON ST,STRAIGHT MOVEMENT ANGLE,,DRY,DAYLIGHT,NO CONTROLS,NONE DETECTED,Yes,NO APPARENT INJURY,LOOKED BUT DID NOT SEE,MD,PASSENGER CAR,35,2002,TOYOTA,TACOMA
MCP2832008M,230056441,Montgomery County Police,Property Damage Crash,09/23/2023 08:58:00 AM,Maryland (State),BRADLEY LA,WEST AVE,SAME DIR REAR END,RAINING,WET,DAYLIGHT,NO CONTROLS,NONE DETECTED,Yes,NO APPARENT INJURY,UNKNOWN,XX,PASSENGER CAR,25,2004,TOYOTA,COROLLA
MCP3067002C,220027001,Montgomery County Police,Property Damage Crash,06/18/2022 06:30:00 PM,Maryland (State),GEORGIA AVE,CONNECTICUT AVE,SINGLE VEHICLE,CLEAR,DRY,DAYLIGHT,,NONE DETECTED,Yes,NO APPARENT INJURY,NOT DISTRACTED,MD,POLICE VEHICLE/NON EMERGENCY,40,2014,DODGE,CHARGER
MCP1221001V,16002066,Montgomery County Police,Property Damage Crash,01-12-16 7:54,County,SHADY GROVE RD,GAITHER RD,SAME DIR REAR END,CLEAR,DRY,DAYLIGHT,NO CONTROLS,NONE DETECTED,No,NO APPARENT INJURY,NOT DISTRACTED,MD,PASSENGER CAR,45,2011,HONDA,ACCORD
MCP137800PF,190000281,Montgomery County Police,Injury Crash,01-02-19 17:01,Maryland (State),MUNCASTER MILL RD,ENT TO REDLAND MIDDLE SCHOOL,OPPOSITE DIRECTION SIDESWIPE,CLOUDY,DRY,DARK NO LIGHTS,NO CONTROLS,NONE DETECTED,No,POSSIBLE INJURY,NOT DISTRACTED,MD,(SPORT) UTILITY VEHICLE,35,2017,FORD,EDGE
MCP3328004J,250012064,MONTGOMERY,Property Damage Crash,03/19/2025 02:41:00 PM,County Route,RANDOLPH RD,,"Sideswipe, Same Direction",Clear,Dry,Daylight,No Controls,"Unknown, Unknown",Yes,,,,,35,0,,
MCP2446004Y,200009410,Montgomery County Police,Injury Crash,02/25/2020 06:16:00 PM,Maryland (State),WOODFIELD RD,ROLLING FORK DR,OTHER,FOGGY,WET,DARK LIGHTS ON,NO CONTROLS,NONE DETECTED,No,NO APPARENT INJURY,NOT DISTRACTED,MD,(SPORT) UTILITY VEHICLE,40,2019,CHEVROLET,TRAVERSE
MCP25220009,15050252,MONTGOMERY,Property Damage Crash,10-04-15 11:53,Interstate (State),CAPITAL BELTWAY,VIRGINIA ST/L,OTHER,,DRY,DAYLIGHT,NO CONTROLS,NONE DETECTED,No,NO APPARENT INJURY,NOT DISTRACTED,US,PASSENGER CAR,55,2007,TOYOTA,SOLARA
MCP2438003L,230072950,Montgomery County Police,Injury Crash,12/21/2023 01:34:00 PM,Maryland (State),CLOPPER RD,ALLSPICE RD,SAME DIR REAR END,CLOUDY,DRY,DAYLIGHT,NO CONTROLS,NONE DETECTED,No,POSSIBLE INJURY,NOT DISTRACTED,MD,PASSENGER CAR,35,2016,HONDA,CIVIC
MCP29680010,15066628,MONTGOMERY,Injury Crash,12/28/2015 08:47:00 PM,Other Public Roadway,MONTROSE PKWY,E JEFFERSON ST,SAME DIR REAR END,RAINING,WET,DARK LIGHTS ON,TRAFFIC SIGNAL,,No,SUSPECTED MINOR INJURY,NOT DISTRACTED,MD,PASSENGER CAR,40,1990,HONDA,4S
MCP3270000W,200045873,Montgomery County Police,Property Damage Crash,11/20/2020 03:24:00 PM,County,FAIRLAND RD,OLD COLUMBIA PIKE,SAME DIRECTION LEFT TURN,CLEAR,DRY,DAYLIGHT,NO CONTROLS,NONE DETECTED,Yes,NO APPARENT INJURY,LOOKED BUT DID NOT SEE,MD,PASSENGER CAR,35,2006,HONDA,CIVIC
MCP23530016,15039029,MONTGOMERY,Injury Crash,08-06-15 9:26,Maryland (State),ROCKVILLE PIKE,BANGOR DR,SAME DIR REAR END,CLEAR,DRY,DAYLIGHT,NO CONTROLS,NONE DETECTED,Yes,POSSIBLE INJURY,DISTRACTED BY OUTSIDE PERSON OBJECT OR EVENT,PA,PASSENGER CAR,35,2004,CHEVY,CAVALIER
MCP3010000C,16004137,Montgomery County Police,Property Damage Crash,01/25/2016 01:09:00 PM,County,TOPEKA ST,VILLA DR,SAME DIRECTION SIDESWIPE,BLOWING SNOW,SNOW,,NO CONTROLS,NONE DETECTED,Yes,NO APPARENT INJURY,NOT DISTRACTED,MD,"MEDIUM/HEAVY TRUCKS 3 AXLES (OVER 10,000LBS (4,536KG))",25,2008,STLG,DS
MCP3397001D,250038508,MONTGOMERY,Injury Crash,08/28/2025 02:59:00 PM,US (State),COLUMBIA PIKE,INDUSTRIAL PKWY,Front to Rear,Clear,Dry,Daylight,Traffic Control Signal,"Not Suspect of Alcohol Use, Not Suspect of Drug Use",No,Possible Injury,Not Distracted,MD,Passenger Car,45,2024,HYUNDAI,KONA
MCP3086001Y,180062720,Montgomery County Police,Property Damage Crash,12/15/2018 08:10:00 PM,County,REDLAND RD,MUNCASTER MILL RD,SAME DIRECTION SIDESWIPE,RAINING,WET,DARK LIGHTS ON,NO CONTROLS,NONE DETECTED,Yes,NO APPARENT INJURY,LOOKED BUT DID NOT SEE,MD,PASSENGER CAR,35,2017,BUICK,ENCORE
DD56480011,220041340,Rockville Police Departme,Injury Crash,09/22/2022 04:17:00 PM,Maryland (State),ROCKVILLE PIKE,TEMPLETON PL,STRAIGHT MOVEMENT ANGLE,CLEAR,DRY,DAYLIGHT,TRAFFIC SIGNAL,NONE DETECTED,Yes,NO APPARENT INJURY,INATTENTIVE OR LOST IN THOUGHT,MD,PASSENGER CAR,40,2006,MERCEDES,E350
MCP14380057,170539988,Montgomery County Police,Property Damage Crash,10/31/2017 02:10:00 PM,,,,OTHER,CLEAR,,DAYLIGHT,,NONE DETECTED,No,NO APPARENT INJURY,NOT DISTRACTED,MD,POLICE VEHICLE/NON EMERGENCY,15,2007,HOND,4S
MCP3016000X,16041368,Montgomery County Police,Property Damage Crash,08/15/2016 01:51:00 PM,Maryland (State),FREDERICK RD,MIDDLEBROOK RD,SAME DIR BOTH LEFT TURN,CLEAR,DRY,DAYLIGHT,TRAFFIC SIGNAL,,Yes,NO APPARENT INJURY,NOT DISTRACTED,MD,PASSENGER CAR,30,2015,HONDA,CIVIC
MCP2182002H,210012003,Montgomery County Police,Property Damage Crash,03/31/2021 12:40:00 PM,Maryland (State),VEIRS MILL RD,MEADOW HALL DR,STRAIGHT MOVEMENT ANGLE,RAINING,WET,DAYLIGHT,NO CONTROLS,,No,NO APPARENT INJURY,NOT DISTRACTED,MD,PASSENGER CAR,35,2010,GMC,ARCADIA
MCP1573000Y,16051668,Montgomery County Police,Property Damage Crash,10-07-16 20:31,Maryland (State),CONNECTICUT AVE,ENT TO ASPEN HILLS SHOPPING CTR,SAME DIR REAR END,CLEAR,DRY,DARK LIGHTS ON,,NONE DETECTED,No,NO APPARENT INJURY,NOT DISTRACTED,MD,PASSENGER CAR,35,2004,BMW,330I
MCP22860059,230033692,Montgomery County Police,Injury Crash,07/15/2023 10:30:00 AM,County,SHADY GROVE RD,CRABBS BRANCH WAY,SAME DIRECTION SIDESWIPE,CLEAR,DRY,DAYLIGHT,,NONE DETECTED,No,NO APPARENT INJURY,NOT DISTRACTED,MD,(SPORT) UTILITY VEHICLE,40,2016,JEEP,LAREDO
MCP2631001T,170542603,Montgomery County Police,Injury Crash,11/13/2017 06:47:00 PM,Maryland (State),RIVER RD,ENT TO US POST OFFICE,HEAD ON LEFT TURN,CLEAR,DRY,DARK LIGHTS ON,NO CONTROLS,NONE DETECTED,No,NO APPARENT INJURY,NOT DISTRACTED,MD,PASSENGER CAR,35,2007,SUBA,FORESTER
HA24490010,20002436,Maryland-National Capital,Property Damage Crash,10-09-20 12:39,County,ROCKING HORSE RD,ASHLEY DR,SINGLE VEHICLE,CLEAR,UNKNOWN,DAYLIGHT,UNKNOWN,,Yes,NO APPARENT INJURY,NO DRIVER PRESENT,MD,PASSENGER CAR,30,2014,CHEV,VOLT
EJ7855002L,170542394,Gaithersburg Police Depar,Property Damage Crash,11-12-17 15:16,,,,OPPOSITE DIRECTION SIDESWIPE,CLEAR,,DAYLIGHT,NO CONTROLS,UNKNOWN,Unknown,NO APPARENT INJURY,UNKNOWN,,UNKNOWN,15,0,UNKNOWN,UNKNOWN
MCP3233005H,250007248,MONTGOMERY,Injury Crash,02/18/2025 06:28:00 PM,County Route,NORTHWEST DR,,Single Vehicle,Clear,Dry,Daylight,No Controls,"Not Suspect of Alcohol Use, Not Suspect of Drug Use",Yes,No Apparent Injury,Not Distracted,MD,Passenger Car,35,2022,TOYOTA,RAV4
MCP2791001D,15034093,MONTGOMERY,Property Damage Crash,07-10-15 20:43,County,FENTON ST,SLIGO AVE,SINGLE VEHICLE,,DRY,DARK LIGHTS ON,TRAFFIC SIGNAL,NONE DETECTED,Yes,NO APPARENT INJURY,LOOKED BUT DID NOT SEE,MD,OTHER BUS,35,2009,RIDE ON,BUS
MCP2695000Y,16049631,Montgomery County Police,Property Damage Crash,09/27/2016 06:36:00 AM,US (State),COLUMBIA PIKE,MUSGROVE RD,OTHER,CLOUDY,WET,DAWN,TRAFFIC SIGNAL,,No,NO APPARENT INJURY,NOT DISTRACTED,MD,SCHOOL BUS,50,2011,THOMAS,BUS
MCP2939005F,210013427,Montgomery County Police,Property Damage Crash,04-10-21 17:29,County,WATKINS MILL RD,WAYFARER RD,SAME DIR REAR END,CLEAR,DRY,DAYLIGHT,YIELD SIGN,,No,NO APPARENT INJURY,NOT DISTRACTED,VA,PICKUP TRUCK,30,2018,CHEV,SILVERADO
MCP29710028,16064191,Montgomery County Police,Injury Crash,12/14/2016 03:43:00 PM,County,CASTLE BLVD,TEAGARDEN CIR,STRAIGHT MOVEMENT ANGLE,,DRY,DAYLIGHT,NO CONTROLS,UNKNOWN,Yes,NO APPARENT INJURY,UNKNOWN,,,30,0,UNKNOWN,UNKNOWN
MCP285900JJ,250033287,MONTGOMERY,Property Damage Crash,07/26/2025 06:00:00 AM,County Route,,EMORY GROVE RD,Angle,Clear,Dry,Dark - Lighted,Traffic Control Signal,"Not Suspect of Alcohol Use, Not Suspect of Drug Use",No,No Apparent Injury,Not Distracted,MD,Sport Utility Vehicle,30,2014,FORD,EXPLORER
MCP25980019,170512955,Montgomery County Police,Property Damage Crash,06-10-17 19:26,Maryland (State),GEORGIA AVE,FOREST GLEN RD,SAME DIRECTION SIDESWIPE,CLEAR,DRY,DAYLIGHT,NO CONTROLS,NONE DETECTED,No,NO APPARENT INJURY,NOT DISTRACTED,MD,PASSENGER CAR,35,2015,TOYOTA,SIENNA
MCP0036006Y,170534678,Montgomery County Police,Injury Crash,10-04-17 9:39,Maryland (State),GREAT SENECA HWY,WISTERIA DR,SAME DIR REAR END,CLEAR,DRY,DAYLIGHT,TRAFFIC SIGNAL,NONE DETECTED,Yes,NO APPARENT INJURY,NOT DISTRACTED,MD,PASSENGER CAR,40,2009,HYUN,4S
MCP2845008T,240035704,MONTGOMERY,Property Damage Crash,06/28/2024 03:33:00 PM,,,,"Sideswipe, Same Direction",Clear,,Other,,"Unknown, Unknown",No,,,,Passenger Car,0,2011,MERCEDES-BENZ,C-CLASS
MCP2286004H,220032267,Montgomery County Police,Property Damage Crash,07/27/2022 08:50:00 AM,County,TWINBROOK PKWY,VEIRS MILL RD,SAME DIR REAR END,CLEAR,DRY,DAYLIGHT,,NONE DETECTED,No,NO APPARENT INJURY,NOT DISTRACTED,MD,PASSENGER CAR,35,2015,LEXS,SD
MCP2485000V,170550295,Montgomery County Police,Property Damage Crash,12/22/2017 06:48:00 PM,Maryland (State),VEIRS MILL RD,COLLEGE VIEW DR,SAME DIR REAR END,CLEAR,,DARK LIGHTS ON,NO CONTROLS,,No,NO APPARENT INJURY,NOT DISTRACTED,MD,(SPORT) UTILITY VEHICLE,35,2006,HONDA,TK
MCP2203006Z,230027829,Montgomery County Police,Property Damage Crash,06-08-23 17:50,Maryland (State),GEORGIA AVE,BEL PRE RD,SAME DIR REAR END,CLEAR,DRY,DAYLIGHT,TRAFFIC SIGNAL,UNKNOWN,No,NO APPARENT INJURY,NOT DISTRACTED,MD,PASSENGER CAR,35,2016,TOYOTA,PRIUS
MCP33290055,250053622,MONTGOMERY,Property Damage Crash,11/30/2025 06:11:00 PM,Maryland (State) Route,,ASHTON RD,Angle,Clear,,Dark - Unknown Lighting,No Controls,"Not Suspect of Alcohol Use, Not Suspect of Drug Use",No,No Apparent Injury,Not Distracted,MD,Passenger Car,45,2018,TOYOTA,COROLLA
MCP3352000M,230025948,Montgomery County Police,Injury Crash,05/30/2023 05:45:00 PM,Municipality,ORCHARD RIDGE DR,TWIN LAKES DR,STRAIGHT MOVEMENT ANGLE,CLEAR,DRY,DAYLIGHT,STOP SIGN,NONE DETECTED,No,NO APPARENT INJURY,NOT DISTRACTED,MD,PASSENGER CAR,25,2011,FORD,UT
MCP2260001G,16048169,Montgomery County Police,Injury Crash,09/19/2016 06:22:00 PM,County,TWINBROOK PKWY,FISHERS LA,SAME DIR REAR END,,,DAYLIGHT,TRAFFIC SIGNAL,ALCOHOL CONTRIBUTED,Yes,NO APPARENT INJURY,UNKNOWN,MD,PASSENGER CAR,35,1997,DODGE,SLT
MCP30420034,210025929,Montgomery County Police,Property Damage Crash,07-06-21 12:50,,,,SAME DIRECTION SIDESWIPE,CLEAR,,DAYLIGHT,NO CONTROLS,NONE DETECTED,No,NO APPARENT INJURY,NOT DISTRACTED,MD,SCHOOL BUS,10,2019,THOMAS,CONV-MSDE-C-8
MCP3277002V,230027858,Montgomery County Police,Property Damage Crash,06-09-23 21:42,County,GOSHEN RD,FRAMINGHAM DR,SINGLE VEHICLE,CLEAR,DRY,DARK NO LIGHTS,NO CONTROLS,ALCOHOL PRESENT,Yes,NO APPARENT INJURY,EATING OR DRINKING,XX,PASSENGER CAR,35,2008,HONDA,CRV
MCP32470014,210019635,Montgomery County Police,Injury Crash,05/24/2021 04:58:00 PM,Maryland (State),GEORGIA AVE,WHITE OAK DR,SAME DIRECTION LEFT TURN,RAINING,WET,DAYLIGHT,OTHER,NONE DETECTED,Yes,NO APPARENT INJURY,UNKNOWN,MD,PICKUP TRUCK,35,2016,CHEV,TK
MCP2982001J,16060580,Montgomery County Police,Injury Crash,11/25/2016 02:33:00 PM,County,SLIGO AVE,RITCHIE AVE,SAME DIRECTION SIDESWIPE,CLOUDY,DRY,DAYLIGHT,NO CONTROLS,NONE DETECTED,No,NO APPARENT INJURY,NOT DISTRACTED,MD,PASSENGER CAR,30,1998,MERZ,2S
DD55940039,250046049,ROCKVILLE,Property Damage Crash,10/13/2025 06:18:00 PM,Maryland (State) Route,NORBECK RD (WB/L),,Front to Rear,Rain,Wet,Dark - Lighted,Traffic Control Signal,"Not Suspect of Alcohol Use, Not Suspect of Drug Use",Yes,No Apparent Injury,Not Distracted,MD,Sport Utility Vehicle,35,2023,HONDA,CR-V
MCP3055004C,240039634,MONTGOMERY,Injury Crash,08/21/2024 09:19:00 PM,Maryland (State) Route,GEORGIA AVE (SB/L),HINES RD,Single Vehicle,Clear,Dry,Dark - Lighted,Traffic Control Signal,"Not Suspect of Alcohol Use, Not Suspect of Drug Use",No,Possible Injury,Not Distracted,MD,Motorcycle - 2 Wheeled,35,2023,HARLEY DAVIDSON,SPORTSTER
MCP30050016,16049859,Montgomery County Police,Injury Crash,09/28/2016 08:15:00 AM,Maryland (State),GEORGIA AVE,REEDIE DR,SINGLE VEHICLE,CLOUDY,DRY,DAYLIGHT,TRAFFIC SIGNAL,NONE DETECTED,Yes,POSSIBLE INJURY,NOT DISTRACTED,MD,PASSENGER CAR,45,2012,TOTOYA,COROLLA
MCP203900C8,250005093,MONTGOMERY,Property Damage Crash,02-04-25 12:18,,,,"Sideswipe, Same Direction",Cloudy,,Daylight,,"Unknown, Unknown",No,,,,Passenger Car,0,2014,TOYOTA,YARIS
MCP33840019,250013246,MONTGOMERY,Injury Crash,03/26/2025 03:05:00 PM,Maryland (State) Route,EAST WEST HWY (WB/L),,Front to Rear,Clear,Dry,Daylight,No Controls,"Not Suspect of Alcohol Use, Not Suspect of Drug Use",Yes,No Apparent Injury,Unknown,MD,Passenger Car,35,2016,TOYOTA,SIENNA
MCP3358001Q,240036062,MONTGOMERY,Property Damage Crash,07/31/2024 12:13:00 PM,Maryland (State) Route,WISCONSIN AVE,WILLOW LA,"Sideswipe, Same Direction",Clear,Dry,Daylight,Traffic Control Signal,"Unknown, Unknown",No,,,,Motorcycle - 2 Wheeled,35,0,,
DD5567003K,240017550,ROCKVILLE,Injury Crash,04/15/2024 03:10:00 PM,Crossover,,ROCKVILLE PIKE,"Sideswipe, Same Direction",Clear,Dry,Daylight,No Controls,"Not Suspect of Alcohol Use, Not Suspect of Drug Use",No,No Apparent Injury,Not Distracted,MD,Passenger Car,40,2008,MERCEDES-BENZ,ML-CLASS
EJ7852007N,230021747,Gaithersburg Police Depar,Property Damage Crash,05-06-23 19:28,County,MUDDY BRANCH RD,HARMONY HALL RD,SINGLE VEHICLE,,DRY,DAYLIGHT,TRAFFIC SIGNAL,NONE DETECTED,Yes,NO APPARENT INJURY,UNKNOWN,MD,PASSENGER CAR,45,1998,TOYOTA,COROLLA
MCP24360059,180024032,Montgomery County Police,Injury Crash,05/16/2018 12:21:00 PM,Maryland (State),UNIVERSITY BLVD E,PINEY BRANCH RD,SAME DIRECTION SIDESWIPE,RAINING,WET,DAYLIGHT,NO CONTROLS,NONE DETECTED,Yes,NO APPARENT INJURY,UNKNOWN,MD,PASSENGER CAR,35,2000,HONDA,ACCORD
MCP1220002N,15048171,MONTGOMERY,Property Damage Crash,09/23/2015 07:48:00 AM,Maryland (State),GEORGIA AVE,RAMP 4 FR MD 97 NB TO IS 495 EB,SAME DIR REAR END,CLEAR,DRY,DAYLIGHT,NO CONTROLS,NONE DETECTED,No,NO APPARENT INJURY,NOT DISTRACTED,VA,PASSENGER CAR,35,2011,FORD,BOX TRUCK
MCP3111008D,240039866,MONTGOMERY,Property Damage Crash,08/23/2024 10:27:00 AM,County Route,,TWIN FORKS LA,"Sideswipe, Same Direction",Clear,Dry,Daylight,No Controls,"Not Suspect of Alcohol Use, Not Suspect of Drug Use",No,No Apparent Injury,Not Distracted,MD,Passenger Car,25,2019,TOYOTA,HIGHLANDER
MCP28490019,15018734,Montgomery County Police,Injury Crash,04/21/2015 04:05:00 PM,Maryland (State),NEW HAMPSHIRE AVE,RANDOLPH RD,SAME DIR REAR END,CLEAR,DRY,DAYLIGHT,TRAFFIC SIGNAL,NONE DETECTED,No,NO APPARENT INJURY,NOT DISTRACTED,MD,PASSENGER CAR,40,2011,HYUNDAI,SANTA FE
MCP24120009,15055679,MONTGOMERY,Injury Crash,11-02-15 4:26,Maryland (State),UNIVERSITY BLVD E,PINEY BRANCH RD,SAME DIR REAR END,CLEAR,DRY,DARK LIGHTS ON,TRAFFIC SIGNAL,NONE DETECTED,No,POSSIBLE INJURY,NOT DISTRACTED,MD,(SPORT) UTILITY VEHICLE,40,1999,HONDA,CRV
MCP2837003W,210028009,Montgomery County Police,Injury Crash,07/20/2021 08:25:00 AM,Maryland (State),RIVER RD,VIOLETTES LOCK RD,SINGLE VEHICLE,CLEAR,,DAYLIGHT,NO CONTROLS,NONE DETECTED,Yes,POSSIBLE INJURY,UNKNOWN,MD,PASSENGER CAR,50,2007,HOND,2S
MCP2760005F,240020958,MONTGOMERY,Property Damage Crash,05-04-24 15:02,Municipality Route,ODENDHAL AVE,,Front to Rear,Rain,Wet,Daylight,No Controls,"Not Suspect of Alcohol Use, Not Suspect of Drug Use",No,No Apparent Injury,Not Distracted,MD,Bus - Transit,30,2017,GILLIG,CITY TRANSIT BUS
MCP2914004C,170504348,Montgomery County Police,Property Damage Crash,04/26/2017 03:42:00 PM,Maryland (State),UNIVERSITY BLVD E,COLESVILLE RD,SAME DIR REAR END,CLOUDY,,DAYLIGHT,TRAFFIC SIGNAL,,No,NO APPARENT INJURY,NOT DISTRACTED,DC,OTHER,40,2017,MERCEDEZ,SUV
MCP2932009G,250047419,MONTGOMERY,Property Damage Crash,10/22/2025 04:45:00 AM,Maryland (State) Route,NEW HAMPSHIRE AVE,,"Sideswipe, Same Direction",Clear,Wet,Dark - Lighted,No Controls,"Unknown, Unknown",No,No Apparent Injury,Unknown,,Passenger Car,35,0,,
MCP2796001J,15011545,Montgomery County Police,Property Damage Crash,03-09-15 23:00,,,,OTHER,RAINING,,DARK LIGHTS ON,,UNKNOWN,Unknown,NO APPARENT INJURY,UNKNOWN,MD,PASSENGER CAR,0,99,UNKNOWN,UNKNOWN
EJ78790032,230026548,Gaithersburg Police Depar,Property Damage Crash,06-02-23 17:31,,,,SAME DIRECTION SIDESWIPE,CLEAR,,DAYLIGHT,NO CONTROLS,NONE DETECTED,Unknown,NO APPARENT INJURY,NOT DISTRACTED,MD,PASSENGER CAR,15,2008,TOYOTA,4S
MCP3044008G,250029821,MONTGOMERY,Injury Crash,07-04-25 18:45,County Route,CANNON RD,NEW HAMPSHIRE AVE,Front to Rear,Clear,Dry,Daylight,No Controls,"Not Suspect of Alcohol Use, Not Suspect of Drug Use",No,Suspected Minor Injury,Not Distracted,MD,Passenger Car,40,2013,TOYOTA,SCION TC
MCP2351005K,240012053,MONTGOMERY,Property Damage Crash,03/13/2024 09:03:00 AM,County Route,MONTROSE RD,,Front to Rear,Clear,Dry,Daylight,Traffic Control Signal,"Not Suspect of Alcohol Use, Not Suspect of Drug Use",No,No Apparent Injury,Not Distracted,MD,Passenger Car,45,2017,FORD,TAURUS
DD56620005,230017811,Rockville Police Departme,Property Damage Crash,04-12-23 12:00,,,,SAME DIR REAR END,CLEAR,,DAYLIGHT,NO CONTROLS,,Yes,NO APPARENT INJURY,NOT DISTRACTED,,PASSENGER CAR,5,2021,JEEP,GRAND CHEROKEE
MCP3290001T,220053644,Montgomery County Police,Property Damage Crash,12-05-22 9:53,County,FENTON ST,THAYER AVE,SAME DIRECTION SIDESWIPE,CLEAR,DRY,DAYLIGHT,NO CONTROLS,NONE DETECTED,No,NO APPARENT INJURY,UNKNOWN,MD,"MEDIUM/HEAVY TRUCKS 3 AXLES (OVER 10,000LBS (4,536KG))",35,2001,INTL,DUMP TRUCK