Report Number,Local Case Number,Agency Name,ACRS Report Type,Crash Date/Time,Route Type,Road Name,Cross-Street Name,Collision Type,Weather,Surface Condition,Light,Traffic Control,Driver Substance Abuse,Driver At Fault,Injury Severity,Driver Distracted By,Drivers License State,Vehicle Body Type,Speed Limit,Vehicle Year,Vehicle Make,Vehicle Model
MCP2664003R,170538506,Montgomery County Police,Property Damage Crash,10/24/2017 12:30:00 PM,Maryland (State),CONNECTICUT AVE,VEIRS MILL RD,STRAIGHT MOVEMENT ANGLE,CLEAR,DRY,DAYLIGHT,TRAFFIC SIGNAL,NONE DETECTED,No,NO APPARENT INJURY,UNKNOWN,MD,(SPORT) UTILITY VEHICLE,35,2013,MAZDA,CX9
MCP1554000P,15017789,Montgomery County Police,Injury Crash,04/16/2015 03:52:00 PM,Municipality,ROLLINS AVE,ROCKVILLE PIKE,HEAD ON LEFT TURN,CLEAR,DRY,DAYLIGHT,NO CONTROLS,NONE DETECTED,Yes,NO APPARENT INJURY,DISTRACTED BY OUTSIDE PERSON OBJECT OR EVENT,MD,PASSENGER CAR,30,2011,BMW,4S
MCP2181004X,220005977,Montgomery County Police,Property Damage Crash,02-06-23 8:32,Maryland (State),CLARKSBURG RD,RAMP 3 FR MD 121 EB TO IS 270 NB,HEAD ON LEFT TURN,CLEAR,DRY,DAYLIGHT,TRAFFIC SIGNAL,,Yes,NO APPARENT INJURY,LOOKED BUT DID NOT SEE,PA,PASSENGER CAR,35,2017,TOYT,CAMRY
MCP2513004D,240042978,MONTGOMERY,Property Damage Crash,09-10-24 11:56,,,,Single Vehicle,Clear,,Daylight,,"Not Suspect of Alcohol Use, Not Suspect of Drug Use",Yes,No Apparent Injury,Not Distracted,VA,Other Trucks,0,2024,MACK,TERRAPRO
MCP2964004N,200026555,Montgomery County Police,Injury Crash,07-08-20 18:48,County,GATEWAY CENTER DR,STRINGTOWN RD,STRAIGHT MOVEMENT ANGLE,,DRY,DAYLIGHT,TRAFFIC SIGNAL,,No,SUSPECTED MINOR INJURY,NOT DISTRACTED,MD,"OTHER LIGHT TRUCKS (10,000LBS (4,536KG) OR LESS)",40,1987,FORD,TRUCK
MCP2788000Y,16049232,Montgomery County Police,Property Damage Crash,09/24/2016 09:29:00 PM,County,NAIRN RD,BLUERIDGE AVE,OPPOSITE DIRECTION SIDESWIPE,CLEAR,DRY,DARK LIGHTS ON,,UNKNOWN,Yes,NO APPARENT INJURY,UNKNOWN,MD,PASSENGER CAR,25,1996,HONDA,CIVIC
MCP3257000J,200032504,Montgomery County Police,Property Damage Crash,08/20/2020 10:10:00 AM,Maryland (State),RIVER RD,RIDGEFIELD RD,SAME DIR REAR END,CLEAR,DRY,DAYLIGHT,TRAFFIC SIGNAL,NONE DETECTED,Yes,NO APPARENT INJURY,UNKNOWN,MD,VAN,35,2017,RAM,2500
MCP913000DM,220054929,Montgomery County Police,Injury Crash,12-12-22 13:10,Maryland (State),UNIVERSITY BLVD E,E FRANKLIN AVE,SAME DIR REAR END,CLEAR,DRY,DAYLIGHT,TRAFFIC SIGNAL,NONE DETECTED,No,POSSIBLE INJURY,NOT DISTRACTED,MD,(SPORT) UTILITY VEHICLE,35,2021,TOYOTA,RAV4
DM8463000L,180009268,Takoma Park Police Depart,Injury Crash,02/22/2018 03:18:00 PM,,,,SINGLE VEHICLE,RAINING,,DAYLIGHT,,UNKNOWN,Yes,NO APPARENT INJURY,NOT DISTRACTED,,PASSENGER CAR,15,0,NISSAN,XXXX
MCP137801F2,250047504,MONTGOMERY,Property Damage Crash,10/22/2025 03:06:00 PM,Maryland (State) Route,NORBECK RD (WB/L),BAUER DR,Angle,Cloudy,Dry,Daylight,Traffic Control Signal,"Not Suspect of Alcohol Use, Not Suspect of Drug Use",No,No Apparent Injury,Not Distracted,PA,Truck Tractor,35,2022,VOLVO TRUCK,VNL
MCP2396001X,17000522,Montgomery County Police,Property Damage Crash,01-04-17 7:55,County,ADRIAN ST,MCCALL ST,OTHER,CLOUDY,WET,DAYLIGHT,NO CONTROLS,NONE DETECTED,Yes,NO APPARENT INJURY,NOT DISTRACTED,MD,SCHOOL BUS,25,2007,THOMAS,BUS
MCP9321002K,190009932,Montgomery County Police,Property Damage Crash,03-03-19 6:11,County,KEMP MILL RD,KEMP MILL FOREST DR,SINGLE VEHICLE,CLEAR,DRY,DARK LIGHTS ON,NO CONTROLS,NONE DETECTED,Yes,NO APPARENT INJURY,NOT DISTRACTED,MD,PASSENGER CAR,35,2011,BMW,325I
MCP2961002M,180006202,Montgomery County Police,Property Damage Crash,02-05-18 17:55,Maryland (State),VEIRS MILL RD,FERRARA AVE,SAME DIR REAR END,CLEAR,DRY,DARK LIGHTS ON,NO CONTROLS,NONE DETECTED,Yes,NO APPARENT INJURY,INATTENTIVE OR LOST IN THOUGHT,MD,PASSENGER CAR,35,2008,HYUNDAI,SANTA FE
MCP28590080,190057275,Montgomery County Police,Property Damage Crash,11/27/2019 12:00:00 PM,,,,OTHER,CLOUDY,,DAYLIGHT,NO CONTROLS,NONE DETECTED,Yes,NO APPARENT INJURY,UNKNOWN,MD,POLICE VEHICLE/NON EMERGENCY,10,2016,CHEV,TAHOE
MCP229800X2,210019782,Montgomery County Police,Property Damage Crash,05/25/2021 04:39:00 PM,County,WARING STATION RD,FOREST BROOK RD,ANGLE MEETS LEFT HEAD ON,CLEAR,DRY,DAYLIGHT,STOP SIGN,NONE DETECTED,No,NO APPARENT INJURY,NOT DISTRACTED,MD,PASSENGER CAR,30,1993,MAZD,PC
EJ7878004J,220033811,Gaithersburg Police Depar,Property Damage Crash,08-06-22 16:16,,,,OTHER,CLEAR,,DAYLIGHT,NO CONTROLS,ALCOHOL PRESENT,Yes,NO APPARENT INJURY,UNKNOWN,MD,PASSENGER CAR,10,2018,HYUND,ACCENT
MCP31900078,250055691,MONTGOMERY,Property Damage Crash,12-12-25 18:31,Spur,,,Front to Rear,Clear,Dry,Dark - Not Lighted,Yield Sign,"Not Suspect of Alcohol Use, Not Suspect of Drug Use",No,No Apparent Injury,Not Distracted,MD,Sport Utility Vehicle,40,2022,MERCEDES-BENZ,GLC-CLASS
MCP2983000C,15043062,MONTGOMERY,Property Damage Crash,08/27/2015 05:01:00 PM,,,,OTHER,CLEAR,,DAYLIGHT,,NONE DETECTED,No,NO APPARENT INJURY,NO DRIVER PRESENT,MD,PASSENGER CAR,0,2007,CHEV,TRAILBLAZER
MCP2662001M,180039878,Montgomery County Police,Injury Crash,08-11-18 1:49,Maryland (State),MUNCASTER MILL RD,BOWIE MILL RD,OPPOSITE DIRECTION SIDESWIPE,CLEAR,DRY,DARK NO LIGHTS,NO CONTROLS,NONE DETECTED,No,POSSIBLE INJURY,NOT DISTRACTED,MD,PASSENGER CAR,35,2011,HOND,4S
MCP31920023,210031004,Montgomery County Police,Property Damage Crash,08-09-21 19:34,Maryland (State),CONNECTICUT AVE,BRIGHTVIEW ST,STRAIGHT MOVEMENT ANGLE,RAINING,WET,DUSK,NO CONTROLS,NONE DETECTED,No,NO APPARENT INJURY,NOT DISTRACTED,MD,PASSENGER CAR,40,2007,TOYT,TK
MCP20480032,200035667,Montgomery County Police,Property Damage Crash,09-11-20 16:15,Maryland (State),PINEY BRANCH RD,ENT TO BUSINESS,STRAIGHT MOVEMENT ANGLE,CLOUDY,DRY,DAYLIGHT,NO CONTROLS,NONE DETECTED,Yes,NO APPARENT INJURY,LOOKED BUT DID NOT SEE,MD,PASSENGER CAR,35,2005,FORD,E350
MCP3268001M,220008493,Montgomery County Police,Property Damage Crash,02/27/2022 07:15:00 AM,,,,STRAIGHT MOVEMENT ANGLE,CLEAR,,DAYLIGHT,NO CONTROLS,UNKNOWN,Yes,NO APPARENT INJURY,NOT DISTRACTED,,,5,0,UNKNOWN,UNKNOWN
MCP29140075,180036676,Montgomery County Police,Injury Crash,07/24/2018 04:15:00 PM,US (State),COLUMBIA PIKE,OAK LEAF DR,SAME DIR REAR END,CLOUDY,WET,DAYLIGHT,NO CONTROLS,,Yes,NO APPARENT INJURY,NOT DISTRACTED,MD,PASSENGER CAR,40,2014,FORD,FOCUS
MCP3264003C,220056033,Montgomery County Police,Property Damage Crash,12/18/2022 08:40:00 AM,US (State),GEORGIA AVE,SLIGO AVE,SAME DIRECTION SIDESWIPE,CLEAR,DRY,DAYLIGHT,NO CONTROLS,NONE DETECTED,No,NO APPARENT INJURY,NOT DISTRACTED,MD,PASSENGER CAR,30,2014,ACURA,MDX
MCP3239001Y,220006361,Montgomery County Police,Property Damage Crash,02/14/2022 02:57:00 AM,County,CHERRY HILL RD,CALVERTON BLVD,STRAIGHT MOVEMENT ANGLE,CLEAR,DRY,DARK LIGHTS ON,FLASHING TRAFFIC SIGNAL,ALCOHOL PRESENT,Yes,NO APPARENT INJURY,UNKNOWN,MD,PASSENGER CAR,40,2009,HOND,VN
MCP3271002J,220041379,Montgomery County Police,Injury Crash,09/22/2022 07:25:00 PM,County,ARLINGTON RD,BETHESDA AVE,STRAIGHT MOVEMENT ANGLE,CLEAR,DRY,DARK LIGHTS ON,TRAFFIC SIGNAL,NONE DETECTED,Yes,POSSIBLE INJURY,LOOKED BUT DID NOT SEE,MD,PASSENGER CAR,25,2022,HOND,CRV
MCP3123001L,200004241,Montgomery County Police,Property Damage Crash,01/26/2020 12:44:00 AM,Other Public Roadway,MONTROSE PKWY,E JEFFERSON ST,STRAIGHT MOVEMENT ANGLE,CLEAR,DRY,DARK LIGHTS ON,FLASHING TRAFFIC SIGNAL,NONE DETECTED,Yes,NO APPARENT INJURY,NOT DISTRACTED,MD,PASSENGER CAR,40,2013,DODGE,4D
MCP2939004H,200007729,Montgomery County Police,Property Damage Crash,02/15/2020 07:12:00 PM,Maryland (State),RIDGE RD,WARTHEN DR,SINGLE VEHICLE,CLEAR,ICE,DARK LIGHTS ON,NO CONTROLS,,No,NO APPARENT INJURY,NOT DISTRACTED,MD,PICKUP TRUCK,30,2008,FORD,RANGER
MCP9118005L,250057964,MONTGOMERY,Injury Crash,12/29/2025 01:32:00 AM,Maryland (State) Route,GEORGIA AVE,RAMP 3 FR RANDOLPH RD EB TO MD 97 NB RAMP 4 FR MD 97 NB TO RANDOLPH RD EB,Front to Rear,Clear,Dry,Dark - Lighted,Traffic Control Signal,"Unknown, Unknown",No,,,,Sport Utility Vehicle,35,0,,
MCP1202003Y,190028611,Montgomery County Police,Property Damage Crash,06/15/2019 12:23:00 PM,Maryland (State),RIVER RD,OGDEN RD,SINGLE VEHICLE,CLEAR,DRY,DAYLIGHT,NO CONTROLS,NONE DETECTED,No,NO APPARENT INJURY,NOT DISTRACTED,VA,PASSENGER CAR,35,2016,FIAT,SW
MCP15800079,170500481,Montgomery County Police,Property Damage Crash,04-05-17 9:26,Municipality,RUSSELL AVE,LAKE FOREST BLVD,HEAD ON LEFT TURN,,DRY,DAYLIGHT,TRAFFIC SIGNAL,NONE DETECTED,No,NO APPARENT INJURY,NOT DISTRACTED,MD,PASSENGER CAR,30,2009,HONDA,CIVIC
MCP209400BV,180037217,Montgomery County Police,Injury Crash,07/27/2018 11:21:00 AM,Maryland (State),RIVER RD,NEVIS RD,SAME DIR REAR END,CLEAR,DRY,DAYLIGHT,TRAFFIC SIGNAL,NONE DETECTED,No,NO APPARENT INJURY,NOT DISTRACTED,MD,STATION WAGON,40,2013,MAZD,XP
MCP1205002R,16063700,Montgomery County Police,Property Damage Crash,12-12-16 8:30,Maryland (State),EAST WEST HWY,GRUBB RD,OTHER,RAINING,WET,DAYLIGHT,,NONE DETECTED,Yes,NO APPARENT INJURY,NOT DISTRACTED,MD,"CARGO VAN/LIGHT TRUCK 2 AXLES (OVER 10,000LBS (4,536 KG))",25,2006,STERLING,DUMP TRUCK
MCP3096000Q,180023523,Montgomery County Police,Injury Crash,05/13/2018 11:51:00 AM,Maryland (State),FIRST ST,ROCKVILLE PIKE,SAME DIR REAR END,RAINING,WET,DAYLIGHT,TRAFFIC SIGNAL,NONE DETECTED,Yes,NO APPARENT INJURY,LOOKED BUT DID NOT SEE,MD,POLICE VEHICLE/NON EMERGENCY,35,2014,FORD,TAURUS
MCP2971000T,15057711,MONTGOMERY,Property Damage Crash,11-12-15 11:14,Maryland (State),GEORGIA AVE,SPRING ST,OTHER,RAINING,WET,DAYLIGHT,NO CONTROLS,NONE DETECTED,No,NO APPARENT INJURY,NOT DISTRACTED,MD,PASSENGER CAR,35,2008,CHEV,IMPALA
MCP9390003M,250044978,MONTGOMERY,Property Damage Crash,10-06-25 19:20,Maryland (State) Route,GREAT SENECA HWY,DECOVERLY DR (EB/L),Front to Front,Clear,Dry,Dark - Lighted,No Controls,"Not Suspect of Alcohol Use, Not Suspect of Drug Use",No,No Apparent Injury,Not Distracted,MD,Passenger Car,50,2020,TOYOTA,COROLLA
MCP312900CB,250012555,MONTGOMERY,Injury Crash,03/22/2025 10:03:00 AM,Maryland (State) Route,GEORGIA AVE,,Angle,Clear,Dry,Daylight,No Controls,"Not Suspect of Alcohol Use, Not Suspect of Drug Use",No,Suspected Minor Injury,Not Distracted,MD,Passenger Car,35,2024,TOYOTA,COROLLA
MCP3386000M,240016379,MONTGOMERY,Property Damage Crash,04-08-24 15:46,County Route,GLENBROOK RD,WILSON LA,Angle,Clear,Dry,Daylight,No Controls,"Not Suspect of Alcohol Use, Not Suspect of Drug Use",No,No Apparent Injury,Not Distracted,MD,Passenger Car,25,2023,GMC,TERRAIN
MCP2914004C,170504348,Montgomery County Police,Property Damage Crash,04/26/2017 03:42:00 PM,Maryland (State),UNIVERSITY BLVD E,COLESVILLE RD,SAME DIR REAR END,CLOUDY,,DAYLIGHT,TRAFFIC SIGNAL,,No,NO APPARENT INJURY,NOT DISTRACTED,MD,PASSENGER CAR,40,2012,MINI,4H
MCP1305001X,180014676,Montgomery County Police,Injury Crash,03/25/2018 12:48:00 PM,Maryland (State),MUNCASTER MILL RD,OLDE MILL RUN,SAME DIR REAR END,CLEAR,DRY,DAYLIGHT,,NONE DETECTED,Yes,POSSIBLE INJURY,LOOKED BUT DID NOT SEE,MD,PASSENGER CAR,35,2013,HONDA,CIVIC 4S
MCP3329000S,220046987,Montgomery County Police,Property Damage Crash,10/26/2022 12:41:00 PM,US (State),GEORGIA AVE,WAYNE AVE,STRAIGHT MOVEMENT ANGLE,CLEAR,,DAYLIGHT,TRAFFIC SIGNAL,UNKNOWN,Yes,NO APPARENT INJURY,UNKNOWN,,PASSENGER CAR,35,2017,TOYOTA,COROLLA
DM8423000G,15007529,Takoma Park Police Depart,Property Damage Crash,02/14/2015 11:55:00 PM,Maryland (State),NEW HAMPSHIRE AVE,GLENSIDE DR,SAME DIR REAR END,BLOWING SNOW,ICE,DARK LIGHTS ON,TRAFFIC SIGNAL,NONE DETECTED,Yes,NO APPARENT INJURY,NOT DISTRACTED,MD,(SPORT) UTILITY VEHICLE,35,2011,CHEVY,TRUCK
MCP3201000G,190049126,Montgomery County Police,Property Damage Crash,10/13/2019 12:46:00 AM,County,MIDDLEBROOK RD,RAMP 6 FR MIDDLEBROOK RD EB TO IS 270 SB,SINGLE VEHICLE,CLEAR,DRY,DARK LIGHTS ON,NO CONTROLS,ALCOHOL PRESENT,Yes,NO APPARENT INJURY,INATTENTIVE OR LOST IN THOUGHT,MD,PASSENGER CAR,40,2012,MERCEDES-BENZ,550
MCP9419001J,170537586,Montgomery County Police,Injury Crash,10/19/2017 02:36:00 PM,County,E GUDE DR,CALHOUN DR,SAME DIR REAR END,CLEAR,DRY,DAYLIGHT,TRAFFIC SIGNAL,NONE DETECTED,Yes,NO APPARENT INJURY,NOT DISTRACTED,MD,"CARGO VAN/LIGHT TRUCK 2 AXLES (OVER 10,000LBS (4,536 KG))",40,2010,NISS,TK
MCP1550002F,16054718,Montgomery County Police,Property Damage Crash,10/24/2016 02:14:00 PM,Maryland (State),RIVER RD,ROYAL DOMINION DR,SAME DIRECTION SIDESWIPE,CLEAR,DRY,DAYLIGHT,NO CONTROLS,NONE DETECTED,No,NO APPARENT INJURY,NOT DISTRACTED,MD,SCHOOL BUS,55,2011,THOMPSON,BUS
MCP26200038,250042260,MONTGOMERY,Property Damage Crash,09/19/2025 05:30:00 PM,Maryland (State) Route,OLD GEORGETOWN RD,DEL RAY AVE,Rear To Side,Clear,Dry,Daylight,Stop Sign,"Not Suspect of Alcohol Use, Not Suspect of Drug Use",No,No Apparent Injury,Not Distracted,MD,Passenger Car,30,2023,KIA,NIRO
MCP1554001Y,17016616,Montgomery County Police,Injury Crash,04-01-17 16:42,County,AVERY RD,BETHLEHEM CT,SINGLE VEHICLE,CLOUDY,DRY,DAYLIGHT,NO CONTROLS,NONE DETECTED,Yes,POSSIBLE INJURY,USING DEVICE OBJECT BROUGHT INTO VEHICLE,MD,PASSENGER CAR,35,2015,TOYOTA,CAMRY  4DR
MCP3295001Q,220027822,Montgomery County Police,Injury Crash,06/28/2022 03:00:00 PM,Maryland (State),NEW HAMPSHIRE AVE,OAKVIEW DR,SAME DIR REAR END,CLEAR,DRY,DAYLIGHT,NO CONTROLS,NONE DETECTED,No,NO APPARENT INJURY,NOT DISTRACTED,MD,PASSENGER CAR,40,2018,HONDA,CRV
MCP3404000Y,240020777,MONTGOMERY,Property Damage Crash,05-03-24 14:00,US (State),COLESVILLE RD (SB/L),LORAIN AVE,Rear To Side,Clear,Dry,Daylight,Stop Sign,"Not Suspect of Alcohol Use, Not Suspect of Drug Use",Yes,No Apparent Injury,Not Distracted,MD,Pickup,25,2016,RAM,1500
MCP3164005W,220033022,Montgomery County Police,Property Damage Crash,08-01-22 13:50,County,RANDOLPH RD,GEORGIA AVE,SAME DIR REAR END,CLEAR,DRY,DAYLIGHT,NO CONTROLS,NONE DETECTED,No,NO APPARENT INJURY,NOT DISTRACTED,DC,(SPORT) UTILITY VEHICLE,35,2005,MAZDA,TRIBUTE
MCP3165005Z,250030670,MONTGOMERY,Property Damage Crash,07-10-25 8:45,County Route,,,"Sideswipe, Same Direction",Cloudy,Dry,Daylight,No Controls,"Not Suspect of Alcohol Use, Not Suspect of Drug Use",No,No Apparent Injury,Not Distracted,MD,Passenger Car,40,2021,HONDA,CIVIC
MCP3144002S,240033460,MONTGOMERY,Property Damage Crash,07/15/2024 09:15:00 PM,Maryland (State) Route,BROOKVILLE RD,,Front to Front,Clear,Dry,Dark - Lighted,Yield Sign,"Not Suspect of Alcohol Use, Not Suspect of Drug Use",Yes,No Apparent Injury,Not Distracted,,Passenger Car,25,2019,TOYOTA,COROLLA
MCP137800J6,170533070,Montgomery County Police,Property Damage Crash,09/25/2017 05:13:00 PM,County,MIDCOUNTY HWY,WOODFIELD RD,SAME DIR REAR END,CLEAR,DRY,DAYLIGHT,TRAFFIC SIGNAL,NONE DETECTED,No,NO APPARENT INJURY,NOT DISTRACTED,MD,TRANSIT BUS,50,2005,ORION,BUS
MCP229800RC,200022715,Montgomery County Police,Injury Crash,06-09-20 18:53,Interstate (State),EISENHOWER MEMORIAL HWY,FALLS RD,SAME DIRECTION SIDESWIPE,CLEAR,DRY,DAYLIGHT,FLASHING TRAFFIC SIGNAL,NONE DETECTED,No,POSSIBLE INJURY,NOT DISTRACTED,MD,VAN,55,2005,BUICK,VAN
MCP271700TJ,210005641,Montgomery County Police,Property Damage Crash,02-12-21 20:15,Maryland (State),ROCKVILLE PIKE,OLD GEORGETOWN RD,OTHER,CLEAR,DRY,DARK LIGHTS ON,NO CONTROLS,NONE DETECTED,No,NO APPARENT INJURY,NOT DISTRACTED,CO,PASSENGER CAR,40,2015,AUDI,S5
MCP2564000T,15066459,MONTGOMERY,Injury Crash,12/27/2015 08:00:00 PM,County,EAST VILLAGE AVE,WELBECK WAY,SINGLE VEHICLE,RAINING,WET,DARK -- UNKNOWN LIGHTING,NO CONTROLS,NONE DETECTED,Yes,POSSIBLE INJURY,NOT DISTRACTED,MD,OTHER,35,2015,APOLLO,7
MCP2239002T,250004371,MONTGOMERY,Property Damage Crash,01/30/2025 01:38:00 PM,Local Route,SHOP CTR CUT THRU CUT,,Front to Front,Clear,Dry,Daylight,No Controls,"Not Suspect of Alcohol Use, Not Suspect of Drug Use",No,No Apparent Injury,Not Distracted,MD,Passenger Car,5,2016,JEEP,CHEROKEE
MCP3044008N,250041503,MONTGOMERY,Property Damage Crash,09/15/2025 05:17:00 PM,County Route,SERPENTINE WAY,,Single Vehicle,Clear,Dry,Daylight,No Controls,"Not Suspect of Alcohol Use, Not Suspect of Drug Use",Yes,No Apparent Injury,Not Distracted,MD,Passenger Car,25,2016,KIA,RIO
MCP30120068,200008062,Montgomery County Police,Injury Crash,02/18/2020 08:52:00 AM,,BATCHELLORS FOREST RD,SEABISCUT DR,OTHER,CLEAR,DRY,DAYLIGHT,NO CONTROLS,NONE DETECTED,Yes,NO APPARENT INJURY,INATTENTIVE OR LOST IN THOUGHT,MD,PASSENGER CAR,25,2004,HONDA,ACCORD
MCP21980073,200000490,Montgomery County Police,Property Damage Crash,01-03-20 20:00,Maryland (State),KEY WEST AVE,OMEGA DR,SAME DIR REAR END,RAINING,WET,DARK LIGHTS ON,TRAFFIC SIGNAL,,No,NO APPARENT INJURY,NOT DISTRACTED,MD,PASSENGER CAR,45,2012,SUBARU,SW
MCP15750083,190001284,Montgomery County Police,Property Damage Crash,01-08-19 16:43,Municipality,REDLAND BLVD,FREDERICK RD,SAME DIRECTION SIDESWIPE,CLOUDY,DRY,DUSK,NO CONTROLS,NONE DETECTED,Yes,NO APPARENT INJURY,NOT DISTRACTED,MD,SCHOOL BUS,35,2016,THOM,BUS
MCP15540036,180035214,Montgomery County Police,Property Damage Crash,07/16/2018 06:50:00 PM,,,,OTHER,CLEAR,,DAYLIGHT,TRAFFIC SIGNAL,NONE DETECTED,Yes,NO APPARENT INJURY,UNKNOWN,MD,"CARGO VAN/LIGHT TRUCK 2 AXLES (OVER 10,000LBS (4,536 KG))",25,2018,FORD,F350  TK
MCP2552006H,230057765,Montgomery County Police,Injury Crash,09/30/2023 09:10:00 PM,County,E JEFFERSON ST,E JEFFERSON ST (AHEAD),OTHER,CLEAR,DRY,DARK LIGHTS ON,,,No,NO APPARENT INJURY,NOT DISTRACTED,MD,PASSENGER CAR,35,2014,HONDA,CIVIC
MCP3424000C,240050504,MONTGOMERY,Injury Crash,10/22/2024 09:42:00 AM,,,,Angle,Clear,,Daylight,,"Not Suspect of Alcohol Use, Not Suspect of Drug Use",Yes,Suspected Minor Injury,Not Distracted,MD,Passenger Car,0,2023,NISSAN,ROGUE
DM84030009,190027998,Takoma Park Police Depart,Property Damage Crash,06-12-19 9:19,Maryland (State),PHILADELPHIA AVE,HOLLY AVE,SAME DIRECTION SIDESWIPE,CLEAR,DRY,DAYLIGHT,,NONE DETECTED,Yes,NO APPARENT INJURY,NOT DISTRACTED,MA,PASSENGER CAR,5,2008,HONDA,SW
DD5594002D,16053089,Rockville Police Departme,Injury Crash,10/15/2016 07:47:00 PM,County,TWINBROOK PKWY,VEIRS MILL RD,SAME DIR REAR END,CLEAR,DRY,DARK LIGHTS ON,NO CONTROLS,NONE DETECTED,Yes,POSSIBLE INJURY,UNKNOWN,MD,PASSENGER CAR,35,2010,HONDA,ACCORD
MCP3040005G,220033073,Montgomery County Police,Property Damage Crash,08-01-22 19:00,County,FIELDCREST RD,WOODFIELD RD,SAME DIRECTION RIGHT TURN,CLEAR,DRY,DAYLIGHT,NO CONTROLS,,No,NO APPARENT INJURY,NOT DISTRACTED,MD,PASSENGER CAR,50,2016,ACURA,TK
MCP2212003F,180023538,Montgomery County Police,Injury Crash,05/13/2018 02:00:00 PM,US (State),COLUMBIA PIKE,TECH RD,SAME DIR REAR END,OTHER,DRY,DAYLIGHT,NO CONTROLS,NONE DETECTED,Yes,NO APPARENT INJURY,UNKNOWN,MD,PASSENGER CAR,40,2003,CHEVY,IMPALA
MCP3078005Q,240036735,MONTGOMERY,Injury Crash,08-04-24 12:10,,,,Single Vehicle,Cloudy,,Daylight,,"Not Suspect of Alcohol Use, Not Suspect of Drug Use",Yes,Suspected Minor Injury,Not Distracted,MD,Sport Utility Vehicle,0,2014,CADILLAC,SRX
MCP2690001M,16031988,Montgomery County Police,Injury Crash,06/24/2016 03:07:00 PM,County,SHADY GROVE RD,MUNCASTER MILL RD,SAME DIR REAR END,CLEAR,DRY,DAYLIGHT,TRAFFIC SIGNAL,NONE DETECTED,No,SUSPECTED MINOR INJURY,NOT DISTRACTED,MD,PASSENGER CAR,45,2013,HYUN,ELANTRA
MCP28930015,15028451,Montgomery County Police,Property Damage Crash,06-11-15 19:05,Maryland (State),FREDERICK RD,CHAPELGATE RD,SAME DIRECTION SIDESWIPE,CLEAR,DRY,DAYLIGHT,STOP SIGN,NONE DETECTED,Yes,NO APPARENT INJURY,LOOKED BUT DID NOT SEE,MD,PASSENGER CAR,40,1999,HONDA,ACCORD
MCP34240012,250008105,MONTGOMERY,Injury Crash,02/24/2025 11:06:00 AM,County Route,MONTGOMERY VILLAGE AVE (SB/L),CENTERWAY RD (WB/L),Angle,Clear,Dry,Daylight,Traffic Control Signal,"Not Suspect of Alcohol Use, Not Suspect of Drug Use",Yes,Possible Injury,Not Distracted,MD,Passenger Car,35,2009,HONDA,ACCORD
MCP1305000C,15062288,MONTGOMERY,Property Damage Crash,12-06-15 9:37,Maryland (State),MUNCASTER MILL RD,NEEDWOOD RD,SAME DIR REAR END,CLEAR,DRY,DAYLIGHT,TRAFFIC SIGNAL,NONE DETECTED,No,NO APPARENT INJURY,NOT DISTRACTED,MD,"CARGO VAN/LIGHT TRUCK 2 AXLES (OVER 10,000LBS (4,536 KG))",40,2003,CHEVROLET,STAKE BODY TRUCK
MCP27370026,17004441,Montgomery County Police,Property Damage Crash,01/25/2017 10:43:00 PM,Maryland (State),GEORGIA AVE,NORBECK RD,SAME DIR REAR END,CLEAR,DRY,DARK LIGHTS ON,TRAFFIC SIGNAL,NONE DETECTED,No,NO APPARENT INJURY,NOT DISTRACTED,MD,PASSENGER CAR,50,2011,CHEVY,SUBURBAN
MCP2487001Q,190060266,Montgomery County Police,Property Damage Crash,12/14/2019 11:11:00 AM,County,DARNESTOWN RD,HUNTING LA,SINGLE VEHICLE,RAINING,WET,DAYLIGHT,NO CONTROLS,,Yes,NO APPARENT INJURY,NOT DISTRACTED,MD,PASSENGER CAR,40,2005,TOYT,COROLLA
EJ7833004K,180024343,Gaithersburg Police Depar,Property Damage Crash,05/17/2018 11:00:00 PM,Maryland (State),FREDERICK RD,MARYLAND AVE,SAME DIRECTION RIGHT TURN,RAINING,WET,DARK LIGHTS ON,NO CONTROLS,ALCOHOL PRESENT,No,NO APPARENT INJURY,NOT DISTRACTED,MD,PASSENGER CAR,30,2015,VOLKS,JETTA
EJ7884003V,220005355,Gaithersburg Police Depar,Property Damage Crash,02-07-22 17:56,Maryland (State),DARNESTOWN RD,ENT TO POTOMAC VALLEY SHOPPING CTR,SAME DIRECTION SIDESWIPE,RAINING,WET,DARK NO LIGHTS,TRAFFIC SIGNAL,NONE DETECTED,No,NO APPARENT INJURY,NOT DISTRACTED,MD,PASSENGER CAR,30,2014,HYUNDAI,ELANTRA
DD5538003C,170541472,Rockville Police Departme,Injury Crash,11-07-17 12:17,Maryland (State),ROCKVILLE PIKE,HALPINE RD,SAME DIRECTION RIGHT TURN,RAINING,WET,DAYLIGHT,NO CONTROLS,NONE DETECTED,No,SUSPECTED MINOR INJURY,NOT DISTRACTED,MD,PASSENGER CAR,40,2003,HOND,CIVIC