Report Number,Local Case Number,Agency Name,ACRS Report Type,Crash Date/Time,Route Type,Road Name,Cross-Street Name,Collision Type,Weather,Surface Condition,Light,Traffic Control,Driver Substance Abuse,Driver At Fault,Injury Severity,Driver Distracted By,Drivers License State,Vehicle Body Type,Speed Limit,Vehicle Year,Vehicle Make,Vehicle Model
MCP229800DW,170516276,Montgomery County Police,Injury Crash,06/28/2017 05:57:00 PM,Maryland (State),DAMASCUS RD,HOWARD CHAPEL RD,SINGLE VEHICLE,CLEAR,DRY,DAYLIGHT,NO CONTROLS,NONE DETECTED,Yes,POSSIBLE INJURY,LOOKED BUT DID NOT SEE,MD,MOTORCYCLE,40,2002,TRIUMPH,MOTORCYCLE
DD5615002Y,17012465,Rockville Police Departme,Property Damage Crash,03-09-17 16:35,Municipality,E MIDDLE LA,GIBBS STREET,SAME DIRECTION SIDESWIPE,CLEAR,DRY,DAYLIGHT,NO CONTROLS,NONE DETECTED,Yes,NO APPARENT INJURY,LOOKED BUT DID NOT SEE,WV,PASSENGER CAR,25,2005,GMC,CANYONS
MCP2445005N,240012194,MONTGOMERY,Property Damage Crash,03/14/2024 06:35:00 AM,County Route,OBSERVATION DR,MIDDLEBROOK RD (WB/L),Rear To Side,Clear,Dry,Dark - Lighted,Traffic Control Signal,"Not Suspect of Alcohol Use, Not Suspect of Drug Use",No,No Apparent Injury,Not Distracted,MD,Passenger Car,40,2022,FORD,MUSTANG
MCP137801CL,250016726,MONTGOMERY,Property Damage Crash,04/17/2025 02:00:00 PM,Maryland (State) Route,GREAT SENECA HWY,MIDDLEBROOK RD (WB/L),"Sideswipe, Same Direction",Clear,Dry,Daylight,Traffic Control Signal,"Not Suspect of Alcohol Use, Not Suspect of Drug Use",Yes,No Apparent Injury,Not Distracted,MD,Van - Passenger (&lt;9 Seats),35,2018,HONDA,ODYSSEY
MCP2675000N,15010679,Montgomery County Police,Injury Crash,03-08-15 3:30,,,,,CLEAR,,DARK LIGHTS ON,NO CONTROLS,ALCOHOL PRESENT,Yes,NO APPARENT INJURY,NOT DISTRACTED,MD,PASSENGER CAR,0,1995,HONDA,CIVIC
MCP3078000X,180011196,Montgomery County Police,Injury Crash,03-05-18 12:21,County,FERN ST,REEDIE DR,HEAD ON LEFT TURN,CLEAR,DRY,DAYLIGHT,NO CONTROLS,NONE DETECTED,Yes,SUSPECTED MINOR INJURY,LOOKED BUT DID NOT SEE,MD,PASSENGER CAR,25,2013,DODGE,AVENGER
MCP1148003C,200008237,Montgomery County Police,Property Damage Crash,02/19/2020 07:30:00 AM,Maryland (State),ROCKVILLE PIKE,SPUR FR CEDAR LA,SAME DIRECTION SIDESWIPE,,DRY,DAYLIGHT,NO CONTROLS,UNKNOWN,Yes,NO APPARENT INJURY,UNKNOWN,,PASSENGER CAR,35,2014,HONDA,4 DR
MCP2160000H,16054091,Montgomery County Police,Injury Crash,10/20/2016 07:40:00 PM,County,CINNABAR DR,EAST VILLAGE AVE,SAME DIRECTION SIDESWIPE,CLEAR,DRY,DARK LIGHTS ON,NO CONTROLS,NONE DETECTED,No,POSSIBLE INJURY,NOT DISTRACTED,MD,PASSENGER CAR,30,2015,TOYOTA,COROLLA
MCP2866006K,200038473,Montgomery County Police,Property Damage Crash,09/30/2020 02:20:00 PM,Interstate (State),CAPITAL BELTWAY,STONEYBROOK DR,SAME DIR REAR END,CLEAR,DRY,DAYLIGHT,NO CONTROLS,NONE DETECTED,No,NO APPARENT INJURY,NOT DISTRACTED,MD,POLICE VEHICLE/NON EMERGENCY,55,2014,FORD,POLICE INTERCEPTOR
MCP33820028,250023302,MONTGOMERY,Property Damage Crash,05/26/2025 03:02:00 PM,County Route,ROBINDALE DR,VEIRS MILL RD (WB/L),Single Vehicle,Clear,Dry,Daylight,Traffic Control Signal,"Not Suspect of Alcohol Use, Not Suspect of Drug Use",Yes,No Apparent Injury,Not Distracted,MD,Passenger Car,35,2012,NISSAN,ROGUE
MCP137800F1,16059937,Montgomery County Police,Property Damage Crash,11/21/2016 05:25:00 PM,County,OAKMONT AVE,SHADY GROVE RD,SAME DIR REAR END,CLEAR,DRY,DARK LIGHTS ON,TRAFFIC SIGNAL,NONE DETECTED,Yes,NO APPARENT INJURY,NOT DISTRACTED,MD,TRANSIT BUS,25,2016,GILLIG,BUS
MCP3325002F,230063117,Montgomery County Police,Injury Crash,10/28/2023 07:56:00 PM,County,BILLINGTON RD,E RANDOLPH RD,SINGLE VEHICLE,CLEAR,DRY,DARK LIGHTS ON,STOP SIGN,NONE DETECTED,Yes,POSSIBLE INJURY,INATTENTIVE OR LOST IN THOUGHT,MD,PASSENGER CAR,35,2006,TOYOTA,SOLARA
MCP3122003W,210013722,Montgomery County Police,Injury Crash,04/13/2021 06:45:00 AM,Maryland (State),GEORGIA AVE,HEWITT AVE,STRAIGHT MOVEMENT ANGLE,CLOUDY,DRY,DAWN,TRAFFIC SIGNAL,NONE DETECTED,Yes,NO APPARENT INJURY,NOT DISTRACTED,MD,PASSENGER CAR,40,2013,SUBARU,FORRESTER
MCP289200CJ,220031302,Montgomery County Police,Property Damage Crash,07/20/2022 06:58:00 PM,US (State),COLESVILLE RD,BREWSTER AVE,SINGLE VEHICLE,CLEAR,DRY,DAYLIGHT,NO CONTROLS,ALCOHOL PRESENT,Yes,NO APPARENT INJURY,OTHER DISTRACTION,MD,PASSENGER CAR,35,2010,HYUN,4S
MCP33800037,250028071,MONTGOMERY,Property Damage Crash,06/24/2025 07:33:00 AM,County Route,RANDOLPH RD,TIVOLI LAKE BLVD,Angle,Clear,Dry,Daylight,Traffic Control Signal,"Not Suspect of Alcohol Use, Not Suspect of Drug Use",No,No Apparent Injury,Not Distracted,MD,Bus - School,25,2022,THOMAS BUILT,HDX
MCP2195000B,15037825,Montgomery County Police,Injury Crash,03/22/2017 05:34:00 AM,County,RIDGE RD,VALLEY RD,SAME DIR REAR END,CLEAR,DRY,DARK LIGHTS ON,FLASHING TRAFFIC SIGNAL,NONE DETECTED,Yes,POSSIBLE INJURY,INATTENTIVE OR LOST IN THOUGHT,MD,PASSENGER CAR,35,2008,DODG,4S
MCP1417002B,15000868,Montgomery County Police,Property Damage Crash,01-06-15 9:13,County,MONTGOMERY VILLAGE AVE,CLUB HOUSE RD,SINGLE VEHICLE,SNOW,ICE,DAYLIGHT,NO CONTROLS,NONE DETECTED,Yes,NO APPARENT INJURY,NOT DISTRACTED,MD,AMBULANCE/NON EMERGENCY,35,2010,GREIGHTLINER,AMBULANCE
MCP31740051,240018400,MONTGOMERY,Property Damage Crash,04/19/2024 10:39:00 PM,Maryland (State) Route,MIDCOUNTY HWY (SB/L),,Front to Rear,Clear,Wet,Dark - Not Lighted,No Controls,"Not Suspect of Alcohol Use, Not Suspect of Drug Use",No,No Apparent Injury,Talking/listening,MD,Passenger Car,50,2010,CHEVROLET,IMPALA
MCP2046005X,16039423,Montgomery County Police,Injury Crash,08-04-16 9:50,County,CRESTHAVEN DR,HARPER DR,SAME DIR REAR END,CLEAR,DRY,DAYLIGHT,NO CONTROLS,NONE DETECTED,Yes,SUSPECTED MINOR INJURY,NOT DISTRACTED,MD,PASSENGER CAR,25,2010,LEXU,ES350
MCP1119001S,16002140,Montgomery County Police,Injury Crash,01-12-16 12:58,Maryland (State),GEORGIA AVE,EMORY CHURCH RD,SAME DIR REAR END,CLOUDY,DRY,DAYLIGHT,NO CONTROLS,NONE DETECTED,No,SUSPECTED MINOR INJURY,NOT DISTRACTED,MD,(SPORT) UTILITY VEHICLE,50,2014,NISSAN,MURANO
MCP3090006G,220045363,Montgomery County Police,Property Damage Crash,10/16/2022 01:04:00 PM,Maryland (State),QUINCE ORCHARD RD,FIRSTFIELD RD,SAME DIR REAR END,CLEAR,DRY,DAYLIGHT,TRAFFIC SIGNAL,,Yes,NO APPARENT INJURY,NOT DISTRACTED,MD,(SPORT) UTILITY VEHICLE,35,2022,CHEVY,UT
MCP3218001S,210028434,Montgomery County Police,Injury Crash,07/22/2021 06:19:00 PM,Maryland (State),VEIRS MILL RD,CONNECTICUT AVE,SAME DIRECTION SIDESWIPE,CLEAR,,DAYLIGHT,TRAFFIC SIGNAL,NONE DETECTED,Yes,NO APPARENT INJURY,UNKNOWN,NH,PASSENGER CAR,35,2015,TOYT,4S
DD56570034,250056666,ROCKVILLE,Injury Crash,12/19/2025 06:25:00 AM,Municipality Route,MEADOW HALL DR,TWINBROOK PKWY,Angle,Rain,Wet,Dark - Not Lighted,Stop Sign,"Not Suspect of Alcohol Use, Not Suspect of Drug Use",Yes,No Apparent Injury,Not Distracted,MD,Passenger Car,15,2009,HYUNDAI,ELANTRA
MCP31910035,210038667,Montgomery County Police,Property Damage Crash,09/29/2021 06:15:00 PM,Maryland (State),FREDERICK RD,ENT TO SHADY GROVE METRO STATION,SAME DIR REAR END,CLEAR,DRY,DAYLIGHT,TRAFFIC SIGNAL,NONE DETECTED,Yes,NO APPARENT INJURY,INATTENTIVE OR LOST IN THOUGHT,MD,TRANSIT BUS,40,2014,GILL,BUS
DD5649000D,210009190,Rockville Police Departme,Property Damage Crash,03-11-21 16:01,,,,OTHER,,,DAYLIGHT,,,No,NO APPARENT INJURY,NOT DISTRACTED,MD,(SPORT) UTILITY VEHICLE,15,2008,MAZDA,CX-9
MCP11740035,180040564,Montgomery County Police,Property Damage Crash,08/15/2018 10:19:00 AM,County,MILLER AVE,WISCONSIN AVE,SINGLE VEHICLE,CLEAR,DRY,DAYLIGHT,NO CONTROLS,NONE DETECTED,Yes,NO APPARENT INJURY,LOOKED BUT DID NOT SEE,MD,"CARGO VAN/LIGHT TRUCK 2 AXLES (OVER 10,000LBS (4,536 KG))",25,2018,INTERNATION,TRUCK
DM84920018,220052770,Takoma Park Police Depart,Injury Crash,11/30/2022 12:20:00 AM,Maryland (State),NEW HAMPSHIRE AVE,ETHAN ALLEN AVE,SAME DIR REAR END,CLEAR,DRY,DARK LIGHTS ON,,,Yes,NO APPARENT INJURY,OTHER DISTRACTION,DC,PASSENGER CAR,45,2013,AUDI,CV
MCP1453006L,180059816,Montgomery County Police,Injury Crash,11/30/2018 06:21:00 AM,Maryland (State),FREDERICK RD,CROGHAN RD,SAME DIRECTION SIDESWIPE,CLOUDY,DRY,DAWN,NO CONTROLS,NONE DETECTED,No,SUSPECTED MINOR INJURY,NOT DISTRACTED,FL,(SPORT) UTILITY VEHICLE,30,2012,JEEP,WRANGLER
MCP2853002R,16061507,Montgomery County Police,Property Damage Crash,11/30/2016 05:17:00 PM,US (State),COLESVILLE RD,UNIVERSITY BLVD E,SAME DIR REAR END,RAINING,WET,DARK LIGHTS ON,TRAFFIC SIGNAL,,Unknown,NO APPARENT INJURY,NOT DISTRACTED,MD,PASSENGER CAR,40,2011,TOYT,CAMRY
MCP12050033,170516604,Montgomery County Police,Property Damage Crash,06/30/2017 12:12:00 PM,Maryland (State),WISCONSIN AVE,AVONDALE ST,SAME DIR REAR END,CLEAR,DRY,DAYLIGHT,,NONE DETECTED,No,NO APPARENT INJURY,NOT DISTRACTED,MD,PASSENGER CAR,25,2010,INFINITI,EX 35
DD56000009,15018818,Rockville Police Departme,Injury Crash,04/22/2015 04:30:00 AM,Municipality,W GUDE DR,RESEARCH BLVD,STRAIGHT MOVEMENT ANGLE,CLEAR,DRY,DARK LIGHTS ON,TRAFFIC SIGNAL,,Yes,SUSPECTED MINOR INJURY,LOOKED BUT DID NOT SEE,ID,PASSENGER CAR,35,2006,PONT,VIBE
MCP27630052,250014447,MONTGOMERY,Property Damage Crash,04-03-25 6:40,County Route,,,Angle,Rain,Wet,Dark - Not Lighted,No Controls,"Not Suspect of Alcohol Use, Not Suspect of Drug Use",Yes,No Apparent Injury,Unknown,MD,Passenger Car,35,2008,MINI,COOPER
MCP2348006C,220046592,Montgomery County Police,Fatal Crash,10/24/2022 09:13:00 AM,County,RANDOLPH RD,HAMMONTON PL,HEAD ON,CLOUDY,WET,DAYLIGHT,,OTHER,No,FATAL INJURY,UNKNOWN,MD,(SPORT) UTILITY VEHICLE,45,2006,HONDA,CRV
MCP2052004H,250053966,MONTGOMERY,Property Damage Crash,12-02-25 18:50,,,,Front to Rear,Clear,,Dark - Lighted,,"Not Suspect of Alcohol Use, Not Suspect of Drug Use",No,No Apparent Injury,Not Distracted,MD,Sport Utility Vehicle,0,2025,KIA,TELLURIDE
DD55830058,190017569,Rockville Police Departme,Injury Crash,04/15/2019 10:17:00 AM,Interstate (State),EISENHOWER MEMORIAL HWY,STRUC #15064 WATTS BRANCH,SINGLE VEHICLE,SEVERE WINDS,DRY,DAYLIGHT,,NONE DETECTED,Yes,SUSPECTED MINOR INJURY,LOOKED BUT DID NOT SEE,MD,(SPORT) UTILITY VEHICLE,55,2013,DODGE,DURANGO
MCP2016006S,230001511,Montgomery County Police,Property Damage Crash,01-10-23 13:51,County,MONTROSE RD,TILDENWOOD DR,SAME DIRECTION SIDESWIPE,CLEAR,DRY,DAYLIGHT,,NONE DETECTED,Unknown,NO APPARENT INJURY,NOT DISTRACTED,MD,PASSENGER CAR,35,2020,FORD,PK
DM8336003D,200026161,Takoma Park Police Depart,Property Damage Crash,07-06-20 10:02,Municipality,KENNEWICK AVE,KIRKLYNN AVE,OTHER,CLEAR,DRY,DAYLIGHT,,,Yes,NO APPARENT INJURY,NOT DISTRACTED,,PASSENGER CAR,10,2006,HONDA,ODYSSEY
MCP15650021,16029022,Montgomery County Police,Injury Crash,06-09-16 16:14,Maryland (State),NEW HAMPSHIRE AVE,BRIGHTON DAM RD,SAME DIRECTION RIGHT TURN,CLEAR,DRY,DAYLIGHT,TRAFFIC SIGNAL,,No,NO APPARENT INJURY,NOT DISTRACTED,PA,PASSENGER CAR,40,2014,BUICK,4S
DM83860028,250024388,TAKOMA,Property Damage Crash,06-01-25 20:30,Municipality Route,MAPLE AVE,,Other,Clear,Dry,Dark - Lighted,No Controls,"Not Suspect of Alcohol Use, Not Suspect of Drug Use",Yes,No Apparent Injury,Unknown,MD,Van - Passenger (&lt;9 Seats),25,2007,TOYOTA,SIENNA
MCP3400001C,240024109,MONTGOMERY,Property Damage Crash,05/21/2024 08:55:00 PM,Maryland (State) Route,NEW HAMPSHIRE AVE (SB/L),,Front to Rear,Clear,Dry,Dark - Lighted,Traffic Control Signal,"Unknown, Unknown",No,,,,,45,0,,
MCP137800QJ,190018168,Montgomery County Police,Injury Crash,04/18/2019 03:10:00 PM,Maryland (State),MONTGOMERY VILLAGE AVE,SPUR FR CHRISTOPHER AVE,SAME DIR REAR END,CLOUDY,DRY,DAYLIGHT,NO CONTROLS,UNKNOWN,No,NO APPARENT INJURY,NOT DISTRACTED,,,35,0,UNKNOWN,UNKNOWN
MCP2617008B,190053808,Montgomery County Police,Property Damage Crash,11-08-19 7:35,Maryland (State),NEW HAMPSHIRE AVE,AVENLEIGH DR,SAME DIR REAR END,CLEAR,DRY,DAWN,NO CONTROLS,NONE DETECTED,Yes,NO APPARENT INJURY,OTHER DISTRACTION,MD,PASSENGER CAR,30,2017,SUBARU,LEGACY
MCP3452001V,250052707,MONTGOMERY,Injury Crash,11/24/2025 12:59:00 PM,County Route,RANDOLPH RD,,Front to Rear,Clear,Dry,Daylight,No Controls,"Not Suspect of Alcohol Use, Not Suspect of Drug Use",Yes,No Apparent Injury,Not Distracted,MD,Sport Utility Vehicle,35,2012,LEXUS,RX
MCP2689007R,210030547,Montgomery County Police,Injury Crash,08-06-21 12:16,County,SEVEN LOCKS RD,GAINSBOROUGH RD,SAME DIR REAR END,CLEAR,DRY,DAYLIGHT,TRAFFIC SIGNAL,NONE DETECTED,No,NO APPARENT INJURY,NOT DISTRACTED,MD,PASSENGER CAR,35,2008,SUBARU,FORESTER
MCP2989002Q,240025582,MONTGOMERY,Property Damage Crash,05/30/2024 10:31:00 AM,,,,Rear To Side,Clear,,Daylight,,"Not Suspect of Alcohol Use, Not Suspect of Drug Use",No,No Apparent Injury,Not Distracted,MD,Passenger Car,0,2016,FORD,C-MAX
MCP3230003V,220051866,Montgomery County Police,Injury Crash,11/23/2022 05:00:00 PM,County,ASPEN HILL RD,MARGOT DR,SAME DIR REAR END,CLEAR,DRY,DAWN,NO CONTROLS,NONE DETECTED,Yes,NO APPARENT INJURY,NOT DISTRACTED,MD,PASSENGER CAR,25,2017,FORD,TK
MCP32760011,210019084,Montgomery County Police,Property Damage Crash,05/20/2021 05:37:00 PM,Government,SLIGO CREEK PKWY,E WAYNE AVE,STRAIGHT MOVEMENT ANGLE,CLEAR,DRY,DAYLIGHT,TRAFFIC SIGNAL,NONE DETECTED,Yes,NO APPARENT INJURY,LOOKED BUT DID NOT SEE,MD,PASSENGER CAR,35,2013,SUBARU,TK
MCP2954001Z,16033125,Montgomery County Police,Property Damage Crash,06/30/2016 02:58:00 PM,Interstate (State),CAPITAL BELTWAY,EXIT #28,SAME DIRECTION SIDESWIPE,CLEAR,DRY,DAYLIGHT,NO CONTROLS,NONE DETECTED,No,NO APPARENT INJURY,NOT DISTRACTED,MD,PASSENGER CAR,55,1995,NISS,4S
MCP12200051,170511069,Montgomery County Police,Property Damage Crash,06-01-17 8:28,US (State),COLUMBIA PIKE,BURNT MILLS AVE,SAME DIR REAR END,CLEAR,DRY,DAYLIGHT,NO CONTROLS,NONE DETECTED,Yes,NO APPARENT INJURY,UNKNOWN,MD,PASSENGER CAR,40,2003,NISSAN,ALTIMA
MCP2728005R,180042255,Montgomery County Police,Injury Crash,08/24/2018 07:50:00 PM,County,WAYNE AVE,DALE DR,STRAIGHT MOVEMENT ANGLE,CLEAR,DRY,DUSK,NO CONTROLS,NONE DETECTED,Yes,NO APPARENT INJURY,LOOKED BUT DID NOT SEE,MD,PASSENGER CAR,25,2016,NISSAN,SUV
MCP3052002D,200028083,Montgomery County Police,Injury Crash,07/20/2020 01:27:00 AM,County,MONTGOMERY VILLAGE AVE,CLUB HOUSE RD,SAME DIRECTION SIDESWIPE,,DRY,DARK NO LIGHTS,NO CONTROLS,NONE DETECTED,No,POSSIBLE INJURY,NOT DISTRACTED,MD,PASSENGER CAR,35,2005,NISSAN,ALTIMA
MCP2954001S,16026152,Montgomery County Police,Property Damage Crash,05/26/2016 07:22:00 AM,County,FAIRLAND RD,RAMP 10 FR US 29 SB TO FAIRLAND RD WB,STRAIGHT MOVEMENT ANGLE,CLEAR,DRY,DAYLIGHT,YIELD SIGN,NONE DETECTED,No,NO APPARENT INJURY,NOT DISTRACTED,MD,PICKUP TRUCK,35,1999,FORD,TK
MCP2446002T,170506618,Montgomery County Police,Injury Crash,05-08-17 14:14,Maryland (State),WOODFIELD RD,WELSH RD,SAME DIR REND LEFT TURN,CLEAR,DRY,DAYLIGHT,NO CONTROLS,NONE DETECTED,Yes,POSSIBLE INJURY,OTHER DISTRACTION,MD,(SPORT) UTILITY VEHICLE,40,2012,GMC,YUKON
MCP1119004W,180003879,Montgomery County Police,Property Damage Crash,01/23/2018 04:14:00 PM,County,DAUPHINE ST,RALPH RD,OTHER,,DRY,DAYLIGHT,,NONE DETECTED,Yes,NO APPARENT INJURY,NOT DISTRACTED,MD,SCHOOL BUS,25,2016,THOMAS,BUS
MCP1205001P,16004917,Montgomery County Police,Property Damage Crash,01/30/2016 11:40:00 AM,County,HUNTINGTON PKWY,CUSTER RD,SAME DIR REND LEFT TURN,CLOUDY,ICE,DAYLIGHT,NO CONTROLS,NONE DETECTED,No,NO APPARENT INJURY,NOT DISTRACTED,MD,PASSENGER CAR,30,2011,HYUNDAI,ACCENT
MCP3407001D,250033634,MONTGOMERY,Injury Crash,07/28/2025 05:12:00 PM,Maryland (State) Route,FREDERICK RD,GUNNERS BRANCH RD,Angle,Clear,Dry,Daylight,Traffic Control Signal,"Not Suspect of Alcohol Use, Not Suspect of Drug Use",No,Possible Injury,Not Distracted,MD,Passenger Car,35,1995,TOYOTA,COROLLA
MCP9322000F,16005944,Montgomery County Police,Property Damage Crash,02-04-16 23:28,County,HERITAGE HILLS DR,QUEEN ELIZABETH DR,HEAD ON,CLEAR,DRY,DARK LIGHTS ON,NO CONTROLS,ALCOHOL PRESENT,Yes,NO APPARENT INJURY,NOT DISTRACTED,MD,PASSENGER CAR,25,2002,FORD,TAURUS
MCP3257006B,230031381,Montgomery County Police,Property Damage Crash,07-01-23 3:35,Maryland (State),ROCKVILLE PIKE,RAMP 4 FR MD 355 NB TO MONTROSE PKWY,OTHER,CLEAR,DRY,DARK LIGHTS ON,NO CONTROLS,NONE DETECTED,No,NO APPARENT INJURY,NOT DISTRACTED,MD,PASSENGER CAR,35,2013,BMW,X5
MCP21160085,180010185,Montgomery County Police,Property Damage Crash,02/27/2018 03:41:00 PM,County,MONTROSE RD,TOWER OAKS BLVD,STRAIGHT MOVEMENT ANGLE,CLEAR,DRY,DAYLIGHT,TRAFFIC SIGNAL,NONE DETECTED,No,NO APPARENT INJURY,NOT DISTRACTED,MD,PICKUP TRUCK,40,1997,TOYT,TK
MCP2460000D,15064117,MONTGOMERY,Property Damage Crash,12/15/2015 07:43:00 PM,County,BYRON ST,PARKER AVE,SAME DIR REAR END,CLEAR,DRY,DARK LIGHTS ON,NO CONTROLS,NONE DETECTED,Yes,NO APPARENT INJURY,NOT DISTRACTED,MD,PASSENGER CAR,30,2008,SUBARU,OUTBACK
MCP3276003C,250004617,MONTGOMERY,Property Damage Crash,02-01-25 2:30,Local Route,SILVER SPRING AVE,GEORGIA AVE SILVER SPRING AVE,Front to Rear,Clear,Dry,Dark - Lighted,No Controls,"Suspect of Alcohol Use, Not Suspect of Drug Use",No,No Apparent Injury,Unknown,MD,Pickup,35,2022,RAM,3500
MCP3010002J,180002307,Montgomery County Police,Injury Crash,01/15/2018 01:53:00 PM,County,NICHOLSON LA,ENT TO WHITE FLINT MALL,OTHER,,DRY,DAYLIGHT,TRAFFIC SIGNAL,,No,POSSIBLE INJURY,NOT DISTRACTED,MD,PASSENGER CAR,40,2015,INFI,4S
MCP21770011,16041898,Montgomery County Police,Property Damage Crash,08/18/2016 10:06:00 AM,Municipality,REDLAND BLVD,ELMCROFT BLVD,STRAIGHT MOVEMENT ANGLE,CLEAR,DRY,DAYLIGHT,STOP SIGN,NONE DETECTED,Yes,NO APPARENT INJURY,NOT DISTRACTED,MD,(SPORT) UTILITY VEHICLE,30,2009,TOYOTA,RAV4
DD5603002S,16023199,Rockville Police Departme,Injury Crash,05-10-16 15:28,Maryland (State),ROCKVILLE PIKE,TALBOTT ST,HEAD ON LEFT TURN,CLEAR,DRY,DAYLIGHT,NO CONTROLS,NONE DETECTED,Yes,NO APPARENT INJURY,OTHER DISTRACTION,MD,PASSENGER CAR,40,2005,HOND,TK
MCP3328000Y,220033834,Montgomery County Police,Property Damage Crash,08-06-22 19:50,County,DALEWOOD DR,BRIGHTVIEW ST,OPPOSITE DIRECTION SIDESWIPE,CLEAR,DRY,DAYLIGHT,NO CONTROLS,NONE DETECTED,Unknown,NO APPARENT INJURY,UNKNOWN,MD,PASSENGER CAR,25,2007,TOYT,SD
MCP2536001D,170521756,Montgomery County Police,Property Damage Crash,07/28/2017 10:50:00 PM,Other Public Roadway,GLENMONT CIR #1,GLENMONT CIR #2,OTHER,RAINING,WET,DARK LIGHTS ON,NO CONTROLS,NONE DETECTED,No,NO APPARENT INJURY,NOT DISTRACTED,VA,PASSENGER CAR,25,2014,HYUNDAI,ELANTRA
MCP2855001F,16046319,Montgomery County Police,Property Damage Crash,09-09-16 22:40,County,SHADY GROVE RD,TRAVILLE  GATEWAY DR,SAME DIRECTION RIGHT TURN,CLEAR,DRY,DARK LIGHTS ON,NO CONTROLS,NONE DETECTED,No,NO APPARENT INJURY,NOT DISTRACTED,MD,PASSENGER CAR,40,2010,HOND,4S
MCP2813001D,15045787,MONTGOMERY,Property Damage Crash,09-10-15 16:59,County,RANDOLPH RD,GLENMONT CIR #1,SAME DIR REAR END,CLOUDY,DRY,DAYLIGHT,NO CONTROLS,,No,NO APPARENT INJURY,NOT DISTRACTED,MD,PASSENGER CAR,35,2012,JEEP,GRAND CHEROKEE
MCP106400BR,210018528,Montgomery County Police,Property Damage Crash,05/17/2021 09:06:00 AM,US (State),COLUMBIA PIKE,INDUSTRIAL PKWY,SINGLE VEHICLE,CLEAR,DRY,DAYLIGHT,NO CONTROLS,,Yes,NO APPARENT INJURY,UNKNOWN,MD,TRANSIT BUS,50,2014,NABI,BUS
MCP2466002H,180023903,Montgomery County Police,Property Damage Crash,05/15/2018 05:00:00 PM,,,,OTHER,,,DAYLIGHT,,NONE DETECTED,Yes,NO APPARENT INJURY,UNKNOWN,MD,PASSENGER CAR,10,2005,TOYT,CAMRY 4S
MCP12100047,190058891,Montgomery County Police,Property Damage Crash,12-06-19 17:49,County,SHADY GROVE RD,EPSILON DR,HEAD ON LEFT TURN,,WET,DARK LIGHTS ON,TRAFFIC SIGNAL,NONE DETECTED,Yes,NO APPARENT INJURY,UNKNOWN,MD,PASSENGER CAR,45,2001,HOND,CIVIC
MCP93810021,18057796,Montgomery County Police,Injury Crash,11/17/2018 11:55:00 PM,County,FALLS RD,RIVER RD,SAME DIR REAR END,CLEAR,DRY,DARK LIGHTS ON,TRAFFIC SIGNAL,NONE DETECTED,No,POSSIBLE INJURY,NOT DISTRACTED,MD,(SPORT) UTILITY VEHICLE,30,2011,CHEVY,TK
MCP31680034,210025799,Montgomery County Police,Property Damage Crash,07-05-21 17:06,,,,SINGLE VEHICLE,CLEAR,,DAYLIGHT,NO CONTROLS,,Yes,NO APPARENT INJURY,LOOKED BUT DID NOT SEE,MD,PASSENGER CAR,10,2017,HONDA,CIVIC
MCP3005001T,17013051,Montgomery County Police,Injury Crash,03/13/2017 07:28:00 AM,Maryland (State),UNIVERSITY BLVD W,CADDINGTON AVE,ANGLE MEETS LEFT TURN,CLEAR,DRY,DAWN,TRAFFIC SIGNAL,NONE DETECTED,Yes,NO APPARENT INJURY,LOOKED BUT DID NOT SEE,MD,PASSENGER CAR,40,2000,TOYT,2S
MCP3030002G,190028342,Montgomery County Police,Injury Crash,06/13/2019 11:21:00 PM,County,NEWPORT AVE,ALLAN RD,STRAIGHT MOVEMENT ANGLE,CLEAR,DRY,DARK LIGHTS ON,STOP SIGN,,Yes,NO APPARENT INJURY,LOOKED BUT DID NOT SEE,VA,PASSENGER CAR,20,2000,TOYT,CAMRY
MCP271700GY,180018482,Montgomery County Police,Property Damage Crash,04/16/2018 08:00:00 AM,Maryland (State),ROCKVILLE PIKE,LOCUST HILL RD,SAME DIR REAR END,RAINING,WET,DAYLIGHT,NO CONTROLS,NONE DETECTED,No,NO APPARENT INJURY,NOT DISTRACTED,MD,PASSENGER CAR,35,2012,NISSAN,ROGUE
MCP2043001J,180047614,Montgomery County Police,Property Damage Crash,09/24/2018 12:07:00 AM,County,SHADY GROVE RD,TUPELO DR,SINGLE VEHICLE,RAINING,WET,DARK LIGHTS ON,,NONE DETECTED,Yes,NO APPARENT INJURY,NOT DISTRACTED,MD,PASSENGER CAR,45,2013,TOYOTA,CAMRY
MCP2455000N,15006488,Montgomery County Police,Property Damage Crash,02-09-15 7:08,County,REDLAND RD,GRANDE VISTA DR,SAME DIR REND LEFT TURN,CLOUDY,WET,DAWN,NO CONTROLS,,No,NO APPARENT INJURY,UNKNOWN,MD,PASSENGER CAR,35,2002,MITS,LANCER
DD5502002S,16048519,Rockville Police Departme,Property Damage Crash,09/21/2016 11:21:00 AM,Municipality,N WASHINGTON ST,BEALL AVE #2,STRAIGHT MOVEMENT ANGLE,CLOUDY,DRY,DAYLIGHT,TRAFFIC SIGNAL,NONE DETECTED,No,NO APPARENT INJURY,NOT DISTRACTED,MD,POLICE VEHICLE/NON EMERGENCY,30,1998,DODG,VN