Report Number,Local Case Number,Agency Name,ACRS Report Type,Crash Date/Time,Route Type,Road Name,Cross-Street Name,Collision Type,Weather,Surface Condition,Light,Traffic Control,Driver Substance Abuse,Driver At Fault,Injury Severity,Driver Distracted By,Drivers License State,Vehicle Body Type,Speed Limit,Vehicle Year,Vehicle Make,Vehicle Model
MCP2914001B,15025960,Montgomery County Police,Injury Crash,05/29/2015 05:24:00 PM,Maryland (State),NEW HAMPSHIRE AVE,OVERLOOK DR,SAME DIR REAR END,CLEAR,,DAYLIGHT,NO CONTROLS,,Yes,NO APPARENT INJURY,NOT DISTRACTED,MD,PASSENGER CAR,40,2007,HUMMER,SUV
MCP9386001P,15003202,Montgomery County Police,Property Damage Crash,01/20/2015 03:14:00 PM,Maryland (State),ROCKVILLE PIKE,POOKS HILL RD,SAME DIRECTION SIDESWIPE,CLEAR,DRY,DAYLIGHT,NO CONTROLS,NONE DETECTED,No,NO APPARENT INJURY,NOT DISTRACTED,MO,PASSENGER CAR,35,2013,MINI,COOPER
MCP2844004J,200033955,Montgomery County Police,Property Damage Crash,08/31/2020 09:30:00 PM,,,,OTHER,CLEAR,,DARK LIGHTS ON,NO CONTROLS,,No,NO APPARENT INJURY,NOT DISTRACTED,MD,PASSENGER CAR,0,2016,NISSAN,ALTIMA
MCP3002002F,180019273,Montgomery County Police,Property Damage Crash,04/20/2018 07:27:00 AM,Maryland (State),EAST WEST HWY (W/B COUPLET),CHELTON RD,SAME DIR REND RIGHT TURN,CLEAR,DRY,DAYLIGHT,FLASHING TRAFFIC SIGNAL,,Yes,NO APPARENT INJURY,NOT DISTRACTED,MD,SCHOOL BUS,30,2006,THOMAS,BUS
MCP28930013,15013415,Montgomery County Police,Injury Crash,03/23/2015 05:26:00 PM,Maryland (State),FREDERICK RD,GUNNERS BRANCH RD,SAME DIR REAR END,CLEAR,DRY,DAYLIGHT,TRAFFIC SIGNAL,NONE DETECTED,No,SUSPECTED MINOR INJURY,NOT DISTRACTED,MD,PASSENGER CAR,40,2015,MERCEDES,SUV
MCP0617002Z,210032109,Montgomery County Police,Injury Crash,08/18/2021 08:14:00 AM,County,BONIFANT RD,ALDERTON RD,SAME DIR REAR END,CLOUDY,WET,DAYLIGHT,NO CONTROLS,NONE DETECTED,No,POSSIBLE INJURY,NOT DISTRACTED,MD,(SPORT) UTILITY VEHICLE,30,2013,TOYOTA,RAV4
MCP3341000F,220038564,Montgomery County Police,Injury Crash,09-06-22 6:21,Maryland (State),GEORGIA AVE,BEL PRE RD,SAME DIRECTION LEFT TURN,RAINING,WET,DARK LIGHTS ON,TRAFFIC SIGNAL,,Yes,NO APPARENT INJURY,INATTENTIVE OR LOST IN THOUGHT,MD,PASSENGER CAR,35,2021,FORD,F150
MCP3353001Q,23295391,Montgomery County Police,Injury Crash,10-08-23 13:29,County,RANDOLPH RD,GAYNOR RD,STRAIGHT MOVEMENT ANGLE,CLEAR,DRY,DAYLIGHT,TRAFFIC SIGNAL,NONE DETECTED,Yes,POSSIBLE INJURY,LOOKED BUT DID NOT SEE,MD,PASSENGER CAR,35,2017,SUBA,LEGACY
MCP1151009Z,190046113,Montgomery County Police,Injury Crash,09/26/2019 08:00:00 AM,Maryland (State),FREDERICK RD,GUNNERS BRANCH RD,SAME DIRECTION SIDESWIPE,CLEAR,DRY,DAYLIGHT,,NONE DETECTED,Yes,NO APPARENT INJURY,LOOKED BUT DID NOT SEE,MD,PASSENGER CAR,40,2012,FORD,FUSION
MCP2923003X,180003144,Montgomery County Police,Property Damage Crash,01/19/2018 04:30:00 PM,Maryland (State),GEORGIA AVE,REEDIE DR,SAME DIR REAR END,CLEAR,DRY,DAYLIGHT,,NONE DETECTED,Yes,NO APPARENT INJURY,NOT DISTRACTED,MD,POLICE VEHICLE/EMERGENCY,35,2013,DODGE,CARAVAN
MCP27170039,15051044,MONTGOMERY,Property Damage Crash,10-08-15 15:53,Maryland (State),WISCONSIN AVE,MONTGOMERY AVE,SAME DIRECTION RIGHT TURN,,DRY,DAYLIGHT,TRAFFIC SIGNAL,NONE DETECTED,No,NO APPARENT INJURY,NOT DISTRACTED,MD,POLICE VEHICLE/NON EMERGENCY,25,2010,CHEVROLET,IMPALA
MCP32710053,240049327,MONTGOMERY,Property Damage Crash,10/15/2024 05:30:00 PM,County Route,DEMOCRACY BLVD,,Front to Rear,Clear,Dry,Daylight,No Controls,"Not Suspect of Alcohol Use, Not Suspect of Drug Use",Yes,No Apparent Injury,Unknown,PA,Passenger Car,45,2023,TOYOTA,COROLLA
MCP32630038,230019989,Montgomery County Police,Property Damage Crash,04/26/2023 03:40:00 PM,Maryland (State),WISCONSIN AVE,CHELTENHAM DR,HEAD ON LEFT TURN,RAINING,WET,DAYLIGHT,TRAFFIC SIGNAL,NONE DETECTED,Yes,NO APPARENT INJURY,LOOKED BUT DID NOT SEE,DC,PASSENGER CAR,25,2014,TOYOTA,PRIUS
MCP3390001T,250014347,MONTGOMERY,Injury Crash,04-02-25 14:29,County Route,DAWSON FARM RD,GERMANTOWN RD (SB/L),Front to Rear,Clear,Dry,Daylight,Traffic Control Signal,"Not Suspect of Alcohol Use, Not Suspect of Drug Use",Yes,No Apparent Injury,"Other Action (looking away from task, etc.)",MD,Passenger Car,40,2014,DODGE,CHARGER
MCP3143003X,220055702,Montgomery County Police,Injury Crash,12/16/2022 12:45:00 PM,Maryland (State),CONNECTICUT AVE,MANOR RD,HEAD ON LEFT TURN,CLEAR,DRY,DAYLIGHT,TRAFFIC SIGNAL,NONE DETECTED,No,NO APPARENT INJURY,NOT DISTRACTED,MD,(SPORT) UTILITY VEHICLE,35,2018,MAZDA,CX9
MCP2198005G,190023345,Montgomery County Police,Injury Crash,05/17/2019 02:47:00 PM,Maryland (State),GREAT SENECA HWY,DECOVERLY DR,SINGLE VEHICLE,CLEAR,DRY,DAYLIGHT,,,Yes,POSSIBLE INJURY,UNKNOWN,MD,PASSENGER CAR,50,2002,PONTIAC,GRAM AM
EJ79080028,250022120,GAITHERSBURG,Property Damage Crash,05/19/2025 12:37:00 PM,Maryland (State) Route,W DIAMOND AVE (WB/L),,Angle,Clear,Dry,Daylight,Traffic Control Signal,"Not Suspect of Alcohol Use, Not Suspect of Drug Use",No,No Apparent Injury,Not Distracted,MD,Passenger Car,40,2016,TOYOTA,COROLLA
MCP2048001H,170533260,Montgomery County Police,Injury Crash,09/26/2017 05:00:00 PM,Maryland (State),NEW HAMPSHIRE AVE,VALLEY BROOK DR,UNKNOWN,CLEAR,DRY,DAYLIGHT,TRAFFIC SIGNAL,NONE DETECTED,No,NO APPARENT INJURY,NOT DISTRACTED,MD,PASSENGER CAR,35,2000,TOYT,4S
MCP1425001T,240039742,MONTGOMERY,Injury Crash,08/22/2024 02:45:00 PM,Municipality Route,WOOTTON AVE,,Angle,Clear,Dry,Daylight,Stop Sign,"Not Suspect of Alcohol Use, Not Suspect of Drug Use",No,Possible Injury,Not Distracted,PA,Sport Utility Vehicle,30,2008,FORD,ESCAPE
MCP30630011,180046339,Montgomery County Police,Property Damage Crash,09/16/2018 09:08:00 PM,US (State),COLUMBIA PIKE,FAIRLAND RD,SAME DIR REAR END,CLEAR,,DARK LIGHTS ON,TRAFFIC SIGNAL,UNKNOWN,Yes,NO APPARENT INJURY,UNKNOWN,XX,PASSENGER CAR,50,2002,HYUNDAI,SANTA FE
MCP2710004D,240013408,MONTGOMERY,Injury Crash,03/20/2024 08:07:00 PM,County Route,,,Angle,Clear,Dry,Dark - Lighted,Traffic Control Signal,"Not Suspect of Alcohol Use, Not Suspect of Drug Use",No,Suspected Minor Injury,Not Distracted,MD,Passenger Car,35,2016,FORD,FIESTA
EJ78660035,180008467,Gaithersburg Police Depar,Injury Crash,02/18/2018 08:55:00 AM,Maryland (State),FREDERICK RD,CHRISTOPHER AVE,STRAIGHT MOVEMENT ANGLE,CLOUDY,WET,DAYLIGHT,TRAFFIC SIGNAL,NONE DETECTED,Yes,POSSIBLE INJURY,UNKNOWN,MD,PASSENGER CAR,40,1994,ACUR,4S
MCP27460010,15046331,MONTGOMERY,Property Damage Crash,09/13/2015 03:02:00 PM,Maryland (State),LAYHILL RD,GLENALLAN AVE,SAME DIRECTION SIDESWIPE,CLEAR,DRY,DAYLIGHT,TRAFFIC SIGNAL,ALCOHOL PRESENT,Yes,NO APPARENT INJURY,NOT DISTRACTED,MD,PICKUP TRUCK,40,2003,FORD,F150
MCP30390065,230001392,Montgomery County Police,Property Damage Crash,01-09-23 17:45,US (State),GEORGIA AVE,13TH ST,HEAD ON LEFT TURN,CLEAR,DRY,DARK LIGHTS ON,TRAFFIC SIGNAL,NONE DETECTED,Yes,NO APPARENT INJURY,NOT DISTRACTED,MD,PASSENGER CAR,30,2018,KIA,RIO
MCP3148005V,240001578,MONTGOMERY,Property Damage Crash,01-10-24 17:55,County Route,BEECH TREE RD,RIVER RD (WB/L),Other,Clear,Dry,Dusk,Traffic Control Signal,"Not Suspect of Alcohol Use, Not Suspect of Drug Use",No,No Apparent Injury,Unknown,MD,Passenger Car,35,2022,TESLA,MODEL Y
MCP31360011,180059266,Montgomery County Police,Property Damage Crash,11/27/2018 12:20:00 PM,US (State),COLESVILLE RD,CRESTMOOR DR,SAME DIRECTION RIGHT TURN,CLEAR,DRY,DAYLIGHT,NO CONTROLS,NONE DETECTED,No,NO APPARENT INJURY,NOT DISTRACTED,MD,PASSENGER CAR,40,2017,MINI,4H
MCP2965007M,230060222,Montgomery County Police,Injury Crash,10/13/2023 07:15:00 AM,County,RANDOLPH RD,MIDDLEVALE LA,SAME DIRECTION SIDESWIPE,CLEAR,DRY,DAYLIGHT,TRAFFIC SIGNAL,UNKNOWN,Yes,NO APPARENT INJURY,NOT DISTRACTED,MD,PASSENGER CAR,35,2020,NISSAN,4S
MCP2780008T,250052340,MONTGOMERY,Property Damage Crash,11/21/2025 06:53:00 PM,Maryland (State) Route,BARNESVILLE RD,,"Sideswipe, Opposite Direction",Cloudy,Dry,Dark - Not Lighted,No Controls,"Not Suspect of Alcohol Use, Not Suspect of Drug Use",No,No Apparent Injury,Not Distracted,MD,Passenger Car,40,2021,TOYOTA,CAMRY
MCP3125001T,190045611,Montgomery County Police,Injury Crash,09/23/2019 05:50:00 PM,County,REDLAND RD,FREDERICK RD,SAME DIR REAR END,CLEAR,DRY,DAYLIGHT,,NONE DETECTED,No,POSSIBLE INJURY,UNKNOWN,MD,PASSENGER CAR,35,2016,HONDA,4S
MCP2353005H,180030810,Montgomery County Police,Injury Crash,06/22/2018 10:55:00 AM,Maryland (State),EAST WEST HWY,BROOKVILLE RD,SAME DIR REAR END,RAINING,WET,DAYLIGHT,STOP SIGN,NONE DETECTED,Yes,NO APPARENT INJURY,UNKNOWN,MD,VAN,35,2012,CHEVROLET,EXPRESS
HA2330000J,25002195,MCPARK,Property Damage Crash,10-12-25 7:00,,,,Single Vehicle,Cloudy,,Other,,"Not Suspect of Alcohol Use, Not Suspect of Drug Use",Yes,No Apparent Injury,Not Distracted,MD,Other,0,2017,FORD,EXPLORER
MCP3084003F,190059472,Montgomery County Police,Injury Crash,12-10-19 10:54,County,DEMOCRACY BLVD,ROCKLEDGE DR,HEAD ON LEFT TURN,RAINING,WET,DAYLIGHT,TRAFFIC SIGNAL,NONE DETECTED,Yes,POSSIBLE INJURY,LOOKED BUT DID NOT SEE,MD,PASSENGER CAR,35,2008,TOYOTA,AVALON
MCP3068000J,170530663,Montgomery County Police,Property Damage Crash,09/14/2017 10:35:00 PM,Maryland (State),WISCONSIN AVE,WOODMONT AVE,SINGLE VEHICLE,RAINING,WET,DARK LIGHTS ON,OTHER,ALCOHOL CONTRIBUTED,Yes,NO APPARENT INJURY,NOT DISTRACTED,MD,PASSENGER CAR,35,2010,MAZDA,3
MCP2612002J,170549534,Montgomery County Police,Property Damage Crash,12/19/2017 03:50:00 PM,County,BEL PRE RD,GEORGIA AVE,SAME DIRECTION LEFT TURN,CLEAR,DRY,DAYLIGHT,TRAFFIC SIGNAL,NONE DETECTED,Yes,NO APPARENT INJURY,UNKNOWN,MD,PASSENGER CAR,35,1996,SATURN,STATION WAGON
MCP1378008C,15053461,MONTGOMERY,Injury Crash,10/21/2015 05:01:00 PM,Maryland (State),FREDERICK RD,ENT TO IBM,STRAIGHT MOVEMENT ANGLE,CLEAR,DRY,DAYLIGHT,TRAFFIC SIGNAL,NONE DETECTED,Yes,NO APPARENT INJURY,INATTENTIVE OR LOST IN THOUGHT,MD,PASSENGER CAR,40,2005,TOYT,CAMRY
MCP2995006F,200019964,Montgomery County Police,Property Damage Crash,05/18/2020 08:41:00 PM,County,JANET RD,MATEY RD,SAME DIR REAR END,CLEAR,DRY,DARK NO LIGHTS,NO CONTROLS,ALCOHOL PRESENT,Yes,NO APPARENT INJURY,UNKNOWN,MD,PASSENGER CAR,25,2008,NISSAN,ALTIMA
MCP22860013,16026233,Montgomery County Police,Property Damage Crash,05/26/2016 04:19:00 PM,Maryland (State),ROCKVILLE PIKE,WOOTTON PKWY,SAME DIR REAR END,CLEAR,DRY,DAYLIGHT,NO CONTROLS,NONE DETECTED,No,NO APPARENT INJURY,NOT DISTRACTED,MD,PASSENGER CAR,35,2009,VOLVO,4DR S60
MCP1151002P,15017211,Montgomery County Police,Property Damage Crash,04/14/2015 07:18:00 AM,Maryland (State),CLOPPER RD,CINNAMON DR,STRAIGHT MOVEMENT ANGLE,RAINING,WET,DAYLIGHT,STOP SIGN,NONE DETECTED,Yes,NO APPARENT INJURY,OTHER DISTRACTION,MD,PASSENGER CAR,30,2002,TOYT,CAMRY
MCP33740018,230049867,Montgomery County Police,Injury Crash,08/17/2023 07:20:00 AM,Maryland (State),UNIVERSITY BLVD W,NEWPORT MILL RD,SAME DIR REAR END,CLEAR,DRY,DAYLIGHT,TRAFFIC SIGNAL,NONE DETECTED,No,POSSIBLE INJURY,NOT DISTRACTED,MD,PASSENGER CAR,35,2012,TOYOTA,HIGHLANDER
MCP2635006S,210026739,Montgomery County Police,Fatal Crash,07-12-21 1:46,County,FAIRLAND RD,SERPENTINE WAY,SAME DIRECTION SIDESWIPE,CLEAR,DRY,DARK LIGHTS ON,FLASHING TRAFFIC SIGNAL,COMBINATION CONTRIBUTED,Yes,FATAL INJURY,UNKNOWN,MD,VAN,40,2004,CHEVROLET,EXPRESS
MCP3262003X,240007346,MONTGOMERY,Injury Crash,02/14/2024 03:30:00 PM,County Route,BRIGGS CHANEY RD,,"Sideswipe, Same Direction",Clear,Dry,Daylight,No Controls,"Not Suspect of Alcohol Use, Not Suspect of Drug Use",No,Possible Injury,Not Distracted,MD,Passenger Car,35,2017,TOYOTA,HIGHLANDER
MCP2981002T,190037028,Montgomery County Police,Property Damage Crash,08-03-19 15:00,County,FERRARA AVE,VEIRS MILL RD,SAME DIRECTION SIDESWIPE,CLEAR,DRY,DAYLIGHT,TRAFFIC SIGNAL,NONE DETECTED,Yes,NO APPARENT INJURY,UNKNOWN,MD,PASSENGER CAR,35,2019,MITSUBISHI,OUTLANDER
MCP3010009C,240011652,MONTGOMERY,Property Damage Crash,03-11-24 9:07,County Route,,RANDOLPH RD RANDOLPH RD (WB/L),Angle,Clear,Dry,Daylight,Traffic Control Signal,"Not Suspect of Alcohol Use, Not Suspect of Drug Use",No,No Apparent Injury,Not Distracted,MD,Passenger Car,35,2018,JEEP,GRAND CHEROKEE
MCP3255002W,210052703,Montgomery County Police,Injury Crash,12/26/2021 07:00:00 PM,County,WATKINS MILL RD,APPLE RIDGE RD,HEAD ON,CLEAR,DRY,DARK -- UNKNOWN LIGHTING,TRAFFIC SIGNAL,,No,POSSIBLE INJURY,NOT DISTRACTED,MD,PASSENGER CAR,35,2008,BUICK,4D
MCP3029003L,220016398,Montgomery County Police,Property Damage Crash,04-08-22 13:30,,,,SINGLE VEHICLE,CLEAR,,DAYLIGHT,NO CONTROLS,NONE DETECTED,Yes,NO APPARENT INJURY,NOT DISTRACTED,MD,POLICE VEHICLE/NON EMERGENCY,5,2018,CHEVROLET,SUBURBAN
MCP1366005W,17010457,Montgomery County Police,Injury Crash,02/27/2017 10:00:00 AM,Maryland (State),HUNGERFORD DR,BEALL AVE #2,SAME DIR REAR END,CLOUDY,DRY,DAYLIGHT,NO CONTROLS,NONE DETECTED,No,NO APPARENT INJURY,NOT DISTRACTED,MD,VAN,35,2012,FORD,VN
MCP0617006G,240055314,MONTGOMERY,Injury Crash,11/18/2024 01:45:00 PM,Maryland (State) Route,LAYHILL RD,,Front to Rear,Clear,Dry,Daylight,No Controls,"Not Suspect of Alcohol Use, Not Suspect of Drug Use",No,No Apparent Injury,Not Distracted,MD,Passenger Car,40,2020,HONDA,FIT
MCP1433003Z,220021410,Montgomery County Police,Property Damage Crash,05/19/2022 07:40:00 PM,,,,OTHER,CLEAR,,DAYLIGHT,,NONE DETECTED,No,NO APPARENT INJURY,NOT DISTRACTED,MD,PASSENGER CAR,15,2013,LEXUS,ES300
DD56730015,250006226,ROCKVILLE,Property Damage Crash,02-04-25 17:05,Maryland (State) Route,VEIRS MILL RD,,Front to Rear,Clear,Dry,Daylight,No Controls,"Not Suspect of Alcohol Use, Not Suspect of Drug Use",No,No Apparent Injury,Not Distracted,MD,Passenger Car,25,2016,ACURA,MDX
MCP1550001Q,15064102,MONTGOMERY,Property Damage Crash,12/15/2015 06:18:00 PM,Maryland (State),CONNECTICUT AVE,RAMP 4 FR MD 185 NB TO IS 495 EB,SAME DIR REAR END,CLEAR,DRY,DARK LIGHTS ON,NO CONTROLS,NONE DETECTED,No,NO APPARENT INJURY,NOT DISTRACTED,MD,(SPORT) UTILITY VEHICLE,35,2014,JEEP,PATRIOT
MCP2617001V,16021848,Montgomery County Police,Injury Crash,05-03-16 15:21,Maryland (State),RIVER RD,WILSON LA,SAME DIR REAR END,CLEAR,DRY,DAYLIGHT,NO CONTROLS,NONE DETECTED,No,SUSPECTED MINOR INJURY,NOT DISTRACTED,MD,PASSENGER CAR,35,2016,MERCEDEZ,C300
MCP27670011,15034628,MONTGOMERY,Property Damage Crash,07/14/2015 06:46:00 PM,Maryland (State),VEIRS MILL RD,GALT AVE,SAME DIR REAR END,CLEAR,DRY,DAYLIGHT,NO CONTROLS,NONE DETECTED,Yes,NO APPARENT INJURY,LOOKED BUT DID NOT SEE,MD,PASSENGER CAR,40,2001,HOND,4S
MCP3168007V,250010693,MONTGOMERY,Property Damage Crash,03-11-25 17:14,County Route,AVERY RD,,Front to Rear,Clear,Dry,Daylight,Pedestrian Crossing Sign,"Not Suspect of Alcohol Use, Not Suspect of Drug Use",No,No Apparent Injury,"Other Action (looking away from task, etc.)",MD,Sport Utility Vehicle,30,2021,CHEVROLET,EQUINOX
MCP26830037,180042240,Montgomery County Police,Property Damage Crash,08/24/2018 05:47:00 PM,County,MOUNTAIN LAUREL LA,CRABAPPLE LA,STRAIGHT MOVEMENT ANGLE,CLEAR,DRY,DAYLIGHT,STOP SIGN,NONE DETECTED,Yes,NO APPARENT INJURY,NOT DISTRACTED,MD,PASSENGER CAR,25,2008,SAAB,AERO95
MCP27500021,16022884,Montgomery County Police,Injury Crash,05-08-16 19:40,County,CLARIDGE RD,MEDWAY ST,STRAIGHT MOVEMENT ANGLE,CLEAR,DRY,DAYLIGHT,NO CONTROLS,UNKNOWN,No,NO APPARENT INJURY,UNKNOWN,,PASSENGER CAR,30,2016,HONDA,ACCORD
MCP3021006L,230028386,Montgomery County Police,Injury Crash,06/13/2023 09:00:00 AM,US (State),COLUMBIA PIKE,BLACKBURN RD,SAME DIRECTION LEFT TURN,CLEAR,DRY,DAYLIGHT,NO CONTROLS,NONE DETECTED,Yes,SUSPECTED MINOR INJURY,LOOKED BUT DID NOT SEE,MD,PASSENGER CAR,50,2020,MERZ,SUV
MCP3368001F,230050058,Montgomery County Police,Property Damage Crash,08/18/2023 09:09:00 AM,Maryland (State),MONTGOMERY VILLAGE AVE,SPUR TO RUSSELL AVE,HEAD ON LEFT TURN,CLEAR,DRY,DAYLIGHT,TRAFFIC SIGNAL,NONE DETECTED,Yes,NO APPARENT INJURY,UNKNOWN,VA,PASSENGER CAR,35,2018,TOYOTA,C-HR
MCP25820055,240030824,MONTGOMERY,Property Damage Crash,06/29/2024 10:31:00 PM,County Route,GOOD HOPE RD,BONIFANT RD NEW HAMPSHIRE AVE,Front to Rear,Clear,Dry,Dark - Lighted,Traffic Control Signal,"Not Suspect of Alcohol Use, Not Suspect of Drug Use",No,No Apparent Injury,Not Distracted,MD,Passenger Car,40,2011,NISSAN,SENTRA
MCP2607003M,180050039,Montgomery County Police,Property Damage Crash,10-06-18 16:26,,EAST DIAMOND AVENUE,MELVIN STREET,OTHER,CLOUDY,DRY,DAYLIGHT,NO CONTROLS,NONE DETECTED,No,NO APPARENT INJURY,NOT DISTRACTED,MD,PASSENGER CAR,25,2001,TOYOTA,CAMRY
MCP3305003D,240026448,MONTGOMERY,Property Damage Crash,06-04-24 5:00,County Route,,NEW HAMPSHIRE AVE (SB/L),Rear To Side,Clear,Dry,Dark - Lighted,Traffic Control Signal,"Not Suspect of Alcohol Use, Not Suspect of Drug Use",No,No Apparent Injury,Not Distracted,DC,Bus - Transit,40,2020,NEW FLYER,TRANSIT BUS
MCP27070018,180035492,Montgomery County Police,Property Damage Crash,07/18/2018 08:20:00 AM,County,MEDICAL CENTER DR,KEY WEST AVE,SAME DIR REAR END,CLEAR,DRY,DAYLIGHT,,NONE DETECTED,Yes,NO APPARENT INJURY,NOT DISTRACTED,MD,PASSENGER CAR,25,2004,LEXU,4S
MCP26650020,17012493,Montgomery County Police,Property Damage Crash,03-09-17 18:51,Maryland (State),MONTROSE PKWY,RAMP 2 FR MONTROSE PKWY TO MD 355 NB,SINGLE VEHICLE,CLEAR,DRY,DARK LIGHTS ON,NO CONTROLS,,Yes,NO APPARENT INJURY,NOT DISTRACTED,MD,PASSENGER CAR,35,2012,TOYOTA,CAMRY
MCP2372003K,200046382,Montgomery County Police,Property Damage Crash,11/24/2020 08:07:00 AM,Maryland (State),RIVER RD,RAMP 8 FR RAMP 5 (FR IS495) TO MD 190 WB,STRAIGHT MOVEMENT ANGLE,CLEAR,DRY,DAYLIGHT,TRAFFIC SIGNAL,NONE DETECTED,No,NO APPARENT INJURY,NOT DISTRACTED,MD,(SPORT) UTILITY VEHICLE,35,2002,HONDA,CRV
MCP3096003W,230006468,Montgomery County Police,Property Damage Crash,02-08-23 17:13,Maryland (State),FREDERICK RD,SHADY GROVE RD,HEAD ON LEFT TURN,CLEAR,DRY,DUSK,TRAFFIC SIGNAL,NONE DETECTED,Yes,NO APPARENT INJURY,NOT DISTRACTED,MD,PASSENGER CAR,40,2010,TOYOTA,CAMRY
EJ79050037,250022178,GAITHERSBURG,Injury Crash,05/19/2025 04:57:00 PM,Municipality Route,N SUMMIT AVE,,Front to Rear,Clear,Dry,Daylight,No Controls,"Not Suspect of Alcohol Use, Not Suspect of Drug Use",Yes,No Apparent Injury,Unknown,MD,Passenger Car,25,2021,HYUNDAI,ACCENT
MCP3005005Z,210045840,Montgomery County Police,Property Damage Crash,11-12-21 8:42,Maryland (State),GEORGIA AVE,BLUERIDGE AVE,SAME DIRECTION SIDESWIPE,CLOUDY,WET,DAYLIGHT,NO CONTROLS,NONE DETECTED,Yes,NO APPARENT INJURY,LOOKED BUT DID NOT SEE,MD,TRANSIT BUS,25,2014,GILL,BUS
MCP2823001J,15044413,MONTGOMERY,Property Damage Crash,09-03-15 19:53,County,BEL PRE RD,ARCTIC AVE,SAME DIR REAR END,CLEAR,DRY,DUSK,NO CONTROLS,NONE DETECTED,No,NO APPARENT INJURY,NOT DISTRACTED,VA,PASSENGER CAR,35,2006,CHRYSLER,300
MCP9429000K,230068089,Montgomery County Police,Property Damage Crash,11/24/2023 03:20:00 PM,US (State),COLESVILLE RD,GEORGIA AVE,SAME DIR BOTH LEFT TURN,CLEAR,DRY,DAYLIGHT,TRAFFIC SIGNAL,NONE DETECTED,Yes,NO APPARENT INJURY,NOT DISTRACTED,MD,OTHER,35,2020,NOVA,BUS
MCP2643000B,15058001,MONTGOMERY,Property Damage Crash,11/13/2015 05:01:00 PM,Interstate (State),CAPITAL BELTWAY,CONNECTICUT AVE,SAME DIR REAR END,,,DUSK,NO CONTROLS,NONE DETECTED,Yes,NO APPARENT INJURY,INATTENTIVE OR LOST IN THOUGHT,MD,PASSENGER CAR,55,1998,LEXUS,ES300
MCP3021005L,210000155,Montgomery County Police,Property Damage Crash,01-02-21 13:00,Maryland (State),OLD COLUMBIA PIKE,E RANDOLPH RD,SAME DIR REAR END,,DRY,DAYLIGHT,TRAFFIC SIGNAL,NONE DETECTED,No,NO APPARENT INJURY,NOT DISTRACTED,MD,PASSENGER CAR,35,2015,HYUNDAI,SONATA
MCP2853006P,190046041,Montgomery County Police,Injury Crash,09/25/2019 06:15:00 PM,Maryland (State),UNIVERSITY BLVD E,COLESVILLE RD,OTHER,,DRY,DAYLIGHT,TRAFFIC SIGNAL,,Yes,NO APPARENT INJURY,LOOKED BUT DID NOT SEE,MD,PASSENGER CAR,40,2008,HONDA,VAN
MCP3405000L,250016044,MONTGOMERY,Property Damage Crash,04/13/2025 12:13:00 AM,County Route,MATENY RD,,Front to Rear,Rain,Wet,Dark - Lighted,No Controls,"Unknown, Unknown",No,,,,Passenger Car,30,0,,
MCP2422000Y,15064075,MONTGOMERY,Property Damage Crash,12/15/2015 03:32:00 PM,Maryland (State),MUNCASTER MILL RD,BOWIE MILL RD,HEAD ON LEFT TURN,CLEAR,,DAYLIGHT,TRAFFIC SIGNAL,NONE DETECTED,Yes,NO APPARENT INJURY,NOT DISTRACTED,MD,,40,2010,TOYOTA,TRUCK
DD56730009,240042035,ROCKVILLE,Property Damage Crash,09-05-24 7:15,Maryland (State) Route,FIRST ST (WB/L),,Front to Rear,Clear,Dry,Daylight,Traffic Control Signal,"Not Suspect of Alcohol Use, Not Suspect of Drug Use",No,No Apparent Injury,Not Distracted,MD,Passenger Car,30,2023,HONDA,CR-V
DD56420008,190050476,Rockville Police Departme,Property Damage Crash,10/21/2019 12:04:00 PM,Municipality,MONROE ST,E JEFFERSON ST,OTHER,,DRY,,TRAFFIC SIGNAL,NONE DETECTED,No,NO APPARENT INJURY,NOT DISTRACTED,MD,PASSENGER CAR,25,2005,SUBARU,TK
MCP1221001Q,15059827,MONTGOMERY,Injury Crash,11/23/2015 10:12:00 AM,County,SHADY GROVE RD,RAMP 7 FR SHADY GROVE RD WB TO IS 270 SB,STRAIGHT MOVEMENT ANGLE,CLEAR,DRY,DAYLIGHT,TRAFFIC SIGNAL,NONE DETECTED,No,SUSPECTED MINOR INJURY,NOT DISTRACTED,MD,PASSENGER CAR,45,2006,HONDA,CIVIC
MCP2780004S,190044349,Montgomery County Police,Injury Crash,09/16/2019 03:00:00 PM,County,WISTERIA DR,WATERS RD,STRAIGHT MOVEMENT ANGLE,,,DAYLIGHT,NO CONTROLS,,No,POSSIBLE INJURY,NOT DISTRACTED,MD,(SPORT) UTILITY VEHICLE,25,2004,HONDA,CRV
MCP3141000N,180058321,Montgomery County Police,Property Damage Crash,11/20/2018 09:34:00 PM,,,,STRAIGHT MOVEMENT ANGLE,,,DARK LIGHTS ON,OTHER,NONE DETECTED,Yes,NO APPARENT INJURY,LOOKED BUT DID NOT SEE,MD,(SPORT) UTILITY VEHICLE,10,2006,KIA,SPORTAGE
MCP2782005N,250046418,MONTGOMERY,Property Damage Crash,10/15/2025 06:03:00 PM,Maryland (State) Route,OLNEY LAYTONSVILLE RD,,Angle,Clear,Dry,Daylight,No Controls,"Not Suspect of Alcohol Use, Not Suspect of Drug Use",Yes,No Apparent Injury,Not Distracted,MD,Passenger Car,30,2016,TOYOTA,PRIUS C