Report Number,Local Case Number,Agency Name,ACRS Report Type,Crash Date/Time,Route Type,Road Name,Cross-Street Name,Collision Type,Weather,Surface Condition,Light,Traffic Control,Driver Substance Abuse,Driver At Fault,Injury Severity,Driver Distracted By,Drivers License State,Vehicle Body Type,Speed Limit,Vehicle Year,Vehicle Make,Vehicle Model
MCP2425008T,17008380,Montgomery County Police,Property Damage Crash,02/16/2017 08:50:00 AM,Maryland (State),UNIVERSITY BLVD E,PINEY BRANCH RD,SAME DIR REAR END,CLEAR,DRY,DAYLIGHT,TRAFFIC SIGNAL,NONE DETECTED,No,NO APPARENT INJURY,NOT DISTRACTED,MD,TRANSIT BUS,40,2011,NEW FLYER,BUS
MCP1433005Y,240046063,MONTGOMERY,Property Damage Crash,09/26/2024 07:25:00 PM,Maryland (State) Route,VEIRS MILL RD (WB/L),,Front to Rear,Cloudy,Wet,Dark - Not Lighted,Traffic Control Signal,"Not Suspect of Alcohol Use, Not Suspect of Drug Use",No,No Apparent Injury,Not Distracted,MD,Passenger Car,40,2021,TOYOTA,CAMRY
MCP12570007,15003022,Montgomery County Police,Property Damage Crash,01/19/2015 02:00:00 PM,,,,OTHER,CLEAR,,DAYLIGHT,NO CONTROLS,NONE DETECTED,No,NO APPARENT INJURY,NOT DISTRACTED,MD,VAN,5,2008,HONDA,ODYSSEY
MCP2968004S,230016589,Montgomery County Police,Property Damage Crash,04-07-23 9:56,Maryland (State),FREDERICK RD,REDLAND BLVD,SAME DIR REAR END,CLOUDY,DRY,DAYLIGHT,TRAFFIC SIGNAL,,No,NO APPARENT INJURY,NOT DISTRACTED,MD,PASSENGER CAR,45,2018,NISSAN,VERSA
MCP2919008L,210037999,Montgomery County Police,Property Damage Crash,09/25/2021 06:16:00 PM,Maryland (State),NEW HAMPSHIRE AVE,ADELPHI RD,SAME DIR REAR END,CLEAR,DRY,DAYLIGHT,,NONE DETECTED,Yes,NO APPARENT INJURY,OTHER CELLULAR PHONE RELATED,MD,PASSENGER CAR,40,2003,FORD,EXPEDITION
MCP23880018,180030681,Montgomery County Police,Injury Crash,06/21/2018 04:00:00 PM,Maryland (State),NEW HAMPSHIRE AVE,RAMP 5 FR MD 650 SB TO IS 495 EB,SAME DIR REAR END,CLOUDY,DRY,DAYLIGHT,,NONE DETECTED,Yes,NO APPARENT INJURY,NOT DISTRACTED,MD,PASSENGER CAR,40,2000,LEXU,ES300
MCP2871002H,15061819,MONTGOMERY,Injury Crash,12-03-15 19:52,Interstate (State),CAPITAL BELTWAY,BRADLEY BLVD,SAME DIR REAR END,CLEAR,DRY,DARK NO LIGHTS,NO CONTROLS,NONE DETECTED,No,NO APPARENT INJURY,NOT DISTRACTED,PA,PICKUP TRUCK,55,2004,FORD,TK
MCP235800BC,230013693,Montgomery County Police,Property Damage Crash,03/21/2023 12:46:00 PM,Maryland (State),BRADLEY BLVD,KENDALE RD,SAME DIRECTION RIGHT TURN,CLEAR,DRY,DAYLIGHT,NO CONTROLS,NONE DETECTED,Yes,NO APPARENT INJURY,NOT DISTRACTED,MD,PASSENGER CAR,35,2005,CHEV.,SILVERADO
MCP30650034,200019248,Montgomery County Police,Property Damage Crash,05-12-20 12:29,Maryland (State),GEORGIA AVE,FENWICK LA,SAME DIRECTION RIGHT TURN,CLEAR,DRY,DAYLIGHT,NO CONTROLS,UNKNOWN,Yes,NO APPARENT INJURY,LOOKED BUT DID NOT SEE,MD,PASSENGER CAR,35,2015,TOYOTA,SIENNA
MCP26800034,190014405,Montgomery County Police,Injury Crash,03/28/2019 04:55:00 PM,US (State),GEORGIA AVE,BONIFANT ST,SAME DIRECTION SIDESWIPE,CLEAR,,DAYLIGHT,TRAFFIC SIGNAL,NONE DETECTED,Yes,NO APPARENT INJURY,LOOKED BUT DID NOT SEE,MD,PASSENGER CAR,35,2017,DODGE,RAM
MCP29700009,15020694,Montgomery County Police,Injury Crash,05-02-15 2:23,County,GRANDVIEW AVE,ENNALLS AVE,SAME DIR REAR END,CLEAR,,DARK LIGHTS ON,NO CONTROLS,,No,SUSPECTED MINOR INJURY,NOT DISTRACTED,MD,POLICE VEHICLE/EMERGENCY,35,2014,DODGE,CHARGER
MCP3407001W,250049379,MONTGOMERY,Injury Crash,11-03-25 19:42,County Route,MIDDLEBROOK RD,,Angle,Clear,Dry,Dark - Lighted,Stop Sign,"Not Suspect of Alcohol Use, Not Suspect of Drug Use",Yes,Suspected Minor Injury,Unknown,NJ,Passenger Car,15,2018,AUDI,S3
MCP2043001Y,210013999,Montgomery County Police,Property Damage Crash,04/14/2021 11:02:00 PM,County,LARCHMONT TERR,TOWNE CREST DR,OTHER,RAINING,WET,DARK LIGHTS ON,NO CONTROLS,NONE DETECTED,No,NO APPARENT INJURY,NOT DISTRACTED,MD,PASSENGER CAR,20,2016,TOYOTA,COROLLA
MCP3257000V,200037159,Montgomery County Police,Property Damage Crash,09/22/2020 10:03:00 AM,Maryland (State),RIVER RD,CLIPPER LA,SAME DIR REAR END,CLEAR,DRY,DAYLIGHT,NO CONTROLS,NONE DETECTED,No,NO APPARENT INJURY,NOT DISTRACTED,MD,PASSENGER CAR,35,2006,TOYOTA,TACOMA
MCP2087002S,190009276,Montgomery County Police,Injury Crash,02/27/2019 08:01:00 AM,County,RANDOLPH RD,LIVINGSTON ST,SAME DIR REAR END,CLEAR,DRY,DAYLIGHT,TRAFFIC SIGNAL,NONE DETECTED,Yes,NO APPARENT INJURY,NOT DISTRACTED,MD,PASSENGER CAR,35,2015,CHEVY,EQUINOX
EJ7899001N,250015828,GAITHERSBURG,Injury Crash,04-11-25 15:34,Maryland (State) Route,FREDERICK RD,,Front to Rear,Rain,Wet,Daylight,Stop Sign,"Not Suspect of Alcohol Use, Not Suspect of Drug Use",No,Suspected Minor Injury,Not Distracted,MD,Passenger Car,15,2011,SUBARU,OUTBACK
MCP00360085,180041568,Montgomery County Police,Injury Crash,08/21/2018 11:02:00 AM,Ramp,RAMP 7 FR MIDDLEBROOK RD TO RAMP 6,MIDDLEBROOK RD,SINGLE VEHICLE,RAINING,WET,DAYLIGHT,NO CONTROLS,NONE DETECTED,Yes,POSSIBLE INJURY,UNKNOWN,MD,PASSENGER CAR,30,2005,BMW,4S
HA25000007,22001843,Maryland-National Capital,Property Damage Crash,10/19/2022 04:45:00 PM,County,CONNECTICUT AVE,CONNECTICUT AVE (BACK),HEAD ON LEFT TURN,CLEAR,DRY,DAYLIGHT,TRAFFIC SIGNAL,NONE DETECTED,Unknown,NO APPARENT INJURY,NOT DISTRACTED,MD,PASSENGER CAR,35,2007,NISS,SU
MCP1233000Q,15027115,Montgomery County Police,Property Damage Crash,06-04-15 19:17,,,,SAME DIR REND LEFT TURN,RAINING,,DAYLIGHT,NO CONTROLS,NONE DETECTED,No,NO APPARENT INJURY,NOT DISTRACTED,DC,POLICE VEHICLE/EMERGENCY,0,2008,FORD,CROWN VICTORIA
MCP31530047,220020334,Montgomery County Police,Property Damage Crash,05/13/2022 08:44:00 AM,County,RANDOLPH RD,GOODHILL RD,STRAIGHT MOVEMENT ANGLE,RAINING,WET,DAYLIGHT,STOP SIGN,NONE DETECTED,Yes,NO APPARENT INJURY,LOOKED BUT DID NOT SEE,MD,PASSENGER CAR,25,2016,JEEP,TK
MCP158000DL,210006057,Montgomery County Police,Property Damage Crash,02/16/2021 12:44:00 PM,Interstate (State),NO NAME,RAMP 2 FR IS 370 WB TO IS 270 NB,SAME DIR REAR END,CLOUDY,DRY,DAYLIGHT,NO CONTROLS,NONE DETECTED,Yes,NO APPARENT INJURY,NOT DISTRACTED,MD,TRANSIT BUS,55,2014,GILL,RIDE ON BUS
MCP2594000Y,15026991,Montgomery County Police,Property Damage Crash,06-04-15 6:59,Maryland (State),NORBECK RD,LAYHILL RD,SAME DIRECTION SIDESWIPE,RAINING,WET,DAYLIGHT,,NONE DETECTED,No,NO APPARENT INJURY,NOT DISTRACTED,MD,PICKUP TRUCK,40,2001,KENOWORTH,TRACTOR TRALIER
MCP32390024,220023737,Montgomery County Police,Property Damage Crash,06-03-22 8:50,County,E RANDOLPH RD,SMITH VILLAGE RD,ANGLE MEETS RIGHT TURN,CLEAR,DRY,DAYLIGHT,YIELD SIGN,NONE DETECTED,No,NO APPARENT INJURY,NOT DISTRACTED,MD,PASSENGER CAR,40,2021,ACURA,SD
DD5595004N,170532202,Rockville Police Departme,Injury Crash,09/22/2017 05:00:00 PM,Maryland (State),W MONTGOMERY AVE,W GUDE DR,SAME DIR REAR END,CLOUDY,DRY,DAYLIGHT,TRAFFIC SIGNAL,NONE DETECTED,Yes,SUSPECTED MINOR INJURY,NOT DISTRACTED,MD,MOTORCYCLE,40,1977,KAWA,MC
MCP2116004F,16028347,Montgomery County Police,Property Damage Crash,06-06-16 13:48,Maryland (State),NORBECK RD,AVERY RD,SAME DIR REAR END,CLEAR,DRY,DAYLIGHT,TRAFFIC SIGNAL,NONE DETECTED,No,NO APPARENT INJURY,NOT DISTRACTED,PA,PICKUP TRUCK,50,2009,CHEVY,TK
MCP2974002W,190055900,Montgomery County Police,Injury Crash,11/19/2019 05:35:00 PM,Maryland (State),OLD COLUMBIA PIKE,OLD COLUMBIA PIKE,STRAIGHT MOVEMENT ANGLE,CLEAR,DRY,DARK LIGHTS ON,,NONE DETECTED,Yes,SUSPECTED MINOR INJURY,UNKNOWN,MD,PASSENGER CAR,35,2014,ACURA,ILX
MCP33290037,240050061,MONTGOMERY,Property Damage Crash,10/19/2024 06:27:00 PM,US (State),COLUMBIA PIKE (SB/L),,Front to Rear,Clear,Dry,Dark - Not Lighted,No Controls,"Not Suspect of Alcohol Use, Not Suspect of Drug Use",No,No Apparent Injury,Not Distracted,MD,Passenger Car,50,2019,HYUNDAI,SANTA FE
MCP2339001N,16032985,Montgomery County Police,Injury Crash,06/29/2016 07:21:00 PM,Maryland (State),OLNEY SANDY SPRING RD,GEORGIA AVE,HEAD ON LEFT TURN,CLEAR,DRY,DAYLIGHT,TRAFFIC SIGNAL,NONE DETECTED,Yes,NO APPARENT INJURY,LOOKED BUT DID NOT SEE,MD,TRANSIT BUS,40,2009,GILL,BUS
MCP2953000Q,15059486,MONTGOMERY,Property Damage Crash,11/21/2015 10:56:00 AM,County,BAUER DR,BURNSIDE DR,STRAIGHT MOVEMENT ANGLE,CLEAR,DRY,DAYLIGHT,NO CONTROLS,NONE DETECTED,Yes,NO APPARENT INJURY,UNKNOWN,MD,PASSENGER CAR,30,2009,SUBA,SW
MCP3044007J,240040126,MONTGOMERY,Injury Crash,08/24/2024 08:49:00 PM,US (State),COLUMBIA PIKE,,Front to Rear,Clear,Dry,Dark - Lighted,Traffic Control Signal,"Not Suspect of Alcohol Use, Not Suspect of Drug Use",No,No Apparent Injury,Not Distracted,MD,Passenger Car,50,2021,HONDA,CIVIC
MCP2059003R,170500854,Montgomery County Police,Injury Crash,04-07-17 10:26,Maryland (State),CONNECTICUT AVE,MONTROSE DR,SAME DIR REAR END,CLOUDY,DRY,DAYLIGHT,NO CONTROLS,NONE DETECTED,No,NO APPARENT INJURY,NOT DISTRACTED,MD,VAN,35,2007,CHEVROLET,E350
MCP2437005N,240022771,MONTGOMERY,Property Damage Crash,05/14/2024 01:56:00 PM,,,,Angle,Rain,,Daylight,,"Not Suspect of Alcohol Use, Not Suspect of Drug Use",Yes,No Apparent Injury,Unknown,MD,Sport Utility Vehicle,0,2018,JEEP,COMPASS
MCP2961000J,15046538,MONTGOMERY,Property Damage Crash,09/14/2015 05:10:00 PM,Maryland (State),GEORGIA AVE,UNIVERSITY BLVD W,ANGLE MEETS RIGHT TURN,CLEAR,DRY,DAYLIGHT,NO CONTROLS,NONE DETECTED,No,NO APPARENT INJURY,NOT DISTRACTED,MD,PASSENGER CAR,35,2013,DODG,VN
MCP2239002P,240031175,MONTGOMERY,Injury Crash,07-02-24 8:21,County Route,MONTROSE RD (WB/L),,Other,Clear,Dry,Daylight,Other,"Not Suspect of Alcohol Use, Not Suspect of Drug Use",No,No Apparent Injury,Not Distracted,MD,Passenger Car,35,2019,TOYOTA,TACOMA
MCP102200F7,200035461,Montgomery County Police,Property Damage Crash,09-10-20 9:26,County,BRINK RD,GOSHEN RD,SINGLE VEHICLE,CLOUDY,WET,DAYLIGHT,NO CONTROLS,NONE DETECTED,Yes,NO APPARENT INJURY,NOT DISTRACTED,MD,PASSENGER CAR,35,2000,LEXUS,ES300
EJ7865004G,190030552,Gaithersburg Police Depar,Property Damage Crash,06/26/2019 06:45:00 PM,Maryland (State),FREDERICK RD,ENT TO BUSINESS,STRAIGHT MOVEMENT ANGLE,CLEAR,DRY,DAYLIGHT,NO CONTROLS,NONE DETECTED,Yes,NO APPARENT INJURY,UNKNOWN,MD,PASSENGER CAR,30,2015,TOYOTA,4D
MCP26650014,15036618,MONTGOMERY,Property Damage Crash,07/24/2015 06:43:00 PM,Maryland (State),OLD GEORGETOWN RD,SPUR TO MD 355,SAME DIRECTION SIDESWIPE,CLEAR,DRY,DAYLIGHT,YIELD SIGN,,Yes,NO APPARENT INJURY,NOT DISTRACTED,MD,PASSENGER CAR,40,2013,CHRYSLER,TOWN AND COUNTRY
MCP3442000J,250021470,MONTGOMERY,Injury Crash,05/15/2025 03:23:00 PM,Maryland (State) Route,MUNCASTER MILL RD,,Front to Rear,Clear,Dry,Daylight,No Controls,"Not Suspect of Alcohol Use, Not Suspect of Drug Use",No,Possible Injury,Unknown,MD,Passenger Car,35,2019,NISSAN,ROGUE
MCP2588001T,16048475,Montgomery County Police,Injury Crash,09/21/2016 07:29:00 AM,Maryland (State),VEIRS MILL RD,TURKEY BRANCH PKWY,SAME DIR REAR END,CLOUDY,DRY,DAYLIGHT,OTHER,NONE DETECTED,Yes,NO APPARENT INJURY,NOT DISTRACTED,MD,PASSENGER CAR,45,1999,TOYOTA,CAMRY
EJ78750016,200023967,Gaithersburg Police Depar,Property Damage Crash,06/19/2020 02:31:00 AM,Municipality,GIRARD ST,LARKSPUR WAY,OTHER,CLEAR,DRY,DARK LIGHTS ON,NO CONTROLS,,Yes,NO APPARENT INJURY,NOT DISTRACTED,PA,POLICE VEHICLE/EMERGENCY,60,2019,FORD,TK
MCP26740041,230030978,Montgomery County Police,Injury Crash,06/28/2023 07:49:00 PM,Maryland (State),OLNEY LAYTONSVILLE RD,FIELDCREST RD,HEAD ON LEFT TURN,CLEAR,DRY,DAYLIGHT,TRAFFIC SIGNAL,NONE DETECTED,Yes,NO APPARENT INJURY,NOT DISTRACTED,MD,PASSENGER CAR,40,2017,NISSAN,ALTIMA
MCP2809003G,16043163,Montgomery County Police,Property Damage Crash,08/25/2016 08:16:00 AM,Maryland (State),GEORGIA AVE,REEDIE DR,SAME DIRECTION SIDESWIPE,CLEAR,DRY,DAYLIGHT,NO CONTROLS,,No,NO APPARENT INJURY,NOT DISTRACTED,MD,"CARGO VAN/LIGHT TRUCK 2 AXLES (OVER 10,000LBS (4,536 KG))",35,2015,FORD,TK
EJ7886000X,220002433,Gaithersburg Police Depar,Property Damage Crash,01/19/2022 10:47:00 PM,Maryland (State),MONTGOMERY VILLAGE AVE,RUSSELL AVE,SAME DIR REAR END,RAINING,WET,DARK LIGHTS ON,TRAFFIC SIGNAL,,No,NO APPARENT INJURY,UNKNOWN,MD,PASSENGER CAR,35,2005,DODG,TK
MCP3348004Z,250050074,MONTGOMERY,Property Damage Crash,11-07-25 16:00,Maryland (State) Route,NEW HAMPSHIRE AVE,,Front to Rear,Clear,Dry,Daylight,No Controls,"Not Suspect of Alcohol Use, Not Suspect of Drug Use",Yes,No Apparent Injury,Unknown,MD,Passenger Car,35,2015,MASERATI,GHIBLI
EJ7858005R,210016370,Gaithersburg Police Depar,Property Damage Crash,05-02-21 10:55,Maryland (State),GREAT SENECA HWY,SAM EIG HWY,SAME DIRECTION SIDESWIPE,CLEAR,DRY,DAYLIGHT,NO CONTROLS,NONE DETECTED,No,NO APPARENT INJURY,NOT DISTRACTED,MD,PASSENGER CAR,50,2004,BUIC,4S
MCP2363000F,15024330,Montgomery County Police,Injury Crash,05/21/2015 06:09:00 AM,Maryland (State),RIDGE RD,BELLISON RD,ANGLE MEETS LEFT TURN,RAINING,WET,DAYLIGHT,,NONE DETECTED,No,NO APPARENT INJURY,NOT DISTRACTED,MD,PASSENGER CAR,40,2002,SUBA,OUTLANDER
MCP2869002Y,180062454,Montgomery County Police,Injury Crash,12/14/2018 01:00:00 PM,Maryland (State),GEORGIA AVE,ENT TO NORTHGATE PLAZA,STRAIGHT MOVEMENT ANGLE,,DRY,DAYLIGHT,NO CONTROLS,NONE DETECTED,Yes,NO APPARENT INJURY,LOOKED BUT DID NOT SEE,MD,PASSENGER CAR,45,2002,TOYT,CAMRY
MCP28940015,15043915,MONTGOMERY,Property Damage Crash,09-01-15 11:34,County,BOILING BROOK PKWY,ROCKING HORSE RD,STRAIGHT MOVEMENT ANGLE,CLEAR,DRY,DAYLIGHT,STOP SIGN,NONE DETECTED,Yes,NO APPARENT INJURY,LOOKED BUT DID NOT SEE,MD,PASSENGER CAR,20,2014,CHEVY,SONIC
MCP3051004L,210039164,Montgomery County Police,Property Damage Crash,10-02-21 16:40,Maryland (State),BRADLEY BLVD,GOLDSBORO RD,HEAD ON LEFT TURN,CLEAR,DRY,DAYLIGHT,TRAFFIC SIGNAL,NONE DETECTED,No,NO APPARENT INJURY,NOT DISTRACTED,MD,PASSENGER CAR,25,2016,AUDI,A6
DM84790010,210039604,Takoma Park Police Depart,Property Damage Crash,10-05-21 10:41,Maryland (State),ETHAN ALLEN AVE,JACKSON AVE,SAME DIRECTION RIGHT TURN,CLOUDY,DRY,DAYLIGHT,STOP SIGN,NONE DETECTED,Yes,NO APPARENT INJURY,NOT DISTRACTED,MD,TRANSIT BUS,25,2021,METRO,BUS
MCP2582003M,200036804,Montgomery County Police,Property Damage Crash,09/19/2020 09:42:00 PM,Maryland (State),NORBECK RD,ROCKING SPRING DR,SINGLE VEHICLE,,DRY,DARK LIGHTS ON,NO CONTROLS,NONE DETECTED,Yes,NO APPARENT INJURY,UNKNOWN,AK,PASSENGER CAR,40,2012,HYUNDAI,SONATA
MCP2969004C,180004457,Montgomery County Police,Injury Crash,01/26/2018 01:00:00 PM,Maryland (State),SPENCERVILLE RD,GOOD HOPE RD,OPPOSITE DIRECTION SIDESWIPE,CLEAR,DRY,DAYLIGHT,NO CONTROLS,NONE DETECTED,Yes,NO APPARENT INJURY,UNKNOWN,MD,PASSENGER CAR,40,2011,TOYOTA,COROLLA
MCP2904006D,18005904,Montgomery County Police,Injury Crash,11/30/2018 02:45:00 PM,County,OAK LEAF DR,CRESCENDO WAY,STRAIGHT MOVEMENT ANGLE,CLEAR,DRY,DAYLIGHT,STOP SIGN,NONE DETECTED,Yes,POSSIBLE INJURY,UNKNOWN,MD,PASSENGER CAR,35,2014,TOYOTA,CAMRY
MCP2987006H,210031660,Montgomery County Police,Property Damage Crash,08/14/2021 08:47:00 PM,US (State),COLUMBIA PIKE,RAMP 3 FR US 29 EB TO MD 650 NB,SINGLE VEHICLE,CLEAR,DRY,DARK LIGHTS ON,NO CONTROLS,UNKNOWN,Yes,NO APPARENT INJURY,UNKNOWN,,PASSENGER CAR,50,2009,HONDA,PILOT
MCP2651004X,210045084,Montgomery County Police,Property Damage Crash,11-07-21 13:00,Maryland (State),NEW HAMPSHIRE AVE,DILSTON RD,SAME DIR REAR END,CLEAR,DRY,DAYLIGHT,TRAFFIC SIGNAL,,No,NO APPARENT INJURY,NOT DISTRACTED,MD,VAN,40,2020,NISSAN,CG
MCP3079001Y,190006165,Montgomery County Police,Property Damage Crash,02-07-19 21:15,Maryland (State),OLD HUNDRED RD,THURSTON RD,SINGLE VEHICLE,CLEAR,DRY,DARK LIGHTS ON,NO CONTROLS,NONE DETECTED,Yes,NO APPARENT INJURY,NOT DISTRACTED,NC,"MEDIUM/HEAVY TRUCKS 3 AXLES (OVER 10,000LBS (4,536KG))",40,2013,PETERBILT,TRACTOR
MCP2859006J,190008928,Montgomery County Police,Injury Crash,02/25/2019 09:30:00 AM,County,SHADY GROVE RD,RAMP 5 FR IS 270 SB TO SHADY GROVE RD,STRAIGHT MOVEMENT ANGLE,CLEAR,DRY,DAYLIGHT,TRAFFIC SIGNAL,NONE DETECTED,Yes,POSSIBLE INJURY,LOOKED BUT DID NOT SEE,MD,PASSENGER CAR,35,2016,HOND,ACCORD
MCP3245000L,200038142,Montgomery County Police,Injury Crash,09/28/2020 03:46:00 PM,County,SNOUFFERS SCHOOL RD,LEWISBERRY DR,SAME DIR REAR END,CLEAR,DRY,DAYLIGHT,TRAFFIC SIGNAL,,Yes,NO APPARENT INJURY,BY OTHER OCCUPANTS,MD,PASSENGER CAR,40,2011,HONDA,ODYSSEY
EJ78760047,220008416,Gaithersburg Police Depar,Property Damage Crash,02/26/2022 03:35:00 PM,County,MIDCOUNTY HWY,WOODFIELD RD,SAME DIR REAR END,CLEAR,DRY,DAYLIGHT,YIELD SIGN,NONE DETECTED,Yes,NO APPARENT INJURY,LOOKED BUT DID NOT SEE,MD,PASSENGER CAR,50,2018,HYUNDAI,ELANTRA
MCP2016003R,180064503,Montgomery County Police,Property Damage Crash,12/26/2018 08:30:00 AM,Maryland (State),INTERCOUNTY CONNECTOR,NORBECK RD,SAME DIRECTION SIDESWIPE,CLEAR,DRY,DAYLIGHT,,UNKNOWN,Yes,NO APPARENT INJURY,NOT DISTRACTED,,PASSENGER CAR,40,1996,FORD,PICK UP
DD55950094,200041258,Rockville Police Departme,Injury Crash,10/19/2020 03:30:00 PM,Maryland (State),VEIRS MILL RD,ROCKVILLE PIKE,SAME DIR REAR END,CLOUDY,DRY,DAYLIGHT,YIELD SIGN,NONE DETECTED,Yes,NO APPARENT INJURY,OTHER DISTRACTION,DE,PASSENGER CAR,30,2014,TOYOTA,RAV 4
MCP3436001S,250049295,MONTGOMERY,Injury Crash,11-03-25 11:41,Local Route,METRORAIL TRACK B2 RAIL,,"Sideswipe, Same Direction",Clear,Dry,Daylight,No Controls,"Not Suspect of Alcohol Use, Not Suspect of Drug Use",No,Possible Injury,Not Distracted,MD,Passenger Car,35,2019,TOYOTA,HIGHLANDER
MCP23140010,170546387,Montgomery County Police,Property Damage Crash,12-03-17 15:22,County,TOULONE DR,TUCKERMAN LA,SAME DIR REAR END,CLOUDY,DRY,DAYLIGHT,,NONE DETECTED,Yes,NO APPARENT INJURY,NOT DISTRACTED,MD,PICKUP TRUCK,25,1997,DODGE,TK/DAKOTA
MCP2563000P,170548914,Montgomery County Police,Fatal Crash,12/16/2017 01:07:00 AM,Maryland (State),PINEY BRANCH RD,GARLAND AVE,SINGLE VEHICLE,CLEAR,WET,DARK LIGHTS ON,NO CONTROLS,NONE DETECTED,Unknown,NO APPARENT INJURY,UNKNOWN,MD,PASSENGER CAR,30,2009,TOYT,COROLLA
DM84900026,220042035,Takoma Park Police Depart,Injury Crash,09/27/2022 07:41:00 AM,Municipality,FLOWER AVE,SLIGO CREEK PKWY,OTHER,CLEAR,DRY,DAYLIGHT,STOP SIGN,,Yes,NO APPARENT INJURY,NOT DISTRACTED,MD,PASSENGER CAR,25,2009,HONDA,CIVIC
MCP31360035,200008440,Montgomery County Police,Injury Crash,02/20/2020 08:08:00 AM,Maryland (State),CARROLL AVE,LONG BRANCH PKWY,SAME DIR REAR END,CLEAR,DRY,DAYLIGHT,FLASHING TRAFFIC SIGNAL,NONE DETECTED,No,POSSIBLE INJURY,NOT DISTRACTED,MD,PASSENGER CAR,30,2009,TOYOTA,VENZA
MCP14170042,15054699,MONTGOMERY,Property Damage Crash,10/28/2015 09:13:00 AM,Maryland (State),FREDERICK RD,MONTGOMERY VILLAGE AVE,SAME DIR REAR END,RAINING,WET,DAYLIGHT,TRAFFIC SIGNAL,NONE DETECTED,Yes,NO APPARENT INJURY,UNKNOWN,MD,TRANSIT BUS,30,2005,NEW FLYER,BUS
MCP2722005H,240030714,MONTGOMERY,Injury Crash,06/29/2024 09:56:00 AM,County Route,GRANDVIEW AVE,,"Sideswipe, Opposite Direction",Clear,Dry,Daylight,No Controls,"Not Suspect of Alcohol Use, Not Suspect of Drug Use",No,Possible Injury,Not Distracted,MD,Sport Utility Vehicle,25,2008,TOYOTA,RAV4
EJ78630014,170517464,Gaithersburg Police Depar,Property Damage Crash,07-05-17 16:48,Maryland (State),FREDERICK RD,ENT TO BUSINESS,STRAIGHT MOVEMENT ANGLE,CLEAR,DRY,DAYLIGHT,NO CONTROLS,NONE DETECTED,No,NO APPARENT INJURY,NOT DISTRACTED,MD,PASSENGER CAR,30,1992,GMC,TK
MCP2351000C,15036510,MONTGOMERY,Injury Crash,07/24/2015 11:28:00 AM,Maryland (State),ROCKVILLE PIKE,TWINBROOK PKWY,STRAIGHT MOVEMENT ANGLE,CLEAR,DRY,DAYLIGHT,TRAFFIC SIGNAL,NONE DETECTED,No,SUSPECTED MINOR INJURY,NOT DISTRACTED,MD,PASSENGER CAR,40,1994,TOYOTA,SCION
DD5606002D,15045385,ROCKVILLE,Property Damage Crash,09-08-15 17:48,Maryland (State),VEIRS MILL RD,FIRST ST,SAME DIR REAR END,CLEAR,,DAYLIGHT,NO CONTROLS,NONE DETECTED,No,NO APPARENT INJURY,NOT DISTRACTED,MD,PASSENGER CAR,35,2014,SUBA,SUV
MCP15800034,15020555,Montgomery County Police,Property Damage Crash,05-01-15 9:05,County,OAKMONT AVE,SHADY GROVE RD,SAME DIR REAR END,CLEAR,DRY,DAYLIGHT,NO CONTROLS,NONE DETECTED,Yes,NO APPARENT INJURY,NOT DISTRACTED,MD,PASSENGER CAR,30,2009,NISS,MAXIMA
MCP26390071,190024010,Montgomery County Police,Injury Crash,05/21/2019 08:30:00 AM,Maryland (State),GEORGIA AVE,MASON ST,SAME DIR REAR END,CLEAR,DRY,DAYLIGHT,OTHER,NONE DETECTED,No,POSSIBLE INJURY,NOT DISTRACTED,MD,PASSENGER CAR,35,2017,NISSAN,SENTRA
DM84450012,16065228,Takoma Park Police Depart,Injury Crash,12/20/2016 01:04:00 PM,Maryland (State),NEW HAMPSHIRE AVE,SLIGO CREEK PKWY,SAME DIR REAR END,CLEAR,DRY,DAYLIGHT,TRAFFIC SIGNAL,NONE DETECTED,No,POSSIBLE INJURY,NOT DISTRACTED,MD,(SPORT) UTILITY VEHICLE,35,2015,HONDA,CRV
MCP32300046,230013576,Montgomery County Police,Property Damage Crash,03/20/2023 07:50:00 PM,County,RANDOLPH RD,DALEWOOD DR,STRAIGHT MOVEMENT ANGLE,CLEAR,DRY,DARK LIGHTS ON,TRAFFIC SIGNAL,NONE DETECTED,Unknown,NO APPARENT INJURY,NOT DISTRACTED,MD,PASSENGER CAR,35,2017,CHEVY,SILVERADO
EJ7856007H,190044883,Gaithersburg Police Depar,Property Damage Crash,09/19/2019 12:20:00 PM,Maryland (State),CLOPPER RD,SPUR FR MD 124,SAME DIR REAR END,CLEAR,DRY,DAYLIGHT,,,No,NO APPARENT INJURY,NOT DISTRACTED,MD,VAN,35,2007,HONDA,ODYSSEY
MCP2977005Z,190028926,Montgomery County Police,Property Damage Crash,06/17/2019 01:51:00 PM,Maryland (State),NEW HAMPSHIRE AVE,ADELPHI RD,SAME DIR REAR END,CLOUDY,DRY,DAYLIGHT,NO CONTROLS,,No,NO APPARENT INJURY,NOT DISTRACTED,MD,PASSENGER CAR,0,2003,MITS,ECLIP
MCP2723004L,190040645,Montgomery County Police,Injury Crash,08/25/2019 10:55:00 AM,Maryland (State),GEORGIA AVE,EMORY CHURCH RD,STRAIGHT MOVEMENT ANGLE,CLEAR,DRY,DAYLIGHT,TRAFFIC SIGNAL,,No,SUSPECTED MINOR INJURY,LOOKED BUT DID NOT SEE,MD,PASSENGER CAR,45,2012,DODGE,GRAND CARAVAN