Report Number,Local Case Number,Agency Name,ACRS Report Type,Crash Date/Time,Route Type,Road Name,Cross-Street Name,Collision Type,Weather,Surface Condition,Light,Traffic Control,Driver Substance Abuse,Driver At Fault,Injury Severity,Driver Distracted By,Drivers License State,Vehicle Body Type,Speed Limit,Vehicle Year,Vehicle Make,Vehicle Model
MCP29460034,190000625,Montgomery County Police,Injury Crash,01-04-19 14:08,County,RIDGE RD,FREDERICK RD,SAME DIR REAR END,CLOUDY,DRY,DAYLIGHT,TRAFFIC SIGNAL,NONE DETECTED,Yes,NO APPARENT INJURY,DISTRACTED BY OUTSIDE PERSON OBJECT OR EVENT,MD,PASSENGER CAR,45,2000,BUICK,CENTURY
MCP26560039,180044166,Montgomery County Police,Property Damage Crash,09-04-18 17:31,County,RANDOLPH RD,SHERWOOD FOREST DR,SAME DIR REAR END,CLEAR,DRY,DAYLIGHT,,,Yes,NO APPARENT INJURY,INATTENTIVE OR LOST IN THOUGHT,MD,PASSENGER CAR,40,2014,TOYOTA,COROLLA
DD56040013,15021865,Rockville Police Departme,Injury Crash,05-08-15 2:48,Municipality,FREDERICK AVE,N STONESTREET AVE,OTHER,CLEAR,DRY,DARK NO LIGHTS,NO CONTROLS,UNKNOWN,Yes,NO APPARENT INJURY,UNKNOWN,MD,PASSENGER CAR,25,2002,MERZ,4S
MCP2987009T,250037736,MONTGOMERY,Property Damage Crash,08/23/2025 03:01:00 PM,County Route,BRIGGS CHANEY RD,,Front to Rear,Clear,Dry,Daylight,Traffic Control Signal,"Not Suspect of Alcohol Use, Not Suspect of Drug Use",No,No Apparent Injury,Not Distracted,MD,Passenger Car,40,2019,FERRARI,PORTOFINO
MCP21160050,16051337,Montgomery County Police,Injury Crash,10-06-16 9:03,,,,ANGLE MEETS LEFT HEAD ON,CLOUDY,,DAYLIGHT,,NONE DETECTED,No,NO APPARENT INJURY,NOT DISTRACTED,MD,(SPORT) UTILITY VEHICLE,20,2003,MITSUBISHI,SUV
MCP3302000R,210046013,Montgomery County Police,Injury Crash,11/14/2021 06:34:00 AM,Maryland (State),NEW HAMPSHIRE AVE,OAKVIEW DR,SAME DIRECTION SIDESWIPE,CLEAR,DRY,DUSK,,NONE DETECTED,No,NO APPARENT INJURY,NOT DISTRACTED,MD,PASSENGER CAR,40,2004,HONDA,CIVIC
MCP320000BF,240008181,MONTGOMERY,Property Damage Crash,02/19/2024 03:51:00 PM,County Route,RANDOLPH RD,,"Sideswipe, Same Direction",Clear,Dry,Daylight,No Controls,"Not Suspect of Alcohol Use, Not Suspect of Drug Use",No,No Apparent Injury,Unknown,MD,Passenger Car,35,2007,CHEVROLET,MALIBU
MCP0961000V,16021773,Montgomery County Police,Injury Crash,05-03-16 8:43,County,AIRPARK RD,MUNCASTER MILL RD,SINGLE VEHICLE,CLOUDY,WET,DAYLIGHT,NO CONTROLS,NONE DETECTED,Yes,SUSPECTED MINOR INJURY,UNKNOWN,MD,VAN,40,2004,KIA,SORENTO
DD56110004,15015135,Rockville Police Departme,Property Damage Crash,04-02-15 9:35,Municipality,REDLAND BLVD,ELMCROFT BLVD,SAME DIRECTION SIDESWIPE,CLEAR,DRY,DAYLIGHT,NO CONTROLS,NONE DETECTED,Unknown,NO APPARENT INJURY,NOT DISTRACTED,MD,OTHER,35,2003,ORION,BUS
DD5624003L,190059719,Rockville Police Departme,Property Damage Crash,12-11-19 15:50,Maryland (State),HUNGERFORD DR,A ST,SAME DIR REAR END,CLEAR,DRY,DAYLIGHT,NO CONTROLS,NONE DETECTED,No,NO APPARENT INJURY,NOT DISTRACTED,MD,PASSENGER CAR,35,2018,TOYOTA,SEDAN
MCP29540064,180057765,Montgomery County Police,Property Damage Crash,11/17/2018 06:55:00 PM,Maryland (State),UNIVERSITY BLVD E,PINEY BRANCH RD,SAME DIRECTION SIDESWIPE,CLOUDY,DRY,DARK LIGHTS ON,TRAFFIC SIGNAL,NONE DETECTED,No,NO APPARENT INJURY,NOT DISTRACTED,MD,PASSENGER CAR,30,2016,TOYOTA,CAMRY
MCP2314001T,220050352,Montgomery County Police,Injury Crash,11/14/2022 06:06:00 PM,Municipality,RESEARCH BLVD,W MONTGOMERY AVE,HEAD ON LEFT TURN,CLEAR,DRY,DARK LIGHTS ON,STOP SIGN,NONE DETECTED,No,POSSIBLE INJURY,NOT DISTRACTED,MD,PASSENGER CAR,30,2019,NISSAN,ALTIMA
MCP2827003R,180001934,Montgomery County Police,Property Damage Crash,01-12-18 19:32,Maryland (State),GEORGIA AVE,QUEEN ELIZABETH DR,STRAIGHT MOVEMENT ANGLE,RAINING,WET,DARK LIGHTS ON,TRAFFIC SIGNAL,NONE DETECTED,No,NO APPARENT INJURY,NOT DISTRACTED,MD,PASSENGER CAR,40,2013,HYUNDAI,SANTA FE
MCP2981003W,210030432,Montgomery County Police,Property Damage Crash,08-05-21 16:43,Maryland (State),VEIRS MILL RD,CONNECTICUT AVE,SAME DIR REAR END,CLEAR,DRY,DAYLIGHT,TRAFFIC SIGNAL,NONE DETECTED,No,NO APPARENT INJURY,NOT DISTRACTED,MD,PASSENGER CAR,35,2016,KIA,SORENTO
MCP2780005S,220024465,Montgomery County Police,Injury Crash,06-07-22 17:10,Maryland (State),FREDERICK RD,WHEATFIELD DR,SAME DIR REAR END,RAINING,WET,DAYLIGHT,NO CONTROLS,,No,NO APPARENT INJURY,NOT DISTRACTED,MD,PASSENGER CAR,40,2016,NISSAN,SENTRA
MCP2855003M,200011702,Montgomery County Police,Property Damage Crash,03-09-20 21:05,Maryland (State),GEORGIA AVE,FOREST GLEN RD,SAME DIR REAR END,CLEAR,DRY,DARK LIGHTS ON,TRAFFIC SIGNAL,NONE DETECTED,No,NO APPARENT INJURY,UNKNOWN,MD,PASSENGER CAR,35,2002,HOND,ACCORD
MCP11680008,15008693,Montgomery County Police,Property Damage Crash,02/23/2015 09:44:00 AM,Maryland (State),OLNEY SANDY SPRING RD,VILLAGE CENTER DR,HEAD ON LEFT TURN,CLOUDY,DRY,DAYLIGHT,TRAFFIC SIGNAL,NONE DETECTED,Yes,NO APPARENT INJURY,NOT DISTRACTED,MD,PASSENGER CAR,30,2011,CHRYSLER,200LX
MCP27380059,240032982,MONTGOMERY,Injury Crash,07-12-24 22:08,US (State),COLUMBIA PIKE,,Single Vehicle,Rain,Wet,Dark - Lighted,No Controls,"Not Suspect of Alcohol Use, Not Suspect of Drug Use",Yes,Suspected Minor Injury,Not Distracted,MD,Passenger Car,50,2021,TESLA,MODEL 3
MCP26560077,240013551,MONTGOMERY,Property Damage Crash,03/21/2024 04:20:00 PM,Ramp,RAMP 1 FR RAMP 4 (FR IS270) TO RIDGE RD,RIDGE RD,Other,Clear,Dry,Daylight,No Controls,"Not Suspect of Alcohol Use, Not Suspect of Drug Use",No,No Apparent Injury,Not Distracted,MD,Passenger Car,40,2011,NISSAN,VERSA
MCP2983000G,15050470,MONTGOMERY,Property Damage Crash,10-05-15 17:14,US (State),GEORGIA AVE,BONIFANT ST,SAME DIR BOTH LEFT TURN,CLEAR,DRY,DAYLIGHT,TRAFFIC SIGNAL,NONE DETECTED,No,NO APPARENT INJURY,NOT DISTRACTED,DC,PASSENGER CAR,35,2006,HONDA,CIVIC
MCP2947001Z,16034903,Montgomery County Police,Injury Crash,07-10-16 10:04,County,HEWITT AVE,GEORGIA AVE,,CLEAR,DRY,DAYLIGHT,,UNKNOWN,Unknown,NO APPARENT INJURY,UNKNOWN,,,30,0,UNKNOWN,UNKNOWN
MCP229800L7,180053088,Montgomery County Police,Property Damage Crash,10/23/2018 02:21:00 PM,,GODWIT ST,FLYCATCHER ST,OPPOSITE DIRECTION SIDESWIPE,CLEAR,DRY,DAYLIGHT,NO CONTROLS,NONE DETECTED,Yes,NO APPARENT INJURY,NOT DISTRACTED,MD,SCHOOL BUS,15,2008,THOMAS,SCHOOL BUS
MCP3105005V,250046935,MONTGOMERY,Property Damage Crash,10/19/2025 01:29:00 AM,County Route,KINSTER DR (WB/L),,"Sideswipe, Same Direction",Clear,Dry,Dark - Lighted,No Controls,"Suspect of Alcohol Use, Not Suspect of Drug Use",Yes,No Apparent Injury,Unknown,MD,Passenger Car,30,2019,VOLKSWAGEN,JETTA
MCP2740002G,16067042,Montgomery County Police,Injury Crash,12/29/2016 09:39:00 PM,Maryland (State),NEW HAMPSHIRE AVE,OAKVIEW DR,SINGLE VEHICLE,CLEAR,DRY,DARK LIGHTS ON,TRAFFIC SIGNAL,NONE DETECTED,No,NO APPARENT INJURY,NOT DISTRACTED,VA,PASSENGER CAR,40,2016,PORSCHE,PANARAMA 4
MCP3288002C,230009697,Montgomery County Police,Property Damage Crash,02/27/2023 04:48:00 AM,Maryland (State),FREDERICK RD,CHRISTOPHER AVE,STRAIGHT MOVEMENT ANGLE,CLEAR,DRY,DARK LIGHTS ON,TRAFFIC SIGNAL,NONE DETECTED,No,NO APPARENT INJURY,NOT DISTRACTED,MD,PASSENGER CAR,40,2014,FORD,SD
MCP2534004Y,230067531,Montgomery County Police,Injury Crash,11/21/2023 12:40:00 AM,Maryland (State),UNIVERSITY BLVD W,GRANDVIEW AVE,STRAIGHT MOVEMENT ANGLE,CLEAR,DRY,DARK LIGHTS ON,FLASHING TRAFFIC SIGNAL,NONE DETECTED,Yes,SUSPECTED MINOR INJURY,NOT DISTRACTED,MD,PASSENGER CAR,25,2016,HONDA,CIVIC
MCP20940052,15027207,Montgomery County Police,Property Damage Crash,06-05-15 10:10,County,BROOKVILLE RD,LYTTONSVILLE PL,HEAD ON LEFT TURN,CLOUDY,DRY,DAYLIGHT,STOP SIGN,NONE DETECTED,No,NO APPARENT INJURY,NOT DISTRACTED,MD,PASSENGER CAR,30,2014,FORD,CMAX
MCP2929002V,180028944,Montgomery County Police,Property Damage Crash,06-12-18 9:02,Maryland (State),GEORGIA AVE,KING WILLIAM DR,SAME DIR REAR END,CLEAR,DRY,DAYLIGHT,NO CONTROLS,NONE DETECTED,No,NO APPARENT INJURY,NOT DISTRACTED,MD,(SPORT) UTILITY VEHICLE,40,2003,HOND,CRV
MCP2440002L,250003664,MONTGOMERY,Injury Crash,01/26/2025 11:52:00 AM,Municipality Route,CHRISTOPHER AVE,,"Sideswipe, Opposite Direction",Clear,Dry,Daylight,No Controls,"Not Suspect of Alcohol Use, Not Suspect of Drug Use",No,Possible Injury,Not Distracted,MD,Passenger Car,35,2013,HONDA,CIVIC
MCP23470038,220005988,Montgomery County Police,Property Damage Crash,02-11-22 10:21,,,,OTHER,CLEAR,,DAYLIGHT,NO CONTROLS,NONE DETECTED,No,NO APPARENT INJURY,NOT DISTRACTED,MD,PASSENGER CAR,0,2022,HONDA,CIVIC
MCP3093003T,220034579,Montgomery County Police,Injury Crash,08-11-22 18:13,Maryland (State),CONNECTICUT AVE,VIRGILIA ST,SAME DIR REAR END,CLEAR,DRY,DAYLIGHT,,,Yes,POSSIBLE INJURY,UNKNOWN,MD,PASSENGER CAR,30,2010,MERZ,E350
MCP32600017,240046792,MONTGOMERY,Injury Crash,10-01-24 9:00,County Route,LORAIN AVE,UNIVERSITY BLVD W,Rear To Side,Rain,Wet,Daylight,No Controls,"Not Suspect of Alcohol Use, Not Suspect of Drug Use",No,Suspected Minor Injury,Not Distracted,MD,Passenger Car,35,2013,ACURA,TSX
MCP27990051,190020901,Montgomery County Police,Property Damage Crash,05-03-19 19:45,Maryland (State),GEORGIA AVE,DAMASCUS RD,SAME DIR REAR END,CLEAR,WET,DARK LIGHTS ON,TRAFFIC SIGNAL,NONE DETECTED,Yes,NO APPARENT INJURY,LOOKED BUT DID NOT SEE,MD,PASSENGER CAR,35,2007,TOYT,MATRIX
MCP3217000X,200043980,Montgomery County Police,Property Damage Crash,11-07-20 17:07,Maryland (State),GREAT SENECA HWY,DAWSON FARM RD,SAME DIRECTION SIDESWIPE,CLEAR,DRY,DUSK,TRAFFIC SIGNAL,NONE DETECTED,No,NO APPARENT INJURY,NOT DISTRACTED,MB,PASSENGER CAR,50,2008,HONDA,CIVIC
MCP27880037,230053187,Montgomery County Police,Property Damage Crash,09-04-23 23:15,Maryland (State),GEORGIA AVE,UNIVERSITY BLVD W,SAME DIR REAR END,CLEAR,DRY,DARK LIGHTS ON,,NONE DETECTED,Yes,NO APPARENT INJURY,UNKNOWN,DC,PASSENGER CAR,35,2015,NISSAN,SENTRA
MCP2773001V,16039877,Montgomery County Police,Property Damage Crash,08-06-16 18:42,Maryland (State),PINEY BRANCH RD,ARLISS ST,SAME DIR REAR END,CLEAR,DRY,DAYLIGHT,TRAFFIC SIGNAL,NONE DETECTED,No,NO APPARENT INJURY,NOT DISTRACTED,DC,PASSENGER CAR,30,2006,CHRYSLER,300
MCP2889001V,16055936,Montgomery County Police,Property Damage Crash,10/30/2016 04:58:00 PM,Maryland (State),UNIVERSITY BLVD W,VALLEY VIEW AVE,SAME DIRECTION LEFT TURN,CLEAR,DRY,DAYLIGHT,NO CONTROLS,NONE DETECTED,Yes,NO APPARENT INJURY,NOT DISTRACTED,MD,PASSENGER CAR,35,2016,NISSAN,ALTIMA
MCP2600000Y,15011832,Montgomery County Police,Property Damage Crash,03/14/2015 12:50:00 AM,Maryland (State),UNIVERSITY BLVD E,COLESVILLE RD,SAME DIR REAR END,CLEAR,WET,DARK LIGHTS ON,TRAFFIC SIGNAL,NONE DETECTED,No,NO APPARENT INJURY,NOT DISTRACTED,MD,PASSENGER CAR,40,2006,HOND,CIVIC
DM8494002B,220034699,Takoma Park Police Depart,Property Damage Crash,08-12-22 13:07,Maryland (State),UNIVERSITY BLVD E,MERRIMAC DR,SAME DIRECTION RIGHT TURN,CLEAR,DRY,DAYLIGHT,NO CONTROLS,UNKNOWN,Yes,NO APPARENT INJURY,UNKNOWN,XX,PASSENGER CAR,35,1997,HONDA,CIVIC
MCP31530010,190010568,Montgomery County Police,Property Damage Crash,03-07-19 6:08,Maryland (State),GEORGIA AVE,RANDOLPH RD,HEAD ON LEFT TURN,CLEAR,DRY,DARK LIGHTS ON,TRAFFIC SIGNAL,NONE DETECTED,No,NO APPARENT INJURY,NOT DISTRACTED,MD,PASSENGER CAR,35,1998,HONDA,CRV
MCP2370002R,16065085,Montgomery County Police,Property Damage Crash,12/19/2016 05:26:00 PM,,,,SAME DIR REAR END,CLEAR,,DARK LIGHTS ON,NO CONTROLS,NONE DETECTED,Yes,NO APPARENT INJURY,NOT DISTRACTED,MD,SCHOOL BUS,15,2008,THOMAS,BUS
MCP137801D6,250026079,MONTGOMERY,Injury Crash,06-11-25 16:38,County Route,BAUER DR,,Front to Rear,Clear,Dry,Daylight,No Controls,"Not Suspect of Alcohol Use, Not Suspect of Drug Use",Yes,No Apparent Injury,"Other Action (looking away from task, etc.)",MD,Passenger Car,30,2012,FORD,MUSTANG
DD5575000D,15007530,Rockville Police Departme,Property Damage Crash,02/14/2015 11:53:00 PM,Municipality,BALTIMORE RD,FIRST ST,STRAIGHT MOVEMENT ANGLE,BLOWING SNOW,ICE,DARK LIGHTS ON,TRAFFIC SIGNAL,NONE DETECTED,Yes,NO APPARENT INJURY,NOT DISTRACTED,CA,PASSENGER CAR,25,2000,CHEVY,IMPALA
MCP158000DR,210014067,Montgomery County Police,Injury Crash,04/15/2021 12:45:00 PM,County,SHADY GROVE RD,MIDCOUNTY HWY,SAME DIR REAR END,CLEAR,DRY,DAYLIGHT,TRAFFIC SIGNAL,NONE DETECTED,Yes,POSSIBLE INJURY,UNKNOWN,MD,(SPORT) UTILITY VEHICLE,45,2018,CHEVY,SUBURBAN
MCP29050031,170526668,Montgomery County Police,Property Damage Crash,08/24/2017 06:01:00 PM,Maryland (State),RIVER RD,NEVIS RD,SAME DIR REAR END,CLEAR,DRY,DAYLIGHT,NO CONTROLS,,No,NO APPARENT INJURY,NOT DISTRACTED,VA,PASSENGER CAR,45,2012,JEEP,TK
MCP3224001F,220026393,Montgomery County Police,Property Damage Crash,06/19/2022 03:24:00 AM,Interstate (State),CAPITAL BELTWAY,RAMP 6 FR IS 495 EB TO US 29 SB,SAME DIRECTION LEFT TURN,CLEAR,DRY,DARK LIGHTS ON,NO CONTROLS,UNKNOWN,Yes,NO APPARENT INJURY,NOT DISTRACTED,,PASSENGER CAR,55,2004,ACURA,RDX
MCP2767009K,210034067,Montgomery County Police,Injury Crash,08/31/2021 05:23:00 PM,Maryland (State),GEORGIA AVE,ARCOLA AVE,SAME DIRECTION SIDESWIPE,CLOUDY,DRY,DAYLIGHT,NO CONTROLS,NONE DETECTED,No,POSSIBLE INJURY,NOT DISTRACTED,DC,PASSENGER CAR,25,2015,TOYOTA,PRIUS
MCP29710034,170535499,Montgomery County Police,Property Damage Crash,10-08-17 16:35,County,LOCKWOOD DR,ARRINGTON DR,SAME DIRECTION LEFT TURN,CLOUDY,DRY,DAYLIGHT,STOP SIGN,NONE DETECTED,No,NO APPARENT INJURY,NOT DISTRACTED,MD,(SPORT) UTILITY VEHICLE,30,2015,NISSAN,MURANO
MCP121300B0,240057850,MONTGOMERY,Property Damage Crash,12-03-24 17:55,Maryland (State) Route,OLNEY SANDY SPRING RD (WB/L),,Front to Rear,Clear,Dry,Dark - Lighted,No Controls,"Not Suspect of Alcohol Use, Not Suspect of Drug Use",No,No Apparent Injury,Not Distracted,MD,Passenger Car,30,2020,HONDA,CIVIC
MCP1580003X,15037894,MONTGOMERY,Property Damage Crash,07/31/2015 12:02:00 PM,,,,SAME DIRECTION LEFT TURN,CLEAR,,DAYLIGHT,NO CONTROLS,NONE DETECTED,Yes,NO APPARENT INJURY,UNKNOWN,MD,PICKUP TRUCK,25,2005,CHEV,SILVERADO PU
MCP2927001Y,170515742,Montgomery County Police,Property Damage Crash,06/25/2017 09:25:00 PM,Maryland (State),GEORGIA AVE,FLORA LA,OTHER,CLEAR,DRY,DARK LIGHTS ON,NO CONTROLS,UNKNOWN,Yes,NO APPARENT INJURY,UNKNOWN,XX,PASSENGER CAR,35,2004,NISSAN,MAXIMA
MCP3328004S,250023227,MONTGOMERY,Injury Crash,05/25/2025 09:00:00 PM,Maryland (State) Route,VEIRS MILL RD (WB/L),,Single Vehicle,Clear,Dry,Dark - Lighted,Pedestrian Crossing Sign,"Not Suspect of Alcohol Use, Not Suspect of Drug Use",No,No Apparent Injury,Not Distracted,MD,Passenger Car,35,2010,TOYOTA,COROLLA
MCP209400KC,220040366,Montgomery County Police,Property Damage Crash,09/16/2022 07:51:00 PM,County,DEMOCRACY BLVD,SEVEN LOCKS RD,HEAD ON LEFT TURN,CLEAR,DRY,DARK LIGHTS ON,TRAFFIC SIGNAL,NONE DETECTED,No,NO APPARENT INJURY,NOT DISTRACTED,AL,PASSENGER CAR,40,2017,LINC,CONTINENTAL
MCP299100BH,250024167,MONTGOMERY,Property Damage Crash,05/31/2025 09:00:00 AM,Other Public Roadway,PORTER RD,OLNEY SANDY SPRING RD,Other,Clear,Dry,Daylight,No Controls,"Not Suspect of Alcohol Use, Not Suspect of Drug Use",No,No Apparent Injury,Not Distracted,MD,Sport Utility Vehicle,30,2023,FORD,EXPLORER
MCP2674005V,250006091,MONTGOMERY,Property Damage Crash,02-10-25 19:15,Maryland (State) Route,DAMASCUS RD,,Front to Rear,Clear,Dry,Dark - Not Lighted,No Controls,"Not Suspect of Alcohol Use, Not Suspect of Drug Use",No,No Apparent Injury,Not Distracted,MD,Pickup,40,2022,TOYOTA,TACOMA
MCP2788000Y,16049232,Montgomery County Police,Property Damage Crash,09/24/2016 09:29:00 PM,County,NAIRN RD,BLUERIDGE AVE,OPPOSITE DIRECTION SIDESWIPE,CLEAR,DRY,DARK LIGHTS ON,,NONE DETECTED,No,NO APPARENT INJURY,NOT DISTRACTED,MD,PASSENGER CAR,25,2000,HONDVAL2000,CIVIC
MCP27490028,180029347,Montgomery County Police,Injury Crash,06/14/2018 10:40:00 AM,County,FAIRLAND RD,TAMARACK RD,SAME DIR REAR END,CLEAR,DRY,DAYLIGHT,TRAFFIC SIGNAL,,Yes,POSSIBLE INJURY,UNKNOWN,MD,PASSENGER CAR,40,2011,CHRYSLER,SEBRING
MCP10220048,16009214,Montgomery County Police,Property Damage Crash,02/24/2016 09:55:00 AM,Maryland (State),GREAT SENECA HWY,WISTERIA DR,SAME DIR REAR END,RAINING,WET,DAYLIGHT,TRAFFIC SIGNAL,NONE DETECTED,No,NO APPARENT INJURY,NOT DISTRACTED,MD,(SPORT) UTILITY VEHICLE,50,2014,KIA,SORRENTO
MCP32070030,220047838,Montgomery County Police,Property Damage Crash,10/31/2022 02:50:00 PM,,,,SAME DIRECTION SIDESWIPE,RAINING,,DAYLIGHT,NO CONTROLS,UNKNOWN,Yes,NO APPARENT INJURY,NOT DISTRACTED,,PASSENGER CAR,10,2013,KIA,SOUL
MCP2812001V,16016859,Montgomery County Police,Property Damage Crash,04-06-16 20:11,,,,OTHER,CLEAR,,DARK LIGHTS ON,NO CONTROLS,,No,NO APPARENT INJURY,NOT DISTRACTED,MD,PASSENGER CAR,0,2011,TOYT,4S
MCP3296001T,230027820,Montgomery County Police,Property Damage Crash,06-09-23 18:02,US (State),COLUMBIA PIKE,BLACKBURN RD,HEAD ON LEFT TURN,,DRY,DAYLIGHT,TRAFFIC SIGNAL,NONE DETECTED,Yes,NO APPARENT INJURY,LOOKED BUT DID NOT SEE,MD,PASSENGER CAR,25,2012,KIA,OPTIMA
MCP2653001B,200015760,Montgomery County Police,Property Damage Crash,04-12-20 2:30,Maryland (State),GEORGIA AVE,EMORY LA,STRAIGHT MOVEMENT ANGLE,CLEAR,DRY,DARK LIGHTS ON,FLASHING TRAFFIC SIGNAL,NONE DETECTED,No,NO APPARENT INJURY,NOT DISTRACTED,MD,PASSENGER CAR,45,2018,FORD,FOCUS
MCP30420040,220056887,Montgomery County Police,Property Damage Crash,12/22/2022 08:00:00 PM,Maryland (State),OLNEY SANDY SPRING RD,VILLAGE CENTER DR,STRAIGHT MOVEMENT ANGLE,RAINING,WET,DARK LIGHTS ON,TRAFFIC SIGNAL,NONE DETECTED,Yes,NO APPARENT INJURY,LOOKED BUT DID NOT SEE,MD,PASSENGER CAR,30,2017,JEEP,TK
HA2372000T,18000940,Maryland-National Capital,Property Damage Crash,07/24/2018 11:16:00 AM,Government,SLIGO CREEK PKWY,DALLAS AVE,SAME DIR REAR END,RAINING,WET,DAYLIGHT,NO CONTROLS,NONE DETECTED,Unknown,NO APPARENT INJURY,NOT DISTRACTED,NJ,PASSENGER CAR,25,2008,FORD,TAURUS
MCP29740021,180061073,Montgomery County Police,Injury Crash,12-06-18 18:06,Maryland (State),NEW HAMPSHIRE AVE,NORTHAMPTON DR,STRAIGHT MOVEMENT ANGLE,CLEAR,DRY,DARK LIGHTS ON,TRAFFIC SIGNAL,NONE DETECTED,Unknown,SUSPECTED MINOR INJURY,NOT DISTRACTED,MD,PASSENGER CAR,40,2004,DODGE,GRAND CARAVAN
MCP289200G1,240013209,MONTGOMERY,Property Damage Crash,03/19/2024 05:53:00 PM,County Route,WOODSIDE PKWY,COLESVILLE RD,"Sideswipe, Same Direction",Clear,Dry,Daylight,No Controls,"Not Suspect of Alcohol Use, Not Suspect of Drug Use",Yes,No Apparent Injury,Not Distracted,MD,Bus - Transit,35,2014,GILLIG,CITY TRANSIT BUS
MCP235300BG,230013419,Montgomery County Police,Property Damage Crash,03/20/2023 09:20:00 AM,Maryland (State),OLD GEORGETOWN RD,CORDELL AVE,STRAIGHT MOVEMENT ANGLE,CLEAR,DRY,DAYLIGHT,STOP SIGN,NONE DETECTED,Yes,NO APPARENT INJURY,NOT DISTRACTED,MD,PASSENGER CAR,25,2020,BMW,330
MCP2671002K,210008360,Montgomery County Police,Property Damage Crash,03-05-21 15:50,Maryland (State),PINEY BRANCH RD,RITCHIE AVE,SAME DIR REAR END,,,DAYLIGHT,NO CONTROLS,NONE DETECTED,No,NO APPARENT INJURY,NOT DISTRACTED,MD,PASSENGER CAR,35,2007,HONDA,CRV
MCP242500C0,180009857,Montgomery County Police,Property Damage Crash,02/26/2018 08:05:00 AM,Maryland (State),GEORGIA AVE,PLYERS MILL RD,SAME DIRECTION SIDESWIPE,CLOUDY,DRY,DAYLIGHT,NO CONTROLS,NONE DETECTED,No,NO APPARENT INJURY,NOT DISTRACTED,MD,PICKUP TRUCK,35,2009,CHEVY,COLORADO
MCP3158004R,240006792,MONTGOMERY,Property Damage Crash,02-11-24 5:15,County Route,MONTGOMERY VILLAGE AVE (SB/L),,Single Vehicle,Clear,Dry,Dark - Lighted,Flashing Traffic Control Signal,"Suspect of Alcohol Use, Not Suspect of Drug Use",Yes,No Apparent Injury,Unknown,MD,Passenger Car,35,2017,NISSAN,ROGUE
MCP3003001J,170517050,Montgomery County Police,Injury Crash,07-03-17 7:50,County,MIDDLEBROOK RD,RIDGECREST DR,SAME DIRECTION RIGHT TURN,CLEAR,DRY,DAYLIGHT,OTHER,NONE DETECTED,No,NO APPARENT INJURY,NOT DISTRACTED,MD,PASSENGER CAR,40,2013,NISS,4S
MCP2829004C,180010306,Montgomery County Police,Property Damage Crash,02/28/2018 06:30:00 AM,US (State),COLUMBIA PIKE,RAMP 4 FR US 29 NB TO BLACKBURN RD,SINGLE VEHICLE,CLOUDY,DRY,DUSK,NO CONTROLS,NONE DETECTED,Yes,NO APPARENT INJURY,NOT DISTRACTED,MD,PASSENGER CAR,55,2002,TOYT,4S
EJ7833009B,250034016,GAITHERSBURG,Injury Crash,07/30/2025 06:11:00 PM,Municipality Route,N SUMMIT AVE,TEACHERS WAY,Angle,Cloudy,Dry,Daylight,Stop Sign,"Not Suspect of Alcohol Use, Not Suspect of Drug Use",No,Possible Injury,Not Distracted,MD,Passenger Car,25,2006,HONDA,CIVIC
MCP3329001F,230011996,Montgomery County Police,Injury Crash,03-11-23 15:25,County,CHERRY HILL RD,CALVERTON BLVD,SAME DIR REAR END,CLEAR,DRY,DAYLIGHT,,NONE DETECTED,Yes,NO APPARENT INJURY,LOOKED BUT DID NOT SEE,MD,PASSENGER CAR,35,2013,HOND,SD
MCP2305002H,220038314,Montgomery County Police,Property Damage Crash,09-04-22 2:58,Maryland (State),RIDGE RD,HOLSEY RD,SAME DIR REAR END,CLEAR,DRY,DARK LIGHTS ON,NO CONTROLS,NONE DETECTED,Yes,NO APPARENT INJURY,NOT DISTRACTED,MD,PASSENGER CAR,40,2020,TOYT,CAMRY
MCP0617001C,170506034,Montgomery County Police,Injury Crash,05-05-17 9:40,County,BRIGGS CHANEY RD,BIRCH SPRINGS CT,SAME DIR REAR END,RAINING,WET,DAYLIGHT,NO CONTROLS,NONE DETECTED,Yes,NO APPARENT INJURY,NOT DISTRACTED,MD,PASSENGER CAR,40,2005,FORD,EXPLORER
DD5538005D,250025612,ROCKVILLE,Injury Crash,06-09-25 8:18,Maryland (State) Route,FIRST ST,VEIRS MILL RD,Single Vehicle,Cloudy,Dry,Daylight,Traffic Control Signal,"Not Suspect of Alcohol Use, Not Suspect of Drug Use",Yes,No Apparent Injury,"Other Action (looking away from task, etc.)",MD,Passenger Car,35,2021,NISSAN,KICKS
MCP25310003,15013621,Montgomery County Police,Injury Crash,03/24/2015 06:19:00 PM,County,DARNESTOWN RD,KEY WEST AVE,STRAIGHT MOVEMENT ANGLE,CLEAR,DRY,DAYLIGHT,TRAFFIC SIGNAL,,Yes,SUSPECTED MINOR INJURY,NOT DISTRACTED,MD,PASSENGER CAR,40,2005,ACURA,TL