Report Number,Local Case Number,Agency Name,ACRS Report Type,Crash Date/Time,Route Type,Road Name,Cross-Street Name,Collision Type,Weather,Surface Condition,Light,Traffic Control,Driver Substance Abuse,Driver At Fault,Injury Severity,Driver Distracted By,Drivers License State,Vehicle Body Type,Speed Limit,Vehicle Year,Vehicle Make,Vehicle Model
DD5666001R,240055834,ROCKVILLE,Property Damage Crash,11/21/2024 07:59:00 AM,Service Road,N CAMPUS DR,HUNGERFORD DR (SB/L),Angle,Clear,Dry,Daylight,Traffic Control Signal,"Not Suspect of Alcohol Use, Not Suspect of Drug Use",No,No Apparent Injury,Not Distracted,MD,Passenger Car,35,2011,AUDI,S4
MCP30370017,170524837,Montgomery County Police,Property Damage Crash,08/14/2017 06:53:00 PM,Interstate (State),EISENHOWER MEMORIAL HWY,MILE MARKER 21.0,SAME DIR REAR END,RAINING,WET,DAYLIGHT,NO CONTROLS,NONE DETECTED,No,NO APPARENT INJURY,NOT DISTRACTED,MD,(SPORT) UTILITY VEHICLE,55,2014,FORD,EXPLORER
MCP2991000Z,16038135,Montgomery County Police,Injury Crash,07/28/2016 07:48:00 AM,Maryland (State),GEORGIA AVE,SUNSHINE CT,SAME DIR REAR END,CLEAR,,DAYLIGHT,NO CONTROLS,,No,NO APPARENT INJURY,NOT DISTRACTED,MD,PASSENGER CAR,35,2014,VOLK,DS
MCP3192000Z,200016588,Montgomery County Police,Property Damage Crash,04/20/2020 06:37:00 PM,Maryland (State),UNIVERSITY BLVD E,GLENVILLE RD,SAME DIR REAR END,CLEAR,DRY,DAYLIGHT,NO CONTROLS,NONE DETECTED,No,NO APPARENT INJURY,NOT DISTRACTED,MD,PASSENGER CAR,30,2004,TOYT,SIENNA
MCP2978001D,16050519,Montgomery County Police,Injury Crash,10-01-16 21:17,County,W WILLARD RD,WOOTTON AVE,,RAINING,WET,DARK -- UNKNOWN LIGHTING,UNKNOWN,NONE DETECTED,Unknown,NO APPARENT INJURY,NOT DISTRACTED,MD,OTHER BUS,40,2007,CHEVY,BS
MCP3232001C,200029904,Montgomery County Police,Injury Crash,08-01-20 19:41,County,EMORY LA,MUNCASTER MILL RD,HEAD ON LEFT TURN,CLEAR,DRY,DAYLIGHT,NO CONTROLS,NONE DETECTED,Yes,NO APPARENT INJURY,LOOKED BUT DID NOT SEE,MD,PASSENGER CAR,35,2019,TOYOTA,PRIUS
MCP2363001W,200002550,Montgomery County Police,Injury Crash,01/15/2020 06:20:00 PM,Maryland (State),CONNECTICUT AVE,CONNECTICUT AVE SERVICE RD,SAME DIR REAR END,CLOUDY,DRY,DARK LIGHTS ON,TRAFFIC SIGNAL,NONE DETECTED,Yes,POSSIBLE INJURY,UNKNOWN,MD,PASSENGER CAR,35,2007,HYUN,SONATA
MCP3069002D,200039805,Montgomery County Police,Injury Crash,10-09-20 16:00,County,DECATUR AVE,CONNECTICUT AVE,SAME DIR REAR END,CLEAR,DRY,DAYLIGHT,NO CONTROLS,NONE DETECTED,Yes,SUSPECTED MINOR INJURY,INATTENTIVE OR LOST IN THOUGHT,MD,PASSENGER CAR,30,2012,DODGE,CALIBER
DD56040048,220033981,Rockville Police Departme,Property Damage Crash,08-08-22 8:07,,,,SINGLE VEHICLE,CLEAR,,DAYLIGHT,NO CONTROLS,NONE DETECTED,Yes,NO APPARENT INJURY,LOOKED BUT DID NOT SEE,MD,PASSENGER CAR,15,2020,NISSAN,ROGUE
MCP1580009N,180054324,Montgomery County Police,Property Damage Crash,10/30/2018 10:26:00 AM,Maryland (State),S FREDERICK RD,CENTRAL AVE,STRAIGHT MOVEMENT ANGLE,CLEAR,DRY,DAYLIGHT,STOP SIGN,NONE DETECTED,Yes,NO APPARENT INJURY,UNKNOWN,TN,PASSENGER CAR,40,2017,TOYT,COROLLA
MCP22860036,200035363,Montgomery County Police,Injury Crash,09-09-20 15:30,Maryland (State),ROCKVILLE PIKE,TWINBROOK PKWY,OTHER,,DRY,DAYLIGHT,YIELD SIGN,,Yes,POSSIBLE INJURY,LOOKED BUT DID NOT SEE,MD,PASSENGER CAR,40,2014,VOLKSWAGEN,BETTLE
MCP3010009W,240033366,MONTGOMERY,Property Damage Crash,07/15/2024 01:31:00 PM,Maryland (State) Route,OLD GEORGETOWN RD (SB/L),,"Sideswipe, Same Direction",Clear,Dry,Daylight,No Controls,"Not Suspect of Alcohol Use, Not Suspect of Drug Use",No,No Apparent Injury,Not Distracted,MD,Passenger Car,30,2005,TOYOTA,COROLLA
MCP2385003D,240039081,MONTGOMERY,Property Damage Crash,08/18/2024 11:23:00 PM,County Route,HIGH CORNER ST,HIGH CORNER ST RIDGE RD RIDGE RD (SB/L),Front to Rear,Rain,Wet,Dark - Lighted,Traffic Control Signal,"Suspect of Alcohol Use, Not Suspect of Drug Use",Yes,No Apparent Injury,Unknown,MD,Pickup,30,2006,CHEVROLET,COLORADO
MCP2425008S,17008227,Montgomery County Police,Injury Crash,02/15/2017 12:44:00 PM,Maryland (State),NEW HAMPSHIRE AVE,OAKLAWN DR,SAME DIR REAR END,CLEAR,DRY,DAYLIGHT,NO CONTROLS,NONE DETECTED,No,SUSPECTED MINOR INJURY,NOT DISTRACTED,MD,PASSENGER CAR,40,2010,KIA,FORTE
MCP3019002N,190050973,Montgomery County Police,Property Damage Crash,10/23/2019 05:10:00 PM,Maryland (State),BRADLEY BLVD,DEVON RD,SAME DIR REAR END,CLEAR,DRY,DAYLIGHT,NO CONTROLS,NONE DETECTED,No,NO APPARENT INJURY,NOT DISTRACTED,VA,VAN,30,2004,FORD,VAN
HA2485000G,21002432,Maryland-National Capital,Property Damage Crash,12/21/2021 10:00:00 AM,Maryland (State),GEORGIA AVE,SEMINARY RD,SAME DIRECTION RIGHT TURN,CLOUDY,DRY,DAYLIGHT,TRAFFIC SIGNAL,NONE DETECTED,Unknown,NO APPARENT INJURY,UNKNOWN,MD,TRANSIT BUS,35,2016,METRO,METRO
MCP31930033,220007840,Montgomery County Police,Property Damage Crash,02/22/2022 06:25:00 PM,County,CADDINGTON AVE,UNIVERSITY BLVD W,STRAIGHT MOVEMENT ANGLE,CLEAR,WET,DARK LIGHTS ON,TRAFFIC SIGNAL,NONE DETECTED,Yes,NO APPARENT INJURY,OTHER DISTRACTION,MD,PASSENGER CAR,35,2021,NISSAN,SD
MCP2610000V,170512198,Montgomery County Police,Injury Crash,06-06-17 20:38,County,GREAT SENECA HWY,KEY WEST AVE,SAME DIR REAR END,,DRY,DARK LIGHTS ON,TRAFFIC SIGNAL,NONE DETECTED,No,POSSIBLE INJURY,NOT DISTRACTED,MD,(SPORT) UTILITY VEHICLE,50,2012,ACURA,TK
MCP27220023,16063160,Montgomery County Police,Injury Crash,12-09-16 6:51,Maryland (State),CONNECTICUT AVE,FAIRLY ST,SAME DIR REAR END,,DRY,DARK NO LIGHTS,NO CONTROLS,,No,NO APPARENT INJURY,NOT DISTRACTED,MD,PASSENGER CAR,45,2014,HONDA,CRV
MCP2859006T,190017971,Montgomery County Police,Injury Crash,04/17/2019 01:00:00 PM,Maryland (State),KEY WEST AVE,SPUR FR SHADY GROVE RD,SAME DIRECTION SIDESWIPE,CLEAR,DRY,DAYLIGHT,NO CONTROLS,NONE DETECTED,Yes,POSSIBLE INJURY,LOOKED BUT DID NOT SEE,MD,PASSENGER CAR,40,2016,TOYT,COROLLA
MCP271700W0,210039008,Montgomery County Police,Injury Crash,10-01-21 16:30,Maryland (State),RIVER RD,BRADLEY BLVD,SAME DIR REAR END,CLEAR,DRY,DAYLIGHT,TRAFFIC SIGNAL,NONE DETECTED,No,SUSPECTED MINOR INJURY,NOT DISTRACTED,MD,PASSENGER CAR,35,2013,KIA,OPTIMA
MCP2859000Q,15007712,Montgomery County Police,Injury Crash,02/16/2015 10:26:00 AM,County,SHADY GROVE RD,RAMP 5 FR IS 270 SB TO SHADY GROVE RD,ANGLE MEETS LEFT HEAD ON,CLOUDY,DRY,DAYLIGHT,TRAFFIC SIGNAL,NONE DETECTED,Yes,SUSPECTED MINOR INJURY,INATTENTIVE OR LOST IN THOUGHT,MD,PASSENGER CAR,35,2006,STRN,4D
MCP2493000G,15000121,Montgomery County Police,Injury Crash,01-01-15 15:18,Maryland (State),WOODFIELD RD,FIELDCREST RD,SAME DIR REAR END,CLEAR,DRY,DAYLIGHT,NO CONTROLS,NONE DETECTED,No,SUSPECTED MINOR INJURY,NOT DISTRACTED,MD,PASSENGER CAR,40,1998,HON,CIVIC
MCP28720016,15060801,MONTGOMERY,Property Damage Crash,11/28/2015 03:44:00 PM,County,GOSHEN RD,STEWARTOWN RD,SAME DIR REND LEFT TURN,RAINING,WET,DAYLIGHT,NO CONTROLS,NONE DETECTED,Yes,NO APPARENT INJURY,ADJUSTING AUDIO AND OR CLIMATE CONTROLS,MD,PASSENGER CAR,35,1999,FORD,EXPEDITION
EJ7863000P,17000798,Gaithersburg Police Depar,Property Damage Crash,01-05-17 14:13,Municipality,BUREAU DR,W DIAMOND AVE,HEAD ON LEFT TURN,CLOUDY,DRY,DAYLIGHT,TRAFFIC SIGNAL,NONE DETECTED,No,NO APPARENT INJURY,UNKNOWN,MD,PASSENGER CAR,30,2011,MITS,4S
MCP30190048,210048803,Montgomery County Police,Property Damage Crash,12-01-21 17:50,Maryland (State),EAST WEST HWY (W/B COUPLET),WAVERLY ST,OTHER,CLEAR,DRY,DUSK,TRAFFIC SIGNAL,,Yes,NO APPARENT INJURY,DISTRACTED BY OUTSIDE PERSON OBJECT OR EVENT,MD,(SPORT) UTILITY VEHICLE,25,2016,BMW,TK
MCP2805003M,190055491,Montgomery County Police,Property Damage Crash,11/17/2019 04:15:00 PM,Maryland (State),MUNCASTER MILL RD,LISA DR,SAME DIR REAR END,CLOUDY,SLUSH,DUSK,NO CONTROLS,NONE DETECTED,Yes,NO APPARENT INJURY,NOT DISTRACTED,XX,PASSENGER CAR,40,2010,TOYT,CAMRY
MCP2921002N,180047583,Montgomery County Police,Injury Crash,09/23/2018 06:27:00 PM,Maryland (State),RIDGE RD,SKYLARK RD,SAME DIR REAR END,RAINING,WET,DAYLIGHT,NO CONTROLS,,No,POSSIBLE INJURY,NOT DISTRACTED,MD,PASSENGER CAR,40,2012,NISSAN,MURANO
EJ78860034,230034298,Gaithersburg Police Depar,Property Damage Crash,06/19/2023 10:19:00 PM,,,,SAME DIR REAR END,CLEAR,,DARK LIGHTS ON,,,Unknown,NO APPARENT INJURY,UNKNOWN,MD,PASSENGER CAR,0,2012,HONDA,ACCORD COUPE
MCP33290011,220053273,Montgomery County Police,Injury Crash,12-02-22 17:40,US (State),COLUMBIA PIKE,STEWART LA,HEAD ON LEFT TURN,,DRY,DARK LIGHTS ON,TRAFFIC SIGNAL,NONE DETECTED,Unknown,NO APPARENT INJURY,NOT DISTRACTED,MD,PASSENGER CAR,55,2010,HYUNDAI,SONATA
MCP28300048,180061807,Montgomery County Police,Property Damage Crash,12-11-18 7:50,Maryland (State),OLNEY SANDY SPRING RD,SPARTAN RD,SAME DIR REAR END,CLEAR,DRY,DAYLIGHT,TRAFFIC SIGNAL,NONE DETECTED,No,NO APPARENT INJURY,NOT DISTRACTED,MD,(SPORT) UTILITY VEHICLE,30,2011,TOYT,TK
DD56110027,17010948,Rockville Police Departme,Injury Crash,03-01-17 17:00,Maryland (State),VEIRS MILL RD,ATLANTIC AVE,SAME DIR REAR END,CLOUDY,DRY,DAYLIGHT,TRAFFIC SIGNAL,NONE DETECTED,Yes,NO APPARENT INJURY,NOT DISTRACTED,MD,PASSENGER CAR,40,2013,FORD,4H
MCP20770033,190028519,Montgomery County Police,Property Damage Crash,06/14/2019 08:40:00 PM,,,,OPPOSITE DIRECTION SIDESWIPE,CLEAR,,DARK LIGHTS ON,NO CONTROLS,NONE DETECTED,No,NO APPARENT INJURY,NOT DISTRACTED,MA,(SPORT) UTILITY VEHICLE,15,2018,MITS,OUTLANDER
MCP2162002M,170536826,Montgomery County Police,Injury Crash,10/15/2017 05:52:00 PM,Maryland (State),GEORGIA AVE,EMORY CHURCH RD,SAME DIR REAR END,CLEAR,DRY,DAYLIGHT,NO CONTROLS,,No,NO APPARENT INJURY,NOT DISTRACTED,MD,PASSENGER CAR,45,2016,VOLVO,S60
MCP3030001N,180034348,Montgomery County Police,Injury Crash,07-11-18 20:25,Maryland (State),RIVER RD,PINEY MEETINGHOUSE RD,SAME DIR REAR END,CLEAR,DRY,DUSK,TRAFFIC SIGNAL,NONE DETECTED,Yes,POSSIBLE INJURY,INATTENTIVE OR LOST IN THOUGHT,TX,PASSENGER CAR,35,2011,HOND,TK
MCP1465001Z,16005189,Montgomery County Police,Injury Crash,02-01-16 8:45,County,RIFFLE FORD RD,HALLMAN CT,SAME DIR REAR END,CLOUDY,WET,DAYLIGHT,NO CONTROLS,NONE DETECTED,No,POSSIBLE INJURY,NOT DISTRACTED,MD,PASSENGER CAR,30,2003,TOYOTA,SIENNA
MCP137800BK,16039488,Montgomery County Police,Property Damage Crash,08-04-16 16:27,Maryland (State),FREDERICK RD,STRUC #15154,SAME DIR REAR END,CLEAR,DRY,DAYLIGHT,NO CONTROLS,NONE DETECTED,Yes,NO APPARENT INJURY,NOT DISTRACTED,MD,PASSENGER CAR,35,2005,HOND,ACCORD
MCP25160056,240037011,MONTGOMERY,Injury Crash,08-06-24 8:51,Maryland (State) Route,RIDGE RD,MARLBORO DR SWEEPSTAKES RD,Front to Rear,Clear,Dry,Daylight,Traffic Control Signal,"Not Suspect of Alcohol Use, Not Suspect of Drug Use",No,No Apparent Injury,Not Distracted,,Sport Utility Vehicle,35,2022,FORD,ESCAPE
MCP2892006X,190037863,Montgomery County Police,Injury Crash,08-08-19 16:24,Maryland (State),GEORGIA AVE,DEXTER AVE,SAME DIR REAR END,CLEAR,DRY,DAYLIGHT,NO CONTROLS,NONE DETECTED,No,POSSIBLE INJURY,NOT DISTRACTED,MD,PASSENGER CAR,35,2014,TOYT,4H
MCP30210055,200006268,Montgomery County Police,Injury Crash,02-07-20 6:30,US (State),COLUMBIA PIKE,BRIGGS CHANEY RD,OTHER,RAINING,WET,DARK LIGHTS ON,NO CONTROLS,NONE DETECTED,No,SUSPECTED MINOR INJURY,NOT DISTRACTED,MD,PASSENGER CAR,55,2015,DODGE,DART
DM8472002M,230072198,Takoma Park Police Depart,Property Damage Crash,12/17/2023 12:50:00 PM,Maryland (State),PHILADELPHIA AVE,TAKOMA AVE,SAME DIR REAR END,RAINING,WET,DAYLIGHT,TRAFFIC SIGNAL,,Yes,NO APPARENT INJURY,UNKNOWN,,PASSENGER CAR,30,2018,TOYOTA,RAV4
MCP3061000S,170547596,Montgomery County Police,Injury Crash,12-09-17 14:50,Maryland (State),FREDERICK RD,HENDERSON CORNER RD,SAME DIR REAR END,SNOW,SNOW,DAYLIGHT,TRAFFIC SIGNAL,NONE DETECTED,No,NO APPARENT INJURY,NOT DISTRACTED,MD,(SPORT) UTILITY VEHICLE,40,2006,LEXUS,RX330
MCP3192000V,200010825,Montgomery County Police,Property Damage Crash,03-04-20 19:01,Maryland (State),UNIVERSITY BLVD E,GLENVILLE RD,SAME DIR REAR END,CLEAR,DRY,,,NONE DETECTED,No,NO APPARENT INJURY,NOT DISTRACTED,MD,PASSENGER CAR,35,2012,TOYT,TK
MCP3348003M,240051166,MONTGOMERY,Property Damage Crash,10/25/2024 04:19:00 PM,County Route,BEL PRE RD (EB/L),,Front to Rear,Clear,Dry,Daylight,No Controls,"Not Suspect of Alcohol Use, Not Suspect of Drug Use",Yes,No Apparent Injury,Not Distracted,MD,Passenger Car,35,2016,HONDA,ACCORD
MCP20720019,16062976,Montgomery County Police,Injury Crash,12-08-16 8:24,County,MIDDLEBROOK RD,OBSERVATION DR,SAME DIR REAR END,CLEAR,DRY,DAYLIGHT,TRAFFIC SIGNAL,,Yes,NO APPARENT INJURY,NOT DISTRACTED,MD,PASSENGER CAR,40,2015,FORD,TK
MCP3379001T,250017058,MONTGOMERY,Injury Crash,04/19/2025 08:00:00 PM,County Route,FATHER HURLEY BLVD,RAMP 5 FR RAMP 8 TO FATHER HURLEY BLVD,Angle,Clear,Dry,Dusk,Traffic Control Signal,"Not Suspect of Alcohol Use, Not Suspect of Drug Use",No,No Apparent Injury,Not Distracted,MD,Passenger Car,45,2022,HYUNDAI,SANTA FE
MCP102200BT,190009319,Montgomery County Police,Injury Crash,02/27/2019 12:13:00 PM,Maryland (State),FREDERICK RD,STRINGTOWN RD,HEAD ON,CLEAR,DRY,DAYLIGHT,NO CONTROLS,NONE DETECTED,No,SUSPECTED MINOR INJURY,NOT DISTRACTED,MD,PASSENGER CAR,30,2005,TOYOTA,COROLLA
MCP3090003M,190059478,Montgomery County Police,Property Damage Crash,12-10-19 11:41,,,,OTHER,RAINING,,DAYLIGHT,,,Yes,NO APPARENT INJURY,LOOKED BUT DID NOT SEE,XX,(SPORT) UTILITY VEHICLE,5,2011,HONDA,CRV
MCP12050061,200002076,Montgomery County Police,Property Damage Crash,01/13/2020 09:05:00 AM,Maryland (State),EAST WEST HWY,ROSEMARY HILLS RD,SAME DIRECTION RIGHT TURN,CLOUDY,DRY,DAYLIGHT,TRAFFIC SIGNAL,NONE DETECTED,Yes,NO APPARENT INJURY,NOT DISTRACTED,MD,PASSENGER CAR,35,2018,HONDA,CRV
MCP295200BX,210029943,Montgomery County Police,Injury Crash,08-02-21 12:22,Ramp,RAMP 2 FR IS 495 WB TO MD 97 NB,GEORGIA AVE,SAME DIR REAR END,CLEAR,DRY,DAYLIGHT,YIELD SIGN,NONE DETECTED,Yes,NO APPARENT INJURY,NOT DISTRACTED,MD,(SPORT) UTILITY VEHICLE,35,2020,FORD,ECO SPORT
MCP229800LJ,180055506,Montgomery County Police,Injury Crash,11-05-18 16:51,Maryland (State),CLOPPER RD,WARING STATION RD,SAME DIR REAR END,RAINING,WET,DARK -- UNKNOWN LIGHTING,TRAFFIC SIGNAL,NONE DETECTED,No,POSSIBLE INJURY,NOT DISTRACTED,MD,(SPORT) UTILITY VEHICLE,45,2014,SUBARU,FORSTER
MCP29310026,180008407,Montgomery County Police,Property Damage Crash,02/17/2018 04:38:00 PM,Municipality,KING FARM BLVD,CROSSOVER,HEAD ON LEFT TURN,SNOW,SNOW,DAYLIGHT,,,Yes,NO APPARENT INJURY,LOOKED BUT DID NOT SEE,MD,OTHER,30,2000,HOND,4S
MCP30850040,230048448,Montgomery County Police,Property Damage Crash,08-08-23 17:30,Maryland (State),WISCONSIN AVE,ROSEDALE AVE,SAME DIRECTION RIGHT TURN,CLEAR,DRY,DAYLIGHT,NO CONTROLS,UNKNOWN,Yes,NO APPARENT INJURY,UNKNOWN,,PASSENGER CAR,35,2016,JEEP,GRAND CHEEROKEE
MCP3040005T,230019414,Montgomery County Police,Injury Crash,04/23/2023 04:30:00 PM,County,EMORY CHURCH RD,GEORGIA AVE,STRAIGHT MOVEMENT ANGLE,CLEAR,DRY,DAYLIGHT,TRAFFIC SIGNAL,NONE DETECTED,Yes,POSSIBLE INJURY,LOOKED BUT DID NOT SEE,MD,PASSENGER CAR,45,2017,MERCEDES,SD
MCP2710002R,190018854,Montgomery County Police,Injury Crash,04/22/2019 04:30:00 PM,County,SHADY GROVE RD,EXIT #8,STRAIGHT MOVEMENT ANGLE,,DRY,DAYLIGHT,TRAFFIC SIGNAL,NONE DETECTED,Yes,NO APPARENT INJURY,UNKNOWN,MD,PASSENGER CAR,45,2007,TOYT,TK
MCP32560008,200035543,Montgomery County Police,Property Damage Crash,09-10-20 17:08,Maryland (State),NEW HAMPSHIRE AVE,DILSTON RD,SAME DIR REAR END,RAINING,WET,DAYLIGHT,TRAFFIC SIGNAL,NONE DETECTED,Yes,NO APPARENT INJURY,LOOKED BUT DID NOT SEE,MD,PASSENGER CAR,40,2007,NISSAN,ALTIMA
MCP219800H4,250012474,MONTGOMERY,Injury Crash,03/21/2025 05:30:00 PM,Ramp,RAMP 6 FR MD 124 EB TO RAMP 7 (TO IS270),QUINCE ORCHARD RD,Angle,Clear,Dry,Daylight,Traffic Control Signal,"Not Suspect of Alcohol Use, Not Suspect of Drug Use",Yes,No Apparent Injury,Not Distracted,MD,Passenger Car,35,2020,HONDA,CIVIC
MCP2708004M,190018066,Montgomery County Police,Property Damage Crash,04/17/2019 08:56:00 PM,County,DOMER AVE,GLENVIEW AVE,HEAD ON LEFT TURN,CLEAR,DRY,DARK LIGHTS ON,STOP SIGN,ALCOHOL PRESENT,Yes,NO APPARENT INJURY,LOOKED BUT DID NOT SEE,MD,PASSENGER CAR,25,2006,NISSAN,ALTIMA
EJ7894000N,220015863,Gaithersburg Police Depar,Injury Crash,04/14/2022 04:23:00 PM,Municipality,S SUMMIT AVE,OLDE TOWNE AVE,STRAIGHT MOVEMENT ANGLE,CLOUDY,DRY,DAYLIGHT,STOP SIGN,NONE DETECTED,Yes,NO APPARENT INJURY,NOT DISTRACTED,MD,PASSENGER CAR,0,2009,STRN,TK
MCP28920055,180042072,Montgomery County Police,Property Damage Crash,08/23/2018 06:34:00 PM,Maryland (State),GEORGIA AVE,COLESVILLE RD,SAME DIRECTION SIDESWIPE,CLEAR,DRY,DAYLIGHT,,NONE DETECTED,Unknown,NO APPARENT INJURY,NOT DISTRACTED,MD,PASSENGER CAR,35,2003,FORD,EXPEDITION
MCP27880037,230053187,Montgomery County Police,Property Damage Crash,09-04-23 23:15,Maryland (State),GEORGIA AVE,UNIVERSITY BLVD W,SAME DIR REAR END,CLEAR,DRY,DARK LIGHTS ON,,,No,NO APPARENT INJURY,NOT DISTRACTED,MD,PICKUP TRUCK,35,2021,TOYOTA,TACOMA
MCP2840000S,16034444,Montgomery County Police,Injury Crash,07-07-16 18:00,County,FAIRLAND RD,OLD COLUMBIA PIKE,STRAIGHT MOVEMENT ANGLE,CLEAR,DRY,DAYLIGHT,,,Yes,SUSPECTED MINOR INJURY,LOOKED BUT DID NOT SEE,MD,PASSENGER CAR,30,2003,HOND,4S
MCP2921004H,220048101,Montgomery County Police,Property Damage Crash,11-01-22 19:17,Maryland (State),CLOPPER RD,WARING STATION RD,SAME DIR REAR END,CLEAR,DRY,DARK LIGHTS ON,TRAFFIC SIGNAL,,Yes,NO APPARENT INJURY,INATTENTIVE OR LOST IN THOUGHT,MD,PASSENGER CAR,35,2003,TOYOTA,COROLLA
MCP32000049,210047434,Montgomery County Police,Property Damage Crash,11/22/2021 12:41:00 PM,County,ROCK SPRING DR,OLD GEORGETOWN RD,ANGLE MEETS RIGHT TURN,CLEAR,DRY,DAYLIGHT,NO CONTROLS,NONE DETECTED,No,NO APPARENT INJURY,NOT DISTRACTED,MD,PASSENGER CAR,30,2017,CHEVROLET,CRUZE
MCP3232006J,250017490,MONTGOMERY,Property Damage Crash,04/22/2025 04:47:00 PM,Maryland (State) Route,NEW HAMPSHIRE AVE,SOUTHVIEW AVE,Front to Front,Clear,Dry,Daylight,No Controls,"Not Suspect of Alcohol Use, Not Suspect of Drug Use",No,No Apparent Injury,Not Distracted,MD,Passenger Car,40,2023,KIA,RIO
MCP21600026,210032938,Montgomery County Police,Injury Crash,08/23/2021 08:08:00 PM,County,WATKINS MILL RD,CLUB HOUSE RD,SINGLE VEHICLE,CLEAR,DRY,DARK NO LIGHTS,TRAFFIC SIGNAL,,Yes,NO APPARENT INJURY,LOOKED BUT DID NOT SEE,MD,STATION WAGON,35,2018,HONDA,HRV
MCP32710013,210022192,Montgomery County Police,Property Damage Crash,06-10-21 18:35,County,MACARTHUR BLVD,MOHICAN RD,SAME DIR REAR END,RAINING,WET,DAYLIGHT,NO CONTROLS,NONE DETECTED,No,NO APPARENT INJURY,NOT DISTRACTED,MD,PASSENGER CAR,35,2020,JEEP,GLADIATOR
MCP2962009T,250010007,MONTGOMERY,Injury Crash,03-07-25 12:40,Ramp,RAMP 4 FR RAMP 1 (FR IS270) TO MD 109 EB,,Front to Rear,Clear,Dry,Daylight,Stop Sign,"Not Suspect of Alcohol Use, Not Suspect of Drug Use",No,Possible Injury,Not Distracted,MD,Passenger Car,25,2024,SUBARU,ASCENT
MCP1417008C,170535759,Montgomery County Police,Property Damage Crash,10-10-17 6:58,Maryland (State),QUINCE ORCHARD RD,RAMP 2 FR MD 124 WB TO IS 270 NB,SAME DIR REAR END,,DRY,DUSK,NO CONTROLS,NONE DETECTED,Yes,NO APPARENT INJURY,UNKNOWN,MD,(SPORT) UTILITY VEHICLE,35,2007,FORD,EXPLORER
MCP302600BF,230047764,Montgomery County Police,Injury Crash,08-04-23 7:50,County,HARRISON ST,WASH DC LINE,SAME DIR REAR END,CLEAR,WET,DAYLIGHT,NO CONTROLS,NONE DETECTED,No,SUSPECTED MINOR INJURY,NOT DISTRACTED,MD,PASSENGER CAR,25,2007,DODGE,CARAVAN
EJ78980072,250045704,GAITHERSBURG,Injury Crash,10-11-25 10:20,County Route,S WESTLAND DR,S WESTLAND DR,Other,Cloudy,Dry,Daylight,No Controls,"Not Suspect of Alcohol Use, Not Suspect of Drug Use",Yes,Suspected Minor Injury,Unknown,MD,Passenger Car,40,2023,FORD,F-150
MCP31110024,200000365,Montgomery County Police,Property Damage Crash,01-03-20 8:23,County,JONES BRIDGE RD,HAWKINS LA,SAME DIRECTION SIDESWIPE,CLOUDY,WET,DAYLIGHT,TRAFFIC SIGNAL,NONE DETECTED,Yes,NO APPARENT INJURY,LOOKED BUT DID NOT SEE,MD,PASSENGER CAR,35,2012,NISSAN,VERSA
HA24110006,16001232,Maryland-National Capital,Property Damage Crash,09/29/2016 01:38:00 AM,County,SNOWDEN FARM PKWY,FOREMAN BLVD,SINGLE VEHICLE,RAINING,WET,DARK LIGHTS ON,NO CONTROLS,NONE DETECTED,No,NO APPARENT INJURY,NOT DISTRACTED,MD,POLICE VEHICLE/EMERGENCY,40,2009,FORD,CROWN VIC
MCP30000022,170547503,Montgomery County Police,Property Damage Crash,12-08-17 23:44,,,,SINGLE VEHICLE,CLEAR,,DARK LIGHTS ON,STOP SIGN,NONE DETECTED,Yes,NO APPARENT INJURY,NOT DISTRACTED,MD,(SPORT) UTILITY VEHICLE,10,2016,MAZDA,CX9
MCP0685001W,16001148,Montgomery County Police,Property Damage Crash,01-07-16 11:27,County,BOSWELL LA,BOSWELL CT,SINGLE VEHICLE,RAINING,WET,DAYLIGHT,,NONE DETECTED,Yes,NO APPARENT INJURY,NOT DISTRACTED,MD,PASSENGER CAR,25,2008,HOND,4S
DM84770010,200044598,Takoma Park Police Depart,Property Damage Crash,11-11-20 21:30,Maryland (State),UNIVERSITY BLVD E,PRINCE GEORGES CO/L,SAME DIR REAR END,RAINING,WET,DARK LIGHTS ON,TRAFFIC SIGNAL,UNKNOWN,Yes,NO APPARENT INJURY,UNKNOWN,,PASSENGER CAR,35,2005,FORD,FIVE HUNDRED
MCP3225001W,210039460,Montgomery County Police,Injury Crash,10-04-21 15:40,Maryland (State),UNIVERSITY BLVD W,GRANDVIEW AVE,STRAIGHT MOVEMENT ANGLE,CLOUDY,DRY,DAYLIGHT,TRAFFIC SIGNAL,NONE DETECTED,No,SUSPECTED MINOR INJURY,NOT DISTRACTED,MD,PASSENGER CAR,25,2014,LEXS,CT 200H
MCP1022005V,16056838,Montgomery County Police,Property Damage Crash,11-04-16 8:12,Other Public Roadway,WOODFIELD RD EXT,FAITH LA,SINGLE VEHICLE,CLEAR,DRY,DAYLIGHT,NO CONTROLS,NONE DETECTED,Yes,NO APPARENT INJURY,NOT DISTRACTED,MD,(SPORT) UTILITY VEHICLE,35,2004,FORD,EXPLORER