Report Number,Local Case Number,Agency Name,ACRS Report Type,Crash Date/Time,Route Type,Road Name,Cross-Street Name,Collision Type,Weather,Surface Condition,Light,Traffic Control,Driver Substance Abuse,Driver At Fault,Injury Severity,Driver Distracted By,Drivers License State,Vehicle Body Type,Speed Limit,Vehicle Year,Vehicle Make,Vehicle Model
DD559500C3,220045071,Rockville Police Departme,Property Damage Crash,10/14/2022 03:20:00 PM,Maryland (State),VEIRS MILL RD,ENT TO BUSINESS,SAME DIR REAR END,CLEAR,DRY,DAYLIGHT,NO CONTROLS,NONE DETECTED,Yes,NO APPARENT INJURY,INATTENTIVE OR LOST IN THOUGHT,MD,PASSENGER CAR,40,2009,TOYT,TK
MCP3027000P,170513156,Montgomery County Police,Property Damage Crash,06-12-17 6:30,US (State),COLUMBIA PIKE,BURNT MILLS AVE,SAME DIR REAR END,CLEAR,DRY,DAYLIGHT,TRAFFIC SIGNAL,NONE DETECTED,Yes,NO APPARENT INJURY,INATTENTIVE OR LOST IN THOUGHT,MD,PASSENGER CAR,45,2005,MERCEDES,C240
MCP26640051,190058109,Montgomery County Police,Property Damage Crash,12-02-19 18:34,County,BRIGGS CHANEY RD,GOOD HOPE RD,SAME DIR REAR END,RAINING,WET,DARK NO LIGHTS,TRAFFIC SIGNAL,NONE DETECTED,No,NO APPARENT INJURY,UNKNOWN,MD,PASSENGER CAR,35,2017,FORD,CMAX
MCP2946001Y,16055345,Montgomery County Police,Injury Crash,10/27/2016 05:21:00 PM,County,CLARKSBURG RD,LEWISDALE RD,SINGLE VEHICLE,CLOUDY,WET,DAYLIGHT,,NONE DETECTED,Yes,SUSPECTED MINOR INJURY,NOT DISTRACTED,MD,PASSENGER CAR,35,2007,HONDA,ACCORD
MCP33820033,250055332,MONTGOMERY,Property Damage Crash,12-10-25 20:00,Maryland (State) Route,LAYHILL RD (SB/L),HATHAWAY DR,Front to Front,Clear,Dry,Dark - Not Lighted,No Controls,"Not Suspect of Alcohol Use, Not Suspect of Drug Use",Yes,No Apparent Injury,Not Distracted,MD,Passenger Car,35,2014,MAZDA,CX-9
MCP1342000P,15045694,MONTGOMERY,Property Damage Crash,09-10-15 8:15,Maryland (State),DARNESTOWN RD,EDEN ROCK CT,SAME DIR REAR END,CLOUDY,DRY,DAYLIGHT,NO CONTROLS,NONE DETECTED,No,NO APPARENT INJURY,NOT DISTRACTED,WV,(SPORT) UTILITY VEHICLE,30,2013,FORD,SUV
MCP2617006B,180056115,Montgomery County Police,Injury Crash,11-08-18 14:45,Maryland (State),VEIRS MILL RD,BUSHEY DR,SAME DIR REAR END,CLEAR,DRY,DAYLIGHT,NO CONTROLS,NONE DETECTED,Yes,NO APPARENT INJURY,UNKNOWN,MD,PASSENGER CAR,35,2017,NISSAN,PATHFINDER
MCP2425005L,15044384,MONTGOMERY,Property Damage Crash,09-03-15 17:12,Maryland (State),NEW HAMPSHIRE AVE,VENICE DR,SAME DIRECTION SIDESWIPE,CLEAR,DRY,DAYLIGHT,TRAFFIC SIGNAL,NONE DETECTED,Yes,NO APPARENT INJURY,NOT DISTRACTED,MD,PASSENGER CAR,40,2002,TOYOTA,COROLLA
MCP1257000B,15015654,Montgomery County Police,Property Damage Crash,04-05-15 0:00,Maryland (State),GERMANTOWN RD,RIFFLE FORD RD,SINGLE VEHICLE,CLEAR,DRY,DARK LIGHTS ON,NO CONTROLS,,Yes,NO APPARENT INJURY,NOT DISTRACTED,MD,(SPORT) UTILITY VEHICLE,40,2000,NISS,XTERRA
MCP3078003X,210027917,Montgomery County Police,Injury Crash,07/19/2021 04:03:00 PM,Maryland (State),NEW HAMPSHIRE AVE,HARDING LA,SAME DIRECTION LEFT TURN,CLEAR,DRY,DAYLIGHT,NO CONTROLS,NONE DETECTED,Yes,SUSPECTED MINOR INJURY,LOOKED BUT DID NOT SEE,MD,PASSENGER CAR,35,2007,CADILLAC,4S
MCP3386001J,240036764,MONTGOMERY,Injury Crash,08-04-24 16:40,County Route,PEARL ST,MONTGOMERY AVE,Rear To Side,Clear,Dry,Daylight,Traffic Control Signal,"Not Suspect of Alcohol Use, Not Suspect of Drug Use",Yes,No Apparent Injury,Unknown,MD,Passenger Car,25,2017,LEXUS,CT
DD5646000N,200048770,Rockville Police Departme,Injury Crash,12-11-20 5:55,Municipality,RESEARCH BLVD,W GUDE DR,STRAIGHT MOVEMENT ANGLE,CLEAR,DRY,DARK LIGHTS ON,FLASHING TRAFFIC SIGNAL,NONE DETECTED,No,NO APPARENT INJURY,UNKNOWN,MD,PICKUP TRUCK,35,2014,TOYOTA,TACOMA
MCP10210008,16046499,Montgomery County Police,Property Damage Crash,09-10-16 23:50,,,,SAME DIRECTION RIGHT TURN,CLEAR,,DARK LIGHTS ON,,UNKNOWN,Yes,NO APPARENT INJURY,UNKNOWN,,,15,0,UNKNOWN,UNKNOWN
DM8476002C,210028572,Takoma Park Police Depart,Property Damage Crash,07/23/2021 05:00:00 PM,Maryland (State),NEW HAMPSHIRE AVE,IN CORP LMTS TAKOMA PARK,OTHER,CLEAR,DRY,DAYLIGHT,,,Yes,NO APPARENT INJURY,NOT DISTRACTED,MD,AMBULANCE/EMERGENCY,30,2019,FREIGHTLINER,TK
MCP2728001X,16001041,Montgomery County Police,Property Damage Crash,01-06-16 19:46,Maryland (State),UNIVERSITY BLVD E,RAMP 4 FR MD 193 NB TO IS 495 EB,SAME DIR REAR END,CLEAR,DRY,DARK LIGHTS ON,NO CONTROLS,UNKNOWN,No,NO APPARENT INJURY,NOT DISTRACTED,,,40,0,UNKNOWN,UNKNOWN
MCP2102004Q,240051070,MONTGOMERY,Property Damage Crash,10/25/2024 08:00:00 AM,County Route,FAIR GARDEN LA,LITTLE SENECA PKWY,Single Vehicle,Clear,Dry,Daylight,Stop Sign,"Not Suspect of Alcohol Use, Not Suspect of Drug Use",Yes,No Apparent Injury,Not Distracted,MD,Bus - School,35,2018,THOMAS BUILT,SCHOOL BUS
MCP2848007S,190010571,Montgomery County Police,Property Damage Crash,03-06-19 7:25,Municipality,KENSINGTON PKWY,CONNECTICUT AVE,SAME DIRECTION RIGHT TURN,CLEAR,DRY,DAYLIGHT,TRAFFIC SIGNAL,NONE DETECTED,No,NO APPARENT INJURY,NOT DISTRACTED,MD,PASSENGER CAR,25,2014,MERCEDES,E350
DD5620006B,210007962,Rockville Police Departme,Injury Crash,03-03-21 6:10,Maryland (State),W MONTGOMERY AVE,NELSON ST,SAME DIR REAR END,CLEAR,DRY,DAWN,TRAFFIC SIGNAL,NONE DETECTED,Yes,NO APPARENT INJURY,UNKNOWN,FL,PASSENGER CAR,30,2019,CHEVROLET,SILVERADO
MCP31240049,210022365,Montgomery County Police,Injury Crash,06-11-21 17:34,Maryland (State),GEORGIA AVE,GEORGIAN WAY,OTHER,RAINING,WET,DAYLIGHT,,NONE DETECTED,Unknown,SUSPECTED MINOR INJURY,NOT DISTRACTED,MD,PASSENGER CAR,35,2020,TOYOTA,4D
MCP1205006M,200033038,Montgomery County Police,Injury Crash,08/24/2020 12:50:00 PM,Maryland (State),CONNECTICUT AVE,THORNAPPLE ST,STRAIGHT MOVEMENT ANGLE,CLOUDY,DRY,DAYLIGHT,NO CONTROLS,NONE DETECTED,Yes,NO APPARENT INJURY,LOOKED BUT DID NOT SEE,MD,PASSENGER CAR,35,2011,MAZDA,CX9
MCP3143003B,220016968,Montgomery County Police,Injury Crash,04/21/2022 02:30:00 PM,Maryland (State),CONNECTICUT AVE,FRANKLIN ST,SAME DIR REAR END,CLEAR,DRY,DAYLIGHT,NO CONTROLS,NONE DETECTED,No,NO APPARENT INJURY,NOT DISTRACTED,MD,PICKUP TRUCK,35,2020,FORD,PK
MCP2702000Y,15039497,MONTGOMERY,Injury Crash,08-08-15 19:42,Maryland (State),16TH ST,EAST WEST HWY,OTHER,,DRY,DAYLIGHT,TRAFFIC SIGNAL,NONE DETECTED,No,NO APPARENT INJURY,NOT DISTRACTED,NJ,PASSENGER CAR,35,2010,NISSAN,ALTIMA
MCP3003002T,180054399,Montgomery County Police,Injury Crash,10/30/2018 09:13:00 AM,Maryland (State),ROCKVILLE PIKE,SPUR FR POOKS HILL RD,OTHER,CLEAR,DRY,DAYLIGHT,TRAFFIC SIGNAL,NONE DETECTED,No,NO APPARENT INJURY,NOT DISTRACTED,MD,PASSENGER CAR,35,1999,FORD,EXPLORER
MCP1030000K,170542688,Montgomery County Police,Injury Crash,11/14/2017 09:04:00 AM,County,CINNAMON DR,SESAME SEED CT,OTHER,CLEAR,DRY,DAYLIGHT,NO CONTROLS,NONE DETECTED,Yes,POSSIBLE INJURY,OTHER DISTRACTION,MD,PASSENGER CAR,30,2017,SUBARU,IMPREZA
MCP29360074,250044956,MONTGOMERY,Property Damage Crash,10-06-25 16:00,County Route,WAPAKONETA RD,WINNEBAGO RD,Single Vehicle,Clear,Dry,Daylight,Stop Sign,"Not Suspect of Alcohol Use, Not Suspect of Drug Use",No,No Apparent Injury,Unknown,MD,Bus - School,25,2023,FREIGHTLINER,B2 106 ELECTRIC CONVENTIONAL CHASSIS
MCP2730001F,190046841,Montgomery County Police,Injury Crash,09/30/2019 01:02:00 PM,County,MIDDLEBROOK RD,LOCBURY DR,STRAIGHT MOVEMENT ANGLE,CLOUDY,WET,DAYLIGHT,NO CONTROLS,,No,NO APPARENT INJURY,NOT DISTRACTED,MD,PASSENGER CAR,35,2009,HONDA,ACCORD
MCP2853009C,230066121,Montgomery County Police,Property Damage Crash,11/13/2023 04:08:00 PM,Maryland (State),UNIVERSITY BLVD W,BRUNETT AVE,SAME DIR REAR END,CLEAR,DRY,DAYLIGHT,NO CONTROLS,,No,NO APPARENT INJURY,NOT DISTRACTED,MD,TRANSIT BUS,40,2016,GILLIG,BUS
EJ79150005,250034843,GAITHERSBURG,Injury Crash,08-05-25 15:46,Crossover,,FESTIVAL SC ENT MUDDY BRANCH RD,Angle,Cloudy,Dry,Daylight,Traffic Control Signal,"Not Suspect of Alcohol Use, Not Suspect of Drug Use",No,Suspected Minor Injury,Not Distracted,MD,Sport Utility Vehicle,45,2022,HONDA,CR-V
MCP289100F3,240054999,MONTGOMERY,Property Damage Crash,11/16/2024 12:12:00 PM,County Route,NOYES CT,COLESVILLE RD,Angle,Clear,Dry,Daylight,Lane Use Control Signal,"Not Suspect of Alcohol Use, Not Suspect of Drug Use",No,No Apparent Injury,Not Distracted,MD,Passenger Car,35,2011,TOYOTA,CAMRY
DM8439000R,15043975,TAKOMA,Injury Crash,09-01-15 17:14,Municipality,GARLAND AVE,CARROLL AVE,STRAIGHT MOVEMENT ANGLE,CLEAR,DRY,DAYLIGHT,STOP SIGN,,Yes,NO APPARENT INJURY,UNKNOWN,MD,PASSENGER CAR,25,2001,MITS,SUV
MCP2992003C,210035809,Montgomery County Police,Property Damage Crash,09-11-21 20:32,Maryland (State),LAYHILL RD,BALLOWS WAY,STRAIGHT MOVEMENT ANGLE,CLEAR,DRY,DARK LIGHTS ON,NO CONTROLS,,Yes,NO APPARENT INJURY,LOOKED BUT DID NOT SEE,MD,PASSENGER CAR,40,2015,CHEVROLET,CAMERO
MCP1453008N,200034126,Montgomery County Police,Property Damage Crash,09-01-20 5:50,County,BRINK RD,BLUNT RD,SAME DIR REAR END,CLOUDY,WET,DARK LIGHTS ON,NO CONTROLS,NONE DETECTED,No,NO APPARENT INJURY,NOT DISTRACTED,MD,PASSENGER CAR,40,2015,NISSAN,ALTIMA
MCP28140037,220027906,Montgomery County Police,Property Damage Crash,06/29/2022 08:12:00 AM,County,LONGDRAFT RD,SIOUX LA,STRAIGHT MOVEMENT ANGLE,,DRY,,STOP SIGN,NONE DETECTED,Yes,NO APPARENT INJURY,UNKNOWN,MD,PASSENGER CAR,35,2016,FORD,VAN
MCP25860068,230025291,Montgomery County Police,Injury Crash,05/26/2023 01:05:00 PM,,NEWCUT ROAD,WHITE HAWK WAY,HEAD ON LEFT TURN,CLEAR,DRY,DAYLIGHT,NO CONTROLS,NONE DETECTED,No,POSSIBLE INJURY,NOT DISTRACTED,MD,(SPORT) UTILITY VEHICLE,25,2022,HONDA,PILOT
MCP3010000Z,16024894,Montgomery County Police,Injury Crash,05/19/2016 03:24:00 PM,Maryland (State),CONNECTICUT AVE,RAMP 3 FR IS 495 EB TO MD 185 NB,SAME DIR REAR END,CLEAR,,DAYLIGHT,NO CONTROLS,NONE DETECTED,Yes,NO APPARENT INJURY,OTHER DISTRACTION,VA,(SPORT) UTILITY VEHICLE,40,2009,KIA,BORREGO EX
MCP3086009C,230034046,Montgomery County Police,Injury Crash,07/17/2023 05:10:00 PM,County,MUNCASTER RD,WILD FLOWER CT,OPPOSITE DIRECTION SIDESWIPE,CLOUDY,DRY,DAYLIGHT,NO CONTROLS,NONE DETECTED,No,NO APPARENT INJURY,NOT DISTRACTED,MD,(SPORT) UTILITY VEHICLE,30,2008,NISSAN,ROGUE
MCP2892001D,15061622,MONTGOMERY,Property Damage Crash,12-02-15 20:59,Maryland (State),GEORGIA AVE,FOREST GLEN RD,HEAD ON LEFT TURN,CLEAR,WET,DARK LIGHTS ON,TRAFFIC SIGNAL,NONE DETECTED,Yes,NO APPARENT INJURY,NOT DISTRACTED,MD,PASSENGER CAR,35,2015,TOYT,CAMRY
DD5502000Z,15017363,Rockville Police Departme,Injury Crash,04/14/2015 05:38:00 PM,Maryland (State),NORBECK RD,E GUDE DR,SAME DIR REAR END,RAINING,WET,DAYLIGHT,NO CONTROLS,NONE DETECTED,No,SUSPECTED MINOR INJURY,NOT DISTRACTED,MD,VAN,50,2014,FORD,VN
MCP2970003P,180001234,Montgomery County Police,Injury Crash,01-09-18 7:51,Maryland (State),VEIRS MILL RD,FERRARA AVE,SAME DIR REAR END,WINTRY MIX,ICE,DAYLIGHT,NO CONTROLS,,No,NO APPARENT INJURY,NOT DISTRACTED,MD,PICKUP TRUCK,40,2002,TOYT,TK
MCP102200DX,200012981,Montgomery County Police,Property Damage Crash,03/17/2020 11:34:00 AM,Maryland (State),DAMASCUS RD,CHROME MINE RD,OTHER,CLEAR,DRY,DAYLIGHT,NO CONTROLS,NONE DETECTED,No,NO APPARENT INJURY,NOT DISTRACTED,MD,PICKUP TRUCK,50,1991,DODG,150
MCP31600011,190002140,Montgomery County Police,Property Damage Crash,01/14/2019 02:16:00 PM,County,LONGFELLOW PL,LAIRD PL,SAME DIRECTION SIDESWIPE,CLEAR,WET,DAYLIGHT,NO CONTROLS,NONE DETECTED,No,NO APPARENT INJURY,NOT DISTRACTED,MD,POLICE VEHICLE/EMERGENCY,25,2015,KIA,SOUL
MCP9311004T,250016520,MONTGOMERY,Injury Crash,04/16/2025 10:57:00 AM,Maryland (State) Route,BRADLEY BLVD,BURNING TREE RD,Angle,Clear,Dry,Daylight,Stop Sign,"Not Suspect of Alcohol Use, Not Suspect of Drug Use",Yes,Possible Injury,Unknown,MD,Passenger Car,30,2004,BMW,325CI
MCP3101000M,180018096,Montgomery County Police,Injury Crash,04/13/2018 05:03:00 PM,County,GOSHEN RD,EMORY GROVE RD,SAME DIR REAR END,CLEAR,DRY,DAYLIGHT,TRAFFIC SIGNAL,ALCOHOL PRESENT,Yes,POSSIBLE INJURY,INATTENTIVE OR LOST IN THOUGHT,MD,PASSENGER CAR,30,2003,HONDA,ACCORD
MCP2446002X,170513882,Montgomery County Police,Property Damage Crash,06/15/2017 05:03:00 PM,Maryland (State),LAYTONSVILLE RD,WARFIELD RD,SAME DIR REAR END,CLEAR,DRY,DAYLIGHT,NO CONTROLS,NONE DETECTED,Yes,NO APPARENT INJURY,OTHER DISTRACTION,MD,PASSENGER CAR,35,2016,DODGE,CHARGER
MCP28490021,16024026,Montgomery County Police,Injury Crash,05/14/2016 06:27:00 PM,Maryland (State),OLNEY SANDY SPRING RD,OLD BALTIMORE RD,STRAIGHT MOVEMENT ANGLE,CLEAR,DRY,DAYLIGHT,TRAFFIC SIGNAL,NONE DETECTED,Yes,NO APPARENT INJURY,LOOKED BUT DID NOT SEE,MD,PASSENGER CAR,40,2011,CADI,ESCALADE
MCP2082003J,260000539,MONTGOMERY,Property Damage Crash,01-04-26 22:55,Maryland (State) Route,GEORGIA AVE (SB/L),,"Sideswipe, Same Direction",Clear,Dry,Dark - Lighted,No Controls,"Not Suspect of Alcohol Use, Not Suspect of Drug Use",No,No Apparent Injury,Not Distracted,MD,Passenger Car,35,2020,TOYOTA,COROLLA
EJ78560035,170515106,Gaithersburg Police Depar,Injury Crash,06/22/2017 08:54:00 AM,Maryland (State),FREDERICK RD,MONTGOMERY VILLAGE AVE,SAME DIR REAR END,CLEAR,DRY,DAYLIGHT,TRAFFIC SIGNAL,,No,POSSIBLE INJURY,NOT DISTRACTED,MD,PASSENGER CAR,35,2003,MERCURY,SABLE
MCP2347001S,180029526,Montgomery County Police,Injury Crash,06/15/2018 09:22:00 AM,County,KARA LA,AUTUMN DR,HEAD ON,CLEAR,DRY,DAYLIGHT,NO CONTROLS,NONE DETECTED,Yes,POSSIBLE INJURY,UNKNOWN,MD,PASSENGER CAR,30,2004,FORD,TAURUS
MCP32640038,220048182,Montgomery County Police,Property Damage Crash,11-02-22 9:16,Maryland (State),GEORGIA AVE,16TH ST,SAME DIRECTION SIDESWIPE,CLEAR,DRY,DAYLIGHT,NO CONTROLS,NONE DETECTED,No,NO APPARENT INJURY,NOT DISTRACTED,MD,PASSENGER CAR,35,2022,TOYOTA,RAV4
MCP1182000Y,15058131,MONTGOMERY,Injury Crash,11/14/2015 11:25:00 AM,County,DEMOCRACY BLVD,SEVEN LOCKS RD,SAME DIR REAR END,CLEAR,DRY,DAYLIGHT,NO CONTROLS,NONE DETECTED,Yes,NO APPARENT INJURY,NOT DISTRACTED,MD,(SPORT) UTILITY VEHICLE,40,2007,LEXUS,RX350
MCP33610011,240000237,MONTGOMERY,Property Damage Crash,01-02-24 13:05,,,,Front to Rear,Clear,,Daylight,,"Unknown, Unknown",No,,,,Passenger Car,0,2011,NISSAN,ROGUE
DM8388003R,210045240,Takoma Park Police Depart,Property Damage Crash,11-08-21 14:52,Municipality,HAMMOND AVE,ANNE AVE,SAME DIR REAR END,CLEAR,DRY,DAYLIGHT,STOP SIGN,NONE DETECTED,Yes,NO APPARENT INJURY,BY OTHER OCCUPANTS,MD,PASSENGER CAR,25,2013,TOYOTA,CAMRY
MCP3230001M,200043872,Montgomery County Police,Property Damage Crash,11-06-20 18:05,Maryland (State),NORBECK RD,BALTIMORE RD,SAME DIR REAR END,CLEAR,DRY,DARK LIGHTS ON,,NONE DETECTED,No,NO APPARENT INJURY,NOT DISTRACTED,MD,PASSENGER CAR,50,2016,JEEP,TK
MCP2622003V,230058430,Montgomery County Police,Injury Crash,10-04-23 7:52,County,BRIGGS CHANEY RD,FAIRDALE RD,SAME DIR REAR END,CLEAR,DRY,DAYLIGHT,NO CONTROLS,NONE DETECTED,No,POSSIBLE INJURY,NOT DISTRACTED,MD,(SPORT) UTILITY VEHICLE,35,2014,TOYOTA,SEQUOIA
MCP2215002G,230061113,Montgomery County Police,Property Damage Crash,10/17/2023 04:48:00 PM,County,BRINK RD,GOSHEN HUNT LA,SAME DIR REAR END,,DRY,DAYLIGHT,NO CONTROLS,,No,NO APPARENT INJURY,NOT DISTRACTED,MD,PASSENGER CAR,40,2013,HONDA,SD
MCP3017000P,180062859,Montgomery County Police,Property Damage Crash,12/17/2018 01:00:00 AM,,,,SAME DIR REAR END,OTHER,,DARK LIGHTS ON,OTHER,ALCOHOL PRESENT,Yes,NO APPARENT INJURY,UNKNOWN,MD,PASSENGER CAR,10,2014,HOND,4S
MCP34000027,250013616,MONTGOMERY,Injury Crash,03/28/2025 06:17:00 PM,County Route,,,Single Vehicle,Clear,Dry,Daylight,Stop Sign,"Not Suspect of Alcohol Use, Not Suspect of Drug Use",No,Suspected Minor Injury,Unknown,MD,Passenger Car,35,2016,HYUNDAI,ELANTRA
MCP32700029,230065855,Montgomery County Police,Injury Crash,11-11-23 23:25,Maryland (State),PINEY BRANCH RD,UNIVERSITY BLVD E,SAME DIR REAR END,CLEAR,DRY,DARK LIGHTS ON,TRAFFIC SIGNAL,NONE DETECTED,No,POSSIBLE INJURY,NOT DISTRACTED,MD,PASSENGER CAR,35,2022,LEXUS,RX350L
MCP9365001P,210002761,Montgomery County Police,Property Damage Crash,01/23/2021 01:59:00 PM,US (State),COLUMBIA PIKE,NO NAME,SAME DIRECTION SIDESWIPE,CLEAR,DRY,DAYLIGHT,TRAFFIC SIGNAL,NONE DETECTED,No,NO APPARENT INJURY,NOT DISTRACTED,MD,(SPORT) UTILITY VEHICLE,50,2019,TOYOTA,RAV 4
MCP1253000L,190050787,Montgomery County Police,Injury Crash,10/22/2019 06:55:00 PM,County,SEVEN HILL LA,SEVEN LOCKS RD,STRAIGHT MOVEMENT ANGLE,CLEAR,DRY,DARK LIGHTS ON,STOP SIGN,NONE DETECTED,Yes,NO APPARENT INJURY,NOT DISTRACTED,MD,,30,2003,UNK,UNK
MCP3309000B,220003658,Montgomery County Police,Property Damage Crash,01/27/2022 06:41:00 PM,Maryland (State),DARNESTOWN RD,BELLINGHAM DR,SINGLE VEHICLE,CLEAR,DRY,DARK LIGHTS ON,NO CONTROLS,NONE DETECTED,No,NO APPARENT INJURY,NOT DISTRACTED,MD,PASSENGER CAR,40,2010,TOYOTA,COROLLA
MCP1174000P,15009398,Montgomery County Police,Property Damage Crash,02/27/2015 08:40:00 AM,Maryland (State),CONNECTICUT AVE,RAYMOND ST,SAME DIRECTION SIDESWIPE,CLEAR,DRY,DAYLIGHT,NO CONTROLS,UNKNOWN,Yes,NO APPARENT INJURY,NOT DISTRACTED,,UNKNOWN,30,99,99,99
MCP34630011,250050162,MONTGOMERY,Property Damage Crash,11-08-25 0:19,County Route,,NORBECK RD,Single Vehicle,Rain,Wet,Dark - Lighted,Traffic Control Signal,"Not Suspect of Alcohol Use, Not Suspect of Drug Use",Yes,No Apparent Injury,Not Distracted,MD,Passenger Car,35,2015,TESLA,MODEL S
MCP2358000M,15000225,Montgomery County Police,Property Damage Crash,01-02-15 9:07,Maryland (State),WISCONSIN AVE,SOMERSET TERRACE,OTHER,CLEAR,DRY,DAYLIGHT,NO CONTROLS,NONE DETECTED,No,NO APPARENT INJURY,NOT DISTRACTED,MD,TRANSIT BUS,35,2009,GILLIG,BUS
MCP137800RX,190041188,Montgomery County Police,Property Damage Crash,08/28/2019 12:46:00 PM,Maryland (State),GREAT SENECA HWY,MUDDY BRANCH RD,SAME DIR REAR END,CLOUDY,DRY,DAYLIGHT,TRAFFIC SIGNAL,NONE DETECTED,Yes,NO APPARENT INJURY,NOT DISTRACTED,MD,(SPORT) UTILITY VEHICLE,50,2018,MERZ,GLE 350
MCP913000LG,250046296,MONTGOMERY,Property Damage Crash,10/15/2025 08:34:00 AM,Maryland (State) Route,UNIVERSITY BLVD E (WB/L),,"Sideswipe, Same Direction",Clear,Dry,Daylight,No Controls,"Not Suspect of Alcohol Use, Not Suspect of Drug Use",No,No Apparent Injury,Not Distracted,NM,Pickup,35,2022,GMC,SIERRA
MCP2195007L,250041769,MONTGOMERY,Injury Crash,09/17/2025 08:49:00 AM,Bicycle Route,,,"Sideswipe, Same Direction",Rain,Wet,Daylight,No Controls,"Not Suspect of Alcohol Use, Not Suspect of Drug Use",Yes,Possible Injury,Unknown,MD,Passenger Car,35,2016,TOYOTA,CAMRY
DD5638002J,210011820,Rockville Police Departme,Injury Crash,03/30/2021 06:45:00 AM,Maryland (State),ROCKVILLE PIKE,VEIRS MILL RD,STRAIGHT MOVEMENT ANGLE,CLEAR,DRY,DARK LIGHTS ON,TRAFFIC SIGNAL,,Unknown,SUSPECTED MINOR INJURY,NOT DISTRACTED,SD,PASSENGER CAR,30,2020,SUBARU,IMPREZA
MCP30480049,180058419,Montgomery County Police,Injury Crash,11/21/2018 02:14:00 PM,County,GRANT ST,GREENTREE RD,HEAD ON LEFT TURN,CLEAR,DRY,DAYLIGHT,STOP SIGN,NONE DETECTED,Yes,NO APPARENT INJURY,UNKNOWN,MD,PASSENGER CAR,15,2017,TOYOTA,4DR
DD55020068,220002625,Rockville Police Departme,Injury Crash,01/21/2022 08:40:00 AM,Municipality,TWINBROOK PKWY,VEIRS MILL SERV RD,SAME DIRECTION RIGHT TURN,CLEAR,DRY,DAYLIGHT,NO CONTROLS,NONE DETECTED,Yes,NO APPARENT INJURY,NOT DISTRACTED,MD,"OTHER LIGHT TRUCKS (10,000LBS (4,536KG) OR LESS)",25,2009,CRAN,TK
MCP2761004J,230052577,Montgomery County Police,Property Damage Crash,09-01-23 6:45,County,PORTERFIELD WAY,FOUNTAIN HILLS DR,UNKNOWN,CLEAR,DRY,DAYLIGHT,NO CONTROLS,,Yes,NO APPARENT INJURY,UNKNOWN,,,30,0,UNKNOWN,UNKNOWN
MCP31600056,240037448,MONTGOMERY,Property Damage Crash,08-08-24 15:31,County Route,,NEBEL ST,Front to Rear,Rain,Wet,Daylight,Stop Sign,"Not Suspect of Alcohol Use, Not Suspect of Drug Use",No,No Apparent Injury,Unknown,MD,Passenger Car,25,2017,MITSUBISHI,LANCER
MCP2615002Y,190013096,Montgomery County Police,Injury Crash,03/21/2019 06:09:00 PM,County,RANDOLPH RD,LOCKSLEY LA,HEAD ON LEFT TURN,RAINING,WET,DUSK,TRAFFIC SIGNAL,NONE DETECTED,Yes,NO APPARENT INJURY,NOT DISTRACTED,MD,PASSENGER CAR,40,2007,TOYOTA,PRIUS
MCP26830076,240057225,MONTGOMERY,Property Damage Crash,11/29/2024 04:00:00 PM,Maryland (State) Route,VEIRS MILL RD (WB/L),,"Sideswipe, Same Direction",Clear,Dry,Daylight,No Controls,"Not Suspect of Alcohol Use, Not Suspect of Drug Use",No,No Apparent Injury,Not Distracted,,Sport Utility Vehicle,35,2004,GMC,YUKON XL
MCP13340093,190058195,Montgomery County Police,Property Damage Crash,12-03-19 10:22,County,MONTGOMERY VILLAGE AVE,GREENSIDE TERR,SAME DIR REAR END,CLEAR,DRY,DAYLIGHT,NO CONTROLS,NONE DETECTED,Yes,NO APPARENT INJURY,NOT DISTRACTED,MD,VAN,35,2010,HONDA,ODYSSEY
MCP27630053,250015397,MONTGOMERY,Injury Crash,04-09-25 9:50,County Route,WATKINS MILL RD,,Front to Rear,Clear,Dry,Daylight,No Controls,"Not Suspect of Alcohol Use, Not Suspect of Drug Use",No,Possible Injury,Unknown,MD,Sport Utility Vehicle,30,2006,CHEVROLET,SUBURBAN
MCP2671002Y,210042568,Montgomery County Police,Property Damage Crash,10/23/2021 06:00:00 PM,US (State),COLESVILLE RD,SPRING ST,SAME DIRECTION SIDESWIPE,,DRY,DARK LIGHTS ON,,,Yes,NO APPARENT INJURY,LOOKED BUT DID NOT SEE,DC,PASSENGER CAR,35,2006,DODGE,TK
MCP1064008M,180062070,Montgomery County Police,Property Damage Crash,12-12-18 14:37,County,WALDEN RD,E WAYNE AVE,OTHER,CLOUDY,DRY,DAYLIGHT,,,Yes,NO APPARENT INJURY,UNKNOWN,MD,SCHOOL BUS,25,2014,THOM,SCHOOL BUS
MCP2116009T,190036309,Montgomery County Police,Property Damage Crash,07/30/2019 01:54:00 PM,Other Public Roadway,MONTROSE PKWY,E JEFFERSON ST,STRAIGHT MOVEMENT ANGLE,CLEAR,DRY,DAYLIGHT,TRAFFIC SIGNAL,NONE DETECTED,No,NO APPARENT INJURY,NOT DISTRACTED,MD,PASSENGER CAR,40,2001,BUIC,4S
DD5607003Q,210049018,Rockville Police Departme,Property Damage Crash,12-02-21 23:40,County,DARNESTOWN RD,W MONTGOMERY AVE,SINGLE VEHICLE,CLEAR,DRY,DARK NO LIGHTS,NO CONTROLS,NONE DETECTED,Yes,NO APPARENT INJURY,UNKNOWN,MD,PASSENGER CAR,35,2016,HONDA,HRV