Report Number,Local Case Number,Agency Name,ACRS Report Type,Crash Date/Time,Route Type,Road Name,Cross-Street Name,Collision Type,Weather,Surface Condition,Light,Traffic Control,Driver Substance Abuse,Driver At Fault,Injury Severity,Driver Distracted By,Drivers License State,Vehicle Body Type,Speed Limit,Vehicle Year,Vehicle Make,Vehicle Model
MCP1099003L,200044769,Montgomery County Police,Property Damage Crash,11/13/2020 06:34:00 AM,,,,OTHER,CLOUDY,,DAWN,NO CONTROLS,UNKNOWN,Yes,NO APPARENT INJURY,UNKNOWN,,UNKNOWN,5,0,UNKNOWN,UNKNOWN
MCP2177004M,220044161,Montgomery County Police,Property Damage Crash,10-12-22 18:30,Maryland (State),UNIVERSITY BLVD W,LORAIN AVE,HEAD ON LEFT TURN,CLEAR,DRY,DUSK,NO CONTROLS,NONE DETECTED,No,NO APPARENT INJURY,NOT DISTRACTED,MD,PASSENGER CAR,35,1998,ACURA,HB
MCP304800DX,250024313,MONTGOMERY,Injury Crash,06-01-25 10:00,Maryland (State) Route,ROCKVILLE PIKE (SB/L),GOLF LA,Single Vehicle,Clear,Dry,Daylight,Stop Sign,"Not Suspect of Alcohol Use, Not Suspect of Drug Use",Yes,No Apparent Injury,Not Distracted,MD,Passenger Car,35,2007,TOYOTA,PRIUS
MCP2412000B,16006461,Montgomery County Police,Property Damage Crash,02-08-16 0:06,Maryland (State),UNIVERSITY BLVD E,CARROLL AVE,ANGLE MEETS RIGHT TURN,CLEAR,DRY,DARK LIGHTS ON,TRAFFIC SIGNAL,NONE DETECTED,No,NO APPARENT INJURY,NOT DISTRACTED,MD,PASSENGER CAR,35,2010,CHRYSLER,SEBRING
MCP2552001L,17002322,Montgomery County Police,Property Damage Crash,01/13/2017 07:12:00 PM,County,BOU AVE,CHAPMAN AVE,STRAIGHT MOVEMENT ANGLE,CLEAR,DRY,DARK LIGHTS ON,,,No,NO APPARENT INJURY,NOT DISTRACTED,TX,PASSENGER CAR,25,2015,VOLKSWAGON,EOS
MCP34220019,240060909,MONTGOMERY,Property Damage Crash,12/20/2024 05:15:00 PM,County Route,THAYER AVE,,"Sideswipe, Same Direction",Clear,Dry,Daylight,No Controls,"Not Suspect of Alcohol Use, Not Suspect of Drug Use",No,No Apparent Injury,Not Distracted,MD,Passenger Car,15,2017,FORD,C-MAX
MCP3059003Z,190045458,Montgomery County Police,Property Damage Crash,09/22/2019 04:11:00 PM,,,,OTHER,CLEAR,,DAYLIGHT,,,No,NO APPARENT INJURY,NOT DISTRACTED,MD,PASSENGER CAR,15,2017,HYUNDAI,ELANTRA
MCP2919004G,180008656,Montgomery County Police,Injury Crash,02/19/2018 05:52:00 PM,Maryland (State),NEW HAMPSHIRE AVE,RODNEY RD,SAME DIRECTION SIDESWIPE,RAINING,WET,DARK LIGHTS ON,,NONE DETECTED,No,POSSIBLE INJURY,NOT DISTRACTED,MD,PASSENGER CAR,40,2014,CADILLAC,TK
MCP2195004B,210030795,Montgomery County Police,Property Damage Crash,08-08-21 9:27,Maryland (State),ROCKVILLE PIKE,ENT TO FEDERAL PLAZA S.C.,ANGLE MEETS RIGHT TURN,CLEAR,DRY,DAYLIGHT,TRAFFIC SIGNAL,NONE DETECTED,Yes,NO APPARENT INJURY,LOOKED BUT DID NOT SEE,MD,PASSENGER CAR,40,2021,LEX,UT
MCP30580016,170548212,Montgomery County Police,Injury Crash,12-12-17 19:40,Maryland (State),DARNESTOWN RD,DUFIEF MILL RD,STRAIGHT MOVEMENT ANGLE,CLEAR,DRY,DARK LIGHTS ON,NO CONTROLS,NONE DETECTED,No,POSSIBLE INJURY,NOT DISTRACTED,MD,PASSENGER CAR,40,2011,BMW,355I
MCP2116005B,16058778,Montgomery County Police,Injury Crash,11/15/2016 07:20:00 AM,County,GLEN RD,S GLEN RD,SAME DIR REAR END,CLOUDY,WET,DAYLIGHT,STOP SIGN,,Yes,NO APPARENT INJURY,NOT DISTRACTED,MD,(SPORT) UTILITY VEHICLE,30,2004,HYUN,TK
MCP2739000T,16010007,MONTGOMERY,Property Damage Crash,02/29/2016 05:38:00 AM,Maryland (State),NEW HAMPSHIRE AVE,ADELPHI RD,SAME DIR REAR END,CLEAR,DRY,DAWN,TRAFFIC SIGNAL,NONE DETECTED,Yes,NO APPARENT INJURY,UNKNOWN,MD,PASSENGER CAR,40,2012,MAZDA,6
MCP29730048,180050091,Montgomery County Police,Injury Crash,10-07-18 0:25,County,AMHERST AVE,WINDHAM LA,SAME DIR REAR END,CLEAR,DRY,DARK LIGHTS ON,STOP SIGN,NONE DETECTED,Yes,NO APPARENT INJURY,LOOKED BUT DID NOT SEE,MD,PASSENGER CAR,25,2015,TOYOTA,4S
MCP2313001Q,230070723,Montgomery County Police,Injury Crash,12-09-23 1:07,Maryland (State),GEORGIA AVE,UNIVERSITY BLVD W,STRAIGHT MOVEMENT ANGLE,CLEAR,DRY,DARK LIGHTS ON,TRAFFIC SIGNAL,ALCOHOL PRESENT,Yes,NO APPARENT INJURY,UNKNOWN,XX,PASSENGER CAR,25,2008,HONDA,ACCORD
MCP9390001D,190024549,Montgomery County Police,Property Damage Crash,05/23/2019 04:15:00 PM,Municipality,W DEER PARK RD,BRIGHTON DR,SAME DIRECTION LEFT TURN,RAINING,WET,DAYLIGHT,,,No,NO APPARENT INJURY,NOT DISTRACTED,MD,PASSENGER CAR,25,2014,DODGE,RAM
MCP31910039,210043218,Montgomery County Police,Property Damage Crash,10/27/2021 06:31:00 PM,County,REDLAND RD,ENT SHADY GROVE METRO STATION,HEAD ON LEFT TURN,CLEAR,DRY,DARK LIGHTS ON,TRAFFIC SIGNAL,,No,NO APPARENT INJURY,NOT DISTRACTED,MD,PASSENGER CAR,35,2015,NISSAN,ROGUE
MCP2239001L,200006470,Montgomery County Police,Injury Crash,02-08-20 8:55,Maryland (State),FALLS RD,GLEN RD,HEAD ON LEFT TURN,CLEAR,ICE,DAYLIGHT,TRAFFIC SIGNAL,,Yes,NO APPARENT INJURY,NOT DISTRACTED,MD,PASSENGER CAR,35,2015,HYUNDAI,SW
MCP3341003M,240019891,MONTGOMERY,Injury Crash,04/29/2024 07:44:00 AM,County Route,,PARKER FARM WAY (SB/L),Single Vehicle,Clear,Dry,Daylight,Traffic Control Signal,"Not Suspect of Alcohol Use, Not Suspect of Drug Use",Yes,No Apparent Injury,Not Distracted,MD,Pickup,35,2020,CHEVROLET,SILVERADO
DD56490039,230033643,Rockville Police Departme,Injury Crash,07/14/2023 09:48:00 PM,Maryland (State),FALLS RD,RAMP 5 FR RAMP 8 (FR IS270) TO MD 189 EB,OTHER,,WET,DARK LIGHTS ON,NO CONTROLS,NONE DETECTED,No,POSSIBLE INJURY,NOT DISTRACTED,MD,PASSENGER CAR,30,2023,HONDA,CIVIC
DD55670029,240001305,ROCKVILLE,Property Damage Crash,01-09-24 9:30,,,,Single Vehicle,Rain,,Daylight,,"Not Suspect of Alcohol Use, Not Suspect of Drug Use",No,No Apparent Injury,Unknown,MD,Bus - School,0,2022,THOMAS BUILT,UNKNOWN
MCP1151005V,17004280,Montgomery County Police,Injury Crash,01/25/2017 07:40:00 AM,County,MIDDLEBROOK RD,CRYSTAL ROCK DR,STRAIGHT MOVEMENT ANGLE,CLEAR,DRY,DAYLIGHT,TRAFFIC SIGNAL,NONE DETECTED,No,NO APPARENT INJURY,NOT DISTRACTED,MD,"OTHER LIGHT TRUCKS (10,000LBS (4,536KG) OR LESS)",30,2010,MACK,TRASH TK
MCP9301003Y,220013534,Montgomery County Police,Property Damage Crash,03/30/2022 11:30:00 AM,Maryland (State),KEY WEST AVE,DARNESTOWN RD,OTHER,CLEAR,DRY,DAYLIGHT,,,Yes,NO APPARENT INJURY,NOT DISTRACTED,MD,PASSENGER CAR,10,2011,TOYO,CAMRY
DD56140003,15066080,ROCKVILLE,Property Damage Crash,12/25/2015 01:59:00 AM,Municipality,GRUENTHER AVE,GRUENTHER CT,SAME DIRECTION SIDESWIPE,CLEAR,WET,DARK NO LIGHTS,NO CONTROLS,ALCOHOL CONTRIBUTED,Yes,NO APPARENT INJURY,NOT DISTRACTED,MD,(SPORT) UTILITY VEHICLE,30,2008,JEEP,LIBERTY
MCP2825001K,210050526,Montgomery County Police,Property Damage Crash,12-12-21 18:30,,ST PETER CT,FOREST BROOK RD,SINGLE VEHICLE,CLEAR,DRY,DARK LIGHTS ON,,NONE DETECTED,Yes,NO APPARENT INJURY,LOOKED BUT DID NOT SEE,MD,FIRE VEHICLE/EMERGENCY,15,2009,SPAR,TK
MCP2754000T,16035736,Montgomery County Police,Property Damage Crash,07/14/2016 06:46:00 PM,County,11TH AVE,NAVAHOE DR,SAME DIRECTION SIDESWIPE,CLEAR,DRY,DAYLIGHT,STOP SIGN,ALCOHOL PRESENT,Yes,NO APPARENT INJURY,OTHER DISTRACTION,MD,VAN,25,2013,CHEVROLET,VAN
MCP3190005R,240007640,MONTGOMERY,Injury Crash,02/16/2024 10:50:00 AM,County Route,EMORY LA,GEORGIA AVE,Front to Rear,Clear,Dry,Daylight,Flashing Traffic Control Signal,"Not Suspect of Alcohol Use, Not Suspect of Drug Use",No,No Apparent Injury,Not Distracted,MD,Passenger Car,45,2021,FORD,TRANSIT
DD5567004W,240033816,ROCKVILLE,Property Damage Crash,07/17/2024 04:36:00 PM,Maryland (State) Route,W MONTGOMERY AVE,,Angle,Clear,Dry,Daylight,No Controls,"Not Suspect of Alcohol Use, Not Suspect of Drug Use",No,No Apparent Injury,Not Distracted,MD,Pickup,30,2012,TOYOTA,TACOMA
MCP9390000L,16010150,Montgomery County Police,Injury Crash,02/29/2016 06:53:00 PM,Maryland (State),CLOPPER RD,METROPOLITAN GROVE RD,OTHER,CLEAR,DRY,DARK LIGHTS ON,TRAFFIC SIGNAL,,No,NO APPARENT INJURY,NOT DISTRACTED,MD,PASSENGER CAR,35,2013,HOND,ACCORD
MCP271700LD,180054746,Montgomery County Police,Property Damage Crash,11-01-18 8:20,Maryland (State),OLD COLUMBIA PIKE,OLD COLUMBIA PIKE,ANGLE MEETS LEFT TURN,CLEAR,DRY,DAYLIGHT,NO CONTROLS,NONE DETECTED,Yes,NO APPARENT INJURY,UNKNOWN,TX,PICKUP TRUCK,35,1989,CHEVROLET,SILVERADO
MCP3429001F,250047594,MONTGOMERY,Property Damage Crash,10/23/2025 07:47:00 AM,,,,Front to Rear,Clear,,Daylight,,"Not Suspect of Alcohol Use, Not Suspect of Drug Use",Yes,No Apparent Injury,Unknown,MD,Passenger Car,0,2006,HONDA,CIVIC
MCP26740044,230031736,Montgomery County Police,Property Damage Crash,07-03-23 15:31,Maryland (State),RIDGE RD,SWEEPSTAKES RD,SAME DIR REAR END,CLEAR,DRY,DAYLIGHT,TRAFFIC SIGNAL,NONE DETECTED,No,NO APPARENT INJURY,NOT DISTRACTED,MD,(SPORT) UTILITY VEHICLE,40,2012,FORD,EXPLORER
EJ7852003W,200028510,Gaithersburg Police Depar,Injury Crash,07/22/2020 07:00:00 PM,Maryland (State),FREDERICK RD,CROSSOVER,SAME DIRECTION SIDESWIPE,RAINING,WET,DAYLIGHT,,,Yes,NO APPARENT INJURY,NOT DISTRACTED,MD,PASSENGER CAR,40,2009,MITSUBISHI,SEDAN
MCP3269001D,220005992,Montgomery County Police,Property Damage Crash,02-11-22 10:58,US (State),COLUMBIA PIKE,DUSTIN RD,SAME DIR REAR END,CLEAR,DRY,DAYLIGHT,NO CONTROLS,NONE DETECTED,Yes,NO APPARENT INJURY,NOT DISTRACTED,MD,PASSENGER CAR,55,2016,TOYT,4H
MCP10480048,190010583,Montgomery County Police,Property Damage Crash,03-07-19 9:25,County,REDLAND RD,SOMERVILLE DR,ANGLE MEETS RIGHT TURN,CLOUDY,DRY,DAYLIGHT,TRAFFIC SIGNAL,NONE DETECTED,Yes,NO APPARENT INJURY,LOOKED BUT DID NOT SEE,MD,SCHOOL BUS,35,2018,FRHT,BU
MCP3382002Z,250051321,MONTGOMERY,Injury Crash,11/15/2025 09:03:00 PM,County Route,COLESVILLE MANOR DR,NEW HAMPSHIRE AVE (SB/L),Single Vehicle,Clear,Dry,Dark - Not Lighted,No Controls,"Not Suspect of Alcohol Use, Not Suspect of Drug Use",Yes,No Apparent Injury,Not Distracted,MD,Passenger Car,25,2023,GMC,TERRAIN
MCP3122002L,190057491,Montgomery County Police,Injury Crash,11/28/2019 11:25:00 PM,,,,SINGLE VEHICLE,CLEAR,,DARK LIGHTS ON,,ALCOHOL PRESENT,Yes,NO APPARENT INJURY,INATTENTIVE OR LOST IN THOUGHT,MD,PASSENGER CAR,15,2007,HONDA,PILOT
MCP21120003,16029238,Montgomery County Police,Injury Crash,06-10-16 16:14,Maryland (State),DARNESTOWN RD,CHESTNUT OAK DR,SINGLE VEHICLE,CLEAR,DRY,DAYLIGHT,NO CONTROLS,NONE DETECTED,Yes,POSSIBLE INJURY,NOT DISTRACTED,FL,PASSENGER CAR,35,2016,NISSAN,ALTIMA
MCP2047000Y,16065646,Montgomery County Police,Property Damage Crash,12/22/2016 09:24:00 AM,County,TWINBROOK PKWY,BESLEY CT,SAME DIRECTION RIGHT TURN,CLEAR,DRY,DAYLIGHT,NO CONTROLS,NONE DETECTED,Unknown,NO APPARENT INJURY,NOT DISTRACTED,MD,"CARGO VAN/LIGHT TRUCK 2 AXLES (OVER 10,000LBS (4,536 KG))",35,2000,MACK,TK
MCP25390021,220031816,Montgomery County Police,Property Damage Crash,07/24/2022 03:27:00 AM,Maryland (State),ROCKVILLE PIKE,MARINELLI RD,SAME DIR REAR END,CLEAR,DRY,DARK LIGHTS ON,TRAFFIC SIGNAL,UNKNOWN,Yes,NO APPARENT INJURY,UNKNOWN,,,45,0,UNKNOWN,UNKNOWN
MCP15750089,190006065,Montgomery County Police,Property Damage Crash,02-07-19 11:55,County,CRABBS BRANCH WAY,SHADY GROVE RD,SAME DIR REAR END,CLOUDY,DRY,DAYLIGHT,NO CONTROLS,NONE DETECTED,No,NO APPARENT INJURY,NOT DISTRACTED,MD,POLICE VEHICLE/NON EMERGENCY,35,2017,FORD,INTERCEPTOR
DD5604005W,250047665,ROCKVILLE,Property Damage Crash,10/23/2025 04:02:00 PM,Maryland (State) Route,E JEFFERSON ST,MONROE ST,"Sideswipe, Same Direction",Clear,Dry,Daylight,Traffic Control Signal,"Not Suspect of Alcohol Use, Not Suspect of Drug Use",No,No Apparent Injury,Not Distracted,MD,Sport Utility Vehicle,30,2004,GMC,YUKON
MCP3084002N,180059485,Montgomery County Police,Property Damage Crash,11/28/2018 01:52:00 PM,County,ROCKLEDGE BLVD,ROCK FOREST DR (PROPOSED),SAME DIR BOTH LEFT TURN,CLEAR,DRY,DAYLIGHT,TRAFFIC SIGNAL,NONE DETECTED,No,NO APPARENT INJURY,NOT DISTRACTED,MD,PASSENGER CAR,35,2016,JEEP,TK
MCP3075004P,240036462,MONTGOMERY,Injury Crash,08-02-24 16:38,County Route,FIELDCREST RD,OLNEY LAYTONSVILLE RD,Front to Front,Clear,Dry,Daylight,Traffic Control Signal,"Not Suspect of Alcohol Use, Not Suspect of Drug Use",No,No Apparent Injury,Not Distracted,TX,Passenger Car,40,2019,FORD,FIESTA
DD5522001M,15013069,Rockville Police Departme,Injury Crash,03/21/2015 07:49:00 PM,Maryland (State),FIRST ST,BALTIMORE RD,SAME DIR REAR END,CLEAR,DRY,DARK LIGHTS ON,NO CONTROLS,NONE DETECTED,Yes,NO APPARENT INJURY,INATTENTIVE OR LOST IN THOUGHT,MD,PASSENGER CAR,40,2011,TOYOTA,COROLLA
MCP3064002Z,200017760,Montgomery County Police,Property Damage Crash,05-01-20 6:20,Maryland (State),GEORGIA AVE,ENNALLS AVE,OTHER,RAINING,WET,DUSK,NO CONTROLS,NONE DETECTED,No,NO APPARENT INJURY,NOT DISTRACTED,MD,PASSENGER CAR,25,2000,TOYT,VN
MCP2385001Z,19005840,Montgomery County Police,Property Damage Crash,12-02-19 22:13,County,BRINK RD,GOSHEN RD,SINGLE VEHICLE,CLEAR,WET,DARK NO LIGHTS,NO CONTROLS,NONE DETECTED,Yes,NO APPARENT INJURY,NOT DISTRACTED,MD,PASSENGER CAR,40,2009,FORD,4S
MCP2881002N,170532825,Montgomery County Police,Injury Crash,09/24/2017 12:32:00 PM,County,MIDDLEBROOK RD,RIDGECREST DR,SINGLE VEHICLE,,DRY,DAYLIGHT,,,Unknown,NO APPARENT INJURY,NOT DISTRACTED,MD,PASSENGER CAR,5,2010,TOYT,4S
MCP3223000G,200009980,Montgomery County Police,Property Damage Crash,02/28/2020 06:55:00 PM,Maryland (State),GEORGIA AVE,FENWICK LA,SAME DIRECTION RIGHT TURN,CLEAR,DRY,DARK LIGHTS ON,NO CONTROLS,NONE DETECTED,No,NO APPARENT INJURY,LOOKED BUT DID NOT SEE,MD,"CARGO VAN/LIGHT TRUCK 2 AXLES (OVER 10,000LBS (4,536 KG))",35,2020,DODGE,SPRINTER VAN
MCP2659001B,16061570,Montgomery County Police,Injury Crash,11/30/2016 10:00:00 PM,Interstate (State),CAPITAL BELTWAY,CONNECTICUT AVE,SAME DIRECTION SIDESWIPE,RAINING,WATER(STANDING/MOVING),DARK LIGHTS ON,NO CONTROLS,NONE DETECTED,No,NO APPARENT INJURY,NOT DISTRACTED,MD,"CARGO VAN/LIGHT TRUCK 2 AXLES (OVER 10,000LBS (4,536 KG))",55,2014,FORD,3DC
MCP2922000R,16046430,Montgomery County Police,Property Damage Crash,09-10-16 15:30,US (State),COLUMBIA PIKE,STEWART LA,SAME DIR REAR END,CLEAR,DRY,DAYLIGHT,TRAFFIC SIGNAL,,No,NO APPARENT INJURY,NOT DISTRACTED,MD,PASSENGER CAR,45,2006,TOYOTA,AVALON
MCP1022003L,15058413,MONTGOMERY,Injury Crash,11/16/2015 08:11:00 AM,Maryland (State),OLNEY LAYTONSVILLE RD,FIELDCREST RD,SAME DIR REAR END,CLEAR,DRY,DAYLIGHT,NO CONTROLS,NONE DETECTED,No,NO APPARENT INJURY,NOT DISTRACTED,MD,PICKUP TRUCK,50,1996,FORD,F-150
MCP31960018,200022881,Montgomery County Police,Property Damage Crash,05/31/2020 10:30:00 PM,,,,OTHER,UNKNOWN,,UNKNOWN,UNKNOWN,UNKNOWN,Yes,NO APPARENT INJURY,UNKNOWN,,PASSENGER CAR,15,2019,JEEP,TK
MCP2726000S,15054710,MONTGOMERY,Injury Crash,10/28/2015 09:56:00 AM,County,MONTROSE RD,TOWER OAKS BLVD,HEAD ON LEFT TURN,RAINING,WET,DAYLIGHT,TRAFFIC SIGNAL,NONE DETECTED,Yes,NO APPARENT INJURY,NOT DISTRACTED,MD,PASSENGER CAR,40,2015,JEEP,SUV
MCP2466001M,16057122,Montgomery County Police,Injury Crash,11-05-16 16:07,County,FIRESTONE DR,CALLOWAY CT,SINGLE VEHICLE,CLEAR,DRY,DAYLIGHT,NO CONTROLS,ALCOHOL PRESENT,Yes,POSSIBLE INJURY,UNKNOWN,MD,PASSENGER CAR,30,2011,TOYT,4S
DM8421002T,210033137,Takoma Park Police Depart,Injury Crash,08/25/2021 07:57:00 AM,Maryland (State),CARROLL AVE,ETHAN ALLEN AVE,SAME DIR REAR END,CLEAR,DRY,DAYLIGHT,TRAFFIC SIGNAL,NONE DETECTED,No,POSSIBLE INJURY,NOT DISTRACTED,MD,PASSENGER CAR,25,2013,BMW,X3
MCP3163001M,190010478,Montgomery County Police,Property Damage Crash,03-06-19 15:34,County,OVERLEA RD,NAHANT ST,OPPOSITE DIRECTION SIDESWIPE,CLEAR,DRY,DAYLIGHT,,NONE DETECTED,Yes,NO APPARENT INJURY,LOOKED BUT DID NOT SEE,XX,PASSENGER CAR,25,2015,TOYT,SIENNA
EJ7884001S,2100010186,Gaithersburg Police Depar,Property Damage Crash,03/18/2021 02:55:00 PM,Maryland (State),QUINCE ORCHARD RD,RAMP 7 FR MD 124 WB TO IS 270 SB,SAME DIR REAR END,RAINING,WET,DAYLIGHT,,,No,NO APPARENT INJURY,NOT DISTRACTED,MD,PASSENGER CAR,35,2011,TOYOTA,SIENNA
MCP2231003L,170529726,Montgomery County Police,Property Damage Crash,09-10-17 14:21,Maryland (State),QUINCE ORCHARD RD,FIRSTFIELD RD,HEAD ON LEFT TURN,CLEAR,DRY,DAYLIGHT,NO CONTROLS,NONE DETECTED,No,NO APPARENT INJURY,NOT DISTRACTED,MD,PASSENGER CAR,35,2011,VOLKSWAGEN,JETTA
DD5611005K,190001033,Rockville Police Departme,Property Damage Crash,01-07-19 11:15,Municipality,TWINBROOK PKWY,CHAPMAN AVE,HEAD ON LEFT TURN,CLEAR,DRY,DAYLIGHT,TRAFFIC SIGNAL,NONE DETECTED,Yes,NO APPARENT INJURY,LOOKED BUT DID NOT SEE,MD,PASSENGER CAR,30,2016,BUICK,LACROSSE
MCP2640000G,15001747,Montgomery County Police,Property Damage Crash,01-11-15 19:35,US (State),GEORGIA AVE,NW EASTERN AVE (DC MAINT),SAME DIR REAR END,CLEAR,DRY,DARK LIGHTS ON,TRAFFIC SIGNAL,NONE DETECTED,No,NO APPARENT INJURY,NOT DISTRACTED,DC,PASSENGER CAR,35,2009,NISSAN,MURANO
MCP2728002X,16062641,Montgomery County Police,Property Damage Crash,12-06-16 16:36,US (State),COLESVILLE RD,LANARK WAY,SAME DIR REAR END,RAINING,WET,DARK LIGHTS ON,NO CONTROLS,NONE DETECTED,Yes,NO APPARENT INJURY,OTHER DISTRACTION,MD,PASSENGER CAR,35,2012,TOYT,COROLLA
MCP3148002Z,210014145,Montgomery County Police,Injury Crash,04/15/2021 08:13:00 PM,Maryland (State),RIVER RD,POTOMAC MANORS DR,OTHER,CLEAR,,DARK LIGHTS ON,OTHER,NONE DETECTED,Yes,NO APPARENT INJURY,LOOKED BUT DID NOT SEE,VA,PASSENGER CAR,30,2010,TOYOTA,CAROLLA
MCP3019000N,17015571,Montgomery County Police,Injury Crash,03/27/2017 10:53:00 AM,County,PERSIMMON TREE RD,BRONSON DR,SINGLE VEHICLE,CLOUDY,WET,DAYLIGHT,NO CONTROLS,NONE DETECTED,Yes,SUSPECTED MINOR INJURY,UNKNOWN,MD,PASSENGER CAR,30,2006,TOYOTA,HIGHLANDER
MCP27740014,15016742,Montgomery County Police,Property Damage Crash,04-11-15 5:44,Maryland (State),GEORGIA AVE,SPRING ST,SINGLE VEHICLE,,DRY,DARK LIGHTS ON,TRAFFIC SIGNAL,UNKNOWN,Yes,NO APPARENT INJURY,UNKNOWN,,PASSENGER CAR,35,2009,DODGE,CHARGER
MCP3193004V,230054877,Montgomery County Police,Injury Crash,09/14/2023 04:25:00 PM,Maryland (State),VEIRS MILL RD,PENDLETON DR,STRAIGHT MOVEMENT ANGLE,CLEAR,DRY,DAYLIGHT,NO CONTROLS,NONE DETECTED,Yes,SUSPECTED MINOR INJURY,LOOKED BUT DID NOT SEE,MD,PASSENGER CAR,35,2017,HOND,SD
MCP2968005Y,250039232,MONTGOMERY,Property Damage Crash,09-01-25 17:00,Local Route,ALTA SPRINGS WAY,,Front to Rear,Clear,Dry,Daylight,No Controls,"Not Suspect of Alcohol Use, Not Suspect of Drug Use",No,No Apparent Injury,Unknown,MD,Passenger Car,0,2023,ACURA,MDX
MCP289200JT,250055471,MONTGOMERY,Property Damage Crash,12-11-25 15:30,County Route,COLUMBIA BLVD,SEMINARY RD,Angle,Clear,Dry,Daylight,No Controls,"Not Suspect of Alcohol Use, Not Suspect of Drug Use",No,No Apparent Injury,Not Distracted,MD,Passenger Car,30,2024,TOYOTA,HIGHLANDER
MCP30260015,170517764,Montgomery County Police,Property Damage Crash,07-07-17 8:45,Maryland (State),RIVER RD,BRADLEY BLVD,SAME DIR REAR END,RAINING,WET,DAYLIGHT,TRAFFIC SIGNAL,NONE DETECTED,Yes,NO APPARENT INJURY,NOT DISTRACTED,MD,PASSENGER CAR,35,2015,LAND ROVER,RANGE ROVER
MCP23990026,180062521,Montgomery County Police,Property Damage Crash,12/14/2018 05:55:00 PM,Maryland (State),FREDERICK RD,CHESTNUT ST,STRAIGHT MOVEMENT ANGLE,RAINING,WET,DARK LIGHTS ON,NO CONTROLS,NONE DETECTED,No,NO APPARENT INJURY,NOT DISTRACTED,MD,PASSENGER CAR,30,2007,DODG,CALIBER
MCP31380083,250037728,MONTGOMERY,Property Damage Crash,08/23/2025 02:02:00 PM,Maryland (State) Route,GEORGIA AVE,PARKER AVE,Front to Rear,Clear,Dry,Daylight,No Controls,"Unknown, Unknown",No,,,,,35,0,,
MCP26660047,200018976,Montgomery County Police,Property Damage Crash,05-10-20 14:00,Maryland (State),UNIVERSITY BLVD W,SUTHERLAND RD,SAME DIRECTION SIDESWIPE,CLEAR,DRY,DAYLIGHT,NO CONTROLS,NONE DETECTED,Yes,NO APPARENT INJURY,NOT DISTRACTED,CA,PASSENGER CAR,35,2013,HYUNDAI,ELANTRA
MCP2864003V,210000825,Montgomery County Police,Property Damage Crash,01-07-21 15:42,County,SHADY GROVE RD,RESEARCH BLVD,STRAIGHT MOVEMENT ANGLE,CLEAR,DRY,DAYLIGHT,TRAFFIC SIGNAL,NONE DETECTED,Unknown,NO APPARENT INJURY,UNKNOWN,MD,PASSENGER CAR,35,2016,HOND,TK
MCP2088002D,210047441,Montgomery County Police,Injury Crash,11/22/2021 12:59:00 PM,County,STRINGTOWN RD,BRIGHTWELL DR,STRAIGHT MOVEMENT ANGLE,,DRY,DAYLIGHT,STOP SIGN,NONE DETECTED,No,SUSPECTED MINOR INJURY,UNKNOWN,MD,(SPORT) UTILITY VEHICLE,30,2021,JEEP,4X4
MCP2875007F,230033627,Montgomery County Police,Injury Crash,07/14/2023 07:01:00 PM,County,FATHER HURLEY BLVD,WATERS LANDING DR,HEAD ON LEFT TURN,CLOUDY,DRY,DAYLIGHT,TRAFFIC SIGNAL,NONE DETECTED,No,NO APPARENT INJURY,NOT DISTRACTED,MD,VAN,30,2017,TOYOTA,SIENNA
MCP3288001F,210037399,Montgomery County Police,Property Damage Crash,09/22/2021 09:09:00 AM,County,CENTERWAY RD,BROOKE GROVE CT,STRAIGHT MOVEMENT ANGLE,RAINING,WET,DAYLIGHT,NO CONTROLS,NONE DETECTED,No,NO APPARENT INJURY,NOT DISTRACTED,MD,PASSENGER CAR,35,2015,HYUN,4S
DD5603008M,210007419,Rockville Police Departme,Injury Crash,02/26/2021 07:00:00 PM,Maryland (State),ROCKVILLE PIKE,CONGRESSIONAL LA,SAME DIR REAR END,RAINING,WET,DARK LIGHTS ON,TRAFFIC SIGNAL,NONE DETECTED,Yes,NO APPARENT INJURY,UNKNOWN,MD,PASSENGER CAR,40,2008,HOND,SD
MCP3109000N,180022317,Montgomery County Police,Injury Crash,05-06-18 20:10,County,FAIRLAND RD,COLUMBIA PIKE,HEAD ON LEFT TURN,CLEAR,DRY,DARK -- UNKNOWN LIGHTING,TRAFFIC SIGNAL,NONE DETECTED,No,SUSPECTED MINOR INJURY,NOT DISTRACTED,MD,PASSENGER CAR,45,2015,MERZ,TK
MCP23560025,220002747,Montgomery County Police,Property Damage Crash,01/21/2022 08:26:00 PM,Maryland (State),FIRST ST,VEIRS MILL RD,OTHER,CLEAR,DRY,DARK LIGHTS ON,TRAFFIC SIGNAL,NONE DETECTED,No,NO APPARENT INJURY,NOT DISTRACTED,MD,PICKUP TRUCK,40,2020,FORD,F350
MCP30510037,190034711,Montgomery County Police,Property Damage Crash,07/21/2019 07:00:00 PM,County,WESTLAKE TERR,RAMP 5 FR IS 270Y SB TO WESTLAKE TERR,OTHER,RAINING,WET,DARK LIGHTS ON,TRAFFIC SIGNAL,NONE DETECTED,No,NO APPARENT INJURY,NOT DISTRACTED,MD,TRANSIT BUS,30,2013,NEW FLYER,XDE40