Report Number,Local Case Number,Agency Name,ACRS Report Type,Crash Date/Time,Route Type,Road Name,Cross-Street Name,Collision Type,Weather,Surface Condition,Light,Traffic Control,Driver Substance Abuse,Driver At Fault,Injury Severity,Driver Distracted By,Drivers License State,Vehicle Body Type,Speed Limit,Vehicle Year,Vehicle Make,Vehicle Model
MCP2818004R,200044351,Montgomery County Police,Property Damage Crash,11-10-20 10:42,County,REDLAND RD,CRABBS BRANCH WAY,HEAD ON LEFT TURN,CLEAR,DRY,DAYLIGHT,TRAFFIC SIGNAL,NONE DETECTED,Yes,NO APPARENT INJURY,NOT DISTRACTED,MD,PASSENGER CAR,35,2017,TOYT,TK
MCP3376002M,250044365,MONTGOMERY,Property Damage Crash,10-02-25 18:42,Maryland (State) Route,GEORGIA AVE,LAYHILL RD (SB/L),Front to Front,Clear,Dry,Dark - Lighted,Traffic Control Signal,"Not Suspect of Alcohol Use, Not Suspect of Drug Use",Yes,No Apparent Injury,Not Distracted,MD,Sport Utility Vehicle,35,2016,NISSAN,ROGUE
EJ7888006D,240032753,GAITHERSBURG,Property Damage Crash,07-11-24 15:30,Municipality Route,E DIAMOND AVE,,"Sideswipe, Same Direction",Clear,Dry,Daylight,No Controls,"Not Suspect of Alcohol Use, Not Suspect of Drug Use",Yes,No Apparent Injury,Unknown,MD,Other,30,2014,CHEVROLET,EXPRESS
MCP3129004C,220016429,Montgomery County Police,Property Damage Crash,04/18/2022 01:45:00 PM,County,TECH RD,COLUMBIA PIKE,SAME DIRECTION LEFT TURN,RAINING,WET,DAYLIGHT,TRAFFIC SIGNAL,UNKNOWN,Yes,NO APPARENT INJURY,LOOKED BUT DID NOT SEE,MD,PASSENGER CAR,30,2012,HYUNDAI,ACCENT
MCP2094006M,16035317,Montgomery County Police,Injury Crash,07-12-16 17:24,Maryland (State),RIVER RD,CLEWERWALL DR,SAME DIR REAR END,CLEAR,DRY,DAYLIGHT,NO CONTROLS,NONE DETECTED,No,NO APPARENT INJURY,NOT DISTRACTED,MD,PASSENGER CAR,40,2015,MASERATI,CHIBLI
MCP2353002X,16050214,Montgomery County Police,Property Damage Crash,09/30/2016 07:31:00 AM,County,CLEWERWALL DR,RIVER RD,OTHER,CLOUDY,WET,DAYLIGHT,NO CONTROLS,NONE DETECTED,Yes,NO APPARENT INJURY,NOT DISTRACTED,MD,SCHOOL BUS,15,2006,THOMAS,SCHOOL BUS
MCP2961002M,180006202,Montgomery County Police,Property Damage Crash,02-05-18 17:55,Maryland (State),VEIRS MILL RD,FERRARA AVE,SAME DIR REAR END,CLEAR,DRY,DARK LIGHTS ON,NO CONTROLS,NONE DETECTED,No,NO APPARENT INJURY,NOT DISTRACTED,MD,PASSENGER CAR,35,2009,TOYT,PRIUS
MCP24500019,170506803,Montgomery County Police,Property Damage Crash,05-07-17 18:00,County,NAVAHOE DR,UNIVERSITY BLVD E,UNKNOWN,UNKNOWN,UNKNOWN,UNKNOWN,,UNKNOWN,Yes,NO APPARENT INJURY,UNKNOWN,,PICKUP TRUCK,25,0,UNK,UNK
MCP2291008L,250019283,MONTGOMERY,Injury Crash,05-02-25 17:17,Maryland (State) Route,FALLS RD,,Angle,Clear,Wet,Daylight,No Controls,"Not Suspect of Alcohol Use, Not Suspect of Drug Use",No,Suspected Minor Injury,Not Distracted,MD,Sport Utility Vehicle,30,2014,HONDA,CR-V
MCP2736004M,170509483,Montgomery County Police,Property Damage Crash,05/23/2017 08:12:00 PM,Maryland (State),ROCKVILLE PIKE,STRATHMORE AVE,SAME DIRECTION SIDESWIPE,RAINING,WET,DARK LIGHTS ON,TRAFFIC SIGNAL,NONE DETECTED,No,NO APPARENT INJURY,NOT DISTRACTED,MD,PASSENGER CAR,40,2011,HOND,TK
MCP13090022,180052351,Montgomery County Police,Property Damage Crash,10/19/2018 11:09:00 AM,Other Public Roadway,OBSERVATION DR,GERMANTOWN RD,STRAIGHT MOVEMENT ANGLE,CLEAR,DRY,DAYLIGHT,STOP SIGN,NONE DETECTED,Yes,NO APPARENT INJURY,LOOKED BUT DID NOT SEE,MD,PASSENGER CAR,15,2015,FIAT,500
MCP15650033,180056027,Montgomery County Police,Property Damage Crash,11-08-18 7:15,County,BEL PRE RD,PARKER FARM WAY,SAME DIR REAR END,,DRY,DAWN,TRAFFIC SIGNAL,NONE DETECTED,No,NO APPARENT INJURY,NOT DISTRACTED,MD,SCHOOL BUS,35,2014,THOMAS,BUS
MCP33530024,230073214,Montgomery County Police,Injury Crash,12/22/2023 07:17:00 PM,Maryland (State),GEORGIA AVE,WENDY LA,STRAIGHT MOVEMENT ANGLE,CLEAR,DRY,DARK LIGHTS ON,,UNKNOWN,No,NO APPARENT INJURY,UNKNOWN,,PICKUP TRUCK,35,2022,FORD,F350
MCP295400BB,220011378,Montgomery County Police,Property Damage Crash,03/16/2022 06:39:00 PM,Maryland (State),UNIVERSITY BLVD E,ENT TO EASTERN MIDDLE SCHOOL,SAME DIRECTION SIDESWIPE,CLOUDY,DRY,DAYLIGHT,NO CONTROLS,NONE DETECTED,No,NO APPARENT INJURY,NOT DISTRACTED,MD,PASSENGER CAR,30,2011,MERZ,TK
HA22880002,16001012,Maryland-National Capital,Injury Crash,08-10-16 10:30,,,,STRAIGHT MOVEMENT ANGLE,CLEAR,,DAYLIGHT,STOP SIGN,,Yes,NO APPARENT INJURY,NOT DISTRACTED,MD,PASSENGER CAR,35,2003,HONDA,4S
DD56100081,230028049,Rockville Police Departme,Injury Crash,06-11-23 11:09,Maryland (State),FREDERICK RD,E GUDE DR,HEAD ON LEFT TURN,CLEAR,DRY,DAYLIGHT,TRAFFIC SIGNAL,NONE DETECTED,Yes,NO APPARENT INJURY,UNKNOWN,MD,(SPORT) UTILITY VEHICLE,35,2019,VOLKSWAGON,ATLAS
MCP30370051,230022059,Montgomery County Police,Property Damage Crash,05-08-23 18:57,Maryland (State),FREDERICK RD,GREENBROOK DR,ANGLE MEETS LEFT HEAD ON,CLEAR,DRY,DAYLIGHT,STOP SIGN,NONE DETECTED,No,NO APPARENT INJURY,NOT DISTRACTED,MD,(SPORT) UTILITY VEHICLE,40,2012,ACUR,MDX
MCP0617005M,230067945,Montgomery County Police,Injury Crash,11/23/2023 11:07:00 AM,Maryland (State),NEW HAMPSHIRE AVE,BRIGHTON KNOLLS DR,SINGLE VEHICLE,CLEAR,DRY,DAYLIGHT,NO CONTROLS,NONE DETECTED,Yes,POSSIBLE INJURY,NOT DISTRACTED,XX,PASSENGER CAR,40,2002,FORD,MUSTANG
MCP2937000W,15035669,MONTGOMERY,Injury Crash,07/20/2015 08:39:00 AM,Maryland (State),NEW HAMPSHIRE AVE,LOCKWOOD DR,SINGLE VEHICLE,,DRY,DAYLIGHT,TRAFFIC SIGNAL,NONE DETECTED,No,NO APPARENT INJURY,NOT DISTRACTED,MD,PASSENGER CAR,10,2004,CHEVROLET,DENALI
DD5659000L,250022252,ROCKVILLE,Injury Crash,05/20/2025 06:16:00 AM,County Route,AVERY RD,,"Sideswipe, Opposite Direction",Clear,Dry,Dawn,No Controls,"Not Suspect of Alcohol Use, Not Suspect of Drug Use",No,Suspected Serious Injury,Not Distracted,MD,Passenger Car,35,2013,TOYOTA,COROLLA
MCP2891003J,170500026,Montgomery County Police,Injury Crash,04-02-17 11:59,Maryland (State),GEORGIA AVE,RAMP 2 FR IS 495 WB TO MD 97 NB,SAME DIR REAR END,CLEAR,DRY,DAYLIGHT,,NONE DETECTED,Yes,NO APPARENT INJURY,NOT DISTRACTED,MD,PASSENGER CAR,35,2014,TOYOTA,4RUNNER
MCP3079001D,180057528,Montgomery County Police,Property Damage Crash,11/16/2018 04:08:00 PM,County,MIDDLEBROOK RD,GERMANTOWN RD,SAME DIRECTION SIDESWIPE,CLEAR,DRY,DAYLIGHT,NO CONTROLS,NONE DETECTED,No,NO APPARENT INJURY,NOT DISTRACTED,MD,VAN,40,2018,FORD,TRANSIT 350
MCP31290094,240017687,MONTGOMERY,Injury Crash,04/16/2024 09:51:00 AM,County Route,HENDERSON AVE,GRANDVIEW AVE,Angle,Clear,Dry,Daylight,Stop Sign,"Unknown, Unknown",No,No Apparent Injury,,,Passenger Car,25,1900,HONDA,CIVIC
MCP1491001V,200009003,Montgomery County Police,Injury Crash,02/23/2020 12:04:00 PM,County,SEVEN LOCKS RD,GOYA DR,SINGLE VEHICLE,CLEAR,DRY,DAYLIGHT,NO CONTROLS,NONE DETECTED,Yes,NO APPARENT INJURY,LOOKED BUT DID NOT SEE,MD,PASSENGER CAR,15,2014,MERZ,4S
MCP1378008Z,16016816,Montgomery County Police,Property Damage Crash,04-06-16 15:20,Maryland (State),GEORGIA AVE,NORBECK RD,SAME DIRECTION SIDESWIPE,CLEAR,DRY,DAYLIGHT,TRAFFIC SIGNAL,NONE DETECTED,No,NO APPARENT INJURY,NOT DISTRACTED,MD,PASSENGER CAR,20,2013,VOLVO,S60
MCP93010051,240001857,MONTGOMERY,Property Damage Crash,01-12-24 8:10,Other Public Roadway,W WATKINS MILL RD (SB/L),RAMP 2 FR WATKINS MILL RD TO IS 270 NB,Angle,Clear,Dry,Daylight,Traffic Control Signal,"Not Suspect of Alcohol Use, Not Suspect of Drug Use",Yes,No Apparent Injury,Not Distracted,MD,Sport Utility Vehicle,30,2011,TOYOTA,HIGHLANDER
MCP31900052,230022377,Montgomery County Police,Injury Crash,05-10-23 11:18,,,,OTHER,CLEAR,,DAYLIGHT,NO CONTROLS,NONE DETECTED,Unknown,NO APPARENT INJURY,LOOKED BUT DID NOT SEE,MD,PASSENGER CAR,25,2012,NISSAN,LEAF
MCP2182002F,210001188,Montgomery County Police,Property Damage Crash,01-10-21 7:00,County,BEL PRE RD,PARKER FARM WAY,STRAIGHT MOVEMENT ANGLE,CLEAR,DRY,DAWN,TRAFFIC SIGNAL,NONE DETECTED,Unknown,NO APPARENT INJURY,NOT DISTRACTED,MD,PASSENGER CAR,35,2015,MAZDA,5
MCP3171001Y,220038558,Montgomery County Police,Property Damage Crash,09-06-22 2:41,,,,OTHER,RAINING,,DARK LIGHTS ON,NO CONTROLS,NONE DETECTED,Yes,NO APPARENT INJURY,NOT DISTRACTED,MD,PASSENGER CAR,5,2012,HYUNDAI,SONATA
MCP1151008V,190001008,Montgomery County Police,Property Damage Crash,01-07-19 8:00,,,,SINGLE VEHICLE,CLOUDY,,DAYLIGHT,,NONE DETECTED,Yes,NO APPARENT INJURY,OTHER DISTRACTION,MD,FIRE VEHICLE/NON EMERGENCY,0,2009,SPAR,TK
MCP31780022,200033757,Montgomery County Police,Property Damage Crash,08/29/2020 09:57:00 AM,County,NOTLEY RD,BONIFANT RD,SAME DIR REAR END,RAINING,WET,DAYLIGHT,TRAFFIC SIGNAL,NONE DETECTED,No,NO APPARENT INJURY,NOT DISTRACTED,MD,PASSENGER CAR,30,2002,HONDA,CRV
MCP20390014,15019225,Montgomery County Police,Property Damage Crash,04/24/2015 07:30:00 AM,County,GRACE MAX ST,CALDWELL ST,HEAD ON,CLEAR,DRY,DAYLIGHT,NO CONTROLS,,Yes,NO APPARENT INJURY,BY MOVING OBJECT IN VEHICLE,MD,PASSENGER CAR,25,2000,TOYT,4RUNNER
MCP33010018,220027879,Montgomery County Police,Property Damage Crash,06/28/2022 10:30:00 PM,US (State),COLUMBIA PIKE,GREENCASTLE RD,SINGLE VEHICLE,,DRY,DARK LIGHTS ON,NO CONTROLS,ALCOHOL PRESENT,Yes,NO APPARENT INJURY,OTHER DISTRACTION,MD,PASSENGER CAR,55,2003,FORD,EXPLORER
MCP29440009,15018549,Montgomery County Police,Property Damage Crash,04/20/2015 03:50:00 PM,County,DEMOCRACY BLVD,OLD GEORGETOWN RD,SAME DIRECTION LEFT TURN,CLEAR,DRY,DAYLIGHT,TRAFFIC SIGNAL,NONE DETECTED,Yes,NO APPARENT INJURY,NOT DISTRACTED,MA,PASSENGER CAR,45,2009,DODGE,JOURNEY
MCP28230043,230066693,Montgomery County Police,Property Damage Crash,11/16/2023 12:09:00 PM,County,TOURNAY RD,ALBEMARLE ST,STRAIGHT MOVEMENT ANGLE,CLEAR,DRY,DAYLIGHT,STOP SIGN,NONE DETECTED,Yes,NO APPARENT INJURY,LOOKED BUT DID NOT SEE,MD,PASSENGER CAR,25,2015,TOYOTA,LAND CRUISER
MCP3433000H,250026629,MONTGOMERY,Property Damage Crash,06/14/2025 10:41:00 PM,County Route,BRANDERMILL DR,,Front to Rear,Rain,Wet,Dark - Lighted,No Controls,"Not Suspect of Alcohol Use, Not Suspect of Drug Use",Yes,No Apparent Injury,Not Distracted,MD,Passenger Car,30,2011,HYUNDAI,SONATA
DD5624001Z,190003915,Rockville Police Departme,Injury Crash,01/25/2019 09:35:00 AM,Municipality,FLEET ST,WOOTTON PKWY,OTHER,CLEAR,DRY,DAYLIGHT,NO CONTROLS,NONE DETECTED,Yes,POSSIBLE INJURY,UNKNOWN,MD,PASSENGER CAR,30,2014,TOYT,4S
MCP2703002C,180061603,Montgomery County Police,Injury Crash,12-09-18 23:30,US (State),COLUMBIA PIKE,STEWART LA,SAME DIR REAR END,CLEAR,,DARK LIGHTS ON,NO CONTROLS,ALCOHOL PRESENT,Yes,SUSPECTED MINOR INJURY,NOT DISTRACTED,MD,PASSENGER CAR,50,2013,HYUNDAI,ELANTRA
MCP2475001B,16047829,Montgomery County Police,Property Damage Crash,09/17/2016 05:53:00 PM,County,GREENWOOD AVE,DOMER AVE,SAME DIR REAR END,,DRY,DAYLIGHT,STOP SIGN,UNKNOWN,Yes,NO APPARENT INJURY,UNKNOWN,,VAN,25,2006,FORD,VAN
DD56530017,220009053,Rockville Police Departme,Property Damage Crash,03-02-22 16:05,Maryland (State),HUNGERFORD DR,ENT TO BUSINESS,SAME DIRECTION RIGHT TURN,CLEAR,DRY,DAYLIGHT,NO CONTROLS,,Yes,NO APPARENT INJURY,UNKNOWN,MD,PASSENGER CAR,30,2009,HOND,ACCORD
MCP3275002H,240029654,MONTGOMERY,Property Damage Crash,06/23/2024 09:25:00 PM,County Route,FAIRLAND RD,COLUMBIA PIKE,Front to Rear,Clear,Dry,Dark - Lighted,Traffic Control Signal,"Not Suspect of Alcohol Use, Not Suspect of Drug Use",Yes,No Apparent Injury,Unknown,MD,Passenger Car,45,2016,GMC,TERRAIN
MCP91180022,200006450,Montgomery County Police,Property Damage Crash,02-08-20 3:35,County,GARRETT PARK RD,JOSEPH MILL RD,SAME DIR REAR END,CLEAR,DRY,DARK LIGHTS ON,NO CONTROLS,ALCOHOL CONTRIBUTED,Yes,NO APPARENT INJURY,UNKNOWN,,PASSENGER CAR,25,2010,NISSAN,4S
MCP2436005G,180028770,Montgomery County Police,Injury Crash,06-11-18 9:07,Interstate (State),CAPITAL BELTWAY,SLIGO CREEK PKWY,SAME DIR REAR END,RAINING,WET,DAYLIGHT,,NONE DETECTED,No,POSSIBLE INJURY,NOT DISTRACTED,MD,VAN,55,2014,CHRYSLER,VAN
MCP3192002Y,220032755,Montgomery County Police,Property Damage Crash,07/30/2022 03:55:00 PM,Maryland (State),GEORGIA AVE,ARCOLA AVE,SAME DIR REAR END,CLEAR,DRY,DAYLIGHT,TRAFFIC SIGNAL,NONE DETECTED,No,NO APPARENT INJURY,NOT DISTRACTED,MD,PASSENGER CAR,35,2021,TOYOTA,CAMRY
MCP2959000X,15035775,MONTGOMERY,Injury Crash,07/21/2015 02:52:00 PM,County,AMHERST AVE,ALLEY,STRAIGHT MOVEMENT ANGLE,CLEAR,DRY,DAYLIGHT,NO CONTROLS,NONE DETECTED,Yes,NO APPARENT INJURY,LOOKED BUT DID NOT SEE,SC,PASSENGER CAR,30,2015,KIA,OPTIMA
MCP1512000N,16011526,MONTGOMERY,Injury Crash,03-08-16 16:51,Maryland (State),DARNESTOWN RD,COPEN MEADOW DR,STRAIGHT MOVEMENT ANGLE,CLEAR,DRY,DAYLIGHT,NO CONTROLS,NONE DETECTED,Yes,NO APPARENT INJURY,NOT DISTRACTED,MD,PASSENGER CAR,35,2006,ACUR,MDX
MCP2831000N,15007360,Montgomery County Police,Injury Crash,02/17/2015 05:16:00 PM,County,FATHER HURLEY BLVD,RAMP 5 FR RAMP 8 TO FATHER HURLEY BLVD,STRAIGHT MOVEMENT ANGLE,,WET,DAYLIGHT,TRAFFIC SIGNAL,,Yes,SUSPECTED MINOR INJURY,NOT DISTRACTED,TX,PASSENGER CAR,45,2014,HONDA,ACCORD
MCP271700P9,190032016,Montgomery County Police,Injury Crash,07-05-19 16:50,Maryland (State),CONNECTICUT AVE,MONTROSE DR,SAME DIR REAR END,CLEAR,DRY,DAYLIGHT,NO CONTROLS,NONE DETECTED,No,SUSPECTED MINOR INJURY,NOT DISTRACTED,MD,PASSENGER CAR,35,2017,HYUNDAI,ELANTRA
MCP1438008M,190029172,Montgomery County Police,Injury Crash,06/18/2019 06:15:00 PM,Maryland (State),QUINCE ORCHARD RD,SIOUX LA,SAME DIR REAR END,CLEAR,DRY,DAYLIGHT,TRAFFIC SIGNAL,NONE DETECTED,No,POSSIBLE INJURY,NOT DISTRACTED,MD,PASSENGER CAR,40,2012,TOYT,4S
MCP3450001M,250050870,MONTGOMERY,Injury Crash,11-12-25 21:11,County Route,NO NAME,COLUMBIA PIKE,Front to Rear,Clear,Dry,Dark - Lighted,Traffic Control Signal,"Not Suspect of Alcohol Use, Not Suspect of Drug Use",No,Possible Injury,Not Distracted,MD,Motorcycle - 2 Wheeled,30,2025,ZNEN,HOUND II
DD5624002B,190013822,Rockville Police Departme,Injury Crash,03/25/2019 08:49:00 PM,Maryland (State),FALLS RD,GREAT FALLS RD (AHEAD),SAME DIR REAR END,CLEAR,DRY,DARK LIGHTS ON,TRAFFIC SIGNAL,NONE DETECTED,Yes,NO APPARENT INJURY,NOT DISTRACTED,MD,PASSENGER CAR,35,2018,CADI,SW
MCP1550001L,15054620,MONTGOMERY,Injury Crash,10/27/2015 08:02:00 PM,Maryland (State),OLD GEORGETOWN RD,RAMP 4 FR MD 187 NB TO IS 495 EB,STRAIGHT MOVEMENT ANGLE,CLOUDY,DRY,DARK LIGHTS ON,TRAFFIC SIGNAL,NONE DETECTED,Yes,NO APPARENT INJURY,NOT DISTRACTED,VA,PASSENGER CAR,40,2007,SAAB,93
MCP13240005,170516731,Montgomery County Police,Property Damage Crash,06/30/2017 11:13:00 PM,Maryland (State),GERMANTOWN RD,WISTERIA DR,SINGLE VEHICLE,CLEAR,DRY,DARK LIGHTS ON,TRAFFIC SIGNAL,ALCOHOL PRESENT,Yes,NO APPARENT INJURY,NOT DISTRACTED,MD,PASSENGER CAR,40,2016,LEXUS,4S
MCP3121002F,190048725,Montgomery County Police,Property Damage Crash,10-10-19 17:50,Maryland (State),MONTGOMERY VILLAGE AVE,SPUR TO LOST KNIFE RD,SAME DIR REAR END,CLEAR,DRY,DAYLIGHT,TRAFFIC SIGNAL,NONE DETECTED,No,NO APPARENT INJURY,NOT DISTRACTED,MD,PASSENGER CAR,35,2018,HONDA,CRV
MCP3407001B,250029974,MONTGOMERY,Property Damage Crash,07-05-25 21:09,County Route,SHAKESPEARE BLVD,FREDERICK RD (SB/L),Front to Rear,Clear,Dry,Dark - Lighted,Traffic Control Signal,"Not Suspect of Alcohol Use, Not Suspect of Drug Use",No,No Apparent Injury,Not Distracted,MD,Passenger Car,30,2023,HONDA,PASSPORT
MCP1616002J,15049480,MONTGOMERY,Injury Crash,09/30/2015 06:37:00 AM,Maryland (State),OLD GEORGETOWN RD,DEMOCRACY BLVD,SAME DIR REAR END,RAINING,WET,DARK LIGHTS ON,TRAFFIC SIGNAL,NONE DETECTED,No,SUSPECTED MINOR INJURY,NOT DISTRACTED,MD,VAN,35,2006,HONDA,ODYSSEY
MCP2992001V,180028133,Montgomery County Police,Property Damage Crash,06-07-18 17:15,County,BEL PRE RD,NORTH GATE DR,SAME DIR BOTH LEFT TURN,CLEAR,DRY,DAYLIGHT,NO CONTROLS,NONE DETECTED,No,NO APPARENT INJURY,NOT DISTRACTED,MD,"OTHER LIGHT TRUCKS (10,000LBS (4,536KG) OR LESS)",30,1999,DODG,TK
MCP3136007F,250013514,MONTGOMERY,Property Damage Crash,03/28/2025 09:30:00 AM,Maryland (State) Route,UNIVERSITY BLVD E,,Front to Rear,Cloudy,Dry,Daylight,No Controls,"Unknown, Unknown",No,No Apparent Injury,,,Pickup,30,2007,FORD,F-150
MCP2975000G,15031680,Montgomery County Police,Property Damage Crash,06/28/2015 11:34:00 PM,Maryland (State),VEIRS MILL RD,CONNECTICUT AVE,SAME DIR REAR END,CLEAR,DRY,DARK LIGHTS ON,TRAFFIC SIGNAL,NONE DETECTED,No,NO APPARENT INJURY,NOT DISTRACTED,MD,PASSENGER CAR,40,2006,NISS,4S
MCP25160054,240035538,MONTGOMERY,Property Damage Crash,07/28/2024 08:40:00 AM,Maryland (State) Route,GERMANTOWN RD,FREDERICK RD (SB/L),Front to Rear,Clear,Dry,Daylight,Traffic Control Signal,"Unknown, Unknown",Yes,,,,Passenger Car,40,2012,CADILLAC,SRX
MCP94390004,16002895,Montgomery County Police,Property Damage Crash,01/15/2016 10:10:00 PM,County,E GUDE DR,CALHOUN DR,SAME DIR REAR END,RAINING,WET,DARK LIGHTS ON,TRAFFIC SIGNAL,,Yes,NO APPARENT INJURY,LOOKED BUT DID NOT SEE,MD,PASSENGER CAR,30,2002,TOYT,4S
MCP2694001L,15037361,MONTGOMERY,Property Damage Crash,07/28/2015 06:50:00 PM,Maryland (State),OLD GEORGETOWN RD,ROCKVILLE PIKE,SAME DIRECTION LEFT TURN,CLEAR,DRY,DAYLIGHT,TRAFFIC SIGNAL,NONE DETECTED,Yes,NO APPARENT INJURY,NOT DISTRACTED,MD,PASSENGER CAR,40,2012,CHEVY,CRUZE
MCP2455000P,15007580,Montgomery County Police,Property Damage Crash,02/15/2015 08:45:00 AM,Maryland (State),FREDERICK RD,KING FARM BLVD,SAME DIR REAR END,CLEAR,ICE,DAYLIGHT,TRAFFIC SIGNAL,,No,NO APPARENT INJURY,UNKNOWN,MD,PICKUP TRUCK,40,2006,CHEV,TK
MCP2739002L,190046462,Montgomery County Police,Property Damage Crash,09/28/2019 12:35:00 AM,US (State),COLESVILLE RD,UNIVERSITY BLVD E,STRAIGHT MOVEMENT ANGLE,CLEAR,DRY,DARK LIGHTS ON,TRAFFIC SIGNAL,NONE DETECTED,No,NO APPARENT INJURY,NOT DISTRACTED,MD,PASSENGER CAR,35,2019,VOLKSWAGON,JETTA
EJ78660027,170534448,Gaithersburg Police Depar,Property Damage Crash,10-03-17 6:52,Maryland (State),FREDERICK RD,MONTGOMERY VILLAGE AVE,SAME DIR REAR END,CLEAR,DRY,DAWN,NO CONTROLS,NONE DETECTED,No,NO APPARENT INJURY,NOT DISTRACTED,MD,PASSENGER CAR,40,2005,DODG,NEON
MCP2586002M,17011526,Montgomery County Police,Injury Crash,03-04-17 15:08,US (State),COLUMBIA PIKE,FAIRLAND RD,SAME DIR REAR END,CLEAR,DRY,DAYLIGHT,TRAFFIC SIGNAL,NONE DETECTED,Yes,NO APPARENT INJURY,UNKNOWN,NC,PASSENGER CAR,50,2016,NISSAN,ALTIMA
MCP2724000N,15044569,MONTGOMERY,Property Damage Crash,09-04-15 12:54,,,,OTHER,CLEAR,,DAYLIGHT,,,No,NO APPARENT INJURY,NOT DISTRACTED,MD,PASSENGER CAR,25,2004,VOLKSAWAGON,PASSAT
MCP3129004V,220032884,Montgomery County Police,Injury Crash,07/31/2022 04:33:00 PM,Maryland (State),OLNEY SANDY SPRING RD,ENT TO SCHOOL,SINGLE VEHICLE,RAINING,WET,DAYLIGHT,NO CONTROLS,NONE DETECTED,Yes,SUSPECTED SERIOUS INJURY,NOT DISTRACTED,MD,PASSENGER CAR,25,2013,HOND,TK
MCP2946001V,16050506,Montgomery County Police,Injury Crash,10-01-16 19:55,Maryland (State),FREDERICK RD,LITTLE SENECA PKWY,HEAD ON LEFT TURN,RAINING,WET,DARK LIGHTS ON,TRAFFIC SIGNAL,NONE DETECTED,No,NO APPARENT INJURY,NOT DISTRACTED,MD,(SPORT) UTILITY VEHICLE,45,2005,CHEV,TRAILBLAZER
MCP93220009,15056715,MONTGOMERY,Property Damage Crash,11-07-15 0:38,Maryland (State),NORBECK RD,MUNCASTER MILL RD,STRAIGHT MOVEMENT ANGLE,CLEAR,DRY,DARK LIGHTS ON,FLASHING TRAFFIC SIGNAL,NONE DETECTED,Yes,NO APPARENT INJURY,INATTENTIVE OR LOST IN THOUGHT,MD,PASSENGER CAR,40,2004,HONDA,ACCORD
MCP2662002K,210051636,Montgomery County Police,Property Damage Crash,12/18/2021 10:11:00 PM,County,MUNCASTER RD,HOLLINGSWORTH DR,SINGLE VEHICLE,CLEAR,DRY,DARK NO LIGHTS,NO CONTROLS,NONE DETECTED,Yes,NO APPARENT INJURY,NOT DISTRACTED,MD,PASSENGER CAR,30,2005,DODGE,VIPER
MCP2960000V,16000542,Montgomery County Police,Property Damage Crash,01-04-16 11:00,,INTERLACHEN DRIVE,NORTH LEISURE WORLD BLVD,STRAIGHT MOVEMENT ANGLE,,DRY,DAYLIGHT,STOP SIGN,,Yes,NO APPARENT INJURY,LOOKED BUT DID NOT SEE,MD,PASSENGER CAR,0,2000,HONDA,CRV
MCP263900GT,240013589,MONTGOMERY,Injury Crash,03/21/2024 06:47:00 PM,Maryland (State) Route,,,Front to Rear,Clear,Dry,Daylight,Traffic Control Signal,"Not Suspect of Alcohol Use, Not Suspect of Drug Use",No,Possible Injury,Not Distracted,MD,Passenger Car,40,2016,ACURA,ILX
MCP28130024,16011180,MONTGOMERY,Property Damage Crash,03-06-16 18:17,County,ARCOLA AVE,LAMBERTON DR,SAME DIR REAR END,CLEAR,DRY,DARK LIGHTS ON,TRAFFIC SIGNAL,,Yes,NO APPARENT INJURY,LOOKED BUT DID NOT SEE,MD,OTHER BUS,30,2009,GILLIG,LOW FLOOR BUS
MCP30440057,220019334,Montgomery County Police,Property Damage Crash,05-06-22 16:20,US (State),COLUMBIA PIKE,RAMP 2 FR DUSTIN RD TO US 29 NB,SAME DIRECTION SIDESWIPE,RAINING,WET,DAYLIGHT,NO CONTROLS,,No,NO APPARENT INJURY,NOT DISTRACTED,MD,PASSENGER CAR,55,2014,TOYOTA,SCION
DD55200010,220026900,Rockville Police Departme,Property Damage Crash,06/22/2022 12:10:00 PM,Municipality,W GUDE DR,WATKINS POND BLVD,SAME DIRECTION RIGHT TURN,CLEAR,DRY,DAYLIGHT,NO CONTROLS,NONE DETECTED,No,NO APPARENT INJURY,NOT DISTRACTED,MD,FIRE VEHICLE/EMERGENCY,40,2019,PIRC,FIRETRK
MCP3080004C,240011932,MONTGOMERY,Injury Crash,03-12-24 15:43,Maryland (State) Route,,,Unknown,Clear,Dry,Daylight,No Controls,"Not Suspect of Alcohol Use, Not Suspect of Drug Use",No,Suspected Minor Injury,Unknown,US,All-Terrain Vehicle/All-Terrain Cycle (ATV/ATC),40,2019,LAND ROVER,DISCOVERY
MCP24200025,170503619,Montgomery County Police,Injury Crash,04/22/2017 07:32:00 PM,Maryland (State),UNIVERSITY BLVD W,VEIRS MILL RD,SAME DIR REAR END,RAINING,WET,DAYLIGHT,NO CONTROLS,,No,NO APPARENT INJURY,NOT DISTRACTED,MD,VAN,40,2012,DODG,VN
MCP12020036,180023796,Montgomery County Police,Property Damage Crash,05/15/2018 07:13:00 AM,County,CEDAR LA,BARDON RD,SAME DIR REAR END,CLEAR,DRY,DAYLIGHT,NO CONTROLS,NONE DETECTED,No,NO APPARENT INJURY,NOT DISTRACTED,MD,PASSENGER CAR,30,2018,AUDI,SQ5