Report Number,Local Case Number,Agency Name,ACRS Report Type,Crash Date/Time,Route Type,Road Name,Cross-Street Name,Collision Type,Weather,Surface Condition,Light,Traffic Control,Driver Substance Abuse,Driver At Fault,Injury Severity,Driver Distracted By,Drivers License State,Vehicle Body Type,Speed Limit,Vehicle Year,Vehicle Make,Vehicle Model
MCP3434000Q,250033812,MONTGOMERY,Property Damage Crash,07/29/2025 05:02:00 PM,Maryland (State) Route,RIVER RD (WB/L),WILSON LA,Front to Rear,Clear,Dry,Daylight,Traffic Control Signal,"Unknown, Unknown",No,,,,Sport Utility Vehicle,35,2016,VOLVO,V60CC
MCP2290002Z,210029687,Montgomery County Police,Property Damage Crash,07/31/2021 09:19:00 AM,Maryland (State),FREDERICK RD,SPUR FR SHADY GROVE RD,SAME DIR REAR END,CLOUDY,DRY,DAYLIGHT,YIELD SIGN,NONE DETECTED,Yes,NO APPARENT INJURY,LOOKED BUT DID NOT SEE,MD,PASSENGER CAR,40,2010,SUBARU,FORESTER
MCP13930026,200004333,Montgomery County Police,Injury Crash,01/26/2020 07:27:00 PM,Maryland (State),FREDERICK RD,RIDGE RD,STRAIGHT MOVEMENT ANGLE,CLEAR,DRY,DARK LIGHTS ON,TRAFFIC SIGNAL,,No,NO APPARENT INJURY,NOT DISTRACTED,MD,PASSENGER CAR,35,2006,MECEDES BENZ,C280
MCP157500CK,210005120,Montgomery County Police,Injury Crash,02-09-21 10:01,County,SHADY GROVE RD,RESEARCH BLVD,STRAIGHT MOVEMENT ANGLE,CLEAR,DRY,DAYLIGHT,TRAFFIC SIGNAL,NONE DETECTED,No,POSSIBLE INJURY,NOT DISTRACTED,MD,(SPORT) UTILITY VEHICLE,40,2019,PORSCHE,MACAN
MCP25560025,180044910,Montgomery County Police,Property Damage Crash,09-08-18 15:21,County,RAILROAD ST,E DIAMOND AVE,STRAIGHT MOVEMENT ANGLE,RAINING,WET,DAYLIGHT,NO CONTROLS,NONE DETECTED,No,NO APPARENT INJURY,NOT DISTRACTED,MD,PASSENGER CAR,35,2002,CHEV,MALIBU
MCP1554002S,180003156,Montgomery County Police,Property Damage Crash,01/19/2018 05:18:00 PM,County,CRABBS BRANCH WAY,REDLAND RD,SAME DIR REAR END,CLEAR,DRY,DARK LIGHTS ON,TRAFFIC SIGNAL,NONE DETECTED,Yes,NO APPARENT INJURY,NOT DISTRACTED,MD,SCHOOL BUS,35,2014,THOM,BUS
MCP3192000H,190053140,Montgomery County Police,Injury Crash,11-04-19 17:40,County,OLD COLUMBIA PIKE,SHERVIEW LA,SINGLE VEHICLE,CLEAR,DRY,DUSK,NO CONTROLS,NONE DETECTED,Yes,POSSIBLE INJURY,UNKNOWN,MD,PASSENGER CAR,35,2001,LEXUS,TRUCK
MCP23800007,16033986,Montgomery County Police,Property Damage Crash,07-05-16 14:10,Maryland (State),NEW HAMPSHIRE AVE,NORTHAMPTON DR,STRAIGHT MOVEMENT ANGLE,CLEAR,DRY,DAYLIGHT,FLASHING TRAFFIC SIGNAL,NONE DETECTED,Yes,NO APPARENT INJURY,NOT DISTRACTED,MD,(SPORT) UTILITY VEHICLE,25,2003,FORD,EXPLORER
MCP229800B0,16051185,Montgomery County Police,Property Damage Crash,10-05-16 15:09,Maryland (State),FREDERICK RD,HYATTSTOWN MILL RD,HEAD ON,CLEAR,DRY,DAYLIGHT,NO CONTROLS,NONE DETECTED,No,NO APPARENT INJURY,NOT DISTRACTED,MD,PASSENGER CAR,30,2010,TOYOTA,PRIUS
EJ78650067,230068826,Gaithersburg Police Depar,Property Damage Crash,11/28/2023 11:50:00 PM,County,MIDCOUNTY HWY,WOODFIELD RD,SAME DIR REAR END,CLEAR,DRY,DARK NO LIGHTS,NO CONTROLS,,Yes,NO APPARENT INJURY,NOT DISTRACTED,MD,PASSENGER CAR,45,2018,MAZDA,4D
DD5605002T,16058643,Rockville Police Departme,Property Damage Crash,11/14/2016 12:23:00 PM,Municipality,GERARD ST,CURRIER DR,STRAIGHT MOVEMENT ANGLE,CLEAR,DRY,DAYLIGHT,STOP SIGN,NONE DETECTED,Yes,NO APPARENT INJURY,LOOKED BUT DID NOT SEE,MD,PASSENGER CAR,25,2004,HOND,4S
MCP32270055,240011741,MONTGOMERY,Property Damage Crash,03-11-24 15:22,County Route,RODNEY RD,NEW HAMPSHIRE AVE (SB/L),"Sideswipe, Same Direction",Clear,Dry,Daylight,Traffic Control Signal,"Not Suspect of Alcohol Use, Not Suspect of Drug Use",No,No Apparent Injury,Not Distracted,MD,Bus - School,35,2019,UNKNOWN,UNKNOWN
MCP235800DN,250019566,MONTGOMERY,Property Damage Crash,05-04-25 13:50,,,,Other,Clear,,Daylight,,"Unknown, Unknown",No,,,,,0,0,,
MCP1205006W,200044634,Montgomery County Police,Injury Crash,11-12-20 9:58,Interstate (State),CAPITAL BELTWAY,STRUC - PED WALKWAY,OTHER,RAINING,WET,DAYLIGHT,NO CONTROLS,NONE DETECTED,No,NO APPARENT INJURY,NOT DISTRACTED,MD,PASSENGER CAR,55,2010,HYUNDAI,TUSCON
MCP2859000R,15008735,Montgomery County Police,Property Damage Crash,02/23/2015 01:07:00 PM,Municipality,DUVALL LA,W DEER PARK RD,OTHER,CLEAR,DRY,DAYLIGHT,NO CONTROLS,NONE DETECTED,Unknown,NO APPARENT INJURY,UNKNOWN,MD,PASSENGER CAR,15,2010,ACUR,RDX
MCP1119003F,17004726,Montgomery County Police,Property Damage Crash,01/27/2017 12:44:00 PM,Maryland (State),MARKET ST,BROOKEVILLE RD,SAME DIRECTION SIDESWIPE,,DRY,DAYLIGHT,NO CONTROLS,NONE DETECTED,Yes,NO APPARENT INJURY,NOT DISTRACTED,MD,VAN,25,2005,CHEVROLET,UPLANDER
DD5508000M,15000757,Rockville Police Departme,Property Damage Crash,01-05-15 17:47,Maryland (State),FIRST ST,GRANDIN AVE,SAME DIR REAR END,CLEAR,,DARK LIGHTS ON,NO CONTROLS,NONE DETECTED,Yes,NO APPARENT INJURY,NOT DISTRACTED,MD,PASSENGER CAR,40,2005,MAZDA,TRIBUTE
DD56650006,230007668,Rockville Police Departme,Property Damage Crash,02/15/2023 11:00:00 AM,,,,SAME DIRECTION SIDESWIPE,CLEAR,,DAYLIGHT,,NONE DETECTED,Yes,NO APPARENT INJURY,NOT DISTRACTED,MD,PASSENGER CAR,5,2019,HOND,4H
MCP2087000Y,17012152,Montgomery County Police,Property Damage Crash,03-08-17 8:34,County,ARCOLA AVE,KEMP MILL RD,STRAIGHT MOVEMENT ANGLE,CLEAR,DRY,DAYLIGHT,TRAFFIC SIGNAL,NONE DETECTED,No,NO APPARENT INJURY,NOT DISTRACTED,MD,VAN,30,2001,GMC,SAFARI
MCP30930021,190027558,Montgomery County Police,Property Damage Crash,06-09-19 18:10,Maryland (State),EAST WEST HWY,MEADOWBROOK LA,OTHER,RAINING,WET,DAYLIGHT,,,No,NO APPARENT INJURY,NOT DISTRACTED,MD,VAN,35,2015,DODGE,VAN
MCP23530094,210025254,Montgomery County Police,Property Damage Crash,07-01-21 13:30,Maryland (State),WILSON LA,CLARENDON RD,STRAIGHT MOVEMENT ANGLE,CLOUDY,DRY,DAYLIGHT,NO CONTROLS,NONE DETECTED,No,NO APPARENT INJURY,NOT DISTRACTED,MD,POLICE VEHICLE/NON EMERGENCY,25,2016,FORD,INTERCEPTOR
MCP31880015,190042767,Montgomery County Police,Property Damage Crash,09-06-19 16:20,Maryland (State),CONNECTICUT AVE,BRADLEY LA,SAME DIRECTION SIDESWIPE,CLEAR,DRY,DAYLIGHT,TRAFFIC SIGNAL,,Yes,NO APPARENT INJURY,UNKNOWN,MD,SCHOOL BUS,30,2019,THOMAS,CONV-MSDE-C-8
MCP3255001B,210031176,Montgomery County Police,Injury Crash,01/25/2021 07:50:00 PM,Maryland (State),FREDERICK RD,GAME PRESERVE RD,SINGLE VEHICLE,WINTRY MIX,ICE,DARK LIGHTS ON,NO CONTROLS,ALCOHOL CONTRIBUTED,Yes,SUSPECTED MINOR INJURY,UNKNOWN,MD,PASSENGER CAR,40,1998,TOYOTA,SIENNA
MCP26830022,16041360,Montgomery County Police,Injury Crash,08/15/2016 01:12:00 PM,County,GOSHEN RD,EAST VILLAGE AVE,HEAD ON LEFT TURN,CLEAR,DRY,DAYLIGHT,TRAFFIC SIGNAL,NONE DETECTED,Yes,POSSIBLE INJURY,NOT DISTRACTED,MD,PASSENGER CAR,35,2005,ACURA,MDX
MCP2399002R,190035227,Montgomery County Police,Property Damage Crash,07/24/2019 06:30:00 PM,County,CENTERWAY RD,CLUB HOUSE RD,STRAIGHT MOVEMENT ANGLE,CLEAR,DRY,DAYLIGHT,NO CONTROLS,NONE DETECTED,No,NO APPARENT INJURY,NOT DISTRACTED,MD,PICKUP TRUCK,35,2011,FORD,F150
EJ78390038,180042911,Gaithersburg Police Depar,Injury Crash,08/28/2018 07:40:00 PM,Maryland (State),FREDERICK RD,S WESTLAND DR,SAME DIR REAR END,,DRY,DAWN,NO CONTROLS,UNKNOWN,Yes,NO APPARENT INJURY,UNKNOWN,MD,PASSENGER CAR,35,2006,HONDA,CIVIC
MCP2040001P,200038410,Montgomery County Police,Injury Crash,09/30/2020 07:36:00 AM,Maryland (State),WHITES FERRY RD,PARTNERSHIP RD,SAME DIRECTION LEFT TURN,CLEAR,WET,DAYLIGHT,NO CONTROLS,,No,NO APPARENT INJURY,NOT DISTRACTED,MD,"MEDIUM/HEAVY TRUCKS 3 AXLES (OVER 10,000LBS (4,536KG))",40,2004,GMC,C4500
MCP1205005G,190046493,Montgomery County Police,Property Damage Crash,09/28/2019 07:30:00 AM,Maryland (State),CONNECTICUT AVE,CHEVY CHASE LAKE DR,SAME DIR REAR END,CLOUDY,DRY,DAYLIGHT,TRAFFIC SIGNAL,NONE DETECTED,No,NO APPARENT INJURY,NOT DISTRACTED,MD,PASSENGER CAR,35,2016,KIA,SOUL
MCP3268000P,200046362,Montgomery County Police,Property Damage Crash,11/23/2020 11:00:00 PM,,,,,CLEAR,,OTHER,,,Yes,NO APPARENT INJURY,NOT DISTRACTED,,PASSENGER CAR,5,2002,FORD,FOCUS
MCP0617001D,170507363,Montgomery County Police,Injury Crash,05-12-17 10:33,County,RANDOLPH RD,GLENALLAN AVE,SAME DIRECTION LEFT TURN,CLOUDY,DRY,DAYLIGHT,TRAFFIC SIGNAL,NONE DETECTED,No,NO APPARENT INJURY,NOT DISTRACTED,MS,PASSENGER CAR,40,2010,HONDA,ODYSSEY
DD5603006K,180060397,Rockville Police Departme,Property Damage Crash,12-03-18 11:55,Maryland (State),ROCKVILLE PIKE,DODGE ST,SAME DIR REAR END,CLEAR,DRY,DAYLIGHT,TRAFFIC SIGNAL,NONE DETECTED,Yes,NO APPARENT INJURY,LOOKED BUT DID NOT SEE,MD,PASSENGER CAR,30,2018,PORS,4H
MCP1251000V,16031338,Montgomery County Police,Property Damage Crash,06/21/2016 10:21:00 AM,,,,OTHER,CLEAR,,DAYLIGHT,,NONE DETECTED,No,NO APPARENT INJURY,NOT DISTRACTED,MD,FIRE VEHICLE/EMERGENCY,15,2008,SPARTAN,CRIMSON FIRE ENGINE
MCP31220043,210018102,Montgomery County Police,Property Damage Crash,05/14/2021 08:15:00 AM,,,,SAME DIRECTION SIDESWIPE,CLEAR,,DAYLIGHT,NO CONTROLS,UNKNOWN,Yes,NO APPARENT INJURY,NOT DISTRACTED,,PASSENGER CAR,15,2012,NISSAN,JUKE
MCP3414001B,240059684,MONTGOMERY,Property Damage Crash,12/13/2024 06:04:00 PM,County Route,WAYNE AVE (WB/L),,"Sideswipe, Same Direction",Clear,Dry,Dark - Lighted,Traffic Control Signal,"Not Suspect of Alcohol Use, Not Suspect of Drug Use",Yes,No Apparent Injury,Not Distracted,MD,Bus - Transit,30,2013,NEW FLYER,XCELSIOR
MCP34110026,250022364,MONTGOMERY,Property Damage Crash,05/20/2025 04:36:00 PM,Maryland (State) Route,RIVER RD,SEVEN LOCKS RD,Angle,Clear,Dry,Daylight,Traffic Control Signal,"Not Suspect of Alcohol Use, Not Suspect of Drug Use",No,No Apparent Injury,Not Distracted,GA,Sport Utility Vehicle,35,2018,SUBARU,FORESTER
DD5601001F,15058144,ROCKVILLE,Injury Crash,11/14/2015 12:51:00 PM,Maryland (State),VEIRS MILL RD,FIRST ST,SAME DIR REAR END,CLEAR,DRY,DAYLIGHT,NO CONTROLS,,No,NO APPARENT INJURY,NOT DISTRACTED,MD,PASSENGER CAR,30,2012,HONDA,ACCORD
MCP34020042,250034254,MONTGOMERY,Injury Crash,08-01-25 12:30,County Route,SERPENTINE WAY,,Single Vehicle,Clear,Dry,Daylight,No Controls,"Not Suspect of Alcohol Use, Not Suspect of Drug Use",No,Possible Injury,Not Distracted,MD,Passenger Car,25,2018,CHEVROLET,EQUINOX
MCP27890053,180044918,Montgomery County Police,Injury Crash,09-08-18 16:00,Maryland (State),GEORGIA AVE,AUGUST DR,HEAD ON LEFT TURN,RAINING,WET,DAYLIGHT,TRAFFIC SIGNAL,,No,POSSIBLE INJURY,NOT DISTRACTED,MD,PASSENGER CAR,35,2009,DODGE,CARAVAN
MCP25860061,230001738,Montgomery County Police,Property Damage Crash,01-11-23 15:27,Maryland (State),CLARKSBURG RD,WEST OLD BALTIMORE RD,SINGLE VEHICLE,CLEAR,DRY,DAYLIGHT,NO CONTROLS,NONE DETECTED,Yes,NO APPARENT INJURY,NOT DISTRACTED,MD,PASSENGER CAR,40,2015,CHRYSLER,200
MCP27560034,190062799,Montgomery County Police,Property Damage Crash,12/30/2019 06:49:00 PM,County,RANDOLPH RD,BLUHILL RD,SINGLE VEHICLE,CLOUDY,WET,DARK LIGHTS ON,,ALCOHOL PRESENT,Yes,NO APPARENT INJURY,UNKNOWN,MD,PASSENGER CAR,35,2008,DODGE,AVENGER
MCP1213005Y,210033634,Montgomery County Police,Property Damage Crash,08/28/2021 05:08:00 PM,Maryland (State),LAYHILL RD,BRIGGS RD,SAME DIR REAR END,CLEAR,DRY,DAYLIGHT,TRAFFIC SIGNAL,NONE DETECTED,Yes,NO APPARENT INJURY,NOT DISTRACTED,MD,PASSENGER CAR,40,2019,LEXS,ES350
MCP3145004Z,240040410,MONTGOMERY,Property Damage Crash,08/26/2024 05:22:00 PM,US (State),COLESVILLE RD,,Front to Rear,Clear,Dry,Daylight,No Controls,"Not Suspect of Alcohol Use, Not Suspect of Drug Use",No,No Apparent Injury,Not Distracted,MD,Passenger Car,35,2013,TOYOTA,CAMRY
MCP2966007N,240034181,MONTGOMERY,Property Damage Crash,07/19/2024 09:36:00 PM,Local Route,WINGED FOOT LA,,Angle,Clear,Dry,Unknown,No Controls,"Not Suspect of Alcohol Use, Not Suspect of Drug Use",Yes,No Apparent Injury,Not Distracted,MD,Passenger Car,25,2018,FORD,TAURUS
DD5617001S,190010174,Rockville Police Departme,Injury Crash,03-04-19 22:00,Maryland (State),HUNGERFORD DR,MANNAKEE ST,HEAD ON LEFT TURN,,DRY,DARK LIGHTS ON,TRAFFIC SIGNAL,,Unknown,POSSIBLE INJURY,UNKNOWN,MD,PASSENGER CAR,40,2011,TOYT,4S
MCP2582002G,180058725,Montgomery County Police,Property Damage Crash,11/23/2018 10:22:00 PM,Maryland (State),NEW HAMPSHIRE AVE,ENT TO COLESVILLE CENTER,STRAIGHT MOVEMENT ANGLE,CLEAR,DRY,DARK LIGHTS ON,TRAFFIC SIGNAL,NONE DETECTED,Yes,NO APPARENT INJURY,UNKNOWN,FL,PASSENGER CAR,40,2013,TESLA,S
MCP2228001S,240020019,MONTGOMERY,Property Damage Crash,04/29/2024 05:33:00 PM,County Route,WATKINS MILL RD,,Front to Rear,Clear,Dry,Daylight,Pedestrian Crossing Sign,"Not Suspect of Alcohol Use, Not Suspect of Drug Use",No,No Apparent Injury,Not Distracted,,Passenger Car,35,0,,
EJ7871007J,240030827,GAITHERSBURG,Property Damage Crash,06/29/2024 10:38:00 PM,Maryland (State) Route,S FREDERICK RD,EDUCATION BLVD (NB/L),Front to Rear,Clear,Dry,Dark - Lighted,Traffic Control Signal,"Not Suspect of Alcohol Use, Not Suspect of Drug Use",No,No Apparent Injury,Not Distracted,MD,Passenger Car,35,2019,HONDA,FIT
MCP31450033,210006301,Montgomery County Police,Property Damage Crash,02/17/2021 07:20:00 PM,County,GLENALLAN AVE,LAYHILL RD,HEAD ON LEFT TURN,CLEAR,WET,DARK LIGHTS ON,NO CONTROLS,NONE DETECTED,No,NO APPARENT INJURY,NOT DISTRACTED,MD,PASSENGER CAR,30,2019,HONDA,CRV
MCP2420004N,230001674,Montgomery County Police,Property Damage Crash,01-11-23 9:25,County,RANDOLPH RD,NEW HAMPSHIRE AVE,SAME DIR REAR END,CLEAR,DRY,DAYLIGHT,TRAFFIC SIGNAL,NONE DETECTED,No,NO APPARENT INJURY,NOT DISTRACTED,MD,SCHOOL BUS,40,2013,THOM,BUS
DD56030050,170547126,Rockville Police Departme,Property Damage Crash,12-07-17 9:50,Municipality,LEONARD CT,POTOMAC VALLEY RD,OTHER,CLEAR,DRY,DAYLIGHT,NO CONTROLS,NONE DETECTED,Yes,NO APPARENT INJURY,LOOKED BUT DID NOT SEE,MD,PASSENGER CAR,15,2013,HOND,4S
MCP32580022,220019810,Montgomery County Police,Property Damage Crash,05-10-22 9:06,Maryland (State),UNIVERSITY BLVD W,EISNER ST,STRAIGHT MOVEMENT ANGLE,CLEAR,DRY,DAYLIGHT,STOP SIGN,NONE DETECTED,No,NO APPARENT INJURY,NOT DISTRACTED,MD,PASSENGER CAR,35,2010,HOND,HB
DD5606002Y,16003464,Rockville Police Departme,Property Damage Crash,01/19/2016 03:53:00 PM,Maryland (State),FIRST ST,BALTIMORE RD,ANGLE MEETS LEFT TURN,CLEAR,,DAYLIGHT,TRAFFIC SIGNAL,NONE DETECTED,No,NO APPARENT INJURY,NOT DISTRACTED,MD,PASSENGER CAR,25,2000,CHEV,4S
MCP3160004J,230026150,Montgomery County Police,Injury Crash,05/31/2023 04:00:00 PM,,NEBEL STREET,WENTWORTH PLACE,OPPOSITE DIRECTION SIDESWIPE,CLEAR,DRY,DAYLIGHT,NO CONTROLS,NONE DETECTED,No,POSSIBLE INJURY,NOT DISTRACTED,MD,PASSENGER CAR,25,2017,HONDA,CRV
MCP1017000T,15019372,Montgomery County Police,Property Damage Crash,04/24/2015 05:45:00 PM,Maryland (State),OLD GEORGETOWN RD,GLENBROOK RD,HEAD ON LEFT TURN,CLEAR,DRY,DAYLIGHT,NO CONTROLS,UNKNOWN,Yes,NO APPARENT INJURY,TALKING OR LISTENING TO CELLULAR PHONE,MD,PASSENGER CAR,30,2014,ACURA,TL
MCP3215001P,210015126,Montgomery County Police,Property Damage Crash,04/23/2021 12:57:00 PM,County,HOWARD AVE,SUMMIT AVE,STRAIGHT MOVEMENT ANGLE,CLEAR,DRY,DAYLIGHT,NO CONTROLS,,Yes,NO APPARENT INJURY,UNKNOWN,,"CARGO VAN/LIGHT TRUCK 2 AXLES (OVER 10,000LBS (4,536 KG))",25,2014,CHEVY,TRUCK
MCP3320002W,240060528,MONTGOMERY,Property Damage Crash,12/18/2024 06:40:00 PM,County Route,SEMINARY RD,,Front to Rear,Rain,Wet,Dark - Not Lighted,Traffic Control Signal,"Not Suspect of Alcohol Use, Not Suspect of Drug Use",No,No Apparent Injury,Not Distracted,MD,Sport Utility Vehicle,30,2019,TOYOTA,HIGHLANDER
MCP31090071,220031251,Montgomery County Police,Property Damage Crash,07/20/2022 02:15:00 PM,Maryland (State),NEW HAMPSHIRE AVE,CRESTHAVEN DR,STRAIGHT MOVEMENT ANGLE,CLEAR,DRY,DAYLIGHT,STOP SIGN,NONE DETECTED,Yes,NO APPARENT INJURY,LOOKED BUT DID NOT SEE,MD,PASSENGER CAR,25,2009,CHEVROLET,TRAVERSE
MCP3051004C,200049422,Montgomery County Police,Property Damage Crash,12/15/2020 05:55:00 PM,County,ROCKLEDGE DR,ROCK SPRING DR,HEAD ON LEFT TURN,,DRY,DARK LIGHTS ON,TRAFFIC SIGNAL,NONE DETECTED,Unknown,NO APPARENT INJURY,UNKNOWN,MD,PASSENGER CAR,30,2017,TOYOTA,RAV4
MCP2187000T,210048697,Montgomery County Police,Injury Crash,12-01-21 9:00,County,MEDICAL CENTER DR,KEY WEST AVE,HEAD ON LEFT TURN,CLEAR,DRY,DAYLIGHT,NO CONTROLS,NONE DETECTED,Yes,SUSPECTED MINOR INJURY,LOOKED BUT DID NOT SEE,MD,PASSENGER CAR,45,2013,ACUR,4S
MCP2736004M,170509483,Montgomery County Police,Property Damage Crash,05/23/2017 08:12:00 PM,Maryland (State),ROCKVILLE PIKE,STRATHMORE AVE,SAME DIRECTION SIDESWIPE,RAINING,WET,DARK LIGHTS ON,TRAFFIC SIGNAL,NONE DETECTED,No,NO APPARENT INJURY,NOT DISTRACTED,MD,PASSENGER CAR,40,2013,TOYOTA,SW
MCP3122004F,210035749,Montgomery County Police,Injury Crash,09-11-21 11:40,County,BEL PRE RD,ENT TO APARTMENTS,STRAIGHT MOVEMENT ANGLE,CLEAR,DRY,DAYLIGHT,STOP SIGN,NONE DETECTED,Yes,SUSPECTED SERIOUS INJURY,LOOKED BUT DID NOT SEE,MD,PASSENGER CAR,35,2013,HONDA,CIVIC
DD5680000G,250007090,ROCKVILLE,Property Damage Crash,02/17/2025 09:02:00 PM,Maryland (State) Route,W MONTGOMERY AVE,,Front to Rear,Clear,Dry,Dark - Lighted,Traffic Control Signal,"Not Suspect of Alcohol Use, Not Suspect of Drug Use",No,No Apparent Injury,Not Distracted,MD,Passenger Car,35,2024,TOYOTA,CAMRY
MCP08990034,180034089,Montgomery County Police,Property Damage Crash,07-10-18 15:45,Maryland (State),OLD GEORGETOWN RD,DEL RAY AVE,HEAD ON LEFT TURN,CLEAR,DRY,DAYLIGHT,NO CONTROLS,UNKNOWN,Yes,NO APPARENT INJURY,LOOKED BUT DID NOT SEE,,,25,0,UNKNOWN,UNKNOWN
MCP2835000S,15006339,Montgomery County Police,Property Damage Crash,02-07-15 23:08,Maryland (State),EAST WEST HWY,WASHINGTON AVE,HEAD ON LEFT TURN,CLEAR,DRY,DARK LIGHTS ON,TRAFFIC SIGNAL,NONE DETECTED,Yes,NO APPARENT INJURY,LOOKED BUT DID NOT SEE,MD,PASSENGER CAR,35,2001,HOND,ODESSEY
MCP2703000M,15047200,MONTGOMERY,Injury Crash,09/17/2015 08:39:00 PM,Maryland (State),NEW HAMPSHIRE AVE,LOCKWOOD DR,SAME DIRECTION RIGHT TURN,CLEAR,DRY,DARK LIGHTS ON,NO CONTROLS,,No,SUSPECTED MINOR INJURY,NOT DISTRACTED,MD,PASSENGER CAR,15,2010,CHEVY,MALIBU
MCP211600BL,190060780,Montgomery County Police,Property Damage Crash,12/17/2019 03:52:00 PM,County,MAXWELL DR,TOULONE DR,SAME DIR REAR END,CLOUDY,WET,DAYLIGHT,,NONE DETECTED,Yes,NO APPARENT INJURY,LOOKED BUT DID NOT SEE,MD,SCHOOL BUS,25,2016,THOMAS,BUS
MCP2290001K,180041562,Montgomery County Police,Property Damage Crash,08/21/2018 10:30:00 AM,County,E GUDE DR,FREDERICK RD,STRAIGHT MOVEMENT ANGLE,RAINING,WET,DAYLIGHT,TRAFFIC SIGNAL,NONE DETECTED,No,NO APPARENT INJURY,NOT DISTRACTED,MD,PASSENGER CAR,35,2008,TOYOTA,SIENNA
MCP9428000H,15004487,Montgomery County Police,Property Damage Crash,01/28/2015 12:43:00 PM,,,,SAME DIRECTION SIDESWIPE,CLEAR,,DAYLIGHT,,,Yes,NO APPARENT INJURY,NOT DISTRACTED,PA,"MEDIUM/HEAVY TRUCKS 3 AXLES (OVER 10,000LBS (4,536KG))",15,2014,PETERBUILT,365
MCP2203009M,250035270,MONTGOMERY,Injury Crash,08-07-25 20:45,County Route,REEDIE DR,GEORGIA AVE,Single Vehicle,Clear,Dry,Dark - Lighted,Pedestrian Crossing Sign,"Not Suspect of Alcohol Use, Not Suspect of Drug Use",Yes,No Apparent Injury,Not Distracted,MD,Passenger Car,25,2014,CHEVROLET,MALIBU
MCP3067001G,190031442,Montgomery County Police,Property Damage Crash,07-02-19 0:50,County,MONTGOMERY VILLAGE AVE,CLUB HOUSE RD,STRAIGHT MOVEMENT ANGLE,CLEAR,DRY,DARK LIGHTS ON,FLASHING TRAFFIC SIGNAL,NONE DETECTED,Yes,NO APPARENT INJURY,NOT DISTRACTED,MD,PASSENGER CAR,35,2018,TOYT,4S
MCP3179000Y,190051013,Montgomery County Police,Property Damage Crash,10/23/2019 09:58:00 PM,Maryland (State),GEORGIA AVE,OLNEY SANDY SPRING RD,HEAD ON LEFT TURN,CLEAR,DRY,DARK LIGHTS ON,TRAFFIC SIGNAL,NONE DETECTED,No,NO APPARENT INJURY,NOT DISTRACTED,MD,(SPORT) UTILITY VEHICLE,30,2005,TOYOTA,RAV 4
MCP2837004R,220049263,Montgomery County Police,Injury Crash,11-08-22 11:45,County,MONTROSE RD,WHITES FORD WAY,HEAD ON LEFT TURN,,DRY,DAYLIGHT,TRAFFIC SIGNAL,NONE DETECTED,Unknown,SUSPECTED MINOR INJURY,UNKNOWN,MD,VAN,25,2019,CHRYSLER,VAN
DD5565000L,15047089,ROCKVILLE,Property Damage Crash,09/17/2015 12:55:00 PM,,,,OTHER,CLEAR,,DAYLIGHT,NO CONTROLS,,Yes,NO APPARENT INJURY,LOOKED BUT DID NOT SEE,MD,PASSENGER CAR,15,2015,NISSAN,SENTRA
MCP29370045,220013985,Montgomery County Police,Injury Crash,04/14/2022 12:45:00 AM,County,ROBEY RD,BRIGGS CHANEY RD,SINGLE VEHICLE,,DRY,DARK LIGHTS ON,NO CONTROLS,UNKNOWN,Unknown,NO APPARENT INJURY,UNKNOWN,,UNKNOWN,35,0,UNKNOWN,UNKNOWN
MCP1119006S,190008069,Montgomery County Police,Injury Crash,02/19/2019 05:43:00 PM,County,NORWOOD RD,JOHNSON RD,SINGLE VEHICLE,CLEAR,DRY,DUSK,,NONE DETECTED,No,POSSIBLE INJURY,NOT DISTRACTED,MD,PASSENGER CAR,40,2016,FORD,FIESTA
MCP30080047,240005443,MONTGOMERY,Property Damage Crash,02-03-24 2:00,County Route,RUATAN ST,,"Sideswipe, Opposite Direction",Clear,Dry,Dark - Lighted,No Controls,"Not Suspect of Alcohol Use, Not Suspect of Drug Use",Yes,No Apparent Injury,Unknown,VA,Passenger Car,25,2022,NISSAN,ALTIMA
MCP3016000M,16016056,Montgomery County Police,Injury Crash,04-02-16 5:49,Interstate (State),EISENHOWER MEMORIAL HWY,EXIT #22,SINGLE VEHICLE,RAINING,WET,DAWN,,,Yes,SUSPECTED MINOR INJURY,DISTRACTED BY OUTSIDE PERSON OBJECT OR EVENT,MD,PASSENGER CAR,55,2000,ACURA,4D
MCP3016001T,180018238,Montgomery County Police,Injury Crash,04/14/2018 11:52:00 AM,County,MIDDLEBROOK RD,FATHER HURLEY BLVD,SAME DIR REND RIGHT TURN,CLEAR,DRY,DAYLIGHT,YIELD SIGN,,No,POSSIBLE INJURY,NOT DISTRACTED,MD,PASSENGER CAR,40,2010,DODG,TK
MCP2835001Z,190021090,Montgomery County Police,Injury Crash,05-04-19 23:21,Maryland (State),CONNECTICUT AVE,EAST WEST HWY,SAME DIR REAR END,RAINING,WET,DARK LIGHTS ON,TRAFFIC SIGNAL,NONE DETECTED,No,NO APPARENT INJURY,NOT DISTRACTED,MD,PASSENGER CAR,35,2002,TOYT,COROLLA
MCP2683001J,16008715,Montgomery County Police,Injury Crash,02/21/2016 03:56:00 PM,Maryland (State),MONTGOMERY VILLAGE AVE,SPUR TO LOST KNIFE RD,SAME DIR REAR END,CLOUDY,WET,DAYLIGHT,TRAFFIC SIGNAL,NONE DETECTED,No,NO APPARENT INJURY,NOT DISTRACTED,MD,PASSENGER CAR,35,2013,TOYT,TK