Report Number,Local Case Number,Agency Name,ACRS Report Type,Crash Date/Time,Route Type,Road Name,Cross-Street Name,Collision Type,Weather,Surface Condition,Light,Traffic Control,Driver Substance Abuse,Driver At Fault,Injury Severity,Driver Distracted By,Drivers License State,Vehicle Body Type,Speed Limit,Vehicle Year,Vehicle Make,Vehicle Model
MCP27180011,15012123,Montgomery County Police,Property Damage Crash,03/16/2015 04:45:00 PM,County,RANDOLPH RD,GOODHILL RD,OTHER,CLEAR,DRY,DAYLIGHT,,,No,NO APPARENT INJURY,UNKNOWN,MD,TRANSIT BUS,40,2012,GILL,HY
MCP27380039,190024756,Montgomery County Police,Injury Crash,05/24/2019 05:10:00 PM,County,RANDOLPH RD,LOCKSLEY LA,HEAD ON LEFT TURN,,DRY,DAYLIGHT,TRAFFIC SIGNAL,,Unknown,NO APPARENT INJURY,UNKNOWN,MD,PASSENGER CAR,40,2007,FORD,F150
MCP3228001G,210010425,Montgomery County Police,Property Damage Crash,03/19/2021 09:19:00 PM,Maryland (State),UNIVERSITY BLVD E,COLESVILLE RD,ANGLE MEETS RIGHT TURN,CLEAR,DRY,DARK LIGHTS ON,TRAFFIC SIGNAL,NONE DETECTED,Yes,NO APPARENT INJURY,LOOKED BUT DID NOT SEE,SC,(SPORT) UTILITY VEHICLE,35,2017,HYUNDAI,SANATA
MCP3163004P,220032641,Montgomery County Police,Injury Crash,07/29/2022 06:00:00 PM,Maryland (State),OLD GEORGETOWN RD,DEMOCRACY BLVD,STRAIGHT MOVEMENT ANGLE,RAINING,WET,DAYLIGHT,TRAFFIC SIGNAL,,No,NO APPARENT INJURY,NOT DISTRACTED,MD,PASSENGER CAR,35,2017,CADI,SD
MCP2717005Y,16024704,Montgomery County Police,Injury Crash,05/18/2016 01:36:00 PM,,MD I270 S/B,MD 355 S/B,SAME DIRECTION SIDESWIPE,CLEAR,DRY,DAYLIGHT,NO CONTROLS,NONE DETECTED,No,SUSPECTED MINOR INJURY,NOT DISTRACTED,VA,PICKUP TRUCK,55,2002,CHEVY,2500
MCP2513002F,210006889,Montgomery County Police,Injury Crash,02/23/2021 05:50:00 AM,Maryland (State),SPENCERVILLE RD,OURSLER RD,HEAD ON,,ICE,DARK NO LIGHTS,NO CONTROLS,NONE DETECTED,Yes,NO APPARENT INJURY,NOT DISTRACTED,MD,"OTHER LIGHT TRUCKS (10,000LBS (4,536KG) OR LESS)",40,1999,KENWORTH,T80
MCP34040025,250036091,MONTGOMERY,Injury Crash,08/13/2025 11:25:00 AM,US (State),COLESVILLE RD,,Front to Rear,Clear,Dry,Daylight,No Controls,"Not Suspect of Alcohol Use, Not Suspect of Drug Use",Yes,No Apparent Injury,Not Distracted,MD,Passenger Car,40,2016,KIA,OPTIMA
MCP3176002K,240019878,MONTGOMERY,Property Damage Crash,04/29/2024 02:00:00 AM,Maryland (State) Route,UNIVERSITY BLVD E (WB/L),,Front to Rear,Clear,Dry,Dark - Lighted,Flashing Traffic Control Signal,"Unknown, Unknown",No,No Apparent Injury,Unknown,,Passenger Car,35,2014,KIA,SORENTO
MCP292300CH,240032691,MONTGOMERY,Property Damage Crash,07/16/2024 11:07:00 AM,County Route,RANDOLPH RD (WB/L),,"Sideswipe, Same Direction",Clear,Dry,Daylight,No Controls,"Not Suspect of Alcohol Use, Not Suspect of Drug Use",No,No Apparent Injury,Not Distracted,MD,Passenger Car,30,2014,TOYOTA,CAMRY
DD55270041,220025946,Rockville Police Departme,Property Damage Crash,06/16/2022 03:40:00 PM,Maryland (State),ROCKVILLE PIKE,CONGRESSIONAL LA,SAME DIR REAR END,CLEAR,DRY,DAYLIGHT,TRAFFIC SIGNAL,NONE DETECTED,No,NO APPARENT INJURY,NOT DISTRACTED,MD,PASSENGER CAR,40,2018,HOND,VN
MCP2894001C,15057921,MONTGOMERY,Injury Crash,11/13/2015 11:06:00 AM,Maryland (State),OLD GEORGETOWN RD,EXECUTIVE BLVD,STRAIGHT MOVEMENT ANGLE,CLEAR,DRY,DAYLIGHT,TRAFFIC SIGNAL,,Yes,NO APPARENT INJURY,LOOKED BUT DID NOT SEE,MD,PASSENGER CAR,45,2010,TOYOTA,PRIUS
MCP2714001H,190057881,Montgomery County Police,Injury Crash,12-01-19 20:23,County,RANDOLPH RD,SELFRIDGE RD,STRAIGHT MOVEMENT ANGLE,RAINING,WET,DARK LIGHTS ON,TRAFFIC SIGNAL,NONE DETECTED,No,POSSIBLE INJURY,NOT DISTRACTED,MD,PASSENGER CAR,35,2002,TOYT,CAMRY
MCP2278001Q,17015586,Montgomery County Police,Property Damage Crash,03/27/2017 12:00:00 PM,County,WHITTIER BLVD,WILSON LA,SAME DIR REAR END,CLEAR,DRY,DAYLIGHT,TRAFFIC SIGNAL,UNKNOWN,Yes,NO APPARENT INJURY,UNKNOWN,,PASSENGER CAR,25,2010,NISSAN,ALTIMA
MCP3411000T,240047401,MONTGOMERY,Injury Crash,10-04-24 13:46,County Route,NICHOLSON LA,,Front to Rear,Clear,Dry,Daylight,No Controls,"Not Suspect of Alcohol Use, Not Suspect of Drug Use",No,Suspected Minor Injury,Not Distracted,MD,Passenger Car,30,2017,TOYOTA,COROLLA
MCP3076002T,190060736,Montgomery County Police,Property Damage Crash,12/17/2019 12:41:00 PM,County,WAYNE AVE,FENTON ST,SINGLE VEHICLE,CLOUDY,WET,DAYLIGHT,NO CONTROLS,NONE DETECTED,Yes,NO APPARENT INJURY,OTHER DISTRACTION,DC,PASSENGER CAR,5,2016,CADILLAC,XTS
MCP29400053,210027158,Montgomery County Police,Property Damage Crash,07/14/2021 01:15:00 PM,County,DEMOCRACY BLVD,FERNWOOD RD,SAME DIR REAR END,CLEAR,DRY,DAYLIGHT,TRAFFIC SIGNAL,NONE DETECTED,No,NO APPARENT INJURY,NOT DISTRACTED,NJ,PICKUP TRUCK,35,2020,CHEVROLET,SILVERADO
MCP102200G9,220016717,Montgomery County Police,Property Damage Crash,04/20/2022 07:35:00 AM,Maryland (State),ROCKVILLE PIKE,NICHOLSON LA,SAME DIRECTION SIDESWIPE,CLEAR,DRY,DAYLIGHT,NO CONTROLS,NONE DETECTED,No,NO APPARENT INJURY,NOT DISTRACTED,MD,TRANSIT BUS,40,2012,GILLIS,TRANSIT BUS
MCP2633002M,220035864,Montgomery County Police,Property Damage Crash,08/19/2022 04:47:00 PM,County,SAM EIG HWY,FIELDS RD,SAME DIR REAR END,CLOUDY,DRY,DAYLIGHT,TRAFFIC SIGNAL,NONE DETECTED,No,NO APPARENT INJURY,NOT DISTRACTED,MD,(SPORT) UTILITY VEHICLE,0,2014,JEEP,TK
MCP3444000N,250032766,MONTGOMERY,Property Damage Crash,07/22/2025 06:50:00 PM,Maryland (State) Route,PHILADELPHIA AVE (WB/L),,"Sideswipe, Same Direction",Clear,Dry,Daylight,Traffic Control Signal,"Not Suspect of Alcohol Use, Not Suspect of Drug Use",No,No Apparent Injury,Not Distracted,MD,Bus - Transit,25,2019,NEW FLYER,XCELSIOR
MCP27530011,16021753,Montgomery County Police,Property Damage Crash,05-03-16 5:22,Maryland (State),NORBECK RD,BAUER DR,STRAIGHT MOVEMENT ANGLE,FOGGY,WET,DARK LIGHTS ON,FLASHING TRAFFIC SIGNAL,NONE DETECTED,No,NO APPARENT INJURY,NOT DISTRACTED,MD,PASSENGER CAR,40,2007,TOYT,4D
MCP28770028,16012295,MONTGOMERY,Property Damage Crash,03-12-16 10:30,Maryland (State),GEORGIA AVE,WHITE OAK DR,SAME DIRECTION SIDESWIPE,CLEAR,DRY,DAYLIGHT,NO CONTROLS,NONE DETECTED,No,NO APPARENT INJURY,NOT DISTRACTED,MD,PASSENGER CAR,35,2016,FORD,FIESTA
MCP3111007V,240006967,MONTGOMERY,Property Damage Crash,02-12-24 12:06,County Route,,OLD GEORGETOWN RD ST ELMO AVE WILSON LA,"Sideswipe, Same Direction",Cloudy,Dry,Daylight,Traffic Control Signal,"Not Suspect of Alcohol Use, Not Suspect of Drug Use",No,No Apparent Injury,Not Distracted,MD,Bus - Transit,25,2012,GILLIG,LOW FLOOR BUS
MCP1119007F,190042374,Montgomery County Police,Property Damage Crash,09-04-19 14:58,Maryland (State),NORBECK RD,BALTIMORE RD,SAME DIR REAR END,CLEAR,DRY,DAYLIGHT,,NONE DETECTED,Yes,NO APPARENT INJURY,NOT DISTRACTED,MD,VAN,50,2017,DODGE,RAM 1500
MCP3249001P,210026963,Montgomery County Police,Property Damage Crash,07/13/2021 10:06:00 AM,County,OLD COLUMBIA PIKE,ATHEY DR,SAME DIR REND LEFT TURN,CLEAR,DRY,DAYLIGHT,NO CONTROLS,NONE DETECTED,No,NO APPARENT INJURY,NOT DISTRACTED,MD,PASSENGER CAR,35,2005,BUICK,LESABRE LI
MCP2867000W,15011069,Montgomery County Police,Property Damage Crash,03-10-15 13:30,,,,OTHER,RAINING,,DAYLIGHT,,NONE DETECTED,No,NO APPARENT INJURY,NOT DISTRACTED,MD,PASSENGER CAR,0,1998,NISSAN,ULTIMA
HA2415001B,200002770,Maryland-National Capital,Property Damage Crash,11/19/2020 01:22:00 PM,,,,SINGLE VEHICLE,CLEAR,,DAYLIGHT,NO CONTROLS,UNKNOWN,Yes,NO APPARENT INJURY,LOOKED BUT DID NOT SEE,MD,PASSENGER CAR,25,2015,FORD,ESCAPE
MCP2554000P,15014782,Montgomery County Police,Property Damage Crash,03/27/2015 01:00:00 PM,,,,OTHER,CLOUDY,,UNKNOWN,,UNKNOWN,Yes,NO APPARENT INJURY,UNKNOWN,,"OTHER LIGHT TRUCKS (10,000LBS (4,536KG) OR LESS)",5,0,ACURA,LEGEND
MCP219800BP,220018406,Montgomery County Police,Property Damage Crash,04/30/2022 04:38:00 PM,Interstate (State),EISENHOWER MEMORIAL HWY,MUDDY BRANCH RD,SINGLE VEHICLE,,DRY,DAYLIGHT,NO CONTROLS,,Yes,NO APPARENT INJURY,UNKNOWN,MD,PASSENGER CAR,55,2008,FORD,CARGO VAN
MCP26370019,17001387,Montgomery County Police,Property Damage Crash,01-09-17 9:18,Interstate (State),EISENHOWER MEMORIAL HWY,EXIT #5,SAME DIR REAR END,CLOUDY,DRY,DAYLIGHT,NO CONTROLS,NONE DETECTED,No,NO APPARENT INJURY,NOT DISTRACTED,FL,PASSENGER CAR,55,2015,BMW,X1
MCP29830004,15027107,Montgomery County Police,Property Damage Crash,06-04-15 18:41,US (State),GEORGIA AVE,WAYNE AVE,SAME DIRECTION SIDESWIPE,RAINING,WET,DAYLIGHT,,NONE DETECTED,Yes,NO APPARENT INJURY,NOT DISTRACTED,SC,AMBULANCE/EMERGENCY,35,2010,FREIGHTLINER,WHEEL COACH
MCP2635001W,15014147,Montgomery County Police,Property Damage Crash,03/27/2015 04:09:00 PM,,,,SAME DIR REAR END,CLEAR,,DAYLIGHT,NO CONTROLS,,No,NO APPARENT INJURY,NOT DISTRACTED,MD,(SPORT) UTILITY VEHICLE,5,2011,JEEP,LIBERTY
MCP3057000G,170530470,Montgomery County Police,Property Damage Crash,09/14/2017 06:09:00 AM,Maryland (State),DAMASCUS RD,LONG CORNER RD,SAME DIR REAR END,RAINING,WET,DAWN,,NONE DETECTED,Yes,NO APPARENT INJURY,NOT DISTRACTED,MD,PASSENGER CAR,35,2005,HOND,ACCORD
MCP1366008W,190010391,Montgomery County Police,Property Damage Crash,03-06-19 7:33,Maryland (State),FREDERICK RD,ENT TO SHADY GROVE METRO STATION,SAME DIRECTION SIDESWIPE,CLEAR,DRY,DAYLIGHT,TRAFFIC SIGNAL,NONE DETECTED,No,NO APPARENT INJURY,NOT DISTRACTED,MD,PASSENGER CAR,40,2015,NISS,4S
EJ7839001L,16042169,Gaithersburg Police Depar,Injury Crash,08/19/2016 06:51:00 PM,Interstate (State),EISENHOWER MEMORIAL HWY,RAMP 1 FR IS 270 NB TO SHADY GROVE RD WB,SAME DIR REAR END,CLEAR,DRY,DAYLIGHT,TRAFFIC SIGNAL,NONE DETECTED,No,SUSPECTED SERIOUS INJURY,NOT DISTRACTED,MD,PASSENGER CAR,35,2012,HYUNDAI,SONOTA
EJ7866006N,190040524,Gaithersburg Police Depar,Property Damage Crash,08/24/2019 12:18:00 PM,Maryland (State),MONTGOMERY VILLAGE AVE,CROSSOVER,SAME DIRECTION LEFT TURN,CLEAR,DRY,DAYLIGHT,TRAFFIC SIGNAL,NONE DETECTED,No,NO APPARENT INJURY,NOT DISTRACTED,MD,"MEDIUM/HEAVY TRUCKS 3 AXLES (OVER 10,000LBS (4,536KG))",40,2013,FRT,TK
MCP1580006G,16057394,Montgomery County Police,Injury Crash,11-07-16 11:16,County,SNOUFFERS SCHOOL RD,WOODFIELD RD,SINGLE VEHICLE,CLEAR,DRY,DAYLIGHT,NO CONTROLS,NONE DETECTED,No,NO APPARENT INJURY,NOT DISTRACTED,MD,PASSENGER CAR,40,1995,TOYOTA,COROLLA
MCP2885000L,15002735,Montgomery County Police,Injury Crash,01/17/2015 01:38:00 PM,County,GRANDVIEW AVE,UNIVERSITY BLVD W,SAME DIR REAR END,CLEAR,DRY,DAYLIGHT,TRAFFIC SIGNAL,NONE DETECTED,Yes,NO APPARENT INJURY,NOT DISTRACTED,MD,PASSENGER CAR,25,2000,MITS,TK
MCP28050016,15010765,Montgomery County Police,Property Damage Crash,03-08-15 19:20,Municipality,RUSSELL AVE,MONTGOMERY VILLAGE AVE,OTHER,CLEAR,WET,DUSK,TRAFFIC SIGNAL,,Yes,NO APPARENT INJURY,LOOKED BUT DID NOT SEE,MD,PASSENGER CAR,35,2006,DODGE,CHARGER
MCP2311004G,180046571,Montgomery County Police,Injury Crash,09/18/2018 06:28:00 AM,County,SHADY GROVE RD,CHOKE CHERRY RD,SAME DIR REAR END,CLOUDY,DRY,DARK LIGHTS ON,TRAFFIC SIGNAL,,Yes,NO APPARENT INJURY,NOT DISTRACTED,MD,PASSENGER CAR,45,2015,HYUN,TK
MCP3000002H,190012113,Montgomery County Police,Property Damage Crash,03/15/2019 11:54:00 PM,County,WARING STATION RD,FOREST BROOK RD,SAME DIR REAR END,CLEAR,DRY,DARK LIGHTS ON,NO CONTROLS,COMBINED SUBSTANCE PRESENT,Yes,NO APPARENT INJURY,OTHER DISTRACTION,WV,PASSENGER CAR,30,2016,NISSAN,ALTIMA
MCP3296002R,240055052,MONTGOMERY,Property Damage Crash,11/16/2024 06:34:00 PM,,,,Single Vehicle,Clear,,Dark - Lighted,,"Not Suspect of Alcohol Use, Not Suspect of Drug Use",Yes,No Apparent Injury,Not Distracted,MD,Sport Utility Vehicle,0,2013,MERCEDES-BENZ,GLK-CLASS
MCP10480039,180002539,Montgomery County Police,Injury Crash,01/16/2018 05:45:00 PM,County,REDLAND RD,BAEDERWOOD LA,SAME DIR REAR END,CLEAR,DRY,DARK NO LIGHTS,NO CONTROLS,NONE DETECTED,No,POSSIBLE INJURY,NOT DISTRACTED,MD,PASSENGER CAR,35,2002,TOYT,4S
MCP2046007T,180002637,Montgomery County Police,Property Damage Crash,01/17/2018 07:32:00 AM,Maryland (State),E RANDOLPH RD,OLD COLUMBIA PIKE,STRAIGHT MOVEMENT ANGLE,SNOW,SNOW,DAWN,TRAFFIC SIGNAL,NONE DETECTED,Yes,NO APPARENT INJURY,NOT DISTRACTED,MD,PASSENGER CAR,40,1994,HOND,CIVIC
MCP29910011,16041327,Montgomery County Police,Property Damage Crash,08/15/2016 12:00:00 AM,County,OLNEY MILL RD,WICKHAM RD,SINGLE VEHICLE,UNKNOWN,UNKNOWN,UNKNOWN,NO CONTROLS,UNKNOWN,Unknown,NO APPARENT INJURY,UNKNOWN,,,35,0,UNKNOWN,UNKNOWN
MCP1519000K,15038846,MONTGOMERY,Injury Crash,08-05-15 10:28,Maryland (State),FALLS RD,ROCKVILLE VOL FIRE COMPANY NO. 33,SAME DIR REAR END,CLEAR,DRY,DAYLIGHT,NO CONTROLS,NONE DETECTED,Yes,NO APPARENT INJURY,NOT DISTRACTED,MD,PICKUP TRUCK,35,2003,DODGE,RAM
MCP1334002L,15030758,Montgomery County Police,Property Damage Crash,06/24/2015 08:56:00 AM,County,LONGDRAFT RD,SIOUX LA,STRAIGHT MOVEMENT ANGLE,CLEAR,DRY,DAYLIGHT,STOP SIGN,NONE DETECTED,Yes,NO APPARENT INJURY,LOOKED BUT DID NOT SEE,MD,PASSENGER CAR,30,2014,CHEVROLET,CRUZE
MCP3181001F,190060269,Montgomery County Police,Property Damage Crash,12/14/2019 11:35:00 AM,Maryland (State),VEIRS MILL RD,NEWPORT MILL RD,HEAD ON,RAINING,WET,DAYLIGHT,TRAFFIC SIGNAL,,Yes,NO APPARENT INJURY,LOOKED BUT DID NOT SEE,MD,PASSENGER CAR,35,2008,TOYOTA,CAMRY
MCP9424000J,15050936,MONTGOMERY,Property Damage Crash,10-07-15 22:40,Maryland (State),WOODFIELD RD,BETHESDA CHURCH RD,SINGLE VEHICLE,CLEAR,DRY,DARK NO LIGHTS,,,Yes,NO APPARENT INJURY,UNKNOWN,MD,PASSENGER CAR,30,9999,TOYOTA,COROLLA
MCP3191004G,240019343,MONTGOMERY,Property Damage Crash,04/25/2024 04:00:00 PM,Maryland (State) Route,,,Other,Clear,Dry,Daylight,No Controls,"Not Suspect of Alcohol Use, Not Suspect of Drug Use",No,No Apparent Injury,Not Distracted,MD,Sport Utility Vehicle,30,2014,NISSAN,VERSA
MCP9128000W,16061011,Montgomery County Police,Property Damage Crash,11/28/2016 07:42:00 AM,Maryland (State),GEORGIA AVE,REGINA DR,STRAIGHT MOVEMENT ANGLE,CLEAR,DRY,DAYLIGHT,STOP SIGN,NONE DETECTED,Yes,NO APPARENT INJURY,DISTRACTED BY OUTSIDE PERSON OBJECT OR EVENT,MD,PASSENGER CAR,45,2017,SUBARU,OUTBACK
MCP2270003D,240039870,MONTGOMERY,Property Damage Crash,08/23/2024 11:15:00 AM,County Route,NORFOLK AVE,,Front to Rear,Clear,Dry,Daylight,No Controls,"Not Suspect of Alcohol Use, Not Suspect of Drug Use",No,No Apparent Injury,Not Distracted,MD,Passenger Car,25,2023,CHEVROLET,BOLT EUV
DD56140049,190006498,Rockville Police Departme,Injury Crash,02-09-19 23:46,Interstate (State),EISENHOWER MEMORIAL HWY,MONTROSE RD,SAME DIR REAR END,,DRY,DARK LIGHTS ON,NO CONTROLS,ALCOHOL PRESENT,Yes,SUSPECTED MINOR INJURY,UNKNOWN,MD,PASSENGER CAR,55,2006,HONDA,ACCORD
MCP263900BY,210014685,Montgomery County Police,Injury Crash,04/20/2021 09:57:00 AM,,,,OTHER,CLEAR,,DAYLIGHT,NO CONTROLS,NONE DETECTED,Yes,NO APPARENT INJURY,LOOKED BUT DID NOT SEE,MD,PASSENGER CAR,15,2016,TOYOTA,RAV4
MCP3271006K,250049557,MONTGOMERY,Property Damage Crash,11-04-25 18:15,County Route,,,Front to Rear,Clear,Dry,Dark - Lighted,No Controls,"Not Suspect of Alcohol Use, Not Suspect of Drug Use",Yes,No Apparent Injury,Unknown,MD,Passenger Car,30,2006,HONDA,ACCORD
DD5567009P,250038448,ROCKVILLE,Injury Crash,08/28/2025 08:38:00 AM,Municipality Route,W MONTGOMERY AVE,N ADAMS ST S ADAMS ST,Single Vehicle,Clear,Dry,Daylight,No Controls,"Not Suspect of Alcohol Use, Not Suspect of Drug Use",No,No Apparent Injury,Not Distracted,MD,Single-Unit Truck,30,2024,FORD,F-650
MCP3063003J,220046656,Montgomery County Police,Property Damage Crash,10/24/2022 02:53:00 PM,Maryland (State),PINEY BRANCH RD,NO NAME,OTHER,CLEAR,DRY,DAYLIGHT,NO CONTROLS,NONE DETECTED,Yes,NO APPARENT INJURY,NOT DISTRACTED,MD,PASSENGER CAR,35,2018,ACURA,ILX
MCP3230006S,250015996,MONTGOMERY,Injury Crash,04-12-25 17:38,County Route,DAUPHINE ST,RALPH RD,Angle,Clear,Dry,Daylight,Stop Sign,"Not Suspect of Alcohol Use, Not Suspect of Drug Use",No,No Apparent Injury,Not Distracted,MD,Passenger Car,25,2018,HONDA,ACCORD
MCP285900B3,210026650,Montgomery County Police,Injury Crash,07-11-21 12:50,Maryland (State),S FREDERICK RD,N WESTLAND DR,STRAIGHT MOVEMENT ANGLE,CLEAR,DRY,DAYLIGHT,TRAFFIC SIGNAL,,Yes,NO APPARENT INJURY,NOT DISTRACTED,MD,PASSENGER CAR,25,2014,BUICK,4D
MCP2754000W,16038621,Montgomery County Police,Injury Crash,07/30/2016 08:50:00 PM,Interstate (State),CAPITAL BELTWAY,RAMP 7 FR IS 495 WB TO US 29 SB,SINGLE VEHICLE,RAINING,WET,DARK -- UNKNOWN LIGHTING,NO CONTROLS,NONE DETECTED,Yes,POSSIBLE INJURY,UNKNOWN,NJ,PASSENGER CAR,55,2007,HONDA,CIVIC
MCP34120019,240061323,MONTGOMERY,Injury Crash,12/23/2024 03:15:00 PM,,,,Single Vehicle,Clear,,Daylight,,"Not Suspect of Alcohol Use, Not Suspect of Drug Use",Yes,Possible Injury,"Other Action (looking away from task, etc.)",NY,Passenger Car,0,2005,FORD,E-350
MCP30790067,240012472,MONTGOMERY,Injury Crash,03/15/2024 01:02:00 PM,County Route,OBSERVATION DR (SB/L),,Front to Front,Clear,Dry,Daylight,No Controls,"Not Suspect of Alcohol Use, Not Suspect of Drug Use",Yes,Suspected Minor Injury,Not Distracted,MD,Passenger Car,30,2023,MAZDA,CX-30
MCP25520034,190029356,Montgomery County Police,Property Damage Crash,06/19/2019 04:02:00 PM,Maryland (State),NORBECK RD,FIRST ST SPUR,SAME DIR REAR END,CLEAR,DRY,DAYLIGHT,,UNKNOWN,Yes,NO APPARENT INJURY,UNKNOWN,MD,(SPORT) UTILITY VEHICLE,40,2013,DODGE,DURANGO
MCP26150039,190058015,Montgomery County Police,Property Damage Crash,12-02-19 15:21,County,OLD COLUMBIA PIKE,SPENCERVILLE CT,SAME DIR REAR END,RAINING,WET,DAYLIGHT,NO CONTROLS,NONE DETECTED,No,NO APPARENT INJURY,NOT DISTRACTED,MD,PASSENGER CAR,40,2011,TOYOTA,CAMRY
MCP2239000G,16003311,Montgomery County Police,Property Damage Crash,01/18/2016 02:56:00 PM,County,TUCKERMAN LA,GAINSBOROUGH RD,STRAIGHT MOVEMENT ANGLE,CLEAR,DRY,DAYLIGHT,TRAFFIC SIGNAL,,No,NO APPARENT INJURY,NOT DISTRACTED,MD,PASSENGER CAR,35,2010,HONDA,CRV
MCP9379002B,190023266,Montgomery County Police,Property Damage Crash,05/17/2019 07:01:00 AM,Municipality,REDLAND BLVD,ELMCROFT BLVD,SAME DIR REAR END,CLEAR,DRY,DAYLIGHT,NO CONTROLS,,Yes,NO APPARENT INJURY,NOT DISTRACTED,MD,PASSENGER CAR,30,2014,HOND,ACCORD
MCP2437005H,240018321,MONTGOMERY,Property Damage Crash,04/19/2024 02:00:00 PM,County Route,PLATINUM DR,,"Sideswipe, Same Direction",Rain,Wet,Daylight,No Controls,"Not Suspect of Alcohol Use, Not Suspect of Drug Use",No,No Apparent Injury,Not Distracted,MD,Sport Utility Vehicle,25,2022,KIA,TELLURIDE
EJ786600F3,240023004,GAITHERSBURG,Injury Crash,05/15/2024 06:24:00 PM,Municipality Route,RUSSELL AVE (SB/L),MONTGOMERY VILLAGE AVE (SB/L),Rear To Side,Cloudy,Dry,Daylight,Traffic Control Signal,"Not Suspect of Alcohol Use, Not Suspect of Drug Use",No,No Apparent Injury,Not Distracted,MD,Passenger Car,30,2005,HONDA,CIVIC
MCP137800WJ,210006255,Montgomery County Police,Injury Crash,02/17/2021 03:37:00 PM,Municipality,RUSSELL AVE,LAKE FOREST BLVD,STRAIGHT MOVEMENT ANGLE,CLEAR,DRY,DAYLIGHT,TRAFFIC SIGNAL,NONE DETECTED,No,SUSPECTED MINOR INJURY,NOT DISTRACTED,MD,(SPORT) UTILITY VEHICLE,30,2013,MAZD,CX5
MCP3296000Z,210048763,Montgomery County Police,Property Damage Crash,12-01-21 12:53,,,,SAME DIRECTION SIDESWIPE,CLEAR,,DAYLIGHT,NO CONTROLS,UNKNOWN,Yes,NO APPARENT INJURY,UNKNOWN,,PASSENGER CAR,0,2017,TOYOTA,RAV4
MCP2852000T,15062058,MONTGOMERY,Property Damage Crash,12-04-15 22:27,,,,OTHER,CLEAR,,DARK NO LIGHTS,NO CONTROLS,,Yes,NO APPARENT INJURY,LOOKED BUT DID NOT SEE,MD,PASSENGER CAR,0,2005,MAZD,TK
MCP1119002P,16039655,Montgomery County Police,Property Damage Crash,08-05-16 14:25,County,RANDOLPH RD,GEORGIA AVE,OTHER,CLOUDY,DRY,DAYLIGHT,TRAFFIC SIGNAL,NONE DETECTED,No,NO APPARENT INJURY,NOT DISTRACTED,MD,SCHOOL BUS,35,2005,THOMAS,BUS
EJ7878004B,220019446,Gaithersburg Police Depar,Property Damage Crash,05-07-22 15:30,Maryland (State),MONTGOMERY VILLAGE AVE,RUSSELL AVE,OTHER,RAINING,WET,DAYLIGHT,NO CONTROLS,,No,NO APPARENT INJURY,NOT DISTRACTED,MD,PASSENGER CAR,35,2018,TOYT,UT
MCP31930075,250049912,MONTGOMERY,Injury Crash,11-06-25 17:35,County Route,,KEMP MILL RD,Front to Front,Clear,Dry,Dark - Lighted,Traffic Control Signal,"Not Suspect of Alcohol Use, Not Suspect of Drug Use",Yes,Suspected Minor Injury,Unknown,MD,Passenger Car,30,2018,HONDA,CR-V
MCP3084003J,190061089,Montgomery County Police,Property Damage Crash,12/19/2019 08:05:00 AM,County,ROCKLEDGE DR,ROCK FOREST DR  (PROPOSED),SAME DIR REAR END,CLEAR,DRY,DAYLIGHT,NO CONTROLS,NONE DETECTED,Yes,NO APPARENT INJURY,LOOKED BUT DID NOT SEE,MD,PASSENGER CAR,35,2007,LINCOLN,NAVIGATOR
MCP31330050,230067539,Montgomery County Police,Property Damage Crash,11/21/2023 05:51:00 AM,Maryland (State),NEW HAMPSHIRE AVE,RANDOLPH RD,HEAD ON LEFT TURN,CLEAR,DRY,DARK LIGHTS ON,NO CONTROLS,NONE DETECTED,No,NO APPARENT INJURY,NOT DISTRACTED,MD,PASSENGER CAR,40,2018,HYUNDAI,TUCSON
MCP2965002Y,180008587,Montgomery County Police,Property Damage Crash,02/19/2018 07:32:00 AM,Maryland (State),NEW HAMPSHIRE AVE,BONIFANT RD,HEAD ON LEFT TURN,RAINING,WET,DAYLIGHT,TRAFFIC SIGNAL,NONE DETECTED,Yes,NO APPARENT INJURY,NOT DISTRACTED,MD,PASSENGER CAR,35,2017,FORD,TRUCK
EJ7879001W,210045815,Gaithersburg Police Depar,Property Damage Crash,11-12-21 3:57,Maryland (State),S FREDERICK RD,FAIRBANKS BLVD,SINGLE VEHICLE,RAINING,WET,DARK LIGHTS ON,NO CONTROLS,NONE DETECTED,Yes,NO APPARENT INJURY,NOT DISTRACTED,MD,PASSENGER CAR,35,2003,JEEP,CHEROKKE
MCP33560024,240041461,MONTGOMERY,Injury Crash,09-01-24 20:32,County Route,AIRCRAFT DR,,Angle,Clear,Dry,Dark - Lighted,Traffic Control Signal,"Not Suspect of Alcohol Use, Not Suspect of Drug Use",No,No Apparent Injury,Unknown,MD,Passenger Car,45,2014,FORD,ESCAPE