Report Number,Local Case Number,Agency Name,ACRS Report Type,Crash Date/Time,Route Type,Road Name,Cross-Street Name,Collision Type,Weather,Surface Condition,Light,Traffic Control,Driver Substance Abuse,Driver At Fault,Injury Severity,Driver Distracted By,Drivers License State,Vehicle Body Type,Speed Limit,Vehicle Year,Vehicle Make,Vehicle Model
MCP23110024,16017059,Montgomery County Police,Property Damage Crash,04-07-16 22:20,County,MONTGOMERY VILLAGE AVE,WALKERS CHOICE RD,SAME DIR REAR END,CLEAR,DRY,DARK LIGHTS ON,,,No,NO APPARENT INJURY,NOT DISTRACTED,MD,PASSENGER CAR,35,2006,TOYT,4S
MCP29140064,180001881,Montgomery County Police,Injury Crash,01-12-18 15:58,Maryland (State),NEW HAMPSHIRE AVE,CRESTHAVEN DR,OTHER,CLOUDY,WET,DAYLIGHT,NO CONTROLS,,No,NO APPARENT INJURY,NOT DISTRACTED,MD,PASSENGER CAR,40,2013,JEEP,CHEROKEE
EJ78760076,250018234,GAITHERSBURG,Injury Crash,04/26/2025 11:20:00 PM,Maryland (State) Route,GREAT SENECA HWY,ORCHARD RIDGE DR,Angle,Clear,Dry,Dark - Lighted,Traffic Control Signal,"Not Suspect of Alcohol Use, Not Suspect of Drug Use",No,Suspected Minor Injury,Not Distracted,MD,Passenger Car,35,2012,NISSAN,ROGUE
MCP2824001Y,16022563,Montgomery County Police,Property Damage Crash,05-06-16 23:22,County,QUINCE ORCHARD RD,TURLEY DR,SINGLE VEHICLE,RAINING,WET,DARK LIGHTS ON,NO CONTROLS,,Yes,NO APPARENT INJURY,NOT DISTRACTED,MD,PASSENGER CAR,40,2011,TOYOTA,4DR
MCP3086005J,210016375,Montgomery County Police,Property Damage Crash,05-02-21 11:45,Maryland (State),MONTGOMERY VILLAGE AVE,RUSSELL AVE,SAME DIR REAR END,CLEAR,DRY,DAYLIGHT,TRAFFIC SIGNAL,NONE DETECTED,No,NO APPARENT INJURY,NOT DISTRACTED,TN,PASSENGER CAR,35,2004,BMW,3 SERIES
EJ7781003J,220041736,Gaithersburg Police Depar,Property Damage Crash,09/25/2022 11:20:00 AM,Maryland (State),FREDERICK RD,CHESTNUT ST,HEAD ON LEFT TURN,CLOUDY,DRY,DAYLIGHT,TRAFFIC SIGNAL,NONE DETECTED,No,NO APPARENT INJURY,NOT DISTRACTED,MD,PASSENGER CAR,30,2015,HONDA,CIVIC
EJ7872001P,220052947,Gaithersburg Police Depar,Property Damage Crash,12-01-22 0:10,Maryland (State),MONTGOMERY VILLAGE AVE,FREDERICK RD,SAME DIR REAR END,,,DARK LIGHTS ON,TRAFFIC SIGNAL,ALCOHOL PRESENT,Yes,NO APPARENT INJURY,NOT DISTRACTED,MD,PASSENGER CAR,35,2012,KIA,VAN
MCP91300012,15010559,Montgomery County Police,Injury Crash,03-07-15 11:03,Maryland (State),UNIVERSITY BLVD E,E FRANKLIN AVE,STRAIGHT MOVEMENT ANGLE,CLEAR,WET,DAYLIGHT,TRAFFIC SIGNAL,NONE DETECTED,No,NO APPARENT INJURY,NOT DISTRACTED,MD,(SPORT) UTILITY VEHICLE,40,2007,CHEVROLET,HHR
MCP2162005R,250055818,MONTGOMERY,Property Damage Crash,12/13/2025 05:15:00 PM,County Route,NICHOLSON LA,,Angle,Clear,Dry,Dark - Lighted,No Controls,"Not Suspect of Alcohol Use, Not Suspect of Drug Use",No,No Apparent Injury,Not Distracted,MD,Passenger Car,35,2021,HONDA,CIVIC
MCP25340049,220029556,Montgomery County Police,Injury Crash,07-10-22 2:40,Maryland (State),GEORGIA AVE,CONNECTICUT AVE,SAME DIR REAR END,CLEAR,DRY,DARK LIGHTS ON,TRAFFIC SIGNAL,NONE DETECTED,No,POSSIBLE INJURY,NOT DISTRACTED,MD,PASSENGER CAR,45,2017,TOYOTA,CAMRY
MCP1334004D,16053932,Montgomery County Police,Injury Crash,10/20/2016 05:31:00 AM,County,SNOUFFERS SCHOOL RD,CENTERWAY RD,ANGLE MEETS RIGHT TURN,CLOUDY,DRY,DARK LIGHTS ON,TRAFFIC SIGNAL,NONE DETECTED,Yes,SUSPECTED MINOR INJURY,NOT DISTRACTED,MD,PASSENGER CAR,40,2015,TOYOTA,YARIS
MCP2869003H,190028087,Montgomery County Police,Property Damage Crash,06-12-19 17:55,County,VEIRS MILL RD,SAMPSON RD,SAME DIR REAR END,,,DAYLIGHT,TRAFFIC SIGNAL,,No,NO APPARENT INJURY,NOT DISTRACTED,MD,PASSENGER CAR,35,2017,NISS,4S
MCP1550001T,15065798,MONTGOMERY,Injury Crash,12/23/2015 05:25:00 PM,Municipality,FREDERICK AVE,KENSINGTON PKWY,OTHER,RAINING,WET,DARK LIGHTS ON,NO CONTROLS,NONE DETECTED,Yes,NO APPARENT INJURY,NOT DISTRACTED,MD,PASSENGER CAR,25,2007,DODGE,VAN
MCP20590078,220028084,Montgomery County Police,Property Damage Crash,06/30/2022 08:13:00 AM,Maryland (State),UNIVERSITY BLVD W,SLIGO CREEK PKWY,STRAIGHT MOVEMENT ANGLE,CLEAR,DRY,DAYLIGHT,TRAFFIC SIGNAL,NONE DETECTED,No,NO APPARENT INJURY,NOT DISTRACTED,MD,PASSENGER CAR,35,2018,HYUN,SD
MCP1378011Y,220037713,Montgomery County Police,Injury Crash,08/31/2022 02:37:00 PM,,,,STRAIGHT MOVEMENT ANGLE,CLOUDY,,DAYLIGHT,NO CONTROLS,UNKNOWN,Yes,NO APPARENT INJURY,UNKNOWN,MD,VAN,10,2021,NISSAN,NV200
MCP29080024,17010158,Montgomery County Police,Property Damage Crash,02/25/2017 09:29:00 AM,Maryland (State),UNIVERSITY BLVD E,RAMP 6 FR IS 495 EB TO MD 193 SB,SAME DIRECTION LEFT TURN,CLEAR,DRY,DAYLIGHT,NO CONTROLS,NONE DETECTED,Yes,NO APPARENT INJURY,LOOKED BUT DID NOT SEE,VA,PASSENGER CAR,40,2004,HONDA,CRV
MCP3033001G,170533598,Montgomery County Police,Property Damage Crash,09/28/2017 10:49:00 AM,US (State),COLUMBIA PIKE,GREENCASTLE RD,SAME DIR REAR END,CLEAR,DRY,DAYLIGHT,NO CONTROLS,,No,NO APPARENT INJURY,NOT DISTRACTED,MD,PASSENGER CAR,50,2016,FORD,FUSION
DD5575002F,220038427,Rockville Police Departme,Property Damage Crash,09-04-22 23:48,Municipality,PINNEBERG AVE,TWINBROOK PKWY,STRAIGHT MOVEMENT ANGLE,CLEAR,DRY,DARK LIGHTS ON,NO CONTROLS,NONE DETECTED,No,NO APPARENT INJURY,NOT DISTRACTED,MD,PASSENGER CAR,25,2019,FORD,FIESTA
DD5615003X,170522321,Rockville Police Departme,Property Damage Crash,08-01-17 14:15,Maryland (State),NORBECK RD,AVERY RD,STRAIGHT MOVEMENT ANGLE,CLEAR,DRY,DAYLIGHT,TRAFFIC SIGNAL,NONE DETECTED,No,NO APPARENT INJURY,NOT DISTRACTED,MD,PASSENGER CAR,45,2011,TOYOTA,PRIUS
MCP2617006X,190005218,Montgomery County Police,Property Damage Crash,02-02-19 8:40,Maryland (State),VEIRS MILL RD,NEWPORT MILL RD,STRAIGHT MOVEMENT ANGLE,CLEAR,WET,DAYLIGHT,TRAFFIC SIGNAL,NONE DETECTED,No,NO APPARENT INJURY,NOT DISTRACTED,MD,PASSENGER CAR,25,2003,TOYOTA,4RUNNER
MCP3457001L,250050414,MONTGOMERY,Property Damage Crash,11-10-25 0:23,County Route,E RANDOLPH RD,,Single Vehicle,Cloudy,Wet,Dark - Lighted,No Controls,"Not Suspect of Alcohol Use, Not Suspect of Drug Use",No,No Apparent Injury,Not Distracted,DC,Sport Utility Vehicle,45,2003,CHEVROLET,TAHOE
MCP2739003W,21002836,Montgomery County Police,Property Damage Crash,01/22/2021 10:56:00 PM,Maryland (State),NEW HAMPSHIRE AVE,ELTON RD,STRAIGHT MOVEMENT ANGLE,CLEAR,DRY,DARK LIGHTS ON,TRAFFIC SIGNAL,ALCOHOL PRESENT,Yes,NO APPARENT INJURY,UNKNOWN,MD,PASSENGER CAR,40,2004,HONDA,CIVIC
MCP3319003P,250028932,MONTGOMERY,Injury Crash,06/29/2025 10:36:00 AM,Maryland (State) Route,GEORGIA AVE (SB/L),,Front to Rear,Clear,Dry,Daylight,Traffic Control Signal,"Not Suspect of Alcohol Use, Not Suspect of Drug Use",No,Suspected Minor Injury,Not Distracted,MD,Moped Or motorized bicycle,30,2024,ZHONGXING,ZXGS-50E
MCP25880071,200018953,Montgomery County Police,Property Damage Crash,05-10-20 10:42,County,GAINES AVE,MERTON RD,STRAIGHT MOVEMENT ANGLE,CLEAR,DRY,DAYLIGHT,,NONE DETECTED,No,NO APPARENT INJURY,UNKNOWN,MD,VAN,25,2017,DODGE,RAM
MCP2959001Z,16052632,Montgomery County Police,Property Damage Crash,10/13/2016 11:31:00 AM,Maryland (State),GEORGIA AVE,BLUERIDGE AVE,SAME DIRECTION SIDESWIPE,CLEAR,DRY,DAYLIGHT,TRAFFIC SIGNAL,NONE DETECTED,Yes,NO APPARENT INJURY,LOOKED BUT DID NOT SEE,MD,PASSENGER CAR,40,2007,NISSAN,ALTIMA
MCP003600CS,200002497,Montgomery County Police,Injury Crash,01/15/2020 01:55:00 PM,County,CLARKSBURG RD,TANNERY RIDGE DR,STRAIGHT MOVEMENT ANGLE,CLEAR,DRY,DAYLIGHT,STOP SIGN,NONE DETECTED,Yes,POSSIBLE INJURY,LOOKED BUT DID NOT SEE,MD,PASSENGER CAR,30,2013,FORD,FUSION
MCP3225003N,230009373,Montgomery County Police,Injury Crash,02/24/2023 06:13:00 PM,Maryland (State),VEIRS MILL RD,RANDOLPH RD,SAME DIRECTION SIDESWIPE,,DRY,DUSK,,NONE DETECTED,No,POSSIBLE INJURY,NOT DISTRACTED,MD,PASSENGER CAR,35,2019,HOND,HRV
MCP2411009F,220047377,Montgomery County Police,Injury Crash,10/28/2022 01:49:00 PM,Maryland (State),ROCKVILLE PIKE,BOU AVE,SAME DIR REAR END,CLEAR,DRY,DAYLIGHT,TRAFFIC SIGNAL,NONE DETECTED,No,SUSPECTED MINOR INJURY,NOT DISTRACTED,MD,PICKUP TRUCK,40,2019,FORD,TK
MCP115100BX,200010511,Montgomery County Police,Injury Crash,03-03-20 7:10,Maryland (State),CLOPPER RD,WARING STATION RD,SAME DIR REAR END,CLEAR,WET,DAYLIGHT,NO CONTROLS,NONE DETECTED,No,NO APPARENT INJURY,NOT DISTRACTED,MD,PASSENGER CAR,40,2003,HOND,ACCORD
MCP1174001H,16023352,Montgomery County Police,Property Damage Crash,05-11-16 11:04,County,MOORLAND LA,CLARENDON RD,HEAD ON,CLEAR,DRY,DAYLIGHT,NO CONTROLS,NONE DETECTED,Yes,NO APPARENT INJURY,LOOKED BUT DID NOT SEE,MD,LOW SPEED VEHICLE,25,2016,FREIGHTLINER,TRUCK
MCP3255005Z,240042851,MONTGOMERY,Injury Crash,09-09-24 18:30,Ramp,RAMP 1 FR IS 270 NB TO SHADY GROVE RD WB,SHADY GROVE RD,Rear To Side,Clear,Dry,Daylight,Traffic Control Signal,"Not Suspect of Alcohol Use, Not Suspect of Drug Use",Yes,No Apparent Injury,Unknown,MD,Passenger Car,40,2013,CHEVROLET,EQUINOX
MCP3290003N,240050175,MONTGOMERY,Injury Crash,10/20/2024 01:57:00 PM,Local Route,SILVER SPRING AVE,,Single Vehicle,Clear,Dry,Daylight,Traffic Control Signal,"Not Suspect of Alcohol Use, Not Suspect of Drug Use",No,No Apparent Injury,Not Distracted,MD,Sport Utility Vehicle,35,2025,HONDA,CR-V
MCP2723005T,210038021,Montgomery County Police,Property Damage Crash,09/25/2021 08:30:00 PM,County,RANDOLPH RD,VEIRS MILL RD,STRAIGHT MOVEMENT ANGLE,CLEAR,DRY,DARK LIGHTS ON,TRAFFIC SIGNAL,NONE DETECTED,No,NO APPARENT INJURY,UNKNOWN,MD,PASSENGER CAR,45,2013,TOYOTA,SIENNA
DM85030015,230069170,Takoma Park Police Depart,Injury Crash,11/30/2023 05:18:00 PM,Municipality,POPLAR AVE,4TH AVE,OTHER,CLEAR,DRY,DARK LIGHTS ON,,,Unknown,NO APPARENT INJURY,UNKNOWN,MD,PASSENGER CAR,5,2009,HONDA,CIVIC
MCP3232003Y,230034600,Montgomery County Police,Property Damage Crash,07/20/2023 04:03:00 PM,Maryland (State),NEW HAMPSHIRE AVE,RANDOLPH RD,SAME DIR REAR END,CLEAR,DRY,DAYLIGHT,TRAFFIC SIGNAL,NONE DETECTED,Yes,NO APPARENT INJURY,NOT DISTRACTED,MD,(SPORT) UTILITY VEHICLE,40,2016,TOYOTA,RAV 4
MCP2931002R,180041436,Montgomery County Police,Property Damage Crash,08/20/2018 05:07:00 PM,Other Public Roadway,MONTROSE RD,MONTROSE PKWY,SAME DIR REAR END,CLOUDY,DRY,DAYLIGHT,TRAFFIC SIGNAL,,Yes,NO APPARENT INJURY,UNKNOWN,MD,PASSENGER CAR,40,2001,HONDA,CIVIC
EJ7876000T,190030360,Gaithersburg Police Depar,Property Damage Crash,06/25/2019 05:00:00 PM,,,,OTHER,CLEAR,,DAYLIGHT,NO CONTROLS,ILLEGAL DRUG CONTRIBUTED,Yes,NO APPARENT INJURY,SMOKING RELATED,MD,PASSENGER CAR,10,2019,NISSAN,SENTRA
MCP3348001D,230064373,Montgomery County Police,Injury Crash,11-04-23 12:30,Maryland (State),VEIRS MILL RD,ASPEN HILL RD,SAME DIR REAR END,CLEAR,DRY,DAYLIGHT,,NONE DETECTED,Unknown,POSSIBLE INJURY,NOT DISTRACTED,MD,VAN,45,2012,HOND,VN
MCP24220022,170510993,Montgomery County Police,Injury Crash,05/31/2017 09:18:00 PM,County,LOST KNIFE RD,CONTOUR RD,STRAIGHT MOVEMENT ANGLE,,,DARK LIGHTS ON,,NONE DETECTED,No,POSSIBLE INJURY,NOT DISTRACTED,MD,PASSENGER CAR,30,2003,TOYT,4S
MCP27600066,240061043,MONTGOMERY,Injury Crash,12/21/2024 04:20:00 PM,County Route,BRINK RD,,Other,Clear,Dry,Daylight,No Controls,"Not Suspect of Alcohol Use, Not Suspect of Drug Use",Yes,No Apparent Injury,Unknown,GA,Van - Passenger (&lt;9 Seats),35,2018,TOYOTA,SIENNA
MCP2666003H,190054651,Montgomery County Police,Property Damage Crash,11/13/2019 07:05:00 AM,US (State),COLESVILLE RD,CRESTMOOR DR,SAME DIR REAR END,CLEAR,DRY,DAYLIGHT,NO CONTROLS,NONE DETECTED,No,NO APPARENT INJURY,NOT DISTRACTED,MD,"MEDIUM/HEAVY TRUCKS 3 AXLES (OVER 10,000LBS (4,536KG))",40,2017,MACK,TK
MCP25690013,180048366,Montgomery County Police,Property Damage Crash,09/27/2018 07:26:00 PM,County,TUCKERMAN LA,ARROYO DR,SAME DIR REAR END,RAINING,WET,DARK LIGHTS ON,,NONE DETECTED,No,NO APPARENT INJURY,NOT DISTRACTED,MD,PASSENGER CAR,35,2005,HOND,4S
MCP2291008Y,250038891,MONTGOMERY,Injury Crash,08/30/2025 06:05:00 PM,Maryland (State) Route,ROCKVILLE PIKE,,Front to Rear,Clear,Dry,Daylight,No Controls,"Not Suspect of Alcohol Use, Not Suspect of Drug Use",No,Possible Injury,Not Distracted,MD,Sport Utility Vehicle,35,2013,HONDA,ODYSSEY
MCP2892009R,210031909,Montgomery County Police,Property Damage Crash,08/16/2021 05:32:00 PM,Maryland (State),16TH ST,GRACE CHURCH RD,STRAIGHT MOVEMENT ANGLE,RAINING,WET,DAYLIGHT,NO CONTROLS,UNKNOWN,Yes,NO APPARENT INJURY,UNKNOWN,,UNKNOWN,35,0,UNKNOWN,UNKNOWN
DD5651004D,240001186,ROCKVILLE,Property Damage Crash,01-08-24 15:01,Maryland (State) Route,W MONTGOMERY AVE,,"Sideswipe, Same Direction",Clear,Dry,Daylight,No Controls,"Not Suspect of Alcohol Use, Not Suspect of Drug Use",No,No Apparent Injury,Not Distracted,VA,Passenger Car,45,2022,CHEVROLET,EQUINOX
MCP2388001X,250026991,MONTGOMERY,Property Damage Crash,06/17/2025 11:10:00 AM,County Route,SHADY GROVE RD (SB/L),,Front to Rear,Clear,Dry,Daylight,Traffic Control Signal,"Unknown, Unknown",No,,,,Unknown,40,0,,
MCP33390015,230001883,Montgomery County Police,Injury Crash,01-12-23 13:31,Maryland (State),CONNECTICUT AVE,JEFFRY ST,SAME DIRECTION SIDESWIPE,CLOUDY,DRY,DAYLIGHT,NO CONTROLS,NONE DETECTED,No,NO APPARENT INJURY,NOT DISTRACTED,MD,PASSENGER CAR,35,2020,NISSAN,VERSA
MCP9128000Y,170503286,Montgomery County Police,Injury Crash,04/21/2017 07:55:00 AM,County,BEL PRE RD,ENT TO APARTMENTS,STRAIGHT MOVEMENT ANGLE,CLOUDY,WET,DAYLIGHT,NO CONTROLS,NONE DETECTED,No,POSSIBLE INJURY,NOT DISTRACTED,MD,(SPORT) UTILITY VEHICLE,35,2000,TOYOTA,RAV4
MCP31910011,190034053,Montgomery County Police,Injury Crash,07/18/2019 06:47:00 AM,County,VEIRS MILL RD,VEIRS MILL RD,SAME DIR REAR END,CLEAR,DRY,DAYLIGHT,NO CONTROLS,NONE DETECTED,Yes,NO APPARENT INJURY,NOT DISTRACTED,MD,PASSENGER CAR,40,2004,CHEVROLET,TK
MCP3259002X,230005614,Montgomery County Police,Injury Crash,02-03-23 15:26,County,SHADY GROVE RD,RAMP 5 FR IS 270 SB TO SHADY GROVE RD,HEAD ON LEFT TURN,CLEAR,DRY,DAYLIGHT,TRAFFIC SIGNAL,NONE DETECTED,Unknown,NO APPARENT INJURY,UNKNOWN,SC,PASSENGER CAR,40,2019,CHEV,EQUINOX
MCP2799001Q,16030255,Montgomery County Police,Property Damage Crash,06/15/2016 03:42:00 PM,Maryland (State),GEORGIA AVE,SPUR TO/FR THISTLEBRIDGE DR,SAME DIR REAR END,CLEAR,DRY,DAYLIGHT,NO CONTROLS,NONE DETECTED,Yes,NO APPARENT INJURY,LOOKED BUT DID NOT SEE,VA,PASSENGER CAR,50,2015,TOYT,CAMRY
MCP302600DD,240058515,MONTGOMERY,Property Damage Crash,12-07-24 10:10,Ramp,RAMP 6 FR IS 495 EB TO MD 187 SB,,Front to Rear,Clear,Dry,Daylight,Yield Sign,"Not Suspect of Alcohol Use, Not Suspect of Drug Use",No,No Apparent Injury,Not Distracted,DC,Passenger Car,35,2015,BMW,X5
MCP3450001G,250045127,MONTGOMERY,Property Damage Crash,10-07-25 17:55,County Route,BROADBIRCH DR,,Front to Front,Clear,Dry,Daylight,Stop Sign,"Not Suspect of Alcohol Use, Not Suspect of Drug Use",Yes,No Apparent Injury,Unknown,MD,Sport Utility Vehicle,30,2020,FORD,ESCAPE
MCP2256000F,15016546,Montgomery County Police,Injury Crash,04-10-15 7:36,Maryland (State),OLD HUNDRED RD,RAMP 6 FR MD 109 EB TO IS 270 SB,HEAD ON LEFT TURN,CLOUDY,WET,DAYLIGHT,NO CONTROLS,NONE DETECTED,No,POSSIBLE INJURY,NOT DISTRACTED,MD,(SPORT) UTILITY VEHICLE,45,1990,TOYOTA,4 RUNNER
DD55820029,210044302,Rockville Police Departme,Property Damage Crash,11-02-21 13:10,Maryland (State),W MONTGOMERY AVE,RAMP 1 FR IS 270 NB TO MD 28 WB,SINGLE VEHICLE,RAINING,WET,DAYLIGHT,NO CONTROLS,,No,NO APPARENT INJURY,NOT DISTRACTED,MD,(SPORT) UTILITY VEHICLE,45,2002,FORD,EPLORER
MCP93840001,170502010,Montgomery County Police,Property Damage Crash,04/13/2017 09:42:00 PM,Maryland (State),EAST WEST HWY,ENT TO BUSINESS,SAME DIRECTION RIGHT TURN,CLEAR,DRY,DARK LIGHTS ON,,NONE DETECTED,No,NO APPARENT INJURY,NOT DISTRACTED,MD,TRANSIT BUS,30,2013,NEW FLYER,BUS
MCP30750054,250044258,MONTGOMERY,Property Damage Crash,10-02-25 1:55,Maryland (State) Route,CLOPPER RD,,Single Vehicle,Clear,Dry,Dark - Lighted,No Controls,"Not Suspect of Alcohol Use, Not Suspect of Drug Use",Yes,No Apparent Injury,,MD,Passenger Car,35,2011,HONDA,ACCORD
EJ78940018,220028147,Gaithersburg Police Depar,Property Damage Crash,06/30/2022 01:49:00 PM,Maryland (State),QUINCE ORCHARD RD,SIOUX LA,STRAIGHT MOVEMENT ANGLE,CLEAR,DRY,DAYLIGHT,TRAFFIC SIGNAL,NONE DETECTED,No,NO APPARENT INJURY,NOT DISTRACTED,MD,PASSENGER CAR,35,2005,HYUN,4S
MCP2582003B,20000518,Montgomery County Police,Injury Crash,02-02-20 23:27,County,BRIGGS CHANEY RD,HAROLD RD,OTHER,CLEAR,DRY,DARK LIGHTS ON,NO CONTROLS,UNKNOWN,Yes,NO APPARENT INJURY,NOT DISTRACTED,MD,PASSENGER CAR,35,1997,LEXUS,IS
MCP2082001M,190025410,Montgomery County Police,Property Damage Crash,05/20/2019 05:40:00 PM,Maryland (State),MIDCOUNTY HWY,GOSHEN RD,SAME DIR REAR END,,,DAYLIGHT,TRAFFIC SIGNAL,UNKNOWN,Yes,NO APPARENT INJURY,UNKNOWN,MD,PASSENGER CAR,45,2012,MERZ,ML350
MCP9130006F,180057734,Montgomery County Police,Property Damage Crash,11/17/2018 02:58:00 PM,County,POWDER MILL RD,KINLOCH RD,SAME DIRECTION LEFT TURN,CLEAR,DRY,DAYLIGHT,NO CONTROLS,NONE DETECTED,No,NO APPARENT INJURY,NOT DISTRACTED,MD,PASSENGER CAR,30,2005,LEXUS,ES330
MCP3063002P,200038488,Montgomery County Police,Property Damage Crash,09/30/2020 03:24:00 PM,Maryland (State),NEW HAMPSHIRE AVE,MILESTONE DR,STRAIGHT MOVEMENT ANGLE,CLEAR,DRY,DAYLIGHT,,NONE DETECTED,Yes,NO APPARENT INJURY,LOOKED BUT DID NOT SEE,MD,PASSENGER CAR,40,2002,TOYOTA,CAMRY
MCP28000024,15027983,Montgomery County Police,Property Damage Crash,06-09-15 15:50,County,RANDOLPH RD,HUNTERS LA,SAME DIR REAR END,CLEAR,DRY,DAYLIGHT,NO CONTROLS,NONE DETECTED,No,NO APPARENT INJURY,NOT DISTRACTED,MD,PASSENGER CAR,35,2003,LNDR,TK
MCP3233004N,240013025,MONTGOMERY,Property Damage Crash,03/18/2024 08:36:00 PM,County Route,QUEBEC ST,,"Sideswipe, Same Direction",Clear,Dry,Dark - Lighted,No Controls,"Not Suspect of Alcohol Use, Not Suspect of Drug Use",No,No Apparent Injury,Not Distracted,MD,Bus - Transit,15,2016,ZZKNOWN,UNKNOWN
MCP30190025,180053351,Montgomery County Police,Property Damage Crash,10/24/2018 07:51:00 PM,Government,SOUTH DR,ROCKVILLE PIKE,SAME DIR REAR END,,DRY,DARK LIGHTS ON,TRAFFIC SIGNAL,NONE DETECTED,Yes,NO APPARENT INJURY,INATTENTIVE OR LOST IN THOUGHT,MD,PASSENGER CAR,10,2005,HOND,TK
MCP1453007C,190022778,Montgomery County Police,Injury Crash,05/14/2019 05:46:00 PM,Maryland (State),OLNEY LAYTONSVILLE RD,BROOKEVILLE RD,STRAIGHT MOVEMENT ANGLE,CLEAR,DRY,DAYLIGHT,STOP SIGN,NONE DETECTED,No,POSSIBLE INJURY,NOT DISTRACTED,MD,PASSENGER CAR,50,2016,HONDA,ACCORD
MCP2270000B,220049659,Montgomery County Police,Property Damage Crash,11-10-22 12:00,Maryland (State),ROCKVILLE PIKE,POOKS HILL RD,SAME DIRECTION SIDESWIPE,CLEAR,DRY,DAYLIGHT,TRAFFIC SIGNAL,UNKNOWN,Yes,NO APPARENT INJURY,UNKNOWN,,"MEDIUM/HEAVY TRUCKS 3 AXLES (OVER 10,000LBS (4,536KG))",35,2003,MACK,TK
MCP2971001L,16038230,Montgomery County Police,Property Damage Crash,07/28/2016 05:04:00 PM,County,CHERRY HILL RD,BROADBIRCH DR,SAME DIR REAR END,RAINING,WET,DAYLIGHT,TRAFFIC SIGNAL,NONE DETECTED,No,NO APPARENT INJURY,NOT DISTRACTED,MD,PASSENGER CAR,35,2014,HYUNDAI,SONATA
MCP3264000J,200035339,Montgomery County Police,Injury Crash,09-09-20 13:05,County,FOREST GLEN RD,SEMINARY RD,OPPOSITE DIRECTION SIDESWIPE,CLEAR,DRY,DAYLIGHT,NO CONTROLS,NONE DETECTED,Unknown,NO APPARENT INJURY,LOOKED BUT DID NOT SEE,MD,PICKUP TRUCK,30,2014,FORD,TK
MCP3048002P,180007038,Montgomery County Police,Property Damage Crash,02-10-18 10:56,Maryland (State),ROCKVILLE PIKE,CEDAR CROFT DR,ANGLE MEETS RIGHT TURN,RAINING,WET,DAYLIGHT,STOP SIGN,NONE DETECTED,No,NO APPARENT INJURY,NOT DISTRACTED,MD,PASSENGER CAR,35,2017,HONDA,HRV
MCP3257001M,210012287,Montgomery County Police,Property Damage Crash,04-02-21 8:00,Maryland (State),CONNECTICUT AVE,W LENOX ST,SAME DIRECTION SIDESWIPE,CLEAR,DRY,DAYLIGHT,NO CONTROLS,NONE DETECTED,No,NO APPARENT INJURY,NOT DISTRACTED,MD,TRANSIT BUS,30,2014,TBU,NABI
MCP29690067,190012173,Montgomery County Police,Injury Crash,03/16/2019 12:25:00 PM,Maryland (State),OLNEY SANDY SPRING RD,BROOKE RD,OTHER,CLEAR,OTHER,DAYLIGHT,PERSON,NONE DETECTED,Yes,NO APPARENT INJURY,NOT DISTRACTED,MD,PICKUP TRUCK,30,2008,TOYOTA,TACOMA
MCP29140076,180036893,Montgomery County Police,Property Damage Crash,07/25/2018 06:02:00 PM,Maryland (State),NEW HAMPSHIRE AVE,ADELPHI RD,SAME DIR REAR END,RAINING,WET,DAYLIGHT,NO CONTROLS,,No,NO APPARENT INJURY,NOT DISTRACTED,DC,PASSENGER CAR,40,2012,TOYOTA,CAMRY
MCP2992000V,16039324,Montgomery County Police,Property Damage Crash,08-03-16 19:04,Maryland (State),GEORGIA AVE,HEATHFIELD RD,SAME DIR REAR END,CLEAR,DRY,DAYLIGHT,NO CONTROLS,NONE DETECTED,Yes,NO APPARENT INJURY,NOT DISTRACTED,MD,PASSENGER CAR,45,2013,HYANDAI,SONATA
MCP3270000M,200042121,Montgomery County Police,Injury Crash,10/25/2020 06:31:00 PM,County,BRIGGS CHANEY RD,ROBEY RD,STRAIGHT MOVEMENT ANGLE,RAINING,WET,DARK LIGHTS ON,NO CONTROLS,NONE DETECTED,Yes,NO APPARENT INJURY,INATTENTIVE OR LOST IN THOUGHT,IL,PASSENGER CAR,35,2004,NISSAN,MURANO
MCP2674000Q,180034165,Montgomery County Police,Property Damage Crash,07-10-18 23:11,Maryland (State),RIDGE RD,FREDERICK RD,SAME DIR REAR END,CLEAR,DRY,DARK LIGHTS ON,TRAFFIC SIGNAL,NONE DETECTED,No,NO APPARENT INJURY,NOT DISTRACTED,MD,PASSENGER CAR,40,2009,HONDA,ACCORD
MCP2627000S,15053866,MONTGOMERY,Property Damage Crash,10/23/2015 05:09:00 PM,Interstate (State),CAPITAL BELTWAY,BRADLEY BLVD,SAME DIR REAR END,CLEAR,DRY,DAYLIGHT,NO CONTROLS,NONE DETECTED,Yes,NO APPARENT INJURY,NOT DISTRACTED,MD,PASSENGER CAR,55,2007,FORD,TAURUS
MCP0040005Q,170501527,Montgomery County Police,Property Damage Crash,04-11-17 0:30,Maryland (State),BARNESVILLE RD,GANLEY RD,SINGLE VEHICLE,,DRY,DARK NO LIGHTS,,NONE DETECTED,No,NO APPARENT INJURY,NOT DISTRACTED,MD,PASSENGER CAR,40,2016,FORD,FUSION