Report Number,Local Case Number,Agency Name,ACRS Report Type,Crash Date/Time,Route Type,Road Name,Cross-Street Name,Collision Type,Weather,Surface Condition,Light,Traffic Control,Driver Substance Abuse,Driver At Fault,Injury Severity,Driver Distracted By,Drivers License State,Vehicle Body Type,Speed Limit,Vehicle Year,Vehicle Make,Vehicle Model
MCP23950028,220051722,Montgomery County Police,Injury Crash,11/22/2022 06:45:00 PM,Maryland (State),FREDERICK RD,KING FARM BLVD,HEAD ON LEFT TURN,CLEAR,DRY,DARK LIGHTS ON,TRAFFIC SIGNAL,NONE DETECTED,Yes,SUSPECTED MINOR INJURY,UNKNOWN,NY,PASSENGER CAR,40,2014,MERC,CLA250
DD55220049,190053575,Rockville Police Departme,Property Damage Crash,11-06-19 22:50,,,,OTHER,CLEAR,,DARK LIGHTS ON,NO CONTROLS,NONE DETECTED,Yes,NO APPARENT INJURY,INATTENTIVE OR LOST IN THOUGHT,MD,PASSENGER CAR,25,2013,HONDA,FIT
MCP24440010,15023266,Montgomery County Police,Property Damage Crash,05/15/2015 03:45:00 PM,County,NICHOLSON LA,ROCKVILLE PIKE,HEAD ON LEFT TURN,CLEAR,DRY,DAYLIGHT,NO CONTROLS,,Yes,NO APPARENT INJURY,NOT DISTRACTED,MD,PASSENGER CAR,35,2012,HONDA,ACCORD
MCP2989001F,190050108,Montgomery County Police,Property Damage Crash,10/18/2019 10:52:00 PM,Maryland (State),NEW HAMPSHIRE AVE,OAKVIEW DR,SAME DIR REAR END,,DRY,DARK NO LIGHTS,NO CONTROLS,,No,NO APPARENT INJURY,NOT DISTRACTED,MD,PASSENGER CAR,35,2007,NISS,SENTRA
MCP9419004M,230050680,Montgomery County Police,Property Damage Crash,08/22/2023 11:27:00 AM,Maryland (State),FREDERICK RD,SHADY GROVE RD,SAME DIR BOTH LEFT TURN,CLEAR,DRY,DAYLIGHT,TRAFFIC SIGNAL,NONE DETECTED,Unknown,NO APPARENT INJURY,NOT DISTRACTED,MD,PASSENGER CAR,40,2011,FORD,TK
MCP33950020,240040342,MONTGOMERY,Property Damage Crash,08/26/2024 11:52:00 AM,Maryland (State) Route,CONNECTICUT AVE (SB/L),,Front to Rear,Clear,Dry,Daylight,Flashing Traffic Control Signal,"Not Suspect of Alcohol Use, Not Suspect of Drug Use",Yes,No Apparent Injury,Not Distracted,MD,Passenger Car,35,2017,DODGE,CHALLENGER
MCP25860042,180024110,Montgomery County Police,Injury Crash,05/16/2018 06:35:00 PM,County,OLD COLUMBIA PIKE,BURTONSVILLE SCH ACCESS RD (AHEAD),OTHER,CLOUDY,DRY,DAYLIGHT,NO CONTROLS,NONE DETECTED,No,NO APPARENT INJURY,NOT DISTRACTED,MD,PASSENGER CAR,40,2015,HONDA,ACCORD
MCP2991005L,210029237,Montgomery County Police,Injury Crash,07/28/2021 11:51:00 AM,County,QUEEN ELIZABETH DR,HERITAGE HILLS DR,STRAIGHT MOVEMENT ANGLE,CLEAR,DRY,DAYLIGHT,STOP SIGN,NONE DETECTED,Unknown,NO APPARENT INJURY,NOT DISTRACTED,MD,PASSENGER CAR,15,2018,CHEV,4H
EJ7889001K,210043583,Gaithersburg Police Depar,Property Damage Crash,10/28/2021 07:15:00 PM,Maryland (State),FREDERICK RD,TRAVIS AVE,SAME DIR REAR END,CLEAR,DRY,DUSK,,NONE DETECTED,Yes,NO APPARENT INJURY,NOT DISTRACTED,MD,PASSENGER CAR,40,2013,TOYT,4S
MCP24110049,200002324,Montgomery County Police,Injury Crash,01/14/2020 12:48:00 PM,Municipality,GAITHER RD,KING FARM BLVD,SAME DIR REAR END,RAINING,WET,DAYLIGHT,TRAFFIC SIGNAL,NONE DETECTED,No,POSSIBLE INJURY,NOT DISTRACTED,DC,PASSENGER CAR,35,2012,NISSAN,ALTIMA
MCP29470018,15060598,MONTGOMERY,Property Damage Crash,11/27/2015 12:23:00 PM,Maryland (State),GEORGIA AVE,ASPEN HILL RD,SAME DIR REAR END,CLEAR,DRY,DAYLIGHT,TRAFFIC SIGNAL,NONE DETECTED,No,NO APPARENT INJURY,NOT DISTRACTED,MD,PASSENGER CAR,45,2005,TOYT,4S
MCP2278001T,170516443,Montgomery County Police,Property Damage Crash,06/29/2017 03:05:00 PM,Maryland (State),OLD GEORGETOWN RD,BEECH AVE,STRAIGHT MOVEMENT ANGLE,CLEAR,DRY,DAYLIGHT,TRAFFIC SIGNAL,NONE DETECTED,No,NO APPARENT INJURY,NOT DISTRACTED,MD,PASSENGER CAR,35,2014,MERZ,SU
EJ7826003N,180055326,Gaithersburg Police Depar,Injury Crash,11-04-18 13:55,Municipality,W DEER PARK RD,S FREDERICK RD,OTHER,CLEAR,DRY,DAYLIGHT,TRAFFIC SIGNAL,,No,NO APPARENT INJURY,LOOKED BUT DID NOT SEE,MD,VAN,25,2012,FORD,E350
MCP2365001P,200030352,Montgomery County Police,Property Damage Crash,08-05-20 8:23,County,BRIGGS CHANEY RD,ASTON MANOR DR,SAME DIRECTION SIDESWIPE,CLEAR,DRY,DAYLIGHT,NO CONTROLS,NONE DETECTED,Yes,NO APPARENT INJURY,NOT DISTRACTED,MD,PASSENGER CAR,35,2008,HYUN,4S
MCP1334003P,16020855,Montgomery County Police,Property Damage Crash,04/28/2016 06:57:00 AM,Maryland (State),CLOPPER RD,FIRSTFIELD RD,HEAD ON LEFT TURN,CLOUDY,DRY,DAYLIGHT,TRAFFIC SIGNAL,NONE DETECTED,No,NO APPARENT INJURY,NOT DISTRACTED,MD,PASSENGER CAR,35,2000,HONDA,ACCORD
MCP3070000R,19000001,Montgomery County Police,Injury Crash,12/31/2018 11:40:00 PM,County,EXECUTIVE BLVD,E JEFFERSON ST (AHEAD),HEAD ON LEFT TURN,RAINING,WET,DARK LIGHTS ON,TRAFFIC SIGNAL,,No,NO APPARENT INJURY,NOT DISTRACTED,MD,PASSENGER CAR,30,2016,MERCEDES,C300
MCP102200GC,220040669,Montgomery County Police,Property Damage Crash,09/19/2022 08:00:00 AM,Maryland (State),GEORGIA AVE,OLNEY SANDY SPRING RD,SAME DIRECTION SIDESWIPE,CLEAR,DRY,DAYLIGHT,TRAFFIC SIGNAL,NONE DETECTED,No,NO APPARENT INJURY,NOT DISTRACTED,MD,"MEDIUM/HEAVY TRUCKS 3 AXLES (OVER 10,000LBS (4,536KG))",30,2001,FREIGHTLINER,SWEEPER
MCP3352002F,240058380,MONTGOMERY,Injury Crash,12-06-24 14:30,,,,Angle,Clear,,Daylight,,"Not Suspect of Alcohol Use, Not Suspect of Drug Use",Yes,No Apparent Injury,Unknown,MD,Passenger Car,0,2015,HONDA,CR-V
MCP24690009,15001342,Montgomery County Police,Property Damage Crash,01-09-15 7:54,County,KARA LA,CANNON RD,HEAD ON,SNOW,SNOW,DAYLIGHT,,NONE DETECTED,No,NO APPARENT INJURY,NOT DISTRACTED,MD,PASSENGER CAR,25,2012,NISSAN,ALTIMA
MCP3080004Q,240025103,MONTGOMERY,Property Damage Crash,05/25/2024 07:10:00 PM,Bicycle Route,,,"Sideswipe, Same Direction",Clear,Dry,Daylight,No Controls,"Not Suspect of Alcohol Use, Not Suspect of Drug Use",No,No Apparent Injury,Not Distracted,MD,Passenger Car,35,2016,MAZDA,MAZDA3
EJ7856000C,15023466,Gaithersburg Police Depar,Property Damage Crash,05/16/2015 01:01:00 PM,Maryland (State),FREDERICK RD,MONTGOMERY VILLAGE AVE,STRAIGHT MOVEMENT ANGLE,CLEAR,DRY,DAYLIGHT,TRAFFIC SIGNAL,,Yes,NO APPARENT INJURY,UNKNOWN,MD,(SPORT) UTILITY VEHICLE,35,2008,ACURA,ADX
MCP2981004F,250050172,MONTGOMERY,Injury Crash,11-08-25 1:46,Maryland (State) Route,UNIVERSITY BLVD W (WB/L),,Single Vehicle,Rain,Wet,Dark - Lighted,No Controls,"Suspect of Alcohol Use, Not Suspect of Drug Use",Yes,Suspected Serious Injury,Not Distracted,MD,Sport Utility Vehicle,35,2024,HYUNDAI,KONA
DD5653002C,230031137,Rockville Police Departme,Property Damage Crash,06/29/2023 07:04:00 PM,Maryland (State),E JEFFERSON ST,MARYLAND AVE,HEAD ON LEFT TURN,CLOUDY,DRY,DAYLIGHT,TRAFFIC SIGNAL,,No,NO APPARENT INJURY,NOT DISTRACTED,MD,PASSENGER CAR,30,2007,TOYOTA,YARIS
MCP1475000L,15047913,MONTGOMERY,Property Damage Crash,09/21/2015 08:47:00 PM,County,MONTGOMERY VILLAGE AVE,WALKERS CHOICE RD,STRAIGHT MOVEMENT ANGLE,RAINING,WET,DARK LIGHTS ON,TRAFFIC SIGNAL,,No,NO APPARENT INJURY,NOT DISTRACTED,MD,(SPORT) UTILITY VEHICLE,35,2011,TOYOTA,TRUCK
EJ7893000K,220009774,Gaithersburg Police Depar,Property Damage Crash,03-07-22 10:48,Maryland (State),S FREDERICK RD,PEONY DR,STRAIGHT MOVEMENT ANGLE,CLEAR,DRY,DAYLIGHT,STOP SIGN,NONE DETECTED,Yes,NO APPARENT INJURY,LOOKED BUT DID NOT SEE,MD,PASSENGER CAR,30,2016,HOND,TK
MCP3079003M,210027031,Montgomery County Police,Injury Crash,07/13/2021 05:03:00 PM,County,FATHER HURLEY BLVD,WATERS LANDING DR,STRAIGHT MOVEMENT ANGLE,CLEAR,DRY,DAYLIGHT,TRAFFIC SIGNAL,NONE DETECTED,Unknown,POSSIBLE INJURY,UNKNOWN,MD,PASSENGER CAR,35,2018,DODGE,CHARGER
MCP2812002V,170551380,Montgomery County Police,Property Damage Crash,12/30/2017 05:28:00 PM,Maryland (State),16TH ST,COLESVILLE RD,SAME DIR REAR END,CLEAR,DRY,DARK LIGHTS ON,NO CONTROLS,,No,NO APPARENT INJURY,NOT DISTRACTED,MD,PASSENGER CAR,35,2016,CHRYSLER,200
EJ79030015,240040247,GAITHERSBURG,Property Damage Crash,08/25/2024 06:55:00 PM,Municipality Route,S SUMMIT AVE,,Angle,Clear,Dry,Daylight,Traffic Control Signal,"Not Suspect of Alcohol Use, Not Suspect of Drug Use",Yes,No Apparent Injury,Unknown,XX,Pickup,35,2013,CHEVROLET,SILVERADO
MCP2351001T,180004439,Montgomery County Police,Property Damage Crash,01/26/2018 10:46:00 AM,County,E GUDE DR,CALHOUN DR,SAME DIR REAR END,CLEAR,DRY,DAYLIGHT,TRAFFIC SIGNAL,NONE DETECTED,No,NO APPARENT INJURY,NOT DISTRACTED,MD,(SPORT) UTILITY VEHICLE,40,2006,HYUN,TK
MCP291700DN,240031556,MONTGOMERY,Property Damage Crash,07-04-24 13:40,Maryland (State) Route,UNIVERSITY BLVD W (WB/L),,Front to Rear,Clear,Dry,Daylight,No Controls,"Not Suspect of Alcohol Use, Not Suspect of Drug Use",No,No Apparent Injury,Not Distracted,MD,Passenger Car,35,2016,RAM,2500
DD56330017,190013796,Rockville Police Departme,Property Damage Crash,03/25/2019 06:30:00 PM,Maryland (State),NORBECK RD,BALTIMORE RD,SAME DIR REAR END,CLOUDY,DRY,DAYLIGHT,TRAFFIC SIGNAL,NONE DETECTED,Yes,NO APPARENT INJURY,NOT DISTRACTED,DC,PASSENGER CAR,40,2014,ACUR,MDX
MCP2450001S,180010418,Montgomery County Police,Property Damage Crash,02/28/2018 07:00:00 AM,County,HASKIN PL,FORSTON DR,SAME DIRECTION SIDESWIPE,UNKNOWN,UNKNOWN,UNKNOWN,STOP SIGN,UNKNOWN,Yes,NO APPARENT INJURY,UNKNOWN,MD,"OTHER LIGHT TRUCKS (10,000LBS (4,536KG) OR LESS)",25,2014,FORD,E350
HA23770005,15000657,Maryland-National Capital,Injury Crash,06/27/2015 12:56:00 PM,US (State),COLESVILLE RD,SLIGO CREEK PKWY,OTHER,RAINING,WET,DAYLIGHT,FLASHING TRAFFIC SIGNAL,MEDICATION PRESENT,Yes,NO APPARENT INJURY,UNKNOWN,,PASSENGER CAR,35,0,UNK,UNK
MCP2182000P,170506291,Montgomery County Police,Injury Crash,05-06-17 15:08,County,CONNECTICUT AVE,GEORGIA AVE,OTHER,RAINING,WET,DAYLIGHT,NO CONTROLS,NONE DETECTED,Yes,NO APPARENT INJURY,NOT DISTRACTED,MB,PASSENGER CAR,30,2017,SUBARU,FORESTER
MCP3436000V,250032305,MONTGOMERY,Injury Crash,07/19/2025 08:21:00 PM,US (State),OLD COLUMBIA PIKE (SB/L),,Front to Rear,Rain,Wet,Dusk,Traffic Control Signal,"Not Suspect of Alcohol Use, Not Suspect of Drug Use",No,Suspected Minor Injury,Not Distracted,MD,Passenger Car,5,2017,LEXUS,RX
MCP30840018,180015790,Montgomery County Police,Injury Crash,04-01-18 14:29,Maryland (State),OLD GEORGETOWN RD,BEECH AVE,OTHER,CLEAR,DRY,DAYLIGHT,,NONE DETECTED,No,NO APPARENT INJURY,NOT DISTRACTED,TX,PASSENGER CAR,45,2017,SUBARU,TK
MCP3010006W,22002924,Montgomery County Police,Property Damage Crash,06/15/2022 11:00:00 AM,,,,UNKNOWN,,,DAYLIGHT,,,Yes,NO APPARENT INJURY,UNKNOWN,,,15,0,UNKNOWN,UNKNOWN
EJ7907000S,240054022,GAITHERSBURG,Property Damage Crash,11-10-24 17:12,Municipality Route,CHRISTOPHER AVE,,Front to Rear,Rain,Wet,Dark - Lighted,Stop Sign,"Not Suspect of Alcohol Use, Not Suspect of Drug Use",No,No Apparent Injury,Not Distracted,NY,Sport Utility Vehicle,30,2016,AUDI,Q5
MCP3328004P,250013418,MONTGOMERY,Property Damage Crash,03/26/2025 05:00:00 PM,County Route,INDIGO RD,,Angle,Clear,,Daylight,No Controls,"Unknown, Unknown",Yes,,,,Van - Passenger (&lt;9 Seats),25,2015,FORD,TRANSIT CONNECT
MCP31120027,190022534,Montgomery County Police,Property Damage Crash,05/13/2019 02:00:00 PM,Maryland (State),WILSON LA,FAIRFAX RD,STRAIGHT MOVEMENT ANGLE,CLOUDY,WET,DAYLIGHT,,NONE DETECTED,No,NO APPARENT INJURY,NOT DISTRACTED,VA,PASSENGER CAR,30,2009,TOYOTA,CAMRY
MCP3009005F,220055726,Montgomery County Police,Property Damage Crash,12/16/2022 02:33:00 PM,Maryland (State),FREDERICK RD,OXBRIDGE DR,STRAIGHT MOVEMENT ANGLE,CLEAR,DRY,DAYLIGHT,,,Yes,NO APPARENT INJURY,LOOKED BUT DID NOT SEE,MD,PASSENGER CAR,40,2014,NISSAN,ROGUE
MCP209400KX,220053623,Montgomery County Police,Property Damage Crash,12-05-22 7:30,Interstate (State),NO NAME,DEMOCRACY BLVD,SAME DIRECTION SIDESWIPE,CLEAR,DRY,DAYLIGHT,NO CONTROLS,NONE DETECTED,Yes,NO APPARENT INJURY,UNKNOWN,MD,(SPORT) UTILITY VEHICLE,55,2019,SUBARU,ASCENT
MCP3379001G,240061070,MONTGOMERY,Property Damage Crash,12/21/2024 07:26:00 PM,Local Route,DIAMOND HILL DR,CRYSTAL ROCK DR,Angle,Clear,Dry,Dark - Lighted,No Controls,"Not Suspect of Alcohol Use, Not Suspect of Drug Use",Yes,No Apparent Injury,Not Distracted,MD,Passenger Car,40,2013,TOYOTA,PRIUS
MCP3263000B,200032909,Montgomery County Police,Property Damage Crash,09/26/2020 08:09:00 PM,County,SHADY GROVE RD,OAKMONT AVE,SAME DIRECTION RIGHT TURN,CLEAR,DRY,DARK LIGHTS ON,TRAFFIC SIGNAL,NONE DETECTED,No,NO APPARENT INJURY,NOT DISTRACTED,MD,POLICE VEHICLE/EMERGENCY,40,2016,TOYOTA,4H
MCP137800R6,190030885,Montgomery County Police,Injury Crash,06/28/2019 05:50:00 PM,Maryland (State),WOODFIELD RD,FLOWER HILL WAY,STRAIGHT MOVEMENT ANGLE,CLOUDY,DRY,DAYLIGHT,TRAFFIC SIGNAL,NONE DETECTED,No,POSSIBLE INJURY,NOT DISTRACTED,MD,(SPORT) UTILITY VEHICLE,35,2007,NISS,ROGUE
MCP2347001K,180002884,Montgomery County Police,Property Damage Crash,01/18/2018 01:23:00 PM,US (State),COLUMBIA PIKE,STEWART LA,SAME DIR REAR END,CLEAR,DRY,DAYLIGHT,TRAFFIC SIGNAL,NONE DETECTED,Yes,NO APPARENT INJURY,UNKNOWN,DC,PASSENGER CAR,50,2013,VOLKSWAGON,PASSAT
MCP24550062,230048438,Montgomery County Police,Property Damage Crash,08-08-23 14:10,,,,OTHER,CLEAR,,DAYLIGHT,NO CONTROLS,UNKNOWN,Yes,NO APPARENT INJURY,UNKNOWN,,PICKUP TRUCK,5,2023,CHEV,SILVERADO
MCP2291004V,200049678,Montgomery County Police,Property Damage Crash,12/17/2020 05:51:00 PM,Interstate (State),CAPITAL BELTWAY,CONNECTICUT AVE,SAME DIR REAR END,CLEAR,ICE,DARK LIGHTS ON,NO CONTROLS,NONE DETECTED,No,NO APPARENT INJURY,NOT DISTRACTED,MD,PASSENGER CAR,55,2016,SUBARU,FORESTER
MCP3193004C,230020163,Montgomery County Police,Property Damage Crash,04/27/2023 03:03:00 PM,Maryland (State),VEIRS MILL RD,DALEWOOD DR,STRAIGHT MOVEMENT ANGLE,CLEAR,DRY,DAYLIGHT,STOP SIGN,NONE DETECTED,Yes,NO APPARENT INJURY,LOOKED BUT DID NOT SEE,MD,PASSENGER CAR,35,2019,HONDA,SD
MCP28590022,16030249,Montgomery County Police,Property Damage Crash,06/16/2016 02:40:00 PM,,,,OTHER,,,DAYLIGHT,NO CONTROLS,UNKNOWN,Yes,NO APPARENT INJURY,UNKNOWN,MD,PASSENGER CAR,15,2014,FORD,PICKUP
EJ7893003D,240052854,GAITHERSBURG,Property Damage Crash,11-03-24 21:49,County Route,MUDDY BRANCH RD (SB/L),,Single Vehicle,Clear,Dry,Dark - Lighted,No Controls,"Not Suspect of Alcohol Use, Not Suspect of Drug Use",Yes,No Apparent Injury,Not Distracted,MD,Passenger Car,40,2024,FORD,MUSTANG
MCP25340028,180009659,Montgomery County Police,Injury Crash,02/24/2018 09:52:00 PM,Maryland (State),GEORGIA AVE,NORBECK RD,SAME DIR REAR END,CLEAR,WET,DARK LIGHTS ON,TRAFFIC SIGNAL,NONE DETECTED,No,NO APPARENT INJURY,NOT DISTRACTED,MD,PASSENGER CAR,50,2000,FORD,CROWN VICTORIA
MCP1210000R,15055620,MONTGOMERY,Injury Crash,11-01-15 17:19,Maryland (State),WOODFIELD RD,MIDCOUNTY HWY,STRAIGHT MOVEMENT ANGLE,CLEAR,DRY,DARK NO LIGHTS,PERSON,NONE DETECTED,No,NO APPARENT INJURY,UNKNOWN,MD,(SPORT) UTILITY VEHICLE,25,2012,MERZ,GL450
MCP2162004S,200026711,Montgomery County Police,Property Damage Crash,07-09-20 19:20,County,BATCHELLORS FOREST RD,DR BIRD RD,SINGLE VEHICLE,CLEAR,DRY,DAYLIGHT,NO CONTROLS,ILLEGAL DRUG PRESENT,Yes,NO APPARENT INJURY,UNKNOWN,MD,PASSENGER CAR,30,2015,FORD,FOCUS
MCP2450004W,230067856,Montgomery County Police,Property Damage Crash,11/22/2023 04:00:00 PM,County,DARNESTOWN RD,TRAVILAH RD,SAME DIRECTION LEFT TURN,,DRY,DAYLIGHT,NO CONTROLS,NONE DETECTED,Yes,NO APPARENT INJURY,NOT DISTRACTED,MD,"CARGO VAN/LIGHT TRUCK 2 AXLES (OVER 10,000LBS (4,536 KG))",40,2021,FORD,CG
MCP2637003T,200038008,Montgomery County Police,Injury Crash,09/27/2020 02:29:00 PM,County,TRAILRIDGE DR,WINTERSET TERR,OTHER,CLEAR,DRY,DAYLIGHT,STOP SIGN,NONE DETECTED,Yes,NO APPARENT INJURY,INATTENTIVE OR LOST IN THOUGHT,MD,PASSENGER CAR,30,2019,TOYOTA,HIGHLANDER
MCP2563001W,240026080,MONTGOMERY,Injury Crash,06-01-24 21:34,County Route,MONTGOMERY VILLAGE AVE (SB/L),,Single Vehicle,Clear,Dry,Dark - Lighted,No Controls,"Suspect of Alcohol Use, Not Suspect of Drug Use",Yes,Suspected Serious Injury,Unknown,,Passenger Car,35,2011,NISSAN,MURANO
MCP3233004F,240000105,MONTGOMERY,Injury Crash,01-01-24 17:32,County Route,,NEW HAMPSHIRE AVE,Front to Rear,Rain,Wet,Dark - Lighted,Traffic Control Signal,"Not Suspect of Alcohol Use, Not Suspect of Drug Use",No,No Apparent Injury,Not Distracted,AZ,Passenger Car,40,2000,FORD,UNKNOWN
DD5631000X,180036982,Rockville Police Departme,Property Damage Crash,07/26/2018 09:57:00 AM,Maryland (State),ROCKVILLE PIKE,EDMONSTON DR,SAME DIR REAR END,CLEAR,DRY,DAYLIGHT,NO CONTROLS,NONE DETECTED,No,NO APPARENT INJURY,NOT DISTRACTED,MD,PASSENGER CAR,35,2007,TOYT,4S
MCP3384001L,250036907,MONTGOMERY,Property Damage Crash,08/18/2025 02:00:00 PM,US (State),,,Single Vehicle,Cloudy,Dry,Daylight,No Controls,"Not Suspect of Alcohol Use, Not Suspect of Drug Use",Yes,No Apparent Injury,Unknown,MD,Passenger Car,30,2024,HONDA,ACCORD
MCP3095005P,250006714,MONTGOMERY,Property Damage Crash,02/14/2025 06:41:00 PM,Maryland (State) Route,OLD COLUMBIA PIKE,,Front to Rear,Clear,Dry,Dark - Lighted,No Controls,"Not Suspect of Alcohol Use, Not Suspect of Drug Use",No,No Apparent Injury,Not Distracted,MD,Sport Utility Vehicle,40,2024,GMC,TERRAIN
MCP06850017,15034583,MONTGOMERY,Property Damage Crash,07/14/2015 02:09:00 PM,County,DOVER RD,E GUDE DR,SAME DIR REAR END,CLEAR,DRY,DAYLIGHT,TRAFFIC SIGNAL,NONE DETECTED,Yes,NO APPARENT INJURY,NOT DISTRACTED,MD,AMBULANCE/NON EMERGENCY,30,2010,FRHT LNR,AMB
MCP2212001R,16032355,Montgomery County Police,Property Damage Crash,06/26/2016 01:57:00 PM,US (State),COLESVILLE RD,UNIVERSITY BLVD E,SAME DIR REAR END,CLEAR,DRY,DAYLIGHT,TRAFFIC SIGNAL,UNKNOWN,Yes,NO APPARENT INJURY,UNKNOWN,,PASSENGER CAR,40,2000,MERZ,4S
DD5502002C,16021808,Rockville Police Departme,Injury Crash,05-03-16 12:15,Maryland (State),HUNGERFORD DR,A ST,OTHER,CLOUDY,DRY,DAYLIGHT,TRAFFIC SIGNAL,UNKNOWN,Yes,NO APPARENT INJURY,UNKNOWN,,,35,0,UNKNOWN,UNKNOWN
MCP2782004J,230010547,Montgomery County Police,Property Damage Crash,03-03-23 12:55,Maryland (State),NORBECK RD,WOODS CENTER RD,SAME DIR REAR END,RAINING,WET,DAYLIGHT,NO CONTROLS,NONE DETECTED,Yes,NO APPARENT INJURY,NOT DISTRACTED,MD,VAN,40,2009,HONDA,ODYSSEY
MCP1022005T,16053813,Montgomery County Police,Property Damage Crash,10/19/2016 03:06:00 PM,,,,SINGLE VEHICLE,CLEAR,,DAYLIGHT,NO CONTROLS,NONE DETECTED,Yes,NO APPARENT INJURY,NOT DISTRACTED,MD,SCHOOL BUS,25,2002,AMERICAN MOTORS,BUS
MCP3034000T,170509927,Montgomery County Police,Property Damage Crash,05/25/2017 11:34:00 PM,County,SLIGO AVE,PINEY BRANCH RD,ANGLE MEETS LEFT TURN,RAINING,WET,DARK LIGHTS ON,TRAFFIC SIGNAL,NONE DETECTED,Unknown,NO APPARENT INJURY,NOT DISTRACTED,MD,(SPORT) UTILITY VEHICLE,30,2008,HONDA,PILOT
EJ7889003F,230000960,Gaithersburg Police Depar,Property Damage Crash,01-06-23 16:55,Maryland (State),QUINCE ORCHARD RD,RAMP 7 FR MD 124 WB TO IS 270 SB,SAME DIR REAR END,,DRY,DUSK,NO CONTROLS,NONE DETECTED,No,NO APPARENT INJURY,NOT DISTRACTED,MD,PASSENGER CAR,30,2015,INFI,UT
DD56770015,240059671,ROCKVILLE,Property Damage Crash,12/13/2024 05:30:00 PM,Municipality Route,WOOTTON PKWY,SEVEN LOCKS RD,Angle,Clear,Dry,Dusk,Traffic Control Signal,"Not Suspect of Alcohol Use, Not Suspect of Drug Use",No,No Apparent Injury,Not Distracted,MD,Sport Utility Vehicle,45,2015,HONDA,PILOT
MCP2445005F,240003270,MONTGOMERY,Injury Crash,01/22/2024 07:49:00 AM,County Route,MIDDLEBROOK RD,,Front to Rear,Clear,Dry,Daylight,No Controls,"Not Suspect of Alcohol Use, Not Suspect of Drug Use",No,Possible Injury,Not Distracted,MD,Sport Utility Vehicle,40,2015,HONDA,CR-V
MCP2515000S,16038432,Montgomery County Police,Injury Crash,07/29/2016 07:20:00 PM,County,EAST VILLAGE AVE,WOODFIELD RD,SINGLE VEHICLE,CLEAR,DRY,DAYLIGHT,NO CONTROLS,ALCOHOL CONTRIBUTED,Yes,SUSPECTED MINOR INJURY,UNKNOWN,MD,(SPORT) UTILITY VEHICLE,30,2010,NISSAN,ROGUE
MCP3125003C,210039876,Montgomery County Police,Injury Crash,10-06-21 17:00,Maryland (State),VEIRS MILL RD,ATLANTIC AVE,SAME DIR REAR END,CLEAR,DRY,DAYLIGHT,TRAFFIC SIGNAL,ALCOHOL PRESENT,Yes,POSSIBLE INJURY,UNKNOWN,MD,PASSENGER CAR,40,2001,HONDA,CIVIC
MCP2270002J,230067351,Montgomery County Police,Property Damage Crash,11/20/2023 09:00:00 AM,Maryland (State),ROCKVILLE PIKE,CEDAR LA,SAME DIRECTION SIDESWIPE,CLEAR,DRY,DAYLIGHT,TRAFFIC SIGNAL,NONE DETECTED,Yes,NO APPARENT INJURY,LOOKED BUT DID NOT SEE,MD,PASSENGER CAR,35,2022,TOYOTA,PRIUS
DD5651004M,240011237,ROCKVILLE,Property Damage Crash,03-08-24 11:30,Municipality Route,RESEARCH BLVD,,"Sideswipe, Same Direction",Clear,Dry,Daylight,No Controls,"Not Suspect of Alcohol Use, Not Suspect of Drug Use",No,No Apparent Injury,Not Distracted,MD,Sport Utility Vehicle,30,2023,TOYOTA,HIGHLANDER
EJ78510061,200049262,Gaithersburg Police Depar,Property Damage Crash,12/14/2020 04:00:00 PM,Maryland (State),FREDERICK RD,CHESTNUT ST,STRAIGHT MOVEMENT ANGLE,CLOUDY,WET,DAYLIGHT,OTHER,NONE DETECTED,Yes,NO APPARENT INJURY,LOOKED BUT DID NOT SEE,GA,PASSENGER CAR,30,2013,MERCEDES,C300
MCP31220041,210016239,Montgomery County Police,Property Damage Crash,05-01-21 10:00,County,BEL PRE RD,NORTH GATE DR,SAME DIR REAR END,CLEAR,DRY,DAYLIGHT,OTHER,NONE DETECTED,No,NO APPARENT INJURY,NOT DISTRACTED,MD,PASSENGER CAR,35,2015,TOYOTA,RAV4
MCP29140018,15023652,Montgomery County Police,Injury Crash,05/17/2015 04:45:00 PM,US (State),COLESVILLE RD,EXIT FR SCHOOL,SAME DIR REND RIGHT TURN,CLEAR,,DAYLIGHT,NO CONTROLS,,Yes,POSSIBLE INJURY,NOT DISTRACTED,MD,PASSENGER CAR,40,1991,HONDA,4DOOR
MCP3289002W,230068329,Montgomery County Police,Property Damage Crash,11/26/2023 11:45:00 AM,County,SILVER SPRING AVE,NOLTE AVE,OTHER,CLOUDY,DRY,DAYLIGHT,NO CONTROLS,ALCOHOL PRESENT,No,NO APPARENT INJURY,NOT DISTRACTED,MD,PASSENGER CAR,25,2008,LEXU,TK
MCP2656003C,180044582,Montgomery County Police,Property Damage Crash,09-06-18 19:13,County,BRANTFORD AVE,NEW HAMPSHIRE AVE,STRAIGHT MOVEMENT ANGLE,,DRY,DARK LIGHTS ON,,,Yes,NO APPARENT INJURY,LOOKED BUT DID NOT SEE,MD,PASSENGER CAR,30,2011,MITSUBISHI,GALANT