Report Number,Local Case Number,Agency Name,ACRS Report Type,Crash Date/Time,Route Type,Road Name,Cross-Street Name,Collision Type,Weather,Surface Condition,Light,Traffic Control,Driver Substance Abuse,Driver At Fault,Injury Severity,Driver Distracted By,Drivers License State,Vehicle Body Type,Speed Limit,Vehicle Year,Vehicle Make,Vehicle Model
MCP0872000N,15064481,MONTGOMERY,Injury Crash,12/17/2015 02:08:00 PM,US (State),COLESVILLE RD,FENTON ST,OPPOSITE DIRECTION SIDESWIPE,RAINING,WET,DAYLIGHT,,NONE DETECTED,Yes,SUSPECTED MINOR INJURY,NOT DISTRACTED,MD,PASSENGER CAR,30,2009,NISSAN,ALTIMA
MCP209400JB,220004655,Montgomery County Police,Property Damage Crash,02-03-22 8:33,Maryland (State),RIVER RD,RIDGEFIELD RD,HEAD ON LEFT TURN,RAINING,WET,DAYLIGHT,TRAFFIC SIGNAL,NONE DETECTED,No,NO APPARENT INJURY,NOT DISTRACTED,MD,VAN,25,2020,HONDA,ODESSY
MCP30160035,21002999,Montgomery County Police,Property Damage Crash,08-02-21 13:45,County,WARING STATION RD,STONEY BOTTOM RD,SAME DIR REAR END,CLEAR,DRY,DAYLIGHT,NO CONTROLS,,Yes,NO APPARENT INJURY,INATTENTIVE OR LOST IN THOUGHT,MD,PASSENGER CAR,30,2007,NISS,HB
EJ77810009,15026399,Gaithersburg Police Depar,Injury Crash,06-01-15 9:42,Municipality,S SUMMIT AVE,OLDE TOWNE AVE,HEAD ON LEFT TURN,CLEAR,DRY,DAYLIGHT,STOP SIGN,NONE DETECTED,Yes,NO APPARENT INJURY,NOT DISTRACTED,MD,PASSENGER CAR,25,2005,LEXUS,ES330
MCP2921004R,230052720,Montgomery County Police,Property Damage Crash,09-01-23 20:00,,,,OTHER,CLEAR,,DARK LIGHTS ON,NO CONTROLS,UNKNOWN,Yes,NO APPARENT INJURY,UNKNOWN,MD,PASSENGER CAR,5,2004,LINCOLN,NAVIGATOR
MCP27280027,16020980,Montgomery County Police,Injury Crash,04/28/2016 05:31:00 PM,US (State),COLESVILLE RD,CRESTMOOR DR,SAME DIR REAR END,RAINING,WET,DAYLIGHT,NO CONTROLS,NONE DETECTED,No,POSSIBLE INJURY,NOT DISTRACTED,MD,PASSENGER CAR,40,2006,TOYT,COROLLA
MCP32300049,230016464,Montgomery County Police,Property Damage Crash,04-06-23 14:35,County,BEL PRE RD,MELINDA LA,SAME DIRECTION SIDESWIPE,CLEAR,DRY,DAYLIGHT,NO CONTROLS,NONE DETECTED,Yes,NO APPARENT INJURY,NOT DISTRACTED,MD,PASSENGER CAR,25,2020,NISSAN,ALTIMA
MCP1213001Z,16059449,Montgomery County Police,Injury Crash,11/18/2016 03:50:00 PM,,,,SAME DIRECTION RIGHT TURN,CLEAR,,DAYLIGHT,,,Unknown,NO APPARENT INJURY,UNKNOWN,,PASSENGER CAR,5,2002,NISSAN,MAXIMA
MCP2846003L,170536616,Montgomery County Police,Property Damage Crash,10/14/2017 12:04:00 PM,,,,OTHER,CLOUDY,,DAYLIGHT,NO CONTROLS,NONE DETECTED,Yes,NO APPARENT INJURY,LOOKED BUT DID NOT SEE,MD,FIRE VEHICLE/NON EMERGENCY,10,2007,PIER,DS
MCP2810000R,16042853,Montgomery County Police,Property Damage Crash,08/23/2016 05:17:00 PM,County,SNOUFFERS SCHOOL RD,WOODFIELD RD,HEAD ON LEFT TURN,CLEAR,DRY,DAYLIGHT,TRAFFIC SIGNAL,,No,NO APPARENT INJURY,NOT DISTRACTED,MD,PASSENGER CAR,35,2004,NISSAN,PATHFINDER
MCP3113001S,190044353,Montgomery County Police,Injury Crash,09/16/2019 03:15:00 PM,US (State),COLUMBIA PIKE,GREENCASTLE RD,SAME DIR REAR END,CLEAR,DRY,DAYLIGHT,,,No,SUSPECTED MINOR INJURY,NOT DISTRACTED,MA,PASSENGER CAR,55,2014,TOYOTA,PRIUS
MCP3052000C,170525593,Montgomery County Police,Property Damage Crash,08/18/2017 06:27:00 PM,Municipality,RUSSELL AVE,ODENDHAL AVE,HEAD ON LEFT TURN,RAINING,WET,DAYLIGHT,TRAFFIC SIGNAL,NONE DETECTED,Yes,NO APPARENT INJURY,DISTRACTED BY OUTSIDE PERSON OBJECT OR EVENT,MD,PASSENGER CAR,25,2003,BMW,325
MCP1438003G,16055244,Montgomery County Police,Property Damage Crash,10/27/2016 08:03:00 AM,Interstate (State),EISENHOWER MEMORIAL HWY,GAME PRESERVE RD,SAME DIR REAR END,CLEAR,DRY,DAYLIGHT,NO CONTROLS,NONE DETECTED,No,NO APPARENT INJURY,NOT DISTRACTED,MD,PASSENGER CAR,55,2008,BMW,4S
MCP219800C5,220040831,Montgomery County Police,Injury Crash,09/19/2022 07:56:00 PM,Maryland (State),W DIAMOND AVE,PERRY PKWY,SAME DIR REAR END,CLEAR,DRY,DARK LIGHTS ON,TRAFFIC SIGNAL,,Yes,NO APPARENT INJURY,EATING OR DRINKING,MD,PASSENGER CAR,35,2018,HONDA,CRV
MCP1417008J,170538972,Montgomery County Police,Injury Crash,10/26/2017 12:59:00 PM,County,CHRISTOPHER AVE,HELLINGLY PL,ANGLE MEETS LEFT TURN,,DRY,DAYLIGHT,STOP SIGN,NONE DETECTED,Yes,SUSPECTED MINOR INJURY,UNKNOWN,MD,PASSENGER CAR,30,2006,HONDA,CIVIC
EJ7818000W,170543746,Gaithersburg Police Depar,Injury Crash,11/19/2017 05:00:00 PM,County,MUDDY BRANCH RD,W DIAMOND AVE,SAME DIR REAR END,CLEAR,DRY,,TRAFFIC SIGNAL,ALCOHOL PRESENT,Yes,NO APPARENT INJURY,LOOKED BUT DID NOT SEE,MD,PASSENGER CAR,35,2012,CHEV,MAL
MCP29310065,220042742,Montgomery County Police,Property Damage Crash,09/30/2022 07:45:00 PM,County,SHADY GROVE RD,RAMP 11 FR SHADY GROVE RD SB TO RAMP 4,SAME DIR REAR END,RAINING,WET,DARK NO LIGHTS,TRAFFIC SIGNAL,UNKNOWN,Yes,NO APPARENT INJURY,LOOKED BUT DID NOT SEE,MD,PASSENGER CAR,35,2019,HONDA,ACCORD
MCP93810018,15026617,Montgomery County Police,Property Damage Crash,06-03-15 12:16,Maryland (State),OLD GEORGETOWN RD,ROCKVILLE PIKE,UNKNOWN,CLEAR,DRY,DAYLIGHT,NO CONTROLS,UNKNOWN,Yes,NO APPARENT INJURY,UNKNOWN,,UNKNOWN,35,99,UNK,UNK
MCP29770040,180035934,Montgomery County Police,Property Damage Crash,07/20/2018 12:09:00 PM,Maryland (State),NEW HAMPSHIRE AVE,DILSTON RD,SAME DIRECTION SIDESWIPE,CLEAR,DRY,DAYLIGHT,TRAFFIC SIGNAL,,Yes,NO APPARENT INJURY,UNKNOWN,MD,STATION WAGON,40,2007,HOND,ODYS
MCP2881001Q,16058599,Montgomery County Police,Injury Crash,11/14/2016 08:06:00 AM,County,MIDDLEBROOK RD,CRYSTAL ROCK DR,SAME DIR REAR END,CLEAR,DRY,DAYLIGHT,NO CONTROLS,,No,NO APPARENT INJURY,NOT DISTRACTED,MD,PASSENGER CAR,40,2002,STRN,4S
DD5615009X,210011202,Rockville Police Departme,Property Damage Crash,03/25/2021 12:45:00 PM,Municipality,N HORNERS LA,CRABB AVE,SAME DIRECTION SIDESWIPE,CLEAR,DRY,DAYLIGHT,NO CONTROLS,NONE DETECTED,No,NO APPARENT INJURY,UNKNOWN,,UNKNOWN,25,0,UNKNOWN,UNKNOWN
MCP2349000V,16021258,Montgomery County Police,Injury Crash,04/30/2016 07:52:00 AM,County,FATHER HURLEY BLVD,PALMETTO CIR,ANGLE MEETS LEFT TURN,CLOUDY,DRY,DAYLIGHT,STOP SIGN,NONE DETECTED,Yes,NO APPARENT INJURY,NOT DISTRACTED,MD,PASSENGER CAR,35,2011,HOND,PILOT
MCP30370036,200028802,Montgomery County Police,Injury Crash,07/24/2020 08:24:00 PM,Maryland (State),FREDERICK RD,SHAWNEE LA,STRAIGHT MOVEMENT ANGLE,CLEAR,DRY,DARK LIGHTS ON,STOP SIGN,NONE DETECTED,Yes,POSSIBLE INJURY,UNKNOWN,MD,(SPORT) UTILITY VEHICLE,30,2008,TOYT,RAV4
MCP2311006N,210003372,Montgomery County Police,Property Damage Crash,01/27/2021 11:34:00 AM,County,GOSHEN RD,CENTERWAY RD,SAME DIR REAR END,CLEAR,DRY,DAYLIGHT,NO CONTROLS,NONE DETECTED,No,NO APPARENT INJURY,NOT DISTRACTED,MD,PASSENGER CAR,35,2012,NISS,4S
MCP15640083,240020474,MONTGOMERY,Property Damage Crash,05-02-24 8:29,Bicycle Route,,OLD VIC BLVD (NB/L),Angle,Clear,Dry,Daylight,Traffic Control Signal,"Not Suspect of Alcohol Use, Not Suspect of Drug Use",No,No Apparent Injury,Not Distracted,MD,Passenger Car,40,2014,TOYOTA,COROLLA
MCP33220039,250012291,MONTGOMERY,Property Damage Crash,03/20/2025 04:57:00 PM,County Route,WINDHAM LA,DAYTON ST,Angle,Cloudy,Dry,Daylight,Stop Sign,"Not Suspect of Alcohol Use, Not Suspect of Drug Use",No,No Apparent Injury,Not Distracted,MD,Passenger Car,25,2000,TOYOTA,CAMRY SOLARA
MCP2912000Q,15011052,Montgomery County Police,Property Damage Crash,03-10-15 11:37,Maryland (State),GOLDSBORO RD,RADNOR RD,SAME DIRECTION SIDESWIPE,RAINING,WET,DAYLIGHT,NO CONTROLS,NONE DETECTED,Yes,NO APPARENT INJURY,NOT DISTRACTED,MD,STATION WAGON,30,2008,VOLV,SW
MCP2941002H,180012886,Montgomery County Police,Property Damage Crash,03/14/2018 04:59:00 PM,County,FENTON ST,SILVER SPRING AVE,SAME DIRECTION SIDESWIPE,CLEAR,DRY,DAYLIGHT,NO CONTROLS,NONE DETECTED,Yes,NO APPARENT INJURY,NOT DISTRACTED,MD,PASSENGER CAR,35,2015,HONDA,CIVIC
MCP1433005H,230065431,Montgomery County Police,Property Damage Crash,11-09-23 17:30,County,TWINBROOK PKWY,PARKLAWN DR,SAME DIR REAR END,CLEAR,DRY,DARK LIGHTS ON,TRAFFIC SIGNAL,UNKNOWN,Yes,NO APPARENT INJURY,UNKNOWN,,PASSENGER CAR,35,2001,TOYOTA,CAMRY
MCP31090076,220033493,Montgomery County Police,Property Damage Crash,08-04-22 14:21,US (State),COLESVILLE RD,WOODMOOR CIR,SAME DIR REAR END,CLEAR,DRY,DAYLIGHT,NO CONTROLS,NONE DETECTED,No,NO APPARENT INJURY,NOT DISTRACTED,MD,PICKUP TRUCK,35,2004,FORD,F250
MCP13340076,180053018,Montgomery County Police,Property Damage Crash,10/23/2018 08:30:00 AM,Interstate (State),NO NAME,RAMP 1 FR MD 355 NB TO IS 370 WB,SAME DIRECTION SIDESWIPE,CLEAR,DRY,DAYLIGHT,NO CONTROLS,NONE DETECTED,Yes,NO APPARENT INJURY,DISTRACTED BY OUTSIDE PERSON OBJECT OR EVENT,MD,OTHER,55,2008,FORD,F750
MCP2823002T,170507899,Montgomery County Police,Injury Crash,05/15/2017 03:20:00 PM,County,RANDOLPH RD,VEIRS MILL RD,SAME DIR REAR END,CLEAR,DRY,DAYLIGHT,TRAFFIC SIGNAL,NONE DETECTED,Yes,NO APPARENT INJURY,LOOKED BUT DID NOT SEE,MD,PASSENGER CAR,35,2014,TOYOTA,CAMRY
MCP2588006B,190046531,Montgomery County Police,Property Damage Crash,09/28/2019 01:40:00 PM,Maryland (State),GEORGIA AVE,CONNECTICUT AVE,STRAIGHT MOVEMENT ANGLE,CLEAR,DRY,DAYLIGHT,TRAFFIC SIGNAL,NONE DETECTED,Yes,NO APPARENT INJURY,LOOKED BUT DID NOT SEE,MD,PASSENGER CAR,40,2011,MAZDA,3
MCP2929000X,15044285,MONTGOMERY,Property Damage Crash,09-03-15 7:56,Maryland (State),OLNEY SANDY SPRING RD,MARDEN LA,SAME DIR REAR END,CLEAR,DRY,DAYLIGHT,NO CONTROLS,NONE DETECTED,No,NO APPARENT INJURY,NOT DISTRACTED,MD,PICKUP TRUCK,30,2008,FORD,TK
MCP2934002V,170536927,Montgomery County Police,Injury Crash,10/16/2017 08:54:00 AM,Maryland (State),ROCKVILLE PIKE,OLD GEORGETOWN RD,SAME DIR REAR END,CLOUDY,DRY,DAYLIGHT,TRAFFIC SIGNAL,NONE DETECTED,No,POSSIBLE INJURY,NOT DISTRACTED,MD,PASSENGER CAR,40,1992,HONDA,4S
MCP3148006X,240043466,MONTGOMERY,Property Damage Crash,09-12-24 20:01,County Route,SPENCER RD,,"Sideswipe, Same Direction",Clear,Dry,Dark - Lighted,No Controls,"Not Suspect of Alcohol Use, Not Suspect of Drug Use",Yes,No Apparent Injury,Unknown,MD,Passenger Car,25,2021,FORD,MUSTANG
EJ79060013,240045114,GAITHERSBURG,Injury Crash,09/21/2024 07:10:00 PM,Maryland (State) Route,CLOPPER RD,FIRSTFIELD RD (EB/L),Single Vehicle,Cloudy,Dry,Daylight,Traffic Control Signal,"Not Suspect of Alcohol Use, Not Suspect of Drug Use",Yes,No Apparent Injury,Not Distracted,MD,Passenger Car,35,2020,HONDA,ACCORD
MCP9417002S,180056682,Montgomery County Police,Injury Crash,11-12-18 5:20,Maryland (State),RIVER RD,WHITTIER BLVD,SAME DIR REAR END,CLOUDY,DRY,DARK NO LIGHTS,FLASHING TRAFFIC SIGNAL,NONE DETECTED,No,NO APPARENT INJURY,NOT DISTRACTED,MD,"CARGO VAN/LIGHT TRUCK 2 AXLES (OVER 10,000LBS (4,536 KG))",40,2015,MERCEDES,SPRINTER
MCP27990059,190035884,Montgomery County Police,Property Damage Crash,08/31/2019 11:55:00 PM,Maryland (State),GEORGIA AVE,COLESVILLE RD,SAME DIR BOTH LEFT TURN,CLEAR,DRY,DARK LIGHTS ON,NO CONTROLS,NONE DETECTED,Yes,NO APPARENT INJURY,LOOKED BUT DID NOT SEE,MD,"OTHER LIGHT TRUCKS (10,000LBS (4,536KG) OR LESS)",35,2020,FRHT,TK
MCP2059007H,230013415,Montgomery County Police,Property Damage Crash,03/20/2023 08:53:00 AM,County,AMHERST AVE,BLUERIDGE AVE,SAME DIRECTION SIDESWIPE,CLEAR,DRY,DAYLIGHT,NO CONTROLS,NONE DETECTED,Yes,NO APPARENT INJURY,UNKNOWN,MD,PASSENGER CAR,25,2020,MAZDA,3
DD5653005B,250036232,ROCKVILLE,Property Damage Crash,08/14/2025 07:02:00 AM,Municipality Route,W EDMONSTON DR,ROCKVILLE PIKE (SB/L),"Sideswipe, Same Direction",Clear,Dry,Dawn,Traffic Control Signal,"Not Suspect of Alcohol Use, Not Suspect of Drug Use",No,No Apparent Injury,Unknown,MD,Pickup,30,2021,GMC,SIERRA
MCP2941001J,16058270,Montgomery County Police,Injury Crash,11-11-16 21:50,County,KING ST,GEORGIA AVE,SAME DIR REAR END,CLEAR,DRY,DARK LIGHTS ON,NO CONTROLS,ALCOHOL PRESENT,Yes,NO APPARENT INJURY,NOT DISTRACTED,MD,PASSENGER CAR,35,2003,SUBARU,4X4
MCP2047001Z,170543394,Montgomery County Police,Property Damage Crash,11/17/2017 01:34:00 PM,County,E JEFFERSON ST,ENT TO FEDERAL PLAZA SC,HEAD ON LEFT TURN,CLEAR,DRY,DAYLIGHT,NO CONTROLS,NONE DETECTED,No,NO APPARENT INJURY,NOT DISTRACTED,MD,RECREATIONAL VEHICLE,25,2014,ACURA,MDX
MCP1235003F,210038999,Montgomery County Police,Property Damage Crash,10-01-21 15:54,Maryland (State),NEW HAMPSHIRE AVE,ADELPHI RD,SAME DIRECTION SIDESWIPE,CLEAR,DRY,DAYLIGHT,NO CONTROLS,NONE DETECTED,Yes,NO APPARENT INJURY,NOT DISTRACTED,XX,PASSENGER CAR,40,2007,HONDA,CIVIC
MCP2722004P,230013201,Montgomery County Police,Property Damage Crash,03/18/2023 05:08:00 PM,Maryland (State),LAYHILL RD,RAMP 4 FR MD 182 NB TO MD 200 EB,SINGLE VEHICLE,CLEAR,DRY,DAYLIGHT,NO CONTROLS,NONE DETECTED,Yes,NO APPARENT INJURY,OTHER CELLULAR PHONE RELATED,MD,PASSENGER CAR,40,2013,NISSAN,SENTRA
MCP23990010,16042343,Montgomery County Police,Property Damage Crash,08/20/2016 08:05:00 PM,Maryland (State),MONTGOMERY VILLAGE AVE,SPUR FR MD 124 TO MD 124,SAME DIR REAR END,CLEAR,DRY,DUSK,YIELD SIGN,NONE DETECTED,No,NO APPARENT INJURY,NOT DISTRACTED,MD,PICKUP TRUCK,35,2014,FORD,F150
MCP20160039,180044328,Montgomery County Police,Injury Crash,09-05-18 15:10,County,MONTROSE RD,ENT TO JCC,HEAD ON LEFT TURN,CLEAR,DRY,DAYLIGHT,TRAFFIC SIGNAL,,Yes,SUSPECTED MINOR INJURY,NOT DISTRACTED,MD,PASSENGER CAR,35,2006,VOLKS,BEETLE
DD5626000Y,180052526,Rockville Police Departme,Property Damage Crash,10/20/2018 07:56:00 AM,Other Public Roadway,MONTROSE PKWY,MONTROSE RD,OTHER,CLOUDY,WET,DAYLIGHT,TRAFFIC SIGNAL,NONE DETECTED,No,NO APPARENT INJURY,NOT DISTRACTED,MD,VAN,40,2014,GMC,VN
MCP28750038,180008301,Montgomery County Police,Property Damage Crash,02/16/2018 11:58:00 PM,County,DUCHIN RD,MCFARLIN DR,OTHER,CLEAR,DRY,DARK LIGHTS ON,NO CONTROLS,UNKNOWN,Yes,NO APPARENT INJURY,UNKNOWN,,,25,0,UNKNOWN,UNKNOWN
MCP12200091,220040175,Montgomery County Police,Injury Crash,09/15/2022 04:32:00 PM,County,SHADY GROVE RD,MT PLEASANT AVE,SAME DIR REAR END,CLEAR,DRY,DAYLIGHT,TRAFFIC SIGNAL,NONE DETECTED,No,SUSPECTED MINOR INJURY,NOT DISTRACTED,MD,(SPORT) UTILITY VEHICLE,35,2019,NISSAN,PATHFINDER
DD5615000Q,15057287,ROCKVILLE,Property Damage Crash,11-10-15 9:27,Municipality,W GUDE DR,GAITHER RD,SAME DIRECTION LEFT TURN,RAINING,WET,DAYLIGHT,NO CONTROLS,NONE DETECTED,No,NO APPARENT INJURY,NOT DISTRACTED,MA,PASSENGER CAR,45,2015,FORD,FUSION
MCP3261001N,250042727,MONTGOMERY,Property Damage Crash,09/22/2025 10:25:00 PM,County Route,GAME PRESERVE RD,,Single Vehicle,Clear,Dry,Dark - Not Lighted,No Controls,"Suspect of Alcohol Use, Unknown",No,No Apparent Injury,Unknown,MD,Passenger Car,55,2012,KIA,OPTIMA
MCP3145001R,190039479,Montgomery County Police,Property Damage Crash,08/18/2019 05:30:00 PM,Maryland (State),LAYHILL RD,MIDDLEBRIDGE DR,SAME DIR REAR END,CLEAR,DRY,DAYLIGHT,NO CONTROLS,,No,NO APPARENT INJURY,NOT DISTRACTED,MD,PASSENGER CAR,40,2016,HONDA,HRV
MCP28450096,240062014,MONTGOMERY,Injury Crash,12/29/2024 12:28:00 PM,County Route,LANARK WAY,COLESVILLE RD (SB/L),Angle,Clear,Dry,Daylight,Traffic Control Signal,"Not Suspect of Alcohol Use, Not Suspect of Drug Use",No,Suspected Minor Injury,Not Distracted,MD,Passenger Car,40,2022,MINI,HARDTOP
DD5615002C,16043263,Rockville Police Departme,Injury Crash,08/25/2016 04:34:00 PM,Maryland (State),HUNGERFORD DR,FREDERICK AVE #2,SAME DIR REAR END,CLEAR,DRY,DAYLIGHT,NO CONTROLS,NONE DETECTED,Yes,NO APPARENT INJURY,ADJUSTING AUDIO AND OR CLIMATE CONTROLS,MD,PASSENGER CAR,35,2012,AUDI,4S
MCP26800017,15016505,Montgomery County Police,Injury Crash,04-09-15 21:37,Maryland (State),EAST WEST HWY,16TH ST,SAME DIR REAR END,RAINING,WET,DARK LIGHTS ON,NO CONTROLS,NONE DETECTED,Yes,NO APPARENT INJURY,NOT DISTRACTED,MD,(SPORT) UTILITY VEHICLE,30,2005,TOYOTA,4 RUNNER
MCP3053007K,240039009,MONTGOMERY,Injury Crash,08/18/2024 02:08:00 PM,Other Public Roadway,GLENMONT CIR #1,RAMP 4 FR MD 97 NB TO RANDOLPH RD EB,Other,Clear,Dry,Daylight,Traffic Control Signal,"Not Suspect of Alcohol Use, Not Suspect of Drug Use",No,No Apparent Injury,Not Distracted,MD,Passenger Car,30,2022,CHEVROLET,EQUINOX
MCP2039001F,15059811,MONTGOMERY,Property Damage Crash,11/23/2015 09:12:00 AM,County,BEL PRE RD,GAINES AVE,SAME DIR REAR END,CLEAR,DRY,DAYLIGHT,NO CONTROLS,,Yes,NO APPARENT INJURY,NOT DISTRACTED,MD,PASSENGER CAR,25,2014,BMW,X5
MCP3184001T,210022046,Montgomery County Police,Property Damage Crash,06-09-21 22:49,County,FAIRLAND RD,OLD COLUMBIA PIKE,STRAIGHT MOVEMENT ANGLE,CLEAR,DRY,DARK LIGHTS ON,TRAFFIC SIGNAL,,No,NO APPARENT INJURY,NOT DISTRACTED,MD,PASSENGER CAR,35,2003,JEEP,LIBERTY
MCP29520095,190053648,Montgomery County Police,Injury Crash,11-07-19 11:39,US (State),COLESVILLE RD,DALE DR,SAME DIR REAR END,CLOUDY,DRY,DAYLIGHT,TRAFFIC SIGNAL,NONE DETECTED,Yes,NO APPARENT INJURY,BY OTHER OCCUPANTS,TX,PASSENGER CAR,35,2013,ACURA,TSX
MCP27860052,260000176,MONTGOMERY,Property Damage Crash,01-02-26 12:03,County Route,NO NAME,COLUMBIA PIKE,"Sideswipe, Opposite Direction",Cloudy,Dry,Daylight,Traffic Control Signal,"Not Suspect of Alcohol Use, Not Suspect of Drug Use",No,No Apparent Injury,Not Distracted,MD,Passenger Car,50,2018,DODGE,CHARGER
MCP2570000H,190008342,Montgomery County Police,Injury Crash,02/21/2019 04:01:00 PM,Maryland (State),VEIRS MILL RD,ENT TO CEMETERY,STRAIGHT MOVEMENT ANGLE,CLEAR,DRY,DAYLIGHT,STOP SIGN,NONE DETECTED,No,POSSIBLE INJURY,NOT DISTRACTED,MD,PASSENGER CAR,35,2007,MAZDA,3
MCP2298014Z,240001859,MONTGOMERY,Property Damage Crash,01-12-24 8:40,Maryland (State) Route,BRADLEY BLVD,,Front to Rear,Clear,Ice/Frost,Daylight,No Controls,"Not Suspect of Alcohol Use, Not Suspect of Drug Use",No,No Apparent Injury,Not Distracted,MD,Sport Utility Vehicle,35,2022,VOLVO,XC90
MCP2954009M,210037941,Montgomery County Police,Injury Crash,09/25/2021 10:46:00 AM,Maryland (State),SPENCERVILLE RD,SANTINI RD,HEAD ON,CLEAR,DRY,DAYLIGHT,NO CONTROLS,NONE DETECTED,No,NO APPARENT INJURY,NOT DISTRACTED,MD,PASSENGER CAR,25,2017,MERZ,GLS450
MCP2455007Q,240057381,MONTGOMERY,Property Damage Crash,11/30/2024 06:48:00 PM,Maryland (State) Route,VEIRS MILL RD,,"Sideswipe, Same Direction",Clear,Dry,Dark - Lighted,No Controls,"Not Suspect of Alcohol Use, Not Suspect of Drug Use",No,No Apparent Injury,Unknown,,Van - Passenger (&lt;9 Seats),35,2014,DODGE,UNKNOWN
MCP229800CF,17009403,Montgomery County Police,Property Damage Crash,02/21/2017 06:40:00 PM,County,CLARKSBURG RD,SPIRE ST,SAME DIR REAR END,CLEAR,DRY,DARK NO LIGHTS,NO CONTROLS,NONE DETECTED,No,NO APPARENT INJURY,NOT DISTRACTED,MD,PASSENGER CAR,35,2009,TOYT,CAMRY
MCP32760016,210026714,Montgomery County Police,Property Damage Crash,07-11-21 21:33,Interstate (State),CAPITAL BELTWAY,EXIT #33,SAME DIR REAR END,CLEAR,DRY,DARK LIGHTS ON,NO CONTROLS,NONE DETECTED,Yes,NO APPARENT INJURY,LOOKED BUT DID NOT SEE,PA,PASSENGER CAR,55,2016,HONDA,ACCORD
EJ7847000R,15003594,Gaithersburg Police Depar,Injury Crash,01/22/2015 05:30:00 PM,Municipality,MONTGOMERY AVE,FREDERICK RD,STRAIGHT MOVEMENT ANGLE,CLEAR,DRY,DUSK,NO CONTROLS,,Yes,POSSIBLE INJURY,UNKNOWN,MD,PASSENGER CAR,30,2005,NISSAN,SENTRA
MCP14170055,16023722,Montgomery County Police,Property Damage Crash,05/13/2016 06:11:00 AM,County,SHADY GROVE RD,MIDCOUNTY HWY,SAME DIRECTION SIDESWIPE,RAINING,WET,DAYLIGHT,TRAFFIC SIGNAL,NONE DETECTED,No,NO APPARENT INJURY,NOT DISTRACTED,MD,"MEDIUM/HEAVY TRUCKS 3 AXLES (OVER 10,000LBS (4,536KG))",40,2006,CHEVROLET,TRASH TRUCK
MCP2689001L,16008292,Montgomery County Police,Injury Crash,02/19/2016 07:41:00 AM,Maryland (State),CONNECTICUT AVE,FRANKLIN ST,HEAD ON LEFT TURN,CLEAR,DRY,DAYLIGHT,NO CONTROLS,NONE DETECTED,No,NO APPARENT INJURY,NOT DISTRACTED,MD,PASSENGER CAR,35,2002,VOLKSWAGEN,JETTA
MCP2107006L,250020770,MONTGOMERY,Injury Crash,05-11-25 13:23,Maryland (State) Route,LAYTONSVILLE RD,,Single Vehicle,Clear,Dry,Daylight,Other Warning Sign,"Not Suspect of Alcohol Use, Not Suspect of Drug Use",Yes,Possible Injury,Not Distracted,DC,Pickup,30,2013,CHEVROLET,SILVERADO
MCP3229000R,200050383,Montgomery County Police,Property Damage Crash,12/22/2020 07:00:00 PM,County,E GUDE DR,CRABBS BRANCH WAY,SAME DIRECTION RIGHT TURN,CLEAR,DRY,DARK LIGHTS ON,TRAFFIC SIGNAL,NONE DETECTED,No,NO APPARENT INJURY,NOT DISTRACTED,MD,PASSENGER CAR,40,2017,TOYT,TK
EJ7849001V,200028128,Gaithersburg Police Depar,Property Damage Crash,07/20/2020 11:00:00 AM,Municipality,TRAVIS AVE,KNOLL MIST LA,STRAIGHT MOVEMENT ANGLE,CLEAR,DRY,DAYLIGHT,,NONE DETECTED,Yes,NO APPARENT INJURY,OTHER DISTRACTION,MD,PASSENGER CAR,15,2019,TOYOTA,CAMRY
MCP3124005H,220017736,Montgomery County Police,Injury Crash,04/26/2022 03:51:00 PM,County,RANDOLPH RD,BUSHEY DR,STRAIGHT MOVEMENT ANGLE,RAINING,WET,DAYLIGHT,STOP SIGN,NONE DETECTED,Yes,SUSPECTED MINOR INJURY,NOT DISTRACTED,MD,PASSENGER CAR,35,2015,HYUNDAI,4S
MCP2450004R,230061989,Montgomery County Police,Property Damage Crash,10/22/2023 04:00:00 PM,Interstate (State),EISENHOWER MEMORIAL HWY,GAME PRESERVE RD,SAME DIRECTION SIDESWIPE,,DRY,DAYLIGHT,,NONE DETECTED,Unknown,NO APPARENT INJURY,UNKNOWN,NC,"MEDIUM/HEAVY TRUCKS 3 AXLES (OVER 10,000LBS (4,536KG))",55,2015,INTERNATIONAL,UNK
MCP1205002F,16051181,Montgomery County Police,Property Damage Crash,10-05-16 14:40,Maryland (State),CONNECTICUT AVE,RAYMOND ST,SAME DIRECTION SIDESWIPE,CLEAR,DRY,DAYLIGHT,NO CONTROLS,NONE DETECTED,No,NO APPARENT INJURY,NOT DISTRACTED,MD,TRANSIT BUS,30,2016,GILLIG,BUS
MCP2707000F,15049425,MONTGOMERY,Injury Crash,09/29/2015 06:40:00 PM,County,WASHINGTON GROVE LA,MINERAL SPRINGS DR,HEAD ON LEFT TURN,RAINING,WET,DUSK,NO CONTROLS,NONE DETECTED,Yes,POSSIBLE INJURY,UNKNOWN,MD,PICKUP TRUCK,35,2002,TOYT,VN
MCP15500057,240024545,MONTGOMERY,Injury Crash,05/24/2024 06:34:00 AM,Maryland (State) Route,OLD GEORGETOWN RD (SB/L),,Front to Rear,Clear,Dry,Daylight,No Controls,"Not Suspect of Alcohol Use, Not Suspect of Drug Use",Yes,Suspected Minor Injury,Not Distracted,,Van - Passenger (&lt;9 Seats),35,2019,DODGE,CARAVAN