Report Number,Local Case Number,Agency Name,ACRS Report Type,Crash Date/Time,Route Type,Road Name,Cross-Street Name,Collision Type,Weather,Surface Condition,Light,Traffic Control,Driver Substance Abuse,Driver At Fault,Injury Severity,Driver Distracted By,Drivers License State,Vehicle Body Type,Speed Limit,Vehicle Year,Vehicle Make,Vehicle Model
MCP2941002K,180024775,Montgomery County Police,Injury Crash,05/20/2018 04:40:00 PM,Maryland (State),COLESVILLE RD,EAST WEST HWY,HEAD ON LEFT TURN,CLEAR,DRY,DAYLIGHT,TRAFFIC SIGNAL,NONE DETECTED,Yes,NO APPARENT INJURY,UNKNOWN,MD,PASSENGER CAR,35,2007,CHEV,4S
MCP3029001X,180007559,Montgomery County Police,Property Damage Crash,02/13/2018 03:07:00 PM,Maryland (State),NEW HAMPSHIRE AVE,COLUMBIA PIKE,SAME DIR REAR END,CLEAR,DRY,DAYLIGHT,NO CONTROLS,NONE DETECTED,Yes,NO APPARENT INJURY,NOT DISTRACTED,MD,PASSENGER CAR,25,2011,TOYOTA,4S
MCP26080011,15040952,MONTGOMERY,Property Damage Crash,08/16/2015 04:55:00 PM,Maryland (State),GEORGIA AVE,FOREST GLEN RD,SAME DIRECTION SIDESWIPE,CLEAR,DRY,DAYLIGHT,,NONE DETECTED,No,NO APPARENT INJURY,NOT DISTRACTED,MD,PASSENGER CAR,35,2005,NISSAN,MAXIMA
MCP30500054,210020619,Montgomery County Police,Property Damage Crash,05/31/2021 03:11:00 PM,County,BEL PRE RD,JANICE DR,SAME DIR REAR END,CLEAR,DRY,DAYLIGHT,NO CONTROLS,NONE DETECTED,Yes,NO APPARENT INJURY,NOT DISTRACTED,MD,PASSENGER CAR,35,2008,HYUNDAI,ACCENT
EJ78880010,210034226,Gaithersburg Police Depar,Property Damage Crash,09-01-21 13:20,Maryland (State),QUINCE ORCHARD RD,W DIAMOND AVE,STRAIGHT MOVEMENT ANGLE,RAINING,WET,DAYLIGHT,TRAFFIC SIGNAL,NONE DETECTED,No,NO APPARENT INJURY,LOOKED BUT DID NOT SEE,MD,PASSENGER CAR,35,2014,TOYT,4S
MCP3309001M,230017561,Montgomery County Police,Property Damage Crash,04/13/2023 03:27:00 AM,Maryland (State),LAYHILL RD,CHESTER MILL RD,SINGLE VEHICLE,CLEAR,DRY,DARK NO LIGHTS,NO CONTROLS,NONE DETECTED,No,NO APPARENT INJURY,NOT DISTRACTED,MD,POLICE VEHICLE/NON EMERGENCY,35,2012,DODG,4S
MCP2946003P,210018001,Montgomery County Police,Property Damage Crash,05/13/2021 12:31:00 PM,Maryland (State),WOODFIELD RD,MAIN ST,SAME DIRECTION LEFT TURN,CLEAR,DRY,DAYLIGHT,,NONE DETECTED,Yes,NO APPARENT INJURY,OTHER ELECTRONIC DEVICE (NAVIGATIONAL PALM PILOT),PA,PASSENGER CAR,35,2017,VOLKSWAGEN,JETTA
MCP91130040,180047167,Montgomery County Police,Injury Crash,09/21/2018 07:43:00 AM,Maryland (State),GEORGIA AVE,HEWITT AVE,SAME DIR REAR END,CLOUDY,DRY,DAYLIGHT,TRAFFIC SIGNAL,NONE DETECTED,Yes,NO APPARENT INJURY,NOT DISTRACTED,MD,PICKUP TRUCK,45,2010,TOYT,TUNDRA
MCP2212002G,170529678,Montgomery County Police,Property Damage Crash,09-10-17 6:40,US (State),COLUMBIA PIKE,FAIRLAND RD,SAME DIR REAR END,CLEAR,DRY,DUSK,TRAFFIC SIGNAL,NONE DETECTED,Yes,NO APPARENT INJURY,NOT DISTRACTED,MD,PASSENGER CAR,50,2007,HONDA,CRV
MCP3171000S,190025853,Montgomery County Police,Injury Crash,05/30/2019 06:43:00 PM,Maryland (State),CLOPPER RD,GERMANTOWN RD,STRAIGHT MOVEMENT ANGLE,CLOUDY,DRY,DAYLIGHT,,NONE DETECTED,No,SUSPECTED MINOR INJURY,NOT DISTRACTED,MD,PASSENGER CAR,30,1996,TOYOTA,4DR
MCP2939003M,190022092,Montgomery County Police,Property Damage Crash,05-10-19 15:26,Maryland (State),GERMANTOWN RD,RICHTER FARM RD,SAME DIR REAR END,CLOUDY,WET,DAYLIGHT,TRAFFIC SIGNAL,,No,NO APPARENT INJURY,NOT DISTRACTED,MD,SCHOOL BUS,40,2011,THOM,BU
MCP2892003K,170546277,Montgomery County Police,Injury Crash,12-02-17 19:39,US (State),COLESVILLE RD,SPRING ST,SAME DIR REAR END,CLEAR,DRY,DARK LIGHTS ON,TRAFFIC SIGNAL,UNKNOWN,Yes,NO APPARENT INJURY,UNKNOWN,,,35,0,UNKNOWN,UNKNOWN
MCP3154001M,200003502,Montgomery County Police,Injury Crash,01/22/2020 06:25:00 AM,Maryland (State),CLOPPER RD,WARING STATION RD,SAME DIR REAR END,CLEAR,DRY,DARK NO LIGHTS,NO CONTROLS,NONE DETECTED,Yes,NO APPARENT INJURY,LOOKED BUT DID NOT SEE,MD,PASSENGER CAR,45,2013,TOYT,4S
MCP2752006C,240026843,MONTGOMERY,Property Damage Crash,06-05-24 20:00,County Route,MACARTHUR BLVD,,Single Vehicle,Rain,Wet,Dusk,No Controls,"Not Suspect of Alcohol Use, Not Suspect of Drug Use",No,No Apparent Injury,Not Distracted,MD,Sport Utility Vehicle,35,2003,TOYOTA,4-RUNNER
MCP2052002G,220003869,Montgomery County Police,Property Damage Crash,01/28/2022 11:57:00 PM,County,LETTERMAN CT,CUL DE SAC,SINGLE VEHICLE,,WET,DARK LIGHTS ON,,ALCOHOL CONTRIBUTED,Yes,NO APPARENT INJURY,UNKNOWN,MD,PASSENGER CAR,30,2018,HONDA,ACCORD
MCP2786004V,250026398,MONTGOMERY,Property Damage Crash,06/13/2025 12:50:00 PM,Maryland (State) Route,NEW HAMPSHIRE AVE (SB/L),QUAINT ACRES DR,Single Vehicle,Clear,Dry,Daylight,Traffic Control Signal,"Not Suspect of Alcohol Use, Not Suspect of Drug Use",Yes,No Apparent Injury,Not Distracted,DC,Passenger Car,40,2019,NISSAN,SENTRA
MCP1417007C,170508474,Montgomery County Police,Property Damage Crash,05/18/2017 12:35:00 PM,Maryland (State),FREDERICK RD,MONTGOMERY VILLAGE AVE,SAME DIR REAR END,,DRY,DAYLIGHT,TRAFFIC SIGNAL,NONE DETECTED,No,NO APPARENT INJURY,NOT DISTRACTED,MD,(SPORT) UTILITY VEHICLE,40,2011,NISSAN,MURANO
MCP3006006Y,220003568,Montgomery County Police,Property Damage Crash,01/27/2022 12:22:00 PM,Maryland (State),GEORGIA AVE,ARCOLA AVE,SAME DIRECTION SIDESWIPE,CLEAR,DRY,DAYLIGHT,TRAFFIC SIGNAL,NONE DETECTED,Unknown,NO APPARENT INJURY,NOT DISTRACTED,XX,PICKUP TRUCK,35,2014,FORD,F250
MCP3164004G,210019341,Montgomery County Police,Property Damage Crash,05/22/2021 11:45:00 AM,County,RANDOLPH RD,BUSHEY DR,HEAD ON LEFT TURN,CLEAR,DRY,DAYLIGHT,NO CONTROLS,NONE DETECTED,No,NO APPARENT INJURY,NOT DISTRACTED,MD,(SPORT) UTILITY VEHICLE,35,2005,BMW,X3
MCP3060002K,190052521,Montgomery County Police,Injury Crash,10/31/2019 10:34:00 PM,County,DEMOCRACY BLVD,RAMP 2 FR DEMOCRACY BLVD TO IS 270Y NB,SAME DIRECTION SIDESWIPE,RAINING,WET,DARK LIGHTS ON,TRAFFIC SIGNAL,,Yes,NO APPARENT INJURY,LOOKED BUT DID NOT SEE,DC,PASSENGER CAR,35,2012,VOLVO,S60 T5
MCP3372001R,230062739,Montgomery County Police,Injury Crash,10/26/2023 04:57:00 PM,Maryland (State),NORBECK RD,TWIN VALLEY CT,HEAD ON LEFT TURN,CLEAR,DRY,DAYLIGHT,NO CONTROLS,NONE DETECTED,No,NO APPARENT INJURY,NOT DISTRACTED,MD,SCHOOL BUS,35,2019,THMS,BU
MCP25130038,230059054,Montgomery County Police,Injury Crash,10-07-23 2:18,County,OAKLAWN CT,CUL DE SAC,HEAD ON,CLEAR,DRY,DARK LIGHTS ON,,NONE DETECTED,No,SUSPECTED MINOR INJURY,NOT DISTRACTED,MD,POLICE VEHICLE/EMERGENCY,25,2018,FORD,INTERCEPTOR
MCP27670088,200031873,Montgomery County Police,Property Damage Crash,08/15/2020 12:00:00 PM,,,,UNKNOWN,CLOUDY,,DAYLIGHT,NO CONTROLS,UNKNOWN,Yes,NO APPARENT INJURY,UNKNOWN,,(SPORT) UTILITY VEHICLE,0,2007,LEXUS,GX 470
DD5603001J,15019848,Rockville Police Departme,Property Damage Crash,04/27/2015 04:57:00 PM,Municipality,MARYLAND AVE,E MIDDLE LA,HEAD ON LEFT TURN,CLEAR,DRY,DAYLIGHT,TRAFFIC SIGNAL,NONE DETECTED,No,NO APPARENT INJURY,NOT DISTRACTED,MD,PASSENGER CAR,25,2009,TOYOTA,CAMRY
MCP3045000C,17014626,Montgomery County Police,Injury Crash,03/22/2017 11:40:00 AM,County,DEMOCRACY BLVD,SEVEN LOCKS RD,HEAD ON LEFT TURN,CLEAR,DRY,DAYLIGHT,TRAFFIC SIGNAL,NONE DETECTED,No,SUSPECTED SERIOUS INJURY,NOT DISTRACTED,MD,PASSENGER CAR,35,2015,BMW,4D
MCP2016007B,230055474,Montgomery County Police,Property Damage Crash,09/18/2023 08:27:00 AM,Maryland (State),FALLS RD,FALLSMEAD WAY,STRAIGHT MOVEMENT ANGLE,CLEAR,DRY,DAYLIGHT,STOP SIGN,,No,NO APPARENT INJURY,NOT DISTRACTED,MD,PASSENGER CAR,40,2011,ACURA,TSX
MCP23110077,240013459,MONTGOMERY,Injury Crash,03/21/2024 09:30:00 AM,US (State),COLUMBIA PIKE,,Front to Rear,Clear,Dry,Daylight,No Controls,"Not Suspect of Alcohol Use, Not Suspect of Drug Use",No,Possible Injury,Not Distracted,MD,Single-Unit Truck,45,2000,KENWORTH,C5 SERIES
MCP2844007D,240000220,MONTGOMERY,Injury Crash,01-02-24 13:10,Maryland (State) Route,CONNECTICUT AVE,,Other,Clear,Dry,Daylight,No Controls,"Not Suspect of Alcohol Use, Not Suspect of Drug Use",No,Suspected Minor Injury,Unknown,MD,Passenger Car,15,2010,HONDA,ACCORD
MCP12480002,200009899,Montgomery County Police,Property Damage Crash,02/28/2020 11:55:00 AM,Maryland (State),OLD GEORGETOWN RD,WISCONSIN AVE,SAME DIR BOTH LEFT TURN,CLEAR,DRY,DAYLIGHT,TRAFFIC SIGNAL,NONE DETECTED,Yes,NO APPARENT INJURY,LOOKED BUT DID NOT SEE,MD,"CARGO VAN/LIGHT TRUCK 2 AXLES (OVER 10,000LBS (4,536 KG))",35,2020,INTERNATIONAL,TRUCK
MCP3124003M,210006868,Montgomery County Police,Property Damage Crash,02/22/2021 07:46:00 PM,Maryland (State),GEORGIA AVE,LINDELL ST,STRAIGHT MOVEMENT ANGLE,CLOUDY,WET,DARK LIGHTS ON,STOP SIGN,NONE DETECTED,Yes,NO APPARENT INJURY,NOT DISTRACTED,MD,PASSENGER CAR,35,2019,FORD,FOCUS
MCP2861002L,17016456,Montgomery County Police,Property Damage Crash,03/31/2017 08:11:00 PM,Maryland (State),BRADLEY BLVD,WOODHAVEN BLVD,SAME DIR REAR END,RAINING,WET,DARK LIGHTS ON,NO CONTROLS,NONE DETECTED,No,NO APPARENT INJURY,NOT DISTRACTED,MD,PASSENGER CAR,35,2013,CHEV,TK
MCP26530011,16039983,Montgomery County Police,Property Damage Crash,08-07-16 5:50,Maryland (State),UNIVERSITY BLVD E,CARROLL AVE,SAME DIR REAR END,CLEAR,DRY,DARK LIGHTS ON,TRAFFIC SIGNAL,ALCOHOL CONTRIBUTED,Yes,NO APPARENT INJURY,UNKNOWN,MD,PASSENGER CAR,40,2014,NISSAN,ROGUE
MCP28570036,200029207,Montgomery County Police,Property Damage Crash,07/27/2020 08:50:00 PM,County,SNOUFFERS SCHOOL RD,ALLISTON HOLLOW WAY,SAME DIRECTION SIDESWIPE,CLEAR,DRY,DARK LIGHTS ON,TRAFFIC SIGNAL,NONE DETECTED,No,NO APPARENT INJURY,NOT DISTRACTED,FL,"MEDIUM/HEAVY TRUCKS 3 AXLES (OVER 10,000LBS (4,536KG))",35,1987,INTERNATIONAL,EAGLE 9370
MCP29740034,200024042,Montgomery County Police,Injury Crash,06/19/2020 05:37:00 PM,County,BRIGGS CHANEY RD,ROBEY RD,SAME DIR REAR END,CLEAR,WET,DAYLIGHT,NO CONTROLS,NONE DETECTED,No,POSSIBLE INJURY,NOT DISTRACTED,MD,PASSENGER CAR,35,2011,NISSAN,ROGUE
MCP2039009H,230065361,Montgomery County Police,Property Damage Crash,11-09-23 12:45,,,,OPPOSITE DIRECTION SIDESWIPE,CLEAR,,DAYLIGHT,,,No,NO APPARENT INJURY,UNKNOWN,MD,"CARGO VAN/LIGHT TRUCK 2 AXLES (OVER 10,000LBS (4,536 KG))",5,2010,CHEVROLET,VAN
MCP2991001G,16061403,Montgomery County Police,Property Damage Crash,11/30/2016 10:12:00 AM,Maryland (State),NORBECK RD,BRADFORD RD,SAME DIR REAR END,RAINING,WET,DAYLIGHT,,NONE DETECTED,Yes,NO APPARENT INJURY,NOT DISTRACTED,XX,VAN,35,1998,GMC,VN
MCP3355001T,250047811,MONTGOMERY,Property Damage Crash,10/24/2025 12:00:00 PM,Maryland (State) Route,COLESVILLE RD (WB/L),EAST WEST HWY,Angle,Clear,Dry,Daylight,Traffic Control Signal,"Unknown, Unknown",No,,,,,30,0,,
MCP2954001D,15066235,MONTGOMERY,Property Damage Crash,12/26/2015 11:09:00 AM,Maryland (State),GEORGIA AVE,LUZERNE AVE,SAME DIRECTION LEFT TURN,CLOUDY,WET,DAYLIGHT,OTHER,NONE DETECTED,No,NO APPARENT INJURY,UNKNOWN,DC,PASSENGER CAR,35,2015,JEEP,T4W
MCP304800F0,250029597,MONTGOMERY,Property Damage Crash,07-03-25 11:00,Municipality Route,N PARK AVE,FRIENDSHIP BLVD,Angle,Clear,Dry,Daylight,Stop Sign,"Not Suspect of Alcohol Use, Not Suspect of Drug Use",No,No Apparent Injury,Not Distracted,MD,Single-Unit Truck,10,2006,ISUZU,NPR
MCP3019005P,250019298,MONTGOMERY,Property Damage Crash,05-02-25 18:50,Maryland (State) Route,OLD GEORGETOWN RD,CORDELL AVE,Rear To Side,Clear,Dry,Daylight,No Controls,"Not Suspect of Alcohol Use, Not Suspect of Drug Use",Yes,No Apparent Injury,Not Distracted,MD,Passenger Car,35,2006,HONDA,CR-V
MCP2583004P,250030213,MONTGOMERY,Property Damage Crash,07-07-25 15:10,Private Route,METRO ENT,FREDERICK RD,Angle,Clear,Dry,Daylight,Traffic Control Signal,"Not Suspect of Alcohol Use, Not Suspect of Drug Use",Yes,No Apparent Injury,Unknown,MD,Passenger Car,40,2011,HONDA,ACCORD
MCP1152000P,190017069,Montgomery County Police,Property Damage Crash,04-12-19 11:45,County,ELM ST,ARLINGTON RD,OTHER,CLEAR,DRY,DAYLIGHT,NO CONTROLS,UNKNOWN,Yes,NO APPARENT INJURY,UNKNOWN,MD,PASSENGER CAR,25,2007,DODGE,NITRO
DD56030093,220005169,Rockville Police Departme,Injury Crash,02-06-22 16:25,Maryland (State),NORBECK RD,E GUDE DR,STRAIGHT MOVEMENT ANGLE,CLEAR,DRY,DAYLIGHT,TRAFFIC SIGNAL,NONE DETECTED,Unknown,POSSIBLE INJURY,LOOKED BUT DID NOT SEE,MD,PASSENGER CAR,35,2019,TOYOTA,SUV
MCP1334009X,200014866,Montgomery County Police,Injury Crash,04-03-20 8:40,County,DELTA DR,MEADOWVALE TERR,OPPOSITE DIRECTION SIDESWIPE,CLEAR,DRY,DAYLIGHT,NO CONTROLS,NONE DETECTED,Yes,NO APPARENT INJURY,LOOKED BUT DID NOT SEE,MD,PICKUP TRUCK,25,2002,FORD,F250
MCP2082003J,260000539,MONTGOMERY,Property Damage Crash,01-04-26 22:55,Maryland (State) Route,GEORGIA AVE (SB/L),,"Sideswipe, Same Direction",Clear,Dry,Dark - Lighted,No Controls,"Unknown, Unknown",No,,,,Pickup,35,2025,RAM,1500
HA25250001,23001435,Maryland-National Capital,Property Damage Crash,07/24/2023 04:25:00 PM,,,,SAME DIR REAR END,CLEAR,,DARK NO LIGHTS,NO CONTROLS,NONE DETECTED,No,NO APPARENT INJURY,NOT DISTRACTED,MD,PASSENGER CAR,10,2019,DODGE,DURANGO
EJ78840037,210047481,Gaithersburg Police Depar,Property Damage Crash,11/22/2021 04:20:00 PM,Maryland (State),FREDERICK RD,WATKINS MILL RD,OTHER,,DRY,DAYLIGHT,TRAFFIC SIGNAL,NONE DETECTED,Unknown,NO APPARENT INJURY,NOT DISTRACTED,MD,PASSENGER CAR,35,2020,TOYOTA,COROLLA
MCP22860022,180031486,Montgomery County Police,Injury Crash,06/26/2018 05:33:00 PM,County,E GUDE DR,DOVER RD,SAME DIR REAR END,CLEAR,DRY,DAYLIGHT,,,No,POSSIBLE INJURY,NOT DISTRACTED,MD,PASSENGER CAR,40,2000,TOYOTA,COROLLA
MCP2269000C,16059108,Montgomery County Police,Property Damage Crash,11/16/2016 08:01:00 PM,County,MONTGOMERY VILLAGE AVE,SPARROW VALLEY DR,SAME DIR REAR END,CLOUDY,DRY,DARK LIGHTS ON,NO CONTROLS,,No,NO APPARENT INJURY,NOT DISTRACTED,MD,PASSENGER CAR,35,2006,HOND,ODYSSEY
MCP1148001Q,170511547,Montgomery County Police,Injury Crash,06-03-17 12:44,Maryland (State),RIVER RD,ROYAL DOMINION DR,SAME DIR REAR END,CLEAR,DRY,DAYLIGHT,TRAFFIC SIGNAL,NONE DETECTED,Yes,NO APPARENT INJURY,NOT DISTRACTED,VA,PASSENGER CAR,50,2012,TOYOTA,COROLLA
MCP29050042,180032811,Montgomery County Police,Injury Crash,07-03-18 16:15,Maryland (State),OLD GEORGETOWN RD,RAMP 7 FR RAMP 2 (FR IS495) TO MD 187 SB,SAME DIR REAR END,,WET,DAYLIGHT,OTHER,,Yes,NO APPARENT INJURY,NOT DISTRACTED,FL,PASSENGER CAR,40,2015,TOYOTA,RAV4
DD5668000L,230066947,Rockville Police Departme,Property Damage Crash,11/17/2023 05:44:00 PM,Maryland (State),FIRST ST,MAPLE AVE,SAME DIR REAR END,CLEAR,DRY,DARK LIGHTS ON,NO CONTROLS,,Yes,NO APPARENT INJURY,NOT DISTRACTED,MD,PASSENGER CAR,35,2013,HYUN,ELANTRA
DD55940013,15039321,ROCKVILLE,Injury Crash,08-07-15 17:54,Maryland (State),W JEFFERSON ST,GREAT FALLS RD,SAME DIR REAR END,CLEAR,DRY,DAYLIGHT,TRAFFIC SIGNAL,NONE DETECTED,Yes,NO APPARENT INJURY,NOT DISTRACTED,MD,PASSENGER CAR,30,2011,CHEVY,VAN
MCP2395001S,210004249,Montgomery County Police,Injury Crash,02-02-21 20:01,Maryland (State),BEALLSVILLE RD,DARNESTOWN RD,SINGLE VEHICLE,CLOUDY,WET,DARK LIGHTS ON,,UNKNOWN,Yes,SUSPECTED MINOR INJURY,UNKNOWN,MD,PASSENGER CAR,30,2014,HOND,CIVIC
MCP2370002M,16036328,Montgomery County Police,Property Damage Crash,07/18/2016 11:17:00 AM,County,BRIGGS CHANEY RD,COLUMBIA PIKE,STRAIGHT MOVEMENT ANGLE,CLEAR,DRY,DAYLIGHT,TRAFFIC SIGNAL,NONE DETECTED,No,NO APPARENT INJURY,NOT DISTRACTED,TN,(SPORT) UTILITY VEHICLE,35,2000,CHEV,SUBURBAN
MCP3200004L,210053213,Montgomery County Police,Property Damage Crash,12/30/2021 03:07:00 PM,Maryland (State),WISCONSIN AVE,FAIRMONT AVE,SAME DIR REAR END,CLOUDY,WET,DAYLIGHT,NO CONTROLS,NONE DETECTED,No,NO APPARENT INJURY,NOT DISTRACTED,MD,PASSENGER CAR,35,2011,TOYOTA,CAMRY
DM85240019,250043531,TAKOMA,Injury Crash,09/27/2025 07:17:00 PM,Maryland (State) Route,NEW HAMPSHIRE AVE (SB/L),GLENSIDE DR,Angle,Rain,Wet,Dark - Lighted,Traffic Control Signal,"Not Suspect of Alcohol Use, Not Suspect of Drug Use",No,No Apparent Injury,Not Distracted,MD,Passenger Car,30,2025,TOYOTA,CAMRY
MCP1550005Z,250014124,MONTGOMERY,Injury Crash,04-01-25 9:38,County Route,NICHOLSON LA,WOODGLEN DR (NB/L),Angle,Clear,Dry,Daylight,Traffic Control Signal,"Not Suspect of Alcohol Use, Not Suspect of Drug Use",No,Suspected Minor Injury,Not Distracted,MD,Passenger Car,20,2020,SUBARU,OUTBACK
MCP28120025,16063242,Montgomery County Police,Property Damage Crash,12-09-16 15:57,Maryland (State),GEORGIA AVE,RAMP 5 FR MD 97 SB TO IS 495 EB,OTHER,CLEAR,DRY,DAYLIGHT,NO CONTROLS,,Yes,NO APPARENT INJURY,NOT DISTRACTED,VA,PASSENGER CAR,35,2004,TOYOTA,CAMRY
MCP3181000V,190034055,Montgomery County Police,Injury Crash,07/18/2019 06:58:00 AM,Maryland (State),GEORGIA AVE,MASON ST,SAME DIR REAR END,,DRY,DAYLIGHT,OTHER,,Yes,NO APPARENT INJURY,UNKNOWN,MD,PICKUP TRUCK,35,2018,FORD,F150
MCP1604000W,170501224,Montgomery County Police,Injury Crash,04-09-17 10:38,Maryland (State),MUNCASTER MILL RD,OLDE MILL RUN,SAME DIR REAR END,CLEAR,DRY,DAYLIGHT,NO CONTROLS,NONE DETECTED,Yes,NO APPARENT INJURY,UNKNOWN,MD,PASSENGER CAR,35,2000,HONDA,ACCORD
MCP27080017,16030326,Montgomery County Police,Property Damage Crash,06/15/2016 07:41:00 PM,Maryland (State),UNIVERSITY BLVD E,PINEY BRANCH RD,SAME DIR REAR END,,DRY,DAYLIGHT,TRAFFIC SIGNAL,NONE DETECTED,No,NO APPARENT INJURY,NOT DISTRACTED,MD,PASSENGER CAR,40,2011,TOYOTA,PRIUS
DM8476000J,190043691,Takoma Park Police Depart,Injury Crash,09-12-19 13:00,Maryland (State),NEW HAMPSHIRE AVE,HOLTON LA,SAME DIR REAR END,CLEAR,DRY,DAYLIGHT,TRAFFIC SIGNAL,NONE DETECTED,No,POSSIBLE INJURY,NOT DISTRACTED,MD,PASSENGER CAR,35,2014,HYUN,ACCENT GLS
MCP2827001W,15064782,MONTGOMERY,Property Damage Crash,12/18/2015 07:12:00 PM,Maryland (State),LAYHILL RD,GEORGIA AVE,OTHER,CLEAR,,DARK LIGHTS ON,NO CONTROLS,UNKNOWN,Yes,NO APPARENT INJURY,UNKNOWN,,PASSENGER CAR,40,2015,TOYOTA,RAV 4
MCP27770025,15058180,MONTGOMERY,Injury Crash,11/14/2015 04:45:00 PM,Maryland (State),ROCKVILLE PIKE,TUCKERMAN LA,HEAD ON LEFT TURN,CLEAR,DRY,DAYLIGHT,TRAFFIC SIGNAL,NONE DETECTED,No,NO APPARENT INJURY,NOT DISTRACTED,MD,PASSENGER CAR,40,2014,MAZDA,3
MCP3048009H,230010121,Montgomery County Police,Injury Crash,03-01-23 8:50,Maryland (State),CONNECTICUT AVE,DECATUR AVE,SAME DIRECTION RIGHT TURN,CLEAR,DRY,DAYLIGHT,NO CONTROLS,,No,SUSPECTED MINOR INJURY,NOT DISTRACTED,MD,PASSENGER CAR,35,2022,HONDA,ACCORD
DD56770004,240023565,ROCKVILLE,Property Damage Crash,05/18/2024 11:14:00 PM,Municipality Route,NELSON ST,,Single Vehicle,Clear,Dry,Dark - Lighted,No Controls,"Not Suspect of Alcohol Use, Not Suspect of Drug Use",No,No Apparent Injury,Not Distracted,MD,Sport Utility Vehicle,25,2018,JEEP,CHEROKEE
MCP3268002C,220042822,Montgomery County Police,Injury Crash,10-01-22 11:36,County,RANDOLPH RD,HAWKESBURY LA,SAME DIR REAR END,RAINING,WET,DAYLIGHT,TRAFFIC SIGNAL,NONE DETECTED,Yes,POSSIBLE INJURY,NOT DISTRACTED,MD,PASSENGER CAR,35,2013,DODGE,DART
MCP9438001S,240030457,MONTGOMERY,Property Damage Crash,06/27/2024 07:00:00 PM,County Route,SHAKESPEARE BLVD (WB/L),,Front to Rear,Clear,Dry,Daylight,No Controls,"Not Suspect of Alcohol Use, Not Suspect of Drug Use",No,No Apparent Injury,Not Distracted,MD,Passenger Car,35,2022,TOYOTA,COROLLA
MCP23990016,16060158,Montgomery County Police,Injury Crash,11/23/2016 08:32:00 PM,Maryland (State),MIDCOUNTY HWY,PIER POINT PL,SAME DIR REAR END,CLEAR,DRY,DARK NO LIGHTS,NO CONTROLS,NONE DETECTED,No,POSSIBLE INJURY,NOT DISTRACTED,MD,(SPORT) UTILITY VEHICLE,35,2010,HONDA,PILOT
HA2492000G,22001883,Maryland-National Capital,Property Damage Crash,10/26/2022 01:15:00 PM,County,CANNON RD,NEW HAMPSHIRE AVE,SAME DIRECTION SIDESWIPE,CLOUDY,WET,DAYLIGHT,NO CONTROLS,UNKNOWN,Yes,NO APPARENT INJURY,UNKNOWN,,,25,0,UNKNOWN,UNKNOWN
MCP3195002V,210042036,Montgomery County Police,Property Damage Crash,10/19/2021 06:22:00 PM,Maryland (State),NEW HAMPSHIRE AVE,THOMAS DR,STRAIGHT MOVEMENT ANGLE,CLEAR,DRY,DUSK,STOP SIGN,NONE DETECTED,No,NO APPARENT INJURY,NOT DISTRACTED,MD,PASSENGER CAR,40,2006,NISSAN,MAXIMA
MCP3285000W,210014444,Montgomery County Police,Property Damage Crash,04/18/2021 12:22:00 PM,Maryland (State),OLNEY LAYTONSVILLE RD,RIGGS RD,HEAD ON LEFT TURN,CLEAR,DRY,DAYLIGHT,NO CONTROLS,,Yes,NO APPARENT INJURY,INATTENTIVE OR LOST IN THOUGHT,MD,PASSENGER CAR,30,2015,HYUNDAI,ELANTRA
MCP26860064,230022458,Montgomery County Police,Property Damage Crash,05-10-23 17:27,Maryland (State),GREAT SENECA HWY,DAIRYMAID DR,HEAD ON LEFT TURN,CLEAR,DRY,DAYLIGHT,NO CONTROLS,NONE DETECTED,Yes,NO APPARENT INJURY,NOT DISTRACTED,MD,(SPORT) UTILITY VEHICLE,45,2021,TOYT,RAV4
MCP32620066,250040689,MONTGOMERY,Injury Crash,09-10-25 15:30,US (State),COLUMBIA PIKE,,Unknown,Clear,Dry,Daylight,Traffic Control Signal,"Not Suspect of Alcohol Use, Not Suspect of Drug Use",Yes,No Apparent Injury,Unknown,MD,Passenger Car,35,2024,TOYOTA,TACOMA
MCP30400041,190041989,Montgomery County Police,Property Damage Crash,09-02-19 14:30,Maryland (State),OLNEY SANDY SPRING RD,GEORGIA AVE,STRAIGHT MOVEMENT ANGLE,CLEAR,DRY,DAYLIGHT,TRAFFIC SIGNAL,,Yes,NO APPARENT INJURY,LOOKED BUT DID NOT SEE,FL,PASSENGER CAR,30,2012,CHEV,COMARO
MCP04870020,170544497,Montgomery County Police,Property Damage Crash,11/23/2017 08:15:00 AM,County,MIDCOUNTY HWY,SPUR FR SHADY GROVE RD,SINGLE VEHICLE,,DRY,DAYLIGHT,TRAFFIC SIGNAL,UNKNOWN,Yes,NO APPARENT INJURY,LOOKED BUT DID NOT SEE,,PASSENGER CAR,45,1994,HONDA,2DR
MCP31920016,200034219,Montgomery County Police,Property Damage Crash,09-01-20 15:47,Maryland (State),UNIVERSITY BLVD E,WILLIAMSBURG DR,SAME DIR REAR END,CLEAR,DRY,DAYLIGHT,TRAFFIC SIGNAL,NONE DETECTED,Yes,NO APPARENT INJURY,OTHER DISTRACTION,MD,PASSENGER CAR,35,2006,BMW,325