Report Number,Local Case Number,Agency Name,ACRS Report Type,Crash Date/Time,Route Type,Road Name,Cross-Street Name,Collision Type,Weather,Surface Condition,Light,Traffic Control,Driver Substance Abuse,Driver At Fault,Injury Severity,Driver Distracted By,Drivers License State,Vehicle Body Type,Speed Limit,Vehicle Year,Vehicle Make,Vehicle Model
MCP235800DF,250004463,MONTGOMERY,Property Damage Crash,01/31/2025 08:00:00 AM,Maryland (State) Route,RIVER RD,,Front to Rear,Rain,Wet,Daylight,Traffic Control Signal,"Not Suspect of Alcohol Use, Not Suspect of Drug Use",Yes,No Apparent Injury,Not Distracted,MD,Passenger Car,35,2016,MAZDA,CX-5
MCP2689004N,180031639,Montgomery County Police,Injury Crash,06/27/2018 01:09:00 PM,Maryland (State),FALLS RD,TUCKERMAN LA,HEAD ON LEFT TURN,CLOUDY,DRY,DAYLIGHT,TRAFFIC SIGNAL,NONE DETECTED,No,POSSIBLE INJURY,NOT DISTRACTED,MD,PICKUP TRUCK,35,2013,FORD,F-150
MCP302600B5,230029112,Montgomery County Police,Property Damage Crash,06/16/2023 01:15:00 PM,,,,OTHER,CLEAR,,DAYLIGHT,NO CONTROLS,UNKNOWN,Yes,NO APPARENT INJURY,UNKNOWN,MD,PASSENGER CAR,10,2021,TOYOTA,SEDAN
MCP31810026,220037141,Montgomery County Police,Injury Crash,08/28/2022 12:01:00 AM,,,,STRAIGHT MOVEMENT ANGLE,,,DARK LIGHTS ON,OTHER,,Yes,POSSIBLE INJURY,INATTENTIVE OR LOST IN THOUGHT,MD,PASSENGER CAR,15,2003,TOYOTA,COROLLA
MCP2087001Z,170534160,Montgomery County Police,Injury Crash,10-01-17 13:07,County,MAGELLAN AVE,GLASGOW DR,SINGLE VEHICLE,CLEAR,DRY,DAYLIGHT,STOP SIGN,NONE DETECTED,No,NO APPARENT INJURY,NOT DISTRACTED,MD,UNKNOWN,25,2009,TOYT,4S
MCP2867003D,17010630,Montgomery County Police,Property Damage Crash,02/28/2017 06:10:00 AM,Maryland (State),NEW HAMPSHIRE AVE,ADELPHI RD,SAME DIRECTION LEFT TURN,CLEAR,DRY,DARK NO LIGHTS,,,No,NO APPARENT INJURY,NOT DISTRACTED,MD,PASSENGER CAR,40,1994,TOYOTA,CAMRY
MCP2108002G,250048019,MONTGOMERY,Property Damage Crash,10/25/2025 08:54:00 PM,County Route,SCOTT DR,OVERLEA DR,Front to Front,Clear,Dry,Dark - Lighted,Stop Sign,"Not Suspect of Alcohol Use, Not Suspect of Drug Use",No,No Apparent Injury,Unknown,MD,Sport Utility Vehicle,25,2021,CHEVROLET,TAHOE
MCP2880001S,210001509,Montgomery County Police,Injury Crash,01-12-21 17:01,County,CENTERWAY RD,STRAWBERRY KNOLL RD,STRAIGHT MOVEMENT ANGLE,,DRY,DAYLIGHT,STOP SIGN,NONE DETECTED,No,NO APPARENT INJURY,NOT DISTRACTED,MD,TRANSIT BUS,35,2019,GILG,BUS
MCP3158000C,180051553,Montgomery County Police,Injury Crash,10/15/2018 09:12:00 AM,County,AIRPARK RD,MUNCASTER MILL RD,HEAD ON LEFT TURN,CLEAR,WET,DAYLIGHT,,NONE DETECTED,No,POSSIBLE INJURY,UNKNOWN,MD,PASSENGER CAR,40,2001,BMW,4S
MCP1417005Q,16044862,Montgomery County Police,Property Damage Crash,09-02-16 12:03,Maryland (State),QUINCE ORCHARD RD,RAMP 1 FR RAMP 8 (FR IS270) TO MD 124 EB,SAME DIR REAR END,CLEAR,DRY,DAYLIGHT,NO CONTROLS,NONE DETECTED,No,NO APPARENT INJURY,NOT DISTRACTED,MD,PASSENGER CAR,35,2013,LINCOLN,MKZ
MCP3263004X,240055251,MONTGOMERY,Injury Crash,11/18/2024 09:04:00 AM,Maryland (State) Route,ROCKVILLE PIKE,BELLEVUE DR,Front to Front,Clear,Dry,Daylight,Traffic Control Signal,"Not Suspect of Alcohol Use, Not Suspect of Drug Use",No,Suspected Minor Injury,Not Distracted,MD,Passenger Car,35,2024,ACURA,RDX
MCP2871001N,15023107,Montgomery County Police,Injury Crash,05/14/2015 06:47:00 PM,Maryland (State),BRADLEY BLVD,ABERDEEN RD,STRAIGHT MOVEMENT ANGLE,CLEAR,DRY,DAYLIGHT,STOP SIGN,NONE DETECTED,Yes,NO APPARENT INJURY,LOOKED BUT DID NOT SEE,MD,PASSENGER CAR,35,2000,ACURA,TL
EJ7858008F,230067636,Gaithersburg Police Depar,Property Damage Crash,11/21/2023 02:34:00 PM,,,,OPPOSITE DIRECTION SIDESWIPE,RAINING,,DAYLIGHT,NO CONTROLS,NONE DETECTED,No,NO APPARENT INJURY,NOT DISTRACTED,MD,PASSENGER CAR,0,2013,NISSAN,SU
MCP2905004L,190008522,Montgomery County Police,Property Damage Crash,02/22/2019 01:39:00 PM,Maryland (State),RIVER RD,WILLARD AVE,OPPOSITE DIRECTION SIDESWIPE,CLOUDY,DRY,DAYLIGHT,NO CONTROLS,,Unknown,NO APPARENT INJURY,UNKNOWN,MD,PICKUP TRUCK,35,2018,CHEVROLET,SILVERADO
MCP3035002P,200046490,Montgomery County Police,Property Damage Crash,11/24/2020 09:50:00 PM,County,GOSHEN RD,CENTERWAY RD,SAME DIR REAR END,CLEAR,DRY,DARK LIGHTS ON,TRAFFIC SIGNAL,NONE DETECTED,No,NO APPARENT INJURY,NOT DISTRACTED,MA,PASSENGER CAR,35,2009,HYUNDAI,SANTA FE
MCP25260018,170525961,Montgomery County Police,Injury Crash,08/18/2017 04:16:00 PM,County,SHADY GROVE RD,BLACKWELL RD,STRAIGHT MOVEMENT ANGLE,CLOUDY,DRY,DAYLIGHT,NO CONTROLS,,No,POSSIBLE INJURY,NOT DISTRACTED,MD,STATION WAGON,35,2005,FORD,SW
MCP2902005C,210045565,Montgomery County Police,Property Damage Crash,11-10-21 13:44,Maryland (State),OLD HUNDRED RD,COMUS RD,STRAIGHT MOVEMENT ANGLE,CLEAR,DRY,DAYLIGHT,STOP SIGN,,No,NO APPARENT INJURY,NOT DISTRACTED,MD,(SPORT) UTILITY VEHICLE,45,2003,FORD,EXPEDITION
MCP2885002N,180029853,Montgomery County Police,Property Damage Crash,06/17/2018 12:45:00 AM,County,ENNALLS AVE,GEORGIA AVE,SAME DIR REAR END,CLEAR,DRY,DARK LIGHTS ON,NO CONTROLS,ALCOHOL PRESENT,Yes,NO APPARENT INJURY,UNKNOWN,MD,PASSENGER CAR,25,2016,GMC,TERRAIN
MCP11130020,180033140,Montgomery County Police,Property Damage Crash,07-05-18 14:24,Maryland (State),RIDGE RD,BELLISON RD,STRAIGHT MOVEMENT ANGLE,CLOUDY,DRY,DAYLIGHT,NO CONTROLS,NONE DETECTED,No,NO APPARENT INJURY,NOT DISTRACTED,MD,(SPORT) UTILITY VEHICLE,40,2004,JEEP,TK
MCP3200003D,210032705,Montgomery County Police,Injury Crash,08/22/2021 07:18:00 AM,County,MONTROSE RD,E JEFFERSON ST,SINGLE VEHICLE,CLEAR,DRY,DAWN,TRAFFIC SIGNAL,NONE DETECTED,Yes,SUSPECTED MINOR INJURY,UNKNOWN,MD,PASSENGER CAR,35,1997,HONDA,CIVIC LX
MCP26410022,210012415,Montgomery County Police,Property Damage Crash,03-11-21 4:00,County,E RANDOLPH RD,TOURMALINE CT,SINGLE VEHICLE,CLEAR,DRY,DARK LIGHTS ON,NO CONTROLS,,Yes,NO APPARENT INJURY,UNKNOWN,MD,POLICE VEHICLE/NON EMERGENCY,35,2015,HONDA,ACCORD
MCP27360021,15012105,Montgomery County Police,Property Damage Crash,03/16/2015 03:45:00 PM,Maryland (State),MASSACHUSETTS AVE,LITTLE FALLS PKWY,OPPOSITE DIRECTION SIDESWIPE,CLEAR,DRY,DAYLIGHT,TRAFFIC SIGNAL,NONE DETECTED,Yes,NO APPARENT INJURY,NOT DISTRACTED,MD,SCHOOL BUS,35,2003,THOM,BUS
MCP2475005N,210003893,Montgomery County Police,Injury Crash,01/30/2021 04:10:00 PM,Maryland (State),NEW HAMPSHIRE AVE,OAKVIEW DR,SAME DIR REAR END,,DRY,DAYLIGHT,NO CONTROLS,NONE DETECTED,Yes,NO APPARENT INJURY,LOOKED BUT DID NOT SEE,XX,PICKUP TRUCK,40,1999,CHEVY,SILVERADO
MCP1550004K,230031254,Montgomery County Police,Property Damage Crash,06/30/2023 12:19:00 PM,,,,OTHER,CLEAR,,DAYLIGHT,NO CONTROLS,UNKNOWN,Yes,NO APPARENT INJURY,UNKNOWN,MD,PASSENGER CAR,10,2012,TOYOTA,PRIUS
MCP263900DS,220007736,Montgomery County Police,Property Damage Crash,02/22/2022 10:25:00 AM,County,BRINK RD,GOSHEN RD,SAME DIR REAR END,CLOUDY,WET,DAYLIGHT,STOP SIGN,ALCOHOL CONTRIBUTED,Yes,NO APPARENT INJURY,NOT DISTRACTED,MD,PASSENGER CAR,35,2013,VOLVO,S60
MCP2950002R,230064087,Montgomery County Police,Injury Crash,11-03-23 0:12,Maryland (State),FREDERICK RD,MIDDLEBROOK RD,STRAIGHT MOVEMENT ANGLE,CLEAR,DRY,DARK LIGHTS ON,TRAFFIC SIGNAL,NONE DETECTED,Yes,NO APPARENT INJURY,LOOKED BUT DID NOT SEE,MD,PASSENGER CAR,40,2019,TOYOTA,CAMRY
MCP3348000R,230033009,Montgomery County Police,Property Damage Crash,07-11-23 12:35,Maryland (State),GEORGIA AVE,SHOREFIELD RD,STRAIGHT MOVEMENT ANGLE,CLEAR,DRY,DAYLIGHT,TRAFFIC SIGNAL,NONE DETECTED,No,NO APPARENT INJURY,NOT DISTRACTED,MD,PASSENGER CAR,35,2018,DODG,UT
MCP22310010,15007956,Montgomery County Police,Injury Crash,02/18/2015 08:26:00 AM,Maryland (State),ROCKVILLE PIKE,TUCKERMAN LA,SAME DIR REAR END,CLEAR,WET,DAYLIGHT,NO CONTROLS,NONE DETECTED,Yes,NO APPARENT INJURY,NOT DISTRACTED,MD,PASSENGER CAR,45,2004,HOND,ACCORD
MCP102200CF,190025355,Montgomery County Police,Injury Crash,05/28/2019 02:18:00 PM,Maryland (State),CLOPPER RD,MATENY RD,OPPOSITE DIRECTION SIDESWIPE,CLEAR,DRY,DAYLIGHT,NO CONTROLS,NONE DETECTED,No,SUSPECTED SERIOUS INJURY,NOT DISTRACTED,MD,PASSENGER CAR,40,2010,CHEVROLET,CORVETTE
MCP2586003L,180002786,Montgomery County Police,Property Damage Crash,01/14/2018 10:33:00 PM,,,,OTHER,CLEAR,,UNKNOWN,,UNKNOWN,Yes,NO APPARENT INJURY,UNKNOWN,,PASSENGER CAR,25,2008,HONDA,ACCORD
MCP2378000Y,190054587,Montgomery County Police,Injury Crash,11-12-19 19:26,US (State),COLUMBIA PIKE,GREENCASTLE RD,SAME DIR REAR END,,DRY,DARK LIGHTS ON,TRAFFIC SIGNAL,NONE DETECTED,No,POSSIBLE INJURY,NOT DISTRACTED,MD,PASSENGER CAR,55,2018,VOLKSWAGEN,SW
MCP3114002R,220053762,Montgomery County Police,Property Damage Crash,12-05-22 19:47,Maryland (State),UNIVERSITY BLVD W,LORAIN AVE,SAME DIRECTION SIDESWIPE,CLEAR,DRY,DARK LIGHTS ON,,,No,NO APPARENT INJURY,NOT DISTRACTED,MD,PASSENGER CAR,40,2010,FORD,TK
MCP3191003K,220027209,Montgomery County Police,Property Damage Crash,06/24/2022 10:00:00 AM,Maryland (State),FREDERICK RD,RIDGEMONT AVE,STRAIGHT MOVEMENT ANGLE,CLEAR,DRY,DAYLIGHT,TRAFFIC SIGNAL,NONE DETECTED,No,NO APPARENT INJURY,NOT DISTRACTED,MD,PASSENGER CAR,35,2008,CHEV,COLORADO
MCP2814004H,240022724,MONTGOMERY,Property Damage Crash,05/13/2024 01:00:00 PM,Maryland (State) Route,ROCKVILLE PIKE,EDMONSTON DR,Front to Rear,Clear,Dry,Daylight,No Controls,"Not Suspect of Alcohol Use, Not Suspect of Drug Use",No,No Apparent Injury,Not Distracted,MD,Passenger Car,40,2014,MERCEDES-BENZ,GLK-CLASS
MCP2664004W,190024948,Montgomery County Police,Injury Crash,05/25/2019 04:46:00 PM,,GOOD HOPE DR,GOOD HOPE RD,SINGLE VEHICLE,CLEAR,DRY,DAYLIGHT,NO CONTROLS,ALCOHOL PRESENT,Yes,SUSPECTED MINOR INJURY,UNKNOWN,MD,(SPORT) UTILITY VEHICLE,5,2017,TOYTOA,RAV4
MCP2688001Z,16016032,Montgomery County Police,Property Damage Crash,04-02-16 1:06,,,,SINGLE VEHICLE,,,DARK LIGHTS ON,,ALCOHOL PRESENT,Yes,NO APPARENT INJURY,NOT DISTRACTED,DC,PASSENGER CAR,10,2012,HYUNDAI,ELANTRA
MCP25450019,240019254,MONTGOMERY,Property Damage Crash,04/25/2024 08:15:00 AM,,,,Single Vehicle,Clear,,Daylight,,"Not Suspect of Alcohol Use, Not Suspect of Drug Use",No,No Apparent Injury,Not Distracted,MD,Other Trucks,0,2018,K & W LOAD STAR,UNKNOWN
MCP3271003Q,230056503,Montgomery County Police,Property Damage Crash,09/23/2023 03:35:00 PM,Maryland (State),GOLDSBORO RD,MACARTHUR BLVD,HEAD ON LEFT TURN,CLOUDY,WET,DAYLIGHT,YIELD SIGN,NONE DETECTED,Yes,NO APPARENT INJURY,UNKNOWN,VA,PASSENGER CAR,30,2015,GMC,YUKON XL
MCP21210021,200048068,Montgomery County Police,Property Damage Crash,12-06-20 11:30,County,WHITES FERRY RD,WASCHE RD,OPPOSITE DIRECTION SIDESWIPE,CLEAR,DRY,DAYLIGHT,NO CONTROLS,NONE DETECTED,Yes,NO APPARENT INJURY,NOT DISTRACTED,MD,PICKUP TRUCK,40,2004,TOYOTA,TACOMA
MCP9419001R,180043256,Montgomery County Police,Property Damage Crash,08/30/2018 12:54:00 PM,Maryland (State),FREDERICK RD,ENT TO MONT CO WASTE TRANSFER STATION,STRAIGHT MOVEMENT ANGLE,CLEAR,DRY,DAYLIGHT,TRAFFIC SIGNAL,NONE DETECTED,Yes,NO APPARENT INJURY,NOT DISTRACTED,MD,PASSENGER CAR,40,2003,ACUR,2S
EJ7852004P,210026862,Gaithersburg Police Depar,Injury Crash,07-12-21 17:30,Maryland (State),FREDERICK RD,MARYLAND AVE,OTHER,RAINING,WET,DAYLIGHT,NO CONTROLS,NONE DETECTED,Yes,NO APPARENT INJURY,UNKNOWN,MD,PASSENGER CAR,30,2005,CHRYSLER,300
DD5603002H,16007780,Rockville Police Departme,Injury Crash,02/16/2016 02:30:00 PM,Municipality,ROLLINS AVE,ROCKVILLE PIKE,SAME DIRECTION LEFT TURN,RAINING,WET,DAYLIGHT,,NONE DETECTED,No,SUSPECTED MINOR INJURY,NOT DISTRACTED,MD,PASSENGER CAR,25,2010,HONDA,FIT
MCP2846002H,16066298,Montgomery County Police,Injury Crash,12/25/2016 02:49:00 PM,Maryland (State),GEORGIA AVE,WINDHAM LA,SAME DIR REAR END,CLEAR,DRY,DAYLIGHT,NO CONTROLS,NONE DETECTED,No,NO APPARENT INJURY,NOT DISTRACTED,MD,PASSENGER CAR,40,2004,HOND,4S
MCP3045001R,180035350,Montgomery County Police,Property Damage Crash,07/17/2018 01:58:00 PM,Maryland (State),ROCKVILLE PIKE,SOUTH DR,HEAD ON LEFT TURN,CLEAR,DRY,DAYLIGHT,TRAFFIC SIGNAL,NONE DETECTED,Yes,NO APPARENT INJURY,LOOKED BUT DID NOT SEE,MD,PASSENGER CAR,35,2007,TOYOTA,COROLLA
MCP157500B4,200000906,Montgomery County Police,Injury Crash,01-06-20 15:02,County,TUCKERMAN LA,DEBORAH DR,STRAIGHT MOVEMENT ANGLE,CLEAR,DRY,DAYLIGHT,STOP SIGN,NONE DETECTED,Yes,POSSIBLE INJURY,LOOKED BUT DID NOT SEE,DC,PASSENGER CAR,25,2016,TOYOTA,COROLLA
MCP2952009L,200005744,Montgomery County Police,Injury Crash,02-04-20 6:19,Government,SLIGO CREEK PKWY,PINEY BRANCH RD,STRAIGHT MOVEMENT ANGLE,RAINING,WET,DARK LIGHTS ON,TRAFFIC SIGNAL,NONE DETECTED,Unknown,POSSIBLE INJURY,NOT DISTRACTED,DC,(SPORT) UTILITY VEHICLE,35,2019,NISSAN,ROGUE
MCP27180035,180013692,Montgomery County Police,Injury Crash,03/19/2018 03:00:00 PM,County,RANDOLPH RD,PARKLAWN DR,HEAD ON LEFT TURN,,DRY,DAYLIGHT,,,Yes,NO APPARENT INJURY,UNKNOWN,,VAN,35,2006,DODGE,CARAVAN
EJ7839002T,170550560,Gaithersburg Police Depar,Property Damage Crash,12/24/2017 04:00:00 PM,Maryland (State),MONTGOMERY VILLAGE AVE,FREDERICK RD,OTHER,CLEAR,DRY,DAYLIGHT,TRAFFIC SIGNAL,NONE DETECTED,No,NO APPARENT INJURY,NOT DISTRACTED,MD,PASSENGER CAR,35,2012,HONDA,PILOT
DD5637002M,210026451,Rockville Police Departme,Property Damage Crash,07-09-21 19:42,,,,STRAIGHT MOVEMENT ANGLE,CLEAR,,DAYLIGHT,NO CONTROLS,NONE DETECTED,Yes,NO APPARENT INJURY,LOOKED BUT DID NOT SEE,MD,POLICE VEHICLE/EMERGENCY,0,2019,FORD,4D
MCP2875007C,230031493,Montgomery County Police,Property Damage Crash,07-01-23 19:54,,,,OTHER,RAINING,,DAYLIGHT,NO CONTROLS,UNKNOWN,Yes,NO APPARENT INJURY,UNKNOWN,,(SPORT) UTILITY VEHICLE,0,2006,CHEVROLET,EQUINOX
MCP1563006S,210030556,Montgomery County Police,Property Damage Crash,08-06-21 13:35,Maryland (State),CONNECTICUT AVE,BRADLEY LA,SAME DIRECTION RIGHT TURN,CLEAR,DRY,DAYLIGHT,NO CONTROLS,NONE DETECTED,No,NO APPARENT INJURY,NOT DISTRACTED,MD,"CARGO VAN/LIGHT TRUCK 2 AXLES (OVER 10,000LBS (4,536 KG))",30,2002,FORD,TK
MCP2809002J,15058288,MONTGOMERY,Injury Crash,11/15/2015 11:55:00 AM,County,BUCKNELL DR,FRANWALL AVE,SAME DIRECTION SIDESWIPE,,DRY,DAYLIGHT,NO CONTROLS,,Yes,POSSIBLE INJURY,NOT DISTRACTED,MD,PASSENGER CAR,30,2004,TOYOTA,RAV4
EJ7870003T,210021484,Gaithersburg Police Depar,Property Damage Crash,06-06-21 13:09,County,N SUMMIT AVE,PARK AVE,SAME DIR REAR END,CLEAR,DRY,DAYLIGHT,NO CONTROLS,NONE DETECTED,Yes,NO APPARENT INJURY,LOOKED BUT DID NOT SEE,MD,PASSENGER CAR,25,2019,CADILLAC,ESCALADE
MCP2347004F,230065076,Montgomery County Police,Injury Crash,11-08-23 9:38,County,BERLEIGH HILL CT,CUL DE SAC,OTHER,CLEAR,DRY,DAYLIGHT,NO CONTROLS,NONE DETECTED,Yes,NO APPARENT INJURY,LOOKED BUT DID NOT SEE,MD,PASSENGER CAR,25,2013,DODGE,DURANGO
MCP3170002P,22004722,Montgomery County Police,Property Damage Crash,10/24/2022 09:07:00 PM,Maryland (State),RIDGE RD,DAMASCUS MANOR RD,SAME DIR REAR END,RAINING,WET,DARK LIGHTS ON,NO CONTROLS,NONE DETECTED,Yes,NO APPARENT INJURY,LOOKED BUT DID NOT SEE,MD,PASSENGER CAR,30,2005,ACURA,4S
MCP2683002B,16062140,Montgomery County Police,Injury Crash,12-03-16 17:42,Municipality,WATKINS MILL RD,RUSSELL AVE,STRAIGHT MOVEMENT ANGLE,CLEAR,DRY,DARK LIGHTS ON,STOP SIGN,NONE DETECTED,No,SUSPECTED MINOR INJURY,NOT DISTRACTED,MD,PASSENGER CAR,35,2007,NISSAN,ALTIMA
EJ78290067,190044927,Gaithersburg Police Depar,Property Damage Crash,09/19/2019 03:30:00 PM,Municipality,W DEER PARK RD,SUMMIT HALL RD,OTHER,CLEAR,DRY,DAYLIGHT,NO CONTROLS,ALCOHOL PRESENT,Yes,NO APPARENT INJURY,UNKNOWN,MD,PASSENGER CAR,25,2005,HONDA,4 DR
MCP2072005L,220021689,Montgomery County Police,Injury Crash,05/21/2022 01:07:00 PM,Maryland (State),FREDERICK RD,MIDDLEBROOK RD,SAME DIR REAR END,CLEAR,DRY,DAYLIGHT,TRAFFIC SIGNAL,NONE DETECTED,No,NO APPARENT INJURY,NOT DISTRACTED,MD,PASSENGER CAR,45,2018,TOYT,TK
MCP3158001X,190060803,Montgomery County Police,Property Damage Crash,12/17/2019 05:52:00 PM,County,SHADY GROVE RD,MUNCASTER MILL RD,OTHER,CLEAR,,DARK LIGHTS ON,,NONE DETECTED,No,NO APPARENT INJURY,NOT DISTRACTED,MD,PASSENGER CAR,45,2014,BMW,4S
MCP2830004B,190010794,Montgomery County Police,Property Damage Crash,03-08-19 11:30,Maryland (State),GEORGIA AVE,QUEEN MARY DR,STRAIGHT MOVEMENT ANGLE,SNOW,OTHER,DAYLIGHT,STOP SIGN,NONE DETECTED,No,NO APPARENT INJURY,NOT DISTRACTED,MD,(SPORT) UTILITY VEHICLE,30,2005,FORD,TK
MCP10990016,170505081,Montgomery County Police,Property Damage Crash,04/30/2017 02:02:00 PM,County,SNOUFFERS SCHOOL RD,STRUC #M0065 CABIN BRANCH,SINGLE VEHICLE,CLEAR,DRY,DAYLIGHT,,NONE DETECTED,Unknown,NO APPARENT INJURY,NOT DISTRACTED,MD,"OTHER LIGHT TRUCKS (10,000LBS (4,536KG) OR LESS)",25,2017,RAM,TK
MCP204600CQ,210021578,Montgomery County Police,Property Damage Crash,06-07-21 9:29,US (State),COLUMBIA PIKE,LOCKWOOD DR,SAME DIR REAR END,CLEAR,DRY,DAYLIGHT,TRAFFIC SIGNAL,NONE DETECTED,No,NO APPARENT INJURY,NOT DISTRACTED,MD,SCHOOL BUS,40,2020,THMS,BU
MCP22980046,15004865,Montgomery County Police,Injury Crash,01/30/2015 03:51:00 PM,County,RIDGE RD,FREDERICK RD,SAME DIR REAR END,CLEAR,DRY,DAYLIGHT,TRAFFIC SIGNAL,NONE DETECTED,No,SUSPECTED MINOR INJURY,NOT DISTRACTED,MD,PASSENGER CAR,45,2004,TOYT,COROLLA
MCP1438006S,180039608,Montgomery County Police,Injury Crash,08-09-18 18:00,Maryland (State),QUINCE ORCHARD RD,ENT TO PARK & RIDE,HEAD ON LEFT TURN,CLEAR,DRY,DAYLIGHT,TRAFFIC SIGNAL,NONE DETECTED,No,NO APPARENT INJURY,NOT DISTRACTED,MD,PASSENGER CAR,40,2013,BMW,TK
MCP29140059,170529922,Montgomery County Police,Injury Crash,09-11-17 15:55,US (State),COLUMBIA PIKE,NORTHWEST DR,SAME DIR REAR END,CLEAR,,DAYLIGHT,NO CONTROLS,,No,POSSIBLE INJURY,NOT DISTRACTED,MD,PASSENGER CAR,40,1997,TOYOTA,CAMRY
MCP3090002C,190020582,Montgomery County Police,Injury Crash,05-02-19 10:00,County,DARNESTOWN RD,SHADY GROVE RD,SAME DIR REAR END,CLEAR,DRY,DAYLIGHT,YIELD SIGN,,No,POSSIBLE INJURY,NOT DISTRACTED,MD,(SPORT) UTILITY VEHICLE,40,2015,TOYOTA,RAV4
MCP27450036,250038662,MONTGOMERY,Injury Crash,08/29/2025 12:16:00 PM,County Route,MIDCOUNTY HWY,WASHINGTON GROVE LA (SB/L),"Sideswipe, Opposite Direction",Clear,Dry,Daylight,Traffic Control Signal,"Not Suspect of Alcohol Use, Not Suspect of Drug Use",Yes,Possible Injury,Not Distracted,MD,Passenger Car,35,2023,KIA,SOUL
MCP3094003L,240002418,MONTGOMERY,Injury Crash,01/15/2024 04:46:00 PM,Maryland (State) Route,,FLOWER HILL WAY,"Sideswipe, Opposite Direction",Snow,Wet,Dusk,Traffic Control Signal,"Not Suspect of Alcohol Use, Not Suspect of Drug Use",No,No Apparent Injury,Not Distracted,MD,Passenger Car,35,2012,HONDA,ACCORD
MCP2291006N,230011387,Montgomery County Police,Injury Crash,03-08-23 13:20,Maryland (State),RIVER RD,FALLS RD,SAME DIRECTION SIDESWIPE,CLEAR,DRY,DAYLIGHT,NO CONTROLS,NONE DETECTED,Yes,POSSIBLE INJURY,LOOKED BUT DID NOT SEE,MD,PASSENGER CAR,30,2020,NISSAN,ALTIMA
MCP3355000G,230023597,Montgomery County Police,Injury Crash,05/17/2023 07:31:00 AM,County,FOREST GLEN RD,WOODLAND DR,SAME DIRECTION RIGHT TURN,CLEAR,DRY,DAYLIGHT,NO CONTROLS,NONE DETECTED,No,SUSPECTED MINOR INJURY,NOT DISTRACTED,MD,PASSENGER CAR,25,2014,HONDA,CIVIC
MCP9118003F,220057045,Montgomery County Police,Property Damage Crash,12/23/2022 10:50:00 PM,County,RANDOLPH RD,CONNECTICUT AVE,HEAD ON LEFT TURN,CLEAR,DRY,DARK LIGHTS ON,TRAFFIC SIGNAL,NONE DETECTED,No,NO APPARENT INJURY,NOT DISTRACTED,MD,(SPORT) UTILITY VEHICLE,35,2018,JEEP,WRANGLER
MCP2456000N,15028909,Montgomery County Police,Property Damage Crash,06/14/2015 08:14:00 AM,County,BRADFORD RD,PLYMOUTH ST,STRAIGHT MOVEMENT ANGLE,CLEAR,DRY,DAYLIGHT,STOP SIGN,,Yes,NO APPARENT INJURY,NOT DISTRACTED,MD,PASSENGER CAR,15,2015,CHEVROLET,MALIBU
MCP30100066,210044675,Montgomery County Police,Property Damage Crash,11-04-21 14:02,Maryland (State),ROCKVILLE PIKE,CROSSOVER,STRAIGHT MOVEMENT ANGLE,CLEAR,DRY,DAYLIGHT,NO CONTROLS,,Yes,NO APPARENT INJURY,LOOKED BUT DID NOT SEE,MD,(SPORT) UTILITY VEHICLE,40,2017,HYUNDAI,SANTA FE
MCP3184000T,190045496,Montgomery County Police,Property Damage Crash,09/22/2019 11:22:00 PM,County,E RANDOLPH RD,FAIRLAND RD,SINGLE VEHICLE,CLEAR,DRY,DARK LIGHTS ON,,,No,NO APPARENT INJURY,NOT DISTRACTED,MD,PASSENGER CAR,35,2012,NISSAN,ALTIMA
MCP2631000K,15026419,Montgomery County Police,Property Damage Crash,06-01-15 12:00,,,,OTHER,CLEAR,,DAYLIGHT,,UNKNOWN,Yes,NO APPARENT INJURY,UNKNOWN,,PASSENGER CAR,0,1997,HONDA,CIVIC
MCP29650041,190050739,Montgomery County Police,Property Damage Crash,10/22/2019 03:00:00 PM,,,,OTHER,RAINING,,DAYLIGHT,,,No,NO APPARENT INJURY,NO DRIVER PRESENT,MD,PASSENGER CAR,5,2015,AUDI,A4
MCP2940007F,240041897,MONTGOMERY,Property Damage Crash,09-04-24 11:50,County Route,MONTROSE RD,,Front to Rear,Clear,Dry,Daylight,No Controls,"Not Suspect of Alcohol Use, Not Suspect of Drug Use",No,No Apparent Injury,Not Distracted,MD,Sport Utility Vehicle,35,2007,TOYOTA,HIGHLANDER
MCP2549004V,15059017,MONTGOMERY,Property Damage Crash,11/19/2015 06:54:00 AM,Maryland (State),EAST WEST HWY,CONNECTICUT AVE,SAME DIR REAR END,CLOUDY,WET,DAWN,,NONE DETECTED,No,NO APPARENT INJURY,NOT DISTRACTED,MD,TRANSIT BUS,35,2008,NEW FLYER,TRANSIT BUS
MCP2946002W,180053821,Montgomery County Police,Property Damage Crash,10/27/2018 01:13:00 PM,County,RIDGE RD,OBSERVATION DR,SAME DIR REAR END,RAINING,WET,DAYLIGHT,TRAFFIC SIGNAL,NONE DETECTED,No,NO APPARENT INJURY,NOT DISTRACTED,MD,PASSENGER CAR,45,2017,TOYOTA,COROLLA
DD5649002Z,230013609,Rockville Police Departme,Injury Crash,03/21/2023 01:16:00 AM,Municipality,HALPINE RD,ROCKVILLE PIKE,OTHER,,DRY,DARK LIGHTS ON,TRAFFIC SIGNAL,,Yes,NO APPARENT INJURY,OTHER ELECTRONIC DEVICE (NAVIGATIONAL PALM PILOT),MD,(SPORT) UTILITY VEHICLE,35,2008,MITS,SU
EJ7887001D,210047984,Gaithersburg Police Depar,Property Damage Crash,11/26/2021 04:00:00 AM,,,,UNKNOWN,OTHER,,DARK -- UNKNOWN LIGHTING,NO CONTROLS,UNKNOWN,Yes,NO APPARENT INJURY,UNKNOWN,,,15,0,UNKNOWN,UNKNOWN