Report Number,Local Case Number,Agency Name,ACRS Report Type,Crash Date/Time,Route Type,Road Name,Cross-Street Name,Collision Type,Weather,Surface Condition,Light,Traffic Control,Driver Substance Abuse,Driver At Fault,Injury Severity,Driver Distracted By,Drivers License State,Vehicle Body Type,Speed Limit,Vehicle Year,Vehicle Make,Vehicle Model
MCP3079002F,190031573,Montgomery County Police,Property Damage Crash,07-02-19 17:50,County,FATHER HURLEY BLVD,BEGIN BRIDGE,SAME DIR REAR END,RAINING,WET,DAYLIGHT,TRAFFIC SIGNAL,NONE DETECTED,Yes,NO APPARENT INJURY,NOT DISTRACTED,MD,PASSENGER CAR,45,2006,SUZUKI,FORENZA
MCP2748000H,15051874,MONTGOMERY,Injury Crash,10/13/2015 04:58:00 AM,County,WOODMONT AVE,BATTERY LA,STRAIGHT MOVEMENT ANGLE,,DRY,DARK LIGHTS ON,FLASHING TRAFFIC SIGNAL,NONE DETECTED,Yes,SUSPECTED MINOR INJURY,NOT DISTRACTED,US,PASSENGER CAR,30,2010,LEXUS,E35
MCP2438001P,180011830,Montgomery County Police,Property Damage Crash,03-08-18 19:52,Interstate (State),CAPITAL BELTWAY,STRUC #15137 NORTHWEST BRANCH,SAME DIR REAR END,CLEAR,DRY,DARK NO LIGHTS,NO CONTROLS,,No,NO APPARENT INJURY,NOT DISTRACTED,MD,PASSENGER CAR,55,2015,VOLKSWAGEN,4S
EJ7846000Q,15011482,Gaithersburg Police Depar,Injury Crash,03-12-15 17:39,Maryland (State),FREDERICK RD,MONTGOMERY AVE,ANGLE MEETS LEFT HEAD ON,CLEAR,DRY,DAYLIGHT,STOP SIGN,NONE DETECTED,No,NO APPARENT INJURY,NOT DISTRACTED,MD,PASSENGER CAR,35,2012,FORD,FOCUS
MCP3353001N,230057400,Montgomery County Police,Property Damage Crash,09/28/2023 09:51:00 PM,Maryland (State),ROCKVILLE PIKE,ENT TO FEDERAL PLAZA S.C.,STRAIGHT MOVEMENT ANGLE,CLEAR,,DARK LIGHTS ON,TRAFFIC SIGNAL,NONE DETECTED,No,NO APPARENT INJURY,NOT DISTRACTED,MD,PASSENGER CAR,25,2016,SUBA,FORESTER
MCP29640012,15061415,MONTGOMERY,Property Damage Crash,12-01-15 19:43,County,SENECA MEADOWS PKWY,CROSSOVER,SINGLE VEHICLE,CLOUDY,WET,DARK LIGHTS ON,NO CONTROLS,NONE DETECTED,Yes,NO APPARENT INJURY,UNKNOWN,MD,PASSENGER CAR,35,2009,HONDA,CIVIC
MCP27630044,220058039,Montgomery County Police,Property Damage Crash,12/31/2022 04:03:00 PM,County,AIRPARK RD,STRATOS LA,SAME DIRECTION SIDESWIPE,RAINING,WET,DAWN,NO CONTROLS,NONE DETECTED,Yes,NO APPARENT INJURY,NOT DISTRACTED,MD,PASSENGER CAR,40,2008,TOYOTA,TUNDRA
DD5658001K,230066918,Rockville Police Departme,Property Damage Crash,11/17/2023 02:43:00 PM,,1400 VEIRS MILL ROAD,,SAME DIR REAR END,CLEAR,DRY,DAYLIGHT,,,Yes,NO APPARENT INJURY,OTHER DISTRACTION,MD,PASSENGER CAR,35,2016,RAM,TK
MCP2902006S,240031828,MONTGOMERY,Injury Crash,07-06-24 11:36,Maryland (State) Route,FREDERICK RD,,Front to Rear,Clear,Dry,Daylight,No Controls,"Not Suspect of Alcohol Use, Not Suspect of Drug Use",No,No Apparent Injury,Not Distracted,MD,Sport Utility Vehicle,45,2020,DODGE,DURANGO
MCP26370064,250022873,MONTGOMERY,Injury Crash,05/23/2025 01:29:00 PM,County Route,TRAVILAH RD,RIVER RD RIVERS EDGE DR,Angle,Clear,Dry,Daylight,Stop Sign,"Not Suspect of Alcohol Use, Not Suspect of Drug Use",No,Suspected Minor Injury,Not Distracted,MD,Pickup,30,2007,TOYOTA,TACOMA
MCP30660012,190003860,Montgomery County Police,Property Damage Crash,01/24/2019 09:31:00 PM,Maryland (State),BRADLEY BLVD,LELAND ST,STRAIGHT MOVEMENT ANGLE,CLEAR,DRY,DARK LIGHTS ON,TRAFFIC SIGNAL,,Yes,NO APPARENT INJURY,UNKNOWN,MD,PASSENGER CAR,35,2012,TOYT,4S
MCP1291001K,180051460,Montgomery County Police,Property Damage Crash,10/14/2018 03:30:00 PM,Maryland (State),GREAT SENECA HWY,MUDDY BRANCH RD,STRAIGHT MOVEMENT ANGLE,CLOUDY,DRY,DAYLIGHT,TRAFFIC SIGNAL,,Yes,NO APPARENT INJURY,NOT DISTRACTED,MD,PASSENGER CAR,50,2016,HONDA,CIVIC
MCP3003000D,16030513,Montgomery County Police,Property Damage Crash,06/16/2016 06:35:00 PM,Maryland (State),WOODFIELD RD,BISCAYNE LA,SAME DIR REAR END,CLEAR,DRY,DAYLIGHT,NO CONTROLS,NONE DETECTED,No,NO APPARENT INJURY,NOT DISTRACTED,MD,PICKUP TRUCK,40,2014,FORD,F150
MCP3009000K,16057200,Montgomery County Police,Injury Crash,11-06-16 2:41,Maryland (State),CLOPPER RD,MATENY RD,STRAIGHT MOVEMENT ANGLE,CLEAR,DRY,DARK LIGHTS ON,FLASHING TRAFFIC SIGNAL,,No,NO APPARENT INJURY,NOT DISTRACTED,MD,PASSENGER CAR,45,2015,TOYOTA,COROLLA
MCP3060003B,220019830,Montgomery County Police,Property Damage Crash,05-10-22 11:14,Maryland (State),BRADLEY BLVD,ARLINGTON RD,SAME DIRECTION LEFT TURN,CLEAR,DRY,DAYLIGHT,TRAFFIC SIGNAL,,No,NO APPARENT INJURY,NOT DISTRACTED,MD,PASSENGER CAR,25,2008,GMC,VAN
EJ78650019,170517466,Gaithersburg Police Depar,Property Damage Crash,07-05-17 16:00,,,,SAME DIR REAR END,CLEAR,,DAYLIGHT,NO CONTROLS,NONE DETECTED,Yes,NO APPARENT INJURY,NOT DISTRACTED,MD,PASSENGER CAR,15,2016,HYUNDAI,ELANTRA
MCP3207002T,220027999,Montgomery County Police,Injury Crash,06/29/2022 06:04:00 PM,County,RANDOLPH RD,HAWKESBURY LA,SAME DIRECTION SIDESWIPE,CLEAR,DRY,DAYLIGHT,NO CONTROLS,NONE DETECTED,Yes,SUSPECTED MINOR INJURY,NOT DISTRACTED,MD,PASSENGER CAR,45,2021,HYUANDI,ACCENT
MCP30770024,240052291,MONTGOMERY,Property Damage Crash,10/31/2024 04:37:00 PM,Maryland (State) Route,,,Front to Rear,Clear,Dry,Daylight,Lane Use Control Signal,"Not Suspect of Alcohol Use, Not Suspect of Drug Use",No,No Apparent Injury,Not Distracted,MD,Bus - School,40,2008,FREIGHTLINER,B2 BUS CHASSIS
MCP25830026,220012569,Montgomery County Police,Injury Crash,03/23/2022 05:50:00 PM,County,PINEY MEETINGHOUSE RD,BOSWELL LA,OPPOSITE DIRECTION SIDESWIPE,CLOUDY,WET,DAYLIGHT,,,No,POSSIBLE INJURY,NOT DISTRACTED,MD,PASSENGER CAR,30,2010,HONDA,CRV
MCP1575008K,190010084,Montgomery County Police,Property Damage Crash,03-04-19 12:50,County,RANDOLPH RD,CHAPMAN AVE,SAME DIRECTION RIGHT TURN,CLEAR,DRY,DAYLIGHT,TRAFFIC SIGNAL,NONE DETECTED,No,NO APPARENT INJURY,NOT DISTRACTED,MD,PASSENGER CAR,40,2016,KIA,4H
MCP2763002L,190055077,Montgomery County Police,Property Damage Crash,11/15/2019 10:30:00 AM,County,SNOUFFERS SCHOOL RD,WOODFIELD RD,SAME DIR REAR END,CLEAR,DRY,DAYLIGHT,NO CONTROLS,NONE DETECTED,No,NO APPARENT INJURY,NOT DISTRACTED,MD,PASSENGER CAR,40,2015,HONDA,CIVIV
DM84940013,210032121,Takoma Park Police Depart,Property Damage Crash,08/18/2021 09:28:00 AM,Maryland (State),NEW HAMPSHIRE AVE,GLENSIDE DR,SAME DIR REAR END,CLOUDY,DRY,DAYLIGHT,,,Yes,NO APPARENT INJURY,UNKNOWN,MD,VAN,30,1995,GMC,VANDURA 3500
MCP27140011,190012238,Montgomery County Police,Property Damage Crash,03/16/2019 08:12:00 PM,County,ATHERTON DR,CONNECTICUT AVE,HEAD ON LEFT TURN,CLEAR,DRY,DARK LIGHTS ON,NO CONTROLS,,No,NO APPARENT INJURY,NOT DISTRACTED,MD,PASSENGER CAR,45,1999,MERC,2S
MCP31230074,240026844,MONTGOMERY,Injury Crash,06-05-24 19:18,County Route,SUGARLAND RD,PARTNERSHIP RD,Rear To Side,Severe Crosswinds,"Water (standing, moving)",Other,No Controls,"Not Suspect of Alcohol Use, Not Suspect of Drug Use",No,Suspected Minor Injury,Not Distracted,MD,Passenger Car,35,2011,TOYOTA,YARIS
MCP2641001N,200043491,Montgomery County Police,Property Damage Crash,11-04-20 10:00,Maryland (State),WOODFIELD RD,MOYER RD,SAME DIR REAR END,CLEAR,DRY,DAYLIGHT,,NONE DETECTED,No,NO APPARENT INJURY,NOT DISTRACTED,MD,PICKUP TRUCK,40,2016,FORD,F150
MCP2470000M,15001424,Montgomery County Police,Property Damage Crash,01-09-15 16:06,,,,SAME DIRECTION RIGHT TURN,CLEAR,,DAYLIGHT,STOP SIGN,NONE DETECTED,No,NO APPARENT INJURY,NOT DISTRACTED,MD,PASSENGER CAR,25,2012,MITS,LANCER
MCP2496003Q,220048382,Montgomery County Police,Property Damage Crash,11-03-22 10:01,Maryland (State),DARNESTOWN RD,JONES LA,OPPOSITE DIRECTION SIDESWIPE,CLEAR,DRY,DAYLIGHT,NO CONTROLS,NONE DETECTED,No,NO APPARENT INJURY,NOT DISTRACTED,MD,PASSENGER CAR,30,2020,HONDA,SD
MCP2244002N,180063443,Montgomery County Police,Property Damage Crash,12/19/2018 06:21:00 PM,County,FLOWER AVE,ARLISS ST,SAME DIRECTION SIDESWIPE,CLEAR,DRY,DARK LIGHTS ON,OTHER,NONE DETECTED,No,NO APPARENT INJURY,NOT DISTRACTED,MD,TRANSIT BUS,40,2011,GILLIG,LOW FLOOR
EJ78700041,210024650,Gaithersburg Police Depar,Property Damage Crash,06/27/2021 02:55:00 PM,Maryland (State),CLOPPER RD,GAME PRESERVE RD,SINGLE VEHICLE,CLEAR,DRY,DAYLIGHT,NO CONTROLS,NONE DETECTED,No,NO APPARENT INJURY,NOT DISTRACTED,MD,VAN,35,2005,HOND,ODYSSEY
DD5642003K,220040736,Rockville Police Departme,Property Damage Crash,09/19/2022 12:40:00 PM,Municipality,MANNAKEE ST,S CAMPUS DR,SINGLE VEHICLE,CLEAR,DRY,DAYLIGHT,STOP SIGN,NONE DETECTED,Yes,NO APPARENT INJURY,UNKNOWN,MD,PASSENGER CAR,25,2017,DODGE,CHARGER
MCP3192001G,200041004,Montgomery County Police,Property Damage Crash,10/17/2020 07:27:00 PM,Maryland (State),PINEY BRANCH RD,UNIVERSITY BLVD E,STRAIGHT MOVEMENT ANGLE,CLEAR,DRY,DARK LIGHTS ON,TRAFFIC SIGNAL,NONE DETECTED,No,NO APPARENT INJURY,NOT DISTRACTED,XX,PASSENGER CAR,30,2008,FORD,E-250
DD56350019,190033469,Rockville Police Departme,Property Damage Crash,07/14/2019 02:55:00 PM,Municipality,N WASHINGTON ST,W MIDDLE LA,OTHER,CLEAR,DRY,DAYLIGHT,TRAFFIC SIGNAL,NONE DETECTED,Yes,NO APPARENT INJURY,UNKNOWN,MD,PASSENGER CAR,25,2009,TOYT,4S
MCP3294002L,240053849,MONTGOMERY,Injury Crash,11-09-24 15:45,County Route,,,Front to Rear,Clear,Dry,Daylight,Traffic Control Signal,"Not Suspect of Alcohol Use, Not Suspect of Drug Use",Yes,No Apparent Injury,Not Distracted,MD,Passenger Car,35,2003,TOYOTA,COROLLA
MCP29310056,210029159,Montgomery County Police,Injury Crash,07/27/2021 06:58:00 PM,County,MONTROSE RD,TOWER OAKS BLVD,ANGLE MEETS RIGHT TURN,CLEAR,DRY,DAYLIGHT,TRAFFIC SIGNAL,NONE DETECTED,Yes,SUSPECTED MINOR INJURY,UNKNOWN,MD,PASSENGER CAR,35,2020,HONDA,CRV
MCP24970017,180015877,Montgomery County Police,Property Damage Crash,04-02-18 8:35,County,GREAT SENECA HWY,DARNESTOWN RD,ANGLE MEETS LEFT TURN,RAINING,WET,DAYLIGHT,TRAFFIC SIGNAL,NONE DETECTED,No,NO APPARENT INJURY,NOT DISTRACTED,MD,PASSENGER CAR,40,1999,MERZ,TK
MCP2370001F,15002354,Montgomery County Police,Property Damage Crash,01/15/2015 12:42:00 PM,US (State),COLUMBIA PIKE,MUSGROVE RD,SAME DIR REAR END,CLEAR,DRY,DAYLIGHT,TRAFFIC SIGNAL,NONE DETECTED,Yes,NO APPARENT INJURY,NOT DISTRACTED,MD,TRUCK TRACTOR,50,2004,STERLING,TRUCK
MCP14330007,15003240,Montgomery County Police,Property Damage Crash,01/20/2015 06:42:00 PM,,,,SINGLE VEHICLE,CLOUDY,,DARK LIGHTS ON,NO CONTROLS,NONE DETECTED,Yes,NO APPARENT INJURY,LOOKED BUT DID NOT SEE,MD,PASSENGER CAR,15,2007,CHEVROLET,IMPALA
DD5646001D,210033745,Rockville Police Departme,Property Damage Crash,08/29/2021 03:20:00 PM,,,,SINGLE VEHICLE,CLEAR,,DAYLIGHT,NO CONTROLS,,Yes,NO APPARENT INJURY,UNKNOWN,MD,POLICE VEHICLE/EMERGENCY,0,2014,DODGE,CHARGER
DD56380022,200037534,Rockville Police Departme,Property Damage Crash,09/24/2020 12:30:00 PM,Maryland (State),ROCKVILLE PIKE,W EDMONSTON DR,SAME DIR REAR END,CLEAR,DRY,DAYLIGHT,OTHER,NONE DETECTED,No,NO APPARENT INJURY,NOT DISTRACTED,MD,PASSENGER CAR,35,2015,KIA,FORTE
MCP3388001V,250013654,MONTGOMERY,Injury Crash,03/29/2025 12:38:00 AM,Maryland (State) Route,16TH ST (SB/L),EAST WEST HWY,Other,Clear,Dry,Dark - Lighted,Traffic Control Signal,"Not Suspect of Alcohol Use, Not Suspect of Drug Use",No,Suspected Minor Injury,Not Distracted,MD,Passenger Car,30,2001,HONDA,CR-V
MCP2372002L,190059495,Montgomery County Police,Property Damage Crash,12-10-19 11:45,Maryland (State),MASSACHUSETTS AVE,RAMSGATE RD,SAME DIR REAR END,RAINING,WET,DAYLIGHT,NO CONTROLS,NONE DETECTED,Yes,NO APPARENT INJURY,NOT DISTRACTED,MD,(SPORT) UTILITY VEHICLE,30,2012,ACURA,MDX
MCP2464002B,220004987,Montgomery County Police,Property Damage Crash,02-05-22 10:17,County,BLACKBURN RD,BALLET WAY,OTHER,,DRY,DAYLIGHT,STOP SIGN,NONE DETECTED,No,NO APPARENT INJURY,NOT DISTRACTED,MD,PASSENGER CAR,35,2017,HONDA,CIVIC
DM83360038,200011466,Takoma Park Police Depart,Property Damage Crash,03-08-20 17:21,Maryland (State),NEW HAMPSHIRE AVE,HOLTON LA,SAME DIR REAR END,CLEAR,DRY,DAYLIGHT,TRAFFIC SIGNAL,NONE DETECTED,No,NO APPARENT INJURY,NOT DISTRACTED,MD,PASSENGER CAR,35,2010,CHEVY,TRAVERSE
MCP30650024,180042332,Montgomery County Police,Property Damage Crash,08/25/2018 06:47:00 AM,Municipality,CHICAGO AVE,PHILADELPHIA AVE,STRAIGHT MOVEMENT ANGLE,CLEAR,DRY,DAYLIGHT,STOP SIGN,NONE DETECTED,No,NO APPARENT INJURY,NOT DISTRACTED,MD,TRANSIT BUS,35,2011,NEWVAL2011,BUS
MCP13780159,230048631,Montgomery County Police,Injury Crash,08-09-23 17:33,County,QUINCE ORCHARD RD,DUFIEF MILL RD,SINGLE VEHICLE,CLEAR,DRY,DAYLIGHT,NO CONTROLS,NONE DETECTED,Yes,POSSIBLE INJURY,ADJUSTING AUDIO AND OR CLIMATE CONTROLS,MD,PASSENGER CAR,35,2010,INFI,SD
MCP2736003Q,16039691,Montgomery County Police,Property Damage Crash,08-05-16 17:18,County,NEBEL ST,OLD GEORGETOWN RD,STRAIGHT MOVEMENT ANGLE,CLEAR,DRY,DAYLIGHT,TRAFFIC SIGNAL,NONE DETECTED,Yes,NO APPARENT INJURY,NOT DISTRACTED,MD,PASSENGER CAR,35,2004,LEXU,4S
MCP9379004S,230027499,Montgomery County Police,Property Damage Crash,06-08-23 8:15,County,REDLAND RD,FREDERICK RD,STRAIGHT MOVEMENT ANGLE,CLEAR,DRY,DAYLIGHT,TRAFFIC SIGNAL,NONE DETECTED,No,NO APPARENT INJURY,NOT DISTRACTED,MD,PASSENGER CAR,35,2016,CHEVY,4S
DD562000BZ,240062297,ROCKVILLE,Injury Crash,12/31/2024 12:00:00 PM,,,,Single Vehicle,Clear,,Daylight,,"Not Suspect of Alcohol Use, Not Suspect of Drug Use",Yes,No Apparent Injury,Not Distracted,MD,Passenger Car,0,2013,TOYOTA,HIGHLANDER
MCP2311006N,210003372,Montgomery County Police,Property Damage Crash,01/27/2021 11:34:00 AM,County,GOSHEN RD,CENTERWAY RD,SAME DIR REAR END,CLEAR,DRY,DAYLIGHT,NO CONTROLS,NONE DETECTED,Yes,NO APPARENT INJURY,NOT DISTRACTED,MD,PASSENGER CAR,35,2016,TOYT,4S
MCP29170052,190041598,Montgomery County Police,Property Damage Crash,08/30/2019 05:50:00 PM,Maryland (State),CONNECTICUT AVE,ASPEN HILL RD,SAME DIRECTION SIDESWIPE,CLEAR,DRY,DAYLIGHT,NO CONTROLS,NONE DETECTED,Yes,NO APPARENT INJURY,LOOKED BUT DID NOT SEE,MD,PASSENGER CAR,45,2011,FORD,ESCAPE
MCP2825001Q,220018825,Montgomery County Police,Injury Crash,05-03-22 17:30,County,MIDDLEBROOK RD,GERMANTOWN RD,SAME DIRECTION LEFT TURN,CLEAR,DRY,DAYLIGHT,NO CONTROLS,NONE DETECTED,No,SUSPECTED MINOR INJURY,NOT DISTRACTED,MD,PASSENGER CAR,40,2013,BMW,4S
MCP2752002F,180027903,Montgomery County Police,Property Damage Crash,06-06-18 15:30,County,CROMWELL DR,WILTSHIRE DR,OTHER,CLEAR,DRY,DAYLIGHT,NO CONTROLS,,Yes,NO APPARENT INJURY,NO DRIVER PRESENT,,PASSENGER CAR,25,2016,HYUN,4S
MCP1433002C,190014441,Montgomery County Police,Property Damage Crash,03/28/2019 07:08:00 PM,County,MONTROSE RD,TOWER OAKS BLVD,SAME DIR REAR END,CLEAR,DRY,DAYLIGHT,TRAFFIC SIGNAL,NONE DETECTED,Yes,NO APPARENT INJURY,LOOKED BUT DID NOT SEE,MD,(SPORT) UTILITY VEHICLE,40,2014,CHEV,EQUINOX
MCP3093005M,240037641,MONTGOMERY,Injury Crash,08-09-24 17:41,Maryland (State) Route,,RAYBURN RD,Other,Clear,Wet,Daylight,No Controls,"Not Suspect of Alcohol Use, Not Suspect of Drug Use",No,Possible Injury,Not Distracted,CA,Sport Utility Vehicle,30,2024,TOYOTA,RAV4
MCP1305003V,190061844,Montgomery County Police,Injury Crash,12/23/2019 07:15:00 PM,Maryland (State),WOODFIELD RD,FLOWER HILL WAY,SAME DIR REAR END,CLEAR,DRY,DARK LIGHTS ON,TRAFFIC SIGNAL,NONE DETECTED,Yes,NO APPARENT INJURY,LOOKED BUT DID NOT SEE,MD,PASSENGER CAR,35,2016,TOYOTA,4S
MCP2464000V,16050464,Montgomery County Police,Property Damage Crash,10-01-16 14:13,Maryland (State),CONNECTICUT AVE,EAST WEST HWY,OTHER,RAINING,WET,DAYLIGHT,,NONE DETECTED,Unknown,NO APPARENT INJURY,UNKNOWN,WV,VAN,30,2014,FORD,VAN
MCP1205007Y,220022333,Montgomery County Police,Property Damage Crash,05/25/2022 09:06:00 AM,,,,OTHER,CLOUDY,,DARK LIGHTS ON,NO CONTROLS,UNKNOWN,Yes,NO APPARENT INJURY,UNKNOWN,,PASSENGER CAR,10,2015,HYUNDAI,SONATA
MCP31110031,200042096,Montgomery County Police,Property Damage Crash,10/25/2020 02:00:00 PM,Other Public Roadway,MONTROSE PKWY,MONTROSE RD,SAME DIR REAR END,RAINING,WET,DAYLIGHT,NO CONTROLS,NONE DETECTED,No,NO APPARENT INJURY,NOT DISTRACTED,MD,PASSENGER CAR,35,2012,LINCOLN,MKZ
MCP30800032,220030616,Montgomery County Police,Injury Crash,07/16/2022 08:36:00 PM,Maryland (State),GREAT SENECA HWY,MATENY RD,SINGLE VEHICLE,CLEAR,DRY,DUSK,,NONE DETECTED,Yes,POSSIBLE INJURY,UNKNOWN,MD,PASSENGER CAR,50,2008,TOYOTA,VAN
MCP27800064,220049881,Montgomery County Police,Property Damage Crash,11-11-22 14:50,County,FATHER HURLEY BLVD,CRYSTAL ROCK DR,STRAIGHT MOVEMENT ANGLE,RAINING,WET,DAYLIGHT,TRAFFIC SIGNAL,,No,NO APPARENT INJURY,NOT DISTRACTED,MD,PASSENGER CAR,35,2012,KIA,FORTE
DM8386001F,210001127,Takoma Park Police Depart,Property Damage Crash,01-09-21 14:00,Municipality,LEE AVE,CARROLL AVE,ANGLE MEETS RIGHT TURN,,DRY,DAYLIGHT,NO CONTROLS,NONE DETECTED,Yes,NO APPARENT INJURY,UNKNOWN,MD,(SPORT) UTILITY VEHICLE,25,2010,NISSAN,ROGUE
MCP21070055,240019266,MONTGOMERY,Property Damage Crash,04/25/2024 09:44:00 AM,County Route,GATEWAY CENTER DR (NB/L),,Front to Rear,Clear,Dry,Daylight,Traffic Control Signal,"Not Suspect of Alcohol Use, Not Suspect of Drug Use",No,No Apparent Injury,Not Distracted,MD,Bus - School,30,2022,THOMAS BUILT,SCHOOL BUS
EJ7847001Q,16012863,Gaithersburg Police Depar,Injury Crash,03/15/2016 09:00:00 PM,,,,SINGLE VEHICLE,CLEAR,,DARK LIGHTS ON,NO CONTROLS,NONE DETECTED,Yes,POSSIBLE INJURY,NOT DISTRACTED,VA,TRUCK TRACTOR,5,2016,VOLVO,TT
DD5620005P,200038924,Rockville Police Departme,Property Damage Crash,10-03-20 11:30,Ramp,RAMP 1 FR IS 270 NB TO MD 28 WB,EISENHOWER MEMORIAL HWY,SAME DIR REAR END,CLEAR,DRY,DAYLIGHT,TRAFFIC SIGNAL,NONE DETECTED,No,NO APPARENT INJURY,NOT DISTRACTED,MD,PASSENGER CAR,30,2013,TOYOTA,CAMRY
MCP26000017,15036972,MONTGOMERY,Property Damage Crash,07/26/2015 05:30:00 PM,Maryland (State),NEW HAMPSHIRE AVE,OAKVIEW DR,SAME DIR REAR END,CLEAR,DRY,DAYLIGHT,NO CONTROLS,NONE DETECTED,No,NO APPARENT INJURY,NOT DISTRACTED,MD,PASSENGER CAR,40,2005,MAZDA,3
MCP94290009,230019438,Montgomery County Police,Property Damage Crash,04/24/2023 06:00:00 PM,Maryland (State),GEORGIA AVE,RAMP 5 FR MD 97 SB TO IS 495 EB,SAME DIR REAR END,CLEAR,DRY,DAYLIGHT,OTHER,UNKNOWN,Yes,NO APPARENT INJURY,UNKNOWN,,PASSENGER CAR,30,2008,CHEVROLET,TRAILBLAZER
MCP2278001R,170501401,Montgomery County Police,Property Damage Crash,04-10-17 13:00,County,JONES BRIDGE RD,GLENBROOK PKWY,OTHER,CLEAR,DRY,DAYLIGHT,TRAFFIC SIGNAL,UNKNOWN,Yes,NO APPARENT INJURY,NOT DISTRACTED,,,35,0,UNKNOWN,UNKNOWN
MCP3075004T,250011746,MONTGOMERY,Injury Crash,03/17/2025 09:04:00 PM,Crossover,,GERMANTOWN RD,Front to Rear,Clear,Dry,Dark - Lighted,Traffic Control Signal,"Not Suspect of Alcohol Use, Not Suspect of Drug Use",No,Possible Injury,Not Distracted,MD,Passenger Car,40,2015,KIA,OPTIMA
MCP30510016,170548801,Montgomery County Police,Property Damage Crash,12-11-17 15:30,,,,SINGLE VEHICLE,SNOW,,DAYLIGHT,NO CONTROLS,UNKNOWN,Yes,NO APPARENT INJURY,UNKNOWN,,"CARGO VAN/LIGHT TRUCK 2 AXLES (OVER 10,000LBS (4,536 KG))",0,2017,DODGE,RAM
MCP2046003Y,15027859,Montgomery County Police,Property Damage Crash,06-09-15 8:15,Maryland (State),SPENCERVILLE RD,ENT TO BUSINESS,STRAIGHT MOVEMENT ANGLE,CLEAR,DRY,DAYLIGHT,NO CONTROLS,NONE DETECTED,No,NO APPARENT INJURY,NOT DISTRACTED,MD,PASSENGER CAR,30,2002,MERC,GRAND MAR
EJ78790029,220029434,Gaithersburg Police Depar,Injury Crash,07-09-22 4:45,Maryland (State),MIDCOUNTY HWY,MONTGOMERY VILLAGE AVE,STRAIGHT MOVEMENT ANGLE,CLEAR,DRY,DARK LIGHTS ON,FLASHING TRAFFIC SIGNAL,NONE DETECTED,No,NO APPARENT INJURY,NOT DISTRACTED,MD,PASSENGER CAR,35,2007,HOND,PV
EJ7856006N,190020092,Gaithersburg Police Depar,Injury Crash,04/29/2019 04:13:00 PM,County,MUDDY BRANCH RD,DIAMONDBACK DR,SAME DIR REAR END,CLEAR,DRY,DAYLIGHT,,,No,POSSIBLE INJURY,NOT DISTRACTED,MD,(SPORT) UTILITY VEHICLE,45,2012,NISS,TK
MCP229800DD,170508702,Montgomery County Police,Property Damage Crash,05/19/2017 02:50:00 PM,Maryland (State),CLOPPER RD,END BRIDGE,SINGLE VEHICLE,CLEAR,DRY,DAYLIGHT,WARNING SIGN,NONE DETECTED,No,NO APPARENT INJURY,NOT DISTRACTED,MD,PASSENGER CAR,40,1999,NISSAN,MAX
DM8388000J,15049824,TAKOMA,Property Damage Crash,10-01-15 18:06,Maryland (State),PHILADELPHIA AVE,MAPLE AVE,SINGLE VEHICLE,RAINING,WET,DAYLIGHT,TRAFFIC SIGNAL,NONE DETECTED,Yes,NO APPARENT INJURY,NOT DISTRACTED,MD,POLICE VEHICLE/EMERGENCY,25,2007,FORD,CROWN VIC
MCP1119008W,200050597,Montgomery County Police,Injury Crash,12/24/2020 06:45:00 AM,County,GOOD HOPE RD,CAPE MAY RD,HEAD ON,CLOUDY,WET,DARK LIGHTS ON,NO CONTROLS,NONE DETECTED,Yes,POSSIBLE INJURY,NOT DISTRACTED,MD,PASSENGER CAR,30,2005,NISSAN,ALTIMA
MCP27230096,240057844,MONTGOMERY,Property Damage Crash,12-03-24 17:07,Maryland (State) Route,MUNCASTER MILL RD (WB/L),,Front to Rear,Clear,Dry,Dusk,Traffic Control Signal,"Suspect of Alcohol Use, Suspect of Drug Use",Yes,No Apparent Injury,Unknown,MD,Passenger Car,35,2017,HYUNDAI,TUCSON
DD5621001B,170519416,Rockville Police Departme,Injury Crash,07/16/2017 02:27:00 PM,Maryland (State),VEIRS MILL RD,TWINBROOK PKWY,HEAD ON LEFT TURN,CLEAR,DRY,DAYLIGHT,TRAFFIC SIGNAL,NONE DETECTED,Yes,SUSPECTED MINOR INJURY,INATTENTIVE OR LOST IN THOUGHT,MD,PASSENGER CAR,40,2009,TOYOTA,4S
EJ7826000Y,16002063,Gaithersburg Police Depar,Injury Crash,01-12-16 6:47,Maryland (State),W DIAMOND AVE,RAMP 7 FR MD 117 WB TO RAMP 6 (TO IS270),HEAD ON LEFT TURN,CLOUDY,DRY,DARK LIGHTS ON,NO CONTROLS,,Yes,SUSPECTED MINOR INJURY,LOOKED BUT DID NOT SEE,MD,PICKUP TRUCK,35,2007,FORD,F150
MCP2847001S,170503781,Montgomery County Police,Property Damage Crash,04/23/2017 10:52:00 PM,Maryland (State),VEIRS MILL RD,CONNECTICUT AVE,SAME DIR REAR END,,DRY,DARK LIGHTS ON,TRAFFIC SIGNAL,NONE DETECTED,Yes,NO APPARENT INJURY,UNKNOWN,MD,PICKUP TRUCK,40,2016,FORD,TK
MCP2677000S,16037559,Montgomery County Police,Injury Crash,07/24/2016 09:45:00 PM,Maryland (State),GERMANTOWN RD,FATHER HURLEY BLVD,SAME DIR REAR END,RAINING,WET,DARK LIGHTS ON,NO CONTROLS,,No,NO APPARENT INJURY,NOT DISTRACTED,NC,PASSENGER CAR,45,2012,HONDA,2S