Report Number,Local Case Number,Agency Name,ACRS Report Type,Crash Date/Time,Route Type,Road Name,Cross-Street Name,Collision Type,Weather,Surface Condition,Light,Traffic Control,Driver Substance Abuse,Driver At Fault,Injury Severity,Driver Distracted By,Drivers License State,Vehicle Body Type,Speed Limit,Vehicle Year,Vehicle Make,Vehicle Model
MCP24500047,230004623,Montgomery County Police,Property Damage Crash,01/28/2023 03:28:00 PM,,,,OTHER,,,DAYLIGHT,NO CONTROLS,,Yes,NO APPARENT INJURY,LOOKED BUT DID NOT SEE,MD,PASSENGER CAR,15,2021,MERCEDEZ,BENZ
MCP9130008Z,190062054,Montgomery County Police,Property Damage Crash,12/25/2019 12:32:00 PM,County,FOREST HILL DR,RIGGS RD,HEAD ON LEFT TURN,CLEAR,DRY,DAYLIGHT,NO CONTROLS,ALCOHOL CONTRIBUTED,Yes,NO APPARENT INJURY,UNKNOWN,MD,PASSENGER CAR,30,2008,HONDA,CIVIC
MCP29400088,250031931,MONTGOMERY,Injury Crash,07/17/2025 12:25:00 PM,Interstate (State),CAPITAL BELTWAY,,Front to Rear,Clear,Dry,Daylight,No Controls,"Not Suspect of Alcohol Use, Not Suspect of Drug Use",No,Suspected Minor Injury,Not Distracted,VA,Sport Utility Vehicle,55,2014,BMW,X3
MCP2964004Z,210009913,Montgomery County Police,Property Damage Crash,03/16/2021 07:55:00 PM,Maryland (State),RIDGE RD,SNOWDEN FARM PKWY (PROP),SAME DIR REAR END,CLOUDY,DRY,DARK LIGHTS ON,TRAFFIC SIGNAL,NONE DETECTED,No,NO APPARENT INJURY,NOT DISTRACTED,MD,PASSENGER CAR,40,2013,HYUNDAI,SONATA
MCP289200GK,240035314,MONTGOMERY,Injury Crash,07/26/2024 03:54:00 PM,County Route,,GRACE CHURCH RD,Angle,Clear,Dry,Daylight,Stop Sign,"Not Suspect of Alcohol Use, Not Suspect of Drug Use",Yes,Possible Injury,Not Distracted,DC,Passenger Car,30,2014,HONDA,CR-V
DM8447002H,220037983,Takoma Park Police Depart,Injury Crash,09-02-22 0:05,Maryland (State),NEW HAMPSHIRE AVE,HOLTON LA,HEAD ON LEFT TURN,CLEAR,DRY,DARK LIGHTS ON,TRAFFIC SIGNAL,NONE DETECTED,Yes,SUSPECTED SERIOUS INJURY,UNKNOWN,DC,PASSENGER CAR,35,2016,ACURA,TLX
MCP15000010,16006999,Montgomery County Police,Property Damage Crash,02-10-16 19:23,Maryland (State),NEW HAMPSHIRE AVE,COLUMBIA PIKE,SAME DIRECTION LEFT TURN,CLEAR,DRY,DARK NO LIGHTS,NO CONTROLS,NONE DETECTED,No,NO APPARENT INJURY,NOT DISTRACTED,MD,PICKUP TRUCK,40,2000,DODGE,RAM1500
MCP29050033,170528859,Montgomery County Police,Property Damage Crash,09-05-17 18:40,Maryland (State),BRADLEY BLVD,GOLDSBORO RD,SAME DIR REAR END,RAINING,WET,DUSK,TRAFFIC SIGNAL,,Yes,NO APPARENT INJURY,UNKNOWN,MD,PASSENGER CAR,30,2007,MINI,2S
MCP33070035,250039424,MONTGOMERY,Property Damage Crash,09-03-25 10:00,County Route,RANDOLPH RD (WB/L),BUSHEY DR,"Sideswipe, Same Direction",Clear,Dry,Daylight,Traffic Control Signal,"Not Suspect of Alcohol Use, Not Suspect of Drug Use",No,No Apparent Injury,Not Distracted,MD,Passenger Car,35,2014,HONDA,ACCORD
MCP2728005G,180026577,Montgomery County Police,Property Damage Crash,05/30/2018 03:40:00 PM,US (State),COLUMBIA PIKE,ENT TO BURNT MILLS SHOPPING CENTER,SAME DIR REAR END,CLEAR,DRY,DAYLIGHT,TRAFFIC SIGNAL,,No,NO APPARENT INJURY,NOT DISTRACTED,DC,PASSENGER CAR,40,2017,ACURA,ILX
MCP13050024,180032451,Montgomery County Police,Property Damage Crash,07-01-18 14:54,Maryland (State),MUNCASTER MILL RD,ENT TO REDLAND MIDDLE SCHOOL,OTHER,CLEAR,DRY,DAYLIGHT,NO CONTROLS,NONE DETECTED,Yes,NO APPARENT INJURY,LOOKED BUT DID NOT SEE,MD,"OTHER LIGHT TRUCKS (10,000LBS (4,536KG) OR LESS)",35,1997,FORD,F350
MCP3149003C,220017080,Montgomery County Police,Injury Crash,04/22/2022 10:49:00 AM,US (State),COLESVILLE RD,RAMP 3 FR IS 495 EB TO US 29 NB,OTHER,CLEAR,DRY,DAYLIGHT,NO CONTROLS,UNKNOWN,Unknown,NO APPARENT INJURY,UNKNOWN,,UNKNOWN,15,0,UNKNOWN,UNKNOWN
MCP9118003T,230019344,Montgomery County Police,Property Damage Crash,04/23/2023 02:37:00 AM,Maryland (State),GEORGIA AVE,ARCOLA AVE,SINGLE VEHICLE,CLEAR,DRY,DARK -- UNKNOWN LIGHTING,TRAFFIC SIGNAL,UNKNOWN,Yes,NO APPARENT INJURY,UNKNOWN,,PASSENGER CAR,25,2017,FORD,FIESTA
DD56150052,180012096,Rockville Police Departme,Property Damage Crash,03-10-18 9:30,Municipality,PARK RD,N STONESTREET AVE,SAME DIRECTION SIDESWIPE,CLEAR,DRY,DAYLIGHT,NO CONTROLS,NONE DETECTED,No,NO APPARENT INJURY,NOT DISTRACTED,MD,PASSENGER CAR,25,2004,FORD,TK
MCP2689007W,210037101,Montgomery County Police,Injury Crash,09/20/2021 12:55:00 PM,Maryland (State),W MONTGOMERY AVE,SHADY GROVE RD,SAME DIR REAR END,CLEAR,DRY,DAYLIGHT,TRAFFIC SIGNAL,NONE DETECTED,No,NO APPARENT INJURY,NOT DISTRACTED,VA,"MEDIUM/HEAVY TRUCKS 3 AXLES (OVER 10,000LBS (4,536KG))",40,2018,FREIGHTLINER,M2
MCP2239002D,220052590,Montgomery County Police,Property Damage Crash,11/29/2022 07:48:00 AM,Municipality,SOUTHLAWN LA,N HORNERS LA,OTHER,CLEAR,DRY,DAYLIGHT,STOP SIGN,,Yes,NO APPARENT INJURY,NOT DISTRACTED,MD,TRANSIT BUS,20,2016,RIDE ON,BUS
MCP3040008P,250048438,MONTGOMERY,Property Damage Crash,10/28/2025 04:45:00 PM,County Route,JUSTICE RD,,Angle,Clear,Dry,Daylight,No Controls,"Not Suspect of Alcohol Use, Not Suspect of Drug Use",Yes,No Apparent Injury,Not Distracted,MD,Passenger Car,30,2004,TOYOTA,PRIUS
MCP3084003P,200002086,Montgomery County Police,Property Damage Crash,01/13/2020 09:34:00 AM,Interstate (State),EISENHOWER MEMORIAL HWY,CAPITAL BELTWAY,SAME DIRECTION SIDESWIPE,CLEAR,DRY,DAYLIGHT,NO CONTROLS,NONE DETECTED,No,NO APPARENT INJURY,NOT DISTRACTED,MD,PASSENGER CAR,55,2019,FORD,FUSION
MCP3295002F,220048040,Montgomery County Police,Property Damage Crash,11-01-22 14:53,Maryland (State),SANDY SPRING RD,DINO DR,SAME DIR REAR END,CLEAR,DRY,DAYLIGHT,NO CONTROLS,NONE DETECTED,No,NO APPARENT INJURY,NOT DISTRACTED,MD,SCHOOL BUS,45,2018,THMS,BU
MCP9399002W,250045515,MONTGOMERY,Property Damage Crash,10-10-25 0:00,Maryland (State) Route,,,Single Vehicle,Clear,Dry,Dark - Not Lighted,No Controls,"Not Suspect of Alcohol Use, Not Suspect of Drug Use",No,No Apparent Injury,Not Distracted,MD,Sport Utility Vehicle,50,2025,DODGE,DURANGO
MCP2902001Y,170506053,Montgomery County Police,Property Damage Crash,05-05-17 11:42,County,MIDDLEBROOK RD,OBSERVATION DR,SINGLE VEHICLE,CLEAR,WET,DAYLIGHT,NO CONTROLS,ALCOHOL CONTRIBUTED,Yes,NO APPARENT INJURY,UNKNOWN,MD,PASSENGER CAR,45,2017,KIA,SORRENTO
MCP3176002P,240022361,MONTGOMERY,Injury Crash,05-12-24 2:59,Interstate (State),CAPITAL BELTWAY (WB/L),,Front to Rear,Rain,Wet,Dark - Lighted,No Controls,"Not Suspect of Alcohol Use, Not Suspect of Drug Use",No,Suspected Minor Injury,Not Distracted,VA,Passenger Car,55,2019,DODGE,DURANGO
MCP1389000G,15048698,MONTGOMERY,Property Damage Crash,09/25/2015 05:49:00 PM,County,SNOUFFERS SCHOOL RD,CENTERWAY RD,SAME DIR REAR END,CLOUDY,DRY,DAYLIGHT,,NONE DETECTED,No,NO APPARENT INJURY,NOT DISTRACTED,MD,PASSENGER CAR,40,2013,NISS,4S
MCP1160000D,200018529,Montgomery County Police,Property Damage Crash,05-07-20 5:35,Maryland (State),GOLDSBORO RD,TULIP HILL TERR,SINGLE VEHICLE,CLEAR,WET,DARK LIGHTS ON,NO CONTROLS,NONE DETECTED,Yes,NO APPARENT INJURY,NOT DISTRACTED,MD,(SPORT) UTILITY VEHICLE,35,2019,BMW,XI
EJ7851007Y,220029628,Gaithersburg Police Depar,Injury Crash,07-10-22 16:30,County,CHRISTOPHER AVE,MONTGOMERY VILLAGE AVE,SAME DIR REAR END,CLEAR,DRY,DAYLIGHT,YIELD SIGN,NONE DETECTED,Yes,NO APPARENT INJURY,UNKNOWN,MD,PASSENGER CAR,30,2006,FORD,TK
MCP2936003M,200005204,Montgomery County Police,Injury Crash,01/31/2020 06:55:00 PM,County,TUCKERMAN LA,EXT FR SUBWAY,OTHER,CLEAR,DRY,DARK LIGHTS ON,STOP SIGN,NONE DETECTED,Yes,NO APPARENT INJURY,LOOKED BUT DID NOT SEE,MD,(SPORT) UTILITY VEHICLE,30,2013,HONDA,CR-V
MCP13010010,180057947,Montgomery County Police,Fatal Crash,11/18/2018 10:09:00 PM,County,MUNCASTER RD,BEECHDALE CT,SINGLE VEHICLE,CLOUDY,DRY,DARK NO LIGHTS,,UNKNOWN,Yes,SUSPECTED MINOR INJURY,NOT DISTRACTED,MD,PASSENGER CAR,30,2006,CHEV,COBALT
MCP30510058,220005309,Montgomery County Police,Injury Crash,02-07-22 15:30,County,PARKLAWN DR,RANDOLPH RD,SAME DIR REAR END,CLEAR,DRY,DAYLIGHT,,NONE DETECTED,Yes,POSSIBLE INJURY,UNKNOWN,MD,PASSENGER CAR,30,2016,HONDA,ACCORD
MCP31370013,190055876,Montgomery County Police,Property Damage Crash,11/19/2019 03:27:00 PM,County,EASTBOURNE DR,DOWNS DR,SAME DIRECTION SIDESWIPE,CLEAR,DRY,DAYLIGHT,NO CONTROLS,NONE DETECTED,Yes,NO APPARENT INJURY,OTHER DISTRACTION,MD,SCHOOL BUS,25,2014,FREIGHTLINER,B2 BUS
MCP2736004B,17007372,Montgomery County Police,Property Damage Crash,02-10-17 18:07,Maryland (State),ROCKVILLE PIKE,ELSMERE AVE,SAME DIR REAR END,CLEAR,DRY,DARK LIGHTS ON,NO CONTROLS,NONE DETECTED,No,NO APPARENT INJURY,NOT DISTRACTED,MD,PASSENGER CAR,35,2009,NISSAN,MAXIMA
MCP1519002H,180021730,Montgomery County Police,Injury Crash,05-03-18 14:25,Maryland (State),RIDGE RD,OAK DR,HEAD ON,CLEAR,DRY,DAYLIGHT,NO CONTROLS,NONE DETECTED,Yes,SUSPECTED MINOR INJURY,INATTENTIVE OR LOST IN THOUGHT,MD,PASSENGER CAR,40,2018,TOYOTA,COROLLA
MCP3134004Z,240037624,MONTGOMERY,Property Damage Crash,08-09-24 16:40,Maryland (State) Route,SANDY SPRING RD,,"Sideswipe, Same Direction",Clear,Wet,Daylight,Lane Use Control Signal,"Unknown, Unknown",No,,,,,35,0,,
MCP14330059,230050787,Montgomery County Police,Property Damage Crash,08/22/2023 09:25:00 PM,County,MONTROSE RD,FARM HAVEN DR,SINGLE VEHICLE,CLEAR,DRY,DARK LIGHTS ON,,NONE DETECTED,Yes,NO APPARENT INJURY,NOT DISTRACTED,MD,PASSENGER CAR,35,2003,MITSUBISHI,ECLIPSE
DD5676000Y,250023733,ROCKVILLE,Property Damage Crash,05/28/2025 07:10:00 PM,Municipality Route,HALPINE RD (EB/L),ROCKVILLE PIKE (SB/L),Angle,Rain,Wet,Daylight,Traffic Control Signal,"Not Suspect of Alcohol Use, Not Suspect of Drug Use",No,No Apparent Injury,Not Distracted,MD,Passenger Car,35,2001,HONDA,ACCORD
MCP2687004R,250025738,MONTGOMERY,Property Damage Crash,06-09-25 18:00,Maryland (State) Route,ROCKVILLE PIKE,,Angle,Clear,Dry,Daylight,No Controls,"Not Suspect of Alcohol Use, Not Suspect of Drug Use",No,No Apparent Injury,Unknown,NY,Passenger Car,35,2023,GENESIS,GV70
MCP26430008,15019405,Montgomery County Police,Injury Crash,04/24/2015 08:52:00 PM,Maryland (State),NEW HAMPSHIRE AVE,CHALMERS RD,SAME DIR REAR END,CLEAR,DRY,DARK LIGHTS ON,,,No,SUSPECTED MINOR INJURY,NOT DISTRACTED,MD,POLICE VEHICLE/EMERGENCY,45,2013,FORD,EXPLORER
MCP2981001P,170529038,Montgomery County Police,Injury Crash,09-06-17 18:20,County,BONIFANT RD,NEW HAMPSHIRE AVE,SAME DIR REAR END,RAINING,WET,DAYLIGHT,NO CONTROLS,NONE DETECTED,Yes,NO APPARENT INJURY,BY OTHER OCCUPANTS,MD,PASSENGER CAR,35,2005,TOYOTA,CAMRY
MCP15630093,230072939,Montgomery County Police,Injury Crash,12/21/2023 12:24:00 PM,Maryland (State),16TH ST,EAST WEST HWY,HEAD ON LEFT TURN,CLOUDY,DRY,DAYLIGHT,TRAFFIC SIGNAL,NONE DETECTED,Yes,NO APPARENT INJURY,NOT DISTRACTED,MD,PICKUP TRUCK,35,2004,CHEV,PK
MCP2077004N,230003067,Montgomery County Police,Property Damage Crash,01/19/2023 12:45:00 PM,Maryland (State),UNIVERSITY BLVD W,VEIRS MILL RD,ANGLE MEETS RIGHT TURN,RAINING,WET,DAYLIGHT,TRAFFIC SIGNAL,,Yes,NO APPARENT INJURY,UNKNOWN,,RECREATIONAL VEHICLE,35,2013,HONDA,PILOT
MCP32400013,200030118,Montgomery County Police,Property Damage Crash,08-03-20 15:40,Maryland (State),FREDERICK RD,STARDRIFT DR,SAME DIR REND LEFT TURN,CLEAR,DRY,DAYLIGHT,NO CONTROLS,,No,NO APPARENT INJURY,NOT DISTRACTED,MD,PASSENGER CAR,45,2014,TOYT,4S
MCP2987000X,16040322,Montgomery County Police,Property Damage Crash,08-09-16 9:56,Government,SLIGO CREEK PKWY,FOREST GLEN RD,SAME DIR REAR END,CLEAR,DRY,DAYLIGHT,TRAFFIC SIGNAL,NONE DETECTED,No,NO APPARENT INJURY,NOT DISTRACTED,MD,PASSENGER CAR,30,1998,HONDA,CIVIC
MCP1086000M,250032968,MONTGOMERY,Property Damage Crash,07/24/2025 10:15:00 AM,,,,Rear To Rear,Clear,,Daylight,,"Not Suspect of Alcohol Use, Not Suspect of Drug Use",No,No Apparent Injury,Unknown,,Other,0,2005,GMC,SIERRA
MCP2420006F,250048514,MONTGOMERY,Injury Crash,10/29/2025 07:00:00 AM,County Route,NORWOOD RD,NORBECK RD (WB/L),Other,Clear,Dry,Dawn,Traffic Control Signal,"Not Suspect of Alcohol Use, Not Suspect of Drug Use",No,No Apparent Injury,Unknown,MD,Single-Unit Truck,35,2019,FORD,F-550
MCP2425004V,15017024,Montgomery County Police,Property Damage Crash,04/13/2015 06:49:00 AM,Maryland (State),PINEY BRANCH RD,PARK CREST DR,SINGLE VEHICLE,CLEAR,DRY,,NO CONTROLS,NONE DETECTED,Unknown,NO APPARENT INJURY,UNKNOWN,MD,VAN,30,2013,FORD,TOW TRUCK
MCP2712001C,16066139,Montgomery County Police,Injury Crash,12/24/2016 08:05:00 AM,County,E RANDOLPH RD,STRATFORD GARDEN DR,SINGLE VEHICLE,RAINING,WET,DAYLIGHT,,NONE DETECTED,Yes,NO APPARENT INJURY,UNKNOWN,MD,PICKUP TRUCK,40,2001,CHEV,SILVERADO
MCP3294000X,220036038,Montgomery County Police,Property Damage Crash,09-03-22 0:19,Maryland (State),NEW HAMPSHIRE AVE,COLUMBIA PIKE,SINGLE VEHICLE,CLEAR,DRY,DARK LIGHTS ON,NO CONTROLS,NONE DETECTED,Yes,NO APPARENT INJURY,NOT DISTRACTED,DC,PASSENGER CAR,40,2020,HONDA,CIVIC
MCP2107004T,240011307,MONTGOMERY,Injury Crash,01-12-24 13:05,Maryland (State) Route,RIDGE RD,,Front to Rear,Clear,Dry,Daylight,No Controls,"Not Suspect of Alcohol Use, Not Suspect of Drug Use",Yes,No Apparent Injury,"Other Action (looking away from task, etc.)",MD,Passenger Car,40,2008,HONDA,CR-V
MCP3387002J,250015815,MONTGOMERY,Injury Crash,04-11-25 14:17,US (State),COLUMBIA PIKE (SB/L),FAIRLAND RD (WB/L),"Sideswipe, Same Direction",Rain,Wet,Daylight,Traffic Control Signal,"Not Suspect of Alcohol Use, Not Suspect of Drug Use",Yes,No Apparent Injury,Not Distracted,MD,Pickup,50,2021,FORD,F-150
MCP1151003F,15049496,MONTGOMERY,Injury Crash,09/30/2015 08:41:00 AM,County,RIDGE RD,OBSERVATION DR,SAME DIR REAR END,RAINING,WET,DAYLIGHT,,NONE DETECTED,Yes,NO APPARENT INJURY,INATTENTIVE OR LOST IN THOUGHT,MD,STATION WAGON,45,2002,SAAB,95 AERO
MCP21590031,250001245,MONTGOMERY,Property Damage Crash,01-10-25 9:56,County Route,BRINK RD,LAYTONSVILLE RD SUNDOWN RD,Angle,Clear,Dry,Daylight,Traffic Control Signal,"Not Suspect of Alcohol Use, Not Suspect of Drug Use",Yes,No Apparent Injury,Unknown,MD,Sport Utility Vehicle,30,2017,TOYOTA,RAV4
MCP2422001W,17008738,Montgomery County Police,Property Damage Crash,02/17/2017 08:14:00 PM,County,STRAWBERRY KNOLL RD,CROSS COUNTRY LA,SAME DIRECTION SIDESWIPE,CLEAR,,DARK LIGHTS ON,NO CONTROLS,ALCOHOL PRESENT,Yes,NO APPARENT INJURY,NOT DISTRACTED,MD,PASSENGER CAR,25,2015,ACURA,TK
MCP3199001Y,200024497,Montgomery County Police,Property Damage Crash,06/23/2020 08:51:00 AM,County,RANDOLPH RD,LIVINGSTON ST,SAME DIR REAR END,CLEAR,DRY,DAYLIGHT,NO CONTROLS,UNKNOWN,No,NO APPARENT INJURY,UNKNOWN,,UNKNOWN,35,0,UNKNOWN,UNKNOWN
MCP2797000T,15053883,MONTGOMERY,Property Damage Crash,10/23/2015 06:22:00 PM,Maryland (State),VEIRS MILL RD,REEDIE DR,SAME DIR BOTH LEFT TURN,CLEAR,DRY,DAWN,TRAFFIC SIGNAL,NONE DETECTED,No,NO APPARENT INJURY,NOT DISTRACTED,VA,"MEDIUM/HEAVY TRUCKS 3 AXLES (OVER 10,000LBS (4,536KG))",35,2012,FRG,TR
MCP2816004F,250013175,MONTGOMERY,Property Damage Crash,03/26/2025 08:20:00 AM,County Route,GOYA DR,SEVEN LOCKS RD,Front to Front,Clear,Dry,Daylight,No Controls,"Not Suspect of Alcohol Use, Not Suspect of Drug Use",No,No Apparent Injury,Not Distracted,MD,Passenger Car,25,2017,PORSCHE,CAYENNE
MCP3068005G,240025467,MONTGOMERY,Injury Crash,05/29/2024 04:40:00 PM,Maryland (State) Route,OLD GEORGETOWN RD (SB/L),BEECH AVE,Single Vehicle,Rain,Wet,Daylight,Traffic Control Signal,"Not Suspect of Alcohol Use, Not Suspect of Drug Use",No,No Apparent Injury,Not Distracted,US,Passenger Car,35,2021,TOYOTA,SIENNA
MCP2987004R,190004906,Montgomery County Police,Injury Crash,01/31/2019 01:50:00 PM,Maryland (State),NEW HAMPSHIRE AVE,OAKVIEW DR,STRAIGHT MOVEMENT ANGLE,CLEAR,DRY,DAYLIGHT,TRAFFIC SIGNAL,NONE DETECTED,No,NO APPARENT INJURY,NOT DISTRACTED,MD,PASSENGER CAR,40,2017,TOYOTA,COROLLA
MCP3258005R,250055288,MONTGOMERY,Property Damage Crash,12-10-25 17:10,Maryland (State) Route,UNIVERSITY BLVD W,,Front to Rear,Clear,Dry,Dark - Lighted,No Controls,"Unknown, Unknown",No,,,,Sport Utility Vehicle,35,2002,DODGE,DURANGO
MCP0685002Z,170506541,Montgomery County Police,Injury Crash,05-08-17 7:08,County,CRABBS BRANCH WAY,INDIANOLA DR,SAME DIR REAR END,CLEAR,DRY,DAYLIGHT,TRAFFIC SIGNAL,NONE DETECTED,Yes,NO APPARENT INJURY,NOT DISTRACTED,MD,(SPORT) UTILITY VEHICLE,35,1998,JEEP,SUV
MCP3335002R,240017871,MONTGOMERY,Property Damage Crash,04/17/2024 09:10:00 AM,County Route,BURNT MILLS AVE,,"Sideswipe, Same Direction",Cloudy,Dry,Daylight,No Controls,"Not Suspect of Alcohol Use, Not Suspect of Drug Use",No,No Apparent Injury,Not Distracted,MD,Bus - School,5,2017,THOMAS BUILT,SCHOOL BUS
MCP2639004G,180045499,Montgomery County Police,Property Damage Crash,09-12-18 7:45,,,,SAME DIRECTION SIDESWIPE,CLOUDY,,DAYLIGHT,NO CONTROLS,NONE DETECTED,Yes,NO APPARENT INJURY,NOT DISTRACTED,MD,PICKUP TRUCK,15,2007,CHEVROLET,UTILITY TRUCK
MCP2369000T,170527528,Montgomery County Police,Property Damage Crash,08/29/2017 11:00:00 AM,,,,OTHER,,,DAYLIGHT,,UNKNOWN,Yes,NO APPARENT INJURY,UNKNOWN,MD,(SPORT) UTILITY VEHICLE,15,2016,NISSAN,ROGUE
MCP3228003C,220013064,Montgomery County Police,Property Damage Crash,03/26/2022 09:20:00 PM,Maryland (State),UNIVERSITY BLVD E,E WAYNE AVE,SAME DIR REAR END,CLEAR,DRY,DARK LIGHTS ON,TRAFFIC SIGNAL,NONE DETECTED,No,NO APPARENT INJURY,NOT DISTRACTED,MD,PICKUP TRUCK,35,2015,TOYT,PK
MCP3457001C,250033234,MONTGOMERY,Property Damage Crash,07/25/2025 07:14:00 PM,Maryland (State) Route,GEORGIA AVE,,Front to Rear,Clear,Dry,Daylight,No Controls,"Not Suspect of Alcohol Use, Not Suspect of Drug Use",No,No Apparent Injury,Not Distracted,MD,Sport Utility Vehicle,35,2016,HONDA,PILOT
MCP29140040,17004189,Montgomery County Police,Injury Crash,01/24/2017 04:43:00 PM,Maryland (State),NEW HAMPSHIRE AVE,POWDER MILL RD,SAME DIR REND LEFT TURN,CLEAR,DRY,DAYLIGHT,TRAFFIC SIGNAL,,Yes,NO APPARENT INJURY,NOT DISTRACTED,MD,PASSENGER CAR,40,2003,HONDA,ODESSEY
MCP2933000X,16010335,MONTGOMERY,Property Damage Crash,03-01-16 20:23,,,,OTHER,CLEAR,,DARK LIGHTS ON,NO CONTROLS,NONE DETECTED,Yes,NO APPARENT INJURY,NOT DISTRACTED,MD,SCHOOL BUS,10,2002,THOMAS,BUS
MCP30800058,240061060,MONTGOMERY,Property Damage Crash,12/21/2024 06:25:00 PM,Bicycle Route,,,Front to Rear,Clear,Dry,Dark - Lighted,No Controls,"Not Suspect of Alcohol Use, Not Suspect of Drug Use",No,No Apparent Injury,Not Distracted,MD,Passenger Car,40,2014,BUICK,VERANO
EJ78630026,190011708,Gaithersburg Police Depar,Injury Crash,03/18/2019 09:20:00 PM,Maryland (State),QUINCE ORCHARD RD,ENT TO PARK & RIDE,SINGLE VEHICLE,CLEAR,DRY,DARK LIGHTS ON,TRAFFIC SIGNAL,NONE DETECTED,Yes,POSSIBLE INJURY,NOT DISTRACTED,MD,PASSENGER CAR,30,2013,HYUND,4S
MCP3134004B,230022256,Montgomery County Police,Property Damage Crash,05-09-23 16:50,Other Public Roadway,CEDAR TREE DR,ISLESWOOD TERR,HEAD ON LEFT TURN,CLEAR,DRY,DAYLIGHT,NO CONTROLS,,Yes,NO APPARENT INJURY,LOOKED BUT DID NOT SEE,MD,PICKUP TRUCK,35,2016,FORD,F150
MCP15720006,220019216,Montgomery County Police,Injury Crash,05-06-22 0:57,County,CATTAIL RD,KOHLHOSS RD,SINGLE VEHICLE,CLOUDY,DRY,DARK NO LIGHTS,NO CONTROLS,NONE DETECTED,Yes,POSSIBLE INJURY,NOT DISTRACTED,MD,(SPORT) UTILITY VEHICLE,25,2017,JEEP,COMPASS
MCP14720010,170550647,Montgomery County Police,Property Damage Crash,12/25/2017 02:20:00 PM,,,,HEAD ON LEFT TURN,CLEAR,,DAYLIGHT,,NONE DETECTED,Yes,NO APPARENT INJURY,NOT DISTRACTED,MD,(SPORT) UTILITY VEHICLE,25,2003,HONDA952,PILOT
MCP27770026,15058207,Montgomery County Police,Property Damage Crash,11/14/2015 07:03:00 PM,Interstate (State),CAPITAL BELTWAY,RAMP 4 FR MD 355 NB TO IS 495 EB,SAME DIR REAR END,CLEAR,DRY,DARK LIGHTS ON,NO CONTROLS,NONE DETECTED,No,NO APPARENT INJURY,NOT DISTRACTED,MD,PASSENGER CAR,55,2004,CHEVY,TRACKER
EJ78370028,170536074,Gaithersburg Police Depar,Property Damage Crash,10-11-17 16:40,Maryland (State),QUINCE ORCHARD RD,ENT TO PARK & RIDE,HEAD ON LEFT TURN,RAINING,WET,DAYLIGHT,TRAFFIC SIGNAL,,No,NO APPARENT INJURY,NOT DISTRACTED,MD,PASSENGER CAR,35,2007,HONDA,RIDGELINE
MCP32990028,220055050,Montgomery County Police,Property Damage Crash,12-12-22 23:19,County,KEMP MILL RD,HERMLEIGH RD,HEAD ON,CLEAR,DRY,DARK NO LIGHTS,NO CONTROLS,NONE DETECTED,No,NO APPARENT INJURY,NOT DISTRACTED,MD,PASSENGER CAR,30,2003,TOYOTA,CAMRY
DD5567005J,240038563,ROCKVILLE,Property Damage Crash,08/15/2024 01:49:00 PM,,,,Rear To Rear,Clear,,Daylight,,"Not Suspect of Alcohol Use, Not Suspect of Drug Use",Yes,No Apparent Injury,Not Distracted,MD,Pickup,0,2015,CHEVROLET,3500
MCP3055000Y,180004014,Montgomery County Police,Property Damage Crash,01/24/2018 09:20:00 AM,County,CONNECTICUT AVE,GRAND PRE RD,OTHER,CLOUDY,DRY,DAYLIGHT,,,No,NO APPARENT INJURY,NOT DISTRACTED,MD,PASSENGER CAR,40,2002,CHRY,PT CRUISER
MCP229800LX,180061728,Montgomery County Police,Injury Crash,12-10-18 17:09,Maryland (State),LAYTONSVILLE RD,GRIFFITH RD,SAME DIR REAR END,CLEAR,DRY,DARK NO LIGHTS,NO CONTROLS,NONE DETECTED,No,NO APPARENT INJURY,NOT DISTRACTED,MD,PASSENGER CAR,40,2010,HONDA,CRV
EJ7903002P,250001186,GAITHERSBURG,Property Damage Crash,01-09-25 19:50,Maryland (State) Route,FREDERICK RD,,Angle,Clear,Dry,Dark - Lighted,Traffic Control Signal,"Not Suspect of Alcohol Use, Not Suspect of Drug Use",Yes,No Apparent Injury,Unknown,MD,Passenger Car,35,2014,HONDA,ACCORD
MCP3058003C,200002355,Montgomery County Police,Property Damage Crash,01/14/2020 03:30:00 PM,County,ESWORTHY RD,QUERY MILL RD,SAME DIR REAR END,RAINING,OIL,DAYLIGHT,NO CONTROLS,NONE DETECTED,No,NO APPARENT INJURY,NOT DISTRACTED,MD,SCHOOL BUS,30,2019,THMS,BUS
MCP2059007Y,230062253,Montgomery County Police,Property Damage Crash,10/24/2023 07:55:00 AM,County,SEVEN LOCKS RD,TUCKERMAN LA,SAME DIRECTION SIDESWIPE,CLEAR,DRY,DAYLIGHT,NO CONTROLS,NONE DETECTED,Unknown,NO APPARENT INJURY,NOT DISTRACTED,MD,PICKUP TRUCK,35,2014,FORD,F-350