Report Number,Local Case Number,Agency Name,ACRS Report Type,Crash Date/Time,Route Type,Road Name,Cross-Street Name,Collision Type,Weather,Surface Condition,Light,Traffic Control,Driver Substance Abuse,Driver At Fault,Injury Severity,Driver Distracted By,Drivers License State,Vehicle Body Type,Speed Limit,Vehicle Year,Vehicle Make,Vehicle Model
MCP3010009J,240018113,MONTGOMERY,Property Damage Crash,04/18/2024 12:57:00 PM,Spur,,,Front to Rear,Clear,Dry,Daylight,No Controls,"Not Suspect of Alcohol Use, Not Suspect of Drug Use",No,No Apparent Injury,Not Distracted,,Passenger Car,40,2004,HONDA,CIVIC
MCP2728005W,180049662,Montgomery County Police,Property Damage Crash,10-04-18 17:06,County,SLIGO AVE,FENTON ST,HEAD ON,CLEAR,DRY,DAYLIGHT,TRAFFIC SIGNAL,NONE DETECTED,Yes,NO APPARENT INJURY,LOOKED BUT DID NOT SEE,MD,SCHOOL BUS,25,2012,THOM,BUS
MCP2952007B,180053818,Montgomery County Police,Property Damage Crash,10/27/2018 01:06:00 PM,Maryland (State),GEORGIA AVE,CHRIST LUTHERAN CHURCH OF THE DEAF,SAME DIRECTION SIDESWIPE,RAINING,WET,DAYLIGHT,NO CONTROLS,NONE DETECTED,No,NO APPARENT INJURY,NOT DISTRACTED,MD,PASSENGER CAR,35,2008,MERCEDES,CLK350
MCP94210009,200015671,Montgomery County Police,Property Damage Crash,04-10-20 23:29,Maryland (State),GERMANTOWN RD,BLACK ROCK RD,SINGLE VEHICLE,CLEAR,DRY,DARK LIGHTS ON,NO CONTROLS,ALCOHOL PRESENT,Yes,NO APPARENT INJURY,NOT DISTRACTED,MD,PASSENGER CAR,40,2001,LINCOLN,4S
MCP2764003X,25008861,MONTGOMERY,Property Damage Crash,04/30/2025 12:23:00 PM,Maryland (State) Route,UNIVERSITY BLVD W (WB/L),NEWPORT MILL RD,Front to Front,Clear,Dry,Daylight,Traffic Control Signal,"Not Suspect of Alcohol Use, Not Suspect of Drug Use",Yes,No Apparent Injury,Not Distracted,MD,Sport Utility Vehicle,35,2021,JEEP,CHEROKEE
MCP9417000S,15029734,MONTGOMERY,Property Damage Crash,06/18/2015 12:30:00 PM,Maryland (State),OLD GEORGETOWN RD,RAMP 2 FR IS 270 WB TO MD 187 NB,SAME DIRECTION SIDESWIPE,CLEAR,DRY,DAYLIGHT,NO CONTROLS,NONE DETECTED,No,NO APPARENT INJURY,NOT DISTRACTED,MD,(SPORT) UTILITY VEHICLE,35,2002,CHEVY,BLAZER
HA2287000X,25001255,MCPARK,Property Damage Crash,06/26/2025 01:13:00 PM,County Route,TURKEY THICKET DR,,Front to Front,Clear,Dry,Daylight,Traffic Control Signal,"Not Suspect of Alcohol Use, Not Suspect of Drug Use",No,No Apparent Injury,Not Distracted,MD,Pickup,35,2013,FORD,F-550
MCP271700FC,170549558,Montgomery County Police,Property Damage Crash,12/19/2017 05:05:00 PM,Maryland (State),ROCKVILLE PIKE,SOUTH DR,SAME DIRECTION SIDESWIPE,CLEAR,DRY,DARK LIGHTS ON,TRAFFIC SIGNAL,NONE DETECTED,No,NO APPARENT INJURY,NOT DISTRACTED,MD,PASSENGER CAR,35,2015,CHEVROLET,MALIBU
MCP32900036,240030740,MONTGOMERY,Injury Crash,06/29/2024 01:19:00 PM,Maryland (State) Route,GEORGIA AVE (SB/L),CORWIN DR,"Sideswipe, Same Direction",Clear,Dry,Daylight,No Controls,"Not Suspect of Alcohol Use, Not Suspect of Drug Use",No,No Apparent Injury,Not Distracted,MD,Bus - Transit,35,2011,BLUE BIRD,ALL AMERICAN / ALL CANADA
MCP27670064,190017619,Montgomery County Police,Property Damage Crash,04/15/2019 02:54:00 PM,County,AMHERST AVE,UNIVERSITY BLVD W,SAME DIRECTION LEFT TURN,CLOUDY,DRY,DAYLIGHT,NO CONTROLS,NONE DETECTED,No,NO APPARENT INJURY,NOT DISTRACTED,MD,SCHOOL BUS,25,2017,THOMAS,BUS
MCP3374004B,250058177,MONTGOMERY,Injury Crash,12/30/2025 12:06:00 PM,,,,Single Vehicle,Clear,,Daylight,,"Not Suspect of Alcohol Use, Not Suspect of Drug Use",No,Suspected Minor Injury,Not Distracted,MD,Sport Utility Vehicle,0,2016,SUBARU,FORESTER
DM8458000C,170500316,Takoma Park Police Depart,Injury Crash,04-04-17 9:53,Maryland (State),PINEY BRANCH RD,IN CORP LMTS TAKOMA PARK,SAME DIR REAR END,CLEAR,WET,DAYLIGHT,NO CONTROLS,,No,NO APPARENT INJURY,NOT DISTRACTED,MD,PASSENGER CAR,30,2011,HYUN,TK
MCP3101001M,190009841,Montgomery County Police,Property Damage Crash,03-02-19 13:00,,,,OTHER,CLEAR,,DAYLIGHT,NO CONTROLS,NONE DETECTED,Yes,NO APPARENT INJURY,UNKNOWN,,PASSENGER CAR,5,2018,FORD,TARUS
DD5607001H,15017721,Rockville Police Departme,Property Damage Crash,04/16/2015 09:55:00 AM,Maryland (State),HUNGERFORD DR,N WASHINGTON ST,OTHER,CLOUDY,OTHER,DAYLIGHT,NO CONTROLS,NONE DETECTED,Yes,NO APPARENT INJURY,LOOKED BUT DID NOT SEE,VA,"MEDIUM/HEAVY TRUCKS 3 AXLES (OVER 10,000LBS (4,536KG))",0,2006,FREIGHTLINER,BOXTRUCK
MCP22380004,180034637,Montgomery County Police,Property Damage Crash,07/13/2018 09:52:00 AM,,,,SINGLE VEHICLE,CLEAR,,DAYLIGHT,NO CONTROLS,NONE DETECTED,Yes,NO APPARENT INJURY,NOT DISTRACTED,MA,"MEDIUM/HEAVY TRUCKS 3 AXLES (OVER 10,000LBS (4,536KG))",5,2005,INTERNATIONAL,TRASH TRUCK
MCP30000059,250014608,MONTGOMERY,Property Damage Crash,04-03-25 22:28,County Route,CINNAMON DR,,Front to Rear,Clear,Wet,Dark - Lighted,No Controls,"Not Suspect of Alcohol Use, Suspect of Drug Use",No,No Apparent Injury,Not Distracted,MD,Sport Utility Vehicle,25,2008,INFINITI,EX35
MCP3075004X,250022614,MONTGOMERY,Injury Crash,05/22/2025 05:25:00 AM,County Route,WISTERIA DR,GERMANTOWN RD,Other,Rain,Wet,Dark - Lighted,Flashing Traffic Control Signal,"Not Suspect of Alcohol Use, Not Suspect of Drug Use",No,Suspected Minor Injury,Not Distracted,MD,Sport Utility Vehicle,40,2018,TOYOTA,HIGHLANDER
MCP2966003K,170548196,Montgomery County Police,Injury Crash,12-12-17 18:40,Maryland (State),VEIRS MILL RD,PARKLAND DR,SAME DIR REAR END,CLEAR,DRY,DARK LIGHTS ON,FLASHING TRAFFIC SIGNAL,,Yes,NO APPARENT INJURY,UNKNOWN,MD,PICKUP TRUCK,45,2006,CHEVY,PICK UP
MCP1099002P,190031153,Montgomery County Police,Injury Crash,06/30/2019 09:42:00 AM,Maryland (State),MUNCASTER MILL RD,MILLER FALL RD,SAME DIRECTION RIGHT TURN,,DRY,DAYLIGHT,NO CONTROLS,,Yes,NO APPARENT INJURY,NOT DISTRACTED,MD,PASSENGER CAR,35,2005,TOYO,SE
MCP31110080,240020112,MONTGOMERY,Injury Crash,04/30/2024 09:01:00 AM,County Route,BATTERY LA,WOODMONT AVE,Angle,Clear,Dry,Daylight,Traffic Control Signal,"Not Suspect of Alcohol Use, Not Suspect of Drug Use",Yes,Suspected Minor Injury,Unknown,MD,Passenger Car,25,2011,NISSAN,JUKE
DD56120012,170529930,Rockville Police Departme,Injury Crash,08-04-17 11:14,Maryland (State),FALLS RD,FALLSMEAD WAY,SINGLE VEHICLE,CLEAR,DRY,DAYLIGHT,NO CONTROLS,NONE DETECTED,No,POSSIBLE INJURY,UNKNOWN,MD,PASSENGER CAR,35,2013,DODGE,DURANGO
MCP2159002S,240053928,MONTGOMERY,Property Damage Crash,11-10-24 5:42,Interstate (State),EISENHOWER MEMORIAL HWY (SB/L),,Single Vehicle,Cloudy,Dry,Dark - Not Lighted,No Controls,"Not Suspect of Alcohol Use, Not Suspect of Drug Use",No,No Apparent Injury,Not Distracted,MD,Passenger Car,55,2019,DODGE,CHARGER
MCP2726004D,190056643,Montgomery County Police,Injury Crash,11/23/2019 02:14:00 PM,Maryland (State),ROCKVILLE PIKE,BOU AVE,SAME DIR REAR END,CLEAR,DRY,DAYLIGHT,TRAFFIC SIGNAL,,Yes,NO APPARENT INJURY,NOT DISTRACTED,MD,PASSENGER CAR,40,2011,LNDR,TK
EJ7781003B,220002677,Gaithersburg Police Depar,Property Damage Crash,01/21/2022 02:35:00 PM,County,SHADY GROVE RD,RAMP 1 FR IS 270 NB TO SHADY GROVE RD WB,STRAIGHT MOVEMENT ANGLE,CLEAR,DRY,DAYLIGHT,TRAFFIC SIGNAL,NONE DETECTED,No,NO APPARENT INJURY,NOT DISTRACTED,MD,PASSENGER CAR,35,2021,DODG,CP
EJ7863002G,190034222,Gaithersburg Police Depar,Injury Crash,07/18/2019 09:37:00 PM,,,,OTHER,CLEAR,,DARK LIGHTS ON,,NONE DETECTED,No,NO APPARENT INJURY,NOT DISTRACTED,MD,POLICE VEHICLE/EMERGENCY,15,2010,TOYT,4S
MCP3253002X,250052564,MONTGOMERY,Property Damage Crash,11/23/2025 11:10:00 AM,,,,Angle,Clear,,Daylight,,"Not Suspect of Alcohol Use, Not Suspect of Drug Use",Yes,No Apparent Injury,Unknown,MD,Passenger Car,0,2010,HONDA,ACCORD
MCP2603005M,230063559,Montgomery County Police,Property Damage Crash,10/31/2023 10:24:00 AM,County,MONTGOMERY VILLAGE AVE,WALKERS CHOICE RD,SAME DIR REAR END,,DRY,DAYLIGHT,,,Yes,NO APPARENT INJURY,NOT DISTRACTED,MD,PASSENGER CAR,35,2012,HOND,CP
EJ7853001S,16014112,Gaithersburg Police Depar,Property Damage Crash,03/22/2016 05:45:00 PM,Maryland (State),DARNESTOWN RD,TREWORTHY RD,OTHER,CLEAR,DRY,DAYLIGHT,NO CONTROLS,UNKNOWN,Yes,NO APPARENT INJURY,UNKNOWN,,PASSENGER CAR,40,2000,,
MCP3294000G,210037246,Montgomery County Police,Injury Crash,09/21/2021 07:54:00 AM,Maryland (State),FREDERICK RD,SHADY GROVE RD,ANGLE MEETS RIGHT TURN,CLEAR,DRY,DAYLIGHT,TRAFFIC SIGNAL,NONE DETECTED,No,NO APPARENT INJURY,NOT DISTRACTED,,PASSENGER CAR,40,2021,JEEP,UT
MCP3026007D,220001368,Montgomery County Police,Property Damage Crash,01-12-22 10:59,Maryland (State),EAST WEST HWY (W/B COUPLET),PEARL ST,SAME DIR REAR END,CLEAR,DRY,DAYLIGHT,TRAFFIC SIGNAL,NONE DETECTED,No,NO APPARENT INJURY,NOT DISTRACTED,MD,(SPORT) UTILITY VEHICLE,25,2016,LEXS,NX200T
MCP3431000R,250018922,MONTGOMERY,Injury Crash,04/30/2025 05:01:00 PM,County Route,WISTERIA DR,,Front to Front,Clear,Dry,Daylight,No Controls,"Not Suspect of Alcohol Use, Not Suspect of Drug Use",Yes,Suspected Minor Injury,Unknown,MD,Passenger Car,25,2015,HONDA,ACCORD
MCP2917002W,180051488,Montgomery County Police,Property Damage Crash,10/14/2018 04:50:00 PM,,,,SAME DIR REAR END,CLEAR,,DARK LIGHTS ON,NO CONTROLS,NONE DETECTED,Yes,NO APPARENT INJURY,LOOKED BUT DID NOT SEE,MD,PASSENGER CAR,25,2011,GMC,TERRAIN
EJ78930032,240019621,GAITHERSBURG,Property Damage Crash,04/27/2024 12:11:00 AM,Municipality Route,WEST SIDE DR (NB/L),,"Sideswipe, Same Direction",Clear,Dry,Dark - Lighted,No Controls,"Suspect of Alcohol Use, Not Suspect of Drug Use",Yes,No Apparent Injury,Not Distracted,,Passenger Car,25,2011,HYUNDAI,SONATA
MCP2162002S,170546247,Montgomery County Police,Injury Crash,12-02-17 16:08,County,SPARTAN RD,GEORGIA AVE,STRAIGHT MOVEMENT ANGLE,CLEAR,DRY,DAYLIGHT,STOP SIGN,,No,POSSIBLE INJURY,NOT DISTRACTED,MD,PASSENGER CAR,35,2015,VOLKSWAGEN,JETTA
DD5508003K,170511909,Rockville Police Departme,Property Damage Crash,06-05-17 15:02,,,,SAME DIRECTION SIDESWIPE,RAINING,,DAYLIGHT,,NONE DETECTED,Yes,NO APPARENT INJURY,UNKNOWN,MD,SCHOOL BUS,15,2004,THOM,BUS
MCP2946000Y,15061765,MONTGOMERY,Property Damage Crash,12-03-15 15:15,County,STRINGTOWN RD,FREDERICK RD,SAME DIR REAR END,CLEAR,DRY,DAYLIGHT,TRAFFIC SIGNAL,,Yes,NO APPARENT INJURY,UNKNOWN,MD,PASSENGER CAR,35,2014,TOYOTA,SCION
DD56530061,250057656,ROCKVILLE,Property Damage Crash,12/26/2025 10:34:00 AM,Municipality Route,WOOTTON PKWY,,"Sideswipe, Same Direction",Cloudy,Dry,Daylight,No Controls,"Not Suspect of Alcohol Use, Not Suspect of Drug Use",No,No Apparent Injury,Not Distracted,MD,Passenger Car,35,2004,LEXUS,ES
MCP1566000Z,180051186,Montgomery County Police,Injury Crash,10-12-18 22:30,Maryland (State),FREDERICK RD,SHADY GROVE RD,STRAIGHT MOVEMENT ANGLE,CLEAR,DRY,DARK LIGHTS ON,TRAFFIC SIGNAL,NONE DETECTED,Yes,NO APPARENT INJURY,NOT DISTRACTED,MD,PASSENGER CAR,40,2017,TOYT,COROLLA
MCP23620025,170530488,Montgomery County Police,Property Damage Crash,09/14/2017 08:31:00 AM,US (State),COLUMBIA PIKE,PRELUDE DR,SAME DIR REAR END,CLEAR,DRY,DAYLIGHT,TRAFFIC SIGNAL,,Yes,NO APPARENT INJURY,TEXTING FROM A CELLULAR PHONE,MD,PASSENGER CAR,45,2009,TOYT,VENZA
MCP2031001X,190021517,Montgomery County Police,Injury Crash,05-07-19 13:54,Maryland (State),DAMASCUS RD,MULLINIX MILL RD,SAME DIRECTION SIDESWIPE,CLEAR,DRY,DAYLIGHT,NO CONTROLS,NONE DETECTED,No,POSSIBLE INJURY,NOT DISTRACTED,MD,PICKUP TRUCK,50,1999,DODGE,PICKUP
MCP2866007T,220021397,Montgomery County Police,Injury Crash,05/19/2022 06:10:00 PM,Maryland (State),W MONTGOMERY AVE,RAMP 6 FR MD 28 EB TO IS 270 SB,SAME DIR REAR END,CLEAR,DRY,DAYLIGHT,TRAFFIC SIGNAL,NONE DETECTED,No,SUSPECTED MINOR INJURY,NOT DISTRACTED,MD,(SPORT) UTILITY VEHICLE,45,2019,TOYOTA,RAV 4
MCP29320015,16051843,Montgomery County Police,Injury Crash,10-08-16 23:11,Maryland (State),GEORGIA AVE,GRACE CHURCH RD,SAME DIR REAR END,CLEAR,,DARK LIGHTS ON,,ALCOHOL PRESENT,Yes,NO APPARENT INJURY,UNKNOWN,MD,PASSENGER CAR,35,2015,HONDA,CIVIC
MCP0899002W,180019876,Montgomery County Police,Property Damage Crash,04/23/2018 03:40:00 PM,County,PEARL ST,MONTGOMERY AVE,HEAD ON LEFT TURN,CLOUDY,DRY,DAYLIGHT,TRAFFIC SIGNAL,NONE DETECTED,Yes,NO APPARENT INJURY,LOOKED BUT DID NOT SEE,DC,PASSENGER CAR,25,2021,FORD,FIESTA
HA2372000B,16001303,Maryland-National Capital,Property Damage Crash,10/18/2016 08:47:00 AM,County,E WAYNE AVE,SLIGO CREEK PKWY,OTHER,CLEAR,DRY,DAYLIGHT,NO CONTROLS,NONE DETECTED,No,NO APPARENT INJURY,NOT DISTRACTED,MD,PASSENGER CAR,25,2001,TOYOTA,CAMRY
MCP137800P3,180062471,Montgomery County Police,Property Damage Crash,12/14/2018 02:49:00 PM,Maryland (State),MONTGOMERY VILLAGE AVE,CROSSOVER,STRAIGHT MOVEMENT ANGLE,CLOUDY,DRY,DAYLIGHT,NO CONTROLS,NONE DETECTED,No,NO APPARENT INJURY,NOT DISTRACTED,MD,(SPORT) UTILITY VEHICLE,35,2010,TOYOTA,HIGHLANDER
MCP30370030,200013425,Montgomery County Police,Property Damage Crash,03/20/2020 06:01:00 PM,County,FATHER HURLEY BLVD,WATERS LANDING DR,STRAIGHT MOVEMENT ANGLE,CLEAR,DRY,DAYLIGHT,TRAFFIC SIGNAL,NONE DETECTED,Yes,NO APPARENT INJURY,UNKNOWN,MD,PASSENGER CAR,35,2011,HYUNDAI,ELANTRA
MCP3302000M,210044169,Montgomery County Police,Property Damage Crash,11-01-21 18:09,County,CALVERTON BLVD,GRACEFIELD RD,HEAD ON LEFT TURN,CLEAR,DRY,DUSK,STOP SIGN,NONE DETECTED,No,NO APPARENT INJURY,NOT DISTRACTED,MD,PASSENGER CAR,30,2011,FORD,FOCUS
EJ78260041,190005219,Gaithersburg Police Depar,Injury Crash,02-02-19 8:46,Municipality,SIOUX LA,BAYRIDGE DR,OTHER,CLEAR,WET,DAYLIGHT,,,Yes,NO APPARENT INJURY,LOOKED BUT DID NOT SEE,MD,PASSENGER CAR,25,2018,CHEVY,BOLT
MCP3232003M,230013019,Montgomery County Police,Property Damage Crash,03/17/2023 02:50:00 PM,Maryland (State),GEORGIA AVE,PRINCE PHILIP DR,SAME DIRECTION SIDESWIPE,CLEAR,DRY,DAYLIGHT,,NONE DETECTED,No,NO APPARENT INJURY,NOT DISTRACTED,WV,TRANSIT BUS,35,2000,2011,EXPRESS
MCP137800BS,16043422,Montgomery County Police,Injury Crash,08/26/2016 12:30:00 PM,Maryland (State),CLOPPER RD,METROPOLITAN GROVE RD,STRAIGHT MOVEMENT ANGLE,CLEAR,DRY,DAYLIGHT,NO CONTROLS,NONE DETECTED,Yes,NO APPARENT INJURY,NOT DISTRACTED,MD,(SPORT) UTILITY VEHICLE,35,2006,NISSAN,MURANO
EJ7875002X,220032240,Gaithersburg Police Depar,Property Damage Crash,07/26/2022 10:32:00 PM,Maryland (State),FREDERICK RD,WATKINS MILL RD,STRAIGHT MOVEMENT ANGLE,,WET,DARK LIGHTS ON,TRAFFIC SIGNAL,,Yes,NO APPARENT INJURY,UNKNOWN,,UNKNOWN,40,0,UNKNOWN,UNKNOWN
MCP2937004B,220027446,Montgomery County Police,Property Damage Crash,06/25/2022 11:30:00 PM,Maryland (State),NEW HAMPSHIRE AVE,RAMP 4 FR MD 650 NB TO US 29 EB,SAME DIR REAR END,CLEAR,DRY,DARK LIGHTS ON,TRAFFIC SIGNAL,NONE DETECTED,No,NO APPARENT INJURY,NOT DISTRACTED,MD,PASSENGER CAR,35,2017,HONDA,CRV
MCP2986001J,17011462,Montgomery County Police,Property Damage Crash,03-04-17 7:54,,,,SINGLE VEHICLE,CLEAR,,DAYLIGHT,,NONE DETECTED,Yes,NO APPARENT INJURY,LOOKED BUT DID NOT SEE,MD,PASSENGER CAR,30,2003,FORD,F150
MCP2777004K,180016583,Montgomery County Police,Injury Crash,04-05-18 17:15,Maryland (State),OLD GEORGETOWN RD,CORDELL AVE,SAME DIR REAR END,CLEAR,DRY,DAYLIGHT,NO CONTROLS,NONE DETECTED,Yes,NO APPARENT INJURY,NOT DISTRACTED,MD,"OTHER LIGHT TRUCKS (10,000LBS (4,536KG) OR LESS)",30,2013,FORD,F
MCP2848005V,170549876,Montgomery County Police,Injury Crash,12/21/2017 09:52:00 AM,Maryland (State),EAST WEST HWY,SUNDALE DR,OTHER,,DRY,DAYLIGHT,NO CONTROLS,UNKNOWN,Yes,NO APPARENT INJURY,UNKNOWN,,PASSENGER CAR,35,0,GMC,ACADIA
MCP2598000G,15014175,Montgomery County Police,Property Damage Crash,03/27/2015 06:00:00 PM,County,E WAYNE AVE,WALDEN RD,SAME DIRECTION SIDESWIPE,CLEAR,DRY,DAYLIGHT,,NONE DETECTED,No,NO APPARENT INJURY,NOT DISTRACTED,MD,PASSENGER CAR,25,2004,NISS,4S
MCP22910010,15008058,Montgomery County Police,Injury Crash,02/18/2015 06:02:00 PM,Maryland (State),WISCONSIN AVE,BRADLEY LA,SAME DIR REAR END,SNOW,WET,DARK LIGHTS ON,NO CONTROLS,NONE DETECTED,No,POSSIBLE INJURY,NOT DISTRACTED,MD,PASSENGER CAR,35,2008,BMW,528XI
MCP2981000J,16023478,Montgomery County Police,Property Damage Crash,05-11-16 20:57,County,MACARTHUR BLVD,MARYLAND AVE,SAME DIR REAR END,CLOUDY,WET,DARK LIGHTS ON,,NONE DETECTED,No,NO APPARENT INJURY,NOT DISTRACTED,MD,PASSENGER CAR,25,2015,ACURA,TK
MCP3010005V,210026092,Montgomery County Police,Injury Crash,07-07-21 15:04,Maryland (State),ROCKVILLE PIKE,SECURITY LA,SAME DIR REAR END,CLEAR,DRY,DAYLIGHT,TRAFFIC SIGNAL,,No,SUSPECTED MINOR INJURY,NOT DISTRACTED,FL,PASSENGER CAR,40,2019,CADI,4D
MCP2973002S,17014448,Montgomery County Police,Property Damage Crash,03/21/2017 02:44:00 PM,,,,OTHER,CLEAR,,DAYLIGHT,NO CONTROLS,NONE DETECTED,Yes,NO APPARENT INJURY,LOOKED BUT DID NOT SEE,MD,PASSENGER CAR,5,2013,FORD,4S
MCP29710008,15018754,Montgomery County Police,Injury Crash,04/21/2015 05:46:00 PM,Maryland (State),PINEY BRANCH RD,SILVER SPRING AVE,SAME DIR REAR END,CLEAR,DRY,DAYLIGHT,NO CONTROLS,NONE DETECTED,No,NO APPARENT INJURY,NOT DISTRACTED,VA,PASSENGER CAR,30,1994,ACURA,LEGEND
MCP2829003F,170532252,Montgomery County Police,Injury Crash,09/22/2017 08:56:00 PM,US (State),COLESVILLE RD,LANARK WAY,SAME DIR REAR END,CLOUDY,DRY,DARK LIGHTS ON,NO CONTROLS,NONE DETECTED,Yes,POSSIBLE INJURY,NOT DISTRACTED,MD,(SPORT) UTILITY VEHICLE,35,2009,HOND,CR-V
MCP9301005C,240035556,MONTGOMERY,Property Damage Crash,07/28/2024 11:15:00 AM,Municipality Route,KENTLANDS BLVD (NB/L),LONGDRAFT RD QUINCE ORCHARD RD,Angle,Clear,Dry,Daylight,Traffic Control Signal,"Not Suspect of Alcohol Use, Not Suspect of Drug Use",No,No Apparent Injury,Not Distracted,MD,Sport Utility Vehicle,30,2025,BMW,X5
MCP27860039,200048385,Montgomery County Police,Property Damage Crash,12-08-20 14:50,Maryland (State),GEORGIA AVE,SEMINARY RD,SAME DIRECTION SIDESWIPE,CLEAR,DRY,DAYLIGHT,,NONE DETECTED,Yes,NO APPARENT INJURY,NOT DISTRACTED,MD,PASSENGER CAR,35,2018,TOYOTA,4RUNNER
MCP2195004Q,220004696,Montgomery County Police,Property Damage Crash,02-03-22 12:37,County,E GUDE DR,CRABBS BRANCH WAY,SAME DIR REAR END,RAINING,WET,DAYLIGHT,TRAFFIC SIGNAL,ALCOHOL PRESENT,Yes,NO APPARENT INJURY,UNKNOWN,MD,PASSENGER CAR,40,2014,SUBURA,TRIBECA
DM8338000R,17006154,Takoma Park Police Depart,Property Damage Crash,02-04-17 13:46,Maryland (State),NEW HAMPSHIRE AVE,ETHAN ALLEN AVE,OTHER,CLEAR,DRY,DAYLIGHT,TRAFFIC SIGNAL,,Unknown,NO APPARENT INJURY,NOT DISTRACTED,DC,PASSENGER CAR,35,2004,NISS,ALTIMA
MCP2877004J,170544272,Montgomery County Police,Property Damage Crash,11/22/2017 10:00:00 AM,Maryland (State),GEORGIA AVE,CAPITAL BELTWAY,SAME DIRECTION SIDESWIPE,CLEAR,DRY,DAYLIGHT,TRAFFIC SIGNAL,NONE DETECTED,No,NO APPARENT INJURY,NOT DISTRACTED,MD,PASSENGER CAR,35,2011,LEXUS,LS460
DD5602000F,16041851,Rockville Police Departme,Injury Crash,08/18/2016 01:35:00 AM,Municipality,MONROE ST,MT VERNON PL,OTHER,,WET,DARK NO LIGHTS,NO CONTROLS,UNKNOWN,No,NO APPARENT INJURY,UNKNOWN,,,25,0,UNKNOWN,UNKNOWN
DM8479001L,220047922,Takoma Park Police Depart,Property Damage Crash,10/31/2022 07:50:00 PM,Municipality,MAPLE AVE,LEE AVE,SAME DIR REAR END,RAINING,WET,DARK LIGHTS ON,NO CONTROLS,ALCOHOL PRESENT,Yes,NO APPARENT INJURY,INATTENTIVE OR LOST IN THOUGHT,MD,PASSENGER CAR,25,2022,NISSAN,SENTRA
MCP24560049,200001609,Montgomery County Police,Property Damage Crash,01-10-20 6:50,US (State),COLESVILLE RD,LANARK WAY,STRAIGHT MOVEMENT ANGLE,CLEAR,DRY,DAWN,NO CONTROLS,NONE DETECTED,Yes,NO APPARENT INJURY,NOT DISTRACTED,FL,PASSENGER CAR,35,2016,NISSAN,ROGUE
MCP3222001Y,220038688,Montgomery County Police,Property Damage Crash,09-06-22 16:25,Maryland (State),RIVER RD,BEECH TREE RD,SAME DIR REAR END,CLEAR,DRY,DAYLIGHT,NO CONTROLS,NONE DETECTED,No,NO APPARENT INJURY,NOT DISTRACTED,VA,PASSENGER CAR,35,2009,NISSAN,ROGUE
MCP3130001C,190020977,Montgomery County Police,Property Damage Crash,05-04-19 6:50,County,CONNECTICUT AVE,GEORGIA AVE,SAME DIR REAR END,FOGGY,DRY,DUSK,TRAFFIC SIGNAL,NONE DETECTED,No,NO APPARENT INJURY,NOT DISTRACTED,MD,TRANSIT BUS,45,2013,METRO,BUS
MCP20010019,200021694,Montgomery County Police,Fatal Crash,06-01-20 18:29,Maryland (State),OLD GEORGETOWN RD,EXECUTIVE BLVD,STRAIGHT MOVEMENT ANGLE,CLEAR,DRY,DAYLIGHT,TRAFFIC SIGNAL,NONE DETECTED,No,SUSPECTED MINOR INJURY,NOT DISTRACTED,MD,PICKUP TRUCK,30,2009,CHEVROLET,COLORADO
MCP3162005Z,250023293,MONTGOMERY,Injury Crash,05/26/2025 12:30:00 PM,Maryland (State) Route,,CHICAGO AVE,Rear To Side,Clear,Dry,Daylight,Stop Sign,"Not Suspect of Alcohol Use, Not Suspect of Drug Use",No,Suspected Minor Injury,Not Distracted,MD,Passenger Car,25,2014,DODGE,CHARGER
MCP27260012,16019370,Montgomery County Police,Property Damage Crash,04/20/2016 09:32:00 AM,Maryland (State),ROCKVILLE PIKE,ENT TO FEDERAL PLAZA S.C.,SAME DIR REAR END,CLEAR,DRY,DAYLIGHT,TRAFFIC SIGNAL,,No,NO APPARENT INJURY,NOT DISTRACTED,PA,PASSENGER CAR,40,2013,FORD,F150
MCP3058002X,190033626,Montgomery County Police,Property Damage Crash,07/15/2019 04:15:00 PM,Maryland (State),FALLS RD,MONTROSE RD,SAME DIRECTION SIDESWIPE,CLEAR,DRY,DAYLIGHT,TRAFFIC SIGNAL,NONE DETECTED,Yes,NO APPARENT INJURY,NOT DISTRACTED,MD,PASSENGER CAR,35,2005,HOND,4S
MCP2830005V,220052785,Montgomery County Police,Property Damage Crash,11/30/2022 08:00:00 AM,County,RANDOLPH RD,GLENMONT CIR #1,STRAIGHT MOVEMENT ANGLE,RAINING,WET,OTHER,TRAFFIC SIGNAL,NONE DETECTED,Unknown,NO APPARENT INJURY,UNKNOWN,MD,POLICE VEHICLE/EMERGENCY,35,2016,TOYOTA,CAMRY
MCP2159000T,220042533,Montgomery County Police,Property Damage Crash,09/29/2022 03:08:00 PM,County,DAWSON FARM RD,GERMANTOWN RD,STRAIGHT MOVEMENT ANGLE,CLEAR,DRY,DAYLIGHT,TRAFFIC SIGNAL,,No,NO APPARENT INJURY,NOT DISTRACTED,MD,PASSENGER CAR,30,2017,TOYOTA,CAMRY
DM8439003T,200018710,Takoma Park Police Depart,Property Damage Crash,05-08-20 12:10,,,,OTHER,RAINING,,DAYLIGHT,,,Yes,NO APPARENT INJURY,UNKNOWN,,(SPORT) UTILITY VEHICLE,15,2003,TOYOTA,SUV