Report Number,Local Case Number,Agency Name,ACRS Report Type,Crash Date/Time,Route Type,Road Name,Cross-Street Name,Collision Type,Weather,Surface Condition,Light,Traffic Control,Driver Substance Abuse,Driver At Fault,Injury Severity,Driver Distracted By,Drivers License State,Vehicle Body Type,Speed Limit,Vehicle Year,Vehicle Make,Vehicle Model
MCP21980091,210011249,Montgomery County Police,Property Damage Crash,03/25/2021 06:00:00 PM,Maryland (State),QUINCE ORCHARD RD,RAMP 2 FR MD 124 WB TO IS 270 NB,SAME DIRECTION RIGHT TURN,,DRY,DAYLIGHT,,,Yes,NO APPARENT INJURY,UNKNOWN,MD,PASSENGER CAR,35,2021,TOYOTA,COROLLA
MCP28710025,15052761,MONTGOMERY,Injury Crash,10/17/2015 04:53:00 PM,,,,OPPOSITE DIRECTION SIDESWIPE,CLOUDY,,DAYLIGHT,NO CONTROLS,MEDICATION PRESENT,No,POSSIBLE INJURY,NOT DISTRACTED,CA,PASSENGER CAR,35,2015,LEXUS,RX 350
MCP23580097,220005484,Montgomery County Police,Property Damage Crash,02-08-22 14:43,,,,HEAD ON LEFT TURN,CLEAR,,DAYLIGHT,NO CONTROLS,NONE DETECTED,Yes,NO APPARENT INJURY,NOT DISTRACTED,MD,PASSENGER CAR,15,2005,LANDROVER,SUV
MCP2798006W,250028552,MONTGOMERY,Property Damage Crash,06/26/2025 05:00:00 PM,County Route,CENTURY BLVD,CRYSTAL ROCK DR (SB/L),Angle,Clear,Dry,Daylight,Traffic Control Signal,"Not Suspect of Alcohol Use, Not Suspect of Drug Use",Yes,No Apparent Injury,Unknown,MD,Passenger Car,40,2019,TOYOTA,CAMRY
EJ7857000G,15028770,GAITHERSBURG,Property Damage Crash,06/13/2015 09:14:00 AM,,,,OTHER,CLEAR,,DAYLIGHT,NO CONTROLS,UNKNOWN,Yes,NO APPARENT INJURY,UNKNOWN,MD,PASSENGER CAR,15,0,TOYOTA,UNKNOWN
MCP2613000Y,16036056,Montgomery County Police,Injury Crash,07/16/2016 01:36:00 PM,Maryland (State),MONTGOMERY VILLAGE AVE,RUSSELL AVE,SAME DIRECTION SIDESWIPE,CLEAR,DRY,DAYLIGHT,TRAFFIC SIGNAL,,Yes,SUSPECTED MINOR INJURY,LOOKED BUT DID NOT SEE,MD,PASSENGER CAR,35,2009,HONDA,CIVIC
MCP1221004V,180014116,Montgomery County Police,Property Damage Crash,03/22/2018 06:57:00 AM,Maryland (State),KEY WEST AVE,BROSCHART RD,HEAD ON LEFT TURN,CLEAR,WET,DAWN,TRAFFIC SIGNAL,NONE DETECTED,Yes,NO APPARENT INJURY,UNKNOWN,MD,(SPORT) UTILITY VEHICLE,40,2005,HOND,TK
EJ78730040,210027454,Gaithersburg Police Depar,Property Damage Crash,07/16/2021 06:56:00 AM,Maryland (State),FREDERICK RD,MONTGOMERY AVE,OTHER,CLEAR,DRY,DAYLIGHT,NO CONTROLS,NONE DETECTED,Yes,NO APPARENT INJURY,LOOKED BUT DID NOT SEE,VA,PASSENGER CAR,0,2011,WHITE,JETTA
MCP25640009,15020245,Montgomery County Police,Injury Crash,04/29/2015 08:25:00 PM,County,WATKINS MILL RD,APPLE RIDGE RD,HEAD ON LEFT TURN,CLEAR,DRY,DARK LIGHTS ON,TRAFFIC SIGNAL,NONE DETECTED,No,NO APPARENT INJURY,NOT DISTRACTED,MD,PASSENGER CAR,35,2003,MAZD,PROTOGE
MCP29660026,16030688,Montgomery County Police,Property Damage Crash,06/17/2016 05:20:00 PM,,,,OTHER,CLEAR,,DAYLIGHT,NO CONTROLS,NONE DETECTED,Yes,NO APPARENT INJURY,LOOKED BUT DID NOT SEE,MD,PASSENGER CAR,0,2011,CHEV,4S
MCP2877001N,15039755,MONTGOMERY,Property Damage Crash,08-10-15 11:15,,,,SAME DIRECTION LEFT TURN,CLOUDY,,DAYLIGHT,NO CONTROLS,UNKNOWN,Unknown,NO APPARENT INJURY,NOT DISTRACTED,,PASSENGER CAR,15,2013,CHRYSLER,200
MCP33280037,240003406,MONTGOMERY,Property Damage Crash,01/21/2024 06:20:00 PM,US (State),COLESVILLE RD,,Front to Rear,Clear,,Dark - Unknown Lighting,No Controls,"Not Suspect of Alcohol Use, Not Suspect of Drug Use",No,No Apparent Injury,Not Distracted,MD,Passenger Car,35,1998,TOYOTA,PRIUS
MCP1251000C,15010325,Montgomery County Police,Injury Crash,03-05-15 11:58,Maryland (State),RIVER RD,CARDEROCK SPRINGS DR,HEAD ON,SNOW,SNOW,DAYLIGHT,NO CONTROLS,NONE DETECTED,Yes,SUSPECTED MINOR INJURY,NOT DISTRACTED,MD,PICKUP TRUCK,35,2007,CHEVOLET,SILVERAD0
MCP26010017,220040212,Montgomery County Police,Property Damage Crash,09/15/2022 08:21:00 PM,County,13TH ST,WASH DC LINE,SAME DIR REAR END,CLEAR,DRY,DARK LIGHTS ON,NO CONTROLS,UNKNOWN,Yes,NO APPARENT INJURY,UNKNOWN,,(SPORT) UTILITY VEHICLE,25,9999,CADILLAC,SRX4
MCP29040033,17016409,Montgomery County Police,Injury Crash,03/31/2017 05:12:00 PM,County,GREENWOOD AVE,PINEY BRANCH RD,SAME DIR REAR END,,WET,DAYLIGHT,TRAFFIC SIGNAL,NONE DETECTED,Yes,NO APPARENT INJURY,UNKNOWN,MD,PASSENGER CAR,25,2000,TOYOTA,TACOMA
MCP31270047,250003587,MONTGOMERY,Injury Crash,01/25/2025 04:22:00 PM,Maryland (State) Route,RIVER RD,,Front to Rear,Clear,Dry,Daylight,Traffic Control Signal,"Not Suspect of Alcohol Use, Not Suspect of Drug Use",Yes,No Apparent Injury,Unknown,WV,Passenger Car,35,2015,SUBARU,OUTBACK
MCP2910002N,16041901,Montgomery County Police,Property Damage Crash,08/18/2016 10:37:00 AM,Maryland (State),CHERRY HILL RD,RAMP 1 FR RAMP 4 (US29)TO CHERRY HILL RD,SINGLE VEHICLE,CLEAR,DRY,DAYLIGHT,NO CONTROLS,NONE DETECTED,Yes,NO APPARENT INJURY,OTHER DISTRACTION,MD,PASSENGER CAR,30,2007,TOYOTA,CAMRY
MCP93720005,190058846,Montgomery County Police,Property Damage Crash,12-06-19 14:15,Maryland (State),CLOPPER RD,ENT TO CAMP SENECA PARK,SAME DIRECTION SIDESWIPE,CLOUDY,DRY,DAYLIGHT,NO CONTROLS,,Yes,NO APPARENT INJURY,UNKNOWN,,PASSENGER CAR,35,2015,NISSAN,ALTMA
MCP229800N7,190021539,Montgomery County Police,Injury Crash,05-07-19 15:21,County,HAWKINS CREAMERY RD,HAWKINS CREAMERY CT,SAME DIRECTION LEFT TURN,CLOUDY,DRY,DAYLIGHT,,NONE DETECTED,Yes,NO APPARENT INJURY,NOT DISTRACTED,MD,STATION WAGON,35,2013,ROVER,RANGER
MCP1035000Q,190036428,Montgomery County Police,Property Damage Crash,07/31/2019 01:06:00 AM,Municipality,PLEASANT CIR,RIDGEMONT AVE,SAME DIR REAR END,,DRY,DARK LIGHTS ON,NO CONTROLS,ALCOHOL CONTRIBUTED,Yes,NO APPARENT INJURY,UNKNOWN,MD,PASSENGER CAR,25,2005,HONDA,CRV
MCP32670013,220031920,Montgomery County Police,Property Damage Crash,07/24/2022 08:45:00 PM,County,CONNECTICUT AVE,BEL PRE RD,OTHER,CLEAR,DRY,DARK LIGHTS ON,TRAFFIC SIGNAL,ALCOHOL PRESENT,Yes,NO APPARENT INJURY,NOT DISTRACTED,MD,PASSENGER CAR,35,2000,TOYOTA,TACOMA
MCP25860074,240005542,MONTGOMERY,Injury Crash,02-03-24 19:54,Maryland (State) Route,,,Single Vehicle,Clear,Dry,Dark - Not Lighted,No Controls,"Not Suspect of Alcohol Use, Not Suspect of Drug Use",No,Possible Injury,Unknown,MD,Passenger Car,35,2020,RAM,PROMASTER CITY
MCP30390079,240045616,MONTGOMERY,Property Damage Crash,09/24/2024 06:00:00 PM,Maryland (State) Route,WAYNE AVE,,Angle,Rain,Wet,Daylight,No Controls,"Unknown, Unknown",No,,,,Passenger Car,30,2012,TOYOTA,SCION FR-S
MCP3317001G,240015206,MONTGOMERY,Property Damage Crash,04-01-24 15:51,County Route,,,"Sideswipe, Opposite Direction",Cloudy,Dry,Daylight,No Controls,"Not Suspect of Alcohol Use, Not Suspect of Drug Use",Yes,No Apparent Injury,Not Distracted,MD,Sport Utility Vehicle,35,2010,MERCEDES-BENZ,GLK-CLASS
MCP1500000C,15006296,Montgomery County Police,Injury Crash,02-07-15 17:32,Maryland (State),NEW HAMPSHIRE AVE,WOLF DR,SAME DIR REAR END,CLEAR,DRY,DAYLIGHT,TRAFFIC SIGNAL,NONE DETECTED,No,NO APPARENT INJURY,NOT DISTRACTED,MD,PASSENGER CAR,40,2007,HONDA,ACCORD
MCP2776003X,220037601,Montgomery County Police,Property Damage Crash,08/30/2022 03:15:00 PM,Maryland (State),NEW HAMPSHIRE AVE,WARRENTON DR,SAME DIR REAR END,UNKNOWN,UNKNOWN,DAYLIGHT,UNKNOWN,UNKNOWN,Yes,NO APPARENT INJURY,UNKNOWN,,,40,0,UNKNOWN,UNKNOWN
MCP3309001B,220037460,Montgomery County Police,Injury Crash,08/30/2022 05:34:00 AM,Maryland (State),NEW HAMPSHIRE AVE,GOOD HOPE RD,STRAIGHT MOVEMENT ANGLE,CLEAR,DRY,DARK LIGHTS ON,FLASHING TRAFFIC SIGNAL,NONE DETECTED,No,SUSPECTED MINOR INJURY,NOT DISTRACTED,MD,(SPORT) UTILITY VEHICLE,45,2020,TOYT,HIGHLANDER
MCP2767001N,16004758,Montgomery County Police,Property Damage Crash,01/29/2016 02:00:00 PM,Maryland (State),UNIVERSITY BLVD W,ARCOLA AVE,SAME DIR REAR END,CLEAR,SNOW,DAYLIGHT,NO CONTROLS,,Yes,NO APPARENT INJURY,UNKNOWN,,,45,0,UNKNOWN,UNKNOWN
MCP29140068,180009791,Montgomery County Police,Injury Crash,02/25/2018 09:05:00 PM,US (State),COLESVILLE RD,RAMP 8 FR US 29 SB TO IS 495 WB,SAME DIRECTION LEFT TURN,CLEAR,WET,DARK LIGHTS ON,NO CONTROLS,,Yes,NO APPARENT INJURY,LOOKED BUT DID NOT SEE,MD,PASSENGER CAR,40,2002,FORD,FOCUS
MCP15000014,16037505,Montgomery County Police,Property Damage Crash,07/24/2016 04:00:00 PM,,,,STRAIGHT MOVEMENT ANGLE,CLEAR,,DAYLIGHT,,NONE DETECTED,Yes,NO APPARENT INJURY,UNKNOWN,MD,PASSENGER CAR,15,2010,TOYOTA,RAV4
MCP1366003Z,15065520,Montgomery County Police,Property Damage Crash,12/22/2015 02:11:00 PM,Maryland (State),E JEFFERSON ST,MONROE ST,SAME DIRECTION SIDESWIPE,CLOUDY,WET,DAYLIGHT,,NONE DETECTED,No,NO APPARENT INJURY,NOT DISTRACTED,MD,PASSENGER CAR,30,2011,HONDA,ACCORD
MCP241100DL,240039844,MONTGOMERY,Injury Crash,08/23/2024 07:56:00 AM,Maryland (State) Route,NORBECK RD (WB/L),,Front to Rear,Clear,Dry,Daylight,No Controls,"Not Suspect of Alcohol Use, Not Suspect of Drug Use",No,No Apparent Injury,Not Distracted,MD,Passenger Car,40,2017,TOYOTA,COROLLA
MCP2703002B,180050940,Montgomery County Police,Property Damage Crash,10-11-18 17:00,County,E RANDOLPH RD,BROADMORE RD,SINGLE VEHICLE,RAINING,WET,DAYLIGHT,NO CONTROLS,,Yes,NO APPARENT INJURY,NOT DISTRACTED,MD,PASSENGER CAR,35,1999,NISSAN,ALTIMA
MCP3026004W,190058551,Montgomery County Police,Injury Crash,12-05-19 6:18,Maryland (State),CONNECTICUT AVE,JONES BRIDGE RD,SAME DIR REAR END,CLEAR,DRY,DARK LIGHTS ON,NO CONTROLS,NONE DETECTED,Yes,NO APPARENT INJURY,DISTRACTED BY OUTSIDE PERSON OBJECT OR EVENT,MD,PASSENGER CAR,35,2008,ACUR,MDX
MCP2059006Z,210052156,Montgomery County Police,Injury Crash,12/22/2021 09:12:00 AM,Maryland (State),VEIRS MILL RD,R/R #CSX 140 497 C,SAME DIRECTION SIDESWIPE,CLEAR,DRY,DAYLIGHT,NO CONTROLS,NONE DETECTED,Yes,SUSPECTED MINOR INJURY,UNKNOWN,MD,PASSENGER CAR,30,2013,KIA,OPTIMA
MCP209400DV,190021675,Montgomery County Police,Property Damage Crash,05-08-19 9:44,County,EXECUTIVE BLVD,ENT TO BUSINESS,SAME DIR REAR END,CLOUDY,DRY,DAYLIGHT,TRAFFIC SIGNAL,NONE DETECTED,No,NO APPARENT INJURY,NOT DISTRACTED,MD,(SPORT) UTILITY VEHICLE,35,2010,LEXSUS,SUG350
MCP12120021,200003097,Montgomery County Police,Injury Crash,01/19/2020 08:08:00 AM,Interstate (State),EISENHOWER MEMORIAL HWY,RAMP 8 FR IS 270 SB TO MD 124 WB,SAME DIRECTION SIDESWIPE,CLEAR,WET,DAYLIGHT,,NONE DETECTED,No,NO APPARENT INJURY,NOT DISTRACTED,MD,PICKUP TRUCK,55,2011,CHEV,TK
MCP2827000W,15001422,Montgomery County Police,Property Damage Crash,01-09-15 16:06,Maryland (State),LAYHILL RD,BRIGGS RD,SAME DIRECTION LEFT TURN,CLEAR,DRY,DAYLIGHT,NO CONTROLS,NONE DETECTED,Yes,NO APPARENT INJURY,LOOKED BUT DID NOT SEE,MD,PASSENGER CAR,40,2009,TOYOTA,CAMRY
MCP3153001Y,200001097,Montgomery County Police,Property Damage Crash,01-07-20 13:45,County,BAUER DR,NORBECK RD,SAME DIR REAR END,SNOW,WET,DAYLIGHT,TRAFFIC SIGNAL,NONE DETECTED,Yes,NO APPARENT INJURY,NOT DISTRACTED,MD,PASSENGER CAR,25,2002,CHRY,VN
MCP29290021,17013321,Montgomery County Police,Property Damage Crash,03/15/2017 08:28:00 AM,Maryland (State),NEW HAMPSHIRE AVE,RANDOLPH RD,SAME DIRECTION SIDESWIPE,CLEAR,DRY,DAYLIGHT,NO CONTROLS,NONE DETECTED,No,NO APPARENT INJURY,NOT DISTRACTED,MD,PASSENGER CAR,45,2001,HYUN,ELANTRA
MCP3392000N,240012299,MONTGOMERY,Injury Crash,03/14/2024 04:00:00 PM,,,,Angle,Clear,,Daylight,,"Not Suspect of Alcohol Use, Not Suspect of Drug Use",Yes,Possible Injury,Not Distracted,MD,Passenger Car,0,2012,FORD,FOCUS
MCP3131000M,180052937,Montgomery County Police,Injury Crash,10/22/2018 05:11:00 PM,County,FALLS RD,ALLOWAY DR,SAME DIR REAR END,CLEAR,DRY,DUSK,NO CONTROLS,NONE DETECTED,No,NO APPARENT INJURY,NOT DISTRACTED,MD,PASSENGER CAR,30,2014,HYUNDAI,SONATA
MCP3292000Q,210012315,Montgomery County Police,Injury Crash,04-02-21 12:14,,,,SAME DIR REAR END,CLEAR,,DAYLIGHT,NO CONTROLS,NONE DETECTED,Yes,NO APPARENT INJURY,LOOKED BUT DID NOT SEE,MD,POLICE VEHICLE/NON EMERGENCY,0,2013,FORD,TAURUS
MCP2852001L,18056853,Montgomery County Police,Property Damage Crash,11-12-18 23:09,Maryland (State),GERMANTOWN RD,AIRCRAFT DR,SAME DIR REAR END,RAINING,WET,DARK LIGHTS ON,TRAFFIC SIGNAL,NONE DETECTED,No,NO APPARENT INJURY,NOT DISTRACTED,MD,OTHER,40,2019,ACUR,4S
MCP2717003B,15051056,MONTGOMERY,Property Damage Crash,10-08-15 16:25,Maryland (State),ROCKVILLE PIKE,TUCKERMAN LA,SAME DIR REAR END,CLEAR,DRY,DAYLIGHT,TRAFFIC SIGNAL,NONE DETECTED,Yes,NO APPARENT INJURY,NOT DISTRACTED,MD,(SPORT) UTILITY VEHICLE,40,2014,KIA,SORENTO
MCP2450000C,15019769,Montgomery County Police,Property Damage Crash,04/27/2015 08:22:00 AM,US (State),COLUMBIA PIKE,HILLWOOD DR,ANGLE MEETS LEFT TURN,CLEAR,DRY,DAYLIGHT,STOP SIGN,NONE DETECTED,No,NO APPARENT INJURY,UNKNOWN,MD,PASSENGER CAR,40,2013,CHRY,CN
EJ7851005J,200015893,Gaithersburg Police Depar,Property Damage Crash,04/13/2020 03:00:00 PM,,,,UNKNOWN,RAINING,,DAYLIGHT,NO CONTROLS,UNKNOWN,Yes,NO APPARENT INJURY,UNKNOWN,,PASSENGER CAR,15,2014,DODGE,4DR
MCP3044000N,17015107,Montgomery County Police,Property Damage Crash,03/24/2017 04:41:00 PM,Maryland (State),GEORGIA AVE,FLORA LA,OTHER,CLEAR,DRY,DAYLIGHT,OTHER,NONE DETECTED,Yes,NO APPARENT INJURY,LOOKED BUT DID NOT SEE,VA,PASSENGER CAR,30,2006,MAZDA,M3
MCP242500GF,200040180,Montgomery County Police,Property Damage Crash,10-12-20 15:09,County,GATESHEAD MANOR WAY,BRIGGS CHANEY RD,SAME DIRECTION SIDESWIPE,RAINING,WET,DAYLIGHT,NO CONTROLS,NONE DETECTED,No,NO APPARENT INJURY,NOT DISTRACTED,DC,TRANSIT BUS,25,2009,GILLIG,BUS
MCP3205001H,200024526,Montgomery County Police,Property Damage Crash,06/23/2020 12:31:00 PM,Maryland (State),GEORGIA AVE,UNIVERSITY BLVD W,STRAIGHT MOVEMENT ANGLE,,DRY,DAYLIGHT,TRAFFIC SIGNAL,NONE DETECTED,Yes,NO APPARENT INJURY,NOT DISTRACTED,MD,PASSENGER CAR,25,2013,NISSAN,ALTIMA
MCP13930018,170524855,Montgomery County Police,Property Damage Crash,08/14/2017 08:23:00 PM,Maryland (State),FREDERICK RD,CLARKSBURG RD,HEAD ON LEFT TURN,RAINING,WET,DARK LIGHTS ON,TRAFFIC SIGNAL,NONE DETECTED,No,NO APPARENT INJURY,NOT DISTRACTED,MD,(SPORT) UTILITY VEHICLE,35,2017,TOYOTA,HIGHLANDER
MCP3317000T,220046097,Montgomery County Police,Property Damage Crash,10/20/2022 04:23:00 PM,US (State),COLESVILLE RD,SOUTHWOOD AVE,HEAD ON LEFT TURN,CLEAR,DRY,DAYLIGHT,TRAFFIC SIGNAL,NONE DETECTED,No,NO APPARENT INJURY,NOT DISTRACTED,VA,VAN,40,2020,FORD,TRANSIT
MCP23650028,210040176,Montgomery County Police,Injury Crash,05/15/2021 10:55:00 AM,County,BRIGGS CHANEY RD,ASTON MANOR DR,SAME DIR REAR END,CLEAR,DRY,DAYLIGHT,NO CONTROLS,NONE DETECTED,No,POSSIBLE INJURY,NOT DISTRACTED,MD,PASSENGER CAR,40,2016,BUICK,VERANO
MCP2586002G,16063616,Montgomery County Police,Property Damage Crash,12-11-16 17:55,County,FAIRLAND RD,OLD COLUMBIA PIKE,SAME DIR REAR END,,DRY,DARK LIGHTS ON,TRAFFIC SIGNAL,NONE DETECTED,No,NO APPARENT INJURY,NOT DISTRACTED,MD,(SPORT) UTILITY VEHICLE,40,2016,MAZDA,CX55
MCP2260001H,16058093,Montgomery County Police,Property Damage Crash,11-10-16 21:19,,,,OTHER,,,DARK LIGHTS ON,NO CONTROLS,,Yes,NO APPARENT INJURY,UNKNOWN,MA,PASSENGER CAR,5,2007,NISS,VERSA
DM8503001C,240007725,TAKOMA,Property Damage Crash,02/16/2024 03:00:00 PM,Municipality Route,THIRTEENTH AVE,,Single Vehicle,Clear,Dry,Daylight,No Controls,"Not Suspect of Alcohol Use, Unknown",No,No Apparent Injury,,,Unknown,35,0,,
DD5633001P,190024635,Rockville Police Departme,Injury Crash,05/23/2019 10:40:00 PM,Maryland (State),FIRST ST,BALTIMORE RD,HEAD ON LEFT TURN,CLEAR,DRY,DARK LIGHTS ON,TRAFFIC SIGNAL,NONE DETECTED,Yes,POSSIBLE INJURY,NOT DISTRACTED,MD,PASSENGER CAR,35,2015,JEEP,TK
MCP2907001T,170543645,Montgomery County Police,Property Damage Crash,11/18/2017 10:16:00 PM,Municipality,WOOTTON PKWY,SEVEN LOCKS RD,SAME DIRECTION SIDESWIPE,CLEAR,DRY,UNKNOWN,,NONE DETECTED,No,NO APPARENT INJURY,NOT DISTRACTED,MD,PASSENGER CAR,35,2012,NISS,TK
DD55080037,17006441,Rockville Police Departme,Injury Crash,02-06-17 9:45,Maryland (State),ROCKVILLE PIKE,EDMONSTON DR,STRAIGHT MOVEMENT ANGLE,CLEAR,DRY,DAYLIGHT,TRAFFIC SIGNAL,UNKNOWN,Yes,SUSPECTED MINOR INJURY,UNKNOWN,MD,PASSENGER CAR,40,2009,DODGE,CALIBER
MCP31800042,240036126,MONTGOMERY,Property Damage Crash,07/31/2024 06:04:00 PM,Maryland (State) Route,OLNEY SANDY SPRING RD,,Front to Rear,Clear,Dry,Other,Traffic Control Signal,"Not Suspect of Alcohol Use, Not Suspect of Drug Use",No,No Apparent Injury,Unknown,MD,Passenger Car,40,2007,HONDA,CIVIC
MCP2948003Z,200004216,Montgomery County Police,Property Damage Crash,01/25/2020 06:46:00 PM,County,BLUHILL RD,FLORAL ST,OTHER,CLEAR,DRY,DARK -- UNKNOWN LIGHTING,STOP SIGN,ALCOHOL CONTRIBUTED,Yes,NO APPARENT INJURY,NOT DISTRACTED,MD,PASSENGER CAR,30,2018,TOYOTA,RAV4
DD5610008G,230059848,Rockville Police Departme,Property Damage Crash,10-11-23 11:40,Maryland (State),ROCKVILLE PIKE,TALBOTT ST,SINGLE VEHICLE,CLEAR,DRY,DAYLIGHT,NO CONTROLS,,Yes,NO APPARENT INJURY,OTHER DISTRACTION,DC,PASSENGER CAR,35,2019,TOYOTA,CAMRY
MCP2929001G,16029565,Montgomery County Police,Property Damage Crash,06-12-16 11:15,Maryland (State),NORBECK RD,MUNCASTER MILL RD,SAME DIRECTION SIDESWIPE,CLEAR,DRY,DAYLIGHT,TRAFFIC SIGNAL,NONE DETECTED,Yes,NO APPARENT INJURY,LOOKED BUT DID NOT SEE,DC,PASSENGER CAR,40,2003,MAZDA,MIATA
MCP32140017,210031426,Montgomery County Police,Injury Crash,08-12-21 23:09,County,MIDDLEBROOK RD,GREAT SENECA HWY,SINGLE VEHICLE,CLEAR,DRY,DARK LIGHTS ON,TRAFFIC SIGNAL,NONE DETECTED,Yes,POSSIBLE INJURY,LOOKED BUT DID NOT SEE,MD,MOTORCYCLE,35,2000,MONSTER,MOTOR
MCP1048001Z,16048092,Montgomery County Police,Property Damage Crash,09/19/2016 12:42:00 PM,Municipality,MAIN ST,OWENS GLEN WAY (AHEAD),OPPOSITE DIRECTION SIDESWIPE,RAINING,WET,DAYLIGHT,NO CONTROLS,NONE DETECTED,No,NO APPARENT INJURY,NOT DISTRACTED,MD,PASSENGER CAR,25,2008,BMW,4S
MCP28050019,15021375,Montgomery County Police,Injury Crash,05-05-15 18:24,County,CLUB LAKE RD,BLUE TEE TER,STRAIGHT MOVEMENT ANGLE,CLOUDY,WET,DAYLIGHT,STOP SIGN,NONE DETECTED,Yes,SUSPECTED MINOR INJURY,NOT DISTRACTED,MD,,25,2015,,
MCP3129004Q,220030362,Montgomery County Police,Injury Crash,07/15/2022 05:16:00 AM,Maryland (State),GEORGIA AVE,MORNINGWOOD DR,STRAIGHT MOVEMENT ANGLE,CLEAR,DRY,,NO CONTROLS,NONE DETECTED,No,NO APPARENT INJURY,LOOKED BUT DID NOT SEE,MD,PASSENGER CAR,30,2020,TOYOTA,CAMRY
MCP3295002V,230030099,Montgomery County Police,Property Damage Crash,06/23/2023 03:57:00 PM,US (State),COLUMBIA PIKE,BRIGGS CHANEY RD,SAME DIRECTION LEFT TURN,RAINING,WET,DAYLIGHT,NO CONTROLS,,No,NO APPARENT INJURY,NOT DISTRACTED,MD,PASSENGER CAR,55,2018,FORD,HB
MCP26110016,16016499,Montgomery County Police,Injury Crash,04-04-16 21:55,County,LOCKWOOD DR,WHITE OAK SHOPPIING CENTER,SAME DIR REAR END,CLEAR,DRY,DARK LIGHTS ON,TRAFFIC SIGNAL,NONE DETECTED,No,NO APPARENT INJURY,NOT DISTRACTED,MD,PASSENGER CAR,30,2012,HONDA,4D
MCP1213001B,16005475,Montgomery County Police,Injury Crash,02-02-16 15:20,County,CARONA DR,BONIFANT RD,SAME DIR REAR END,CLEAR,DRY,DAYLIGHT,STOP SIGN,NONE DETECTED,Yes,NO APPARENT INJURY,DISTRACTED BY OUTSIDE PERSON OBJECT OR EVENT,MD,PASSENGER CAR,25,2013,JEEP,WRANGLER
MCP3348001Q,230069910,Montgomery County Police,Injury Crash,12-05-23 6:56,County,DEWEY RD,RANDOLPH RD,OTHER,CLEAR,DRY,DAWN,TRAFFIC SIGNAL,NONE DETECTED,Yes,NO APPARENT INJURY,LOOKED BUT DID NOT SEE,MD,(SPORT) UTILITY VEHICLE,30,2015,NISS,UT
MCP2916000Z,15047755,MONTGOMERY,Injury Crash,09/21/2015 07:07:00 AM,US (State),COLUMBIA PIKE,MUSGROVE RD,SAME DIR REAR END,CLEAR,DRY,DAYLIGHT,NO CONTROLS,NONE DETECTED,No,NO APPARENT INJURY,NOT DISTRACTED,MD,PASSENGER CAR,50,2014,JEEP,GRAND CHEROKEE
MCP3138007J,250002489,MONTGOMERY,Property Damage Crash,01/18/2025 09:20:00 AM,County Route,BROOKE RD,,Single Vehicle,Freezing Rain Or Freezing Drizzle,Ice/Frost,Daylight,No Controls,"Not Suspect of Alcohol Use, Not Suspect of Drug Use",Yes,No Apparent Injury,Not Distracted,MD,Sport Utility Vehicle,35,2012,NISSAN,MURANO
MCP0113002S,19005477,Montgomery County Police,Property Damage Crash,02-04-19 11:06,Maryland (State),CONNECTICUT AVE,UNIVERSITY BLVD W,SAME DIR REAR END,CLEAR,DRY,DAYLIGHT,,NONE DETECTED,Yes,NO APPARENT INJURY,NOT DISTRACTED,MD,PASSENGER CAR,30,2012,TOYOTA,COROLLA
MCP28860029,170501611,Montgomery County Police,Injury Crash,04-11-17 16:06,County,RANDOLPH RD,DEWEY RD,OTHER,CLEAR,DRY,DAYLIGHT,,NONE DETECTED,No,POSSIBLE INJURY,NOT DISTRACTED,MD,PASSENGER CAR,35,2007,HONDA,ELEMENT
MCP9310000J,250012358,MONTGOMERY,Property Damage Crash,03/21/2025 06:34:00 AM,Other Public Roadway,GLENMONT CIR #2,,"Sideswipe, Same Direction",Clear,Dry,Dark - Lighted,Stop Sign,"Not Suspect of Alcohol Use, Not Suspect of Drug Use",No,No Apparent Injury,Not Distracted,MD,Pickup,15,2018,DODGE,RAM
MCP3258004M,250004053,MONTGOMERY,Property Damage Crash,01/28/2025 04:16:00 PM,County Route,SHERRIE LA,,"Sideswipe, Same Direction",Clear,Dry,Daylight,No Controls,"Not Suspect of Alcohol Use, Not Suspect of Drug Use",No,No Apparent Injury,Not Distracted,MD,Bus - School,25,2014,FREIGHTLINER,B2 BUS CHASSIS
MCP2766004P,190016732,Montgomery County Police,Property Damage Crash,04-10-19 17:07,Maryland (State),NORBECK RD,BAILEYS LA,SAME DIR REAR END,CLEAR,DRY,DAYLIGHT,,NONE DETECTED,Yes,NO APPARENT INJURY,LOOKED BUT DID NOT SEE,MD,PASSENGER CAR,35,2003,CHEVROLET,MALIBU
MCP1580002B,15000715,Montgomery County Police,Property Damage Crash,01-05-15 13:18,County,DARNESTOWN RD,PHYSICIANS LA (ENT MED CTR),STRAIGHT MOVEMENT ANGLE,CLEAR,DRY,DAYLIGHT,NO CONTROLS,NONE DETECTED,No,NO APPARENT INJURY,NOT DISTRACTED,MD,(SPORT) UTILITY VEHICLE,40,1997,MERC,MOUNTAINEER
MCP9404002W,200044180,Montgomery County Police,Property Damage Crash,11-09-20 10:50,Maryland (State),W DIAMOND AVE,RAMP 6 FR MD 117 EB TO IS 270 SB,SAME DIR REAR END,CLEAR,DRY,DAYLIGHT,,NONE DETECTED,No,NO APPARENT INJURY,NOT DISTRACTED,MD,PASSENGER CAR,35,2007,NISSAN,SENTRA