Report Number,Local Case Number,Agency Name,ACRS Report Type,Crash Date/Time,Route Type,Road Name,Cross-Street Name,Collision Type,Weather,Surface Condition,Light,Traffic Control,Driver Substance Abuse,Driver At Fault,Injury Severity,Driver Distracted By,Drivers License State,Vehicle Body Type,Speed Limit,Vehicle Year,Vehicle Make,Vehicle Model
MCP2877009Y,220028294,Montgomery County Police,Property Damage Crash,06/29/2022 05:30:00 PM,Maryland (State),CONNECTICUT AVE,CHEVY CHASE LAKE DR,SAME DIRECTION SIDESWIPE,CLEAR,DRY,DAYLIGHT,TRAFFIC SIGNAL,NONE DETECTED,No,NO APPARENT INJURY,NOT DISTRACTED,MD,PASSENGER CAR,40,2018,LANDROVER,SUV
DM8476002R,210043940,Takoma Park Police Depart,Property Damage Crash,10/31/2021 10:30:00 AM,Municipality,SLIGO MILL RD,SHERIDAN ST,OTHER,CLEAR,DRY,DAYLIGHT,,ALCOHOL PRESENT,Yes,NO APPARENT INJURY,UNKNOWN,MD,PASSENGER CAR,30,2015,TOYOTA,PRIUS
MCP3244000Q,200049918,Montgomery County Police,Property Damage Crash,12/19/2020 04:47:00 PM,US (State),COLUMBIA PIKE,FAIRLAND RD,SAME DIR REAR END,,DRY,DARK LIGHTS ON,TRAFFIC SIGNAL,NONE DETECTED,Yes,NO APPARENT INJURY,UNKNOWN,MD,PICKUP TRUCK,50,2012,DODGE,RAM
MCP3033001P,180004203,Montgomery County Police,Property Damage Crash,01/25/2018 08:35:00 AM,Maryland (State),OLD COLUMBIA PIKE,ENT TO OLD COLUMBIA SHOPPING CENTER,SAME DIRECTION LEFT TURN,CLEAR,DRY,DAYLIGHT,NO CONTROLS,NONE DETECTED,Yes,NO APPARENT INJURY,NOT DISTRACTED,MD,PASSENGER CAR,35,2000,MAZDA,MIATA
MCP2736003Z,16056763,Montgomery County Police,Property Damage Crash,11-03-16 18:28,Maryland (State),KNOWLES AVE,BEACH DR,SAME DIR REAR END,CLEAR,DRY,DARK LIGHTS ON,TRAFFIC SIGNAL,UNKNOWN,Yes,NO APPARENT INJURY,UNKNOWN,,UNKNOWN,25,0,UNKNOWN,UNKNOWN
MCP2094006N,16035867,Montgomery County Police,Property Damage Crash,07/15/2016 12:57:00 PM,Interstate (State),EISENHOWER MEMORIAL HWY,MONTROSE RD,SAME DIR REAR END,CLEAR,DRY,DAYLIGHT,NO CONTROLS,NONE DETECTED,Yes,NO APPARENT INJURY,NOT DISTRACTED,MD,PASSENGER CAR,55,2013,BMW,535I
MCP13660050,16048042,Montgomery County Police,Property Damage Crash,09/19/2016 07:12:00 AM,County,E GUDE DR,CRABBS BRANCH WAY,HEAD ON LEFT TURN,RAINING,WET,DAYLIGHT,TRAFFIC SIGNAL,NONE DETECTED,No,NO APPARENT INJURY,NOT DISTRACTED,MD,PASSENGER CAR,40,2015,NISSAN,4S
MCP26980012,15033369,MONTGOMERY,Injury Crash,07-08-15 9:24,Maryland (State),NORWOOD RD,EXCALIBER LA,SAME DIR REAR END,CLOUDY,DRY,DAYLIGHT,NO CONTROLS,NONE DETECTED,No,SUSPECTED MINOR INJURY,NOT DISTRACTED,MD,PASSENGER CAR,40,2006,VOLK,4S
MCP26350024,15023088,Montgomery County Police,Injury Crash,05/14/2015 05:02:00 PM,Maryland (State),MUNCASTER MILL RD,WINDSOR MANOR LA,STRAIGHT MOVEMENT ANGLE,CLEAR,DRY,DAYLIGHT,NO CONTROLS,,Yes,SUSPECTED MINOR INJURY,LOOKED BUT DID NOT SEE,NJ,PASSENGER CAR,35,2004,CHEVROLET,CAVALIER
MCP29760012,15047401,MONTGOMERY,Injury Crash,09/18/2015 05:49:00 PM,County,FENTON ST,CAMERON ST,OTHER,CLEAR,DRY,DAYLIGHT,TRAFFIC SIGNAL,NONE DETECTED,Yes,NO APPARENT INJURY,LOOKED BUT DID NOT SEE,MD,PASSENGER CAR,35,2009,LINCOLN,TOWN CAR
MCP243600HG,230062821,Montgomery County Police,Property Damage Crash,10/27/2023 07:25:00 AM,Maryland (State),NEW HAMPSHIRE AVE,ENT TO BUSINESS,ANGLE MEETS RIGHT TURN,CLEAR,DRY,DAWN,NO CONTROLS,NONE DETECTED,Yes,NO APPARENT INJURY,LOOKED BUT DID NOT SEE,MD,VAN,40,2003,CHEVROLET,VAN
MCP2198009T,210031536,Montgomery County Police,Injury Crash,08/13/2021 09:08:00 PM,Maryland (State),S FREDERICK RD,N WESTLAND DR,HEAD ON LEFT TURN,CLOUDY,DRY,DARK LIGHTS ON,TRAFFIC SIGNAL,,Yes,NO APPARENT INJURY,UNKNOWN,MD,PASSENGER CAR,35,1998,TOYOTA,4RUNNER
MCP3129001N,20002527,Montgomery County Police,Property Damage Crash,01/15/2020 04:39:00 PM,Maryland (State),ASHTON RD,LIGON LA,SAME DIR REAR END,CLEAR,DRY,DAYLIGHT,,NONE DETECTED,Yes,NO APPARENT INJURY,LOOKED BUT DID NOT SEE,MD,PASSENGER CAR,40,2010,HOND,4S
MCP3460000F,250023413,MONTGOMERY,Injury Crash,05/27/2025 08:41:00 AM,County Route,EWING DR,GREENTREE RD,Angle,Clear,Dry,Daylight,Stop Sign,"Not Suspect of Alcohol Use, Not Suspect of Drug Use",Yes,No Apparent Injury,Unknown,MD,Other Trucks,20,2002,INTERNATIONAL,MA025
MCP2512002S,170515614,Montgomery County Police,Property Damage Crash,06/24/2017 07:31:00 PM,County,WASHINGTONIAN BLVD,RAMP 6 FR SAM EIG HWY TO WASH. BLVD,STRAIGHT MOVEMENT ANGLE,CLEAR,DRY,DAYLIGHT,TRAFFIC SIGNAL,NONE DETECTED,Yes,NO APPARENT INJURY,NOT DISTRACTED,MD,PASSENGER CAR,30,2007,TOYOTA,CAMRY
MCP3263002S,220049002,Montgomery County Police,Property Damage Crash,11-06-22 18:00,Maryland (State),WISCONSIN AVE,HIGHLAND AVE,HEAD ON LEFT TURN,CLEAR,DRY,DARK LIGHTS ON,NO CONTROLS,NONE DETECTED,No,NO APPARENT INJURY,NOT DISTRACTED,MD,PASSENGER CAR,25,2019,BMW,X2
MCP9428000S,15033384,MONTGOMERY,Injury Crash,07-08-15 11:20,Municipality,TWINBROOK PKWY,FLETCHER PL,STRAIGHT MOVEMENT ANGLE,CLEAR,DRY,DAYLIGHT,NO CONTROLS,NONE DETECTED,Yes,NO APPARENT INJURY,LOOKED BUT DID NOT SEE,MD,PASSENGER CAR,25,2005,JAGU,X-TYPE 3
MCP2938001G,180060290,Montgomery County Police,Property Damage Crash,12-02-18 21:24,Maryland (State),UNIVERSITY BLVD W,PERRY AVE,STRAIGHT MOVEMENT ANGLE,CLEAR,DRY,DARK LIGHTS ON,STOP SIGN,NONE DETECTED,No,NO APPARENT INJURY,NOT DISTRACTED,MD,PASSENGER CAR,35,2001,ACURA,MDX
MCP29050077,250029430,MONTGOMERY,Injury Crash,07-02-25 14:24,,,,Single Vehicle,Clear,,Daylight,,"Not Suspect of Alcohol Use, Not Suspect of Drug Use",Yes,Possible Injury,Not Distracted,MD,Sport Utility Vehicle,0,2024,AUDI,Q3
MCP2837004V,220053626,Montgomery County Police,Property Damage Crash,12-05-22 7:45,County,TUCKERMAN LA,DEBORAH DR,STRAIGHT MOVEMENT ANGLE,,DRY,DAYLIGHT,STOP SIGN,NONE DETECTED,No,NO APPARENT INJURY,NOT DISTRACTED,MD,PASSENGER CAR,35,2008,HONDA,ACCORD
MCP28640048,220016235,Montgomery County Police,Injury Crash,04/17/2022 01:04:00 AM,County,CEDAR LA,E PARKHILL DR,SINGLE VEHICLE,CLEAR,DRY,DARK LIGHTS ON,NO CONTROLS,ALCOHOL CONTRIBUTED,Yes,SUSPECTED MINOR INJURY,OTHER DISTRACTION,MD,PASSENGER CAR,30,2005,CHEVROLET,AVALANCH
MCP2987005C,190028283,Montgomery County Police,Injury Crash,06/13/2019 04:50:00 PM,Maryland (State),NEW HAMPSHIRE AVE,HEARTFIELDS DR,SAME DIR REAR END,CLEAR,DRY,DAYLIGHT,TRAFFIC SIGNAL,NONE DETECTED,Yes,NO APPARENT INJURY,LOOKED BUT DID NOT SEE,MD,PASSENGER CAR,40,2016,LEXUS,ES350
MCP0617002X,210016974,Montgomery County Police,Property Damage Crash,05-06-21 6:55,County,BOWIE MILL RD,THORNHURST DR,SAME DIR REAR END,,DRY,DAYLIGHT,NO CONTROLS,NONE DETECTED,No,NO APPARENT INJURY,NOT DISTRACTED,VA,(SPORT) UTILITY VEHICLE,40,2021,TOYOTA,4RUNNER
MCP27400035,170511368,Montgomery County Police,Property Damage Crash,06-02-17 16:09,,,,SAME DIR REAR END,CLEAR,,DAYLIGHT,NO CONTROLS,NONE DETECTED,No,NO APPARENT INJURY,NOT DISTRACTED,MD,PASSENGER CAR,0,2007,TOYOTA,SIENNA
MCP1220004K,16063011,Montgomery County Police,Injury Crash,12-08-16 12:09,Maryland (State),BURLINGTON AVE,GEORGIA AVE,SAME DIR REAR END,CLOUDY,DRY,DAYLIGHT,TRAFFIC SIGNAL,NONE DETECTED,No,SUSPECTED MINOR INJURY,NOT DISTRACTED,MD,PASSENGER CAR,30,2008,LEXU,GS350
MCP3193000H,190048052,Montgomery County Police,Property Damage Crash,10-07-19 2:27,Maryland (State),GEORGIA AVE,UNIVERSITY BLVD W,OPPOSITE DIR BOTH LEFT TURN,CLEAR,DRY,DARK LIGHTS ON,TRAFFIC SIGNAL,NONE DETECTED,No,NO APPARENT INJURY,NOT DISTRACTED,MD,POLICE VEHICLE/EMERGENCY,25,2018,DODGE,CHARGER
MCP94170023,170519735,Montgomery County Police,Injury Crash,07/18/2017 11:00:00 AM,Maryland (State),OLD GEORGETOWN RD,EDSON LA,SAME DIR REAR END,CLEAR,DRY,DAYLIGHT,TRAFFIC SIGNAL,NONE DETECTED,Yes,NO APPARENT INJURY,UNKNOWN,MD,PASSENGER CAR,35,2016,INFINITI,QX50
MCP3163004B,220014514,Montgomery County Police,Property Damage Crash,04-05-22 16:30,County,TUCKERMAN LA,CLOISTER DR,HEAD ON LEFT TURN,RAINING,WET,DAYLIGHT,STOP SIGN,NONE DETECTED,Yes,NO APPARENT INJURY,LOOKED BUT DID NOT SEE,MD,PASSENGER CAR,25,2012,CHEV,EQUI
MCP2437002M,170511159,Montgomery County Police,Property Damage Crash,06-01-17 16:13,Maryland (State),CONNECTICUT AVE,RANDOLPH RD,SAME DIR REAR END,CLEAR,DRY,DAYLIGHT,TRAFFIC SIGNAL,NONE DETECTED,Yes,NO APPARENT INJURY,NOT DISTRACTED,MD,PASSENGER CAR,45,2000,FORD,FOCUS
MCP3080005R,250032550,MONTGOMERY,Property Damage Crash,07/21/2025 05:53:00 PM,Maryland (State) Route,GREAT SENECA HWY (SB/L),,Front to Rear,Clear,Dry,Daylight,Traffic Control Signal,"Not Suspect of Alcohol Use, Not Suspect of Drug Use",Yes,No Apparent Injury,Unknown,MD,Passenger Car,40,2019,SUBARU,FORESTER
MCP3164002T,200002638,Montgomery County Police,Injury Crash,01/16/2020 10:10:00 AM,County,MCCOMAS AVE,BRUNSWICK AVE,HEAD ON LEFT TURN,,DRY,DAYLIGHT,NO CONTROLS,NONE DETECTED,No,NO APPARENT INJURY,NOT DISTRACTED,MD,"CARGO VAN/LIGHT TRUCK 2 AXLES (OVER 10,000LBS (4,536 KG))",25,2019,HINO,TRUCK
MCP9318000Y,190061360,Montgomery County Police,Property Damage Crash,12/20/2019 03:56:00 PM,,,,OTHER,CLEAR,,DAYLIGHT,,UNKNOWN,Yes,NO APPARENT INJURY,UNKNOWN,,VAN,0,2014,FORD,ECONOLINE
DD56330072,220018583,Rockville Police Departme,Property Damage Crash,05-02-22 8:00,Municipality,BALTIMORE RD,FIRST ST,SAME DIRECTION SIDESWIPE,CLEAR,DRY,DAYLIGHT,TRAFFIC SIGNAL,NONE DETECTED,No,NO APPARENT INJURY,NOT DISTRACTED,MD,"OTHER LIGHT TRUCKS (10,000LBS (4,536KG) OR LESS)",25,2015,FORD,TK
MCP31450035,210010667,Montgomery County Police,Property Damage Crash,02/21/2021 01:30:00 PM,County,ATWOOD CT,ATWOOD RD,SAME DIRECTION RIGHT TURN,CLEAR,DRY,DAYLIGHT,NO CONTROLS,UNKNOWN,Yes,NO APPARENT INJURY,INATTENTIVE OR LOST IN THOUGHT,,OTHER,25,0,,
MCP2859009V,210011508,Montgomery County Police,Injury Crash,03/27/2021 12:00:00 PM,County,SHADY GROVE RD,GAITHER RD,STRAIGHT MOVEMENT ANGLE,CLEAR,DRY,DAYLIGHT,TRAFFIC SIGNAL,NONE DETECTED,No,NO APPARENT INJURY,NOT DISTRACTED,MD,PASSENGER CAR,30,2017,HOND,CIVIC
EJ7833007W,230062693,Gaithersburg Police Depar,Property Damage Crash,10-11-23 14:54,,,,UNKNOWN,CLEAR,,DAYLIGHT,NO CONTROLS,UNKNOWN,Yes,NO APPARENT INJURY,UNKNOWN,,,0,0,UNKNOWN,UNKNOWN
MCP2942000H,15024858,Montgomery County Police,Property Damage Crash,05/23/2015 06:40:00 PM,County,WESTLAKE DR,DEMOCRACY BLVD,SAME DIRECTION LEFT TURN,,DRY,DAYLIGHT,TRAFFIC SIGNAL,NONE DETECTED,No,NO APPARENT INJURY,NOT DISTRACTED,MD,PASSENGER CAR,25,2013,TOYOTA,VAN
DM85220044,250016056,TAKOMA,Property Damage Crash,04/13/2025 02:58:00 AM,Maryland (State) Route,NEW HAMPSHIRE AVE (SB/L),,Front to Rear,Clear,Wet,Dark - Lighted,Traffic Control Signal,"Not Suspect of Alcohol Use, Not Suspect of Drug Use",No,No Apparent Injury,Not Distracted,MD,Passenger Car,35,2022,CHEVROLET,MALIBU
MCP23530085,200013933,Montgomery County Police,Property Damage Crash,03/25/2020 11:35:00 AM,Interstate (State),CABIN JOHN PKWY,CROSSOVER,SAME DIR REAR END,RAINING,WET,DAYLIGHT,NO CONTROLS,NONE DETECTED,Yes,NO APPARENT INJURY,LOOKED BUT DID NOT SEE,MD,PASSENGER CAR,55,2012,BUICK,LACROSSE
MCP3439000J,250027886,MONTGOMERY,Property Damage Crash,06/23/2025 07:10:00 AM,County Route,SHADY GROVE RD (SB/L),,Front to Rear,Clear,Dry,Daylight,No Controls,"Not Suspect of Alcohol Use, Not Suspect of Drug Use",Yes,No Apparent Injury,Not Distracted,MD,Passenger Car,40,2014,DODGE,CHARGER
DD56110031,170514005,Rockville Police Departme,Property Damage Crash,06/16/2017 10:08:00 AM,Municipality,S WASHINGTON ST,E MONTGOMERY AVE AT COURTHOUSE SQ,SAME DIR REAR END,CLEAR,DRY,DAYLIGHT,TRAFFIC SIGNAL,NONE DETECTED,No,NO APPARENT INJURY,NOT DISTRACTED,MD,PASSENGER CAR,30,2008,HONDA,TK
DM84210035,230061001,Takoma Park Police Depart,Injury Crash,10/17/2023 08:15:00 AM,Municipality,POPLAR AVE,GUDE AVE,ANGLE MEETS LEFT HEAD ON,CLOUDY,DRY,DAYLIGHT,STOP SIGN,NONE DETECTED,No,NO APPARENT INJURY,NOT DISTRACTED,MD,(SPORT) UTILITY VEHICLE,25,2015,FORD,EXPLORER
MCP2923007H,210008891,Montgomery County Police,Property Damage Crash,02-04-21 15:35,,,,OTHER,UNKNOWN,,DAYLIGHT,NO CONTROLS,UNKNOWN,Yes,NO APPARENT INJURY,NOT DISTRACTED,,,10,0,UNKNOWN,UNKNOWN
MCP1305001G,170518318,Montgomery County Police,Injury Crash,07-09-17 14:03,Ramp,RAMP 6 FR IS 370 EB TO RAMP 7 (TO IS270),RAMP 7 FR IS 370 WB TO IS 270 SB,SINGLE VEHICLE,CLEAR,DRY,DAYLIGHT,NO CONTROLS,NONE DETECTED,No,SUSPECTED MINOR INJURY,NOT DISTRACTED,MD,MOTORCYCLE,35,2003,HONDA,CBR 600
MCP2607003B,180028859,Montgomery County Police,Property Damage Crash,06-11-18 15:00,,,,SAME DIRECTION LEFT TURN,CLOUDY,,DAYLIGHT,NO CONTROLS,NONE DETECTED,Yes,NO APPARENT INJURY,UNKNOWN,FL,"CARGO VAN/LIGHT TRUCK 2 AXLES (OVER 10,000LBS (4,536 KG))",15,2016,GMC,TRUCK
MCP28370029,180050458,Montgomery County Police,Injury Crash,10-09-18 11:00,County,SHADY GROVE RD,COMPRINT CT,HEAD ON LEFT TURN,,DRY,DAYLIGHT,TRAFFIC SIGNAL,,Unknown,NO APPARENT INJURY,UNKNOWN,MD,PICKUP TRUCK,40,2012,FORD,F350
DD5611003Z,170545096,Rockville Police Departme,Injury Crash,11/27/2017 07:30:00 AM,Maryland (State),ROCKVILLE PIKE,HALPINE RD,SINGLE VEHICLE,CLEAR,DRY,DAYLIGHT,TRAFFIC SIGNAL,NONE DETECTED,Yes,NO APPARENT INJURY,LOOKED BUT DID NOT SEE,MD,PASSENGER CAR,40,2017,BUICK,VERANO
MCP24200061,250010288,MONTGOMERY,Property Damage Crash,03-09-25 7:20,County Route,OLNEY MILL RD,,Single Vehicle,Clear,Dry,Dawn,No Controls,"Unknown, Unknown",No,,,,Sport Utility Vehicle,30,2011,TOYOTA,HIGHLANDER
EJ7826003R,1800409441,Gaithersburg Police Depar,Property Damage Crash,11/27/2018 07:25:00 AM,Municipality,TRAVIS AVE,KNOLL MIST LA,STRAIGHT MOVEMENT ANGLE,CLOUDY,WET,DAWN,STOP SIGN,,Yes,NO APPARENT INJURY,LOOKED BUT DID NOT SEE,NJ,PASSENGER CAR,25,2009,PONIAC,G6
MCP30100042,190038136,Montgomery County Police,Injury Crash,08-10-19 10:46,Maryland (State),OLD GEORGETOWN RD,EDSON LA,ANGLE MEETS LEFT TURN,CLEAR,DRY,DAYLIGHT,TRAFFIC SIGNAL,,No,SUSPECTED MINOR INJURY,NOT DISTRACTED,MD,PASSENGER CAR,40,2015,SUBARU,OUTBACK
MCP2946005H,230019068,Montgomery County Police,Property Damage Crash,04/21/2023 02:53:00 PM,Ramp,RAMP 4 FR IS 270 NB TO RIDGE RD EB,RIDGE RD,SAME DIR REAR END,CLEAR,DRY,DAYLIGHT,YIELD SIGN,NONE DETECTED,Yes,NO APPARENT INJURY,INATTENTIVE OR LOST IN THOUGHT,MD,(SPORT) UTILITY VEHICLE,45,2008,CHEVROLET,TRAILBLAZER
MCP2910003R,170512655,Montgomery County Police,Injury Crash,06-09-17 11:12,County,MUSGROVE RD,OLD COLUMBIA PIKE,SAME DIRECTION LEFT TURN,CLEAR,DRY,DAYLIGHT,NO CONTROLS,NONE DETECTED,Yes,NO APPARENT INJURY,NOT DISTRACTED,MD,OTHER BUS,25,2008,NWFL,BUS
MCP23530079,19003063,Montgomery County Police,Property Damage Crash,06/27/2019 10:21:00 AM,County,DEMOCRACY BLVD,FERNWOOD RD,SAME DIR REAR END,CLOUDY,DRY,DAYLIGHT,TRAFFIC SIGNAL,NONE DETECTED,Yes,NO APPARENT INJURY,INATTENTIVE OR LOST IN THOUGHT,DC,(SPORT) UTILITY VEHICLE,35,2013,CHEVROLET,CAPTIVA
MCP2167000C,16003624,Montgomery County Police,Injury Crash,01/20/2016 01:36:00 PM,County,COUNSELMAN RD,RIVER RD,STRAIGHT MOVEMENT ANGLE,CLEAR,DRY,DAYLIGHT,TRAFFIC SIGNAL,NONE DETECTED,Yes,NO APPARENT INJURY,NOT DISTRACTED,MD,"OTHER LIGHT TRUCKS (10,000LBS (4,536KG) OR LESS)",35,2002,CHEV,BOX TRUCK
EJ78090020,200042119,Gaithersburg Police Depar,Injury Crash,10/25/2020 05:10:00 PM,Municipality,W WATKINS MILL RD,ROAD END,SINGLE VEHICLE,RAINING,WET,DUSK,TRAFFIC SIGNAL,ALCOHOL CONTRIBUTED,Yes,POSSIBLE INJURY,NOT DISTRACTED,MD,PASSENGER CAR,45,2013,CHEVROLET,4D
MCP2750004S,200011050,Montgomery County Police,Property Damage Crash,03-06-20 5:20,County,RANDOLPH RD,DALEWOOD DR,STRAIGHT MOVEMENT ANGLE,CLEAR,DRY,DARK LIGHTS ON,FLASHING TRAFFIC SIGNAL,NONE DETECTED,No,NO APPARENT INJURY,NOT DISTRACTED,MD,PASSENGER CAR,35,2003,BMW,4S
MCP3134004V,240027467,MONTGOMERY,Injury Crash,06-09-24 18:00,Maryland (State) Route,SANDY SPRING RD,MCKNEW RD,Rear To Side,Clear,Dry,Daylight,Traffic Control Signal,"Not Suspect of Alcohol Use, Not Suspect of Drug Use",No,Suspected Minor Injury,Not Distracted,MD,Sport Utility Vehicle,45,2024,BMW,I4
EJ7905003F,250031263,GAITHERSBURG,Injury Crash,07/13/2025 08:09:00 PM,Maryland (State) Route,MONTGOMERY VILLAGE AVE,RUSSELL AVE,Rear To Side,Clear,Dry,Daylight,Traffic Control Signal,"Not Suspect of Alcohol Use, Not Suspect of Drug Use",Yes,Possible Injury,Unknown,MD,Passenger Car,35,2013,HONDA,CR-V
MCP2195000S,16052630,Montgomery County Police,Property Damage Crash,10/13/2016 11:00:00 AM,Municipality,RICHARD MONTGOMERY DR,ROCKVILLE PIKE,SAME DIR REAR END,CLOUDY,DRY,DAYLIGHT,NO CONTROLS,NONE DETECTED,No,NO APPARENT INJURY,NOT DISTRACTED,MD,(SPORT) UTILITY VEHICLE,40,2010,VOLK,TOUAREG
MCP28910092,200009492,Montgomery County Police,Property Damage Crash,02/26/2020 07:20:00 AM,Maryland (State),GEORGIA AVE,DENNIS AVE,SAME DIRECTION SIDESWIPE,RAINING,WET,DAYLIGHT,,NONE DETECTED,Yes,NO APPARENT INJURY,NOT DISTRACTED,MD,PASSENGER CAR,35,2017,HYUNDAI,TUCSON
MCP21980013,15048077,MONTGOMERY,Injury Crash,09/22/2015 05:55:00 PM,Maryland (State),QUINCE ORCHARD RD,LONGDRAFT RD,STRAIGHT MOVEMENT ANGLE,CLEAR,DRY,DAYLIGHT,TRAFFIC SIGNAL,,Yes,NO APPARENT INJURY,UNKNOWN,MD,PASSENGER CAR,35,2014,HONDA,ODYSSEY
MCP2358002W,17008648,Montgomery County Police,Property Damage Crash,02/17/2017 02:14:00 PM,,,,OTHER,CLEAR,,DAYLIGHT,NO CONTROLS,NONE DETECTED,Yes,NO APPARENT INJURY,NOT DISTRACTED,MD,PASSENGER CAR,25,2010,BUICK,LACROSSE
MCP29360030,180063021,Montgomery County Police,Property Damage Crash,12/17/2018 05:34:00 PM,Maryland (State),CONNECTICUT AVE,CHEVY CHASE LAKE DR,SAME DIR REAR END,CLEAR,DRY,DUSK,TRAFFIC SIGNAL,NONE DETECTED,No,NO APPARENT INJURY,NOT DISTRACTED,MD,(SPORT) UTILITY VEHICLE,35,2017,TOYT,RAV 4
MCP2314002G,230050929,Montgomery County Police,Property Damage Crash,08/23/2023 04:26:00 PM,,,,OTHER,CLOUDY,,DAYLIGHT,,NONE DETECTED,No,NO APPARENT INJURY,NOT DISTRACTED,MD,PASSENGER CAR,0,2010,TOYOTA,CAMRY
MCP27860036,200044205,Montgomery County Police,Property Damage Crash,11-09-20 12:45,County,CASTLE BLVD,TEAGARDEN CIR,SAME DIRECTION SIDESWIPE,CLEAR,DRY,DAYLIGHT,,UNKNOWN,Yes,NO APPARENT INJURY,UNKNOWN,,PASSENGER CAR,25,2003,TOYOTA,RAV4
MCP93990019,200005530,Montgomery County Police,Injury Crash,02-03-20 0:59,County,QUINCE ORCHARD RD,DUFIEF MILL RD,SAME DIR REAR END,CLEAR,DRY,DARK LIGHTS ON,,ALCOHOL PRESENT,No,SUSPECTED MINOR INJURY,NOT DISTRACTED,MD,PASSENGER CAR,30,2004,LEXU,LS430
MCP26670058,180050660,Montgomery County Police,Property Damage Crash,10-11-18 10:13,County,MONTGOMERY VILLAGE AVE,STEDWICK RD,SAME DIR REAR END,CLEAR,DRY,DAYLIGHT,,UNKNOWN,Yes,NO APPARENT INJURY,UNKNOWN,,,35,0,UNKNOWN,UNKNOWN
MCP2683000Y,15027741,Montgomery County Police,Property Damage Crash,06-08-15 13:30,,,,SAME DIR REAR END,CLEAR,,DAYLIGHT,NO CONTROLS,NONE DETECTED,No,NO APPARENT INJURY,NOT DISTRACTED,MD,PASSENGER CAR,5,2011,LEXUS,ES350
MCP3329002M,240017810,MONTGOMERY,Injury Crash,04/16/2024 06:25:00 PM,Bicycle Route,,,"Sideswipe, Opposite Direction",Clear,Dry,Daylight,Traffic Control Signal,"Not Suspect of Alcohol Use, Not Suspect of Drug Use",No,No Apparent Injury,Unknown,MD,Passenger Car,40,2023,TOYOTA,RAV4
MCP2347004L,230072022,Montgomery County Police,Injury Crash,12/16/2023 07:02:00 AM,US (State),COLUMBIA PIKE,BLACKBURN RD,HEAD ON LEFT TURN,CLEAR,DRY,DAWN,TRAFFIC SIGNAL,NONE DETECTED,Yes,SUSPECTED MINOR INJURY,NOT DISTRACTED,MD,PASSENGER CAR,55,2007,TOYOTA,CAMRY
MCP26640012,15015340,Montgomery County Police,Property Damage Crash,04-03-15 10:26,Maryland (State),GEORGIA AVE,ENNALLS AVE,STRAIGHT MOVEMENT ANGLE,RAINING,WET,DAYLIGHT,NO CONTROLS,NONE DETECTED,Yes,NO APPARENT INJURY,UNKNOWN,MD,PASSENGER CAR,40,2011,HONDA,FIT
MCP3377002H,240055199,MONTGOMERY,Injury Crash,11/17/2024 07:38:00 PM,County Route,CENTERWAY RD,,Front to Front,Clear,Dry,Dark - Lighted,No Controls,"Not Suspect of Alcohol Use, Not Suspect of Drug Use",No,No Apparent Injury,Not Distracted,MD,Passenger Car,35,2017,HYUNDAI,SONATA
MCP10200039,180015536,Montgomery County Police,Property Damage Crash,03/30/2018 05:28:00 PM,Maryland (State),GREAT SENECA HWY,RICHTER FARM RD,HEAD ON LEFT TURN,CLEAR,DRY,DAYLIGHT,TRAFFIC SIGNAL,NONE DETECTED,Yes,NO APPARENT INJURY,OTHER DISTRACTION,MD,PASSENGER CAR,45,2015,MERZ,4S
MCP2438000M,16009628,MONTGOMERY,Property Damage Crash,02/26/2016 04:43:00 PM,County,RANDOLPH RD,HAMMONTON RD,SAME DIR REAR END,CLEAR,DRY,DAYLIGHT,,,No,NO APPARENT INJURY,NOT DISTRACTED,MD,PASSENGER CAR,45,1996,JEEP,CHEROKEE
MCP2893003T,180017902,Montgomery County Police,Injury Crash,04-12-18 18:00,County,PEACH TREE RD,WEST OLD BALTIMORE RD,STRAIGHT MOVEMENT ANGLE,CLEAR,DRY,DAYLIGHT,STOP SIGN,NONE DETECTED,No,SUSPECTED SERIOUS INJURY,NOT DISTRACTED,MD,MOTORCYCLE,40,2011,YAMAHA,R6
MCP2472001Y,16037784,Montgomery County Police,Property Damage Crash,07/26/2016 11:02:00 AM,Maryland (State),ROCKVILLE PIKE,HILLERY WAY,SAME DIRECTION SIDESWIPE,CLEAR,DRY,DAYLIGHT,STOP SIGN,NONE DETECTED,No,NO APPARENT INJURY,NOT DISTRACTED,MD,"OTHER LIGHT TRUCKS (10,000LBS (4,536KG) OR LESS)",40,2008,FORD,F650
MCP1573000P,15027060,Montgomery County Police,Injury Crash,06-04-15 13:46,Maryland (State),GEORGIA AVE,BEL PRE RD,STRAIGHT MOVEMENT ANGLE,,DRY,DAYLIGHT,TRAFFIC SIGNAL,NONE DETECTED,Yes,SUSPECTED MINOR INJURY,LOOKED BUT DID NOT SEE,MD,PASSENGER CAR,35,2015,NISSAN,ALTIMA
MCP2891004P,170546378,Montgomery County Police,Property Damage Crash,12-03-17 12:20,US (State),COLESVILLE RD,DALE DR,SAME DIRECTION SIDESWIPE,CLEAR,DRY,DAYLIGHT,TRAFFIC SIGNAL,NONE DETECTED,No,NO APPARENT INJURY,NOT DISTRACTED,VA,PASSENGER CAR,35,2000,MAZDA,PROTEGE
MCP27170057,16014316,MONTGOMERY,Property Damage Crash,03/23/2016 05:25:00 PM,Maryland (State),EAST WEST HWY (W/B COUPLET),PEARL ST,OTHER,CLEAR,DRY,DAYLIGHT,TRAFFIC SIGNAL,NONE DETECTED,No,NO APPARENT INJURY,NOT DISTRACTED,MD,PASSENGER CAR,30,2000,DODGE,NEON