Report Number,Local Case Number,Agency Name,ACRS Report Type,Crash Date/Time,Route Type,Road Name,Cross-Street Name,Collision Type,Weather,Surface Condition,Light,Traffic Control,Driver Substance Abuse,Driver At Fault,Injury Severity,Driver Distracted By,Drivers License State,Vehicle Body Type,Speed Limit,Vehicle Year,Vehicle Make,Vehicle Model
MCP3039000M,170514984,Montgomery County Police,Property Damage Crash,06/21/2017 03:51:00 PM,,,,UNKNOWN,CLEAR,,DAYLIGHT,,,Yes,NO APPARENT INJURY,UNKNOWN,,PASSENGER CAR,15,2003,TOYOTA,CAMRY
MCP3259005H,240058937,MONTGOMERY,Property Damage Crash,12-09-24 20:41,,,,Single Vehicle,Clear,,Dark - Not Lighted,,"Not Suspect of Alcohol Use, Not Suspect of Drug Use",No,No Apparent Injury,Unknown,MD,Passenger Car,0,2004,TOYOTA,CAMRY
MCP32420006,190048854,Montgomery County Police,Property Damage Crash,10-11-19 13:19,Maryland (State),NEW HAMPSHIRE AVE,VALLEY BROOK DR,SAME DIRECTION LEFT TURN,CLEAR,DRY,DAYLIGHT,,NONE DETECTED,No,NO APPARENT INJURY,NOT DISTRACTED,MD,(SPORT) UTILITY VEHICLE,35,2003,HYUNDI,SANTA FE
MCP3168005J,230016496,Montgomery County Police,Injury Crash,04-07-23 16:24,Maryland (State),ROCKVILLE PIKE,TALBOTT ST,SAME DIRECTION SIDESWIPE,CLEAR,DRY,DAYLIGHT,NO CONTROLS,NONE DETECTED,No,POSSIBLE INJURY,NOT DISTRACTED,MD,PASSENGER CAR,35,2013,HONDA,CIVIC
MCP9386001T,15006911,Montgomery County Police,Injury Crash,02-11-15 10:39,Maryland (State),OLD GEORGETOWN RD,EDGEMOOR LA,SAME DIRECTION SIDESWIPE,CLEAR,DRY,DAYLIGHT,NO CONTROLS,NONE DETECTED,No,POSSIBLE INJURY,NOT DISTRACTED,MD,PASSENGER CAR,30,2006,FORD,TAURUS
MCP3010001P,17000740,Montgomery County Police,Injury Crash,01-05-17 8:14,Maryland (State),ROCKVILLE PIKE,OLD GEORGETOWN RD,SAME DIR REAR END,CLEAR,DRY,DAYLIGHT,TRAFFIC SIGNAL,,No,NO APPARENT INJURY,NOT DISTRACTED,MD,PASSENGER CAR,40,2013,FORD,TK
MCP31060014,180063420,Montgomery County Police,Property Damage Crash,12/19/2018 04:37:00 PM,County,EXECUTIVE BLVD,OLD GEORGETOWN RD,SAME DIR REAR END,CLEAR,DRY,DUSK,NO CONTROLS,,No,NO APPARENT INJURY,NOT DISTRACTED,MA,TRANSIT BUS,30,2016,GILL,BU
MCP2372004W,220040259,Montgomery County Police,Injury Crash,09/16/2022 10:43:00 AM,Maryland (State),ROCKVILLE PIKE,CEDAR LA,HEAD ON LEFT TURN,CLEAR,DRY,DAYLIGHT,TRAFFIC SIGNAL,NONE DETECTED,Yes,SUSPECTED MINOR INJURY,LOOKED BUT DID NOT SEE,MD,PASSENGER CAR,35,2022,AUDI,A4
MCP2919000K,15034165,MONTGOMERY,Injury Crash,07-12-15 8:01,Maryland (State),GEORGIA AVE,SEMINARY RD,HEAD ON LEFT TURN,CLEAR,DRY,DAYLIGHT,NO CONTROLS,NONE DETECTED,Yes,POSSIBLE INJURY,LOOKED BUT DID NOT SEE,MD,PASSENGER CAR,35,2002,ACURA,RSX
MCP28230011,15002418,Montgomery County Police,Property Damage Crash,01/15/2015 05:58:00 PM,Maryland (State),VEIRS MILL RD,GRIDLEY RD,SAME DIR REAR END,CLEAR,DRY,DUSK,TRAFFIC SIGNAL,NONE DETECTED,No,NO APPARENT INJURY,NOT DISTRACTED,MD,PASSENGER CAR,45,2006,SATURN,VUE
MCP1553001N,15060235,MONTGOMERY,Property Damage Crash,11/25/2015 07:02:00 AM,Maryland (State),NEW HAMPSHIRE AVE,VENICE DR,SAME DIR REAR END,CLEAR,DRY,DAYLIGHT,,NONE DETECTED,No,NO APPARENT INJURY,NOT DISTRACTED,MD,(SPORT) UTILITY VEHICLE,40,2002,CHEVROLET,TRAILBLAZER
MCP2875008M,240015964,MONTGOMERY,Property Damage Crash,04-05-24 16:57,,,,Other,Cloudy,,Daylight,,"Not Suspect of Alcohol Use, Not Suspect of Drug Use",Yes,No Apparent Injury,Unknown,MD,Sport Utility Vehicle,0,2005,HONDA,CR-V
MCP3021000N,170503742,Montgomery County Police,Injury Crash,04/23/2017 05:30:00 PM,US (State),COLESVILLE RD,NOYES CT,SAME DIR REAR END,CLEAR,DRY,DAYLIGHT,NO CONTROLS,NONE DETECTED,No,SUSPECTED MINOR INJURY,NOT DISTRACTED,MD,PASSENGER CAR,35,2012,CHEVY,CRUZE
MCP32680023,220029443,Montgomery County Police,Injury Crash,07-09-22 7:33,Maryland (State),CHERRY HILL RD,COLUMBIA PIKE,SINGLE VEHICLE,RAINING,WET,DAYLIGHT,TRAFFIC SIGNAL,NONE DETECTED,Yes,SUSPECTED MINOR INJURY,NOT DISTRACTED,MD,PASSENGER CAR,30,2014,HONDA,CIVIC
MCP31530032,210042340,Montgomery County Police,Injury Crash,10/21/2021 02:28:00 PM,Maryland (State),LAYHILL RD,RAMP 6 FR MD 200 EB TO MD 182,ANGLE MEETS RIGHT TURN,CLEAR,DRY,DAYLIGHT,TRAFFIC SIGNAL,NONE DETECTED,Yes,POSSIBLE INJURY,NOT DISTRACTED,MD,PASSENGER CAR,40,2014,NISSAN,SENTRA
MCP23950022,220020044,Montgomery County Police,Property Damage Crash,05-11-22 13:44,Maryland (State),ROCKVILLE PIKE,FIRST ST,HEAD ON LEFT TURN,CLEAR,DRY,DAYLIGHT,TRAFFIC SIGNAL,NONE DETECTED,Yes,NO APPARENT INJURY,UNKNOWN,MD,PASSENGER CAR,35,2008,TOY,CAMRY
MCP2559000Z,16031301,Montgomery County Police,Property Damage Crash,06/21/2016 07:45:00 AM,County,SHADY GROVE RD,BRIARDALE RD,SAME DIR REAR END,CLEAR,DRY,DAYLIGHT,NO CONTROLS,NONE DETECTED,No,NO APPARENT INJURY,NOT DISTRACTED,MD,PASSENGER CAR,45,2012,CHEVROLET,TRAVERSE
MCP3117001F,190004013,Montgomery County Police,Injury Crash,01/25/2019 06:40:00 PM,County,INDIANOLA DR,CRABBS BRANCH WAY,STRAIGHT MOVEMENT ANGLE,CLEAR,DRY,DARK LIGHTS ON,TRAFFIC SIGNAL,,No,NO APPARENT INJURY,NOT DISTRACTED,MD,PASSENGER CAR,35,2014,HYUNDAI,ELANTRA
MCP29670078,250049556,MONTGOMERY,Property Damage Crash,11-04-25 17:36,Government Route,CLARA BARTON PKWY (NB/L),,Front to Rear,Clear,Dry,Dark - Lighted,No Controls,"Not Suspect of Alcohol Use, Not Suspect of Drug Use",No,No Apparent Injury,Not Distracted,VA,Sport Utility Vehicle,50,2024,MERCEDES-BENZ,GLC-CLASS
MCP2723001M,16026390,Montgomery County Police,Injury Crash,05/27/2016 12:03:00 PM,County,RANDOLPH RD,HAMMONTON RD,STRAIGHT MOVEMENT ANGLE,CLEAR,DRY,DAYLIGHT,NO CONTROLS,,No,NO APPARENT INJURY,NOT DISTRACTED,MD,PASSENGER CAR,45,1997,NISSAN,QUEST
MCP31390031,220006821,Montgomery County Police,Property Damage Crash,02/16/2022 04:23:00 PM,Maryland (State),OLD COLUMBIA PIKE,OLD COLUMBIA PIKE,OTHER,CLEAR,DRY,DAYLIGHT,TRAFFIC SIGNAL,,Unknown,NO APPARENT INJURY,UNKNOWN,MD,PICKUP TRUCK,45,2004,FORD,TK
MCP28590048,170520782,Montgomery County Police,Injury Crash,07/23/2017 10:03:00 PM,Maryland (State),GREAT SENECA HWY,LAKELANDS DR,SINGLE VEHICLE,RAINING,WET,DARK LIGHTS ON,NO CONTROLS,NONE DETECTED,Yes,SUSPECTED MINOR INJURY,UNKNOWN,MD,MOTORCYCLE,15,0,TAOTAO MOTORS,SPORTS 150
MCP2941001C,16051634,Montgomery County Police,Property Damage Crash,10-07-16 17:25,,,,OTHER,CLEAR,,DAYLIGHT,NO CONTROLS,,No,NO APPARENT INJURY,NOT DISTRACTED,MD,PASSENGER CAR,10,2012,MERZ,4S
MCP2866001M,15045979,MONTGOMERY,Property Damage Crash,09-11-15 16:12,County,WAVERLY ST,MONTGOMERY AVE,OPPOSITE DIRECTION SIDESWIPE,CLEAR,DRY,DAYLIGHT,NO CONTROLS,NONE DETECTED,Yes,NO APPARENT INJURY,NOT DISTRACTED,MD,PASSENGER CAR,25,2015,FORD,F150
MCP2770003Z,240048506,MONTGOMERY,Injury Crash,10-11-24 6:07,County Route,CESSNA AVE,,Angle,Clear,Dry,Dark - Lighted,No Controls,"Not Suspect of Alcohol Use, Not Suspect of Drug Use",Yes,No Apparent Injury,Not Distracted,MD,Passenger Car,25,2021,NISSAN,ROGUE
MCP2823001G,15043240,MONTGOMERY,Property Damage Crash,08/28/2015 04:25:00 PM,County,BUSHEY DR,RANDOLPH RD,HEAD ON LEFT TURN,CLEAR,DRY,DAYLIGHT,NO CONTROLS,NONE DETECTED,Yes,NO APPARENT INJURY,LOOKED BUT DID NOT SEE,MD,PASSENGER CAR,25,2013,HONDA,FIT
MCP1475001J,180001433,Montgomery County Police,Injury Crash,01-10-18 6:04,County,GOSHEN RD,ROTHBURY DR,SAME DIR REAR END,CLEAR,WET,DARK LIGHTS ON,TRAFFIC SIGNAL,UNKNOWN,Unknown,NO APPARENT INJURY,NO DRIVER PRESENT,,,35,0,UNKNOWN,UNKNOWN
MCP3353002B,240017799,MONTGOMERY,Property Damage Crash,04/16/2024 05:45:00 PM,County Route,RANDOLPH RD (WB/L),,Front to Rear,Clear,Dry,Daylight,No Controls,"Not Suspect of Alcohol Use, Not Suspect of Drug Use",No,No Apparent Injury,Not Distracted,MD,Passenger Car,35,2014,HONDA,CIVIC
MCP2703000S,16025624,Montgomery County Police,Property Damage Crash,05/23/2016 12:30:00 AM,County,BRIGGS CHANEY RD,GATESHEAD MANOR WAY,SINGLE VEHICLE,RAINING,WET,DARK LIGHTS ON,NO CONTROLS,,Yes,NO APPARENT INJURY,LOOKED BUT DID NOT SEE,MD,POLICE VEHICLE/NON EMERGENCY,15,2013,FORD,TOURUS INTERCEPTER
MCP26070049,190024955,Montgomery County Police,Property Damage Crash,05/25/2019 04:25:00 PM,,,,SAME DIR REAR END,CLOUDY,,DAYLIGHT,TRAFFIC SIGNAL,NONE DETECTED,No,NO APPARENT INJURY,NOT DISTRACTED,MD,PASSENGER CAR,10,2018,NISSAN,MAXIMA
MCP32320027,210043862,Montgomery County Police,Injury Crash,10/30/2021 05:28:00 PM,Maryland (State),OLNEY SANDY SPRING RD,VILLAGE CENTER DR,OTHER,CLEAR,DRY,DAYLIGHT,TRAFFIC SIGNAL,NONE DETECTED,Yes,NO APPARENT INJURY,LOOKED BUT DID NOT SEE,MD,PASSENGER CAR,35,2007,HOND,PILOT
MCP29700042,180019093,Montgomery County Police,Injury Crash,04/19/2018 08:11:00 AM,County,CONNECTICUT AVE SERVICE RD,GREENLY ST,STRAIGHT MOVEMENT ANGLE,RAINING,WET,DAYLIGHT,STOP SIGN,NONE DETECTED,No,POSSIBLE INJURY,NOT DISTRACTED,MD,PASSENGER CAR,40,2010,TOYOTA,COROLLA
MCP1205006W,200044634,Montgomery County Police,Injury Crash,11-12-20 9:58,Interstate (State),CAPITAL BELTWAY,STRUC - PED WALKWAY,OTHER,RAINING,WET,DAYLIGHT,NO CONTROLS,NONE DETECTED,No,NO APPARENT INJURY,NOT DISTRACTED,PA,PASSENGER CAR,55,2016,FORD,FOCUS
MCP2565005Q,180055614,Montgomery County Police,Injury Crash,11-06-18 8:45,Interstate (State),EISENHOWER MEMORIAL HWY,RAMP 6 FR MD 118 EB TO IS 270 SB,SAME DIR REAR END,RAINING,WET,DAYLIGHT,NO CONTROLS,NONE DETECTED,Yes,NO APPARENT INJURY,UNKNOWN,MD,PASSENGER CAR,55,2013,KIA,4S
MCP12200087,210040192,Montgomery County Police,Property Damage Crash,10-08-21 13:53,County,MONTGOMERY VILLAGE AVE,CENTERWAY RD,SAME DIR REAR END,CLOUDY,DRY,DAYLIGHT,NO CONTROLS,NONE DETECTED,Yes,NO APPARENT INJURY,UNKNOWN,MD,PASSENGER CAR,35,2011,NISSAN,SENTRA
MCP29320076,230071204,Montgomery County Police,Injury Crash,12-12-23 5:00,Maryland (State),NEW HAMPSHIRE AVE,MCCENEY AVE,SINGLE VEHICLE,CLEAR,ICE,DARK LIGHTS ON,,NONE DETECTED,No,SUSPECTED MINOR INJURY,NOT DISTRACTED,MD,PASSENGER CAR,40,2022,NISSAN,VERSA
MCP2753005D,220020657,Montgomery County Police,Injury Crash,05/15/2022 09:21:00 AM,Maryland (State),NORBECK RD,GEORGIA AVE,HEAD ON LEFT TURN,CLOUDY,DRY,DAYLIGHT,TRAFFIC SIGNAL,NONE DETECTED,No,SUSPECTED MINOR INJURY,NOT DISTRACTED,MD,PASSENGER CAR,45,2012,NISSAN,MURANO
MCP2395000T,170543943,Montgomery County Police,Injury Crash,11/20/2017 05:30:00 PM,Maryland (State),DARNESTOWN RD,WHITES FERRY RD,SAME DIR REAR END,CLEAR,DRY,DARK NO LIGHTS,NO CONTROLS,NONE DETECTED,Yes,NO APPARENT INJURY,UNKNOWN,MD,PASSENGER CAR,50,2009,TOYOTA,COROLLA
MCP25360035,200033864,Montgomery County Police,Property Damage Crash,08/30/2020 03:00:00 AM,County,VEIRS MILL RD,GRIDLEY RD,STRAIGHT MOVEMENT ANGLE,CLEAR,DRY,DARK LIGHTS ON,FLASHING TRAFFIC SIGNAL,NONE DETECTED,Yes,NO APPARENT INJURY,NOT DISTRACTED,MD,PASSENGER CAR,45,2018,JEEP,TRUCK
MCP271700RV,200009595,Montgomery County Police,Injury Crash,02/26/2020 04:22:00 PM,County,WILLARD AVE,SHOEMAKER FARM LA,OTHER,CLEAR,DRY,DAYLIGHT,OTHER,NONE DETECTED,Yes,NO APPARENT INJURY,LOOKED BUT DID NOT SEE,DC,PASSENGER CAR,25,2014,NISSAN,MAXIMA
DD56630023,250023003,ROCKVILLE,Injury Crash,05/24/2025 09:50:00 AM,Municipality Route,HALPINE RD (EB/L),ROCKVILLE PIKE (SB/L),Angle,Clear,Dry,Daylight,Traffic Control Signal,"Not Suspect of Alcohol Use, Not Suspect of Drug Use",No,Suspected Minor Injury,Not Distracted,MD,Bus - Transit,35,2022,GILLIG,CITY TRANSIT BUS
MCP2260001D,16032948,Montgomery County Police,Property Damage Crash,06/29/2016 04:39:00 PM,County,CONNECTICUT AVE SERVICE RD,RANDOLPH RD,SAME DIR REAR END,CLEAR,UNKNOWN,DAYLIGHT,UNKNOWN,,No,NO APPARENT INJURY,UNKNOWN,MD,PASSENGER CAR,35,2012,MITSUBISHI,OUTLANDER
MCP1550003D,220027244,Montgomery County Police,Property Damage Crash,06/24/2022 01:13:00 PM,County,RED FOX RD,ASHLEY DR,OTHER,CLOUDY,DRY,DAYLIGHT,NO CONTROLS,UNKNOWN,Yes,NO APPARENT INJURY,INATTENTIVE OR LOST IN THOUGHT,,,20,0,UNKNOWN,UNKNOWN
MCP3225003K,230007755,Montgomery County Police,Property Damage Crash,02/15/2023 05:10:00 PM,Maryland (State),VEIRS MILL RD,ENT TO STONEY MILL SQUARE,SAME DIRECTION RIGHT TURN,CLEAR,DRY,DAYLIGHT,NO CONTROLS,NONE DETECTED,No,NO APPARENT INJURY,NOT DISTRACTED,MD,TRANSIT BUS,35,2013,NEW FLYER,TBU
MCP102200FR,210029521,Montgomery County Police,Property Damage Crash,07/30/2021 09:31:00 AM,,SPUR TO SAM EIG HWY FR N/B GREAT SENECA HWY,GREAT SENECA HWY,SAME DIR REAR END,CLEAR,DRY,DAYLIGHT,OTHER,NONE DETECTED,Yes,NO APPARENT INJURY,NOT DISTRACTED,MD,PASSENGER CAR,45,2014,VOLK,JETTA
MCP271700JH,180032637,Montgomery County Police,Injury Crash,07-02-18 18:50,US (State),COLUMBIA PIKE,STEWART LA,SAME DIR REAR END,CLEAR,DRY,DAYLIGHT,NO CONTROLS,NONE DETECTED,Yes,SUSPECTED MINOR INJURY,UNKNOWN,MD,(SPORT) UTILITY VEHICLE,45,2012,CHEVROLET,SUBURBAN
MCP28450050,190024459,Montgomery County Police,Property Damage Crash,05/23/2019 07:40:00 AM,Maryland (State),NEW HAMPSHIRE AVE,OAKLAWN DR,SAME DIR REAR END,CLEAR,DRY,DAYLIGHT,NO CONTROLS,NONE DETECTED,No,NO APPARENT INJURY,NOT DISTRACTED,MD,PASSENGER CAR,40,2017,NISSAN,MAXIMA
MCP137800N7,180053249,Montgomery County Police,Property Damage Crash,10/24/2018 11:50:00 AM,Municipality,DUVALL LA,W DEER PARK RD,SAME DIRECTION RIGHT TURN,CLOUDY,DRY,DAYLIGHT,NO CONTROLS,NONE DETECTED,Yes,NO APPARENT INJURY,NOT DISTRACTED,MD,FIRE VEHICLE/NON EMERGENCY,25,2008,SPARTAN,FIRE TRUCK
MCP3289002P,230061797,Montgomery County Police,Property Damage Crash,10/21/2023 12:07:00 PM,US (State),COLESVILLE RD,FENTON ST,SAME DIRECTION RIGHT TURN,CLOUDY,DRY,DAYLIGHT,TRAFFIC SIGNAL,NONE DETECTED,No,NO APPARENT INJURY,NOT DISTRACTED,IL,PASSENGER CAR,35,2015,AUDI,Q3
MCP2503002J,250051038,MONTGOMERY,Property Damage Crash,11/13/2025 06:40:00 PM,Private Route,,,Front to Rear,Clear,Dry,Dark - Lighted,No Controls,"Not Suspect of Alcohol Use, Not Suspect of Drug Use",Yes,No Apparent Injury,Not Distracted,MD,Passenger Car,25,2019,DODGE,CHARGER
MCP2846000W,15021030,Montgomery County Police,Property Damage Crash,05-04-15 7:43,County,DENFELD AVE,CONNECTICUT AVE,SAME DIR REAR END,CLEAR,DRY,DAYLIGHT,TRAFFIC SIGNAL,NONE DETECTED,No,NO APPARENT INJURY,NOT DISTRACTED,MD,PASSENGER CAR,40,2014,TOYT,SU
EJ7839000T,15054831,GAITHERSBURG,Injury Crash,10/28/2015 04:59:00 PM,County,MUDDY BRANCH RD,DIAMONDBACK DR,STRAIGHT MOVEMENT ANGLE,RAINING,WET,DAYLIGHT,TRAFFIC SIGNAL,NONE DETECTED,No,SUSPECTED MINOR INJURY,NOT DISTRACTED,MD,PASSENGER CAR,40,1996,TOYOTA,COROLLA
MCP3208000R,190056685,Montgomery County Police,Property Damage Crash,11/23/2019 09:01:00 PM,Maryland (State),NEW HAMPSHIRE AVE,OAKVIEW DR,SAME DIR REAR END,RAINING,WET,DARK LIGHTS ON,TRAFFIC SIGNAL,,Unknown,NO APPARENT INJURY,UNKNOWN,MD,PASSENGER CAR,40,2005,LEXUS,4S
MCP3129007Y,230058868,Montgomery County Police,Property Damage Crash,10-06-23 7:37,Maryland (State),GEORGIA AVE,SPUR TO/FR THISTLEBRIDGE DR,SAME DIRECTION SIDESWIPE,CLOUDY,DRY,DAYLIGHT,NO CONTROLS,NONE DETECTED,No,NO APPARENT INJURY,LOOKED BUT DID NOT SEE,MD,PASSENGER CAR,45,2009,HOND,CP
DD5646001P,210048282,Rockville Police Departme,Property Damage Crash,11/28/2021 11:26:00 AM,Maryland (State),HUNGERFORD DR,BEALL AVE #2,SAME DIRECTION RIGHT TURN,CLEAR,DRY,DAYLIGHT,NO CONTROLS,NONE DETECTED,No,NO APPARENT INJURY,NOT DISTRACTED,MD,PASSENGER CAR,35,2017,LEXUS,TK
MCP2736003M,16033373,Montgomery County Police,Property Damage Crash,07-01-16 18:22,County,NICHOLSON LA,ROCKVILLE PIKE,HEAD ON LEFT TURN,CLEAR,DRY,DAYLIGHT,NO CONTROLS,NONE DETECTED,No,NO APPARENT INJURY,NOT DISTRACTED,MD,PASSENGER CAR,25,2010,LEXS,TK
MCP3133005N,240050513,MONTGOMERY,Injury Crash,10/22/2024 10:37:00 AM,Maryland (State) Route,NEW HAMPSHIRE AVE (SB/L),NORBECK RD SPENCERVILLE RD,Front to Front,Clear,Dry,Daylight,Traffic Control Signal,"Not Suspect of Alcohol Use, Not Suspect of Drug Use",Yes,Possible Injury,Not Distracted,MD,Passenger Car,45,2011,HONDA,ACCORD
MCP2385001Q,190018937,Montgomery County Police,Property Damage Crash,04/23/2019 02:38:00 AM,County,LOG HOUSE RD,NEWBURY RD,SINGLE VEHICLE,CLEAR,DRY,DARK LIGHTS ON,NO CONTROLS,ALCOHOL CONTRIBUTED,Yes,NO APPARENT INJURY,OTHER DISTRACTION,MD,(SPORT) UTILITY VEHICLE,25,2004,HONDA,CRV
EJ7858008D,230067614,Gaithersburg Police Depar,Injury Crash,11/21/2023 01:05:00 PM,Maryland (State),MONTGOMERY VILLAGE AVE,LOST KNIFE RD,SAME DIR REAR END,RAINING,WET,DAYLIGHT,TRAFFIC SIGNAL,NONE DETECTED,Yes,NO APPARENT INJURY,NOT DISTRACTED,MD,PASSENGER CAR,35,2013,ACURA,TK
DM84300012,170550617,Takoma Park Police Depart,Property Damage Crash,12/25/2017 06:20:00 AM,Municipality,KENTLAND AVE,EAST WEST HWY,SAME DIRECTION SIDESWIPE,RAINING,WET,DARK LIGHTS ON,NO CONTROLS,NONE DETECTED,Yes,NO APPARENT INJURY,UNKNOWN,MD,PASSENGER CAR,35,2009,TOYT,SW
MCP2813001V,16004284,Montgomery County Police,Property Damage Crash,01/26/2016 08:33:00 PM,County,ATHERTON DR,GANNON RD,SAME DIRECTION SIDESWIPE,RAINING,WET,DARK LIGHTS ON,NO CONTROLS,,Yes,NO APPARENT INJURY,OTHER DISTRACTION,VA,FIRE VEHICLE/NON EMERGENCY,5,2014,PACE,TK
MCP2009001N,200051461,Montgomery County Police,Property Damage Crash,12/31/2020 10:54:00 AM,County,WASHINGTON AVE,EAST WEST HWY,OTHER,CLEAR,DRY,DAYLIGHT,TRAFFIC SIGNAL,NONE DETECTED,No,NO APPARENT INJURY,NOT DISTRACTED,MD,TRANSIT BUS,30,2009,GILLIG,BUS
MCP2931003Y,190049691,Montgomery County Police,Property Damage Crash,10/16/2019 06:53:00 PM,Municipality,E JEFFERSON ST,ROLLINS AVE,SAME DIRECTION RIGHT TURN,CLEAR,DRY,DARK LIGHTS ON,TRAFFIC SIGNAL,NONE DETECTED,No,NO APPARENT INJURY,NOT DISTRACTED,MD,POLICE VEHICLE/NON EMERGENCY,30,2016,FORD,4S
MCP24560077,230015922,Montgomery County Police,Property Damage Crash,04-03-23 13:20,Maryland (State),NEW HAMPSHIRE AVE,MCCENEY AVE,SAME DIRECTION LEFT TURN,CLEAR,DRY,DAYLIGHT,NO CONTROLS,NONE DETECTED,Yes,NO APPARENT INJURY,LOOKED BUT DID NOT SEE,MD,PASSENGER CAR,35,2015,AUDI,SD
MCP3107002R,240026384,MONTGOMERY,Property Damage Crash,06-03-24 17:45,Municipality Route,WATKINS POND BLVD (EB/L),FREDERICK RD,"Sideswipe, Same Direction",Clear,Dry,Daylight,Traffic Control Signal,"Not Suspect of Alcohol Use, Not Suspect of Drug Use",No,No Apparent Injury,Not Distracted,MD,Passenger Car,40,2007,HONDA,ACCORD
MCP2039002B,170504264,Montgomery County Police,Property Damage Crash,04/26/2017 06:57:00 AM,County,RANDOLPH RD,DALEWOOD DR,SAME DIR REAR END,RAINING,WET,DAYLIGHT,TRAFFIC SIGNAL,,No,NO APPARENT INJURY,NOT DISTRACTED,MD,PASSENGER CAR,40,2010,HONDA,ACCORD
MCP28480013,15035689,MONTGOMERY,Property Damage Crash,07/20/2015 11:17:00 AM,Maryland (State),RIVER RD,HARRINGTON DR,SAME DIR REAR END,CLEAR,DRY,DAYLIGHT,NO CONTROLS,NONE DETECTED,No,NO APPARENT INJURY,NOT DISTRACTED,MD,VAN,30,2007,TOYOTA,SIENNA
MCP26110014,16010293,MONTGOMERY,Property Damage Crash,03-01-16 17:00,County,CALVERTON BLVD,FALLSTON AVE,SAME DIR REAR END,CLEAR,DRY,DAYLIGHT,NO CONTROLS,UNKNOWN,Yes,NO APPARENT INJURY,UNKNOWN,,UNKNOWN,30,9999,GMC,YUKON
MCP2203008J,240038729,MONTGOMERY,Injury Crash,08/16/2024 02:00:00 PM,Local Route,METRORAIL TRACK B2 RAIL,,Front to Rear,Clear,Dry,Daylight,No Controls,"Not Suspect of Alcohol Use, Not Suspect of Drug Use",No,No Apparent Injury,Not Distracted,MD,Passenger Car,35,2015,TOYOTA,COROLLA
MCP2798003T,170541109,Montgomery County Police,Injury Crash,11-05-17 15:17,US (State),COLUMBIA PIKE,FAIRLAND RD,STRAIGHT MOVEMENT ANGLE,RAINING,WET,DAYLIGHT,TRAFFIC SIGNAL,NONE DETECTED,No,NO APPARENT INJURY,NOT DISTRACTED,MD,PASSENGER CAR,35,2014,HONDA,PILOT
MCP3039007H,250007056,MONTGOMERY,Property Damage Crash,02/17/2025 05:30:00 PM,,,,"Sideswipe, Same Direction",Clear,,Daylight,,"Not Suspect of Alcohol Use, Not Suspect of Drug Use",Yes,No Apparent Injury,Not Distracted,DC,Bus - Transit,0,2023,NEW FLYER,XCELSIOR
MCP136600CN,240028932,MONTGOMERY,Injury Crash,06/18/2024 08:53:00 AM,Maryland (State) Route,EAST WEST HWY (WB/L),,Front to Rear,Clear,Dry,Daylight,Traffic Control Signal,"Not Suspect of Alcohol Use, Not Suspect of Drug Use",Yes,No Apparent Injury,Unknown,XX,Passenger Car,35,2014,VOLKSWAGEN,JETTA
EJ7879002X,230024377,Gaithersburg Police Depar,Property Damage Crash,05/21/2023 02:50:00 PM,Municipality,MAIN ST,MIDTOWN RD,SAME DIRECTION SIDESWIPE,CLEAR,DRY,,UNKNOWN,NONE DETECTED,Yes,NO APPARENT INJURY,UNKNOWN,MD,PASSENGER CAR,25,2008,MERC,4S
MCP3044004N,200016589,Montgomery County Police,Property Damage Crash,04/20/2020 06:19:00 PM,County,ROBEY RD,GREENCASTLE RD,OPPOSITE DIRECTION SIDESWIPE,CLEAR,DRY,DAYLIGHT,STOP SIGN,NONE DETECTED,Yes,NO APPARENT INJURY,UNKNOWN,MD,PICKUP TRUCK,30,2014,CHEVROLET,SILVERADO
MCP2967000T,15051084,MONTGOMERY,Property Damage Crash,10-08-15 18:34,County,HALL RD,RIVER RD,SAME DIR REAR END,CLEAR,DRY,DAYLIGHT,,NONE DETECTED,No,NO APPARENT INJURY,NOT DISTRACTED,MD,PASSENGER CAR,30,2013,HYUNDAI,SONATA
MCP29340055,220055424,Montgomery County Police,Property Damage Crash,12/14/2022 06:40:00 PM,Interstate (State),CAPITAL BELTWAY,EXIT #40,SAME DIR REAR END,CLEAR,DRY,DARK NO LIGHTS,NO CONTROLS,NONE DETECTED,No,NO APPARENT INJURY,NOT DISTRACTED,VA,PASSENGER CAR,55,2018,KIA,SOUL
MCP271700PY,190040375,Montgomery County Police,Property Damage Crash,08/23/2019 02:45:00 PM,Maryland (State),ROCKVILLE PIKE,RAMP 6 FR IS 495 EB TO MD 355 SB,SAME DIR REAR END,CLEAR,DRY,DAYLIGHT,NO CONTROLS,NONE DETECTED,Yes,NO APPARENT INJURY,LOOKED BUT DID NOT SEE,MD,(SPORT) UTILITY VEHICLE,35,2014,HONDA,PILOT
MCP137800XJ,210019801,Montgomery County Police,Injury Crash,05/25/2021 06:40:00 PM,Maryland (State),MONTGOMERY VILLAGE AVE,LOST KNIFE RD,SAME DIR REAR END,CLEAR,DRY,DAYLIGHT,NO CONTROLS,NONE DETECTED,Yes,NO APPARENT INJURY,NOT DISTRACTED,MD,(SPORT) UTILITY VEHICLE,35,2014,NISS,PATHFINDER
MCP3233004D,230070965,Montgomery County Police,Injury Crash,12-11-23 17:25,Maryland (State),PINEY BRANCH RD,CARROLL AVE,SAME DIRECTION RIGHT TURN,RAINING,WET,DARK LIGHTS ON,NO CONTROLS,NONE DETECTED,No,NO APPARENT INJURY,NOT DISTRACTED,MD,PASSENGER CAR,40,2016,TOYOTA,TUNDRA