Report Number,Local Case Number,Agency Name,ACRS Report Type,Crash Date/Time,Route Type,Road Name,Cross-Street Name,Collision Type,Weather,Surface Condition,Light,Traffic Control,Driver Substance Abuse,Driver At Fault,Injury Severity,Driver Distracted By,Drivers License State,Vehicle Body Type,Speed Limit,Vehicle Year,Vehicle Make,Vehicle Model
MCP3073003P,190029010,Montgomery County Police,Property Damage Crash,06/17/2019 08:05:00 PM,County,RANDOLPH RD,GEORGIA AVE,HEAD ON LEFT TURN,,,DAYLIGHT,TRAFFIC SIGNAL,,Yes,NO APPARENT INJURY,UNKNOWN,NY,PASSENGER CAR,45,2007,KIA,4S
MCP25650042,170505582,Montgomery County Police,Injury Crash,05-02-17 23:09,Interstate (State),CAPITAL BELTWAY,OLD GEORGETOWN RD,SAME DIR REAR END,,DRY,DARK LIGHTS ON,NO CONTROLS,NONE DETECTED,Yes,POSSIBLE INJURY,NOT DISTRACTED,NC,PASSENGER CAR,55,2015,FORD,FOCUS
MCP29190012,15060943,MONTGOMERY,Property Damage Crash,11/29/2015 12:30:00 PM,Maryland (State),GEORGIA AVE,FOREST GLEN RD,SAME DIR REAR END,RAINING,WET,DAYLIGHT,,NONE DETECTED,No,NO APPARENT INJURY,NOT DISTRACTED,TX,PICKUP TRUCK,35,2012,FORD,F150
MCP3050006S,250032272,MONTGOMERY,Injury Crash,07/19/2025 02:59:00 PM,Maryland (State) Route,CONNECTICUT AVE (SB/L),,Angle,Clear,Dry,Daylight,No Controls,"Not Suspect of Alcohol Use, Not Suspect of Drug Use",No,Possible Injury,Not Distracted,MD,Passenger Car,35,2014,TOYOTA,PRIUS
MCP3322002G,240003156,MONTGOMERY,Injury Crash,01/21/2024 02:07:00 AM,Maryland (State) Route,VEIRS MILL RD,,Front to Front,Clear,Dry,Dark - Lighted,No Controls,"Not Suspect of Alcohol Use, Not Suspect of Drug Use",No,Possible Injury,Not Distracted,MD,Sport Utility Vehicle,35,2018,JEEP,GRAND CHEROKEE
MCP3176002K,240019878,MONTGOMERY,Property Damage Crash,04/29/2024 02:00:00 AM,Maryland (State) Route,UNIVERSITY BLVD E (WB/L),,Front to Rear,Clear,Dry,Dark - Lighted,Flashing Traffic Control Signal,"Not Suspect of Alcohol Use, Not Suspect of Drug Use",No,No Apparent Injury,Not Distracted,MD,Passenger Car,35,2022,TOYOTA,RAV4
MCP1519001Z,170509999,Montgomery County Police,Property Damage Crash,05/26/2017 12:33:00 PM,Maryland (State),GERMANTOWN RD,WISTERIA DR,SAME DIR REAR END,CLOUDY,DRY,DAYLIGHT,,NONE DETECTED,No,NO APPARENT INJURY,NOT DISTRACTED,MD,PASSENGER CAR,40,2010,HONDA,FIT
MCP2784001P,15033897,MONTGOMERY,Property Damage Crash,07-10-15 19:38,Maryland (State),GEORGIA AVE,NORBECK RD,HEAD ON LEFT TURN,CLEAR,DRY,DAYLIGHT,TRAFFIC SIGNAL,NONE DETECTED,No,NO APPARENT INJURY,NOT DISTRACTED,MD,PASSENGER CAR,45,2010,HOND,2H
MCP3360001X,240034858,MONTGOMERY,Injury Crash,07/23/2024 11:43:00 PM,County Route,SHADY GROVE RD (SB/L),,Angle,Rain,Wet,Dark - Lighted,Traffic Control Signal,"Not Suspect of Alcohol Use, Not Suspect of Drug Use",Yes,Suspected Serious Injury,Unknown,MD,Passenger Car,40,2015,NISSAN,SENTRA
MCP2612003Q,200007151,Montgomery County Police,Injury Crash,02-12-20 15:45,County,RANDOLPH RD,CHARLES RD,SAME DIR REAR END,CLEAR,DRY,DAYLIGHT,NO CONTROLS,NONE DETECTED,Yes,NO APPARENT INJURY,DISTRACTED BY OUTSIDE PERSON OBJECT OR EVENT,MD,PASSENGER CAR,40,2014,GMC,TRUCK
MCP2921003Q,200024320,Montgomery County Police,Property Damage Crash,06/21/2020 08:04:00 PM,Maryland (State),FREDERICK RD,ENT TO MILESTONE SHOPPING CENTER,HEAD ON LEFT TURN,CLEAR,DRY,DAYLIGHT,TRAFFIC SIGNAL,NONE DETECTED,Yes,NO APPARENT INJURY,NOT DISTRACTED,MD,PASSENGER CAR,45,2008,MERZ,GL450
MCP2583001K,210021364,Montgomery County Police,Property Damage Crash,06-05-21 14:59,Maryland (State),DARNESTOWN RD,BONDY LA,SAME DIR REAR END,CLEAR,DRY,DAYLIGHT,NO CONTROLS,,Yes,NO APPARENT INJURY,UNKNOWN,MD,PASSENGER CAR,30,2011,HONDA,ACCORD
MCP1119002T,16051341,Montgomery County Police,Property Damage Crash,10-06-16 9:45,Maryland (State),GEORGIA AVE,RANDOLPH RD,SAME DIR REAR END,CLOUDY,DRY,DAYLIGHT,TRAFFIC SIGNAL,NONE DETECTED,Yes,NO APPARENT INJURY,NOT DISTRACTED,MD,PASSENGER CAR,35,2013,LEXUS,ES350
MCP3040006C,240030095,MONTGOMERY,Property Damage Crash,06/25/2024 05:30:00 PM,County Route,ZION RD,,Single Vehicle,Clear,Dry,Daylight,No Controls,"Not Suspect of Alcohol Use, Not Suspect of Drug Use",Yes,No Apparent Injury,Unknown,MD,Passenger Car,45,2016,CHEVROLET,SPARK
MCP3240003M,240037668,MONTGOMERY,Property Damage Crash,08-09-24 21:47,County Route,LOCBURY DR,,"Sideswipe, Same Direction",Clear,Wet,Dark - Lighted,No Controls,"Unknown, Unknown",No,,,,Pickup,30,2024,TOYOTA,TACOMA
MCP2586001F,15049221,MONTGOMERY,Property Damage Crash,09/28/2015 06:12:00 PM,US (State),COLUMBIA PIKE,FAIRLAND RD,SAME DIR REAR END,CLEAR,DRY,DAYLIGHT,TRAFFIC SIGNAL,NONE DETECTED,Yes,NO APPARENT INJURY,UNKNOWN,MD,PASSENGER CAR,50,2014,NISSAN,CUBE
MCP1616002D,15026122,Montgomery County Police,Property Damage Crash,05/30/2015 11:18:00 AM,Maryland (State),CONNECTICUT AVE,RAMP 4 FR MD 185 NB TO IS 495 EB,SAME DIRECTION RIGHT TURN,CLEAR,DRY,DAYLIGHT,NO CONTROLS,NONE DETECTED,Yes,NO APPARENT INJURY,NOT DISTRACTED,MD,PASSENGER CAR,35,2001,CHEVY,CAVALIER
MCP20400017,190039135,Montgomery County Police,Injury Crash,08/16/2019 12:31:00 PM,Maryland (State),BUCKLODGE RD,DARNESTOWN RD,SINGLE VEHICLE,CLEAR,DRY,DAYLIGHT,NO CONTROLS,NONE DETECTED,Yes,POSSIBLE INJURY,NOT DISTRACTED,MD,(SPORT) UTILITY VEHICLE,40,2008,CHEVY,HHR
MCP30370016,170522347,Montgomery County Police,Property Damage Crash,08-01-17 16:48,Maryland (State),RIDGE RD,PREAKNESS DR,SAME DIR REAR END,CLEAR,DRY,DAYLIGHT,NO CONTROLS,NONE DETECTED,Yes,NO APPARENT INJURY,UNKNOWN,MD,PASSENGER CAR,40,2011,VOLK,JETTA
MCP1121004N,180056323,Montgomery County Police,Property Damage Crash,11-09-18 15:58,County,GOSHEN RD,STEWARTOWN RD,OPPOSITE DIRECTION SIDESWIPE,RAINING,WET,DAYLIGHT,NO CONTROLS,NONE DETECTED,Yes,NO APPARENT INJURY,UNKNOWN,MD,PICKUP TRUCK,35,2003,FORD,F150
MCP29390020,170532012,Montgomery County Police,Property Damage Crash,09/21/2017 06:21:00 PM,Maryland (State),RIDGE RD,BROWN CHURCH RD,SAME DIR REAR END,CLEAR,DRY,DAYLIGHT,NO CONTROLS,NONE DETECTED,No,NO APPARENT INJURY,NOT DISTRACTED,MD,PASSENGER CAR,40,2012,CHEV,4S
MCP3055004Y,250036749,MONTGOMERY,Property Damage Crash,07/31/2025 02:00:00 PM,,,,Front to Rear,Clear,,Daylight,,"Unknown, Unknown",No,No Apparent Injury,,,Passenger Car,0,2018,TOYOTA,YARIS IA
MCP9417002L,180006608,Montgomery County Police,Property Damage Crash,02-08-18 0:18,Maryland (State),ROCKVILLE PIKE,POOKS HILL RD,HEAD ON,,WET,DARK LIGHTS ON,TRAFFIC SIGNAL,NONE DETECTED,No,NO APPARENT INJURY,NOT DISTRACTED,MD,RECREATIONAL VEHICLE,40,2013,LEXUS,RX 450H
EJ78440019,220034919,Gaithersburg Police Depar,Property Damage Crash,08/13/2022 05:30:00 PM,Maryland (State),FREDERICK RD,MONTGOMERY VILLAGE AVE,SAME DIRECTION SIDESWIPE,CLEAR,DRY,DAYLIGHT,,ALCOHOL PRESENT,Yes,NO APPARENT INJURY,UNKNOWN,MD,PASSENGER CAR,40,2020,TOYOTA,CAMRY
MCP3124000M,180026083,Montgomery County Police,Injury Crash,05/27/2018 07:43:00 PM,County,RANDOLPH RD,GLENMONT CIR #1,SAME DIRECTION RIGHT TURN,CLOUDY,DRY,DAYLIGHT,TRAFFIC SIGNAL,NONE DETECTED,No,SUSPECTED MINOR INJURY,UNKNOWN,MD,PASSENGER CAR,35,2006,VOLKSWAGEN,PASSAT
MCP1121003N,180005011,Montgomery County Police,Property Damage Crash,01/29/2018 06:43:00 PM,Maryland (State),MUNCASTER MILL RD,REDLAND RD,SAME DIR REAR END,CLEAR,DRY,DARK LIGHTS ON,TRAFFIC SIGNAL,NONE DETECTED,Yes,NO APPARENT INJURY,UNKNOWN,MD,PASSENGER CAR,35,2017,TOYOTA,CAMRY
MCP9386008S,210034376,Montgomery County Police,Property Damage Crash,09-02-21 12:00,County,CRABBS BRANCH WAY,INDIANOLA DR,SAME DIRECTION SIDESWIPE,,DRY,DAYLIGHT,OTHER,NONE DETECTED,No,NO APPARENT INJURY,NOT DISTRACTED,MD,SCHOOL BUS,30,2021,FREIGHTLINER,BUS
MCP320000CV,240034598,MONTGOMERY,Injury Crash,07/22/2024 04:16:00 PM,County Route,ARLINGTON RD,,Other,Cloudy,Wet,Daylight,No Controls,"Not Suspect of Alcohol Use, Not Suspect of Drug Use",No,Possible Injury,Not Distracted,VA,Passenger Car,30,2010,TOYOTA,PRIUS
MCP9386005K,180014124,Montgomery County Police,Injury Crash,03/22/2018 09:00:00 AM,Maryland (State),MONTROSE PKWY,RAMP 4 FR MD 355 NB TO MONTROSE PKWY,STRAIGHT MOVEMENT ANGLE,,WET,DAYLIGHT,TRAFFIC SIGNAL,NONE DETECTED,No,NO APPARENT INJURY,NOT DISTRACTED,MD,PASSENGER CAR,35,2017,NISSAN,ROGUE
DM8453000G,16027316,Takoma Park Police Depart,Property Damage Crash,06-01-16 9:46,Municipality,HOLLY AVE,PHILADELPHIA AVE,OPPOSITE DIRECTION SIDESWIPE,CLEAR,DRY,DAYLIGHT,NO CONTROLS,NONE DETECTED,Unknown,NO APPARENT INJURY,UNKNOWN,MD,PASSENGER CAR,0,2015,FORD,TK
MCP2608004T,220054999,Montgomery County Police,Injury Crash,12-12-22 17:37,Maryland (State),NEW HAMPSHIRE AVE,FOX ST,SAME DIR REAR END,CLEAR,DRY,DARK LIGHTS ON,NO CONTROLS,NONE DETECTED,No,NO APPARENT INJURY,NOT DISTRACTED,DC,PASSENGER CAR,30,2002,CHEVY,SUBURBAN
MCP28590091,200021492,Montgomery County Police,Injury Crash,05/31/2020 08:50:00 AM,Maryland (State),KEY WEST AVE,MEDICAL CENTER DR,STRAIGHT MOVEMENT ANGLE,CLEAR,DRY,DAYLIGHT,NO CONTROLS,NONE DETECTED,Yes,NO APPARENT INJURY,LOOKED BUT DID NOT SEE,MD,PASSENGER CAR,25,2014,HOND,ODYSEEY
MCP2656001Q,170506656,Montgomery County Police,Injury Crash,05-08-17 17:12,US (State),COLUMBIA PIKE,GREENCASTLE RD,SAME DIR REAR END,,,DAYLIGHT,,NONE DETECTED,No,POSSIBLE INJURY,NOT DISTRACTED,MD,PASSENGER CAR,50,2008,NISSAN,4 DOOR
MCP32440012,210042273,Montgomery County Police,Property Damage Crash,10/21/2021 09:04:00 AM,County,FENTON ST,COLESVILLE RD,OTHER,CLEAR,DRY,DAYLIGHT,NO CONTROLS,NONE DETECTED,No,NO APPARENT INJURY,NOT DISTRACTED,MD,"MEDIUM/HEAVY TRUCKS 3 AXLES (OVER 10,000LBS (4,536KG))",25,2022,FRHT,M2
MCP3091000Q,180021680,Montgomery County Police,Property Damage Crash,05-03-18 9:04,Maryland (State),W JEFFERSON ST,S ADAMS ST,SAME DIR REAR END,CLEAR,DRY,DAYLIGHT,,,No,NO APPARENT INJURY,NOT DISTRACTED,FL,PASSENGER CAR,30,2006,CHEVY,COBALT
MCP2674002N,210049872,Montgomery County Police,Property Damage Crash,12-08-21 15:36,County,STRINGTOWN RD,FREDERICK RD,HEAD ON LEFT TURN,CLEAR,DRY,DAYLIGHT,TRAFFIC SIGNAL,NONE DETECTED,Yes,NO APPARENT INJURY,NOT DISTRACTED,MD,PASSENGER CAR,35,2014,BMW,4S
MCP2837000P,16003582,Montgomery County Police,Property Damage Crash,01/20/2016 10:00:00 AM,,,,OPPOSITE DIR BOTH LEFT TURN,CLEAR,,DAYLIGHT,NO CONTROLS,UNKNOWN,Unknown,NO APPARENT INJURY,UNKNOWN,,"CARGO VAN/LIGHT TRUCK 2 AXLES (OVER 10,000LBS (4,536 KG))",15,2009,FORD,VAN
MCP3392000Z,240028299,MONTGOMERY,Property Damage Crash,06/14/2024 09:38:00 AM,Maryland (State) Route,NORBECK RD (WB/L),,Front to Front,Cloudy,Dry,Daylight,Traffic Control Signal,"Not Suspect of Alcohol Use, Not Suspect of Drug Use",Yes,No Apparent Injury,Unknown,MD,Passenger Car,35,2016,TOYOTA,CAMRY
MCP3232001G,200041428,Montgomery County Police,Property Damage Crash,10/20/2020 04:48:00 PM,County,LINDENWOOD DR,GRAPE VINE WAY,SAME DIRECTION LEFT TURN,CLEAR,DRY,DAYLIGHT,NO CONTROLS,NONE DETECTED,No,NO APPARENT INJURY,NOT DISTRACTED,MD,TRANSIT BUS,25,2013,GILL,BUS
MCP204600D3,220021330,Montgomery County Police,Injury Crash,05/19/2022 12:41:00 PM,County,BRINK RD,BLUNT RD,STRAIGHT MOVEMENT ANGLE,CLEAR,DRY,DAYLIGHT,STOP SIGN,NONE DETECTED,No,POSSIBLE INJURY,NOT DISTRACTED,MD,PASSENGER CAR,35,2022,TOYOTA,CAMRY
MCP33280050,250037549,MONTGOMERY,Property Damage Crash,08/22/2025 01:59:00 PM,Private Route,,,Angle,Clear,Dry,Daylight,No Controls,"Suspect of Alcohol Use, Not Suspect of Drug Use",Yes,No Apparent Injury,Unknown,MD,Passenger Car,25,2005,TOYOTA,COROLLA
DD5603003L,17008706,Rockville Police Departme,Property Damage Crash,02/17/2017 05:39:00 PM,Municipality,TWINBROOK PKWY,ROCKVILLE PIKE,OTHER,CLEAR,DRY,DAYLIGHT,TRAFFIC SIGNAL,NONE DETECTED,Yes,NO APPARENT INJURY,LOOKED BUT DID NOT SEE,MD,PASSENGER CAR,25,2004,TOYT,4S
MCP31370023,240048235,MONTGOMERY,Injury Crash,10-09-24 14:46,Maryland (State) Route,,,Angle,Clear,Dry,Daylight,No Controls,"Not Suspect of Alcohol Use, Not Suspect of Drug Use",No,No Apparent Injury,Not Distracted,WA,Other Trucks,40,2014,INTERNATIONAL,PROSTAR
MCP3226000L,200017698,Montgomery County Police,Property Damage Crash,04/30/2020 03:05:00 PM,County,RANDOLPH RD,MIDDLEVALE LA,STRAIGHT MOVEMENT ANGLE,RAINING,WET,DAYLIGHT,TRAFFIC SIGNAL,NONE DETECTED,Yes,NO APPARENT INJURY,LOOKED BUT DID NOT SEE,MD,PASSENGER CAR,40,2010,MAZD,4S
MCP2759001D,190031531,Montgomery County Police,Property Damage Crash,07-02-19 14:45,Maryland (State),NEW HAMPSHIRE AVE,RANDOLPH RD,SAME DIR BOTH LEFT TURN,CLEAR,,DAYLIGHT,TRAFFIC SIGNAL,,Yes,NO APPARENT INJURY,LOOKED BUT DID NOT SEE,MD,"CARGO VAN/LIGHT TRUCK 2 AXLES (OVER 10,000LBS (4,536 KG))",40,2019,INTL,TRUCK
MCP2290000N,170511076,Montgomery County Police,Injury Crash,06-01-17 8:50,County,GRAVENSTEIN WAY,CUL DE SAC,SINGLE VEHICLE,CLEAR,DRY,DAYLIGHT,NO CONTROLS,NONE DETECTED,Yes,POSSIBLE INJURY,NOT DISTRACTED,MD,PASSENGER CAR,25,1997,TOYOTA,4RUNNER
MCP2891005C,180010893,Montgomery County Police,Injury Crash,03-03-18 8:56,Maryland (State),GEORGIA AVE,SPRING ST,STRAIGHT MOVEMENT ANGLE,CLEAR,DRY,DAYLIGHT,TRAFFIC SIGNAL,NONE DETECTED,Yes,NO APPARENT INJURY,NOT DISTRACTED,MD,PASSENGER CAR,35,2010,MAZDA,5
MCP29000029,170505041,Montgomery County Police,Property Damage Crash,04/30/2017 04:36:00 AM,County,MUDDY BRANCH RD,W DIAMOND AVE,SINGLE VEHICLE,CLEAR,DRY,DARK LIGHTS ON,TRAFFIC SIGNAL,,Yes,NO APPARENT INJURY,LOOKED BUT DID NOT SEE,MD,PASSENGER CAR,35,2005,FORD,MUSTANG
MCP11190088,190061886,Montgomery County Police,Property Damage Crash,12/24/2019 06:47:00 AM,Maryland (State),GEORGIA AVE,PRICE AVE,OTHER,CLEAR,DRY,DARK LIGHTS ON,,NONE DETECTED,No,NO APPARENT INJURY,NOT DISTRACTED,MD,PICKUP TRUCK,25,2005,CHEVROLET,COLORADO
MCP219800CM,230006840,Montgomery County Police,Property Damage Crash,02-10-23 15:19,Maryland (State),DARNESTOWN RD,ENT TO BUSINESS,HEAD ON LEFT TURN,CLEAR,DRY,DAYLIGHT,TRAFFIC SIGNAL,,No,NO APPARENT INJURY,NOT DISTRACTED,MD,PASSENGER CAR,35,2018,HYUNDAI,TK
MCP3026007M,220009387,Montgomery County Police,Injury Crash,03-04-22 13:14,Municipality,LELAND ST,MAPLE AVE,SAME DIR REAR END,CLEAR,DRY,DAYLIGHT,STOP SIGN,,No,NO APPARENT INJURY,NOT DISTRACTED,MD,PASSENGER CAR,25,2019,FORD,FUSION
MCP3163009G,250051998,MONTGOMERY,Property Damage Crash,11/19/2025 08:56:00 PM,County Route,,,Single Vehicle,Clear,Dry,Dark - Lighted,No Controls,"Not Suspect of Alcohol Use, Not Suspect of Drug Use",Yes,No Apparent Injury,Unknown,MD,Passenger Car,35,2007,FORD,MUSTANG
MCP30260046,190035534,Montgomery County Police,Property Damage Crash,07/26/2019 08:45:00 AM,County,CEDAR LA,CAMBERLEY AVE,OTHER,CLEAR,DRY,DAYLIGHT,NO CONTROLS,NONE DETECTED,Yes,NO APPARENT INJURY,LOOKED BUT DID NOT SEE,MD,PASSENGER CAR,35,2008,NISSAN,QUEST
MCP29710058,200002710,Montgomery County Police,Property Damage Crash,01/16/2020 04:18:00 PM,Maryland (State),GREAT SENECA HWY,GREY EAGLE CT,STRAIGHT MOVEMENT ANGLE,CLEAR,DRY,DAYLIGHT,NO CONTROLS,NONE DETECTED,Yes,NO APPARENT INJURY,NOT DISTRACTED,MD,PASSENGER CAR,25,2014,NISSAN,ALTIMA
MCP21070046,230053612,Montgomery County Police,Property Damage Crash,09-07-23 10:49,Maryland (State),FREDERICK RD,OLD HUNDRED RD,SAME DIR REAR END,CLEAR,DRY,DAYLIGHT,TRAFFIC SIGNAL,NONE DETECTED,No,NO APPARENT INJURY,NOT DISTRACTED,MD,SCHOOL BUS,30,2019,THOMPSON,BUS
EJ79160007,250031778,GAITHERSBURG,Property Damage Crash,07/16/2025 04:00:00 PM,County Route,MUDDY BRANCH RD,,Front to Front,Clear,Dry,Daylight,Traffic Control Signal,"Not Suspect of Alcohol Use, Not Suspect of Drug Use",No,No Apparent Injury,Unknown,MD,Passenger Car,45,2018,CHEVROLET,TRAVERSE
MCP1604000S,16065449,Montgomery County Police,Property Damage Crash,12/21/2016 01:22:00 PM,Municipality,RUSSELL AVE,LAKE FOREST BLVD,HEAD ON LEFT TURN,CLEAR,DRY,DAYLIGHT,TRAFFIC SIGNAL,,No,NO APPARENT INJURY,NOT DISTRACTED,MD,(SPORT) UTILITY VEHICLE,25,2015,NISSAN,PATH
MCP3341001B,230012381,Montgomery County Police,Injury Crash,03/14/2023 09:10:00 AM,Maryland (State),GEORGIA AVE,KAYSON ST,ANGLE MEETS LEFT TURN,CLEAR,DRY,DAYLIGHT,STOP SIGN,,Yes,SUSPECTED MINOR INJURY,UNKNOWN,MD,PASSENGER CAR,35,2015,TOYT,TK
MCP2588004N,180041973,Montgomery County Police,Injury Crash,08/23/2018 11:14:00 AM,County,RALPH RD,LOYOLA ST,HEAD ON LEFT TURN,CLEAR,DRY,DAYLIGHT,STOP SIGN,NONE DETECTED,No,NO APPARENT INJURY,LOOKED BUT DID NOT SEE,MD,(SPORT) UTILITY VEHICLE,25,2007,CHEVROLET,EQUINOX
MCP2594000F,15001367,Montgomery County Police,Injury Crash,01-09-15 10:31,Maryland (State),LAYHILL RD,BONIFANT RD,OTHER,CLEAR,DRY,DAYLIGHT,NO CONTROLS,NONE DETECTED,No,SUSPECTED MINOR INJURY,NOT DISTRACTED,MD,PASSENGER CAR,35,2015,HONDA,CIVIC
MCP28130043,170548795,Montgomery County Police,Property Damage Crash,12/15/2017 03:34:00 PM,Maryland (State),CONNECTICUT AVE,VEIRS MILL RD,SAME DIR REND RIGHT TURN,SNOW,SNOW,DAYLIGHT,TRAFFIC SIGNAL,,No,NO APPARENT INJURY,NOT DISTRACTED,MD,SCHOOL BUS,10,2007,THOM,BUS
MCP1017000V,15021801,Montgomery County Police,Injury Crash,05-07-15 18:05,Maryland (State),BRADLEY BLVD,STRATHMORE ST,SAME DIRECTION LEFT TURN,CLEAR,DRY,DAYLIGHT,NO CONTROLS,NONE DETECTED,Yes,SUSPECTED MINOR INJURY,NOT DISTRACTED,MD,PASSENGER CAR,35,2009,TOYOTA,CAMRY
MCP33760024,250001557,MONTGOMERY,Property Damage Crash,01-12-25 14:10,,,,Front to Rear,Clear,,Daylight,,"Not Suspect of Alcohol Use, Not Suspect of Drug Use",No,No Apparent Injury,Not Distracted,MD,Passenger Car,0,2015,HONDA,CIVIC
MCP29950074,200044583,Montgomery County Police,Property Damage Crash,11-11-20 19:24,County,RANDOLPH RD,VEIRS MILL RD,SAME DIRECTION SIDESWIPE,RAINING,WET,DARK LIGHTS ON,NO CONTROLS,NONE DETECTED,Yes,NO APPARENT INJURY,NOT DISTRACTED,MD,PASSENGER CAR,35,2018,FORD,TRANSIT 250
MCP3051004W,210046904,Montgomery County Police,Property Damage Crash,11/18/2021 05:30:00 PM,Maryland (State),WILSON LA,SPRINGER RD,SAME DIR REAR END,RAINING,WET,DARK LIGHTS ON,,NONE DETECTED,Unknown,NO APPARENT INJURY,UNKNOWN,VA,PASSENGER CAR,30,2020,JEEP,WRANGLER
EJ7853002D,170510590,Gaithersburg Police Depar,Property Damage Crash,05/30/2017 12:09:00 AM,,ALLIED PL.,RAVEN AVE.,OTHER,CLEAR,DRY,DARK LIGHTS ON,NO CONTROLS,NONE DETECTED,No,NO APPARENT INJURY,NOT DISTRACTED,MD,PASSENGER CAR,15,2015,JEEP,4DOOR
MCP2608001X,17013398,Montgomery County Police,Property Damage Crash,03/22/2017 04:00:00 PM,US (State),COLESVILLE RD,UNIVERSITY BLVD E,SAME DIR REAR END,CLEAR,DRY,DAYLIGHT,NO CONTROLS,,Yes,NO APPARENT INJURY,NOT DISTRACTED,,PASSENGER CAR,35,2009,SCION,SCION
DD5636002S,200029180,Rockville Police Departme,Injury Crash,07/27/2020 07:02:00 PM,Municipality,EDMONSTON DR,ROCKVILLE PIKE,STRAIGHT MOVEMENT ANGLE,CLEAR,DRY,DAYLIGHT,NO CONTROLS,NONE DETECTED,Yes,NO APPARENT INJURY,LOOKED BUT DID NOT SEE,MD,PASSENGER CAR,25,2003,ACURA,4S
MCP31230073,240026316,MONTGOMERY,Property Damage Crash,06-03-24 13:45,County Route,RANDOLPH RD,,Angle,Clear,Dry,Daylight,No Controls,"Not Suspect of Alcohol Use, Not Suspect of Drug Use",Yes,No Apparent Injury,Unknown,MD,Passenger Car,35,2010,TOYOTA,COROLLA
DD5653002C,230031137,Rockville Police Departme,Property Damage Crash,06/29/2023 07:04:00 PM,Maryland (State),E JEFFERSON ST,MARYLAND AVE,HEAD ON LEFT TURN,CLOUDY,DRY,DAYLIGHT,TRAFFIC SIGNAL,,Yes,NO APPARENT INJURY,UNKNOWN,MD,PASSENGER CAR,30,2018,VOLKSWAGON,TIGUAN
MCP1334006R,180029175,Montgomery County Police,Property Damage Crash,06/13/2018 12:02:00 PM,,,,SAME DIRECTION LEFT TURN,,,DAYLIGHT,NO CONTROLS,NONE DETECTED,No,NO APPARENT INJURY,NOT DISTRACTED,MD,SCHOOL BUS,10,2011,THOMAS,BUS
MCP2767009G,210028588,Montgomery County Police,Injury Crash,07/23/2021 06:56:00 PM,Maryland (State),VEIRS MILL RD,FERRARA AVE,SAME DIR REAR END,CLEAR,DRY,DAYLIGHT,TRAFFIC SIGNAL,NONE DETECTED,No,POSSIBLE INJURY,NOT DISTRACTED,MD,(SPORT) UTILITY VEHICLE,35,2011,TOYOTA,RAV4
MCP30710008,170523736,Montgomery County Police,Injury Crash,08-08-17 20:01,Maryland (State),FREDERICK RD,SHAKESPEARE BLVD,HEAD ON LEFT TURN,CLEAR,DRY,DAYLIGHT,TRAFFIC SIGNAL,,Yes,SUSPECTED MINOR INJURY,NOT DISTRACTED,MD,PASSENGER CAR,45,2000,TOYT,4S
MCP2008007X,200027535,Montgomery County Police,Injury Crash,07/15/2020 07:04:00 PM,County,FRANKLIN ST,PARKWOOD DR,OTHER,CLEAR,DRY,DAYLIGHT,STOP SIGN,NONE DETECTED,Yes,NO APPARENT INJURY,LOOKED BUT DID NOT SEE,MD,(SPORT) UTILITY VEHICLE,25,2009,NISS,TK
DD56300024,190044620,Rockville Police Departme,Property Damage Crash,09/17/2019 10:00:00 AM,Municipality,CONGRESSIONAL LA,E JEFFERSON ST,SAME DIRECTION SIDESWIPE,CLEAR,DRY,DARK -- UNKNOWN LIGHTING,NO CONTROLS,ALCOHOL PRESENT,Yes,NO APPARENT INJURY,UNKNOWN,VA,PASSENGER CAR,25,2019,FORD,MUSTANG
MCP0617007F,250052270,MONTGOMERY,Property Damage Crash,11/21/2025 01:19:00 PM,Maryland (State) Route,,,"Sideswipe, Same Direction",Clear,Dry,Daylight,No Controls,"Not Suspect of Alcohol Use, Not Suspect of Drug Use",No,No Apparent Injury,Not Distracted,MD,Sport Utility Vehicle,40,2022,MERCEDES-BENZ,METRIS
MCP2639005K,180064675,Montgomery County Police,Injury Crash,12/27/2018 07:17:00 AM,County,EMORY LA,HOLLY RIDGE RD,SINGLE VEHICLE,CLEAR,ICE,DAWN,NO CONTROLS,NONE DETECTED,Yes,POSSIBLE INJURY,NOT DISTRACTED,MD,PASSENGER CAR,30,1997,TOYOTA,4RUNNER
MCP13540016,190020551,Montgomery County Police,Property Damage Crash,05-02-19 5:49,Maryland (State),DARNESTOWN RD,WHITES FERRY RD,SAME DIR REND LEFT TURN,FOGGY,DRY,DAWN,NO CONTROLS,NONE DETECTED,No,NO APPARENT INJURY,NOT DISTRACTED,MD,TRANSIT BUS,50,2009,GILL,BUS
MCP1143000D,230001045,Montgomery County Police,Property Damage Crash,01-07-23 10:25,Maryland (State),OLNEY SANDY SPRING RD,GEORGIA AVE,SAME DIR REND RIGHT TURN,CLEAR,DRY,DAYLIGHT,,NONE DETECTED,No,NO APPARENT INJURY,NOT DISTRACTED,MD,PICKUP TRUCK,30,2012,FORD,PICKUP