Report Number,Local Case Number,Agency Name,ACRS Report Type,Crash Date/Time,Route Type,Road Name,Cross-Street Name,Collision Type,Weather,Surface Condition,Light,Traffic Control,Driver Substance Abuse,Driver At Fault,Injury Severity,Driver Distracted By,Drivers License State,Vehicle Body Type,Speed Limit,Vehicle Year,Vehicle Make,Vehicle Model
EJ78490019,16015033,Gaithersburg Police Depar,Injury Crash,03/27/2016 03:58:00 PM,Maryland (State),MIDCOUNTY HWY,MONTGOMERY VILLAGE AVE,STRAIGHT MOVEMENT ANGLE,CLEAR,DRY,DAYLIGHT,TRAFFIC SIGNAL,NONE DETECTED,No,NO APPARENT INJURY,NOT DISTRACTED,MD,PASSENGER CAR,45,2004,NISSAN,VN
MCP3381002N,250029018,MONTGOMERY,Property Damage Crash,06/29/2025 10:11:00 PM,Other Public Roadway,CRYSTAL ROCK DR,,Single Vehicle,Clear,Dry,Dark - Lighted,No Controls,"Not Suspect of Alcohol Use, Not Suspect of Drug Use",Yes,No Apparent Injury,Unknown,MD,Sport Utility Vehicle,25,2019,DODGE,DURANGO
MCP31140026,220004064,Montgomery County Police,Property Damage Crash,01/30/2022 11:05:00 PM,Maryland (State),CONNECTICUT AVE,GREENLY ST,OPPOSITE DIRECTION SIDESWIPE,,DRY,DARK LIGHTS ON,NO CONTROLS,UNKNOWN,Yes,NO APPARENT INJURY,LOOKED BUT DID NOT SEE,,PASSENGER CAR,15,2012,JEEP,LIBERTY
MCP2212002M,170543207,Montgomery County Police,Property Damage Crash,11/16/2017 02:39:00 PM,County,FAIRLAND RD,COLUMBIA PIKE,SAME DIRECTION LEFT TURN,CLEAR,DRY,DAYLIGHT,,NONE DETECTED,Yes,NO APPARENT INJURY,NOT DISTRACTED,VA,PASSENGER CAR,35,2013,CHEVROLET,MALIBU
MCP2789002B,16011071,MONTGOMERY,Property Damage Crash,03-05-16 21:20,US (State),GEORGIA AVE,13TH ST,STRAIGHT MOVEMENT ANGLE,,DRY,DARK LIGHTS ON,TRAFFIC SIGNAL,,Yes,NO APPARENT INJURY,UNKNOWN,,PASSENGER CAR,35,2003,CHRYSLER,TOWN COUNTRY
MCP2239002B,220024348,Montgomery County Police,Property Damage Crash,06-07-22 8:20,County,SEVEN LOCKS RD,INSPECTION HOUSE RD,SAME DIR REAR END,CLEAR,DRY,DAYLIGHT,,,No,NO APPARENT INJURY,NOT DISTRACTED,MD,PASSENGER CAR,35,2012,HYUN,4S
MCP3130005S,220056352,Montgomery County Police,Property Damage Crash,12/20/2022 07:58:00 AM,County,MAY ST,HOLDRIDGE RD,OTHER,CLEAR,DRY,DAYLIGHT,NO CONTROLS,NONE DETECTED,Yes,NO APPARENT INJURY,LOOKED BUT DID NOT SEE,MD,PASSENGER CAR,25,2014,HOND,PILOT
MCP27220042,220014077,Montgomery County Police,Injury Crash,04-02-22 18:05,County,CONNECTICUT AVE,BEL PRE RD,SAME DIR REAR END,CLEAR,DRY,DAYLIGHT,TRAFFIC SIGNAL,NONE DETECTED,No,NO APPARENT INJURY,NOT DISTRACTED,MD,PASSENGER CAR,30,2009,HOND,4S
MCP3130004B,210050009,Montgomery County Police,Injury Crash,12-09-21 14:00,Maryland (State),GEORGIA AVE,GLENALLAN AVE,STRAIGHT MOVEMENT ANGLE,CLOUDY,DRY,DAYLIGHT,TRAFFIC SIGNAL,NONE DETECTED,Yes,NO APPARENT INJURY,LOOKED BUT DID NOT SEE,MD,PASSENGER CAR,35,2008,HONDA,CIVIC
MCP2107006N,250031708,MONTGOMERY,Property Damage Crash,07/14/2025 04:00:00 PM,Maryland (State) Route,RIDGE RD,,Front to Rear,Clear,Dry,Daylight,Traffic Control Signal,"Unknown, Not Suspect of Drug Use",No,No Apparent Injury,Not Distracted,MD,Passenger Car,30,2002,MERCEDES-BENZ,SLK-CLASS
MCP9130008G,190051640,Montgomery County Police,Property Damage Crash,10/27/2019 07:10:00 AM,Maryland (State),UNIVERSITY BLVD E,MERRIMAC DR,STRAIGHT MOVEMENT ANGLE,RAINING,WET,DARK LIGHTS ON,STOP SIGN,NONE DETECTED,No,NO APPARENT INJURY,NOT DISTRACTED,MD,OTHER,35,2013,HONDA,ACCORD
MCP32450037,220028158,Montgomery County Police,Property Damage Crash,06/30/2022 03:26:00 PM,Interstate (State),EISENHOWER MEMORIAL HWY,EXIT #13,SAME DIR REAR END,CLEAR,DRY,DAYLIGHT,NO CONTROLS,NONE DETECTED,No,NO APPARENT INJURY,NOT DISTRACTED,MD,POLICE VEHICLE/NON EMERGENCY,55,2016,FORD,EXPEDITION
MCP21590018,230054665,Montgomery County Police,Injury Crash,09/13/2023 04:34:00 PM,County,KINGSVIEW VILLAGE AVE,CLOPPER RD,OTHER,CLEAR,DRY,DAYLIGHT,TRAFFIC SIGNAL,NONE DETECTED,Yes,NO APPARENT INJURY,LOOKED BUT DID NOT SEE,MD,VAN,30,2023,TOYOTA,SIENNA
MCP2598004F,230052652,Montgomery County Police,Property Damage Crash,09-01-23 14:44,US (State),COLUMBIA PIKE,BURNT MILLS AVE,SAME DIR REAR END,CLEAR,DRY,DAYLIGHT,TRAFFIC SIGNAL,NONE DETECTED,Yes,NO APPARENT INJURY,NOT DISTRACTED,MD,SCHOOL BUS,40,2020,THMS,BU
MCP06190010,16057947,Montgomery County Police,Injury Crash,11-10-16 7:47,Maryland (State),DARNESTOWN RD,BLACK ROCK RD,SAME DIR REAR END,CLEAR,DRY,DAYLIGHT,,,No,POSSIBLE INJURY,NOT DISTRACTED,WV,"CARGO VAN/LIGHT TRUCK 2 AXLES (OVER 10,000LBS (4,536 KG))",50,2014,GMC,VAN
MCP3140000V,190001341,Montgomery County Police,Property Damage Crash,01-08-19 23:05,,,,OTHER,OTHER,,DARK LIGHTS ON,NO CONTROLS,UNKNOWN,Yes,NO APPARENT INJURY,UNKNOWN,,UNKNOWN,15,0,UNKNOWN,UNKNOWN
MCP3033000H,17011570,Montgomery County Police,Property Damage Crash,03-04-17 21:00,Maryland (State),NEW HAMPSHIRE AVE,HEARTFIELDS DR,HEAD ON,CLEAR,DRY,DARK NO LIGHTS,TRAFFIC SIGNAL,ALCOHOL PRESENT,Yes,NO APPARENT INJURY,NOT DISTRACTED,MD,PICKUP TRUCK,45,2012,NISSAN,TITAN
EJ7850000Q,15012980,Gaithersburg Police Depar,Property Damage Crash,03/21/2015 12:05:00 AM,Maryland (State),FREDERICK RD,GAME PRESERVE RD,SINGLE VEHICLE,CLOUDY,WET,DARK LIGHTS ON,NO CONTROLS,NONE DETECTED,Yes,NO APPARENT INJURY,NOT DISTRACTED,MD,PASSENGER CAR,40,2008,TOYOTA,CAMRY
DD559500BT,220019168,Rockville Police Departme,Property Damage Crash,05-05-22 17:45,Maryland (State),VEIRS MILL RD,SPUR TO MD 355,SAME DIR REAR END,CLOUDY,DRY,DAYLIGHT,YIELD SIGN,NONE DETECTED,No,NO APPARENT INJURY,NOT DISTRACTED,MD,PASSENGER CAR,35,2012,HYUN,SD
DD55270050,230065472,Rockville Police Departme,Property Damage Crash,11-09-23 21:00,Maryland (State),FREDERICK RD,W GUDE DR,OTHER,CLEAR,DRY,DARK LIGHTS ON,NO CONTROLS,NONE DETECTED,No,NO APPARENT INJURY,NOT DISTRACTED,MD,PASSENGER CAR,40,2020,DODE,RAM
DD56010040,180038882,Rockville Police Departme,Property Damage Crash,08-05-18 16:12,Maryland (State),W JEFFERSON ST,S WASHINGTON ST,SAME DIRECTION SIDESWIPE,CLEAR,DRY,DAYLIGHT,NO CONTROLS,UNKNOWN,Yes,NO APPARENT INJURY,UNKNOWN,,PASSENGER CAR,35,2018,HONDA,UNK
MCP20870036,190053220,Montgomery County Police,Property Damage Crash,11-05-19 9:06,County,RANDOLPH RD,BUSHEY DR,OPPOSITE DIRECTION SIDESWIPE,CLEAR,,DAYLIGHT,STOP SIGN,NONE DETECTED,No,NO APPARENT INJURY,NOT DISTRACTED,MD,SCHOOL BUS,25,2011,THOMAS,BUS
MCP3158001R,190046573,Montgomery County Police,Property Damage Crash,09/28/2019 05:47:00 PM,County,REDLAND RD,MILL RUN DR,STRAIGHT MOVEMENT ANGLE,CLEAR,DRY,DAYLIGHT,STOP SIGN,NONE DETECTED,Yes,NO APPARENT INJURY,UNKNOWN,MD,VAN,35,2019,DODGE,PRO
MCP27360054,170542631,Montgomery County Police,Injury Crash,11/13/2017 09:39:00 PM,County,DORSET AVE,KENNEDY DR,STRAIGHT MOVEMENT ANGLE,CLEAR,DRY,DARK LIGHTS ON,STOP SIGN,NONE DETECTED,Yes,NO APPARENT INJURY,LOOKED BUT DID NOT SEE,MD,PASSENGER CAR,25,2007,TOYT,HY
MCP2894000P,15010824,Montgomery County Police,Property Damage Crash,03-09-15 8:12,Maryland (State),OLD GEORGETOWN RD,EXECUTIVE BLVD,STRAIGHT MOVEMENT ANGLE,CLEAR,DRY,DAYLIGHT,TRAFFIC SIGNAL,NONE DETECTED,No,NO APPARENT INJURY,NOT DISTRACTED,MD,PASSENGER CAR,35,1997,TOYOTA,4 DOOR
MCP2897001C,170513453,Montgomery County Police,Property Damage Crash,06/13/2017 04:31:00 PM,County,HUNTMASTER RD,DAVIS MILL RD,OPPOSITE DIRECTION SIDESWIPE,CLEAR,DRY,DAYLIGHT,NO CONTROLS,NONE DETECTED,Yes,NO APPARENT INJURY,NOT DISTRACTED,MD,SCHOOL BUS,35,2011,THOMAS,SCHOOL  BUS
MCP3341005F,250043107,MONTGOMERY,Property Damage Crash,09/25/2025 10:20:00 AM,County Route,RANDOLPH RD (WB/L),,Single Vehicle,Rain,Wet,Daylight,No Controls,"Not Suspect of Alcohol Use, Not Suspect of Drug Use",Yes,No Apparent Injury,Not Distracted,GA,Passenger Car,35,2004,CHEVROLET,SILVERADO
MCP2940004N,200014294,Montgomery County Police,Property Damage Crash,03/28/2020 01:00:00 PM,County,FALLS RD,ALLOWAY DR,SAME DIR REAR END,CLOUDY,WET,DAYLIGHT,NO CONTROLS,NONE DETECTED,Yes,NO APPARENT INJURY,UNKNOWN,MD,(SPORT) UTILITY VEHICLE,35,2018,TOYOTA,HIGHLANDER
MCP2835002D,210012406,Montgomery County Police,Injury Crash,04-03-21 0:40,County,JONES BRIDGE RD,SPUR FR JONES MILL RD,SINGLE VEHICLE,CLEAR,DRY,DARK LIGHTS ON,TRAFFIC SIGNAL,ALCOHOL CONTRIBUTED,Yes,SUSPECTED SERIOUS INJURY,INATTENTIVE OR LOST IN THOUGHT,MD,PASSENGER CAR,25,2009,HONDA,CIVIC
MCP31900042,220038965,Montgomery County Police,Injury Crash,09-08-22 8:34,Maryland (State),GEORGIA AVE,OLANDWOOD CT,STRAIGHT MOVEMENT ANGLE,CLOUDY,DRY,DAYLIGHT,NO CONTROLS,NONE DETECTED,Yes,POSSIBLE INJURY,LOOKED BUT DID NOT SEE,MD,PASSENGER CAR,35,2013,LEXUS,RX350
MCP3073000M,170541704,Montgomery County Police,Injury Crash,11-08-17 17:50,Maryland (State),GEORGIA AVE,NORBECK RD,SAME DIRECTION SIDESWIPE,CLEAR,DRY,DARK NO LIGHTS,TRAFFIC SIGNAL,UNKNOWN,Yes,NO APPARENT INJURY,UNKNOWN,IL,PASSENGER CAR,45,2012,TOYOTA,CAMRY
MCP15500031,210038095,Montgomery County Police,Property Damage Crash,09/26/2021 02:46:00 PM,County,BATTERY LA,WISCONSIN AVE,STRAIGHT MOVEMENT ANGLE,CLEAR,DRY,DAYLIGHT,NO CONTROLS,NONE DETECTED,No,NO APPARENT INJURY,NOT DISTRACTED,MD,PASSENGER CAR,35,2013,CHEVY,IMPALA
MCP9134001D,190050813,Montgomery County Police,Injury Crash,10/22/2019 09:23:00 PM,County,FRANKLIN AVE,FLOWER AVE,OPPOSITE DIRECTION SIDESWIPE,CLOUDY,WET,DARK LIGHTS ON,TRAFFIC SIGNAL,,No,NO APPARENT INJURY,NOT DISTRACTED,MD,(SPORT) UTILITY VEHICLE,30,2019,TOYOTA,RAV4
MCP2736003N,16036810,Montgomery County Police,Property Damage Crash,07/20/2016 08:35:00 PM,Maryland (State),ROCKVILLE PIKE,SOUTH DR,SAME DIRECTION SIDESWIPE,CLEAR,DRY,DUSK,TRAFFIC SIGNAL,NONE DETECTED,No,NO APPARENT INJURY,NOT DISTRACTED,SC,PASSENGER CAR,35,2016,SUBARU,TK
MCP2714000F,180025580,Montgomery County Police,Property Damage Crash,05/24/2018 08:15:00 PM,County,WELLER RD,CONNECTICUT AVE,SAME DIRECTION RIGHT TURN,CLEAR,DRY,DAYLIGHT,TRAFFIC SIGNAL,NONE DETECTED,No,NO APPARENT INJURY,NOT DISTRACTED,MD,PASSENGER CAR,25,2001,TOYT,ECHP
MCP24110012,170506696,Montgomery County Police,Property Damage Crash,05-08-17 20:32,,,,SINGLE VEHICLE,CLEAR,,DARK -- UNKNOWN LIGHTING,,,Yes,NO APPARENT INJURY,INATTENTIVE OR LOST IN THOUGHT,MD,PASSENGER CAR,25,2017,HONDA,HRV
MCP3205001Z,200034927,Montgomery County Police,Injury Crash,09-06-20 14:17,Maryland (State),GEORGIA AVE,BLUERIDGE AVE,HEAD ON LEFT TURN,,DRY,DAYLIGHT,TRAFFIC SIGNAL,NONE DETECTED,No,SUSPECTED SERIOUS INJURY,NOT DISTRACTED,MD,PASSENGER CAR,25,2018,CHEVY,MALIBU
MCP31260065,250008022,MONTGOMERY,Injury Crash,02/23/2025 05:03:00 PM,Maryland (State) Route,,,Rear To Side,Clear,Dry,Daylight,No Controls,"Not Suspect of Alcohol Use, Not Suspect of Drug Use",Yes,Suspected Minor Injury,Unknown,MD,Passenger Car,40,2015,HONDA,CIVIC
MCP3401000W,240018457,MONTGOMERY,Injury Crash,04/20/2024 12:40:00 PM,US (State),GEORGIA AVE,KING ST,Angle,Clear,Dry,Daylight,No Controls,"Not Suspect of Alcohol Use, Not Suspect of Drug Use",Yes,No Apparent Injury,Not Distracted,MD,Passenger Car,35,2003,FORD,F-150
MCP2554000Z,15034028,MONTGOMERY,Property Damage Crash,07-11-15 11:30,County,ST ELMO AVE,OLD GEORGETOWN RD,SAME DIRECTION SIDESWIPE,,DRY,DAYLIGHT,TRAFFIC SIGNAL,NONE DETECTED,No,NO APPARENT INJURY,NOT DISTRACTED,MD,PASSENGER CAR,35,2005,ACURA,TSX
MCP29320072,230066176,Montgomery County Police,Injury Crash,11/13/2023 10:04:00 PM,Maryland (State),FLOWER AVE,DOMER AVE,HEAD ON,CLEAR,DRY,DARK LIGHTS ON,,NONE DETECTED,No,NO APPARENT INJURY,NOT DISTRACTED,PA,OTHER BUS,35,2017,PREVOST,H345
MCP3064003B,200038747,Montgomery County Police,Property Damage Crash,10-02-20 9:05,County,RANDOLPH RD,KEMP MILL RD,SAME DIR REAR END,CLEAR,WET,DAYLIGHT,TRAFFIC SIGNAL,NONE DETECTED,No,NO APPARENT INJURY,NOT DISTRACTED,MD,PASSENGER CAR,45,2002,CHRYSLER,SEBRING
MCP28720021,170533995,Montgomery County Police,Property Damage Crash,09/30/2017 10:10:00 AM,Maryland (State),MIDCOUNTY HWY,MONTGOMERY VILLAGE AVE,SAME DIR REAR END,CLEAR,DRY,DAYLIGHT,TRAFFIC SIGNAL,NONE DETECTED,No,NO APPARENT INJURY,NOT DISTRACTED,MD,PASSENGER CAR,50,2017,HYUN,SANTA FE
MCP1205008M,220055640,Montgomery County Police,Injury Crash,12/16/2022 07:17:00 AM,Maryland (State),EAST WEST HWY,SUNDALE DR,SAME DIR REAR END,CLEAR,WET,DAWN,TRAFFIC SIGNAL,NONE DETECTED,No,NO APPARENT INJURY,NOT DISTRACTED,MD,PASSENGER CAR,35,2013,HONDA,PILOT
MCP2358005Z,190013942,Montgomery County Police,Property Damage Crash,03/26/2019 12:52:00 PM,Maryland (State),RIVER RD,BUTLER RD,SAME DIRECTION RIGHT TURN,CLEAR,DRY,DAYLIGHT,NO CONTROLS,NONE DETECTED,No,NO APPARENT INJURY,NOT DISTRACTED,MD,PASSENGER CAR,35,2011,TOYOTA,PRIUS
MCP2818004N,190061788,Montgomery County Police,Injury Crash,12/23/2019 02:30:00 PM,County,E GUDE DR,CECIL ST,SAME DIR REAR END,CLEAR,DRY,DAYLIGHT,TRAFFIC SIGNAL,NONE DETECTED,Yes,POSSIBLE INJURY,NOT DISTRACTED,MD,(SPORT) UTILITY VEHICLE,35,2001,TOYOTA,RAV4
MCP3347002V,250025672,MONTGOMERY,Injury Crash,06-09-25 13:01,Municipality Route,FRANKLIN ST,CONNECTICUT AVE,Front to Rear,Clear,Dry,Daylight,No Controls,"Not Suspect of Alcohol Use, Not Suspect of Drug Use",No,No Apparent Injury,Not Distracted,MD,Passenger Car,35,2013,FORD,FUSION
MCP1555001C,17013241,Montgomery County Police,Injury Crash,03/14/2017 10:12:00 AM,County,BRIGGS CHANEY RD,MEDALLION DR,HEAD ON,WINTRY MIX,SNOW,DAYLIGHT,NO CONTROLS,NONE DETECTED,No,SUSPECTED MINOR INJURY,NOT DISTRACTED,MD,PASSENGER CAR,40,2010,DODGE,CARAVAN
MCP3270000S,200045415,Montgomery County Police,Property Damage Crash,11/17/2020 04:26:00 PM,County,BALLINGER DR,ROBEY RD,ANGLE MEETS RIGHT TURN,CLEAR,DRY,DAYLIGHT,STOP SIGN,NONE DETECTED,No,NO APPARENT INJURY,NOT DISTRACTED,MD,PASSENGER CAR,35,2017,TOYT,CAMRY
DD5527003Y,220016322,Rockville Police Departme,Property Damage Crash,04/17/2022 08:15:00 PM,Municipality,TWINBROOK PKWY,ROCKVILLE PIKE,SINGLE VEHICLE,CLEAR,DRY,DARK LIGHTS ON,TRAFFIC SIGNAL,NONE DETECTED,Yes,NO APPARENT INJURY,NOT DISTRACTED,MD,PASSENGER CAR,30,2005,HONDA,4DR
MCP1554003V,180064603,Montgomery County Police,Injury Crash,12/26/2018 06:00:00 PM,Maryland (State),FREDERICK RD,CROSSOVER,HEAD ON LEFT TURN,CLEAR,DRY,DARK LIGHTS ON,NO CONTROLS,NONE DETECTED,No,NO APPARENT INJURY,NOT DISTRACTED,MD,(SPORT) UTILITY VEHICLE,45,2013,NISS,TK
MCP30380066,230027036,Montgomery County Police,Property Damage Crash,06-05-23 15:00,US (State),GEORGIA AVE,ELLSWORTH DR,SAME DIRECTION SIDESWIPE,CLEAR,DRY,DAYLIGHT,NO CONTROLS,UNKNOWN,Yes,NO APPARENT INJURY,UNKNOWN,,VAN,35,2023,CHRY,PACIFICA
MCP31210049,210034072,Montgomery County Police,Property Damage Crash,08/31/2021 06:41:00 PM,County,SNOUFFERS SCHOOL RD,STRUC #M0065 CABIN BRANCH,SAME DIRECTION LEFT TURN,CLOUDY,UNKNOWN,DAYLIGHT,,NONE DETECTED,No,NO APPARENT INJURY,NOT DISTRACTED,MD,PASSENGER CAR,35,2013,TOYOTA,COROLLA
MCP271700D8,170531548,Montgomery County Police,Property Damage Crash,09/19/2017 04:00:00 PM,County,WHITTIER BLVD,WILSON LA,SAME DIRECTION LEFT TURN,CLEAR,DRY,DAYLIGHT,TRAFFIC SIGNAL,NONE DETECTED,No,NO APPARENT INJURY,NOT DISTRACTED,MD,PASSENGER CAR,30,2012,NISSAN,VERSA
MCP2948000N,15066287,MONTGOMERY,Injury Crash,12/26/2015 07:01:00 PM,County,RANDOLPH RD,GLENMONT CIR #1,SINGLE VEHICLE,RAINING,WET,DARK LIGHTS ON,NO CONTROLS,NONE DETECTED,No,NO APPARENT INJURY,LOOKED BUT DID NOT SEE,TX,(SPORT) UTILITY VEHICLE,40,1999,LINC,TK
EJ78510032,170543580,Gaithersburg Police Depar,Injury Crash,11/18/2017 02:00:00 PM,Maryland (State),FREDERICK RD,WALKER AVE,SAME DIR REAR END,CLOUDY,,DAYLIGHT,TRAFFIC SIGNAL,NONE DETECTED,Yes,NO APPARENT INJURY,UNKNOWN,MD,PASSENGER CAR,30,2013,TOYOTA,COROLLA
MCP1433001H,170542312,Montgomery County Police,Property Damage Crash,11-07-17 8:40,,,,SINGLE VEHICLE,CLEAR,,DAYLIGHT,,NONE DETECTED,Yes,NO APPARENT INJURY,LOOKED BUT DID NOT SEE,MD,POLICE VEHICLE/EMERGENCY,25,2014,DODGE,CHARGER
MCP2637005P,240053411,MONTGOMERY,Property Damage Crash,11-07-24 7:38,County Route,,,Front to Front,Cloudy,Dry,Daylight,No Controls,"Not Suspect of Alcohol Use, Not Suspect of Drug Use",No,No Apparent Injury,Not Distracted,MD,Passenger Car,35,2011,HONDA,CR-V
MCP23350017,190054630,Montgomery County Police,Property Damage Crash,11/13/2019 12:15:00 AM,County,WISTERIA DR,FATHER HURLEY BLVD,SAME DIR REAR END,CLEAR,,DARK LIGHTS ON,TRAFFIC SIGNAL,NONE DETECTED,No,NO APPARENT INJURY,NOT DISTRACTED,VA,PASSENGER CAR,35,2016,BMW,4S
MCP93790019,170511558,Montgomery County Police,Property Damage Crash,06-03-17 14:08,Maryland (State),FREDERICK RD,E GUDE DR,STRAIGHT MOVEMENT ANGLE,CLEAR,DRY,DAYLIGHT,NO CONTROLS,,Yes,NO APPARENT INJURY,NOT DISTRACTED,MD,PASSENGER CAR,40,2009,HONDA,CRV
EJ7852005Y,220036020,Gaithersburg Police Depar,Injury Crash,08/20/2022 08:23:00 PM,Maryland (State),FREDERICK RD,WATKINS MILL RD,SAME DIR REAR END,,DRY,DARK LIGHTS ON,TRAFFIC SIGNAL,NONE DETECTED,No,NO APPARENT INJURY,NOT DISTRACTED,MD,PICKUP TRUCK,40,2016,MERCEDES,SUV
MCP2351001N,17054770,Montgomery County Police,Property Damage Crash,12-10-17 8:26,County,SHADY GROVE RD,CRABBS BRANCH WAY,STRAIGHT MOVEMENT ANGLE,CLOUDY,WET,DAYLIGHT,TRAFFIC SIGNAL,NONE DETECTED,Yes,NO APPARENT INJURY,NOT DISTRACTED,NY,PASSENGER CAR,40,2017,TOYOTA,4DR
MCP2717008M,16061097,Montgomery County Police,Injury Crash,11/28/2016 05:54:00 AM,County,FRIENDSHIP BLVD,WASHINGTON DC/LINE,OTHER,CLEAR,DRY,DARK LIGHTS ON,NO CONTROLS,NONE DETECTED,Yes,NO APPARENT INJURY,LOOKED BUT DID NOT SEE,DC,(SPORT) UTILITY VEHICLE,25,2003,HONDA,ELEMENT
EJ7885001M,210047327,Gaithersburg Police Depar,Property Damage Crash,11/21/2021 05:00:00 PM,,,,UNKNOWN,CLEAR,,DUSK,NO CONTROLS,,Yes,NO APPARENT INJURY,UNKNOWN,,,15,0,UNKNOWN,UNKNOWN
EJ7860000J,16024784,Gaithersburg Police Depar,Property Damage Crash,05/18/2016 10:30:00 PM,,,,OTHER,CLEAR,,DARK LIGHTS ON,NO CONTROLS,ALCOHOL PRESENT,Yes,NO APPARENT INJURY,UNKNOWN,MD,(SPORT) UTILITY VEHICLE,10,2007,JEEP,LIBERTY
MCP2637001V,170531892,Montgomery County Police,Injury Crash,09/21/2017 09:14:00 AM,County,SHADY GROVE RD,RAMP 1 FR IS 270 NB TO SHADY GROVE RD WB,STRAIGHT MOVEMENT ANGLE,,DRY,DAYLIGHT,TRAFFIC SIGNAL,NONE DETECTED,No,NO APPARENT INJURY,NOT DISTRACTED,MD,PASSENGER CAR,35,2015,TOYOTA,RAV4
MCP2939003X,190034192,Montgomery County Police,Property Damage Crash,07/18/2019 05:50:00 PM,Other Public Roadway,OBSERVATION DR,GERMANTOWN RD,SAME DIR REAR END,CLEAR,DRY,DAYLIGHT,TRAFFIC SIGNAL,NONE DETECTED,Yes,NO APPARENT INJURY,INATTENTIVE OR LOST IN THOUGHT,MD,PASSENGER CAR,30,2012,HYUNDAI,TUCSON
MCP271700FN,180002433,Montgomery County Police,Property Damage Crash,01/16/2018 08:35:00 AM,County,FORSYTHE AVE,JONES MILL RD,OTHER,CLEAR,DRY,DAYLIGHT,TRAFFIC SIGNAL,NONE DETECTED,Yes,NO APPARENT INJURY,LOOKED BUT DID NOT SEE,MD,TRANSIT BUS,25,2014,GILLIG,TRANSIT BUS
MCP2780008N,250022551,MONTGOMERY,Injury Crash,05/21/2025 04:53:00 PM,County Route,RIDGECREST DR,MIDDLEBROOK RD,Angle,Rain,Wet,Daylight,No Controls,"Not Suspect of Alcohol Use, Not Suspect of Drug Use",Yes,Possible Injury,Not Distracted,MD,Passenger Car,40,2020,SUBARU,CROSSTREK
DD5605001N,15044559,ROCKVILLE,Property Damage Crash,09-04-15 12:42,Maryland (State),W MONTGOMERY AVE,ADCLARE RD,STRAIGHT MOVEMENT ANGLE,CLEAR,DRY,DAYLIGHT,OTHER,NONE DETECTED,Yes,NO APPARENT INJURY,INATTENTIVE OR LOST IN THOUGHT,MD,PASSENGER CAR,35,2012,TOYT,CAMRY
EJ7878002P,210022478,Gaithersburg Police Depar,Property Damage Crash,06-12-21 14:10,,,,SAME DIRECTION SIDESWIPE,CLEAR,,DAYLIGHT,NO CONTROLS,,No,NO APPARENT INJURY,NOT DISTRACTED,MD,PASSENGER CAR,10,2014,HYUN,4D
MCP2855002D,180024294,Montgomery County Police,Injury Crash,05/17/2018 05:20:00 PM,County,RANDOLPH RD,HAWKESBURY LA,HEAD ON LEFT TURN,RAINING,WET,DAYLIGHT,TRAFFIC SIGNAL,NONE DETECTED,Yes,POSSIBLE INJURY,UNKNOWN,MD,PASSENGER CAR,45,2012,HOND,TK
MCP1020001K,16012910,MONTGOMERY,Injury Crash,03/16/2016 08:50:00 AM,Maryland (State),FREDERICK RD,PLUMMER DR,SAME DIR REAR END,CLEAR,DRY,DAYLIGHT,TRAFFIC SIGNAL,NONE DETECTED,Yes,POSSIBLE INJURY,NOT DISTRACTED,MD,(SPORT) UTILITY VEHICLE,40,2007,ACURA,RDX
MCP31620018,180059574,Montgomery County Police,Property Damage Crash,11/28/2018 08:15:00 PM,Maryland (State),UNIVERSITY BLVD E,ENT TO EASTERN MIDDLE SCHOOL,SAME DIR REAR END,OTHER,ICE,DARK LIGHTS ON,NO CONTROLS,NONE DETECTED,No,NO APPARENT INJURY,NOT DISTRACTED,MD,PASSENGER CAR,40,2018,TOYOTA,RAV4
MCP2983002W,180041257,Montgomery County Police,Injury Crash,08/19/2018 04:55:00 PM,Maryland (State),GEORGIA AVE,EVANS PKWY,SAME DIRECTION RIGHT TURN,CLEAR,DRY,DAYLIGHT,NO CONTROLS,NONE DETECTED,No,NO APPARENT INJURY,NOT DISTRACTED,MD,PASSENGER CAR,35,2014,VOLKS,PASAT
MCP33950022,240045898,MONTGOMERY,Property Damage Crash,09/26/2024 09:55:00 AM,County Route,MONTROSE RD (WB/L),,Single Vehicle,Rain,Wet,Daylight,Pedestrian Crossing Sign,"Not Suspect of Alcohol Use, Not Suspect of Drug Use",Yes,No Apparent Injury,Unknown,MD,Passenger Car,30,2013,LEXUS,ES
MCP2191003B,200023830,Montgomery County Police,Property Damage Crash,06/18/2020 06:05:00 AM,County,WOODMONT AVE,RUGBY AVE,STRAIGHT MOVEMENT ANGLE,CLOUDY,WET,DAYLIGHT,STOP SIGN,NONE DETECTED,Yes,NO APPARENT INJURY,NOT DISTRACTED,MD,POLICE VEHICLE/EMERGENCY,25,2014,DODG,CHARGER
MCP2386000L,15024237,Montgomery County Police,Property Damage Crash,05/20/2015 03:10:00 PM,Maryland (State),UNIVERSITY BLVD E,E MELBOURNE AVE,SAME DIR REAR END,CLEAR,DRY,DAYLIGHT,NO CONTROLS,NONE DETECTED,Yes,NO APPARENT INJURY,NOT DISTRACTED,MD,PASSENGER CAR,40,2001,TOYOTA,ECHO
MCP3237000S,210022243,Montgomery County Police,Property Damage Crash,06-11-21 5:09,County,SHADY GROVE RD,GAITHER RD,ANGLE MEETS LEFT TURN,RAINING,WET,DARK LIGHTS ON,TRAFFIC SIGNAL,NONE DETECTED,No,NO APPARENT INJURY,NOT DISTRACTED,MD,PASSENGER CAR,40,2012,HOND,4S