Report Number,Local Case Number,Agency Name,ACRS Report Type,Crash Date/Time,Route Type,Road Name,Cross-Street Name,Collision Type,Weather,Surface Condition,Light,Traffic Control,Driver Substance Abuse,Driver At Fault,Injury Severity,Driver Distracted By,Drivers License State,Vehicle Body Type,Speed Limit,Vehicle Year,Vehicle Make,Vehicle Model
MCP3184001Q,210008094,Montgomery County Police,Injury Crash,03-03-21 20:18,Maryland (State),NEW HAMPSHIRE AVE,ROSEMERE AVE,SAME DIR REAR END,CLEAR,DRY,DARK LIGHTS ON,STOP SIGN,NONE DETECTED,No,NO APPARENT INJURY,NOT DISTRACTED,MD,PASSENGER CAR,40,2008,BMW,300
MCP26490007,15029205,Montgomery County Police,Property Damage Crash,06/15/2015 07:49:00 PM,Maryland (State),GREAT SENECA HWY,SPUR TO ORCHARD RIDGE DR,SAME DIR REAR END,CLEAR,DRY,DAYLIGHT,,NONE DETECTED,No,NO APPARENT INJURY,NOT DISTRACTED,MD,POLICE VEHICLE/EMERGENCY,50,2009,CHEVROLET,IMPALA
MCP2752004H,210051751,Montgomery County Police,Property Damage Crash,12/19/2021 02:51:00 PM,Municipality,WOOTTON PKWY,TOWER OAKS BLVD,SAME DIRECTION SIDESWIPE,CLEAR,DRY,DAYLIGHT,TRAFFIC SIGNAL,UNKNOWN,Yes,NO APPARENT INJURY,UNKNOWN,,PASSENGER CAR,35,2009,INFINITI,4DS
MCP2772001H,190023563,Montgomery County Police,Injury Crash,05/18/2019 05:40:00 PM,County,SAM EIG HWY,GREAT SENECA HWY,SAME DIR REAR END,CLEAR,DRY,DAYLIGHT,TRAFFIC SIGNAL,NONE DETECTED,No,POSSIBLE INJURY,NOT DISTRACTED,MD,PASSENGER CAR,35,2003,JEEP,GRAND CHROKEE
MCP3085003G,220039833,Montgomery County Police,Property Damage Crash,09/13/2022 05:13:00 PM,Maryland (State),CONNECTICUT AVE,RAMP 4 FR MD 185 NB TO IS 495 EB,SAME DIR REAR END,CLEAR,DRY,DAYLIGHT,,NONE DETECTED,Yes,NO APPARENT INJURY,NOT DISTRACTED,MD,PASSENGER CAR,35,2009,NISSAN,ALTIMA
MCP32680046,240033172,MONTGOMERY,Injury Crash,07/14/2024 09:03:00 AM,County Route,,,Angle,Clear,Dry,Daylight,No Controls,"Not Suspect of Alcohol Use, Not Suspect of Drug Use",Yes,Suspected Minor Injury,Not Distracted,MD,Sport Utility Vehicle,40,2016,JEEP,PATRIOT
MCP30040035,190034376,Montgomery County Police,Injury Crash,07/19/2019 06:00:00 PM,Maryland (State),CONNECTICUT AVE,LELAND ST,OTHER,CLEAR,,DAYLIGHT,,NONE DETECTED,Yes,SUSPECTED MINOR INJURY,LOOKED BUT DID NOT SEE,GA,PASSENGER CAR,35,2013,MERCEDES,C250
MCP3031005S,240039809,MONTGOMERY,Property Damage Crash,08/22/2024 09:45:00 PM,County Route,,HERITAGE HILLS DR,Angle,Clear,Dry,Dark - Lighted,Stop Sign,"Not Suspect of Alcohol Use, Not Suspect of Drug Use",No,No Apparent Injury,Not Distracted,MD,Passenger Car,25,2020,HONDA,PILOT
MCP261700BW,250035833,MONTGOMERY,Injury Crash,08-11-25 22:00,,,,Single Vehicle,Clear,,Dark - Lighted,,"Not Suspect of Alcohol Use, Not Suspect of Drug Use",No,Possible Injury,Not Distracted,MD,Sport Utility Vehicle,0,2021,FORD,EXPLORER
MCP3257005T,220053461,Montgomery County Police,Property Damage Crash,12-03-22 22:40,County,BOILING BROOK PKWY,ROCKING HORSE RD,OPPOSITE DIRECTION SIDESWIPE,CLEAR,DRY,DARK LIGHTS ON,STOP SIGN,NONE DETECTED,Yes,NO APPARENT INJURY,INATTENTIVE OR LOST IN THOUGHT,XX,PASSENGER CAR,25,2009,TOYOTA,SCION
MCP2305002Q,230011309,Montgomery County Police,Injury Crash,03-08-23 5:05,Maryland (State),MAIN ST,WOODFIELD RD,STRAIGHT MOVEMENT ANGLE,CLEAR,DRY,DARK LIGHTS ON,TRAFFIC SIGNAL,NONE DETECTED,Yes,SUSPECTED SERIOUS INJURY,NOT DISTRACTED,MD,PASSENGER CAR,35,2012,KIA,SOUL
MCP32320052,240031450,MONTGOMERY,Property Damage Crash,07-03-24 17:39,Maryland (State) Route,NEW HAMPSHIRE AVE,BRIGGS CHANEY RD,Angle,Clear,Dry,Daylight,No Controls,"Not Suspect of Alcohol Use, Not Suspect of Drug Use",No,No Apparent Injury,Not Distracted,MD,Passenger Car,40,2016,CHRYSLER,300
MCP3076002P,190051501,Montgomery County Police,Property Damage Crash,10/26/2019 11:24:00 AM,Maryland (State),GEORGIA AVE,RAMP 4 FR MD 97 NB TO IS 495 EB,SAME DIR REAR END,CLEAR,DRY,DAYLIGHT,TRAFFIC SIGNAL,NONE DETECTED,No,NO APPARENT INJURY,NOT DISTRACTED,MD,PASSENGER CAR,0,2019,HONDA,INSIGHT
MCP3019000K,17011945,Montgomery County Police,Property Damage Crash,03-07-17 7:18,Other Public Roadway,MONTROSE PKWY,E JEFFERSON ST,SINGLE VEHICLE,RAINING,WET,DAYLIGHT,NO CONTROLS,,Yes,NO APPARENT INJURY,NOT DISTRACTED,MD,PASSENGER CAR,40,1995,FORD,TAURUS
MCP27080014,16022457,Montgomery County Police,Injury Crash,05-06-16 14:45,Maryland (State),NEW HAMPSHIRE AVE,CHALMERS RD,SAME DIR REAR END,RAINING,WET,DAYLIGHT,NO CONTROLS,NONE DETECTED,No,NO APPARENT INJURY,NOT DISTRACTED,MD,PASSENGER CAR,40,2007,HONDA,CIVIC
MCP1389000B,15016966,Montgomery County Police,Injury Crash,04-12-15 18:30,County,SHADY GROVE RD,MIDCOUNTY HWY,SAME DIR REAR END,CLEAR,DRY,DAYLIGHT,TRAFFIC SIGNAL,,No,POSSIBLE INJURY,NOT DISTRACTED,MD,PASSENGER CAR,45,2010,TOYOTA,HIGHLANDER
MCP20200007,190045585,Montgomery County Police,Property Damage Crash,09/23/2019 02:50:00 PM,Municipality,E GUDE DR,DIRECTIONAL CROSSOVER,STRAIGHT MOVEMENT ANGLE,CLEAR,DRY,DAYLIGHT,,NONE DETECTED,Yes,NO APPARENT INJURY,NOT DISTRACTED,MD,(SPORT) UTILITY VEHICLE,40,2016,JEEP,4X4
MCP2455000T,15051433,MONTGOMERY,Injury Crash,10-10-15 12:32,Maryland (State),FREDERICK RD,REDLAND BLVD,HEAD ON LEFT TURN,CLEAR,DRY,DAYLIGHT,TRAFFIC SIGNAL,,No,POSSIBLE INJURY,UNKNOWN,MD,PASSENGER CAR,40,2012,HYUNDAI,2D
DD56740020,250042068,ROCKVILLE,Property Damage Crash,09/18/2025 04:53:00 PM,,,,Front to Front,Clear,,Daylight,,"Not Suspect of Alcohol Use, Unknown",No,No Apparent Injury,Unknown,MD,Passenger Car,0,2013,HONDA,ACCORD
EJ78510050,190052473,Gaithersburg Police Depar,Property Damage Crash,10/31/2019 04:09:00 PM,County,SAM EIG HWY,FIELDS RD,SAME DIRECTION SIDESWIPE,RAINING,WET,DAYLIGHT,TRAFFIC SIGNAL,NONE DETECTED,Yes,NO APPARENT INJURY,NOT DISTRACTED,MD,PASSENGER CAR,30,2010,HONDA,PILOT
MCP3026002N,180011232,Montgomery County Police,Property Damage Crash,03-05-18 14:22,Maryland (State),RIVER RD,RIDGEFIELD RD,SAME DIR REAR END,CLEAR,DRY,DAYLIGHT,TRAFFIC SIGNAL,NONE DETECTED,No,NO APPARENT INJURY,NOT DISTRACTED,MD,PASSENGER CAR,30,2010,VOLVO,XC70
MCP30050050,190061275,Montgomery County Police,Injury Crash,12/20/2019 07:30:00 AM,Maryland (State),GEORGIA AVE,PLYERS MILL RD,ANGLE MEETS LEFT TURN,,DRY,DAYLIGHT,TRAFFIC SIGNAL,NONE DETECTED,Yes,NO APPARENT INJURY,NOT DISTRACTED,MD,PASSENGER CAR,25,2002,HOND,4S
MCP26560042,190027752,Montgomery County Police,Property Damage Crash,06-10-19 19:40,,,,OTHER,,,DAYLIGHT,,,No,NO APPARENT INJURY,NOT DISTRACTED,MD,PASSENGER CAR,15,2003,MAZDA,VAN
MCP30550025,190030116,Montgomery County Police,Property Damage Crash,06/24/2019 12:20:00 PM,Maryland (State),LAYHILL RD,LONGMEAD CROSSING DR,HEAD ON LEFT TURN,CLEAR,DRY,DAYLIGHT,TRAFFIC SIGNAL,,No,NO APPARENT INJURY,NOT DISTRACTED,MD,PASSENGER CAR,35,2007,HOND,4S
MCP2699001R,230035327,Montgomery County Police,Property Damage Crash,07/25/2023 01:42:00 AM,County,TWINBROOK PKWY,ARDENNES AVE,SINGLE VEHICLE,CLEAR,DRY,DARK LIGHTS ON,FLASHING TRAFFIC SIGNAL,UNKNOWN,Yes,NO APPARENT INJURY,UNKNOWN,,PASSENGER CAR,35,2001,BMW,325
EJ78180002,15026133,Gaithersburg Police Depar,Injury Crash,05/30/2015 01:37:00 PM,County,N SUMMIT AVE,PARK AVE,SAME DIR REAR END,CLEAR,,DAYLIGHT,NO CONTROLS,,Yes,NO APPARENT INJURY,LOOKED BUT DID NOT SEE,MD,PASSENGER CAR,25,2009,NISSAN,ALTIMA
MCP3259004D,240013228,MONTGOMERY,Property Damage Crash,03/19/2024 08:41:00 PM,Maryland (State) Route,WISCONSIN AVE,,"Sideswipe, Same Direction",Clear,Dry,Dark - Lighted,No Controls,"Not Suspect of Alcohol Use, Not Suspect of Drug Use",Yes,No Apparent Injury,Unknown,VA,Bus - Transit,30,2019,"NEWFAB, INC.",UNKNOWN
MCP2497000M,16063748,Montgomery County Police,Property Damage Crash,12-12-16 12:31,Maryland (State),RIVER RD,MAIDENS BOWER DR,SAME DIRECTION LEFT TURN,CLOUDY,WET,DAYLIGHT,NO CONTROLS,NONE DETECTED,No,NO APPARENT INJURY,NOT DISTRACTED,MD,PASSENGER CAR,50,2013,MERZ,SU
MCP3150001H,200029762,Montgomery County Police,Property Damage Crash,07/31/2020 08:20:00 PM,County,PLUM ORCHARD DR,CHERRY HILL RD,OTHER,,WET,DARK LIGHTS ON,TRAFFIC SIGNAL,NONE DETECTED,Yes,NO APPARENT INJURY,NOT DISTRACTED,MD,VAN,30,2017,FORD,VAN
MCP3227002Z,210043964,Montgomery County Police,Property Damage Crash,10/31/2021 03:28:00 PM,Maryland (State),UNIVERSITY BLVD E,GILBERT ST,SAME DIR REAR END,CLEAR,DRY,DAYLIGHT,TRAFFIC SIGNAL,UNKNOWN,Yes,NO APPARENT INJURY,UNKNOWN,,PASSENGER CAR,35,2007,HONDA,RIDGELINE
MCP2800005Y,230033290,Montgomery County Police,Property Damage Crash,07-12-23 22:44,Maryland (State),ROCKVILLE PIKE,MARINELLI RD,SAME DIR REAR END,CLEAR,DRY,DARK LIGHTS ON,TRAFFIC SIGNAL,NONE DETECTED,Yes,NO APPARENT INJURY,INATTENTIVE OR LOST IN THOUGHT,NY,PASSENGER CAR,40,2015,TOYOTA,4S
MCP22860064,240020594,MONTGOMERY,Property Damage Crash,05-02-24 17:45,County Route,REDLAND RD,,Angle,Clear,Dry,Daylight,Traffic Control Signal,"Not Suspect of Alcohol Use, Not Suspect of Drug Use",No,No Apparent Injury,Not Distracted,VA,Passenger Car,35,2010,HONDA,CIVIC
MCP137800GH,170501954,Montgomery County Police,Injury Crash,04/13/2017 04:52:00 PM,County,SHADY GROVE RD,BRIARDALE RD,SAME DIR REAR END,CLEAR,DRY,DAYLIGHT,NO CONTROLS,NONE DETECTED,Yes,SUSPECTED MINOR INJURY,NOT DISTRACTED,MD,(SPORT) UTILITY VEHICLE,45,2012,FORD,ESCAPE
MCP3085003J,220038098,Montgomery County Police,Property Damage Crash,09-02-22 16:42,Maryland (State),BRADLEY BLVD,GOLDSBORO RD,HEAD ON LEFT TURN,CLEAR,DRY,DAYLIGHT,TRAFFIC SIGNAL,NONE DETECTED,Yes,NO APPARENT INJURY,LOOKED BUT DID NOT SEE,MD,PASSENGER CAR,35,2020,HONDA,CRV
EJ7887002Q,230047606,Gaithersburg Police Depar,Property Damage Crash,08-03-23 11:25,Municipality,DUVALL LA,W DEER PARK RD,SAME DIRECTION LEFT TURN,CLEAR,DRY,DAYLIGHT,STOP SIGN,NONE DETECTED,No,NO APPARENT INJURY,NOT DISTRACTED,MD,TRANSIT BUS,25,2017,GILG,BU
MCP2799002H,17010785,Montgomery County Police,Property Damage Crash,02/28/2017 07:57:00 PM,County,GOOD HOPE RD,CAPE MAY RD,SAME DIR REAR END,RAINING,WET,DARK LIGHTS ON,,NONE DETECTED,No,NO APPARENT INJURY,NOT DISTRACTED,MD,PASSENGER CAR,35,2016,TOYT,COROLLA
MCP3193007B,250056778,MONTGOMERY,Property Damage Crash,12/19/2025 07:58:00 PM,Maryland (State) Route,UNIVERSITY BLVD W,,Rear To Side,Clear,Dry,Dark - Not Lighted,Traffic Control Signal,"Not Suspect of Alcohol Use, Not Suspect of Drug Use",No,No Apparent Injury,Not Distracted,MD,Passenger Car,35,2001,MERCEDES-BENZ,E-CLASS
MCP2951000T,15060019,MONTGOMERY,Property Damage Crash,11/24/2015 09:27:00 AM,County,RANDOLPH RD,KEMP MILL RD,SAME DIRECTION LEFT TURN,CLEAR,DRY,DAYLIGHT,TRAFFIC SIGNAL,NONE DETECTED,Yes,NO APPARENT INJURY,NOT DISTRACTED,MD,LOW SPEED VEHICLE,45,1988,FORD,DS
MCP3124002L,190029704,Montgomery County Police,Property Damage Crash,06/21/2019 04:47:00 PM,County,BRIGHTVIEW ST,CONNECTICUT AVE SERVICE RD,SAME DIRECTION RIGHT TURN,CLOUDY,DRY,DAYLIGHT,STOP SIGN,NONE DETECTED,Yes,NO APPARENT INJURY,LOOKED BUT DID NOT SEE,MD,PASSENGER CAR,40,2011,TOYOTA,4S
MCP9130008F,190050336,Montgomery County Police,Property Damage Crash,10/20/2019 01:19:00 PM,Maryland (State),UNIVERSITY BLVD E,MERRIMAC DR,STRAIGHT MOVEMENT ANGLE,RAINING,WET,DAYLIGHT,STOP SIGN,NONE DETECTED,No,NO APPARENT INJURY,NOT DISTRACTED,MD,PASSENGER CAR,40,2014,CHEVROLET,MALIBU
MCP32790035,240019694,MONTGOMERY,Injury Crash,04/27/2024 04:55:00 PM,County Route,RANDOLPH RD (WB/L),,Front to Rear,Clear,Wet,Daylight,Other Warning Sign,"Not Suspect of Alcohol Use, Not Suspect of Drug Use",No,No Apparent Injury,Not Distracted,MD,Passenger Car,35,2018,TOYOTA,COROLLA
MCP2203007W,230072570,Montgomery County Police,Property Damage Crash,12/19/2023 02:05:00 PM,County,AMHERST AVE,BLUERIDGE AVE,SAME DIR REAR END,CLEAR,DRY,DAYLIGHT,STOP SIGN,NONE DETECTED,No,NO APPARENT INJURY,NOT DISTRACTED,MD,PASSENGER CAR,25,2006,LEXUS,IS230
MCP1378008G,15054805,MONTGOMERY,Property Damage Crash,10/28/2015 02:44:00 PM,County,SNOUFFERS SCHOOL RD,CENTERWAY RD,SAME DIR REAR END,RAINING,WET,DAYLIGHT,NO CONTROLS,NONE DETECTED,No,NO APPARENT INJURY,NOT DISTRACTED,MD,PASSENGER CAR,35,2012,HOND,CIVIC
MCP31040004,170520263,Montgomery County Police,Property Damage Crash,07/20/2017 12:45:00 PM,County,FOREST GROVE DR,BELVEDERE BLVD,OTHER,,DRY,DARK LIGHTS ON,NO CONTROLS,NONE DETECTED,Yes,NO APPARENT INJURY,OTHER CELLULAR PHONE RELATED,MD,PASSENGER CAR,25,2005,TOYOTA,PRIUS
MCP1123000Y,15054700,MONTGOMERY,Injury Crash,10/28/2015 09:32:00 AM,County,ARCOLA AVE,KENBROOK DR,STRAIGHT MOVEMENT ANGLE,RAINING,WET,DAYLIGHT,STOP SIGN,NONE DETECTED,Yes,SUSPECTED MINOR INJURY,NOT DISTRACTED,MD,PASSENGER CAR,30,2014,FORD,ESCAPE
MCP27500042,190026368,Montgomery County Police,Injury Crash,06-03-19 5:05,Maryland (State),GEORGIA AVE,BEL PRE RD,STRAIGHT MOVEMENT ANGLE,CLEAR,DRY,DAWN,TRAFFIC SIGNAL,NONE DETECTED,No,NO APPARENT INJURY,NOT DISTRACTED,MD,PASSENGER CAR,35,2014,CHEVORLET,EXPRESS
MCP23580023,16032905,Montgomery County Police,Property Damage Crash,06/29/2016 01:45:00 PM,Maryland (State),RIVER RD,BELLE TERRE WAY,OTHER,CLEAR,DRY,DAYLIGHT,NO CONTROLS,NONE DETECTED,No,NO APPARENT INJURY,NOT DISTRACTED,MD,PASSENGER CAR,40,2006,FORD,E250
MCP32700023,230018051,Montgomery County Police,Property Damage Crash,04/15/2023 09:35:00 PM,Maryland (State),NEW HAMPSHIRE AVE,NORTHWEST DR,SAME DIR REAR END,CLEAR,DRY,DARK LIGHTS ON,TRAFFIC SIGNAL,NONE DETECTED,No,NO APPARENT INJURY,NOT DISTRACTED,MD,PASSENGER CAR,40,2018,HONDA,ACCORD
MCP291400DB,230003393,Montgomery County Police,Property Damage Crash,01/21/2023 03:38:00 AM,US (State),COLESVILLE RD,FENTON ST,STRAIGHT MOVEMENT ANGLE,,,DARK LIGHTS ON,TRAFFIC SIGNAL,,Yes,NO APPARENT INJURY,NOT DISTRACTED,MD,PASSENGER CAR,35,2016,DODGE,DART
MCP3109002V,190031952,Montgomery County Police,Injury Crash,07-05-19 9:15,Maryland (State),NEW HAMPSHIRE AVE,JACKSON RD,SAME DIR REAR END,CLEAR,DRY,DAYLIGHT,TRAFFIC SIGNAL,NONE DETECTED,Yes,NO APPARENT INJURY,NOT DISTRACTED,MD,VAN,40,2007,CHEVROLET,VAN
MCP27030028,180042696,Montgomery County Police,Property Damage Crash,08/27/2018 05:07:00 PM,County,E RANDOLPH RD,TOURMALINE CT,OTHER,CLEAR,,DAYLIGHT,,,No,NO APPARENT INJURY,NOT DISTRACTED,MD,PASSENGER CAR,40,2017,DODGE,CHALLENGER
DD56060030,16008605,Rockville Police Departme,Property Damage Crash,02/20/2016 09:02:00 PM,Maryland (State),VEIRS MILL RD,EDMONSTON DR,HEAD ON,CLEAR,,DARK LIGHTS ON,TRAFFIC SIGNAL,NONE DETECTED,No,NO APPARENT INJURY,NOT DISTRACTED,MD,PASSENGER CAR,30,2001,LEXU,4S
MCP2969007M,190054660,Montgomery County Police,Property Damage Crash,11/13/2019 07:55:00 AM,County,HEWITT AVE,GEORGIA AVE,SAME DIR REAR END,CLEAR,DRY,DAYLIGHT,NO CONTROLS,NONE DETECTED,Yes,NO APPARENT INJURY,NOT DISTRACTED,MD,"CARGO VAN/LIGHT TRUCK 2 AXLES (OVER 10,000LBS (4,536 KG))",30,2014,FORD,E250
MCP14360005,180045158,Montgomery County Police,Injury Crash,09-10-18 13:39,County,E GUDE DR,CALHOUN DR,SAME DIR REAR END,RAINING,WET,DAYLIGHT,,NONE DETECTED,Yes,NO APPARENT INJURY,NOT DISTRACTED,MD,PASSENGER CAR,35,2011,NISSAN,4S
DM8378000Q,17016361,Takoma Park Police Depart,Property Damage Crash,03/31/2017 01:30:00 PM,Municipality,TAKOMA AVE,FENTON ST,STRAIGHT MOVEMENT ANGLE,RAINING,WET,DAYLIGHT,,NONE DETECTED,Yes,NO APPARENT INJURY,INATTENTIVE OR LOST IN THOUGHT,MD,PASSENGER CAR,25,2006,CADILAC,DTS
MCP2965000G,15035115,MONTGOMERY,Injury Crash,07/17/2015 07:44:00 AM,,,,OPPOSITE DIRECTION SIDESWIPE,CLOUDY,,DAYLIGHT,NO CONTROLS,NONE DETECTED,No,POSSIBLE INJURY,NOT DISTRACTED,MD,PASSENGER CAR,5,2000,FORD,TK
MCP32530028,230000488,Montgomery County Police,Property Damage Crash,01-04-23 9:30,,,,SINGLE VEHICLE,CLOUDY,,DAYLIGHT,,NONE DETECTED,Yes,NO APPARENT INJURY,LOOKED BUT DID NOT SEE,MD,SCHOOL BUS,15,2020,THMS,BU
DD5567005P,240039896,ROCKVILLE,Injury Crash,08/23/2024 01:38:00 PM,Municipality Route,,RAMP 9 FR RAMP 1 TO REDLAND BLVD,Angle,Clear,Dry,Daylight,Traffic Control Signal,"Not Suspect of Alcohol Use, Not Suspect of Drug Use",Yes,No Apparent Injury,Not Distracted,MD,Sport Utility Vehicle,35,2009,AUDI,Q7
MCP2932002D,180046910,Montgomery County Police,Property Damage Crash,09/19/2018 11:40:00 PM,US (State),COLESVILLE RD,DALE DR,SAME DIR REAR END,CLEAR,DRY,DARK LIGHTS ON,TRAFFIC SIGNAL,ALCOHOL PRESENT,Yes,NO APPARENT INJURY,UNKNOWN,MD,PASSENGER CAR,35,2016,MAZDA,MAZDA 3
MCP33390014,230000735,Montgomery County Police,Injury Crash,01-05-23 14:50,County,RANDOLPH RD,CONNECTICUT AVE,SAME DIR REAR END,CLEAR,DRY,DAYLIGHT,NO CONTROLS,NONE DETECTED,No,NO APPARENT INJURY,NOT DISTRACTED,MD,(SPORT) UTILITY VEHICLE,35,2012,TOYOTA,RAV 4
MCP28460020,16031698,Montgomery County Police,Property Damage Crash,06/23/2016 09:32:00 AM,Maryland (State),GEORGIA AVE,WEISMAN RD,SAME DIR REAR END,RAINING,WET,DAYLIGHT,NO CONTROLS,NONE DETECTED,Yes,NO APPARENT INJURY,NOT DISTRACTED,MD,POLICE VEHICLE/EMERGENCY,40,2014,DODGE,CHARGER
MCP3029001Q,170543259,Montgomery County Police,Property Damage Crash,11/16/2017 04:00:00 PM,Maryland (State),CONNECTICUT AVE,BRADLEY LA,SAME DIRECTION SIDESWIPE,CLEAR,DRY,DAYLIGHT,NO CONTROLS,,Yes,NO APPARENT INJURY,LOOKED BUT DID NOT SEE,,PASSENGER CAR,40,2014,HONDA,PILOT
MCP9118000T,170506392,Montgomery County Police,Property Damage Crash,05-07-17 3:44,County,GRANDVIEW AVE,LINDELL ST,SAME DIR REAR END,CLEAR,DRY,DARK LIGHTS ON,,UNKNOWN,Yes,NO APPARENT INJURY,BY OTHER OCCUPANTS,MD,(SPORT) UTILITY VEHICLE,30,2017,FORD,ESCAPE
MCP12020030,180011212,Montgomery County Police,Property Damage Crash,03-05-18 13:31,,,,UNKNOWN,CLEAR,,DAYLIGHT,NO CONTROLS,UNKNOWN,Yes,NO APPARENT INJURY,UNKNOWN,,,5,0,UNKNOWN,UNKNOWN
MCP2504005X,200039794,Montgomery County Police,Injury Crash,10-09-20 14:51,County,TUCKERMAN LA,WESTLAKE DR,SAME DIR REAR END,CLEAR,DRY,DAYLIGHT,TRAFFIC SIGNAL,NONE DETECTED,Yes,NO APPARENT INJURY,NOT DISTRACTED,XX,PASSENGER CAR,35,2017,CHYRSLER,PACIFICA
MCP28980067,250023044,MONTGOMERY,Property Damage Crash,05/24/2025 02:22:00 PM,Maryland (State) Route,RIDGE RD (SB/L),,Front to Rear,Clear,Dry,Daylight,No Controls,"Not Suspect of Alcohol Use, Not Suspect of Drug Use",No,No Apparent Injury,Not Distracted,MD,Sport Utility Vehicle,40,2022,HYUNDAI,TUCSON
MCP33120059,240039505,MONTGOMERY,Property Damage Crash,08/21/2024 10:30:00 AM,Maryland (State) Route,NEW HAMPSHIRE AVE,E RANDOLPH RD (WB/L),"Sideswipe, Same Direction",Clear,Dry,Daylight,Traffic Control Signal,"Not Suspect of Alcohol Use, Not Suspect of Drug Use",No,No Apparent Injury,Not Distracted,MD,Passenger Car,40,2015,CHEVROLET,TRAVERSE
MCP31230075,240027835,MONTGOMERY,Injury Crash,06-11-24 17:28,County Route,BRIGGS CHANEY RD,AUTOMOBILE BLVD,Angle,Clear,Dry,Daylight,Traffic Control Signal,"Not Suspect of Alcohol Use, Not Suspect of Drug Use",No,Suspected Minor Injury,Not Distracted,MD,Passenger Car,35,2017,HYUNDAI,ACCENT
MCP33620032,240016801,MONTGOMERY,Property Damage Crash,04-11-24 9:55,,,,"Sideswipe, Same Direction",Clear,,Daylight,,"Not Suspect of Alcohol Use, Not Suspect of Drug Use",No,No Apparent Injury,Not Distracted,MD,Passenger Car,0,2013,DODGE,GRAND CARAVAN
MCP3099002M,210001440,Montgomery County Police,Property Damage Crash,01-12-21 8:51,,,,OTHER,CLEAR,,DAYLIGHT,NO CONTROLS,NONE DETECTED,Yes,NO APPARENT INJURY,LOOKED BUT DID NOT SEE,MD,OTHER,0,2011,MACK,LEU600 REAR LOAD
MCP2396001M,16047773,Montgomery County Police,Property Damage Crash,09/17/2016 11:10:00 AM,County,ASPEN HILL RD,CONNECTICUT AVE,STRAIGHT MOVEMENT ANGLE,CLEAR,DRY,DAYLIGHT,NO CONTROLS,UNKNOWN,No,NO APPARENT INJURY,NOT DISTRACTED,MD,STATION WAGON,25,1993,VOLVO,SW
MCP11280047,15060289,MONTGOMERY,Injury Crash,11/25/2015 01:44:00 PM,Maryland (State),BRADLEY LA,CONNECTICUT AVE,SAME DIR REAR END,CLEAR,DRY,DAYLIGHT,,NONE DETECTED,Yes,POSSIBLE INJURY,UNKNOWN,MD,PICKUP TRUCK,30,2001,TOYOTA,TACOMA
MCP1465005R,220013347,Montgomery County Police,Property Damage Crash,03/29/2022 09:18:00 AM,County,GOSHEN RD,ODENDHAL AVE,SAME DIR REAR END,CLEAR,DRY,DAYLIGHT,TRAFFIC SIGNAL,NONE DETECTED,No,NO APPARENT INJURY,NOT DISTRACTED,MD,PASSENGER CAR,35,2012,VOLK,4S
MCP1020002D,170519022,Montgomery County Police,Property Damage Crash,07/14/2017 07:20:00 AM,County,GRIFFITH RD,DAMASCUS RD,OPPOSITE DIRECTION SIDESWIPE,CLEAR,DRY,DAYLIGHT,,NONE DETECTED,No,NO APPARENT INJURY,NOT DISTRACTED,MD,"CARGO VAN/LIGHT TRUCK 2 AXLES (OVER 10,000LBS (4,536 KG))",30,2011,FORD,TK
MCP32620001,200014472,Montgomery County Police,Property Damage Crash,03/30/2020 10:18:00 AM,Maryland (State),GEORGIA AVE,SPRING ST,STRAIGHT MOVEMENT ANGLE,CLEAR,DRY,DAYLIGHT,TRAFFIC SIGNAL,NONE DETECTED,Yes,NO APPARENT INJURY,LOOKED BUT DID NOT SEE,NJ,PASSENGER CAR,35,2020,CADILLAC,SW
DM8447000F,15007679,Takoma Park Police Depart,Property Damage Crash,02/16/2015 04:10:00 AM,Maryland (State),ETHAN ALLEN AVE,JACKSON AVE,SINGLE VEHICLE,CLEAR,ICE,DARK LIGHTS ON,,NONE DETECTED,Yes,NO APPARENT INJURY,DISTRACTED BY OUTSIDE PERSON OBJECT OR EVENT,VA,PASSENGER CAR,25,2011,FORD,CROWN VIC
MCP21920033,180063304,Montgomery County Police,Property Damage Crash,12/19/2018 07:57:00 AM,County,BRIGHTON DAM RD,GOLDEN VALLEY LA,SINGLE VEHICLE,CLOUDY,WET,DAWN,,NONE DETECTED,Yes,NO APPARENT INJURY,NOT DISTRACTED,MD,SCHOOL BUS,30,2009,THOMAS,SAFE LINER
MCP291700B1,220031442,Montgomery County Police,Property Damage Crash,07/21/2022 03:05:00 PM,County,CASHELL RD,CHERRY VALLEY DR,STRAIGHT MOVEMENT ANGLE,RAINING,WET,DAYLIGHT,STOP SIGN,NONE DETECTED,No,NO APPARENT INJURY,NOT DISTRACTED,MD,"CARGO VAN/LIGHT TRUCK 2 AXLES (OVER 10,000LBS (4,536 KG))",35,2018,GMC,SAVANNA
MCP3044002G,180016767,Montgomery County Police,Property Damage Crash,04-06-18 16:04,,,,UNKNOWN,CLEAR,,DAYLIGHT,NO CONTROLS,NONE DETECTED,Yes,NO APPARENT INJURY,NOT DISTRACTED,HI,PASSENGER CAR,25,2016,DODGE,DART
MCP31440036,250018813,MONTGOMERY,Property Damage Crash,04/30/2025 02:47:00 AM,Interstate (State),CAPITAL BELTWAY,,"Sideswipe, Same Direction",Rain,Wet,Dark - Lighted,No Controls,"Not Suspect of Alcohol Use, Not Suspect of Drug Use",No,No Apparent Injury,Not Distracted,MD,Sport Utility Vehicle,55,2023,CHEVROLET,TRAILBLAZER