Report Number,Local Case Number,Agency Name,ACRS Report Type,Crash Date/Time,Route Type,Road Name,Cross-Street Name,Collision Type,Weather,Surface Condition,Light,Traffic Control,Driver Substance Abuse,Driver At Fault,Injury Severity,Driver Distracted By,Drivers License State,Vehicle Body Type,Speed Limit,Vehicle Year,Vehicle Make,Vehicle Model
EJ78540024,180028507,Gaithersburg Police Depar,Property Damage Crash,06-09-18 13:50,Municipality,RUSSELL AVE,WATKINS MILL RD,ANGLE MEETS LEFT TURN,,DRY,DAYLIGHT,NO CONTROLS,NONE DETECTED,Yes,NO APPARENT INJURY,NOT DISTRACTED,MD,PASSENGER CAR,30,2015,NISS,TK
MCP28940022,16022621,Montgomery County Police,Property Damage Crash,05-07-16 10:17,Maryland (State),BRADLEY BLVD,BURDETTE RD,SAME DIR REAR END,CLEAR,WET,DAYLIGHT,TRAFFIC SIGNAL,NONE DETECTED,Yes,NO APPARENT INJURY,NOT DISTRACTED,MD,PASSENGER CAR,35,2008,HOND,TK
MCP2991004C,200029557,Montgomery County Police,Property Damage Crash,07/30/2020 11:30:00 AM,Maryland (State),GEORGIA AVE,EMORY CHURCH RD,SAME DIR REAR END,CLEAR,DRY,DAYLIGHT,TRAFFIC SIGNAL,NONE DETECTED,No,NO APPARENT INJURY,NOT DISTRACTED,MD,PASSENGER CAR,45,2013,SUBA,OUTBACK
MCP2692000P,15020279,Montgomery County Police,Property Damage Crash,04/29/2015 11:35:00 PM,County,ESTELLE TERR,ESTELLE RD,HEAD ON,CLEAR,DRY,DARK LIGHTS ON,NO CONTROLS,ALCOHOL CONTRIBUTED,Yes,NO APPARENT INJURY,NOT DISTRACTED,MD,"OTHER LIGHT TRUCKS (10,000LBS (4,536KG) OR LESS)",25,2013,HONDA,ACCORD
DM8339000M,17002041,Takoma Park Police Depart,Injury Crash,01-12-17 15:47,Maryland (State),CARROLL AVE,GLENSIDE DR,SAME DIR REAR END,CLEAR,DRY,DAYLIGHT,NO CONTROLS,NONE DETECTED,Yes,NO APPARENT INJURY,UNKNOWN,MD,PASSENGER CAR,30,2013,TOYT,PRIUS
DM8445000T,16006129,Takoma Park Police Depart,Injury Crash,02-05-16 21:38,Maryland (State),CARROLL AVE,FLOWER AVE,SAME DIR REAR END,CLEAR,DRY,DARK -- UNKNOWN LIGHTING,,NONE DETECTED,Yes,NO APPARENT INJURY,UNKNOWN,MD,FIRE VEHICLE/EMERGENCY,30,2014,RAM,TK
MCP32710057,240050964,MONTGOMERY,Property Damage Crash,10/24/2024 04:40:00 PM,Municipality Route,ST PAUL ST,UNIVERSITY BLVD W,Front to Rear,Clear,Dry,Daylight,Stop Sign,"Not Suspect of Alcohol Use, Not Suspect of Drug Use",Yes,No Apparent Injury,"Other Action (looking away from task, etc.)",MD,Passenger Car,25,2007,CHEVROLET,COBALT
EJ7906000X,240034965,GAITHERSBURG,Property Damage Crash,07/24/2024 03:02:00 PM,,,,Front to Front,Cloudy,,Daylight,,"Not Suspect of Alcohol Use, Not Suspect of Drug Use",No,No Apparent Injury,Not Distracted,MD,Passenger Car,0,2024,LEXUS,ES
MCP137800P7,180629800,Montgomery County Police,Injury Crash,12/17/2018 02:33:00 PM,County,CENTERWAY RD,THOMAS FARM RD,SAME DIR REAR END,CLOUDY,DRY,DAYLIGHT,NO CONTROLS,NONE DETECTED,No,SUSPECTED MINOR INJURY,NOT DISTRACTED,OK,PASSENGER CAR,35,2017,TOYOTA,CAMRY
MCP2757000S,15033710,MONTGOMERY,Property Damage Crash,07-09-15 21:46,Other Public Roadway,GEORGIAN WOODS PL,GEORGIAN WAY,OTHER,CLEAR,DRY,DARK LIGHTS ON,NO CONTROLS,ALCOHOL PRESENT,Yes,NO APPARENT INJURY,UNKNOWN,MD,PICKUP TRUCK,5,2000,NISSAN,FRONTIER
MCP31740028,200028198,Montgomery County Police,Property Damage Crash,07/20/2020 05:37:00 PM,County,REDLAND RD,MUNCASTER MILL RD,HEAD ON,RAINING,WET,DAYLIGHT,NO CONTROLS,UNKNOWN,Yes,NO APPARENT INJURY,UNKNOWN,,UNKNOWN,35,0,UNKNOWN,UNKNOWN
MCP13100008,230025556,Montgomery County Police,Property Damage Crash,05/28/2023 02:45:00 AM,Maryland (State),ROCKVILLE PIKE,RAMP 4 FR MD 355 NB TO IS 495 EB,SAME DIRECTION RIGHT TURN,CLEAR,DRY,DARK LIGHTS ON,,NONE DETECTED,Yes,NO APPARENT INJURY,NOT DISTRACTED,MD,PASSENGER CAR,35,2016,HONDA,VAN
MCP102200C1,190015793,Montgomery County Police,Property Damage Crash,04-05-19 7:29,,RED ROBIN TERRACE,TREEBRANCH TERRACE,OTHER,RAINING,WET,DAYLIGHT,NO CONTROLS,NONE DETECTED,Yes,NO APPARENT INJURY,OTHER DISTRACTION,MD,SCHOOL BUS,25,2007,THOMAS,BUS
DD5583003L,170548391,Rockville Police Departme,Property Damage Crash,12/13/2017 06:18:00 PM,Maryland (State),HUNGERFORD DR,COLLEGE PKWY,SAME DIR REAR END,CLEAR,DRY,DARK LIGHTS ON,TRAFFIC SIGNAL,NONE DETECTED,Yes,NO APPARENT INJURY,NOT DISTRACTED,MD,PASSENGER CAR,35,2004,MAZD,6
MCP271700FS,180004226,Montgomery County Police,Property Damage Crash,01/25/2018 10:29:00 AM,County,GREENTREE RD,EWING DR,STRAIGHT MOVEMENT ANGLE,CLEAR,DRY,DAYLIGHT,TRAFFIC SIGNAL,NONE DETECTED,No,NO APPARENT INJURY,NOT DISTRACTED,MD,PASSENGER CAR,30,2015,NISSAN,LEAF
MCP2753002R,170522937,Montgomery County Police,Property Damage Crash,08-04-17 12:02,County,ASPEN HILL RD,ADRIAN ST,SAME DIR REAR END,CLEAR,DRY,DAYLIGHT,TRAFFIC SIGNAL,NONE DETECTED,Yes,NO APPARENT INJURY,NOT DISTRACTED,MD,PASSENGER CAR,25,2009,TOYT,4S
MCP2931001M,16048604,Montgomery County Police,Property Damage Crash,09/21/2016 06:35:00 PM,Maryland (State),DARNESTOWN RD,MARTINSBURG RD,SINGLE VEHICLE,CLEAR,,DAYLIGHT,NO CONTROLS,,Yes,NO APPARENT INJURY,OTHER DISTRACTION,MD,PASSENGER CAR,40,2016,FORD,EXPLORER
EJ7898000S,230050104,Gaithersburg Police Depar,Property Damage Crash,08/18/2023 12:40:00 PM,,,,STRAIGHT MOVEMENT ANGLE,CLEAR,,DAYLIGHT,,,Yes,NO APPARENT INJURY,UNKNOWN,,UNKNOWN,15,0,UNKNOWN,UNKNOWN
MCP263900DQ,220005412,Montgomery County Police,Property Damage Crash,02-08-22 8:00,Maryland (State),DAMASCUS RD,HIPSLEY MILL RD,STRAIGHT MOVEMENT ANGLE,CLEAR,DRY,DAYLIGHT,STOP SIGN,NONE DETECTED,No,NO APPARENT INJURY,NOT DISTRACTED,MD,VAN,40,2005,CHEVROLET,1500
MCP157500DT,250056151,MONTGOMERY,Property Damage Crash,12/16/2025 08:35:00 AM,County Route,RIDGE RD (NB/L),,Front to Rear,Clear,Dry,Daylight,No Controls,"Not Suspect of Alcohol Use, Not Suspect of Drug Use",No,No Apparent Injury,Not Distracted,MD,Passenger Car,45,2023,TESLA,MODEL Y
MCP2187001Y,240001733,MONTGOMERY,Property Damage Crash,01-11-24 13:33,County Route,TUPELO DR,SHADY GROVE RD,Other,Clear,Dry,Daylight,Traffic Control Signal,"Not Suspect of Alcohol Use, Not Suspect of Drug Use",Yes,No Apparent Injury,Not Distracted,MD,Other,45,2022,MACK,COWL-CHASSIS
MCP3140000M,180054683,Montgomery County Police,Property Damage Crash,10/31/2018 09:26:00 PM,,,,HEAD ON,CLEAR,,DARK LIGHTS ON,,NONE DETECTED,Yes,NO APPARENT INJURY,INATTENTIVE OR LOST IN THOUGHT,MD,PASSENGER CAR,15,2011,BMW,X3
MCP12520015,180043319,Montgomery County Police,Injury Crash,08/30/2018 05:39:00 PM,County,MOUTH OF MONOCACY RD,NICHOLSON FARM RD,HEAD ON LEFT TURN,CLEAR,DRY,DAYLIGHT,,NONE DETECTED,Yes,NO APPARENT INJURY,NOT DISTRACTED,MA,PASSENGER CAR,30,2001,CHEVEROLET,MALIBU LS
MCP137800M7,180043078,Montgomery County Police,Injury Crash,08/29/2018 04:09:00 PM,County,CENTERWAY RD,KINGLET PL,SAME DIR REAR END,CLEAR,DRY,DAYLIGHT,OTHER,NONE DETECTED,No,POSSIBLE INJURY,NOT DISTRACTED,MD,PASSENGER CAR,30,2013,NISSAN,ALTIMA
MCP2796002J,15059077,MONTGOMERY,Property Damage Crash,11/19/2015 12:24:00 PM,Maryland (State),GEORGIA AVE,CROSSOVER,ANGLE MEETS LEFT TURN,RAINING,WET,DAYLIGHT,NO CONTROLS,NONE DETECTED,No,NO APPARENT INJURY,NOT DISTRACTED,MD,PASSENGER CAR,35,2002,MAZDA,SW
MCP25880065,190040632,Montgomery County Police,Injury Crash,08/25/2019 05:59:00 AM,County,RANDOLPH RD,GLENMONT CIR #1,SINGLE VEHICLE,CLEAR,DRY,DAWN,TRAFFIC SIGNAL,NONE DETECTED,Yes,NO APPARENT INJURY,OTHER DISTRACTION,XX,PASSENGER CAR,35,1999,LINC,TOWNCAR
MCP2820000W,15009991,Montgomery County Police,Injury Crash,03-03-15 9:42,County,WELLER RD,FELDON ST,STRAIGHT MOVEMENT ANGLE,CLOUDY,DRY,DAYLIGHT,STOP SIGN,NONE DETECTED,Yes,NO APPARENT INJURY,LOOKED BUT DID NOT SEE,MD,PASSENGER CAR,30,2005,TOYT,VN
MCP1174003K,190020821,Montgomery County Police,Injury Crash,05-03-19 13:45,Maryland (State),WISCONSIN AVE,CHELTENHAM DR,HEAD ON LEFT TURN,CLEAR,DRY,DAYLIGHT,TRAFFIC SIGNAL,NONE DETECTED,No,SUSPECTED SERIOUS INJURY,NOT DISTRACTED,MD,MOTORCYCLE,25,2009,YAMAHA,STAR
MCP32560020,230013899,Montgomery County Police,Injury Crash,03/22/2023 02:56:00 PM,,,,HEAD ON LEFT TURN,CLEAR,,DAYLIGHT,NO CONTROLS,NONE DETECTED,No,SUSPECTED MINOR INJURY,NOT DISTRACTED,MD,PASSENGER CAR,0,2008,HONDA,CIVIC
DD57060009,250048252,ROCKVILLE,Property Damage Crash,10/27/2025 03:05:00 PM,Municipality Route,FLEET ST,,"Sideswipe, Same Direction",Clear,Dry,Daylight,No Controls,"Unknown, Unknown",No,No Apparent Injury,,,Passenger Car,30,2018,TOYOTA,TUNDRA
DD5620009N,230020246,Rockville Police Departme,Property Damage Crash,04/28/2023 05:45:00 AM,Maryland (State),W MONTGOMERY AVE,DARNESTOWN RD,STRAIGHT MOVEMENT ANGLE,RAINING,WET,DARK LIGHTS ON,TRAFFIC SIGNAL,NONE DETECTED,No,NO APPARENT INJURY,NOT DISTRACTED,MD,PASSENGER CAR,40,2011,TOYOTA,SIENNA
MCP106400B5,200040608,Montgomery County Police,Property Damage Crash,10/15/2020 10:30:00 AM,US (State),COLESVILLE RD,FENTON ST,SAME DIRECTION SIDESWIPE,CLEAR,DRY,DAYLIGHT,TRAFFIC SIGNAL,,Yes,NO APPARENT INJURY,UNKNOWN,XX,"CARGO VAN/LIGHT TRUCK 2 AXLES (OVER 10,000LBS (4,536 KG))",30,2020,UNK,UNK
MCP1568001R,230026825,Montgomery County Police,Injury Crash,06-04-23 15:25,Maryland (State),DARNESTOWN RD,JERUSALEM RD,SINGLE VEHICLE,CLEAR,DRY,DAYLIGHT,NO CONTROLS,NONE DETECTED,Yes,POSSIBLE INJURY,UNKNOWN,MD,PASSENGER CAR,40,2008,CHEV,SEDAN
MCP28530063,190020466,Montgomery County Police,Property Damage Crash,05-01-19 16:11,US (State),COLESVILLE RD,FRANKLIN AVE,SAME DIR REAR END,CLEAR,DRY,DAYLIGHT,NO CONTROLS,,No,NO APPARENT INJURY,NOT DISTRACTED,,,40,0,UNKNOWN,UNKNOWN
EJ7851009B,230005141,Gaithersburg Police Depar,Injury Crash,01/31/2023 06:45:00 PM,Maryland (State),FREDERICK RD,MONTGOMERY VILLAGE AVE,SAME DIRECTION SIDESWIPE,CLOUDY,WET,DARK LIGHTS ON,TRAFFIC SIGNAL,NONE DETECTED,No,POSSIBLE INJURY,NOT DISTRACTED,MD,PASSENGER CAR,30,2016,NISSAN,ROGUE
MCP23470023,190018960,Montgomery County Police,Injury Crash,04/23/2019 09:37:00 AM,US (State),COLUMBIA PIKE,CHERRY HILL RD,SAME DIR REAR END,CLEAR,DRY,DAYLIGHT,NO CONTROLS,NONE DETECTED,No,NO APPARENT INJURY,NOT DISTRACTED,MD,PASSENGER CAR,40,2014,BMW,X3
DM8423001Q,180038954,Takoma Park Police Depart,Property Damage Crash,08-06-18 10:15,,,,SAME DIRECTION RIGHT TURN,CLEAR,,DAYLIGHT,NO CONTROLS,,Yes,NO APPARENT INJURY,UNKNOWN,MD,AMBULANCE/NON EMERGENCY,10,2017,DODGE,AMBULANCE
MCP2780005T,220028276,Montgomery County Police,Property Damage Crash,07-01-22 10:50,Maryland (State),CLOPPER RD,KINGSVIEW VILLAGE AVE,SINGLE VEHICLE,,DRY,DAYLIGHT,TRAFFIC SIGNAL,,Yes,NO APPARENT INJURY,NOT DISTRACTED,MD,(SPORT) UTILITY VEHICLE,40,2011,HOND,PILOT
MCP28910062,180027440,Montgomery County Police,Property Damage Crash,06-04-18 13:17,,,,OTHER,CLEAR,,DAYLIGHT,,NONE DETECTED,Yes,NO APPARENT INJURY,LOOKED BUT DID NOT SEE,MD,PASSENGER CAR,15,2004,TOYOTA,AVALON
MCP3181002P,240048988,MONTGOMERY,Property Damage Crash,10/13/2024 10:03:00 PM,,,,Front to Rear,Clear,,Dark - Lighted,,"Suspect of Alcohol Use, Not Suspect of Drug Use",Yes,No Apparent Injury,Unknown,XX,Passenger Car,0,2016,HONDA,CR-V
MCP2933001C,16064764,Montgomery County Police,Property Damage Crash,12/16/2016 03:25:00 PM,,,,SAME DIRECTION SIDESWIPE,CLEAR,,DAYLIGHT,,,No,NO APPARENT INJURY,NOT DISTRACTED,MD,POLICE VEHICLE/EMERGENCY,10,2012,TOYOTA,PRIUS
MCP2077003Z,220006798,Montgomery County Police,Property Damage Crash,02/16/2022 03:00:00 PM,Maryland (State),NEW HAMPSHIRE AVE,RANDOLPH RD,SAME DIRECTION SIDESWIPE,CLEAR,DRY,DAYLIGHT,TRAFFIC SIGNAL,NONE DETECTED,No,NO APPARENT INJURY,NOT DISTRACTED,MD,SCHOOL BUS,40,2019,THOMAS,BUS
MCP2776004Z,230066738,Montgomery County Police,Property Damage Crash,11/16/2023 04:04:00 PM,Maryland (State),GEORGIA AVE,QUEEN MARY DR,SAME DIRECTION RIGHT TURN,CLEAR,DRY,DAYLIGHT,NO CONTROLS,,No,NO APPARENT INJURY,NOT DISTRACTED,MD,(SPORT) UTILITY VEHICLE,30,2018,NISS,TK
MCP3368002P,250041655,MONTGOMERY,Property Damage Crash,09/16/2025 02:44:00 PM,Ramp,RAMP 11 FR SHADY GROVE RD SB TO RAMP 4,,Front to Rear,Rain,Wet,Daylight,Traffic Control Signal,"Not Suspect of Alcohol Use, Not Suspect of Drug Use",No,No Apparent Injury,Not Distracted,MD,Passenger Car,40,2018,ACURA,MDX
MCP2829001D,15022033,Montgomery County Police,Property Damage Crash,05-08-15 22:56,,,,UNKNOWN,CLEAR,,DARK LIGHTS ON,NO CONTROLS,NONE DETECTED,Yes,NO APPARENT INJURY,UNKNOWN,,PASSENGER CAR,15,0,XXXX,XX
MCP9128000H,16021246,Montgomery County Police,Property Damage Crash,04/30/2016 05:55:00 AM,,,,SINGLE VEHICLE,CLEAR,,DAWN,NO CONTROLS,ALCOHOL PRESENT,Yes,NO APPARENT INJURY,NOT DISTRACTED,,PASSENGER CAR,35,1999,NISSAN,MAXIMA
MCP25830013,190039379,Montgomery County Police,Property Damage Crash,08/17/2019 10:57:00 PM,Maryland (State),FISHER AVE,WOOTTON AVE,SINGLE VEHICLE,CLEAR,DRY,DARK LIGHTS ON,,ALCOHOL CONTRIBUTED,Yes,NO APPARENT INJURY,UNKNOWN,MD,PASSENGER CAR,30,2007,CHRY,4S
MCP3276000S,210013422,Montgomery County Police,Injury Crash,04-10-21 17:40,County,FLOWER AVE,E WAYNE AVE,SAME DIR REAR END,CLEAR,DRY,,NO CONTROLS,NONE DETECTED,Yes,NO APPARENT INJURY,INATTENTIVE OR LOST IN THOUGHT,MD,PASSENGER CAR,25,2011,HONDA,TK
MCP31270035,240024072,MONTGOMERY,Property Damage Crash,05/21/2024 04:40:00 PM,Maryland (State) Route,MONTGOMERY AVE,,"Sideswipe, Same Direction",Clear,Dry,Daylight,Yield Sign,"Not Suspect of Alcohol Use, Not Suspect of Drug Use",No,No Apparent Injury,Not Distracted,MD,Sport Utility Vehicle,35,2011,TOYOTA,HIGHLANDER
DD56740010,250004460,ROCKVILLE,Injury Crash,01/31/2025 07:59:00 AM,Municipality Route,ROSE PETAL WAY,GREAT FALLS RD,Angle,Cloudy,Wet,Daylight,Stop Sign,"Unknown, Not Suspect of Drug Use",Yes,No Apparent Injury,Unknown,MD,Passenger Car,25,2017,ACURA,MDX
MCP3060004G,230056557,Montgomery County Police,Property Damage Crash,09/24/2023 12:01:00 AM,County,SEVEN LOCKS RD,DEMOCRACY BLVD,HEAD ON LEFT TURN,RAINING,WET,DARK LIGHTS ON,TRAFFIC SIGNAL,NONE DETECTED,No,NO APPARENT INJURY,NOT DISTRACTED,MD,PASSENGER CAR,35,2012,MERZ,4S
MCP2866004B,170546767,Montgomery County Police,Property Damage Crash,12-05-17 16:23,County,FALLS RD,ENT SHOPPING CENTER,HEAD ON LEFT TURN,RAINING,WET,DUSK,TRAFFIC SIGNAL,NONE DETECTED,Yes,NO APPARENT INJURY,NOT DISTRACTED,DC,PASSENGER CAR,35,2007,HONDA,ODYSSEY
MCP3308000V,220019166,Montgomery County Police,Injury Crash,05-05-22 17:45,County,SNOUFFERS SCHOOL RD,EARHART CT,SAME DIRECTION RIGHT TURN,CLEAR,DRY,DAYLIGHT,NO CONTROLS,NONE DETECTED,Yes,NO APPARENT INJURY,NOT DISTRACTED,MD,PASSENGER CAR,40,2014,SUBA,FORESTER
MCP30160057,240039103,MONTGOMERY,Injury Crash,08/19/2024 08:00:00 AM,Maryland (State) Route,GERMANTOWN RD (SB/L),,Other,Clear,Wet,Daylight,Traffic Control Signal,"Not Suspect of Alcohol Use, Not Suspect of Drug Use",No,Possible Injury,Not Distracted,MD,Passenger Car,50,2017,TOYOTA,CAMRY
MCP1433000F,15061795,MONTGOMERY,Injury Crash,12-03-15 17:18,Maryland (State),HUNGERFORD DR,N CAMPUS DR,HEAD ON LEFT TURN,CLEAR,DRY,DUSK,TRAFFIC SIGNAL,NONE DETECTED,Yes,POSSIBLE INJURY,NOT DISTRACTED,MD,PASSENGER CAR,35,2004,TOYT,CAMRY
MCP9133000W,16041200,Montgomery County Police,Injury Crash,08/14/2016 09:10:00 AM,Maryland (State),FREDERICK RD,GERMANTOWN RD,SAME DIR REAR END,CLEAR,DRY,DAYLIGHT,TRAFFIC SIGNAL,NONE DETECTED,No,POSSIBLE INJURY,NOT DISTRACTED,MD,PASSENGER CAR,40,2003,TOYOTA,CORROLA
MCP32010034,220046946,Montgomery County Police,Property Damage Crash,10/26/2022 07:45:00 AM,Maryland (State),GERMANTOWN RD,MIDDLEBROOK RD,SAME DIR REAR END,CLOUDY,WET,DAYLIGHT,TRAFFIC SIGNAL,NONE DETECTED,No,NO APPARENT INJURY,NOT DISTRACTED,MD,PASSENGER CAR,40,2022,HOND,SD
MCP2910003G,170500647,Montgomery County Police,Property Damage Crash,04-06-17 6:50,Maryland (State),SPENCERVILLE RD,SANTINI RD,HEAD ON,OTHER,WET,DAWN,NO CONTROLS,NONE DETECTED,No,NO APPARENT INJURY,NOT DISTRACTED,MD,PASSENGER CAR,30,2002,ACURA,3.2TL
MCP3111008D,240039866,MONTGOMERY,Property Damage Crash,08/23/2024 10:27:00 AM,County Route,,TWIN FORKS LA,"Sideswipe, Same Direction",Clear,Dry,Daylight,No Controls,"Not Suspect of Alcohol Use, Not Suspect of Drug Use",Yes,No Apparent Injury,Not Distracted,MD,Passenger Car,25,2018,VOLVO,XC60
DD5686000K,250027343,ROCKVILLE,Property Damage Crash,06/19/2025 01:40:00 PM,,,,Front to Front,Clear,,Daylight,,"Not Suspect of Alcohol Use, Not Suspect of Drug Use",No,No Apparent Injury,Unknown,MD,Passenger Car,0,2014,HONDA,ACCORD
MCP2718001T,16010330,MONTGOMERY,Property Damage Crash,03-01-16 19:49,County,PARKLAWN DR,RANDOLPH RD,OTHER,CLEAR,DRY,DARK LIGHTS ON,TRAFFIC SIGNAL,,Yes,NO APPARENT INJURY,UNKNOWN,MD,TRANSIT BUS,35,2001,ORIO,BUS
MCP3125003R,220035685,Montgomery County Police,Property Damage Crash,08/19/2022 12:00:00 PM,,,,STRAIGHT MOVEMENT ANGLE,CLEAR,,DAYLIGHT,NO CONTROLS,,No,NO APPARENT INJURY,NOT DISTRACTED,MD,PASSENGER CAR,15,2018,BMW,M4
MCP3251001G,240026218,MONTGOMERY,Property Damage Crash,06-02-24 22:04,County Route,,,Single Vehicle,Rain,Wet,Dark - Lighted,No Controls,"Not Suspect of Alcohol Use, Not Suspect of Drug Use",Yes,No Apparent Injury,Not Distracted,MD,Passenger Car,30,2012,MERCEDES-BENZ,350
MCP3388000X,240014156,MONTGOMERY,Injury Crash,03/25/2024 05:07:00 PM,Ramp,RAMP 7 FR RAMP 2 (FR IS 495) TO MD 97 SB,GEORGIA AVE,Rear To Side,Clear,Dry,Daylight,Traffic Control Signal,"Not Suspect of Alcohol Use, Not Suspect of Drug Use",No,Suspected Minor Injury,Not Distracted,MD,Passenger Car,30,2019,HONDA,HR-V
MCP25150017,170513859,Montgomery County Police,Property Damage Crash,06/15/2017 06:24:00 PM,,,,STRAIGHT MOVEMENT ANGLE,CLEAR,,DAYLIGHT,NO CONTROLS,NONE DETECTED,No,NO APPARENT INJURY,NOT DISTRACTED,MD,OTHER,0,2008,HONDA,ACCORD
MCP2859008Q,200011069,Montgomery County Police,Property Damage Crash,03-06-20 9:00,Maryland (State),FREDERICK RD,MONTGOMERY VILLAGE AVE,SAME DIR REAR END,CLOUDY,DRY,DAYLIGHT,NO CONTROLS,NONE DETECTED,No,NO APPARENT INJURY,NOT DISTRACTED,MD,PASSENGER CAR,35,2006,SATURN,VUE
MCP27710013,170539903,Montgomery County Police,Injury Crash,10/30/2017 11:45:00 PM,County,SHADY GROVE RD,MUNCASTER MILL RD,SAME DIR REAR END,CLEAR,DRY,DARK LIGHTS ON,TRAFFIC SIGNAL,,No,POSSIBLE INJURY,NOT DISTRACTED,MD,PASSENGER CAR,45,2008,NISS,SU
MCP28990010,16006453,Montgomery County Police,Property Damage Crash,02-07-16 23:00,US (State),COLUMBIA PIKE,OAK LEAF DR,SAME DIRECTION SIDESWIPE,CLEAR,DRY,DARK LIGHTS ON,NO CONTROLS,NONE DETECTED,No,NO APPARENT INJURY,NOT DISTRACTED,MD,(SPORT) UTILITY VEHICLE,40,2010,LEXUS,RX350
MCP3311002M,240037462,MONTGOMERY,Injury Crash,08-08-24 15:49,US (State),,,Front to Rear,Rain,Wet,Daylight,No Controls,"Not Suspect of Alcohol Use, Not Suspect of Drug Use",No,Suspected Minor Injury,Not Distracted,DC,Passenger Car,35,2006,TOYOTA,CAMRY
MCP3095002J,210001510,Montgomery County Police,Injury Crash,01-12-21 17:11,County,TECH RD,COLUMBIA PIKE,SAME DIR REAR END,CLEAR,DRY,DARK NO LIGHTS,TRAFFIC SIGNAL,,No,NO APPARENT INJURY,NOT DISTRACTED,GA,(SPORT) UTILITY VEHICLE,45,2018,FORD,EDGE
MCP3170003L,230062381,Montgomery County Police,Property Damage Crash,10/24/2023 08:05:00 PM,Maryland (State),GREAT SENECA HWY,MIDDLEBROOK RD,SAME DIR REAR END,CLEAR,DRY,DARK LIGHTS ON,TRAFFIC SIGNAL,NONE DETECTED,Yes,NO APPARENT INJURY,LOOKED BUT DID NOT SEE,MD,PASSENGER CAR,35,2015,ACUR,UT
MCP3274001N,230021442,Montgomery County Police,Property Damage Crash,05-04-23 15:30,Municipality,BALTIMORE RD,GLADSTONE DR,SAME DIR REAR END,CLEAR,DRY,DAYLIGHT,PERSON,,No,NO APPARENT INJURY,NOT DISTRACTED,MD,PASSENGER CAR,10,2017,TOYOTA,TK
MCP27660010,15004230,Montgomery County Police,Injury Crash,01/26/2015 06:38:00 PM,County,RANDOLPH RD,ATHERTON DR,SAME DIR REAR END,SNOW,SNOW,DARK NO LIGHTS,NO CONTROLS,NONE DETECTED,No,NO APPARENT INJURY,NOT DISTRACTED,MD,PASSENGER CAR,45,2001,TOYOTA,AVALON
MCP20870004,16050729,Montgomery County Police,Property Damage Crash,10-03-16 10:23,County,GOOD HOPE RD,NO NAME,SAME DIRECTION SIDESWIPE,CLEAR,DRY,DAYLIGHT,,NONE DETECTED,Unknown,NO APPARENT INJURY,NOT DISTRACTED,MD,PASSENGER CAR,15,2013,TOYOTA,PRIUS
MCP3221000W,200021157,Montgomery County Police,Property Damage Crash,05/28/2020 01:01:00 PM,County,E GUDE DR,CRABBS BRANCH WAY,SAME DIR REAR END,RAINING,WET,DAYLIGHT,TRAFFIC SIGNAL,NONE DETECTED,No,NO APPARENT INJURY,NOT DISTRACTED,MD,POLICE VEHICLE/NON EMERGENCY,35,2013,FORD,F-150
MCP31260048,230014857,Montgomery County Police,Property Damage Crash,03/27/2023 07:11:00 PM,County,DORSEY MILL DR,FOUND STONE RD,SAME DIRECTION SIDESWIPE,CLEAR,DRY,UNKNOWN,NO CONTROLS,UNKNOWN,Yes,NO APPARENT INJURY,UNKNOWN,,PASSENGER CAR,30,2015,NISSAN,4S
MCP3251001B,230067894,Montgomery County Police,Property Damage Crash,11/22/2023 10:37:00 PM,Maryland (State),GERMANTOWN RD,RIFFLE FORD RD,SINGLE VEHICLE,CLEAR,DRY,DARK NO LIGHTS,NO CONTROLS,ALCOHOL CONTRIBUTED,Yes,NO APPARENT INJURY,NOT DISTRACTED,MD,PASSENGER CAR,45,2016,CHEVY,MALIBU
MCP27630042,220044010,Montgomery County Police,Property Damage Crash,10-08-22 14:35,County,WATKINS MILL RD,APPLE RIDGE RD,SAME DIR REAR END,CLEAR,DRY,DAYLIGHT,NO CONTROLS,NONE DETECTED,Yes,NO APPARENT INJURY,UNKNOWN,MD,PASSENGER CAR,35,2013,HOND,CIVIC
MCP94160007,16042543,Montgomery County Police,Property Damage Crash,08/22/2016 07:55:00 AM,County,DIAMONDBACK DR,SAM EIG HWY,SAME DIR REAR END,CLEAR,DRY,DAYLIGHT,TRAFFIC SIGNAL,NONE DETECTED,Yes,NO APPARENT INJURY,DIALING CELLULAR PHONE,MD,PASSENGER CAR,30,2015,HONDA,CIVIC
MCP2556001G,170516981,Montgomery County Police,Injury Crash,07-02-17 16:59,Maryland (State),GREAT SENECA HWY,HIGH GABLES DR,STRAIGHT MOVEMENT ANGLE,CLOUDY,DRY,DAYLIGHT,NO CONTROLS,NONE DETECTED,Yes,POSSIBLE INJURY,LOOKED BUT DID NOT SEE,MD,PASSENGER CAR,50,2016,MAZDA,6
MCP3232000C,200009193,Montgomery County Police,Property Damage Crash,02/24/2020 03:51:00 PM,,,,OTHER,CLEAR,,DAYLIGHT,,,Yes,NO APPARENT INJURY,UNKNOWN,,PASSENGER CAR,20,2006,CHRYSLER,CN