Report Number,Local Case Number,Agency Name,ACRS Report Type,Crash Date/Time,Route Type,Road Name,Cross-Street Name,Collision Type,Weather,Surface Condition,Light,Traffic Control,Driver Substance Abuse,Driver At Fault,Injury Severity,Driver Distracted By,Drivers License State,Vehicle Body Type,Speed Limit,Vehicle Year,Vehicle Make,Vehicle Model
MCP3039002F,180023213,Montgomery County Police,Property Damage Crash,05-11-18 16:30,Maryland (State),CONNECTICUT AVE,PLYERS MILL RD,SAME DIRECTION SIDESWIPE,CLEAR,DRY,DAYLIGHT,TRAFFIC SIGNAL,NONE DETECTED,Yes,NO APPARENT INJURY,NOT DISTRACTED,MD,SCHOOL BUS,35,2013,STARCRAFT,BUS
MCP1283001F,200030503,Montgomery County Police,Property Damage Crash,08-06-20 12:05,,,,STRAIGHT MOVEMENT ANGLE,CLEAR,,DAYLIGHT,,,Yes,NO APPARENT INJURY,NOT DISTRACTED,MD,PASSENGER CAR,5,2004,TOYOTA,COROLLA
DD5614000Z,16036925,Rockville Police Departme,Injury Crash,07/21/2016 01:20:00 PM,Maryland (State),HUNGERFORD DR,PARK RD,SAME DIRECTION SIDESWIPE,CLEAR,DRY,DAYLIGHT,NO CONTROLS,NONE DETECTED,Unknown,NO APPARENT INJURY,LOOKED BUT DID NOT SEE,PA,PASSENGER CAR,35,2002,VOLV,4DR
EJ7847001X,16033380,Gaithersburg Police Depar,Injury Crash,07-01-16 19:39,County,MUDDY BRANCH RD,W DIAMOND AVE,SAME DIR REAR END,RAINING,WET,DAYLIGHT,TRAFFIC SIGNAL,NONE DETECTED,Yes,NO APPARENT INJURY,UNKNOWN,MD,PASSENGER CAR,30,2001,HONDA,4S
MCP29410037,190004753,Montgomery County Police,Property Damage Crash,01/30/2019 03:26:00 PM,County,FENTON ST,COLESVILLE RD,STRAIGHT MOVEMENT ANGLE,CLEAR,DRY,DAYLIGHT,TRAFFIC SIGNAL,NONE DETECTED,Yes,NO APPARENT INJURY,NOT DISTRACTED,DC,PASSENGER CAR,35,2009,TOYOTA,PRIUS
MCP2528002W,250049767,MONTGOMERY,Property Damage Crash,11-05-25 19:39,County Route,SCHUBERT DR,,Front to Rear,Clear,Dry,Dark - Lighted,No Controls,"Unknown, Unknown",No,,,,Passenger Car,25,2006,HONDA,ACCORD
MCP3125003H,220007615,Montgomery County Police,Injury Crash,02/21/2022 03:45:00 PM,Maryland (State),FALLS RD,BELLS MILL RD,SAME DIR REAR END,CLEAR,DRY,DAYLIGHT,TRAFFIC SIGNAL,,Yes,POSSIBLE INJURY,UNKNOWN,MD,PASSENGER CAR,35,2007,HOND,RIDGELINE
MCP3322000C,220006397,Montgomery County Police,Injury Crash,02/14/2022 11:00:00 AM,County,CONNECTICUT AVE,GRAND PRE RD,STRAIGHT MOVEMENT ANGLE,,DRY,DAYLIGHT,STOP SIGN,,Yes,NO APPARENT INJURY,LOOKED BUT DID NOT SEE,MD,PICKUP TRUCK,25,2017,FORD,F SERIES
MCP2982000V,16020518,Montgomery County Police,Injury Crash,04/26/2016 09:21:00 AM,County,SEMINARY RD,FOREST GLEN RD,SAME DIR REAR END,CLEAR,DRY,DAYLIGHT,TRAFFIC SIGNAL,NONE DETECTED,No,SUSPECTED MINOR INJURY,NOT DISTRACTED,DC,PASSENGER CAR,30,2008,NISSAN,4DR
MCP1366004V,16040305,Montgomery County Police,Injury Crash,08-09-16 8:28,Maryland (State),FALLS RD,FALLS FARM DR,SAME DIR REAR END,CLOUDY,DRY,DAYLIGHT,NO CONTROLS,NONE DETECTED,Yes,POSSIBLE INJURY,INATTENTIVE OR LOST IN THOUGHT,MD,(SPORT) UTILITY VEHICLE,35,2004,TOYT,TK
MCP2291006D,220045749,Montgomery County Police,Property Damage Crash,10/18/2022 05:39:00 PM,County,ROCKLEDGE DR,ROCK FOREST DR  (PROPOSED),STRAIGHT MOVEMENT ANGLE,CLEAR,DRY,DAYLIGHT,NO CONTROLS,NONE DETECTED,No,NO APPARENT INJURY,NOT DISTRACTED,DC,(SPORT) UTILITY VEHICLE,30,2019,VOLVO,SUV
MCP2699000Z,180006241,Montgomery County Police,Property Damage Crash,02-05-18 21:39,County,SOUTHLAWN LA,AVERY RD,SINGLE VEHICLE,,,,NO CONTROLS,ALCOHOL PRESENT,Yes,NO APPARENT INJURY,DISTRACTED BY OUTSIDE PERSON OBJECT OR EVENT,MD,PICKUP TRUCK,30,1998,FORD,RANGER
MCP2420005L,240025809,MONTGOMERY,Property Damage Crash,05/31/2024 11:30:00 AM,County Route,RANDOLPH RD (WB/L),,Single Vehicle,Clear,Dry,Daylight,No Controls,"Not Suspect of Alcohol Use, Not Suspect of Drug Use",Yes,No Apparent Injury,Unknown,MD,Passenger Car,35,2017,KIA,OPTIMA
DD5633005Q,210025394,Rockville Police Departme,Injury Crash,07-02-21 12:00,Maryland (State),VEIRS MILL RD,EDMONSTON DR,SAME DIR REAR END,CLEAR,DRY,DAYLIGHT,,NONE DETECTED,Yes,NO APPARENT INJURY,NOT DISTRACTED,MD,PASSENGER CAR,40,2012,TOYT,4S
MCP3031001W,170543000,Montgomery County Police,Property Damage Crash,11/15/2017 04:15:00 PM,Maryland (State),NEW HAMPSHIRE AVE,BONIFANT RD,SAME DIR REAR END,CLEAR,DRY,DAYLIGHT,TRAFFIC SIGNAL,NONE DETECTED,Yes,NO APPARENT INJURY,NOT DISTRACTED,MD,PASSENGER CAR,35,2004,FORD,TK
MCP2008004R,180006935,Montgomery County Police,Property Damage Crash,02-09-18 19:13,County,OAKLYN DR,PERSIMMON TREE RD,STRAIGHT MOVEMENT ANGLE,,DRY,DARK LIGHTS ON,STOP SIGN,NONE DETECTED,Yes,NO APPARENT INJURY,LOOKED BUT DID NOT SEE,MD,PASSENGER CAR,35,2018,MERZ,4H
MCP2861001M,15065161,MONTGOMERY,Property Damage Crash,12-12-15 18:30,,,,OTHER,CLEAR,,DARK LIGHTS ON,NO CONTROLS,UNKNOWN,Yes,NO APPARENT INJURY,LOOKED BUT DID NOT SEE,VA,,0,0,UNKNOWN,UNKNOWN
DM8451000Q,16003707,Takoma Park Police Depart,Injury Crash,01/20/2016 07:45:00 PM,Maryland (State),ETHAN ALLEN AVE,WOODLAND AVE,SAME DIR REAR END,SNOW,SNOW,DARK LIGHTS ON,NO CONTROLS,,Yes,NO APPARENT INJURY,UNKNOWN,MD,PICKUP TRUCK,25,1996,TOYOTA,4RUNNER
MCP9379004C,230001063,Montgomery County Police,Property Damage Crash,01-07-23 13:15,County,SHADY GROVE RD,FREDERICK RD,SAME DIRECTION RIGHT TURN,CLEAR,DRY,DAYLIGHT,TRAFFIC SIGNAL,NONE DETECTED,No,NO APPARENT INJURY,NOT DISTRACTED,MD,TRANSIT BUS,40,2019,GILG,BU
MCP2656001D,16051276,Montgomery County Police,Injury Crash,10-05-16 20:49,County,ROBEY RD,BRIGGS CHANEY RD,,CLEAR,DRY,DARK LIGHTS ON,NO CONTROLS,NONE DETECTED,Yes,NO APPARENT INJURY,LOOKED BUT DID NOT SEE,MD,PASSENGER CAR,25,2007,TOYOTA,CAMRY
MCP15540045,190015301,Montgomery County Police,Property Damage Crash,04-02-19 17:52,County,CRABBS BRANCH WAY,REDLAND RD,SAME DIR REAR END,OTHER,DRY,DAYLIGHT,TRAFFIC SIGNAL,NONE DETECTED,Yes,NO APPARENT INJURY,UNKNOWN,MD,PASSENGER CAR,35,1995,HOND,CIVIC 4S
EJ78890046,230054531,Gaithersburg Police Depar,Property Damage Crash,09-12-23 21:25,Maryland (State),FREDERICK RD,MONTGOMERY VILLAGE AVE,SAME DIR REAR END,RAINING,WET,DARK LIGHTS ON,TRAFFIC SIGNAL,UNKNOWN,Yes,NO APPARENT INJURY,UNKNOWN,,,30,0,UNKNOWN,UNKNOWN
EJ77640007,180010024,Gaithersburg Police Depar,Property Damage Crash,02/26/2018 10:15:00 PM,Maryland (State),FREDERICK RD,SHADY GROVE RD,SAME DIRECTION SIDESWIPE,CLEAR,DRY,DARK LIGHTS ON,TRAFFIC SIGNAL,NONE DETECTED,No,NO APPARENT INJURY,NOT DISTRACTED,MD,OTHER,40,2010,CHEVROLET,TAHOE
MCP32010070,240054161,MONTGOMERY,Property Damage Crash,11-11-24 14:17,County Route,MIDDLEBROOK RD (WB/L),OBSERVATION DR,Front to Rear,Clear,Dry,Daylight,Traffic Control Signal,"Not Suspect of Alcohol Use, Not Suspect of Drug Use",No,No Apparent Injury,Not Distracted,MD,Sport Utility Vehicle,40,2015,TOYOTA,RAV4
MCP3173001R,210010571,Montgomery County Police,Property Damage Crash,03/21/2021 02:20:00 AM,US (State),COLUMBIA PIKE,FAIRLAND RD,SAME DIR REAR END,,DRY,DARK LIGHTS ON,,ALCOHOL PRESENT,Yes,NO APPARENT INJURY,NO DRIVER PRESENT,MD,PASSENGER CAR,55,2020,KIA,FORTE
MCP31970038,220054086,Montgomery County Police,Property Damage Crash,12-07-22 14:05,County,BRIGGS CHANEY RD,NEW HAMPSHIRE AVE,HEAD ON LEFT TURN,CLEAR,WET,DAYLIGHT,TRAFFIC SIGNAL,UNKNOWN,No,NO APPARENT INJURY,NOT DISTRACTED,MD,PASSENGER CAR,35,2016,HONDA,ODYSSEY
MCP3097000C,180012146,Montgomery County Police,Property Damage Crash,03-09-18 22:20,,,,OTHER,CLEAR,,DARK LIGHTS ON,,NONE DETECTED,No,NO APPARENT INJURY,NOT DISTRACTED,MD,PASSENGER CAR,15,2005,HONDA,CIVIC
MCP24250070,16030007,Montgomery County Police,Property Damage Crash,06/14/2016 01:20:00 PM,US (State),COLESVILLE RD,DALE DR,SAME DIRECTION SIDESWIPE,CLEAR,DRY,DAYLIGHT,TRAFFIC SIGNAL,NONE DETECTED,Unknown,NO APPARENT INJURY,NOT DISTRACTED,VA,"MEDIUM/HEAVY TRUCKS 3 AXLES (OVER 10,000LBS (4,536KG))",45,2000,INTERNATIONAL,DUMP TRUCK
MCP1453007P,190045917,Montgomery County Police,Property Damage Crash,09/25/2019 08:17:00 AM,County,BROOKEVILLE RD,OLNEY LAYTONSVILLE RD,SAME DIR REAR END,CLEAR,DRY,DAYLIGHT,STOP SIGN,NONE DETECTED,Yes,NO APPARENT INJURY,NOT DISTRACTED,MD,PASSENGER CAR,30,2009,TOYOTA,COROLLA
MCP2940000L,16020520,Montgomery County Police,Property Damage Crash,04/26/2016 09:07:00 AM,Maryland (State),ROCKVILLE PIKE,NICHOLSON LA,SAME DIR BOTH LEFT TURN,CLOUDY,DRY,DAYLIGHT,TRAFFIC SIGNAL,NONE DETECTED,No,NO APPARENT INJURY,NOT DISTRACTED,MA,PASSENGER CAR,40,2013,HYUNDAI,4S
MCP9321001W,180004644,Montgomery County Police,Property Damage Crash,01/27/2018 01:40:00 PM,Maryland (State),UNIVERSITY BLVD W,REEDIE DR,SAME DIR REAR END,CLEAR,DRY,DAYLIGHT,TRAFFIC SIGNAL,NONE DETECTED,Yes,NO APPARENT INJURY,UNKNOWN,MD,POLICE VEHICLE/EMERGENCY,35,2014,MERCEDES,C250
MCP3012007P,200048517,Montgomery County Police,Injury Crash,12-09-20 13:19,County,BEL PRE RD,CONNECTICUT AVE,SAME DIR REAR END,CLEAR,DRY,DAYLIGHT,TRAFFIC SIGNAL,UNKNOWN,Yes,NO APPARENT INJURY,LOOKED BUT DID NOT SEE,MD,PASSENGER CAR,35,2010,HONDA,ACCORD
MCP3249004F,220047417,Montgomery County Police,Property Damage Crash,10/28/2022 05:28:00 PM,US (State),COLUMBIA PIKE,GREENCASTLE RD,STRAIGHT MOVEMENT ANGLE,CLEAR,DRY,DUSK,TRAFFIC SIGNAL,NONE DETECTED,Yes,NO APPARENT INJURY,NOT DISTRACTED,MD,PASSENGER CAR,55,2012,CHEV,IMPAAL
MCP91280006,15036513,MONTGOMERY,Injury Crash,07/24/2015 10:44:00 AM,Maryland (State),CONNECTICUT AVE,RANDOLPH RD,HEAD ON LEFT TURN,CLEAR,DRY,DAYLIGHT,TRAFFIC SIGNAL,NONE DETECTED,Yes,POSSIBLE INJURY,NOT DISTRACTED,MD,PASSENGER CAR,45,2013,FORD,EXPLORER
MCP3003001J,170517050,Montgomery County Police,Injury Crash,07-03-17 7:50,County,MIDDLEBROOK RD,RIDGECREST DR,SAME DIRECTION RIGHT TURN,CLEAR,DRY,DAYLIGHT,OTHER,NONE DETECTED,Yes,NO APPARENT INJURY,UNKNOWN,MD,PASSENGER CAR,40,2016,DODGE,CHARGER
MCP2788002R,220026835,Montgomery County Police,Injury Crash,06/22/2022 02:30:00 AM,,,,STRAIGHT MOVEMENT ANGLE,CLEAR,,DARK LIGHTS ON,,,Yes,SUSPECTED MINOR INJURY,UNKNOWN,MD,PASSENGER CAR,10,2007,HONDA,ACCORD
MCP2353008H,200043484,Montgomery County Police,Property Damage Crash,11-04-20 8:25,Maryland (State),CONNECTICUT AVE,DECATUR AVE,STRAIGHT MOVEMENT ANGLE,CLEAR,DRY,DAYLIGHT,STOP SIGN,NONE DETECTED,Yes,NO APPARENT INJURY,DISTRACTED BY OUTSIDE PERSON OBJECT OR EVENT,MD,PASSENGER CAR,40,2007,LEXUS,ES350
MCP1524000J,190040143,Montgomery County Police,Property Damage Crash,08/22/2019 08:30:00 AM,County,E GUDE DR,CALHOUN DR,SAME DIRECTION RIGHT TURN,CLEAR,DRY,DAYLIGHT,NO CONTROLS,NONE DETECTED,Unknown,NO APPARENT INJURY,UNKNOWN,MD,(SPORT) UTILITY VEHICLE,40,2012,TOYOTA,HIGHLANDER
MCP22490006,15045786,MONTGOMERY,Property Damage Crash,09-10-15 16:45,County,RANDOLPH RD,ATHERTON DR,SINGLE VEHICLE,CLEAR,DRY,DAYLIGHT,NO CONTROLS,NONE DETECTED,Yes,NO APPARENT INJURY,NOT DISTRACTED,MD,PASSENGER CAR,35,2011,MAZDA,3
MCP2756001C,16027370,Montgomery County Police,Property Damage Crash,06-01-16 16:23,County,VEIRS MILL RD,MONTERREY DR,STRAIGHT MOVEMENT ANGLE,CLEAR,DRY,DAYLIGHT,STOP SIGN,NONE DETECTED,Yes,NO APPARENT INJURY,LOOKED BUT DID NOT SEE,MD,PASSENGER CAR,40,2007,CHEVY,MONTE CARLO
MCP3392001T,250001788,MONTGOMERY,Property Damage Crash,01/13/2025 05:30:00 PM,County Route,BARBARA RD,,"Sideswipe, Same Direction",Unknown,,Unknown,No Controls,"Unknown, Unknown",No,,,,Passenger Car,25,2010,INFINITI,G37
MCP2559002B,170547555,Montgomery County Police,Injury Crash,12-09-17 10:31,Maryland (State),KEY WEST AVE,DIAMONDBACK DR,STRAIGHT MOVEMENT ANGLE,SNOW,SNOW,DAYLIGHT,TRAFFIC SIGNAL,,No,SUSPECTED MINOR INJURY,NOT DISTRACTED,MD,PASSENGER CAR,40,2016,TOYOTA,COROLLA
MCP2789003G,170507781,Montgomery County Police,Injury Crash,05/14/2017 09:43:00 PM,Maryland (State),GEORGIA AVE,RAMP 6 FR IS 495 EB TO MD 97 SB,SAME DIR REAR END,CLEAR,DRY,DARK LIGHTS ON,TRAFFIC SIGNAL,,No,NO APPARENT INJURY,NOT DISTRACTED,VA,PASSENGER CAR,35,2004,TOYOTA,CAMRY
DM8423000F,15002977,Takoma Park Police Depart,Property Damage Crash,01/19/2015 05:30:00 AM,Municipality,BOSTON AVE,TAKOMA AVE,OTHER,CLEAR,WET,DARK LIGHTS ON,NO CONTROLS,NONE DETECTED,Yes,NO APPARENT INJURY,NOT DISTRACTED,MD,(SPORT) UTILITY VEHICLE,25,2001,FORD,TK
MCP2541000H,16025036,Montgomery County Police,Property Damage Crash,05/20/2016 08:27:00 AM,County,AMHERST AVE,BLUERIDGE AVE,OTHER,CLEAR,DRY,DAYLIGHT,,NONE DETECTED,No,NO APPARENT INJURY,NOT DISTRACTED,MD,OTHER BUS,35,2007,THOM BU,BU
MCP28630012,15051761,MONTGOMERY,Injury Crash,10-12-15 15:32,County,STEDWICK RD,MILLS CHOICE RD,STRAIGHT MOVEMENT ANGLE,CLEAR,DRY,DAYLIGHT,STOP SIGN,NONE DETECTED,Yes,NO APPARENT INJURY,LOOKED BUT DID NOT SEE,MD,PASSENGER CAR,25,2001,HOND,4S
MCP3029001P,170540548,Montgomery County Police,Property Damage Crash,11-02-17 19:30,County,RANDOLPH RD,VEIRS MILL RD,SAME DIRECTION SIDESWIPE,CLEAR,DRY,DUSK,TRAFFIC SIGNAL,UNKNOWN,Yes,NO APPARENT INJURY,LOOKED BUT DID NOT SEE,,PASSENGER CAR,35,2008,TOYOTA,RAV-4
MCP2475005Y,210013323,Montgomery County Police,Property Damage Crash,04-09-21 21:11,US (State),COLESVILLE RD,UNIVERSITY BLVD E,SAME DIRECTION RIGHT TURN,,DRY,DARK LIGHTS ON,TRAFFIC SIGNAL,NONE DETECTED,Yes,NO APPARENT INJURY,NOT DISTRACTED,DC,AMBULANCE/NON EMERGENCY,40,2020,FRHT,AM
MCP2048001G,170529475,Montgomery County Police,Injury Crash,09-08-17 19:50,Maryland (State),NEW HAMPSHIRE AVE,VALLEY BROOK DR,SAME DIR REAR END,CLEAR,DRY,DARK LIGHTS ON,TRAFFIC SIGNAL,UNKNOWN,Yes,NO APPARENT INJURY,UNKNOWN,MD,PASSENGER CAR,35,2015,CHRY,4S
MCP3145003X,230052483,Montgomery County Police,Injury Crash,08/31/2023 06:00:00 PM,County,MT PISGAH RD,GREY CASTLE WAY,SAME DIR REAR END,CLEAR,DRY,DAYLIGHT,STOP SIGN,NONE DETECTED,Yes,NO APPARENT INJURY,INATTENTIVE OR LOST IN THOUGHT,XX,PASSENGER CAR,25,2019,FORD,PICKUP
MCP27800080,240036277,MONTGOMERY,Injury Crash,08-01-24 15:46,County Route,SCENERY DR,,Angle,Clear,Dry,Daylight,No Controls,"Not Suspect of Alcohol Use, Not Suspect of Drug Use",No,Suspected Minor Injury,Not Distracted,MD,Passenger Car,40,2014,HONDA,ACCORD
MCP3143000P,180054863,Montgomery County Police,Property Damage Crash,11-01-18 19:05,Maryland (State),CONNECTICUT AVE,STRUC #15123,SAME DIRECTION SIDESWIPE,CLEAR,DRY,DARK LIGHTS ON,,NONE DETECTED,No,NO APPARENT INJURY,NOT DISTRACTED,MD,OTHER,35,1992,MAIL,TRUCK
MCP3280005D,240027066,MONTGOMERY,Property Damage Crash,06-07-24 8:00,County Route,RIDING STABLE RD,SANDY SPRING RD,Angle,Clear,Dry,Daylight,No Controls,"Not Suspect of Alcohol Use, Not Suspect of Drug Use",No,No Apparent Injury,Not Distracted,MD,Passenger Car,40,2006,TOYOTA,COROLLA
MCP21770014,16049892,Montgomery County Police,Injury Crash,09/28/2016 11:48:00 AM,Maryland (State),W MONTGOMERY AVE,RAMP 6 FR MD 28 EB TO IS 270 SB,SAME DIR REAR END,RAINING,WET,DAYLIGHT,FLASHING TRAFFIC SIGNAL,NONE DETECTED,No,SUSPECTED MINOR INJURY,NOT DISTRACTED,MD,PASSENGER CAR,35,2011,TOYT,4S
MCP2853007F,20016204,Montgomery County Police,Property Damage Crash,04/16/2020 05:28:00 PM,County,DENNIS AVE,SLIGO CREEK PKWY,SAME DIR REAR END,CLEAR,DRY,DAYLIGHT,,,Yes,NO APPARENT INJURY,UNKNOWN,MD,PICKUP TRUCK,30,2002,GMC,TRUCK
MCP29360022,170545441,Montgomery County Police,Injury Crash,11/28/2017 07:00:00 PM,Maryland (State),OLD GEORGETOWN RD,CEDARWOOD DR,SAME DIR REAR END,CLEAR,DRY,DARK LIGHTS ON,NO CONTROLS,NONE DETECTED,Yes,NO APPARENT INJURY,LOOKED BUT DID NOT SEE,MD,PASSENGER CAR,45,2012,HONDA,CR-Z
MCP16080006,15025065,Montgomery County Police,Property Damage Crash,05/25/2015 02:41:00 AM,Maryland (State),MASSACHUSETTS AVE,FALMOUTH RD,SINGLE VEHICLE,CLEAR,DRY,DARK LIGHTS ON,NO CONTROLS,NONE DETECTED,Yes,NO APPARENT INJURY,UNKNOWN,DC,"OTHER LIGHT TRUCKS (10,000LBS (4,536KG) OR LESS)",35,2014,HONDA,ACCORD
MCP26510023,180020201,Montgomery County Police,Injury Crash,04/25/2018 09:34:00 AM,County,POWDER MILL RD,ENT TO HILLANDALE SHOPPING CENTER,STRAIGHT MOVEMENT ANGLE,RAINING,WET,DAYLIGHT,,,No,POSSIBLE INJURY,NOT DISTRACTED,MD,PASSENGER CAR,35,2007,TOYOTA,YARIS
MCP27800076,230026551,Montgomery County Police,Injury Crash,06-02-23 18:20,Maryland (State),FREDERICK RD,SHAKESPEARE BLVD,SAME DIR REAR END,CLEAR,DRY,DAYLIGHT,TRAFFIC SIGNAL,NONE DETECTED,No,POSSIBLE INJURY,NOT DISTRACTED,MD,(SPORT) UTILITY VEHICLE,45,2015,ACUR,MDX
MCP3403001N,250002605,MONTGOMERY,Property Damage Crash,01/19/2025 12:17:00 AM,,,,"Sideswipe, Opposite Direction",Clear,,Dark - Lighted,,"Not Suspect of Alcohol Use, Not Suspect of Drug Use",No,No Apparent Injury,Not Distracted,MD,Passenger Car,0,2025,TOYOTA,COROLLA
MCP3129006Z,230018442,Montgomery County Police,Property Damage Crash,04/18/2023 11:37:00 AM,Maryland (State),GEORGIA AVE,CONNECTICUT AVE,STRAIGHT MOVEMENT ANGLE,CLEAR,DRY,DAYLIGHT,TRAFFIC SIGNAL,NONE DETECTED,No,NO APPARENT INJURY,NOT DISTRACTED,MD,PASSENGER CAR,35,2017,TOYT,TK
MCP1064009R,190060628,Montgomery County Police,Property Damage Crash,12/16/2019 04:50:00 PM,Maryland (State),16TH ST,WASH DC LINE,SAME DIRECTION LEFT TURN,RAINING,WET,DARK LIGHTS ON,YIELD SIGN,,Yes,NO APPARENT INJURY,UNKNOWN,MD,TRANSIT BUS,35,2010,NEW FLYER,BUS
MCP32550079,250038900,MONTGOMERY,Property Damage Crash,08/30/2025 07:00:00 PM,County Route,HARMONY HALL RD,MUDDY BRANCH RD,Angle,Clear,Dry,Daylight,Traffic Control Signal,"Not Suspect of Alcohol Use, Not Suspect of Drug Use",Yes,No Apparent Injury,Not Distracted,MD,Passenger Car,35,2001,BUICK,LESABRE
MCP1453002L,16030999,Montgomery County Police,Property Damage Crash,01/29/2016 08:23:00 AM,County,RICHTER FARM RD,SMOKEWOOD DR,ANGLE MEETS RIGHT TURN,CLOUDY,WET,DAYLIGHT,STOP SIGN,NONE DETECTED,No,NO APPARENT INJURY,NOT DISTRACTED,MD,PASSENGER CAR,35,2014,MERZ,E350
DM8476004P,230010606,Takoma Park Police Depart,Property Damage Crash,03-03-23 17:50,,,,SAME DIR REAR END,RAINING,,DARK LIGHTS ON,,UNKNOWN,Yes,NO APPARENT INJURY,NOT DISTRACTED,,PICKUP TRUCK,10,2015,GMC,TK
MCP27230087,230072596,Montgomery County Police,Injury Crash,12/19/2023 04:00:00 PM,Maryland (State),GEORGIA AVE,NORBECK RD,STRAIGHT MOVEMENT ANGLE,CLEAR,DRY,DAYLIGHT,TRAFFIC SIGNAL,NONE DETECTED,Yes,SUSPECTED MINOR INJURY,NOT DISTRACTED,MD,PASSENGER CAR,35,2006,CHEVY,MALIBU
MCP32010017,200008248,Montgomery County Police,Property Damage Crash,02/19/2020 09:04:00 AM,,CLARKSBURG RD,DUNLIN ST,HEAD ON,CLEAR,DRY,DAYLIGHT,NO CONTROLS,,Yes,NO APPARENT INJURY,LOOKED BUT DID NOT SEE,MD,PASSENGER CAR,40,2016,HONDA,CIVIC
MCP2862000N,15000844,Montgomery County Police,Property Damage Crash,01-06-15 7:35,County,TWINBROOK PKWY,VEIRS MILL RD,SAME DIR REAR END,SNOW,SNOW,OTHER,,NONE DETECTED,Yes,NO APPARENT INJURY,NOT DISTRACTED,MD,TRANSIT BUS,35,2013,OTHR,BUS
MCP2905003X,180018784,Montgomery County Police,Property Damage Crash,04/17/2018 06:47:00 PM,Maryland (State),RIVER RD,GOLDSBORO RD,SINGLE VEHICLE,CLEAR,DRY,DAYLIGHT,NO CONTROLS,,Yes,NO APPARENT INJURY,UNKNOWN,MD,PASSENGER CAR,45,2017,MAZDA,MAZDA6
MCP23390024,17005423,Montgomery County Police,Injury Crash,01/31/2017 02:54:00 PM,Maryland (State),NEW HAMPSHIRE AVE,GOOD HOPE RD,SINGLE VEHICLE,CLEAR,DRY,DAYLIGHT,TRAFFIC SIGNAL,NONE DETECTED,Yes,NO APPARENT INJURY,LOOKED BUT DID NOT SEE,MD,PASSENGER CAR,40,2007,LINCOLN,MKZ
MCP28770033,16064358,Montgomery County Police,Property Damage Crash,12/15/2016 12:50:00 PM,,,,OTHER,CLEAR,,DAYLIGHT,NO CONTROLS,NONE DETECTED,Yes,NO APPARENT INJURY,NOT DISTRACTED,MD,PASSENGER CAR,15,2003,FORD,E350
MCP3417000F,240045678,MONTGOMERY,Property Damage Crash,09/25/2024 05:42:00 AM,Local Route,PERRY AVE,CONNECTICUT AVE (SB/L),Angle,Rain,Wet,Dark - Lighted,Traffic Control Signal,"Not Suspect of Alcohol Use, Not Suspect of Drug Use",No,No Apparent Injury,Not Distracted,MD,Other Trucks,20,2023,MACK,COWL-CHASSIS
MCP2780007B,230060167,Montgomery County Police,Property Damage Crash,10-12-23 20:30,Maryland (State),GERMANTOWN RD,WISTERIA DR,STRAIGHT MOVEMENT ANGLE,CLEAR,DRY,DARK LIGHTS ON,TRAFFIC SIGNAL,,Yes,NO APPARENT INJURY,UNKNOWN,,,40,0,UNKNOWN,UNKNOWN
MCP2116002Z,15057756,MONTGOMERY,Property Damage Crash,11-12-15 14:51,County,TUCKERMAN LA,SEVEN LOCKS RD,HEAD ON LEFT TURN,CLEAR,DRY,DAYLIGHT,TRAFFIC SIGNAL,NONE DETECTED,No,NO APPARENT INJURY,NOT DISTRACTED,MD,PASSENGER CAR,35,2012,JEEP,SU
MCP3215001L,210013900,Montgomery County Police,Property Damage Crash,04/14/2021 10:23:00 AM,Maryland (State),OLD GEORGETOWN RD,ROCKVILLE PIKE,SAME DIR REAR END,CLOUDY,DRY,DAYLIGHT,YIELD SIGN,,Yes,NO APPARENT INJURY,NOT DISTRACTED,MD,PASSENGER CAR,35,2008,BMW,328I
MCP27380012,15047012,MONTGOMERY,Property Damage Crash,09/16/2015 11:47:00 PM,US (State),COLUMBIA PIKE,CHERRY HILL RD,SAME DIR REAR END,CLEAR,DRY,DARK LIGHTS ON,NO CONTROLS,NONE DETECTED,No,NO APPARENT INJURY,NOT DISTRACTED,MD,PASSENGER CAR,50,2003,CHEV,4S
DD56070027,170548852,Rockville Police Departme,Property Damage Crash,12/15/2017 10:00:00 PM,Maryland (State),W MONTGOMERY AVE,HURLEY AVE,SAME DIR REAR END,OTHER,ICE,DARK LIGHTS ON,,NONE DETECTED,Yes,NO APPARENT INJURY,NOT DISTRACTED,MD,PASSENGER CAR,40,2015,VW,GOLF
MCP20160073,230019937,Montgomery County Police,Property Damage Crash,04/26/2023 12:17:00 PM,County,RANDOLPH RD,LAUDERDALE DR,HEAD ON LEFT TURN,CLEAR,DRY,DAYLIGHT,TRAFFIC SIGNAL,NONE DETECTED,No,NO APPARENT INJURY,NOT DISTRACTED,MD,PASSENGER CAR,35,2007,LEXUS,SD
MCP3023000T,170516781,Montgomery County Police,Injury Crash,07-01-17 10:15,Maryland (State),NORBECK RD,WINTERGATE DR,SAME DIRECTION SIDESWIPE,CLEAR,DRY,DAYLIGHT,TRAFFIC SIGNAL,NONE DETECTED,Yes,NO APPARENT INJURY,UNKNOWN,MD,PASSENGER CAR,25,2014,SUBA,SW
MCP23390093,230073189,Montgomery County Police,Property Damage Crash,12/22/2023 04:59:00 PM,County,BOU AVE,CHAPMAN AVE,SAME DIR REAR END,CLEAR,DRY,DARK LIGHTS ON,TRAFFIC SIGNAL,NONE DETECTED,No,NO APPARENT INJURY,NOT DISTRACTED,MD,PASSENGER CAR,30,2020,HYUNDAI,ELANTRA