Report Number,Local Case Number,Agency Name,ACRS Report Type,Crash Date/Time,Route Type,Road Name,Cross-Street Name,Collision Type,Weather,Surface Condition,Light,Traffic Control,Driver Substance Abuse,Driver At Fault,Injury Severity,Driver Distracted By,Drivers License State,Vehicle Body Type,Speed Limit,Vehicle Year,Vehicle Make,Vehicle Model
MCP3442000G,250021139,MONTGOMERY,Property Damage Crash,05/13/2025 05:20:00 PM,County Route,REDLAND RD,,Front to Front,Rain,Wet,Daylight,No Controls,"Not Suspect of Alcohol Use, Not Suspect of Drug Use",Yes,No Apparent Injury,Unknown,MD,Passenger Car,35,2019,CHEVROLET,CAMARO
MCP913000B9,200043842,Montgomery County Police,Property Damage Crash,11-06-20 14:16,Maryland (State),EAST WEST HWY,SPUR FR US 29,STRAIGHT MOVEMENT ANGLE,CLEAR,DRY,DAYLIGHT,NO CONTROLS,NONE DETECTED,No,NO APPARENT INJURY,NOT DISTRACTED,MD,PASSENGER CAR,30,2015,TOYOTA,COROLLA
DD5508001P,16004760,Rockville Police Departme,Injury Crash,01/29/2016 03:43:00 PM,Maryland (State),ROCKVILLE PIKE,HALPINE RD,SAME DIR REAR END,CLEAR,WET,DAYLIGHT,NO CONTROLS,NONE DETECTED,No,NO APPARENT INJURY,NOT DISTRACTED,MD,PASSENGER CAR,40,2016,CHRYSLER,200
MCP32550075,250036165,MONTGOMERY,Property Damage Crash,08/13/2025 05:00:00 PM,Ramp,RAMP 8 FR IS 270 SB TO MD 124,,"Sideswipe, Same Direction",Rain,Wet,Daylight,Traffic Control Signal,"Not Suspect of Alcohol Use, Not Suspect of Drug Use",No,No Apparent Injury,Not Distracted,MD,Other Trucks,35,2022,FREIGHTLINER,CASCADIA
EJ78490015,15044227,GAITHERSBURG,Property Damage Crash,09-02-15 20:30,,,,OTHER,CLEAR,,DARK LIGHTS ON,NO CONTROLS,UNKNOWN,Yes,NO APPARENT INJURY,UNKNOWN,MD,PASSENGER CAR,10,1998,FORD,EXPLORER
MCP229800PG,190046839,Montgomery County Police,Injury Crash,09/30/2019 01:00:00 PM,County,MIDDLEBROOK RD,GREAT SENECA HWY,SAME DIRECTION RIGHT TURN,RAINING,WET,DAYLIGHT,TRAFFIC SIGNAL,NONE DETECTED,No,NO APPARENT INJURY,NOT DISTRACTED,MD,PASSENGER CAR,30,2004,LEXUS,RX330
MCP2905006S,240060651,MONTGOMERY,Property Damage Crash,12/19/2024 01:38:00 PM,County Route,WHITTIER BLVD,,"Sideswipe, Same Direction",Clear,Dry,Daylight,No Controls,"Not Suspect of Alcohol Use, Not Suspect of Drug Use",No,No Apparent Injury,Not Distracted,MD,Pickup,30,2012,TOYOTA,TACOMA
MCP94240013,16063375,Montgomery County Police,Property Damage Crash,12-10-16 2:56,County,GERMANTOWN RD,BLUNT RD,SINGLE VEHICLE,CLEAR,DRY,DARK LIGHTS ON,,ALCOHOL PRESENT,Yes,NO APPARENT INJURY,DISTRACTED BY OUTSIDE PERSON OBJECT OR EVENT,MD,PASSENGER CAR,40,2015,CHRYSLER,4D
MCP2564002Z,220050510,Montgomery County Police,Injury Crash,11/15/2022 04:56:00 PM,County,SNOUFFERS SCHOOL RD,GOSHEN RD,SAME DIR REAR END,RAINING,WET,DARK LIGHTS ON,NO CONTROLS,NONE DETECTED,No,POSSIBLE INJURY,NOT DISTRACTED,MD,PASSENGER CAR,40,2013,HYUN,ACCENT
MCP26940015,15008795,Montgomery County Police,Property Damage Crash,02/23/2015 06:25:00 PM,Maryland (State),ROCKVILLE PIKE,ENT TO WHITE FLINT MALL,SAME DIRECTION SIDESWIPE,CLEAR,DRY,DARK LIGHTS ON,NO CONTROLS,NONE DETECTED,Yes,NO APPARENT INJURY,NOT DISTRACTED,US,(SPORT) UTILITY VEHICLE,40,2014,VOLKSWAGON,TOURING
MCP2092000B,200047742,Montgomery County Police,Property Damage Crash,12-04-20 5:41,Maryland (State),W DIAMOND AVE,RAMP 6 FR MD 117 EB TO IS 270 SB,HEAD ON LEFT TURN,,DRY,DARK NO LIGHTS,NO CONTROLS,UNKNOWN,Yes,NO APPARENT INJURY,NOT DISTRACTED,MD,"CARGO VAN/LIGHT TRUCK 2 AXLES (OVER 10,000LBS (4,536 KG))",35,2021,MACK,GU533
MCP3160003P,220031290,Montgomery County Police,Property Damage Crash,07/20/2022 01:00:00 PM,County,JONES BRIDGE RD,JONES BRIDGE CT,OTHER,CLEAR,DRY,DAYLIGHT,NO CONTROLS,UNKNOWN,Yes,NO APPARENT INJURY,UNKNOWN,MD,PASSENGER CAR,30,2008,TOYOTA,HIGHLANDER
MCP22910054,210021354,Montgomery County Police,Property Damage Crash,06-05-21 13:21,Maryland (State),MONTGOMERY AVE,PEARL ST,SAME DIRECTION SIDESWIPE,CLEAR,DRY,DAYLIGHT,NO CONTROLS,NONE DETECTED,No,NO APPARENT INJURY,NOT DISTRACTED,MD,PASSENGER CAR,25,2019,HONDA,ODYSSEY
MCP2971005T,220014250,Montgomery County Police,Injury Crash,04-04-22 8:30,US (State),COLUMBIA PIKE,RAMP 3 FR US 29 EB TO MD 650 NB,SAME DIR REAR END,CLEAR,DRY,DAYLIGHT,NO CONTROLS,NONE DETECTED,Yes,NO APPARENT INJURY,NOT DISTRACTED,NY,PASSENGER CAR,45,2015,TOYOTA,PRIUS
MCP3019005K,250007063,MONTGOMERY,Property Damage Crash,02/17/2025 06:21:00 PM,County Route,CORDELL AVE,,"Sideswipe, Same Direction",Clear,Dry,Dark - Lighted,Stop Sign,"Not Suspect of Alcohol Use, Not Suspect of Drug Use",Yes,No Apparent Injury,Unknown,MD,Passenger Car,30,2024,HYUNDAI,KONA
MCP1477001F,240049200,MONTGOMERY,Property Damage Crash,10/15/2024 07:11:00 AM,County Route,CASTLE BLVD (SB/L),,Front to Rear,Clear,Dry,Daylight,No Controls,"Not Suspect of Alcohol Use, Not Suspect of Drug Use",Yes,No Apparent Injury,Unknown,MD,Bus - School,35,2020,THOMAS BUILT,SCHOOL BUS
MCP2971000C,15024649,Montgomery County Police,Injury Crash,05/22/2015 04:01:00 PM,Maryland (State),GEORGIA AVE,SPRING ST,SAME DIR REAR END,CLEAR,DRY,DAYLIGHT,NO CONTROLS,NONE DETECTED,Yes,POSSIBLE INJURY,NOT DISTRACTED,GA,PASSENGER CAR,35,2012,FORD,MUSTANG
MCP23480016,15065346,MONTGOMERY,Injury Crash,12/21/2015 06:38:00 PM,Maryland (State),GEORGIA AVE,DENNIS AVE,SAME DIR REAR END,CLEAR,DRY,DARK LIGHTS ON,,NONE DETECTED,No,NO APPARENT INJURY,NOT DISTRACTED,MD,PASSENGER CAR,35,2004,TOYT,4S
MCP291700B7,220039501,Montgomery County Police,Injury Crash,09-11-22 14:30,Maryland (State),GEORGIA AVE,HICKERSON DR,STRAIGHT MOVEMENT ANGLE,CLEAR,DRY,DAYLIGHT,NO CONTROLS,NONE DETECTED,Yes,NO APPARENT INJURY,NOT DISTRACTED,MD,PASSENGER CAR,25,2019,HONDA,CRV
MCP1221001G,15052298,MONTGOMERY,Injury Crash,10/15/2015 07:14:00 AM,County,SNOUFFERS SCHOOL RD,GOSHEN RD,HEAD ON LEFT TURN,CLEAR,DRY,DAWN,TRAFFIC SIGNAL,NONE DETECTED,Yes,POSSIBLE INJURY,UNKNOWN,MD,PASSENGER CAR,35,2004,DODGE,STRATUS
MCP2356002J,220053059,Montgomery County Police,Injury Crash,12-01-22 15:59,Maryland (State),FREDERICK RD,REDLAND BLVD,SAME DIR REAR END,CLEAR,DRY,DAYLIGHT,TRAFFIC SIGNAL,NONE DETECTED,Yes,POSSIBLE INJURY,OTHER CELLULAR PHONE RELATED,MD,PASSENGER CAR,40,2008,TOYOTA,HIGHLANDER
MCP3226000S,200034682,Montgomery County Police,Injury Crash,09-04-20 15:55,Maryland (State),NEW HAMPSHIRE AVE,EDNOR RD,HEAD ON LEFT TURN,CLEAR,DRY,DAYLIGHT,TRAFFIC SIGNAL,NONE DETECTED,No,SUSPECTED MINOR INJURY,NOT DISTRACTED,MD,PASSENGER CAR,35,2012,HOND,4S
MCP31390030,210048061,Montgomery County Police,Property Damage Crash,11/26/2021 05:05:00 PM,US (State),COLUMBIA PIKE,RAMP 8 FR US 29 SB TO DUSTIN RD,OTHER,CLEAR,DRY,DARK NO LIGHTS,NO CONTROLS,,No,NO APPARENT INJURY,NOT DISTRACTED,MD,PASSENGER CAR,55,2022,SUBARU,FORESTER
MCP24180012,200037804,Montgomery County Police,Injury Crash,09/26/2020 06:04:00 AM,Maryland (State),GEORGIA AVE,16TH ST,SAME DIRECTION RIGHT TURN,CLEAR,WET,DARK LIGHTS ON,,NONE DETECTED,No,NO APPARENT INJURY,NOT DISTRACTED,MD,TRANSIT BUS,35,2016,TBU,BUS
DD5527005B,250014253,ROCKVILLE,Property Damage Crash,04-01-25 22:00,Maryland (State) Route,ROCKVILLE PIKE,,Angle,Clear,Dry,Dark - Lighted,No Controls,"Not Suspect of Alcohol Use, Not Suspect of Drug Use",No,No Apparent Injury,Not Distracted,NC,Passenger Car,30,2013,HONDA,ACCORD
MCP2785001L,16035287,Montgomery County Police,Injury Crash,07-12-16 15:18,Maryland (State),SPENCERVILLE RD,SPENCERVILLE CT,SAME DIRECTION SIDESWIPE,CLEAR,DRY,DAYLIGHT,OTHER,,No,NO APPARENT INJURY,NOT DISTRACTED,MD,PICKUP TRUCK,30,2011,GMC,SIERRA
MCP2475000S,15056973,MONTGOMERY,Property Damage Crash,11-08-15 16:33,County,ADELPHI RD,NEW HAMPSHIRE AVE,OTHER,CLEAR,DRY,DAYLIGHT,TRAFFIC SIGNAL,NONE DETECTED,No,NO APPARENT INJURY,NOT DISTRACTED,MD,PASSENGER CAR,30,2009,HONDA,CIVIC
MCP1438000Z,15052506,MONTGOMERY,Property Damage Crash,10/16/2015 09:38:00 AM,Maryland (State),FREDERICK RD,PROFESSIONAL DR,OTHER,CLEAR,DRY,DAYLIGHT,TRAFFIC SIGNAL,NONE DETECTED,No,NO APPARENT INJURY,NOT DISTRACTED,MD,VAN,40,2005,CHEV,VAN
MCP2698001C,15053834,MONTGOMERY,Property Damage Crash,10/23/2015 11:22:00 AM,,,,OTHER,CLEAR,,DAYLIGHT,NO CONTROLS,UNKNOWN,Yes,NO APPARENT INJURY,LOOKED BUT DID NOT SEE,MD,PASSENGER CAR,0,2014,HONDA,ACCORD
MCP30380023,180025526,Montgomery County Police,Injury Crash,05/24/2018 04:21:00 PM,County,RANDOLPH RD,CHAPMAN AVE,SAME DIR REAR END,CLEAR,DRY,DAYLIGHT,TRAFFIC SIGNAL,,No,NO APPARENT INJURY,NOT DISTRACTED,MD,(SPORT) UTILITY VEHICLE,35,2009,HONDA,CRV
MCP29340039,180025552,Montgomery County Police,Property Damage Crash,05/24/2018 06:20:00 PM,Government,LITTLE FALLS PKWY,RIVER RD,SAME DIR REAR END,CLEAR,DRY,DAYLIGHT,TRAFFIC SIGNAL,NONE DETECTED,Yes,NO APPARENT INJURY,LOOKED BUT DID NOT SEE,MD,PASSENGER CAR,30,2016,FORD,4S
MCP26410055,250039279,MONTGOMERY,Injury Crash,09-02-25 14:53,County Route,RIDGE RD (NB/L),,Front to Rear,Clear,Dry,Daylight,No Controls,"Not Suspect of Alcohol Use, Not Suspect of Drug Use",No,Possible Injury,Not Distracted,MD,Passenger Car,40,2019,KIA,NIRO
MCP23720063,230028249,Montgomery County Police,Injury Crash,06-12-23 14:29,County,GREENTREE RD,BRADMOOR DR,STRAIGHT MOVEMENT ANGLE,RAINING,WET,DAYLIGHT,STOP SIGN,NONE DETECTED,Yes,NO APPARENT INJURY,NOT DISTRACTED,VA,"OTHER LIGHT TRUCKS (10,000LBS (4,536KG) OR LESS)",30,2019,FORD,F250
MCP2954001P,16022996,Montgomery County Police,Property Damage Crash,05-09-16 14:07,Maryland (State),NEW HAMPSHIRE AVE,MAHAN RD,SAME DIR REAR END,RAINING,WET,DAYLIGHT,TRAFFIC SIGNAL,NONE DETECTED,No,NO APPARENT INJURY,NOT DISTRACTED,MD,"CARGO VAN/LIGHT TRUCK 2 AXLES (OVER 10,000LBS (4,536 KG))",40,2003,HINO,FE MODEL
MCP3279001P,220052744,Montgomery County Police,Injury Crash,11/29/2022 07:23:00 PM,County,RANDOLPH RD,GLENMONT CIR #1,STRAIGHT MOVEMENT ANGLE,CLEAR,DRY,DARK LIGHTS ON,TRAFFIC SIGNAL,NONE DETECTED,No,NO APPARENT INJURY,NOT DISTRACTED,MD,PASSENGER CAR,40,2005,TOYOTA,SIENNA
MCP2753005L,220028810,Montgomery County Police,Property Damage Crash,07-05-22 13:29,Maryland (State),GEORGIA AVE,QUEEN MARY DR,SAME DIR REAR END,RAINING,WET,DAYLIGHT,NO CONTROLS,NONE DETECTED,Yes,NO APPARENT INJURY,NOT DISTRACTED,MD,PASSENGER CAR,30,2021,HOND,SD
DD5610003J,170532214,Rockville Police Departme,Injury Crash,09/22/2017 05:52:00 PM,Maryland (State),ROCKVILLE PIKE,FIRST ST,STRAIGHT MOVEMENT ANGLE,CLEAR,DRY,DAYLIGHT,TRAFFIC SIGNAL,,No,POSSIBLE INJURY,NOT DISTRACTED,MD,PASSENGER CAR,40,2008,TOYOTA,COROLLA
MCP2870001Q,16041776,Montgomery County Police,Injury Crash,08/17/2016 04:29:00 PM,Maryland (State),NEW HAMPSHIRE AVE,RAMP 8 FR MD 650 SB TO IS 495 WB,SAME DIR REAR END,CLEAR,DRY,,NO CONTROLS,NONE DETECTED,No,POSSIBLE INJURY,NOT DISTRACTED,MD,PASSENGER CAR,40,2006,LEX,LS430
MCP3208000W,190060635,Montgomery County Police,Injury Crash,12/16/2019 05:42:00 PM,Maryland (State),PINEY BRANCH RD,FLOWER AVE,HEAD ON LEFT TURN,RAINING,WET,DARK LIGHTS ON,TRAFFIC SIGNAL,,Unknown,NO APPARENT INJURY,UNKNOWN,MD,PASSENGER CAR,30,2000,HONDA,CIVIC
EJ78980072,250045704,GAITHERSBURG,Injury Crash,10-11-25 10:20,County Route,S WESTLAND DR,S WESTLAND DR,Other,Cloudy,Dry,Daylight,Traffic Control Signal,"Not Suspect of Alcohol Use, Not Suspect of Drug Use",Yes,Suspected Minor Injury,Unknown,MD,Passenger Car,40,2017,MERCEDES-BENZ,E-CLASS
MCP28820017,15038740,Montgomery County Police,Injury Crash,08-04-15 17:54,County,GUNNERS BRANCH RD,ZEBRAWOOD CT,OTHER,CLOUDY,DRY,DAYLIGHT,,NONE DETECTED,Yes,NO APPARENT INJURY,LOOKED BUT DID NOT SEE,MD,PASSENGER CAR,25,2010,BMW,X6
MCP2760007Y,250055819,MONTGOMERY,Injury Crash,12/13/2025 05:28:00 PM,County Route,GOSHEN RD,,Front to Front,Clear,Dry,Dark - Not Lighted,No Controls,"Suspect of Alcohol Use, Not Suspect of Drug Use",Yes,No Apparent Injury,Unknown,MD,Sport Utility Vehicle,35,2019,HONDA,CR-V
MCP2755001S,180061247,Montgomery County Police,Injury Crash,12-07-18 15:43,Maryland (State),GEORGIA AVE,DENNIS AVE,SAME DIR REAR END,CLEAR,DRY,DAYLIGHT,TRAFFIC SIGNAL,NONE DETECTED,No,NO APPARENT INJURY,NOT DISTRACTED,MD,PASSENGER CAR,45,2011,HONDA,4D
MCP2859005Q,180046998,Montgomery County Police,Property Damage Crash,09/20/2018 01:20:00 PM,,,,OTHER,CLEAR,,DAYLIGHT,NO CONTROLS,UNKNOWN,Yes,NO APPARENT INJURY,LOOKED BUT DID NOT SEE,,,15,0,UNKNOWN,UNKNOWN
MCP2456005J,210035559,Montgomery County Police,Injury Crash,09-10-21 8:50,US (State),COLESVILLE RD,LORAIN AVE,SAME DIRECTION RIGHT TURN,CLEAR,DRY,DAYLIGHT,NO CONTROLS,NONE DETECTED,No,POSSIBLE INJURY,UNKNOWN,MD,(SPORT) UTILITY VEHICLE,40,2011,HONDA,CRV
MCP33340036,240056838,MONTGOMERY,Property Damage Crash,11/26/2024 06:30:00 PM,County Route,FENTON ST,,"Sideswipe, Opposite Direction",Clear,Dry,Dark - Lighted,Stop Sign,"Not Suspect of Alcohol Use, Not Suspect of Drug Use",No,No Apparent Injury,Not Distracted,MD,Passenger Car,25,2014,TOYOTA,CAMRY
DM8421000Z,170500954,Takoma Park Police Depart,Injury Crash,04-07-17 18:37,Maryland (State),NEW HAMPSHIRE AVE,HOLTON LA,ANGLE MEETS LEFT TURN,CLOUDY,DRY,DAYLIGHT,NO CONTROLS,NONE DETECTED,Yes,POSSIBLE INJURY,NOT DISTRACTED,MD,PASSENGER CAR,35,2002,JEEP,LIBERTY
DD5605005L,180040562,Rockville Police Departme,Property Damage Crash,08/15/2018 10:15:00 AM,Maryland (State),VEIRS MILL RD,SPUR TO MD 355,SAME DIR REAR END,CLEAR,DRY,DAYLIGHT,YIELD SIGN,NONE DETECTED,Yes,NO APPARENT INJURY,INATTENTIVE OR LOST IN THOUGHT,MD,POLICE VEHICLE/NON EMERGENCY,35,2009,TOYT,4S
MCP32690018,210051319,Montgomery County Police,Injury Crash,12/17/2021 06:44:00 AM,County,LOCKWOOD DR,NEW HAMPSHIRE AVE,,,DRY,DARK LIGHTS ON,NO CONTROLS,,Yes,NO APPARENT INJURY,INATTENTIVE OR LOST IN THOUGHT,,,25,0,UNKNOWN,UNKNOWN
MCP3091001R,190008060,Montgomery County Police,Injury Crash,02/19/2019 04:30:00 PM,County,GREENBRIAR RD,GLEN RD,SINGLE VEHICLE,CLOUDY,DRY,DAYLIGHT,,,Yes,POSSIBLE INJURY,UNKNOWN,MD,PASSENGER CAR,25,2018,TESLA,S
MCP1017000Q,15004436,Montgomery County Police,Property Damage Crash,01/28/2015 07:50:00 AM,Maryland (State),EAST WEST HWY (W/B COUPLET),PEARL ST,SAME DIR REAR END,CLEAR,DRY,DAYLIGHT,TRAFFIC SIGNAL,NONE DETECTED,No,NO APPARENT INJURY,NOT DISTRACTED,MD,PASSENGER CAR,25,2002,MERZ,4S
MCP2278003J,210037766,Montgomery County Police,Property Damage Crash,09/24/2021 09:42:00 AM,County,DEMOCRACY BLVD,RAMP 6 FR DEMOCRACY BLVD TO IS 270Y SB,SAME DIRECTION LEFT TURN,,DRY,DAYLIGHT,NO CONTROLS,NONE DETECTED,No,NO APPARENT INJURY,NOT DISTRACTED,GA,PASSENGER CAR,35,2019,FORD,TRANSIT
EJ78880066,240026565,GAITHERSBURG,Property Damage Crash,06-02-24 16:13,,,,Other,Clear,,Daylight,,"Unknown, Unknown",No,,,,Van - Passenger (&lt;9 Seats),0,2014,TOYOTA,SIENNA
MCP3184001Z,210029509,Montgomery County Police,Property Damage Crash,07/30/2021 04:16:00 AM,Maryland (State),GEORGIA AVE,16TH ST,SAME DIR REAR END,CLEAR,DRY,DARK LIGHTS ON,TRAFFIC SIGNAL,NONE DETECTED,Yes,NO APPARENT INJURY,OTHER DISTRACTION,DC,PASSENGER CAR,35,2021,FORD,FOCUS
MCP32090026,210004877,Montgomery County Police,Injury Crash,02-07-21 17:40,Maryland (State),COLESVILLE RD,16TH ST,STRAIGHT MOVEMENT ANGLE,CLEAR,WET,DUSK,TRAFFIC SIGNAL,NONE DETECTED,No,NO APPARENT INJURY,NOT DISTRACTED,DC,PASSENGER CAR,25,2015,HONDA,ACCORD
MCP15630034,17003806,Montgomery County Police,Injury Crash,01/22/2017 03:21:00 PM,,,,STRAIGHT MOVEMENT ANGLE,RAINING,,DAYLIGHT,NO CONTROLS,NONE DETECTED,No,POSSIBLE INJURY,NOT DISTRACTED,MD,PASSENGER CAR,0,2006,HONDA,ACCORD
MCP1595000J,16053281,Montgomery County Police,Injury Crash,10/17/2016 04:52:00 AM,Maryland (State),UNIVERSITY BLVD W,DAYTON ST,SAME DIR REND RIGHT TURN,CLEAR,DRY,DARK NO LIGHTS,NO CONTROLS,,Yes,POSSIBLE INJURY,UNKNOWN,MD,POLICE VEHICLE/EMERGENCY,40,2014,DODGE,CHARGER
MCP2751000R,15059137,MONTGOMERY,Property Damage Crash,11/19/2015 04:48:00 PM,County,HEWITT AVE,GEORGIA AVE,OPPOSITE DIRECTION SIDESWIPE,RAINING,WET,DAYLIGHT,NO CONTROLS,NONE DETECTED,No,NO APPARENT INJURY,NOT DISTRACTED,MD,PASSENGER CAR,25,2013,TOYOTA,TACOMA
MCP2726000F,15025676,Montgomery County Police,Property Damage Crash,05/28/2015 09:06:00 AM,County,TWINBROOK PKWY,FISHERS LA,HEAD ON LEFT TURN,CLEAR,DRY,DAYLIGHT,TRAFFIC SIGNAL,NONE DETECTED,No,NO APPARENT INJURY,NOT DISTRACTED,MD,PASSENGER CAR,35,2007,HONDA,CRV
MCP33940020,250044314,MONTGOMERY,Property Damage Crash,10-02-25 13:06,Maryland (State) Route,CONNECTICUT AVE (SB/L),DRESDEN ST,Rear To Side,Clear,Dry,Daylight,No Controls,"Not Suspect of Alcohol Use, Not Suspect of Drug Use",No,No Apparent Injury,Not Distracted,MD,Passenger Car,35,2024,FORD,ESCAPE
MCP26390081,190044459,Montgomery County Police,Property Damage Crash,09/17/2019 07:11:00 AM,Maryland (State),NORBECK RD,LAUGHLIN LA,HEAD ON,CLOUDY,DRY,DAYLIGHT,NO CONTROLS,NONE DETECTED,Yes,NO APPARENT INJURY,NOT DISTRACTED,MD,PICKUP TRUCK,40,2009,CHEVROLET,SILVERADO
MCP137801BW,250005112,MONTGOMERY,Property Damage Crash,02-04-25 14:25,Interstate (State),EISENHOWER MEMORIAL HWY,,Front to Rear,Clear,Dry,Daylight,No Controls,"Not Suspect of Alcohol Use, Not Suspect of Drug Use",No,No Apparent Injury,Not Distracted,MD,Passenger Car,55,2019,DODGE,CHARGER
MCP32630015,210025356,Montgomery County Police,Property Damage Crash,07-02-21 3:00,Maryland (State),CONNECTICUT AVE,WILLIAMS LA,SAME DIRECTION SIDESWIPE,RAINING,WET,DARK LIGHTS ON,PERSON,NONE DETECTED,No,NO APPARENT INJURY,NOT DISTRACTED,MD,PASSENGER CAR,30,2018,HONDA,ACCORD
MCP2717004Y,16008420,Montgomery County Police,Injury Crash,02/19/2016 04:45:00 PM,Ramp,RAMP 2 FR IS 495 WB TO MD 185 NB,CONNECTICUT AVE,SAME DIR REAR END,CLEAR,DRY,DARK LIGHTS ON,YIELD SIGN,NONE DETECTED,Yes,NO APPARENT INJURY,NOT DISTRACTED,MD,"MEDIUM/HEAVY TRUCKS 3 AXLES (OVER 10,000LBS (4,536KG))",30,2007,INTERNATIONAL,TOW-TRUCK
MCP3376001V,240038423,MONTGOMERY,Injury Crash,08/14/2024 05:50:00 PM,County Route,REEDIE DR,GEORGIA AVE (SB/L),Front to Front,Clear,Dry,Daylight,Traffic Control Signal,"Not Suspect of Alcohol Use, Not Suspect of Drug Use",No,Suspected Minor Injury,Not Distracted,MD,Passenger Car,25,2006,HONDA,ACCORD
MCP27070013,170528843,Montgomery County Police,Property Damage Crash,09-05-17 17:22,Maryland (State),WOODFIELD RD,ROSEWOOD MANOR LA,SAME DIR REAR END,RAINING,WET,DAYLIGHT,NO CONTROLS,NONE DETECTED,No,NO APPARENT INJURY,NOT DISTRACTED,MD,(SPORT) UTILITY VEHICLE,40,2009,TOYOTA,RAV4
MCP2150000C,210012233,Montgomery County Police,Property Damage Crash,04-01-21 17:07,Maryland (State),SPENCERVILLE RD,ENT TO BUSINESS,SAME DIR REAR END,,DRY,DAYLIGHT,TRAFFIC SIGNAL,NONE DETECTED,No,NO APPARENT INJURY,NOT DISTRACTED,MD,PASSENGER CAR,35,2006,FORD,4S
MCP3227006P,250040811,MONTGOMERY,Injury Crash,09-11-25 11:13,US (State),COLESVILLE RD,UNIVERSITY BLVD E,"Sideswipe, Same Direction",Cloudy,Dry,Daylight,Traffic Control Signal,"Not Suspect of Alcohol Use, Not Suspect of Drug Use",No,Suspected Minor Injury,Unknown,DC,Passenger Car,35,2016,GMC,YUKON
MCP3071001Q,200029927,Montgomery County Police,Injury Crash,08-02-20 0:26,Maryland (State),GREAT SENECA HWY,GROTTO LA,STRAIGHT MOVEMENT ANGLE,CLEAR,DRY,DARK LIGHTS ON,STOP SIGN,NONE DETECTED,No,POSSIBLE INJURY,NOT DISTRACTED,MD,PASSENGER CAR,50,2019,TOYOTA,TK
MCP2748001K,200012673,Montgomery County Police,Property Damage Crash,03/14/2020 11:35:00 PM,County,SCHUYLKILL RD,WYACONDA RD,SINGLE VEHICLE,RAINING,WET,DARK LIGHTS ON,NO CONTROLS,NONE DETECTED,Yes,NO APPARENT INJURY,NOT DISTRACTED,MD,PASSENGER CAR,35,2015,HOND,TK
MCP30510028,180050753,Montgomery County Police,Injury Crash,10-10-18 17:25,County,ROCK SPRING DR,ROCKLEDGE DR,HEAD ON LEFT TURN,CLEAR,DRY,DAYLIGHT,TRAFFIC SIGNAL,NONE DETECTED,No,NO APPARENT INJURY,NOT DISTRACTED,MD,PASSENGER CAR,30,2013,HYUNDAI,SONATA
DM8388002W,190016354,Takoma Park Police Depart,Property Damage Crash,04-08-19 17:50,Maryland (State),NEW HAMPSHIRE AVE,SLIGO CREEK PKWY,SAME DIR REAR END,CLOUDY,DRY,DAYLIGHT,TRAFFIC SIGNAL,NONE DETECTED,No,NO APPARENT INJURY,NOT DISTRACTED,DC,(SPORT) UTILITY VEHICLE,35,2018,MAZDA,CX-5
MCP229800DC,170508496,Montgomery County Police,Property Damage Crash,05/18/2017 02:03:00 PM,County,WISTERIA DR,WATERS RD,ANGLE MEETS LEFT TURN,CLEAR,DRY,DAYLIGHT,STOP SIGN,NONE DETECTED,No,NO APPARENT INJURY,NOT DISTRACTED,MD,PASSENGER CAR,30,2000,VOLV,S70
MCP12520018,190052676,Montgomery County Police,Property Damage Crash,11-01-19 16:51,Maryland (State),DICKERSON RD,DR BELT RD,SAME DIR REAR END,CLEAR,DRY,DAYLIGHT,NO CONTROLS,NONE DETECTED,No,NO APPARENT INJURY,NOT DISTRACTED,MD,PASSENGER CAR,55,2019,SUBA,OUTBACK
MCP3097000G,180015722,Montgomery County Police,Property Damage Crash,03/31/2018 11:31:00 PM,County,NEW HAMPSHIRE AVE SER RD,NORTHWEST DR,SAME DIRECTION LEFT TURN,CLEAR,,DARK LIGHTS ON,TRAFFIC SIGNAL,,No,NO APPARENT INJURY,NOT DISTRACTED,MD,PASSENGER CAR,40,1997,TOYOTA,COROLLA
MCP2875009X,250017152,MONTGOMERY,Injury Crash,04/20/2025 04:23:00 PM,Maryland (State) Route,,,Single Vehicle,Cloudy,Dry,Daylight,No Controls,"Not Suspect of Alcohol Use, Not Suspect of Drug Use",Yes,Possible Injury,Not Distracted,MD,Passenger Car,50,2005,TOYOTA,CAMRY
MCP003600BB,190033913,Montgomery County Police,Injury Crash,07/17/2019 01:23:00 PM,County,HAWKINS CREAMERY RD,HIGHLAND MANOR CT,STRAIGHT MOVEMENT ANGLE,CLEAR,DRY,DAYLIGHT,STOP SIGN,NONE DETECTED,Yes,NO APPARENT INJURY,LOOKED BUT DID NOT SEE,MD,PASSENGER CAR,30,2008,LEXUS,SUV
MCP24200043,210037845,Montgomery County Police,Property Damage Crash,09/24/2021 04:20:00 PM,Maryland (State),NEW HAMPSHIRE AVE,RIVERMIST CT,HEAD ON LEFT TURN,CLEAR,DRY,DAYLIGHT,NO CONTROLS,NONE DETECTED,No,NO APPARENT INJURY,NOT DISTRACTED,MD,"CARGO VAN/LIGHT TRUCK 2 AXLES (OVER 10,000LBS (4,536 KG))",40,2008,FORD,DS
MCP3095001V,200002371,Montgomery County Police,Property Damage Crash,01/14/2020 05:33:00 PM,County,RAMSEY AVE,WAYNE AVE,SAME DIR REAR END,RAINING,WET,DARK LIGHTS ON,TRAFFIC SIGNAL,,No,NO APPARENT INJURY,NOT DISTRACTED,MD,PASSENGER CAR,25,2004,VOLV,TK