Report Number,Local Case Number,Agency Name,ACRS Report Type,Crash Date/Time,Route Type,Road Name,Cross-Street Name,Collision Type,Weather,Surface Condition,Light,Traffic Control,Driver Substance Abuse,Driver At Fault,Injury Severity,Driver Distracted By,Drivers License State,Vehicle Body Type,Speed Limit,Vehicle Year,Vehicle Make,Vehicle Model
DD5638000W,190049497,Rockville Police Departme,Property Damage Crash,10/15/2019 05:20:00 PM,Municipality,STANLEY AVE,MATTHEWS DR,STRAIGHT MOVEMENT ANGLE,CLEAR,DRY,DAYLIGHT,STOP SIGN,,No,NO APPARENT INJURY,NOT DISTRACTED,MD,PASSENGER CAR,25,2008,HONDA,CIVIC
MCP209400BV,180037217,Montgomery County Police,Injury Crash,07/27/2018 11:21:00 AM,Maryland (State),RIVER RD,NEVIS RD,SAME DIR REAR END,CLEAR,DRY,DAYLIGHT,TRAFFIC SIGNAL,NONE DETECTED,No,NO APPARENT INJURY,NOT DISTRACTED,MD,(SPORT) UTILITY VEHICLE,40,2014,CHEV,TK
MCP2231004Y,190029087,Montgomery County Police,Property Damage Crash,06-07-19 20:30,Maryland (State),UNIVERSITY BLVD W,SUTHERLAND RD,STRAIGHT MOVEMENT ANGLE,CLEAR,DRY,DARK LIGHTS ON,NO CONTROLS,NONE DETECTED,No,NO APPARENT INJURY,NOT DISTRACTED,MD,PASSENGER CAR,35,1998,TOYOTA,CAMRY
MCP2939005D,210008406,Montgomery County Police,Property Damage Crash,03-05-21 20:43,County,GUE RD,LONG CORNER RD,SINGLE VEHICLE,,DRY,DARK NO LIGHTS,NO CONTROLS,,Yes,NO APPARENT INJURY,INATTENTIVE OR LOST IN THOUGHT,MD,PASSENGER CAR,30,1995,DODGE,TK
MCP29890011,180050586,Montgomery County Police,Injury Crash,10-09-18 22:28,Maryland (State),NEW HAMPSHIRE AVE,POWDER MILL RD,SAME DIRECTION LEFT TURN,CLEAR,DRY,DARK LIGHTS ON,TRAFFIC SIGNAL,NONE DETECTED,No,SUSPECTED MINOR INJURY,NOT DISTRACTED,MD,PASSENGER CAR,40,2015,TOYT,CAMRY
MCP3193004Y,230065833,Montgomery County Police,Injury Crash,11-11-23 19:38,,,,OTHER,CLEAR,,DARK LIGHTS ON,NO CONTROLS,UNKNOWN,Yes,NO APPARENT INJURY,UNKNOWN,,,15,0,UNKNOWN,UNKNOWN
MCP2847000P,15006267,Montgomery County Police,Injury Crash,02-07-15 13:43,County,CONNECTICUT AVE,ROAD END - GATE,SINGLE VEHICLE,CLEAR,DRY,DAYLIGHT,OTHER,NONE DETECTED,Yes,NO APPARENT INJURY,LOOKED BUT DID NOT SEE,MD,PASSENGER CAR,40,2012,TOYT,4S
MCP28990026,180003035,Montgomery County Police,Property Damage Crash,01/19/2018 02:48:00 AM,Maryland (State),16TH ST,EAST WEST HWY,SAME DIR REAR END,CLEAR,DRY,DARK LIGHTS ON,TRAFFIC SIGNAL,ALCOHOL PRESENT,Yes,NO APPARENT INJURY,UNKNOWN,MD,VAN,40,2005,NISSAN,QUEST
MCP1438001Z,16012754,MONTGOMERY,Injury Crash,03/16/2016 01:15:00 PM,County,MONTGOMERY VILLAGE AVE,LAKE SHORE DR,SAME DIR REAR END,CLOUDY,DRY,DAYLIGHT,TRAFFIC SIGNAL,NONE DETECTED,No,POSSIBLE INJURY,NOT DISTRACTED,MD,PASSENGER CAR,40,2004,HOND,ACC
DD5603009C,220021602,Rockville Police Departme,Property Damage Crash,05/20/2022 07:52:00 PM,County,TWINBROOK PKWY,VEIRS MILL RD,OTHER,CLEAR,DRY,DAYLIGHT,TRAFFIC SIGNAL,NONE DETECTED,No,NO APPARENT INJURY,NOT DISTRACTED,MD,PASSENGER CAR,35,2014,FORD,UT
MCP2290002Q,210007897,Montgomery County Police,Injury Crash,03-02-21 14:50,County,SHADY GROVE RD,RAMP 4 FR RAMP 1 TO SHADY GROVE RD,STRAIGHT MOVEMENT ANGLE,CLEAR,DRY,DAYLIGHT,TRAFFIC SIGNAL,NONE DETECTED,No,POSSIBLE INJURY,NOT DISTRACTED,MD,PASSENGER CAR,55,2019,HONDA,CRV
MCP2805002C,170523935,Montgomery County Police,Injury Crash,08-09-17 17:47,Maryland (State),MONTGOMERY VILLAGE AVE,CHRISTOPHER AVE,SAME DIR REAR END,CLEAR,DRY,DAYLIGHT,TRAFFIC SIGNAL,NONE DETECTED,No,POSSIBLE INJURY,NOT DISTRACTED,MD,PASSENGER CAR,35,2006,HONDA,ACCORD
MCP1227000C,15044058,MONTGOMERY,Injury Crash,09-02-15 7:48,County,ASPEN HILL RD,PARKLAND DR,STRAIGHT MOVEMENT ANGLE,CLEAR,DRY,DAYLIGHT,TRAFFIC SIGNAL,NONE DETECTED,Yes,SUSPECTED SERIOUS INJURY,NOT DISTRACTED,MD,MOTORCYCLE,30,2014,YAMAHA,YZF-R1
MCP29620013,170502443,Montgomery County Police,Property Damage Crash,04/16/2017 12:03:00 PM,,,,OTHER,CLEAR,,DAYLIGHT,,UNKNOWN,Yes,NO APPARENT INJURY,UNKNOWN,MD,PICKUP TRUCK,15,2006,FORD,F250
DD5502004M,180053241,Rockville Police Departme,Property Damage Crash,10/24/2018 11:15:00 AM,Municipality,BROADWOOD DR,GRUENTHER AVE,SAME DIRECTION LEFT TURN,CLOUDY,DRY,DAYLIGHT,NO CONTROLS,NONE DETECTED,Yes,NO APPARENT INJURY,NOT DISTRACTED,MD,OTHER,25,1992,GMC,POSTAL TRUCK
MCP3208003N,220035077,Montgomery County Police,Injury Crash,08/14/2022 11:25:00 PM,Maryland (State),BURLINGTON AVE,GEORGIA AVE,SAME DIRECTION LEFT TURN,RAINING,WET,DARK LIGHTS ON,NO CONTROLS,NONE DETECTED,No,NO APPARENT INJURY,NOT DISTRACTED,DC,PASSENGER CAR,30,2005,HONDA,4D
MCP2749001W,170524734,Montgomery County Police,Property Damage Crash,08/14/2017 10:05:00 AM,County,EXCALIBER LA,NORWOOD RD,SINGLE VEHICLE,,DRY,DAYLIGHT,,NONE DETECTED,Yes,NO APPARENT INJURY,NOT DISTRACTED,MD,PASSENGER CAR,35,2003,ACURA,TL
MCP3403002C,260001102,MONTGOMERY,Property Damage Crash,01-07-26 22:37,,,,Single Vehicle,Clear,,Dark - Lighted,,"Suspect of Alcohol Use, Not Suspect of Drug Use",Yes,No Apparent Injury,Unknown,MD,Sport Utility Vehicle,0,2025,AUDI,Q4
MCP31990033,210036142,Montgomery County Police,Injury Crash,09/14/2021 08:27:00 AM,County,RANDOLPH RD,FULLER ST,SAME DIR REAR END,CLEAR,DRY,DAYLIGHT,TRAFFIC SIGNAL,NONE DETECTED,No,POSSIBLE INJURY,NOT DISTRACTED,MD,(SPORT) UTILITY VEHICLE,35,2014,JEEP,PATRIOT
MCP2991006T,220022473,Montgomery County Police,Property Damage Crash,05/26/2022 09:30:00 AM,County,BRIGGS CHANEY RD,GOOD HOPE RD,HEAD ON LEFT TURN,CLEAR,DRY,DAYLIGHT,TRAFFIC SIGNAL,NONE DETECTED,Yes,NO APPARENT INJURY,NOT DISTRACTED,MD,PASSENGER CAR,35,2010,MAZDA,6
MCP25860064,230013049,Montgomery County Police,Property Damage Crash,03/17/2023 06:10:00 PM,,,,SAME DIR REAR END,CLEAR,,DAYLIGHT,NO CONTROLS,NONE DETECTED,No,NO APPARENT INJURY,NOT DISTRACTED,MD,(SPORT) UTILITY VEHICLE,15,2021,CHEVROLET,EQUINOX
MCP3027001N,180026288,Montgomery County Police,Property Damage Crash,05/29/2018 08:07:00 AM,US (State),GEORGIA AVE,KING ST,HEAD ON LEFT TURN,,DRY,DAYLIGHT,NO CONTROLS,,No,NO APPARENT INJURY,NOT DISTRACTED,DC,TRANSIT BUS,35,2010,NEW FLYER,TBU
EJ78730094,240022310,GAITHERSBURG,Property Damage Crash,05-11-24 20:21,Municipality Route,E DIAMOND AVE,,Front to Rear,Clear,Wet,Dark - Lighted,No Controls,"Suspect of Alcohol Use, Not Suspect of Drug Use",No,No Apparent Injury,Unknown,MD,Sport Utility Vehicle,25,2017,JEEP,CHEROKEE
MCP2983001S,170500390,Montgomery County Police,Injury Crash,04-04-17 17:36,Maryland (State),16TH ST,SPUR TO SPRING ST,SAME DIRECTION RIGHT TURN,CLEAR,DRY,DAYLIGHT,,NONE DETECTED,No,SUSPECTED MINOR INJURY,NOT DISTRACTED,MD,PASSENGER CAR,35,1998,TOYOTA,COROLLA
MCP2436000Y,15054468,MONTGOMERY,Injury Crash,10/27/2015 08:48:00 AM,County,E FRANKLIN AVE,UNIVERSITY BLVD E,STRAIGHT MOVEMENT ANGLE,CLEAR,,DAYLIGHT,TRAFFIC SIGNAL,NONE DETECTED,No,POSSIBLE INJURY,NOT DISTRACTED,MD,PASSENGER CAR,30,2012,CHEVROLET,CRUZ
EJ7856003H,170521688,Gaithersburg Police Depar,Injury Crash,07/28/2017 03:18:00 PM,Maryland (State),W DIAMOND AVE,RAMP 1 FR IS 270 NB TO MD 117 WB,SAME DIR REAR END,RAINING,WET,DAYLIGHT,TRAFFIC SIGNAL,,Yes,NO APPARENT INJURY,UNKNOWN,MD,PASSENGER CAR,35,2015,CHRYSLER,200
MCP3210000D,190043123,Montgomery County Police,Injury Crash,09-09-19 8:45,Maryland (State),CONNECTICUT AVE,GREENLY ST,STRAIGHT MOVEMENT ANGLE,CLEAR,DRY,DAYLIGHT,NO CONTROLS,,No,POSSIBLE INJURY,INATTENTIVE OR LOST IN THOUGHT,MD,PASSENGER CAR,45,2011,TOYOTA,4S
MCP3068000Y,180014257,Montgomery County Police,Property Damage Crash,03/22/2018 08:40:00 PM,County,NICHOLSON LA,EXECUTIVE BLVD,HEAD ON LEFT TURN,CLEAR,DRY,DARK LIGHTS ON,TRAFFIC SIGNAL,,No,NO APPARENT INJURY,NOT DISTRACTED,CA,(SPORT) UTILITY VEHICLE,35,2006,BMW,X3
MCP1151004V,16028502,Montgomery County Police,Property Damage Crash,06-07-16 7:18,Maryland (State),GREAT SENECA HWY,DAWSON FARM RD,SAME DIR REAR END,CLEAR,DRY,DAYLIGHT,TRAFFIC SIGNAL,NONE DETECTED,Yes,NO APPARENT INJURY,BY OTHER OCCUPANTS,MD,PASSENGER CAR,50,2015,HOND,ACCORD
MCP2736002P,15038759,MONTGOMERY,Property Damage Crash,08-04-15 19:39,Other Public Roadway,MONTROSE PKWY,MONTROSE RD,SINGLE VEHICLE,RAINING,WET,DAYLIGHT,,NONE DETECTED,Yes,NO APPARENT INJURY,NOT DISTRACTED,MD,PASSENGER CAR,40,2007,TOYT,4S
MCP22980041,15002379,Montgomery County Police,Property Damage Crash,01/15/2015 02:57:00 PM,,,,OTHER,CLEAR,,DAYLIGHT,NO CONTROLS,NONE DETECTED,No,NO APPARENT INJURY,NOT DISTRACTED,MD,PASSENGER CAR,15,2007,HYUN,SONTA
MCP2539000M,16029504,Montgomery County Police,Property Damage Crash,06-11-16 23:40,Maryland (State),ROCKVILLE PIKE,EDSON LA,SAME DIR REAR END,CLEAR,DRY,DARK LIGHTS ON,,ALCOHOL CONTRIBUTED,Yes,NO APPARENT INJURY,NOT DISTRACTED,MD,(SPORT) UTILITY VEHICLE,40,2014,ACURA,MDX
MCP2534003K,210025609,Montgomery County Police,Injury Crash,07-03-21 23:22,Maryland (State),VEIRS MILL RD,ENNALLS AVE,SAME DIR REAR END,CLEAR,WET,DARK LIGHTS ON,NO CONTROLS,ALCOHOL PRESENT,Yes,SUSPECTED MINOR INJURY,NOT DISTRACTED,MD,PASSENGER CAR,30,2013,HONDA,CIVIC
MCP2995002R,180001173,Montgomery County Police,Injury Crash,01-08-18 18:48,Maryland (State),VEIRS MILL RD,DALEWOOD DR,HEAD ON,RAINING,WET,DARK LIGHTS ON,NO CONTROLS,NONE DETECTED,Yes,POSSIBLE INJURY,LOOKED BUT DID NOT SEE,MD,PASSENGER CAR,45,2008,MAZDA,3
MCP9366001Q,230023050,Montgomery County Police,Property Damage Crash,05/14/2023 12:05:00 AM,Maryland (State),GEORGIA AVE,GREGG RD,SINGLE VEHICLE,CLEAR,DRY,DARK LIGHTS ON,NO CONTROLS,,Yes,NO APPARENT INJURY,NOT DISTRACTED,MD,PASSENGER CAR,35,2015,CHEVY,CAMERO
MCP28700020,16065541,Montgomery County Police,Property Damage Crash,12/21/2016 07:47:00 PM,Maryland (State),NEW HAMPSHIRE AVE,ELTON RD,SAME DIR REAR END,CLEAR,DRY,DARK LIGHTS ON,TRAFFIC SIGNAL,NONE DETECTED,Yes,NO APPARENT INJURY,NOT DISTRACTED,MD,TRANSIT BUS,40,2013,NEW FLYER,TABU
MCP21770023,170520374,Montgomery County Police,Property Damage Crash,07/21/2017 03:07:00 PM,Maryland (State),ROCKVILLE PIKE,ENT TO FEDERAL PLAZA S.C.,HEAD ON LEFT TURN,CLOUDY,DRY,DAYLIGHT,TRAFFIC SIGNAL,NONE DETECTED,No,NO APPARENT INJURY,NOT DISTRACTED,MD,PASSENGER CAR,35,2015,TOYOTA,CAMRY  4DR
MCP2552006R,230070034,Montgomery County Police,Property Damage Crash,12-05-23 14:56,Maryland (State),FREDERICK RD,SHADY GROVE RD,SAME DIR REAR END,CLEAR,DRY,DAYLIGHT,,,No,NO APPARENT INJURY,NOT DISTRACTED,MD,PASSENGER CAR,35,2012,CHEVROLET,WORK TRUCK
MCP2536003Q,210043902,Montgomery County Police,Property Damage Crash,10/31/2021 01:45:00 AM,County,BEL PRE RD,WESTBURY RD,OTHER,CLEAR,DRY,DARK LIGHTS ON,NO CONTROLS,NONE DETECTED,Yes,NO APPARENT INJURY,NOT DISTRACTED,MD,PASSENGER CAR,25,1999,TOYOTA,CELICA
MCP1334009K,200005923,Montgomery County Police,Property Damage Crash,02-05-20 8:02,County,LOST KNIFE RD,ODENDHAL AVE,SAME DIRECTION SIDESWIPE,CLOUDY,DRY,DAYLIGHT,OTHER,NONE DETECTED,Yes,NO APPARENT INJURY,NOT DISTRACTED,MD,"MEDIUM/HEAVY TRUCKS 3 AXLES (OVER 10,000LBS (4,536KG))",30,2006,INTERNATIONAL,TK
MCP2917001N,17016410,Montgomery County Police,Property Damage Crash,03/31/2017 05:10:00 PM,Maryland (State),NORBECK RD,NADINE DR,SINGLE VEHICLE,RAINING,WET,DAYLIGHT,NO CONTROLS,NONE DETECTED,Yes,NO APPARENT INJURY,NOT DISTRACTED,MD,PASSENGER CAR,40,2001,TOYOTA,PRIUS
MCP3148001Q,190040707,Montgomery County Police,Property Damage Crash,08/25/2019 06:29:00 PM,Maryland (State),ROCKVILLE PIKE,SPUR TO TUCKERMAN LA,SAME DIR REAR END,CLEAR,DRY,DAYLIGHT,YIELD SIGN,NONE DETECTED,Yes,NO APPARENT INJURY,LOOKED BUT DID NOT SEE,MD,PASSENGER CAR,45,2018,TOYOTA,COROLLA
MCP2311005P,190005655,Montgomery County Police,Property Damage Crash,02-05-19 8:53,Interstate (State),EISENHOWER MEMORIAL HWY,R/R #CSX 140 510 N,SAME DIR REAR END,CLEAR,DRY,DAYLIGHT,,,No,NO APPARENT INJURY,NOT DISTRACTED,MD,PASSENGER CAR,55,2017,HOND,TK
MCP1099002V,190047935,Montgomery County Police,Property Damage Crash,10-06-19 11:08,Maryland (State),MUNCASTER MILL RD,LISA DR,SAME DIR REAR END,CLOUDY,DRY,DAYLIGHT,NO CONTROLS,NONE DETECTED,Yes,NO APPARENT INJURY,LOOKED BUT DID NOT SEE,MD,PASSENGER CAR,40,2013,CHEVY,TK
MCP29040016,15042479,MONTGOMERY,Injury Crash,08/24/2015 05:37:00 PM,Maryland (State),UNIVERSITY BLVD E,WILLIAMSBURG DR,SAME DIR REAR END,CLEAR,DRY,DAYLIGHT,NO CONTROLS,NONE DETECTED,No,NO APPARENT INJURY,NOT DISTRACTED,MD,TRANSIT BUS,40,2000,TRANSIT,BUS
DD55980024,170548732,Rockville Police Departme,Injury Crash,12/15/2017 11:41:00 AM,Maryland (State),VEIRS MILL RD,MIDWAY AVE,OTHER,BLOWING SNOW,OTHER,DAYLIGHT,,,No,SUSPECTED MINOR INJURY,NOT DISTRACTED,VA,PASSENGER CAR,40,2016,JEEP,RENEGADE
MCP3162005V,250011205,MONTGOMERY,Property Damage Crash,03/14/2025 12:15:00 PM,US (State),COLESVILLE RD,,"Sideswipe, Same Direction",Cloudy,Dry,Daylight,No Controls,"Not Suspect of Alcohol Use, Not Suspect of Drug Use",No,No Apparent Injury,Not Distracted,PA,Single-Unit Truck,35,2019,HINO,CONVENTIONAL TYPE TRUCK
MCP2866006W,210017186,Montgomery County Police,Property Damage Crash,05-07-21 15:55,Maryland (State),CONNECTICUT AVE,THORNAPPLE ST,STRAIGHT MOVEMENT ANGLE,RAINING,WET,DAYLIGHT,STOP SIGN,NONE DETECTED,No,NO APPARENT INJURY,NOT DISTRACTED,DC,PASSENGER CAR,30,2001,ACURA,SUV
MCP3258001Q,210046320,Montgomery County Police,Property Damage Crash,11/15/2021 01:47:00 PM,,,,STRAIGHT MOVEMENT ANGLE,CLEAR,,DAYLIGHT,NO CONTROLS,,Unknown,NO APPARENT INJURY,NOT DISTRACTED,MD,PASSENGER CAR,5,2017,FORD,4S
MCP33510028,240009795,MONTGOMERY,Injury Crash,02/28/2024 07:17:00 PM,County Route,,,Front to Rear,Rain,Wet,Dark - Lighted,Traffic Control Signal,"Not Suspect of Alcohol Use, Not Suspect of Drug Use",Yes,Possible Injury,Not Distracted,CA,Sport Utility Vehicle,55,2013,MERCEDES-BENZ,GL-CLASS
MCP2662003B,250025412,MONTGOMERY,Injury Crash,06-07-25 16:47,County Route,YELLOWWOOD DR,ALLEY CUT THRU CUT,Single Vehicle,Cloudy,Dry,Daylight,Stop Sign,"Not Suspect of Alcohol Use, Not Suspect of Drug Use",No,No Apparent Injury,Not Distracted,VA,Sport Utility Vehicle,25,2023,JEEP,GRAND CHEROKEE L
MCP14170074,170500318,Montgomery County Police,Property Damage Crash,04-04-17 9:59,Maryland (State),QUINCE ORCHARD RD,BANK ST,SAME DIR REAR END,,WET,DAYLIGHT,TRAFFIC SIGNAL,NONE DETECTED,No,NO APPARENT INJURY,NOT DISTRACTED,MD,(SPORT) UTILITY VEHICLE,40,2014,HONDA,CRV
MCP30370053,230024265,Montgomery County Police,Property Damage Crash,05/20/2023 07:00:00 PM,,BELLERIVE DR,OAKLAND HILLS BLVD,ANGLE MEETS LEFT TURN,RAINING,WET,DUSK,YIELD SIGN,NONE DETECTED,No,NO APPARENT INJURY,NOT DISTRACTED,MD,PASSENGER CAR,25,2017,NISSAN,ALTIMA
MCP23610012,190033995,Montgomery County Police,Injury Crash,07/17/2019 08:02:00 PM,County,SNOUFFERS SCHOOL RD,NO NAME,SAME DIR REAR END,CLEAR,WET,DUSK,TRAFFIC SIGNAL,NONE DETECTED,No,NO APPARENT INJURY,NOT DISTRACTED,MD,VAN,35,2006,FORD,E350
DM84210018,170534480,Takoma Park Police Depart,Property Damage Crash,10-03-17 10:03,Municipality,CHICAGO AVE,NEW YORK AVE,SINGLE VEHICLE,CLEAR,DRY,DAYLIGHT,STOP SIGN,NONE DETECTED,Yes,NO APPARENT INJURY,NOT DISTRACTED,DC,TRANSIT BUS,25,2006,NEW FLYER,TBU
MCP2976004V,230026443,Montgomery County Police,Property Damage Crash,06-02-23 4:55,County,FAIRLAND RD,OLD COLUMBIA PIKE,STRAIGHT MOVEMENT ANGLE,CLEAR,DRY,DARK LIGHTS ON,FLASHING TRAFFIC SIGNAL,NONE DETECTED,Yes,NO APPARENT INJURY,NOT DISTRACTED,MD,PASSENGER CAR,35,2016,HONDA,CIVIC
MCP27070026,210046481,Montgomery County Police,Property Damage Crash,11/16/2021 12:30:00 PM,Maryland (State),WOODFIELD RD,MIDCOUNTY HWY,SINGLE VEHICLE,CLEAR,DRY,DAYLIGHT,TRAFFIC SIGNAL,NONE DETECTED,Yes,NO APPARENT INJURY,NOT DISTRACTED,MD,PASSENGER CAR,35,1988,NISSAN,300ZX
MCP33720034,240053886,MONTGOMERY,Injury Crash,11-09-24 20:49,Maryland (State) Route,GEORGIA AVE,,Front to Rear,Clear,Dry,Dark - Lighted,No Controls,"Not Suspect of Alcohol Use, Not Suspect of Drug Use",No,No Apparent Injury,Not Distracted,MD,Passenger Car,35,2013,FORD,FOCUS
MCP2516000D,15002565,Montgomery County Police,Property Damage Crash,01/16/2015 01:07:00 PM,,,,OTHER,CLEAR,,DAYLIGHT,NO CONTROLS,,Yes,NO APPARENT INJURY,NOT DISTRACTED,FL,PASSENGER CAR,15,1999,MERZ,C230
MCP2763001S,190022292,Montgomery County Police,Property Damage Crash,05-11-19 19:30,County,WIGHTMAN RD,GOSHEN RD,SAME DIRECTION LEFT TURN,RAINING,WET,DUSK,OTHER,NONE DETECTED,No,NO APPARENT INJURY,NOT DISTRACTED,MD,VAN,30,2017,FORD,CG
MCP32880015,210025530,Montgomery County Police,Injury Crash,07-03-21 9:52,County,SHADY GROVE RD,METRO ACCESS RD,STRAIGHT MOVEMENT ANGLE,CLEAR,DRY,DAYLIGHT,TRAFFIC SIGNAL,NONE DETECTED,Yes,NO APPARENT INJURY,UNKNOWN,MD,PICKUP TRUCK,35,2021,TOYOTA,TACOMA
DD5642003J,220040345,Rockville Police Departme,Property Damage Crash,09/16/2022 05:59:00 PM,Municipality,WOOTTON PKWY,PRESERVE PKWY,SAME DIR REAR END,CLEAR,DRY,DAYLIGHT,TRAFFIC SIGNAL,NONE DETECTED,Yes,NO APPARENT INJURY,UNKNOWN,MD,PASSENGER CAR,40,2017,TOYOTA,TK
DD56310043,210036917,Rockville Police Departme,Property Damage Crash,09/19/2021 02:09:00 AM,Maryland (State),VEIRS MILL RD,ATLANTIC AVE,SAME DIR REAR END,CLEAR,DRY,DARK LIGHTS ON,TRAFFIC SIGNAL,,Yes,NO APPARENT INJURY,TALKING OR LISTENING TO CELLULAR PHONE,MD,PASSENGER CAR,40,2012,SUBARU,SW
MCP30000011,16039666,Montgomery County Police,Property Damage Crash,08-04-16 15:30,,,,STRAIGHT MOVEMENT ANGLE,CLEAR,,DAYLIGHT,NO CONTROLS,NONE DETECTED,Yes,NO APPARENT INJURY,UNKNOWN,MD,PASSENGER CAR,10,2002,TOYT,VN
MCP0539004C,180020564,Montgomery County Police,Property Damage Crash,04/27/2018 08:38:00 AM,County,BEL PRE RD,HOMECREST RD,SAME DIRECTION SIDESWIPE,CLOUDY,WET,DAYLIGHT,TRAFFIC SIGNAL,NONE DETECTED,Yes,NO APPARENT INJURY,NOT DISTRACTED,MD,AMBULANCE/EMERGENCY,35,2016,GRHT,AMBULANCE
MCP33820017,240027266,MONTGOMERY,Property Damage Crash,06-08-24 13:00,County Route,FRANKFORT DR,ASPEN HILL RD GRENOBLE DR,Angle,Clear,Dry,Daylight,Stop Sign,"Not Suspect of Alcohol Use, Not Suspect of Drug Use",No,No Apparent Injury,Not Distracted,MD,Passenger Car,25,2017,CHEVROLET,SILVERADO
DD5648001L,220053901,Rockville Police Departme,Property Damage Crash,12-06-22 16:00,Maryland (State),FREDERICK RD,REDLAND BLVD,SAME DIR REAR END,RAINING,WET,DARK NO LIGHTS,TRAFFIC SIGNAL,MEDICATION PRESENT,Yes,NO APPARENT INJURY,INATTENTIVE OR LOST IN THOUGHT,MD,PASSENGER CAR,40,2007,TOYOTA,COROLLA
MCP15630027,16011507,MONTGOMERY,Injury Crash,03-08-16 15:38,Maryland (State),EAST WEST HWY,CAREY LA,SAME DIR REAR END,CLEAR,DRY,DAYLIGHT,,NONE DETECTED,No,POSSIBLE INJURY,NOT DISTRACTED,MD,PASSENGER CAR,35,2015,SUBARU,IMPREZA
EJ7858009S,240059601,GAITHERSBURG,Property Damage Crash,12/13/2024 12:10:00 PM,,,,Other,Cloudy,,Daylight,,"Not Suspect of Alcohol Use, Not Suspect of Drug Use",No,No Apparent Injury,Not Distracted,MD,Passenger Car,0,2018,MERCEDES-BENZ,C-CLASS
MCP2992000V,16039324,Montgomery County Police,Property Damage Crash,08-03-16 19:04,Maryland (State),GEORGIA AVE,HEATHFIELD RD,SAME DIR REAR END,CLEAR,DRY,DAYLIGHT,NO CONTROLS,NONE DETECTED,No,NO APPARENT INJURY,NOT DISTRACTED,VA,PASSENGER CAR,45,2011,HONDA,CRV
MCP2991004G,200031382,Montgomery County Police,Property Damage Crash,08-12-20 14:00,Maryland (State),SPENCERVILLE RD,PEACH ORCHARD RD,SINGLE VEHICLE,,DRY,DAYLIGHT,NO CONTROLS,NONE DETECTED,Yes,NO APPARENT INJURY,OTHER DISTRACTION,MD,PASSENGER CAR,45,2016,DODGE,RAM 1500
MCP2695000D,15042025,MONTGOMERY,Injury Crash,08/22/2015 02:15:00 AM,Maryland (State),GEORGIA AVE,HEWITT AVE,HEAD ON,CLEAR,DRY,DARK LIGHTS ON,OTHER,,No,SUSPECTED MINOR INJURY,NOT DISTRACTED,MD,PASSENGER CAR,25,2013,HONDA,ACCORD
MCP12200024,15013720,Montgomery County Police,Injury Crash,03/25/2015 09:42:00 AM,County,POWDER MILL RD,GREENACRES DR,UNKNOWN,RAINING,WET,DAYLIGHT,NO CONTROLS,NONE DETECTED,Yes,SUSPECTED MINOR INJURY,UNKNOWN,MD,(SPORT) UTILITY VEHICLE,35,2004,HONDA,PILOT
DD5640000F,200014955,Rockville Police Departme,Injury Crash,04-04-20 2:10,Maryland (State),ROCKVILLE PIKE,FIRST ST,STRAIGHT MOVEMENT ANGLE,CLEAR,DRY,DARK LIGHTS ON,TRAFFIC SIGNAL,ILLEGAL DRUG PRESENT,Yes,SUSPECTED MINOR INJURY,NOT DISTRACTED,MD,PASSENGER CAR,40,2002,HONDA,ACCORD
MCP2789004Z,180034066,Montgomery County Police,Injury Crash,07-10-18 15:20,US (State),GEORGIA AVE,13TH ST,HEAD ON LEFT TURN,,DRY,,TRAFFIC SIGNAL,,Yes,POSSIBLE INJURY,NOT DISTRACTED,MD,MOTORCYCLE,35,2009,KAWASAKI,MC
MCP2853006Q,190047280,Montgomery County Police,Property Damage Crash,10-02-19 15:25,Maryland (State),NEW HAMPSHIRE AVE,RAMP 8 FR MD 650 SB TO IS 495 WB,SAME DIRECTION SIDESWIPE,CLEAR,DRY,DAYLIGHT,,,No,NO APPARENT INJURY,NOT DISTRACTED,MD,SCHOOL BUS,40,2020,THOMAS,BUS
MCP30190011,170514289,Montgomery County Police,Property Damage Crash,06/17/2017 06:07:00 PM,Government,LITTLE FALLS PKWY,RIVER RD,SAME DIRECTION LEFT TURN,CLEAR,DRY,DAYLIGHT,NO CONTROLS,NONE DETECTED,No,NO APPARENT INJURY,UNKNOWN,MD,PASSENGER CAR,35,2015,FORD,TRUCK
MCP137800LW,180037990,Montgomery County Police,Property Damage Crash,07/31/2018 05:59:00 PM,Maryland (State),FREDERICK RD,MARYLAND AVE,STRAIGHT MOVEMENT ANGLE,CLOUDY,DRY,DAYLIGHT,NO CONTROLS,NONE DETECTED,No,NO APPARENT INJURY,NOT DISTRACTED,MD,PASSENGER CAR,30,2000,HONDA,ACCORD
MCP2844005Z,220039698,Montgomery County Police,Property Damage Crash,09-12-22 19:30,County,RANDOLPH RD,GOODHILL RD,OTHER,CLEAR,WET,DARK LIGHTS ON,NO CONTROLS,,No,NO APPARENT INJURY,NOT DISTRACTED,MD,TRANSIT BUS,35,2009,GILG,TRANSIT BUS
EJ7860000H,16023495,Gaithersburg Police Depar,Property Damage Crash,05-12-16 22:21,Maryland (State),W DIAMOND AVE,MUDDY BRANCH RD,HEAD ON LEFT TURN,RAINING,WET,DARK NO LIGHTS,TRAFFIC SIGNAL,NONE DETECTED,No,NO APPARENT INJURY,NOT DISTRACTED,MD,PASSENGER CAR,35,2015,TOYOTA,COROLLA
MCP2751000P,15047596,MONTGOMERY,Property Damage Crash,09/19/2015 09:32:00 PM,,,,OTHER,,,DARK LIGHTS ON,NO CONTROLS,NONE DETECTED,Yes,NO APPARENT INJURY,NOT DISTRACTED,MD,PASSENGER CAR,15,2001,BMW,M3