Report Number,Local Case Number,Agency Name,ACRS Report Type,Crash Date/Time,Route Type,Road Name,Cross-Street Name,Collision Type,Weather,Surface Condition,Light,Traffic Control,Driver Substance Abuse,Driver At Fault,Injury Severity,Driver Distracted By,Drivers License State,Vehicle Body Type,Speed Limit,Vehicle Year,Vehicle Make,Vehicle Model
MCP11130025,180041235,Montgomery County Police,Injury Crash,08/19/2018 12:24:00 PM,Maryland (State),WOODFIELD RD,GARFIELD DR,SAME DIR REAR END,CLOUDY,DRY,DAYLIGHT,NO CONTROLS,NONE DETECTED,Yes,NO APPARENT INJURY,INATTENTIVE OR LOST IN THOUGHT,MD,PICKUP TRUCK,40,2006,NISSAN,FRONTIER
HA2396000P,19002838,Maryland-National Capital,Property Damage Crash,10/20/2019 04:00:00 PM,Government,BEACH DR,WEXFORD DR,SAME DIR REND LEFT TURN,RAINING,WET,DAYLIGHT,NO CONTROLS,NONE DETECTED,Yes,NO APPARENT INJURY,NOT DISTRACTED,MD,PASSENGER CAR,25,2016,TOYOTA,CAMRY
MCP3063004L,230071105,Montgomery County Police,Property Damage Crash,12-11-23 13:57,Maryland (State),EAST WEST HWY,BLAIR MILL WAY,OTHER,CLEAR,DRY,,,NONE DETECTED,No,NO APPARENT INJURY,NOT DISTRACTED,MD,PASSENGER CAR,30,2022,GILG,BU
MCP2987009P,250031601,MONTGOMERY,Property Damage Crash,07/15/2025 06:38:00 PM,County Route,CALVERTON BLVD,BROADBIRCH DR                 CHERRY HILL RD,Angle,Clear,Dry,Daylight,Traffic Control Signal,"Not Suspect of Alcohol Use, Not Suspect of Drug Use",Yes,No Apparent Injury,Not Distracted,MD,Passenger Car,30,2018,TOYOTA,YARIS IA
MCP2905005G,230022355,Montgomery County Police,Property Damage Crash,05-10-23 9:54,Maryland (State),OLD GEORGETOWN RD,RAMP 5 FR MD 187 SB TO RAMP 4 (TO IS270),SINGLE VEHICLE,CLEAR,DRY,DAYLIGHT,TRAFFIC SIGNAL,,Yes,NO APPARENT INJURY,NOT DISTRACTED,MD,PASSENGER CAR,25,2014,TOYTA,AVALON
MCP1550001K,15054213,MONTGOMERY,Property Damage Crash,10/25/2015 06:01:00 PM,Maryland (State),RIVER RD,NEWPORT AVE,SINGLE VEHICLE,CLOUDY,DRY,DARK LIGHTS ON,,NONE DETECTED,Yes,NO APPARENT INJURY,NOT DISTRACTED,DC,PASSENGER CAR,45,2014,HYUNDAI,ELANTRA
MCP229800HR,180015322,Montgomery County Police,Property Damage Crash,03/29/2018 02:55:00 PM,Maryland (State),GREAT SENECA HWY,MATENY RD,SAME DIR REAR END,CLEAR,DRY,DAYLIGHT,NO CONTROLS,NONE DETECTED,No,NO APPARENT INJURY,NOT DISTRACTED,WV,PASSENGER CAR,50,2009,SUBARU,FORESTER
MCP3038004Z,210003312,Montgomery County Police,Injury Crash,01/26/2021 07:30:00 PM,Maryland (State),16TH ST,EAST WEST HWY,HEAD ON LEFT TURN,RAINING,WET,DARK LIGHTS ON,TRAFFIC SIGNAL,NONE DETECTED,Yes,NO APPARENT INJURY,LOOKED BUT DID NOT SEE,MD,(SPORT) UTILITY VEHICLE,35,2008,INFINITI,QX56
MCP29020047,200020204,Montgomery County Police,Injury Crash,05/20/2020 01:51:00 PM,Maryland (State),FREDERICK RD,GERMANTOWN RD,STRAIGHT MOVEMENT ANGLE,CLEAR,DRY,DAYLIGHT,TRAFFIC SIGNAL,NONE DETECTED,Yes,POSSIBLE INJURY,UNKNOWN,MD,PASSENGER CAR,45,2012,CHRYSLER,300
MCP2039008M,230022769,Montgomery County Police,Injury Crash,05-12-23 10:12,Maryland (State),VEIRS MILL RD,RANDOLPH RD,SAME DIRECTION SIDESWIPE,CLEAR,DRY,DAYLIGHT,,,No,NO APPARENT INJURY,NOT DISTRACTED,MD,PASSENGER CAR,35,2019,HONDA,ACCORD
EJ7837001G,16066713,Gaithersburg Police Depar,Property Damage Crash,12/28/2016 05:20:00 AM,Maryland (State),FREDERICK RD,TRAVIS AVE,SINGLE VEHICLE,CLEAR,DRY,DARK LIGHTS ON,TRAFFIC SIGNAL,,No,NO APPARENT INJURY,LOOKED BUT DID NOT SEE,MD,PASSENGER CAR,40,2016,NISSAN,ALTIMA
MCP29730009,15020978,Montgomery County Police,Injury Crash,05-03-15 0:00,Maryland (State),GEORGIA AVE,UNIVERSITY BLVD W,STRAIGHT MOVEMENT ANGLE,CLEAR,DRY,DARK LIGHTS ON,NO CONTROLS,NONE DETECTED,Yes,NO APPARENT INJURY,LOOKED BUT DID NOT SEE,MD,PASSENGER CAR,35,2008,HONDA,CRV
EJ7851004C,190033137,Gaithersburg Police Depar,Property Damage Crash,07-12-19 14:20,Municipality,RUSSELL AVE,MONTGOMERY VILLAGE AVE,SAME DIR REAR END,CLEAR,DRY,DAYLIGHT,TRAFFIC SIGNAL,UNKNOWN,Yes,NO APPARENT INJURY,UNKNOWN,,,30,0,UNKNOWN,UNKNOWN
MCP1265000W,190049004,Montgomery County Police,Injury Crash,10-12-19 6:59,County,CARROLL AVE,PINEY BRANCH RD,SAME DIR REAR END,CLEAR,DRY,DAWN,,NONE DETECTED,Yes,SUSPECTED MINOR INJURY,NOT DISTRACTED,MD,PASSENGER CAR,25,2016,SCION,IM
MCP1475000Y,17005419,Montgomery County Police,Property Damage Crash,01/31/2017 02:37:00 PM,County,STEDWICK DR,STEDWICK RD,HEAD ON,CLEAR,,DAYLIGHT,,NONE DETECTED,Yes,NO APPARENT INJURY,LOOKED BUT DID NOT SEE,MD,PASSENGER CAR,15,2006,NISS,4S
MCP2797000L,15006126,Montgomery County Police,Property Damage Crash,02-06-15 20:03,Maryland (State),UNIVERSITY BLVD W,GRANDVIEW AVE,ANGLE MEETS RIGHT TURN,CLEAR,DRY,DARK LIGHTS ON,TRAFFIC SIGNAL,NONE DETECTED,No,NO APPARENT INJURY,NOT DISTRACTED,MD,PASSENGER CAR,25,2004,TOYT,CAMRY
MCP2671003L,230056358,Montgomery County Police,Property Damage Crash,09/23/2023 05:46:00 PM,County,FLOWER AVE,E WAYNE AVE,SAME DIR REAR END,CLEAR,DRY,DAYLIGHT,TRAFFIC SIGNAL,NONE DETECTED,No,NO APPARENT INJURY,NOT DISTRACTED,MD,PASSENGER CAR,15,2015,TOYOTA,RAV4
MCP3230001M,200043872,Montgomery County Police,Property Damage Crash,11-06-20 18:05,Maryland (State),NORBECK RD,BALTIMORE RD,SAME DIR REAR END,CLEAR,DRY,DARK LIGHTS ON,,NONE DETECTED,Yes,NO APPARENT INJURY,NOT DISTRACTED,MD,PASSENGER CAR,50,2005,HONDA,ACCORD
DD5631004Y,230022066,Rockville Police Departme,Property Damage Crash,05-08-23 19:15,Maryland (State),VEIRS MILL RD,ROCKVILLE PIKE,OTHER,CLEAR,DRY,DAYLIGHT,YIELD SIGN,NONE DETECTED,No,NO APPARENT INJURY,NOT DISTRACTED,MD,PASSENGER CAR,40,2007,HONDA,CIVIC
MCP2607005R,210050694,Montgomery County Police,Property Damage Crash,12/13/2021 05:04:00 PM,,,,SAME DIRECTION SIDESWIPE,CLEAR,,DARK LIGHTS ON,NO CONTROLS,UNKNOWN,Yes,NO APPARENT INJURY,UNKNOWN,MD,PASSENGER CAR,0,2008,FORD,F150
MCP28670030,16056649,Montgomery County Police,Injury Crash,11-03-16 9:44,Maryland (State),NEW HAMPSHIRE AVE,ELTON RD,SAME DIRECTION LEFT TURN,CLEAR,DRY,DAYLIGHT,,NONE DETECTED,No,NO APPARENT INJURY,NOT DISTRACTED,MD,PASSENGER CAR,40,2008,HONDA,CIVIC
DD5634000L,180052540,Rockville Police Departme,Property Damage Crash,10/20/2018 10:41:00 AM,Municipality,FIRST ST,READING AVE,SAME DIR REAR END,CLOUDY,DRY,DAYLIGHT,NO CONTROLS,NONE DETECTED,No,NO APPARENT INJURY,NOT DISTRACTED,MD,PASSENGER CAR,40,2012,HOND,4S
MCP28230017,15017102,Montgomery County Police,Property Damage Crash,04/13/2015 03:34:00 PM,County,ASPEN HILL RD,ARCTIC AVE,STRAIGHT MOVEMENT ANGLE,CLEAR,DRY,DAYLIGHT,TRAFFIC SIGNAL,NONE DETECTED,No,NO APPARENT INJURY,NOT DISTRACTED,MD,PASSENGER CAR,35,2012,TOYOTA,VN
MCP14650020,16007078,MONTGOMERY,Injury Crash,02-11-16 11:02,Maryland (State),RIVER RD,SPRINGRIDGE RD,HEAD ON LEFT TURN,CLEAR,DRY,DAYLIGHT,NO CONTROLS,NONE DETECTED,No,SUSPECTED MINOR INJURY,UNKNOWN,MD,(SPORT) UTILITY VEHICLE,50,2012,HONDA,CRV
MCP31800013,200001140,Montgomery County Police,Property Damage Crash,01-07-20 16:22,County,BOWIE MILL RD,THORNHURST DR,SAME DIR REAR END,SNOW,SNOW,DAYLIGHT,NO CONTROLS,NONE DETECTED,Yes,NO APPARENT INJURY,NOT DISTRACTED,MD,"OTHER LIGHT TRUCKS (10,000LBS (4,536KG) OR LESS)",35,2006,DODGE,TRUCK
MCP2586007V,240058864,MONTGOMERY,Property Damage Crash,12-09-24 14:25,County Route,BRINK RD (WB/L),,Single Vehicle,Clear,Oil,Daylight,No Controls,"Not Suspect of Alcohol Use, Not Suspect of Drug Use",No,No Apparent Injury,Not Distracted,MD,Passenger Car,40,2009,TOYOTA,CAMRY
MCP3051002B,180052047,Montgomery County Police,Property Damage Crash,10/17/2018 04:00:00 PM,County,ORKNEY PKWY,SELKIRK DR,OTHER,CLEAR,DRY,DAYLIGHT,,NONE DETECTED,Unknown,NO APPARENT INJURY,UNKNOWN,MD,PASSENGER CAR,25,2012,ACURA,RDX
MCP91130052,190028875,Montgomery County Police,Property Damage Crash,06/17/2019 10:15:00 AM,Maryland (State),GEORGIA AVE,BEL PRE RD,SAME DIRECTION SIDESWIPE,CLEAR,DRY,DAYLIGHT,TRAFFIC SIGNAL,NONE DETECTED,Yes,NO APPARENT INJURY,NOT DISTRACTED,MD,PASSENGER CAR,45,1998,BUIC,ULTRA
MCP2799004V,190015530,Montgomery County Police,Property Damage Crash,04-03-19 20:45,Maryland (State),GEORGIA AVE,HINES RD,STRAIGHT MOVEMENT ANGLE,CLEAR,DRY,DARK LIGHTS ON,TRAFFIC SIGNAL,NONE DETECTED,Yes,NO APPARENT INJURY,LOOKED BUT DID NOT SEE,MD,PASSENGER CAR,30,2006,TOYT,COROLLA
MCP2059002B,15065235,MONTGOMERY,Injury Crash,12/21/2015 09:29:00 AM,Maryland (State),OLD GEORGETOWN RD,RAMP 4 FR MD 187 NB TO IS 270 EB,SAME DIRECTION LEFT TURN,CLOUDY,DRY,DAYLIGHT,TRAFFIC SIGNAL,NONE DETECTED,No,NO APPARENT INJURY,NOT DISTRACTED,MD,"MEDIUM/HEAVY TRUCKS 3 AXLES (OVER 10,000LBS (4,536KG))",40,2007,INTERNATIONAL,7400 DT
DD5628005G,220003059,Rockville Police Departme,Property Damage Crash,01/24/2022 11:35:00 AM,,,,OTHER,CLEAR,,DAYLIGHT,NO CONTROLS,UNKNOWN,Yes,NO APPARENT INJURY,UNKNOWN,,PASSENGER CAR,5,2017,SUBARU,LEGACY
MCP3256000M,200049041,Montgomery County Police,Property Damage Crash,12-12-20 20:36,Maryland (State),OLD COLUMBIA PIKE,E RANDOLPH RD,SAME DIR REAR END,CLEAR,WET,DARK LIGHTS ON,NO CONTROLS,NONE DETECTED,Yes,NO APPARENT INJURY,LOOKED BUT DID NOT SEE,MD,PASSENGER CAR,35,2015,TOYOTA,RAV4
MCP268900BK,240034313,MONTGOMERY,Property Damage Crash,07/20/2024 04:44:00 PM,County Route,GOSHEN RD,,Angle,Rain,Wet,Daylight,No Controls,"Not Suspect of Alcohol Use, Not Suspect of Drug Use",No,No Apparent Injury,Not Distracted,,Passenger Car,35,2007,TOYOTA,SCION TC
DD55950061,180029932,Rockville Police Departme,Property Damage Crash,06/17/2018 02:05:00 PM,,,,HEAD ON,CLEAR,,DARK LIGHTS ON,,NONE DETECTED,Yes,NO APPARENT INJURY,NOT DISTRACTED,MD,PASSENGER CAR,15,2012,HONDA,4S
MCP2254001B,170530949,Montgomery County Police,Injury Crash,09/16/2017 01:00:00 PM,County,SNOWDEN FARM PKWY,FOREMAN BLVD,STRAIGHT MOVEMENT ANGLE,,DRY,DAYLIGHT,STOP SIGN,NONE DETECTED,Yes,NO APPARENT INJURY,LOOKED BUT DID NOT SEE,NJ,PASSENGER CAR,35,2013,HONDA,ACCORD
MCP2939005X,210039913,Montgomery County Police,Injury Crash,10-06-21 20:23,County,BETHESDA CHURCH RD,RIDGE MANOR DR,SAME DIR REAR END,CLEAR,DRY,DARK LIGHTS ON,NO CONTROLS,NONE DETECTED,Yes,NO APPARENT INJURY,INATTENTIVE OR LOST IN THOUGHT,MD,PASSENGER CAR,30,2017,MAZDA,6
HA2386000X,20000962,Maryland-National Capital,Property Damage Crash,04/21/2020 12:45:00 PM,County,SNOUFFERS SCHOOL RD,WOODFIELD RD,SAME DIR REAR END,CLEAR,DRY,DAYLIGHT,TRAFFIC SIGNAL,,No,NO APPARENT INJURY,NOT DISTRACTED,MD,PICKUP TRUCK,35,2012,FORD,TK
MCP2814000Y,15020682,Montgomery County Police,Property Damage Crash,05-02-15 1:58,County,EAST VILLAGE AVE,DOUBLELAND RD,SINGLE VEHICLE,CLEAR,DRY,DARK LIGHTS ON,NO CONTROLS,UNKNOWN,Yes,NO APPARENT INJURY,UNKNOWN,,PASSENGER CAR,35,1998,LEXUS,4D
MCP1366005H,16062569,Montgomery County Police,Property Damage Crash,12-06-16 8:40,County,E GUDE DR,CALHOUN DR,HEAD ON LEFT TURN,RAINING,WET,DAYLIGHT,TRAFFIC SIGNAL,NONE DETECTED,No,NO APPARENT INJURY,NOT DISTRACTED,MD,PASSENGER CAR,40,2011,NISSAN,ALTIMA
MCP3089003S,230026163,Montgomery County Police,Property Damage Crash,05/31/2023 06:45:00 PM,County,FOREST GLEN RD,ADMIRALTY DR,SAME DIR REAR END,CLEAR,DRY,DAYLIGHT,,,No,NO APPARENT INJURY,NOT DISTRACTED,MD,PASSENGER CAR,10,2021,SUBARU,CROSSTREK
MCP1512000R,16054969,Montgomery County Police,Injury Crash,10/25/2016 05:53:00 PM,Maryland (State),GREAT SENECA HWY,LONGDRAFT RD,HEAD ON,CLEAR,DRY,DAYLIGHT,TRAFFIC SIGNAL,NONE DETECTED,No,NO APPARENT INJURY,NOT DISTRACTED,WV,PICKUP TRUCK,45,2007,TOYOTA,TACOMA
MCP2534002K,180045658,Montgomery County Police,Injury Crash,09/13/2018 01:52:00 AM,County,PRICE AVE,GEORGIA AVE,SAME DIR REAR END,CLEAR,DRY,DARK LIGHTS ON,STOP SIGN,ALCOHOL PRESENT,Yes,NO APPARENT INJURY,NOT DISTRACTED,MD,PASSENGER CAR,25,2011,TOYOTA,COROLLA
MCP3126003S,220047426,Montgomery County Police,Property Damage Crash,10/28/2022 06:30:00 PM,Maryland (State),FREDERICK RD,SHAKESPEARE BLVD,STRAIGHT MOVEMENT ANGLE,CLEAR,DRY,DARK LIGHTS ON,TRAFFIC SIGNAL,NONE DETECTED,No,NO APPARENT INJURY,NOT DISTRACTED,MD,PASSENGER CAR,40,2016,HOND,SD
MCP3351001P,230065428,Montgomery County Police,Property Damage Crash,11-09-23 17:30,County,BROADBIRCH DR,PLUM ORCHARD DR,STRAIGHT MOVEMENT ANGLE,CLEAR,WET,DUSK,NO CONTROLS,NONE DETECTED,Yes,NO APPARENT INJURY,LOOKED BUT DID NOT SEE,MD,VAN,30,2015,HOND,VN
MCP3400000X,240017071,MONTGOMERY,Injury Crash,04-12-24 14:25,Maryland (State) Route,UNIVERSITY BLVD W (WB/L),LORAIN AVE,Angle,Clear,Dry,Daylight,No Controls,"Not Suspect of Alcohol Use, Not Suspect of Drug Use",No,Possible Injury,Not Distracted,MD,Passenger Car,35,2021,TOYOTA,HIGHLANDER
MCP271700G7,180008812,Montgomery County Police,Property Damage Crash,02/20/2018 02:30:00 PM,Maryland (State),WISCONSIN AVE,WOODMONT AVE,OTHER,CLEAR,DRY,DAYLIGHT,TRAFFIC SIGNAL,NONE DETECTED,No,NO APPARENT INJURY,UNKNOWN,MD,VAN,35,2007,NISSAN,MAXIMA
MCP2425009R,170518719,Montgomery County Police,Property Damage Crash,07-12-17 18:09,,,,SINGLE VEHICLE,,,DAYLIGHT,,NONE DETECTED,Yes,NO APPARENT INJURY,NOT DISTRACTED,MD,FIRE VEHICLE/NON EMERGENCY,0,2008,SPARTAN,FIRE TRUCK
MCP27720016,170530220,Montgomery County Police,Injury Crash,09-12-17 22:00,Maryland (State),CONNECTICUT AVE,PLYERS MILL RD,SAME DIR REAR END,CLEAR,DRY,DARK LIGHTS ON,TRAFFIC SIGNAL,ALCOHOL CONTRIBUTED,Yes,POSSIBLE INJURY,UNKNOWN,MD,PASSENGER CAR,35,2004,CHEVY,SILVERADO
MCP9429001F,250022527,MONTGOMERY,Property Damage Crash,05/21/2025 03:06:00 PM,US (State),COLESVILLE RD,,Front to Rear,Rain,Wet,Daylight,"Other Pavement Marking (excluding edgelines, centerlines, or lane lines)","Not Suspect of Alcohol Use, Not Suspect of Drug Use",No,No Apparent Injury,Not Distracted,MD,Passenger Car,35,2008,TOYOTA,SIENNA
MCP2730000W,16041061,Montgomery County Police,Property Damage Crash,08/13/2016 10:00:00 AM,County,WARING STATION RD,WISTERIA DR,STRAIGHT MOVEMENT ANGLE,CLEAR,DRY,DAYLIGHT,STOP SIGN,UNKNOWN,Yes,NO APPARENT INJURY,UNKNOWN,,,25,0,UNKNOWN,UNKNOWN
MCP229800JR,180030486,Montgomery County Police,Property Damage Crash,06/20/2018 03:25:00 PM,Maryland (State),BUCKLODGE RD,MOORE RD,SAME DIR REND RIGHT TURN,CLOUDY,DRY,DAYLIGHT,NO CONTROLS,NONE DETECTED,No,NO APPARENT INJURY,NOT DISTRACTED,MD,PICKUP TRUCK,40,2016,TOYT,TK
EJ7873002W,200031346,Gaithersburg Police Depar,Property Damage Crash,07-03-20 8:53,Municipality,E DIAMOND AVE,ALLEY #3,SINGLE VEHICLE,CLEAR,DRY,DAYLIGHT,NO CONTROLS,UNKNOWN,Yes,NO APPARENT INJURY,UNKNOWN,,,25,0,UNKNOWN,UNKNOWN
MCP32490028,210036638,Montgomery County Police,Injury Crash,09/17/2021 09:51:00 AM,US (State),COLUMBIA PIKE,STEWART LA,OTHER,RAINING,WET,DAYLIGHT,TRAFFIC SIGNAL,NONE DETECTED,Yes,SUSPECTED MINOR INJURY,LOOKED BUT DID NOT SEE,MD,VAN,50,2019,FORD,VAN
MCP3129000H,180059713,Montgomery County Police,Property Damage Crash,11/29/2018 04:18:00 PM,County,RANDOLPH RD,GEORGIA AVE,SAME DIRECTION SIDESWIPE,CLEAR,DRY,DAYLIGHT,TRAFFIC SIGNAL,UNKNOWN,Yes,NO APPARENT INJURY,LOOKED BUT DID NOT SEE,,"OTHER LIGHT TRUCKS (10,000LBS (4,536KG) OR LESS)",40,2013,INTERNATIONAL,TRUCK
MCP2767001W,16043452,Montgomery County Police,Injury Crash,08/26/2016 03:57:00 PM,Maryland (State),VEIRS MILL RD,CLARIDGE RD,HEAD ON LEFT TURN,CLEAR,DRY,DAYLIGHT,TRAFFIC SIGNAL,NONE DETECTED,No,NO APPARENT INJURY,NOT DISTRACTED,MD,(SPORT) UTILITY VEHICLE,35,2016,KIA,SORENTO
EJ7875006L,250018909,GAITHERSBURG,Property Damage Crash,04/30/2025 04:00:00 PM,Municipality Route,WASHINGTONIAN BLVD,,Front to Rear,Clear,Dry,Daylight,No Controls,"Not Suspect of Alcohol Use, Not Suspect of Drug Use",No,No Apparent Injury,Not Distracted,MD,Passenger Car,20,2014,HONDA,CR-V
MCP3017001W,220012456,Montgomery County Police,Property Damage Crash,03/22/2022 10:55:00 PM,County,MILL RUN DR,PARK MILL DR,HEAD ON,CLEAR,,DARK LIGHTS ON,NO CONTROLS,NONE DETECTED,No,NO APPARENT INJURY,NOT DISTRACTED,MD,PASSENGER CAR,25,2008,KIA,4S
DD5638002B,210001855,Rockville Police Departme,Property Damage Crash,01/15/2021 01:10:00 PM,,,,STRAIGHT MOVEMENT ANGLE,CLEAR,,DAYLIGHT,,,No,NO APPARENT INJURY,NOT DISTRACTED,CA,PASSENGER CAR,10,2018,KIA,PTIMA
DM85020008,220011440,Takoma Park Police Depart,Injury Crash,03/17/2022 07:55:00 AM,Municipality,LINCOLN AVE,CARROLL AVE,STRAIGHT MOVEMENT ANGLE,,WET,DAYLIGHT,STOP SIGN,NONE DETECTED,Yes,POSSIBLE INJURY,NOT DISTRACTED,DC,PASSENGER CAR,25,2020,AUDI,SUV
MCP2969005L,180060372,Montgomery County Police,Property Damage Crash,12-03-18 10:30,County,RANDOLPH RD,LOCKSLEY LA,SAME DIR REAR END,CLEAR,DRY,DAYLIGHT,TRAFFIC SIGNAL,NONE DETECTED,No,NO APPARENT INJURY,NOT DISTRACTED,MD,PASSENGER CAR,40,2012,MERZ,C300
MCP29360064,230055795,Montgomery County Police,Property Damage Crash,09/19/2023 04:45:00 PM,County,DEMOCRACY BLVD,RAMP 4 FR IS 270Y NB TO DEMOCRACY BLVD,STRAIGHT MOVEMENT ANGLE,CLEAR,DRY,DAYLIGHT,TRAFFIC SIGNAL,NONE DETECTED,No,NO APPARENT INJURY,NOT DISTRACTED,MD,VAN,30,2006,FORD,E350
EJ7885003P,230063613,Gaithersburg Police Depar,Injury Crash,10/31/2023 03:34:00 PM,,WATKINS MILL RD,FOREST PRSERVE DR,SAME DIRECTION SIDESWIPE,,DRY,DAYLIGHT,NO CONTROLS,NONE DETECTED,No,NO APPARENT INJURY,NOT DISTRACTED,MD,PASSENGER CAR,35,2012,ACUR,TK
MCP29390073,250000545,MONTGOMERY,Property Damage Crash,01-04-25 20:50,County Route,SHAKESPEARE BLVD,FREDERICK RD,Other,Clear,Dry,Dark - Lighted,Traffic Control Signal,"Not Suspect of Alcohol Use, Not Suspect of Drug Use",Yes,No Apparent Injury,Unknown,MD,Passenger Car,30,2013,VOLKSWAGEN,EOS
MCP3184000F,190017101,Montgomery County Police,Property Damage Crash,04-12-19 14:58,County,THAYER AVE,HOUSTON ST,OTHER,RAINING,WET,DAYLIGHT,,,No,NO APPARENT INJURY,NOT DISTRACTED,MD,SCHOOL BUS,25,2013,THOMAS BUILT,BUS
MCP2330004Z,250011443,MONTGOMERY,Property Damage Crash,03/15/2025 11:27:00 PM,County Route,BELLS MILL RD,WILLOWBROOK DR,Single Vehicle,Clear,Dry,Dark - Lighted,No Controls,"Not Suspect of Alcohol Use, Not Suspect of Drug Use",No,No Apparent Injury,Not Distracted,MD,Passenger Car,30,2025,FORD,EXPLORER
MCP302600B6,230030371,Montgomery County Police,Property Damage Crash,06/25/2023 11:38:00 AM,Maryland (State),CONNECTICUT AVE,CAPITAL BELTWAY,SAME DIR REAR END,CLEAR,DRY,DAYLIGHT,TRAFFIC SIGNAL,UNKNOWN,Yes,NO APPARENT INJURY,UNKNOWN,,UNKNOWN,35,0,UNKNOWN,UNKNOWN
MCP2516000S,16045099,Montgomery County Police,Injury Crash,09-03-16 12:48,County,RIFFLE FORD RD,GERMANTOWN RD,SINGLE VEHICLE,CLEAR,DRY,DAYLIGHT,,,Yes,SUSPECTED MINOR INJURY,NOT DISTRACTED,MD,MOTORCYCLE,35,2000,SUZUKI,MOTORBIKE
MCP2031001M,180056454,Montgomery County Police,Injury Crash,11-10-18 12:00,Maryland (State),WOODFIELD RD,BRINK RD,HEAD ON LEFT TURN,CLEAR,DRY,DAYLIGHT,TRAFFIC SIGNAL,NONE DETECTED,No,POSSIBLE INJURY,NOT DISTRACTED,MD,PASSENGER CAR,35,2015,MERZ,TK
MCP3295002G,220048722,Montgomery County Police,Injury Crash,11-04-22 20:50,US (State),COLUMBIA PIKE,RAMP 8 FR US 29 SB TO MD 200 WB,HEAD ON,CLEAR,DRY,DARK LIGHTS ON,,ALCOHOL PRESENT,Yes,NO APPARENT INJURY,NOT DISTRACTED,MD,PASSENGER CAR,50,2022,PORSCHE,MACAN
DD5538004B,240014040,ROCKVILLE,Property Damage Crash,03/25/2024 07:50:00 AM,Maryland (State) Route,W MONTGOMERY AVE,,Front to Rear,Clear,Dry,Daylight,Traffic Control Signal,"Not Suspect of Alcohol Use, Not Suspect of Drug Use",Yes,No Apparent Injury,Unknown,MD,Passenger Car,35,2017,SUBARU,IMPREZA
EJ78990027,250041545,GAITHERSBURG,Property Damage Crash,09/15/2025 09:47:00 PM,Municipality Route,S SUMMIT AVE,OLDE TOWNE AVE,Angle,Clear,Dry,Dark - Lighted,No Controls,"Not Suspect of Alcohol Use, Not Suspect of Drug Use",No,No Apparent Injury,Not Distracted,MD,Passenger Car,25,1999,LEXUS,ES
MCP2723000R,15037232,MONTGOMERY,Injury Crash,07/28/2015 08:49:00 AM,Maryland (State),NORBECK RD,WHITEHAVEN RD,OPPOSITE DIRECTION SIDESWIPE,"BLOWING SAND, SOIL, DIRT",DRY,DAYLIGHT,NO CONTROLS,,No,NO APPARENT INJURY,NOT DISTRACTED,MD,PASSENGER CAR,40,2010,FORD,FUSION
MCP0036006W,170530033,Montgomery County Police,Injury Crash,09-12-17 7:45,Maryland (State),FREDERICK RD,SHAKESPEARE BLVD,STRAIGHT MOVEMENT ANGLE,CLEAR,DRY,DAYLIGHT,TRAFFIC SIGNAL,NONE DETECTED,No,SUSPECTED MINOR INJURY,NOT DISTRACTED,MD,(SPORT) UTILITY VEHICLE,30,2013,FORD,EXPLORER
MCP2305002M,230004682,Montgomery County Police,Property Damage Crash,01/29/2023 12:19:00 AM,Maryland (State),RIDGE RD,MORNING STAR DR,SINGLE VEHICLE,CLEAR,DRY,DARK LIGHTS ON,NO CONTROLS,NONE DETECTED,No,NO APPARENT INJURY,NOT DISTRACTED,MD,PASSENGER CAR,40,2023,HYUN,ELANTRA
MCP2813001W,16005511,Montgomery County Police,Property Damage Crash,02-02-16 17:53,Maryland (State),GEORGIA AVE,HICKERSON DR,HEAD ON LEFT TURN,CLEAR,DRY,DARK LIGHTS ON,NO CONTROLS,,Yes,NO APPARENT INJURY,LOOKED BUT DID NOT SEE,MD,PASSENGER CAR,35,2011,VOLK,EOS
MCP295200DG,230004729,Montgomery County Police,Injury Crash,01/29/2023 12:44:00 PM,County,FENTON ST,SLIGO AVE,OTHER,RAINING,WET,DAYLIGHT,NO CONTROLS,NONE DETECTED,No,POSSIBLE INJURY,NOT DISTRACTED,DC,(SPORT) UTILITY VEHICLE,25,2010,HONDA,PILOT
MCP2989000P,170518552,Montgomery County Police,Property Damage Crash,06/22/2017 10:00:00 AM,County,FOREST GLEN RD,WOODLAND DR,STRAIGHT MOVEMENT ANGLE,CLEAR,DRY,DAYLIGHT,STOP SIGN,UNKNOWN,Yes,NO APPARENT INJURY,UNKNOWN,,PASSENGER CAR,25,2016,TOYT,4S
MCP2752003Y,200025633,Montgomery County Police,Property Damage Crash,07-01-20 18:30,Maryland (State),RIVER RD,BUTLER RD,STRAIGHT MOVEMENT ANGLE,CLEAR,DRY,DAYLIGHT,NO CONTROLS,,No,NO APPARENT INJURY,NOT DISTRACTED,MD,PASSENGER CAR,25,2015,BMW,228I
DD5621001H,170533861,Rockville Police Departme,Property Damage Crash,09/29/2017 04:17:00 PM,Maryland (State),FIRST ST,MAPLE AVE,SAME DIR REAR END,CLEAR,DRY,DAYLIGHT,NO CONTROLS,NONE DETECTED,No,NO APPARENT INJURY,NOT DISTRACTED,MD,PASSENGER CAR,40,2009,MERZ,5S