Report Number,Local Case Number,Agency Name,ACRS Report Type,Crash Date/Time,Route Type,Road Name,Cross-Street Name,Collision Type,Weather,Surface Condition,Light,Traffic Control,Driver Substance Abuse,Driver At Fault,Injury Severity,Driver Distracted By,Drivers License State,Vehicle Body Type,Speed Limit,Vehicle Year,Vehicle Make,Vehicle Model
EJ7902000H,240005368,GAITHERSBURG,Injury Crash,02-02-24 16:30,Municipality Route,N SUMMIT AVE,,Angle,Clear,Dry,Daylight,No Controls,"Not Suspect of Alcohol Use, Not Suspect of Drug Use",No,Suspected Minor Injury,Not Distracted,MD,Passenger Car,25,2020,HONDA,CIVIC
MCP3289003F,240034898,MONTGOMERY,Property Damage Crash,07/24/2024 09:38:00 AM,County Route,BONIFANT ST,,"Sideswipe, Same Direction",Cloudy,Dry,Daylight,No Controls,"Not Suspect of Alcohol Use, Not Suspect of Drug Use",No,No Apparent Injury,Not Distracted,MD,Passenger Car,25,2024,RAM,5500
DD5620005B,200021404,Rockville Police Departme,Property Damage Crash,05/30/2020 12:45:00 PM,Maryland (State),ROCKVILLE PIKE,EDMONSTON DR,SAME DIR REAR END,CLEAR,DRY,DAYLIGHT,,NONE DETECTED,Yes,NO APPARENT INJURY,NOT DISTRACTED,MD,PASSENGER CAR,40,2019,FIAT,TURBO
MCP3228002F,210035645,Montgomery County Police,Injury Crash,09-10-21 17:30,Maryland (State),GEORGIA AVE,WOODSIDE PKWY,SAME DIR REAR END,CLEAR,DRY,DAYLIGHT,NO CONTROLS,NONE DETECTED,No,NO APPARENT INJURY,NOT DISTRACTED,MD,PASSENGER CAR,35,2015,TOYOTA,COROLLA
MCP2942002V,170525734,Montgomery County Police,Property Damage Crash,08/19/2017 03:25:00 PM,Maryland (State),CONNECTICUT AVE,JONES BRIDGE RD,SAME DIR REAR END,CLEAR,DRY,DAYLIGHT,,NONE DETECTED,No,NO APPARENT INJURY,NOT DISTRACTED,MD,PASSENGER CAR,35,2015,HOND,ACCORD
DM85010018,230003483,Takoma Park Police Depart,Injury Crash,01/21/2023 08:50:00 PM,Maryland (State),UNIVERSITY BLVD E,ALLEY,SAME DIR REAR END,CLEAR,,DARK LIGHTS ON,TRAFFIC SIGNAL,NONE DETECTED,Yes,NO APPARENT INJURY,UNKNOWN,,PASSENGER CAR,25,1998,TOYT,UT
MCP29170082,210029875,Montgomery County Police,Property Damage Crash,08-01-21 21:09,County,PARKLAND DR,EVANSTON ST,SAME DIRECTION SIDESWIPE,CLEAR,DRY,DARK NO LIGHTS,NO CONTROLS,NONE DETECTED,Yes,NO APPARENT INJURY,NOT DISTRACTED,MD,PASSENGER CAR,35,2011,BMW,325I
MCP31220032,200020549,Montgomery County Police,Property Damage Crash,05/23/2020 09:25:00 AM,Maryland (State),NORBECK RD,KELTRIP CT,SINGLE VEHICLE,CLEAR,DRY,DAYLIGHT,STOP SIGN,NONE DETECTED,Yes,NO APPARENT INJURY,NOT DISTRACTED,MD,PASSENGER CAR,35,1995,TOYOTA,CAMRY
MCP296200BG,250035720,MONTGOMERY,Injury Crash,08-11-25 10:01,Local Route,SMOKEWOOD DR,RICHTER FARM RD (EB/L),Angle,Cloudy,Dry,Daylight,No Controls,"Not Suspect of Alcohol Use, Not Suspect of Drug Use",No,Suspected Minor Injury,Not Distracted,MD,Passenger Car,35,2019,LEXUS,RX
MCP3003002F,180045290,Montgomery County Police,Injury Crash,09-11-18 7:45,Maryland (State),CONNECTICUT AVE,DENFELD AVE,STRAIGHT MOVEMENT ANGLE,RAINING,WET,DAYLIGHT,TRAFFIC SIGNAL,NONE DETECTED,No,NO APPARENT INJURY,NOT DISTRACTED,MD,PASSENGER CAR,40,1999,TOYT,COROLLA
DD56480017,220045805,Rockville Police Departme,Injury Crash,10/19/2022 07:34:00 AM,Maryland (State),ROCKVILLE PIKE,EDMONSTON DR,HEAD ON LEFT TURN,CLEAR,DRY,DAYLIGHT,,NONE DETECTED,Yes,NO APPARENT INJURY,INATTENTIVE OR LOST IN THOUGHT,VA,PASSENGER CAR,40,2016,CHEVROLET,TRAX
MCP3313001X,240007917,MONTGOMERY,Property Damage Crash,02/17/2024 11:31:00 PM,Maryland (State) Route,VEIRS MILL RD,,"Sideswipe, Same Direction",Clear,Dry,Dark - Lighted,No Controls,"Not Suspect of Alcohol Use, Not Suspect of Drug Use",Yes,No Apparent Injury,Not Distracted,MD,Passenger Car,35,2022,TOYOTA,COROLLA
MCP3181000K,190024484,Montgomery County Police,Injury Crash,05/23/2019 10:35:00 AM,County,RANDOLPH RD,VEIRS MILL RD,SAME DIR REAR END,CLOUDY,DRY,DAYLIGHT,TRAFFIC SIGNAL,,Yes,NO APPARENT INJURY,LOOKED BUT DID NOT SEE,MD,PASSENGER CAR,35,2009,CHEV,IMPALA
MCP2592003W,240014454,MONTGOMERY,Injury Crash,03/27/2024 01:21:00 PM,Maryland (State) Route,MONTGOMERY VILLAGE AVE,LOST KNIFE RD (NB/L),Rear To Side,Rain,Wet,Daylight,Traffic Control Signal,"Not Suspect of Alcohol Use, Not Suspect of Drug Use",Yes,No Apparent Injury,Unknown,MD,Passenger Car,30,2022,JEEP,GRAND CHEROKEE
MCP1220004C,16050733,Montgomery County Police,Property Damage Crash,10-03-16 11:12,County,OVERLOOK DR,GREENACRES DR,OTHER,CLEAR,DRY,DAYLIGHT,NO CONTROLS,NONE DETECTED,Yes,NO APPARENT INJURY,UNKNOWN,MD,(SPORT) UTILITY VEHICLE,25,1998,FORD,EXPLORER
MCP32560006,200031117,Montgomery County Police,Injury Crash,08-10-20 17:27,Maryland (State),NEW HAMPSHIRE AVE,WOLF DR,STRAIGHT MOVEMENT ANGLE,CLEAR,DRY,DAYLIGHT,TRAFFIC SIGNAL,,Yes,SUSPECTED MINOR INJURY,LOOKED BUT DID NOT SEE,MD,PASSENGER CAR,40,2004,FORD,TAURUS
MCP3289002G,230024886,Montgomery County Police,Property Damage Crash,05/24/2023 11:50:00 AM,,,,STRAIGHT MOVEMENT ANGLE,CLEAR,,DAYLIGHT,NO CONTROLS,UNKNOWN,Yes,NO APPARENT INJURY,UNKNOWN,,PASSENGER CAR,15,2007,SAAB,4D
MCP93220020,250001496,MONTGOMERY,Property Damage Crash,01-12-25 4:27,Maryland (State) Route,,ASHTON RD,Rear To Side,Clear,Dry,Dark - Lighted,Flashing Traffic Control Signal,"Not Suspect of Alcohol Use, Not Suspect of Drug Use",Yes,No Apparent Injury,Not Distracted,MD,Passenger Car,30,2014,TOYOTA,COROLLA
MCP3211001F,200032646,Montgomery County Police,Property Damage Crash,08/21/2020 10:47:00 AM,County,GARFIELD AVE,BROOKVILLE RD,OPPOSITE DIRECTION SIDESWIPE,,DRY,DAYLIGHT,NO CONTROLS,NONE DETECTED,No,NO APPARENT INJURY,NOT DISTRACTED,MD,VAN,25,2020,NISSAN,NV2500
MCP25340032,200002043,Montgomery County Police,Property Damage Crash,01-12-20 21:40,,,,STRAIGHT MOVEMENT ANGLE,CLEAR,,DARK LIGHTS ON,,NONE DETECTED,No,NO APPARENT INJURY,NOT DISTRACTED,MD,POLICE VEHICLE/NON EMERGENCY,0,2010,FORD,POLICE INTERCEPTER
MCP3264002P,220019637,Montgomery County Police,Property Damage Crash,05-09-22 9:41,US (State),COLESVILLE RD,SLIGO CREEK PKWY,SAME DIR REAR END,CLEAR,DRY,DAYLIGHT,TRAFFIC SIGNAL,NONE DETECTED,No,NO APPARENT INJURY,NOT DISTRACTED,MD,PASSENGER CAR,35,2019,KIA,SOUL
MCP2948000L,15060213,MONTGOMERY,Injury Crash,10-11-15 16:14,Maryland (State),VEIRS MILL RD,ANDREW ST,SAME DIR REAR END,CLEAR,DRY,DAYLIGHT,NO CONTROLS,NONE DETECTED,Yes,NO APPARENT INJURY,INATTENTIVE OR LOST IN THOUGHT,MD,PICKUP TRUCK,40,2006,CHEVROLET,TRUCK
MCP06130025,210013087,Montgomery County Police,Property Damage Crash,04-08-21 9:01,,,,OTHER,CLEAR,,DAYLIGHT,,NONE DETECTED,Yes,NO APPARENT INJURY,NOT DISTRACTED,MD,SCHOOL BUS,0,2019,FREIGHT,BUS
MCP1213001K,16028223,Montgomery County Police,Injury Crash,06-05-16 20:27,County,RANDOLPH RD,HAWKESBURY LA,SAME DIR REAR END,CLEAR,WET,DAYLIGHT,TRAFFIC SIGNAL,NONE DETECTED,No,NO APPARENT INJURY,NOT DISTRACTED,MD,PASSENGER CAR,45,2013,SUBARU,LEGACY
MCP30050027,170511876,Montgomery County Police,Property Damage Crash,06-05-17 13:02,County,CARSON PL,DRYDEN ST,SAME DIRECTION SIDESWIPE,RAINING,WET,DAYLIGHT,NO CONTROLS,NONE DETECTED,Yes,NO APPARENT INJURY,NOT DISTRACTED,MD,PICKUP TRUCK,25,2016,FORD,TK
MCP2739002X,190054638,Montgomery County Police,Property Damage Crash,11/13/2019 01:35:00 AM,Maryland (State),NEW HAMPSHIRE AVE,OAKVIEW DR,SINGLE VEHICLE,CLEAR,DRY,DARK LIGHTS ON,OTHER,NONE DETECTED,Yes,NO APPARENT INJURY,NOT DISTRACTED,MD,PASSENGER CAR,40,2014,VOLKSWAGON,PASSAT
MCP2946001Z,16056352,Montgomery County Police,Injury Crash,11-01-16 19:31,Maryland (State),FREDERICK RD,OXBRIDGE DR,STRAIGHT MOVEMENT ANGLE,CLEAR,DRY,DARK LIGHTS ON,STOP SIGN,NONE DETECTED,Yes,NO APPARENT INJURY,LOOKED BUT DID NOT SEE,MD,PASSENGER CAR,45,2006,BUICK,PONTIAC GMC
MCP3217001V,220028236,Montgomery County Police,Injury Crash,07-01-22 6:17,County,FATHER HURLEY BLVD,RAMP 7 FR FATHER HURLEY BLVD TO IS270 SB,SAME DIR REAR END,CLEAR,DRY,DAYLIGHT,OTHER,NONE DETECTED,No,POSSIBLE INJURY,NOT DISTRACTED,MD,PICKUP TRUCK,30,2014,FORD,F150
MCP9419003Z,220056785,Montgomery County Police,Injury Crash,12/22/2022 10:10:00 AM,Municipality,W GUDE DR,FREDERICK RD,SAME DIR REAR END,RAINING,WET,DAYLIGHT,TRAFFIC SIGNAL,NONE DETECTED,Yes,SUSPECTED MINOR INJURY,OTHER DISTRACTION,MD,PASSENGER CAR,40,2020,FORD,MUSTANG
MCP3010006T,220024063,Montgomery County Police,Property Damage Crash,06-05-22 11:30,Maryland (State),MONTROSE PKWY,RAMP 2 FR MONTROSE PKWY TO MD 355 NB,SINGLE VEHICLE,,DRY,DAYLIGHT,TRAFFIC SIGNAL,,Yes,NO APPARENT INJURY,NOT DISTRACTED,MD,FIRE VEHICLE/NON EMERGENCY,40,2019,SEAGATE,AERIAL TOWER
MCP2932002F,180049150,Montgomery County Police,Property Damage Crash,10-02-18 3:58,Maryland (State),GEORGIA AVE,COLESVILLE RD,SAME DIRECTION RIGHT TURN,CLEAR,,DARK LIGHTS ON,TRAFFIC SIGNAL,NONE DETECTED,Yes,NO APPARENT INJURY,UNKNOWN,MD,PASSENGER CAR,35,2007,TOYOTA,COROLLA
MCP0405000J,170515525,Montgomery County Police,Property Damage Crash,06/24/2017 10:47:00 AM,Maryland (State),FREDERICK RD,GERMANTOWN RD,HEAD ON LEFT TURN,CLEAR,DRY,DAYLIGHT,TRAFFIC SIGNAL,NONE DETECTED,No,NO APPARENT INJURY,NOT DISTRACTED,MD,PASSENGER CAR,40,2011,FORD,EXPLORER
MCP1366005T,17007805,Montgomery County Police,Property Damage Crash,02/13/2017 08:52:00 AM,Municipality,W MONTGOMERY AVE,GREAT FALLS RD,SAME DIRECTION SIDESWIPE,CLEAR,DRY,DAYLIGHT,TRAFFIC SIGNAL,NONE DETECTED,Yes,NO APPARENT INJURY,LOOKED BUT DID NOT SEE,PA,"MEDIUM/HEAVY TRUCKS 3 AXLES (OVER 10,000LBS (4,536KG))",30,2015,KENW,TK
MCP32200027,220005911,Montgomery County Police,Property Damage Crash,02-10-22 19:28,County,EAST VILLAGE AVE,BIG SPRING DR,STRAIGHT MOVEMENT ANGLE,CLEAR,DRY,DARK LIGHTS ON,STOP SIGN,NONE DETECTED,Yes,NO APPARENT INJURY,NOT DISTRACTED,MD,PASSENGER CAR,30,2019,HOND,ACCORD
MCP242500FK,190050882,Montgomery County Police,Property Damage Crash,10/23/2019 09:13:00 AM,County,FAIRLAND RD,COLUMBIA PIKE,SAME DIR REAR END,CLEAR,DRY,DAYLIGHT,TRAFFIC SIGNAL,NONE DETECTED,Yes,NO APPARENT INJURY,NOT DISTRACTED,NJ,PASSENGER CAR,30,2018,HONDA,ACCORD
MCP2905004R,190044891,Montgomery County Police,Property Damage Crash,09/19/2019 01:10:00 PM,County,DEMOCRACY BLVD,RAMP 2 FR DEMOCRACY BLVD TO IS 270Y NB,SAME DIR REAR END,CLEAR,DRY,DAYLIGHT,TRAFFIC SIGNAL,,Yes,NO APPARENT INJURY,NOT DISTRACTED,MD,PICKUP TRUCK,35,2016,FORD,F150
MCP3163003P,210036055,Montgomery County Police,Property Damage Crash,09/14/2021 03:06:00 PM,County,WAGNER LA,BARR RD,SAME DIRECTION SIDESWIPE,CLEAR,DRY,DAYLIGHT,NO CONTROLS,,Yes,NO APPARENT INJURY,LOOKED BUT DID NOT SEE,,PASSENGER CAR,25,2021,HONDA,SEDAN
MCP2608004W,220057866,Montgomery County Police,Injury Crash,12/30/2022 02:00:00 PM,US (State),COLUMBIA PIKE,LOCKWOOD DR,SAME DIR REAR END,CLEAR,DRY,DAYLIGHT,NO CONTROLS,,No,NO APPARENT INJURY,NOT DISTRACTED,MD,PASSENGER CAR,35,2018,NISSAN,ROGUE
EJ7871000H,180051244,Gaithersburg Police Depar,Injury Crash,10/13/2018 09:37:00 AM,County,MIDCOUNTY HWY,WOODFIELD RD,OTHER,CLEAR,DRY,DAYLIGHT,TRAFFIC SIGNAL,NONE DETECTED,No,NO APPARENT INJURY,NOT DISTRACTED,MD,PASSENGER CAR,50,2017,HYUN,4S
MCP2799004L,180061322,Montgomery County Police,Injury Crash,12/13/2018 12:00:00 AM,County,CHERRY HILL RD,BROADBIRCH DR,SINGLE VEHICLE,CLEAR,DRY,DARK LIGHTS ON,NO CONTROLS,ILLEGAL DRUG CONTRIBUTED,Yes,NO APPARENT INJURY,NOT DISTRACTED,MD,ALL TERRAIN VEHICLE (ATV),40,1998,LEXUS,4D
MCP29360048,200046734,Montgomery County Police,Injury Crash,11/26/2020 08:20:00 PM,Maryland (State),EAST WEST HWY,MONTGOMERY AVE,SINGLE VEHICLE,CLEAR,DRY,DARK LIGHTS ON,NO CONTROLS,ALCOHOL PRESENT,Yes,SUSPECTED MINOR INJURY,OTHER DISTRACTION,MD,PASSENGER CAR,25,2014,TOYT,CAMRY
MCP27820013,15040330,MONTGOMERY,Injury Crash,08/13/2015 09:09:00 AM,County,RANDOLPH RD,VEIRS MILL RD,SAME DIR REAR END,CLEAR,DRY,DAYLIGHT,TRAFFIC SIGNAL,NONE DETECTED,Yes,SUSPECTED MINOR INJURY,NOT DISTRACTED,MD,VAN,35,2003,MAZD,MPV
MCP2798001K,16015592,Montgomery County Police,Injury Crash,03/30/2016 06:15:00 PM,Maryland (State),SPENCERVILLE RD,SANTINI RD,OPPOSITE DIRECTION SIDESWIPE,CLEAR,DRY,DAYLIGHT,NO CONTROLS,NONE DETECTED,No,NO APPARENT INJURY,NOT DISTRACTED,MD,PASSENGER CAR,40,2011,DODGE,4DOOR
DD5571000J,250030393,ROCKVILLE,Property Damage Crash,07-08-25 17:20,Maryland (State) Route,W MONTGOMERY AVE,,Front to Rear,Rain,Wet,Daylight,Traffic Control Signal,"Not Suspect of Alcohol Use, Not Suspect of Drug Use",No,No Apparent Injury,Unknown,MD,Passenger Car,30,2003,TOYOTA,AVALON
MCP2680003B,230055022,Montgomery County Police,Property Damage Crash,09/15/2023 10:46:00 AM,County,MONTGOMERY VILLAGE AVE,WALKERS CHOICE RD,SAME DIR REAR END,CLEAR,DRY,DAYLIGHT,NO CONTROLS,NONE DETECTED,Yes,NO APPARENT INJURY,NOT DISTRACTED,MD,PASSENGER CAR,35,2017,HONDA,CIVIC
MCP1378006M,15029719,Montgomery County Police,Property Damage Crash,06/18/2015 11:47:00 AM,Municipality,PERRY PKWY,ENT TO SHOPPING CENTER,SAME DIRECTION LEFT TURN,CLEAR,DRY,DAYLIGHT,NO CONTROLS,NONE DETECTED,No,NO APPARENT INJURY,NOT DISTRACTED,MD,"MEDIUM/HEAVY TRUCKS 3 AXLES (OVER 10,000LBS (4,536KG))",25,2007,INTERNATIONAL,SWEEPER
HA2399000Z,17000645,Maryland-National Capital,Property Damage Crash,05/31/2017 02:25:00 PM,County,CEDAR LA,BEACH DR,SINGLE VEHICLE,CLEAR,DRY,DAYLIGHT,,,Yes,NO APPARENT INJURY,UNKNOWN,MD,PASSENGER CAR,25,1996,TOYT,4S
MCP2598002G,190002750,Montgomery County Police,Property Damage Crash,01/17/2019 06:19:00 PM,Maryland (State),PINEY BRANCH RD,SLIGO CREEK PKWY,SAME DIR REAR END,SNOW,WET,DARK LIGHTS ON,NO CONTROLS,NONE DETECTED,No,NO APPARENT INJURY,NOT DISTRACTED,MD,VAN,35,2010,TOYOTA,VN
DD5616000M,16003795,Rockville Police Departme,Property Damage Crash,01/21/2016 09:51:00 AM,Municipality,ATLANTIC AVE,RIDGWAY AVE,SAME DIR REAR END,CLEAR,ICE,DAYLIGHT,NO CONTROLS,NONE DETECTED,Yes,NO APPARENT INJURY,NOT DISTRACTED,MD,TRUCK TRACTOR,25,2002,GMC,DS
MCP2719000W,16012670,MONTGOMERY,Injury Crash,03/14/2016 10:18:00 PM,County,ARCOLA AVE,UNIVERSITY BLVD W,HEAD ON LEFT TURN,CLEAR,DRY,DARK LIGHTS ON,TRAFFIC SIGNAL,,Yes,SUSPECTED MINOR INJURY,NOT DISTRACTED,MD,PASSENGER CAR,40,2011,HONDA,4D
MCP3201008B,250041431,MONTGOMERY,Injury Crash,09/15/2025 12:20:00 PM,Maryland (State) Route,GREAT SENECA HWY,CLOPPERS MILL DR,Angle,Clear,Dry,Daylight,Traffic Control Signal,"Not Suspect of Alcohol Use, Not Suspect of Drug Use",No,Suspected Minor Injury,Not Distracted,CA,Passenger Car,45,2013,HONDA,ACCORD
MCP29970014,180027825,Montgomery County Police,Property Damage Crash,06-06-18 9:10,Maryland (State),RIDGE RD,BRINK RD,SAME DIR REAR END,CLEAR,DRY,DAYLIGHT,NO CONTROLS,NONE DETECTED,No,NO APPARENT INJURY,NOT DISTRACTED,MD,VAN,40,2014,KIA,SEDONA
MCP3304001B,240002309,MONTGOMERY,Property Damage Crash,01/15/2024 05:24:00 AM,County Route,ASHLEY DR,,Single Vehicle,Blowing Snow,Snow,Dark - Lighted,No Controls,"Not Suspect of Alcohol Use, Not Suspect of Drug Use",Yes,No Apparent Injury,Not Distracted,MD,Passenger Car,25,2017,TOYOTA,COROLLA
MCP27670024,16064595,Montgomery County Police,Property Damage Crash,12/16/2016 07:56:00 PM,County,ELKIN ST,UNIVERSITY BLVD W,SAME DIR REAR END,CLEAR,DRY,DARK LIGHTS ON,NO CONTROLS,ALCOHOL PRESENT,Yes,NO APPARENT INJURY,UNKNOWN,MD,PASSENGER CAR,25,2007,ACURA,4S
MCP158000DZ,210024895,Montgomery County Police,Injury Crash,06/29/2021 09:30:00 AM,Municipality,CHRISTOPHER AVE,RUSSELL AVE,SINGLE VEHICLE,CLEAR,DRY,DAYLIGHT,NO CONTROLS,NONE DETECTED,No,NO APPARENT INJURY,NOT DISTRACTED,MD,(SPORT) UTILITY VEHICLE,30,2020,HYUND,TUSCON
MCP2900001P,16030583,Montgomery County Police,Property Damage Crash,06/17/2016 05:47:00 AM,County,SHADY GROVE RD,RAMP 6 FR SHADY GROVE RD EB TO MD200A SB,ANGLE MEETS LEFT HEAD ON,CLEAR,DRY,DAYLIGHT,TRAFFIC SIGNAL,NONE DETECTED,No,NO APPARENT INJURY,NOT DISTRACTED,MD,PASSENGER CAR,45,2011,FORD,ESCAPE
EJ7856006S,190028315,Gaithersburg Police Depar,Property Damage Crash,06/13/2019 07:47:00 PM,County,FIELDS RD,SPUR TO SAM EIG HWY,SAME DIR REAR END,CLEAR,DRY,DUSK,,,No,NO APPARENT INJURY,NOT DISTRACTED,VA,PASSENGER CAR,30,2010,TOYOTA,CAMRY
MCP25220018,210029898,Montgomery County Police,Injury Crash,08-02-21 5:55,Maryland (State),RIVER RD,SEVEN LOCKS RD,HEAD ON LEFT TURN,CLEAR,DRY,DAWN,TRAFFIC SIGNAL,NONE DETECTED,No,POSSIBLE INJURY,UNKNOWN,DC,PASSENGER CAR,40,2017,NISSAN,ALTIMA
MCP268900BY,240047824,MONTGOMERY,Injury Crash,10-07-24 9:15,Interstate (State),EISENHOWER MEMORIAL HWY (SB/L),,Front to Rear,Clear,Dry,Daylight,No Controls,"Not Suspect of Alcohol Use, Not Suspect of Drug Use",Yes,No Apparent Injury,Unknown,MD,Passenger Car,55,1993,TOYOTA,CAMRY
MCP2767007N,200002030,Montgomery County Police,Property Damage Crash,01-12-20 19:35,Maryland (State),VEIRS MILL RD,FERRARA AVE,SAME DIRECTION SIDESWIPE,CLEAR,DRY,DARK LIGHTS ON,NO CONTROLS,NONE DETECTED,Unknown,NO APPARENT INJURY,NOT DISTRACTED,MD,PASSENGER CAR,45,2017,MAZDA,MAZDA6
MCP3411002X,250041813,MONTGOMERY,Injury Crash,09/17/2025 01:07:00 PM,Maryland (State) Route,ROCKVILLE PIKE,,Front to Rear,Clear,Wet,Daylight,Traffic Control Signal,"Not Suspect of Alcohol Use, Not Suspect of Drug Use",No,Suspected Minor Injury,Not Distracted,VT,Passenger Car,35,2025,TOYOTA,CAMRY
MCP2891004B,170539637,Montgomery County Police,Injury Crash,10/29/2017 12:16:00 PM,Maryland (State),GEORGIA AVE,FENWICK LA,SINGLE VEHICLE,CLEAR,DRY,DAYLIGHT,,NONE DETECTED,Yes,POSSIBLE INJURY,UNKNOWN,MD,PASSENGER CAR,35,2014,NISSAN,ALTIMA
MCP3227000X,200019758,Montgomery County Police,Property Damage Crash,05/17/2020 08:59:00 AM,County,ROBEY RD,BRIGGS CHANEY RD,SINGLE VEHICLE,CLOUDY,DRY,DAYLIGHT,NO CONTROLS,UNKNOWN,Yes,NO APPARENT INJURY,UNKNOWN,,PASSENGER CAR,40,2012,ACURA,SW
MCP31680077,240051204,MONTGOMERY,Property Damage Crash,10/25/2024 07:46:00 PM,Municipality Route,MARYLAND AVE,,"Sideswipe, Opposite Direction",Clear,Dry,Dark - Lighted,Traffic Control Signal,"Not Suspect of Alcohol Use, Not Suspect of Drug Use",No,No Apparent Injury,Not Distracted,MD,Passenger Car,25,2013,NISSAN,ALTIMA
MCP2745001F,16011126,MONTGOMERY,Property Damage Crash,03-06-16 4:26,County,MUDDY BRANCH RD,WEST SIDE DR,OPPOSITE DIRECTION SIDESWIPE,WINTRY MIX,WET,DARK LIGHTS ON,FLASHING TRAFFIC SIGNAL,,Yes,NO APPARENT INJURY,LOOKED BUT DID NOT SEE,MD,POLICE VEHICLE/EMERGENCY,35,2010,DODGE,CHARGER
MCP1568000G,16060474,Montgomery County Police,Injury Crash,11/24/2016 04:20:00 PM,Maryland (State),DICKERSON RD,DICKERSON CHURCH RD,STRAIGHT MOVEMENT ANGLE,CLEAR,DRY,DAYLIGHT,STOP SIGN,NONE DETECTED,Yes,NO APPARENT INJURY,LOOKED BUT DID NOT SEE,MD,PICKUP TRUCK,30,2000,TOYOTA,TACOMA
EJ78980021,230070761,Gaithersburg Police Depar,Property Damage Crash,12-09-23 11:04,,,,STRAIGHT MOVEMENT ANGLE,CLEAR,,DAYLIGHT,,,Yes,NO APPARENT INJURY,UNKNOWN,MD,PASSENGER CAR,15,2015,ACURA,4S
MCP1563009K,240025212,MONTGOMERY,Property Damage Crash,05/28/2024 12:43:00 PM,Municipality Route,SHEPHERD ST,DELAWARE ST,"Sideswipe, Same Direction",Clear,Dry,Daylight,Stop Sign,"Not Suspect of Alcohol Use, Not Suspect of Drug Use",Yes,No Apparent Injury,Not Distracted,MD,Van - Cargo,20,2018,DODGE,SPRINTER
MCP137800NW,180060997,Montgomery County Police,Injury Crash,12-06-18 12:20,Maryland (State),WOODFIELD RD,EAST VILLAGE AVE,SAME DIR REAR END,CLOUDY,DRY,DAYLIGHT,NO CONTROLS,NONE DETECTED,No,SUSPECTED MINOR INJURY,NOT DISTRACTED,MD,PASSENGER CAR,35,2009,BMW,328I
MCP2963000H,16022380,Montgomery County Police,Property Damage Crash,05-06-16 7:15,County,FENTON ST,COLESVILLE RD,SAME DIRECTION SIDESWIPE,RAINING,WET,DUSK,,NONE DETECTED,Yes,NO APPARENT INJURY,NOT DISTRACTED,DC,OTHER BUS,25,2011,NWFL,BUS
MCP10940012,200024860,Montgomery County Police,Injury Crash,06/25/2020 11:28:00 PM,Maryland (State),MUNCASTER MILL RD,SHADY GROVE RD,OTHER,CLEAR,DRY,DARK LIGHTS ON,TRAFFIC SIGNAL,,Yes,POSSIBLE INJURY,UNKNOWN,MD,PASSENGER CAR,40,2011,HYUNDAI,ELANTRA
MCP93810025,190032069,Montgomery County Police,Property Damage Crash,07-05-19 22:45,County,DEMOCRACY BLVD,SEVEN LOCKS RD,OTHER,CLEAR,DRY,DARK LIGHTS ON,TRAFFIC SIGNAL,UNKNOWN,Yes,NO APPARENT INJURY,NOT DISTRACTED,,,45,0,UNKNOWN,UNKNOWN
MCP2420001K,16042833,Montgomery County Police,Injury Crash,08/23/2016 03:59:00 PM,Maryland (State),GEORGIA AVE,EMORY CHURCH RD,STRAIGHT MOVEMENT ANGLE,CLEAR,DRY,DAYLIGHT,TRAFFIC SIGNAL,NONE DETECTED,Yes,NO APPARENT INJURY,NOT DISTRACTED,MD,PASSENGER CAR,45,2003,CHEV,4S
MCP1465004D,190026479,Montgomery County Police,Property Damage Crash,06-03-19 16:50,Maryland (State),DARNESTOWN RD,SEURAT DR,SAME DIR REAR END,CLEAR,DRY,DAYLIGHT,TRAFFIC SIGNAL,NONE DETECTED,Yes,NO APPARENT INJURY,UNKNOWN,MD,PASSENGER CAR,40,2015,AUDI,A4
MCP2798006M,250012893,MONTGOMERY,Property Damage Crash,03/24/2025 05:00:00 PM,County Route,CENTURY BLVD,MIDDLEBROOK RD,Angle,Clear,Dry,Daylight,Traffic Control Signal,"Not Suspect of Alcohol Use, Not Suspect of Drug Use",No,No Apparent Injury,Not Distracted,MD,Passenger Car,35,2019,NISSAN,SENTRA
MCP2752001G,16056309,Montgomery County Police,Injury Crash,11-01-16 17:03,County,DEMOCRACY BLVD,MAYFIELD DR,ANGLE MEETS LEFT TURN,CLEAR,DRY,DAYLIGHT,NO CONTROLS,NONE DETECTED,No,SUSPECTED SERIOUS INJURY,NOT DISTRACTED,MD,PASSENGER CAR,35,2015,YAMA,BIKE
EJ786600BF,210017667,Gaithersburg Police Depar,Property Damage Crash,05-11-21 9:13,Maryland (State),FREDERICK RD,ODENDHAL AVE,HEAD ON LEFT TURN,CLEAR,DRY,DAYLIGHT,NO CONTROLS,NONE DETECTED,Yes,NO APPARENT INJURY,NOT DISTRACTED,MD,PASSENGER CAR,30,2015,HOND,CRZ
MCP3114001N,190053512,Montgomery County Police,Injury Crash,11-06-19 17:22,Other Public Roadway,CALVERTON BLVD,CHERRY HILL RD,SINGLE VEHICLE,CLEAR,DRY,DARK LIGHTS ON,NO CONTROLS,NONE DETECTED,Yes,NO APPARENT INJURY,LOOKED BUT DID NOT SEE,MD,PASSENGER CAR,30,2017,TOYOTA,RAV 4
MCP2549004Q,15037473,MONTGOMERY,Injury Crash,07/29/2015 09:17:00 AM,Maryland (State),RIVER RD,HARRINGTON DR,SAME DIR REAR END,CLEAR,DRY,DAYLIGHT,NO CONTROLS,NONE DETECTED,No,SUSPECTED MINOR INJURY,NOT DISTRACTED,MD,PASSENGER CAR,35,2009,TOYOTA,CAMRY