Report Number,Local Case Number,Agency Name,ACRS Report Type,Crash Date/Time,Route Type,Road Name,Cross-Street Name,Collision Type,Weather,Surface Condition,Light,Traffic Control,Driver Substance Abuse,Driver At Fault,Injury Severity,Driver Distracted By,Drivers License State,Vehicle Body Type,Speed Limit,Vehicle Year,Vehicle Make,Vehicle Model
DM8458002K,190005924,Takoma Park Police Depart,Property Damage Crash,02-06-19 16:15,Maryland (State),UNIVERSITY BLVD E,MERRIMAC DR,STRAIGHT MOVEMENT ANGLE,CLOUDY,DRY,DAYLIGHT,NO CONTROLS,NONE DETECTED,Yes,NO APPARENT INJURY,LOOKED BUT DID NOT SEE,MD,PASSENGER CAR,35,2011,HOND,4S
DM8522004H,250026400,TAKOMA,Property Damage Crash,06/13/2025 12:45:00 PM,Maryland (State) Route,NEW HAMPSHIRE AVE (SB/L),,Angle,Clear,Dry,Daylight,No Controls,"Not Suspect of Alcohol Use, Not Suspect of Drug Use",No,No Apparent Injury,Not Distracted,MD,Passenger Car,35,1999,FORD,F-250
MCP2339009L,240047924,MONTGOMERY,Injury Crash,10-07-24 16:20,County Route,,BESLEY CT,Front to Front,Clear,Dry,Daylight,No Controls,"Not Suspect of Alcohol Use, Not Suspect of Drug Use",No,Suspected Serious Injury,Not Distracted,MD,Motorcycle - 2 Wheeled,35,2015,YAMAHA,YZF-R3
DD5601004J,180062021,Rockville Police Departme,Injury Crash,12-12-18 10:35,Maryland (State),W MONTGOMERY AVE,RESEARCH BLVD,SAME DIR REAR END,CLEAR,DRY,DAYLIGHT,NO CONTROLS,,Yes,POSSIBLE INJURY,UNKNOWN,MD,PASSENGER CAR,45,2015,NISSAN,SENTRA
MCP28480045,170504075,Montgomery County Police,Property Damage Crash,04/25/2017 11:15:00 AM,County,SANGAMORE RD,WALHONDING RD,STRAIGHT MOVEMENT ANGLE,RAINING,WET,DAYLIGHT,STOP SIGN,NONE DETECTED,No,NO APPARENT INJURY,NOT DISTRACTED,MD,PASSENGER CAR,30,2015,JEEP,GRAND CHEROKEE LAREDO
MCP9419000Q,16050420,Montgomery County Police,Property Damage Crash,10-01-16 8:16,County,REDLAND RD,CRABBS BRANCH WAY,SAME DIR REAR END,RAINING,WET,DAYLIGHT,TRAFFIC SIGNAL,NONE DETECTED,No,NO APPARENT INJURY,NOT DISTRACTED,MD,(SPORT) UTILITY VEHICLE,40,2012,JEEP,WRANGLER
MCP3164001D,190016240,Montgomery County Police,Injury Crash,04-08-19 6:20,Maryland (State),VEIRS MILL RD,CONNECTICUT AVE,SAME DIR REAR END,CLEAR,DRY,DAWN,NO CONTROLS,,Yes,POSSIBLE INJURY,NOT DISTRACTED,MD,PASSENGER CAR,40,2016,NISS,ROGUE
MCP2899001G,17011003,Montgomery County Police,Injury Crash,03-01-17 22:41,US (State),COLUMBIA PIKE,RAMP 2 FR BRIGGS CHANEY RD TO US 29 NB,SAME DIR REAR END,CLEAR,DRY,DARK LIGHTS ON,NO CONTROLS,NONE DETECTED,No,SUSPECTED MINOR INJURY,NOT DISTRACTED,MD,PASSENGER CAR,55,2009,TOYOTA,CAMRY
MCP3424000P,240053046,MONTGOMERY,Injury Crash,11-05-24 7:50,Spur,,,Front to Rear,Clear,Dry,Daylight,Yield Sign,"Not Suspect of Alcohol Use, Not Suspect of Drug Use",Yes,No Apparent Injury,Not Distracted,MD,Passenger Car,35,2017,HONDA,ACCORD
MCP25090015,16017135,Montgomery County Police,Injury Crash,04-08-16 11:24,US (State),COLUMBIA PIKE,BURNT MILLS AVE,SAME DIRECTION RIGHT TURN,CLEAR,DRY,DAYLIGHT,NO CONTROLS,NONE DETECTED,Yes,POSSIBLE INJURY,LOOKED BUT DID NOT SEE,VA,PASSENGER CAR,40,2008,NISSAN,ALTIMA
MCP23480063,210045409,Montgomery County Police,Fatal Crash,11-09-21 15:04,,ASBURY DRIVE,FELLOWSHIP CIRCLE,SINGLE VEHICLE,CLEAR,DRY,DAYLIGHT,STOP SIGN,NONE DETECTED,Yes,NO APPARENT INJURY,TALKING OR LISTENING TO CELLULAR PHONE,MD,"MEDIUM/HEAVY TRUCKS 3 AXLES (OVER 10,000LBS (4,536KG))",30,2018,FORD,F750
HA24920014,24001018,MCPARK,Property Damage Crash,05/30/2024 07:10:00 AM,US (State),COLESVILLE RD (SB/L),,"Sideswipe, Same Direction",Clear,Dry,Daylight,No Controls,"Not Suspect of Alcohol Use, Not Suspect of Drug Use",No,No Apparent Injury,Unknown,MD,Passenger Car,40,2012,TOYOTA,CAMRY
MCP1022009K,180040776,Montgomery County Police,Injury Crash,08/16/2018 02:08:00 PM,Maryland (State),DAMASCUS RD,LONG CORNER RD,STRAIGHT MOVEMENT ANGLE,CLEAR,DRY,DAYLIGHT,STOP SIGN,NONE DETECTED,No,POSSIBLE INJURY,NOT DISTRACTED,MD,"CARGO VAN/LIGHT TRUCK 2 AXLES (OVER 10,000LBS (4,536 KG))",50,2017,MACK,GRANITE DUMP
MCP0685004G,190005884,Montgomery County Police,Property Damage Crash,02-06-19 12:18,County,MONTROSE RD,TILDENWOOD DR,SAME DIRECTION SIDESWIPE,CLOUDY,DRY,DAYLIGHT,TRAFFIC SIGNAL,NONE DETECTED,Yes,NO APPARENT INJURY,NOT DISTRACTED,MD,TRANSIT BUS,35,2013,OTHR,BU
MCP3030006D,240022136,MONTGOMERY,Injury Crash,05-10-24 16:42,Interstate (State),CABIN JOHN PKWY,,"Sideswipe, Same Direction",Rain,Wet,Daylight,No Controls,"Not Suspect of Alcohol Use, Not Suspect of Drug Use",No,Possible Injury,Not Distracted,MD,Passenger Car,35,2012,INFINITI,G37
MCP2570000H,190008342,Montgomery County Police,Injury Crash,02/21/2019 04:01:00 PM,Maryland (State),VEIRS MILL RD,ENT TO CEMETERY,STRAIGHT MOVEMENT ANGLE,CLEAR,DRY,DAYLIGHT,STOP SIGN,NONE DETECTED,Yes,NO APPARENT INJURY,NOT DISTRACTED,FL,PASSENGER CAR,35,2019,INFINITI,Q45
MCP2830005Y,230012388,Montgomery County Police,Property Damage Crash,03/14/2023 09:31:00 AM,Maryland (State),NEW HAMPSHIRE AVE,E RANDOLPH RD,SAME DIRECTION SIDESWIPE,CLEAR,DRY,DAYLIGHT,TRAFFIC SIGNAL,NONE DETECTED,No,NO APPARENT INJURY,NOT DISTRACTED,MD,"CARGO VAN/LIGHT TRUCK 2 AXLES (OVER 10,000LBS (4,536 KG))",45,2022,FRHT,BU
HA2330000C,20002896,Maryland-National Capital,Property Damage Crash,12-08-20 8:30,County,SPRING ST,COLESVILLE RD,OTHER,CLEAR,DRY,,OTHER,NONE DETECTED,No,NO APPARENT INJURY,NOT DISTRACTED,MD,POLICE VEHICLE/NON EMERGENCY,35,2011,FORD,EXPLORER
MCP2270000S,230001194,Montgomery County Police,Injury Crash,01-08-23 14:45,Maryland (State),RIVER RD,WILSON LA,SAME DIRECTION SIDESWIPE,CLEAR,DRY,DAYLIGHT,TRAFFIC SIGNAL,NONE DETECTED,Yes,POSSIBLE INJURY,LOOKED BUT DID NOT SEE,MD,PASSENGER CAR,35,2014,HYUN,UT
MCP3295004F,240040978,MONTGOMERY,Property Damage Crash,08/29/2024 06:07:00 PM,US (State),COLUMBIA PIKE (SB/L),TECH RD,Rear To Side,Cloudy,Dry,Daylight,Traffic Control Signal,"Not Suspect of Alcohol Use, Not Suspect of Drug Use",No,No Apparent Injury,Unknown,MD,Passenger Car,50,2014,VOLKSWAGEN,BEETLE
MCP29520078,180048841,Montgomery County Police,Injury Crash,09/30/2018 12:34:00 PM,US (State),GEORGIA AVE,BONIFANT ST,SAME DIRECTION SIDESWIPE,CLEAR,DRY,DAYLIGHT,NO CONTROLS,,Yes,NO APPARENT INJURY,NOT DISTRACTED,MD,PASSENGER CAR,35,2016,HONDA,CIVIC
MCP3163008S,250024550,MONTGOMERY,Property Damage Crash,06-02-25 17:45,,,,Front to Front,Clear,,Daylight,,"Unknown, Unknown",No,,,,Passenger Car,0,2011,HONDA,CIVIC
MCP30860085,230006596,Montgomery County Police,Property Damage Crash,02-09-23 11:00,County,MONTGOMERY VILLAGE AVE,MIDCOUNTY HWY,ANGLE MEETS LEFT TURN,CLOUDY,DRY,DAYLIGHT,TRAFFIC SIGNAL,NONE DETECTED,No,NO APPARENT INJURY,NOT DISTRACTED,MD,PASSENGER CAR,35,2014,TOYOTA,COROLLA
MCP2738004G,230000835,Montgomery County Police,Injury Crash,01-05-23 23:54,County,RENICK LA,KERWOOD RD,OTHER,,,DARK LIGHTS ON,NO CONTROLS,,Unknown,NO APPARENT INJURY,LOOKED BUT DID NOT SEE,MD,PASSENGER CAR,25,2022,HONDA,CIVIC
EJ7898004N,240051477,GAITHERSBURG,Property Damage Crash,10/27/2024 01:35:00 PM,County Route,MUDDY BRANCH RD (SB/L),SUFFIELD DR,Angle,Clear,Dry,Daylight,Stop Sign,"Not Suspect of Alcohol Use, Not Suspect of Drug Use",Yes,No Apparent Injury,Not Distracted,MD,Passenger Car,15,2010,KIA,FORTE
MCP219800FJ,240017751,MONTGOMERY,Property Damage Crash,04/16/2024 03:10:00 PM,County Route,SAM EIG HWY (SB/L),,Front to Rear,Clear,Dry,Daylight,Traffic Control Signal,"Not Suspect of Alcohol Use, Not Suspect of Drug Use",Yes,No Apparent Injury,"Other Action (looking away from task, etc.)",MD,Passenger Car,50,2011,MAZDA,MAZDA3
MCP27600011,17014032,Montgomery County Police,Property Damage Crash,03/19/2017 03:40:00 AM,Maryland (State),MONTGOMERY VILLAGE AVE,FREDERICK RD,SINGLE VEHICLE,SLEET,WET,DARK LIGHTS ON,TRAFFIC SIGNAL,ALCOHOL PRESENT,Yes,NO APPARENT INJURY,NOT DISTRACTED,MD,PASSENGER CAR,35,2007,DODGE,4S
MCP2657000Z,15062269,MONTGOMERY,Injury Crash,12-06-15 3:05,County,E RANDOLPH RD,E RANDOLPH RD (AHEAD),STRAIGHT MOVEMENT ANGLE,CLEAR,DRY,DARK LIGHTS ON,TRAFFIC SIGNAL,NONE DETECTED,No,SUSPECTED MINOR INJURY,NOT DISTRACTED,MD,PASSENGER CAR,40,2005,ACUR,4S
MCP25590015,16037134,Montgomery County Police,Property Damage Crash,07/22/2016 12:09:00 PM,Maryland (State),MONTGOMERY VILLAGE AVE,SPUR TO LOST KNIFE RD,SAME DIRECTION LEFT TURN,CLEAR,DRY,DAYLIGHT,YIELD SIGN,,No,NO APPARENT INJURY,NOT DISTRACTED,MD,POLICE VEHICLE/EMERGENCY,35,2006,FORD,CROWN VICTORIA
MCP320000FV,250020335,MONTGOMERY,Property Damage Crash,05-08-25 16:56,Maryland (State) Route,ROCKVILLE PIKE (SB/L),,Other,Rain,Wet,Daylight,No Controls,"Not Suspect of Alcohol Use, Not Suspect of Drug Use",Yes,No Apparent Injury,Unknown,,Passenger Car,35,2001,HONDA,CIVIC
MCP3348002T,240025638,MONTGOMERY,Property Damage Crash,05/30/2024 02:25:00 PM,County Route,,NORBECK RD,Front to Front,Clear,Dry,Daylight,Traffic Control Signal,"Not Suspect of Alcohol Use, Not Suspect of Drug Use",No,No Apparent Injury,Not Distracted,MD,Sport Utility Vehicle,45,2020,TOYOTA,RAV4
DD56280005,180000675,Rockville Police Departme,Property Damage Crash,01-05-18 7:55,Municipality,E GUDE DR,TAFT CT,SAME DIR REAR END,CLEAR,DRY,DAYLIGHT,TRAFFIC SIGNAL,NONE DETECTED,No,NO APPARENT INJURY,NOT DISTRACTED,MD,PICKUP TRUCK,40,2012,FORD,F350
MCP1382002W,16051125,Montgomery County Police,Property Damage Crash,10-05-16 9:23,County,CARROLL LA,SILVER SPRING AVE,OTHER,CLEAR,DRY,DAYLIGHT,STOP SIGN,NONE DETECTED,No,NO APPARENT INJURY,NOT DISTRACTED,MD,SCHOOL BUS,25,2017,THOMAS,BUS
MCP31380016,190020636,Montgomery County Police,Injury Crash,05-02-19 15:06,,,,OTHER,CLOUDY,,DAYLIGHT,,,No,NO APPARENT INJURY,NOT DISTRACTED,MD,PASSENGER CAR,5,2015,LEXUS,TK
MCP2859005T,180048499,Montgomery County Police,Property Damage Crash,09/28/2018 02:58:00 PM,Maryland (State),FREDERICK RD,CHRISTOPHER AVE,STRAIGHT MOVEMENT ANGLE,CLEAR,DRY,DAYLIGHT,NO CONTROLS,NONE DETECTED,No,NO APPARENT INJURY,NOT DISTRACTED,MD,PASSENGER CAR,30,2013,HOND,ACCORD
MCP3094004V,240037934,MONTGOMERY,Injury Crash,08-11-24 18:40,Maryland (State) Route,WOODFIELD RD (SB/L),MUNCASTER MILL RD SNOUFFERS SCHOOL RD,Front to Rear,Clear,Dry,Daylight,Traffic Control Signal,"Not Suspect of Alcohol Use, Not Suspect of Drug Use",No,Suspected Minor Injury,Not Distracted,MD,Passenger Car,40,2008,NISSAN,TITAN
MCP30100080,230011518,Montgomery County Police,Injury Crash,03-09-23 6:49,Maryland (State),CONNECTICUT AVE,MANOR RD,SAME DIRECTION SIDESWIPE,CLEAR,DRY,DAYLIGHT,TRAFFIC SIGNAL,,Yes,NO APPARENT INJURY,LOOKED BUT DID NOT SEE,NJ,PASSENGER CAR,35,2013,TESLA,4DR
MCP30610015,180055814,Montgomery County Police,Property Damage Crash,11-07-18 5:14,Maryland (State),GERMANTOWN RD,WISTERIA DR,STRAIGHT MOVEMENT ANGLE,FOGGY,WET,DARK LIGHTS ON,TRAFFIC SIGNAL,NONE DETECTED,No,NO APPARENT INJURY,NOT DISTRACTED,MD,PICKUP TRUCK,40,2018,RAM,TK
MCP2882000T,15017594,Montgomery County Police,Injury Crash,04/15/2015 06:28:00 PM,County,GERMANTOWN RD,SHAKESPEARE BLVD,SAME DIR REAR END,CLOUDY,DRY,DAYLIGHT,STOP SIGN,NONE DETECTED,Yes,NO APPARENT INJURY,NOT DISTRACTED,MD,PASSENGER CAR,30,2010,HYUNDAI,ACCENT
MCP1519003L,210041930,Montgomery County Police,Injury Crash,10/19/2021 08:36:00 AM,Maryland (State),GREAT SENECA HWY,CLOPPERS MILL DR,SAME DIR REAR END,CLEAR,DRY,DAYLIGHT,TRAFFIC SIGNAL,NONE DETECTED,Yes,NO APPARENT INJURY,OTHER DISTRACTION,MD,PASSENGER CAR,40,2012,BUICK,LACROSSE
EJ7895005Z,240031681,GAITHERSBURG,Injury Crash,07-05-24 12:30,Maryland (State) Route,QUINCE ORCHARD RD (SB/L),CHEYENNE RD,Front to Front,Clear,Dry,Daylight,No Controls,"Not Suspect of Alcohol Use, Not Suspect of Drug Use",No,No Apparent Injury,Not Distracted,MD,Station Wagon,35,2021,SUBARU,FORESTER
MCP1213001M,16038066,Montgomery County Police,Property Damage Crash,07/27/2016 06:41:00 PM,County,BRIGGS RD,OLD LAYHILL RD,STRAIGHT MOVEMENT ANGLE,CLEAR,DRY,DAYLIGHT,NO CONTROLS,NONE DETECTED,Yes,NO APPARENT INJURY,LOOKED BUT DID NOT SEE,MD,PASSENGER CAR,25,2011,FORD,VIC
MCP9130006J,180058910,Montgomery County Police,Injury Crash,11/25/2018 06:45:00 AM,Interstate (State),CAPITAL BELTWAY,UNIVERSITY BLVD E,SAME DIR REAR END,CLOUDY,WET,DARK LIGHTS ON,NO CONTROLS,NONE DETECTED,Yes,NO APPARENT INJURY,NOT DISTRACTED,MD,PASSENGER CAR,55,2014,HYUNDAI,ELANTRA
EJ7855001Q,170500915,Gaithersburg Police Depar,Injury Crash,04-07-17 15:30,Municipality,WALKER AVE,FREDERICK RD,SAME DIRECTION LEFT TURN,,DRY,DAYLIGHT,NO CONTROLS,NONE DETECTED,No,POSSIBLE INJURY,NOT DISTRACTED,MD,PASSENGER CAR,25,2006,HONDA,CIVIC
MCP3114001W,200013863,Montgomery County Police,Injury Crash,03/24/2020 06:15:00 PM,County,FAIRLAND RD,COLUMBIA PIKE,STRAIGHT MOVEMENT ANGLE,CLEAR,DRY,DAYLIGHT,TRAFFIC SIGNAL,NONE DETECTED,No,NO APPARENT INJURY,NOT DISTRACTED,MD,PICKUP TRUCK,40,2018,FORD,F350
DD5625000W,180036977,Rockville Police Departme,Injury Crash,07/26/2018 10:00:00 AM,Maryland (State),ROCKVILLE PIKE,W EDMONSTON DR,SAME DIR REAR END,CLEAR,DRY,DAYLIGHT,,NONE DETECTED,No,POSSIBLE INJURY,NOT DISTRACTED,WV,PASSENGER CAR,35,2014,TOYOTA,4D
MCP9442000M,16061235,Montgomery County Police,Injury Crash,11/29/2016 02:19:00 PM,Maryland (State),FREDERICK RD,MONTGOMERY VILLAGE AVE,OTHER,RAINING,WET,DAYLIGHT,NO CONTROLS,NONE DETECTED,Yes,NO APPARENT INJURY,NOT DISTRACTED,MD,PASSENGER CAR,35,2004,FORD,FREESTAR
MCP0617005B,230048241,Montgomery County Police,Injury Crash,08-07-23 14:51,County,EDNOR RD,WOODALE DR,SINGLE VEHICLE,CLEAR,DRY,DAYLIGHT,NO CONTROLS,NONE DETECTED,Yes,SUSPECTED SERIOUS INJURY,OTHER DISTRACTION,MD,PASSENGER CAR,35,2008,ACURA,RL
MCP12050033,170516604,Montgomery County Police,Property Damage Crash,06/30/2017 12:12:00 PM,Maryland (State),WISCONSIN AVE,AVONDALE ST,SAME DIR REAR END,CLEAR,DRY,DAYLIGHT,,NONE DETECTED,Yes,NO APPARENT INJURY,NOT DISTRACTED,MD,PASSENGER CAR,25,2005,CHRYSLER,CROSSFIRE
MCP2594000L,15006047,Montgomery County Police,Property Damage Crash,02-06-15 12:15,County,RANDOLPH RD,SHERWOOD FOREST DR,HEAD ON LEFT TURN,CLEAR,DRY,DAYLIGHT,STOP SIGN,NONE DETECTED,No,NO APPARENT INJURY,NOT DISTRACTED,MD,PASSENGER CAR,40,2013,TOYOTA,CAMRY
MCP2890001D,240035777,MONTGOMERY,Injury Crash,07/29/2024 06:25:00 PM,,,,Single Vehicle,Clear,,Daylight,,"Not Suspect of Alcohol Use, Not Suspect of Drug Use",No,No Apparent Injury,Not Distracted,MD,Sport Utility Vehicle,0,2022,KIA,TELLURIDE
MCP31700020,210031382,Montgomery County Police,Property Damage Crash,08-12-21 17:07,Maryland (State),BARNESVILLE RD,GANLEY RD,SAME DIRECTION SIDESWIPE,CLEAR,DRY,DAYLIGHT,,UNKNOWN,Yes,NO APPARENT INJURY,UNKNOWN,,PASSENGER CAR,40,2016,CHEV,PK
MCP2565003C,16058675,Montgomery County Police,Property Damage Crash,11/14/2016 03:42:00 PM,Maryland (State),CONNECTICUT AVE,PLYERS MILL RD,SAME DIR REAR END,CLEAR,DRY,DAYLIGHT,NO CONTROLS,UNKNOWN,Yes,NO APPARENT INJURY,UNKNOWN,,PICKUP TRUCK,35,2006,TOYOTA,UNK
DD5522004K,200024081,Rockville Police Departme,Injury Crash,06/19/2020 11:03:00 PM,Maryland (State),ROCKVILLE PIKE,WOOTTON PKWY,SAME DIR REAR END,RAINING,WET,DARK LIGHTS ON,TRAFFIC SIGNAL,NONE DETECTED,No,SUSPECTED MINOR INJURY,NOT DISTRACTED,MD,(SPORT) UTILITY VEHICLE,40,2000,FORD,EXPLORE
MCP27430010,190027140,Montgomery County Police,Injury Crash,06-06-19 21:30,Maryland (State),RIVER RD,CAPITAL BELTWAY,SAME DIR REAR END,CLEAR,DRY,DARK LIGHTS ON,NO CONTROLS,,No,POSSIBLE INJURY,NOT DISTRACTED,MD,PASSENGER CAR,35,2019,HYUNDAI,KONA
MCP27990011,15040734,MONTGOMERY,Property Damage Crash,08/15/2015 10:21:00 AM,Maryland (State),MUNCASTER MILL RD,WINDSOR MANOR LA,SAME DIR REAR END,CLEAR,DRY,DAYLIGHT,NO CONTROLS,NONE DETECTED,Yes,NO APPARENT INJURY,EATING OR DRINKING,MD,PASSENGER CAR,40,1999,HOND,ACCORD
MCP2773001C,15037222,MONTGOMERY,Injury Crash,07/28/2015 08:14:00 AM,US (State),GEORGIA AVE,BLAIR RD,SAME DIR REAR END,CLEAR,DRY,DAYLIGHT,,NONE DETECTED,No,NO APPARENT INJURY,NOT DISTRACTED,MD,STATION WAGON,30,2011,FORD,SW
EJ78330055,190013925,Gaithersburg Police Depar,Property Damage Crash,03/26/2019 12:30:00 PM,Maryland (State),FREDERICK RD,CHRISTOPHER AVE,SAME DIR REAR END,CLEAR,DRY,DAYLIGHT,TRAFFIC SIGNAL,NONE DETECTED,Yes,NO APPARENT INJURY,INATTENTIVE OR LOST IN THOUGHT,TN,PASSENGER CAR,40,2003,FORD,F150
DM8430000J,16059029,Takoma Park Police Depart,Property Damage Crash,11/16/2016 01:40:00 PM,Municipality,MAPLE AVE,SLIGO CREEK PKWY,OTHER,,DRY,DAYLIGHT,TRAFFIC SIGNAL,UNKNOWN,Yes,NO APPARENT INJURY,UNKNOWN,MD,PASSENGER CAR,25,2008,HONDA,CRV
MCP2962001L,170527169,Montgomery County Police,Injury Crash,08/27/2017 02:43:00 PM,Maryland (State),GREAT SENECA HWY,RICHTER FARM RD,STRAIGHT MOVEMENT ANGLE,CLEAR,DRY,DAYLIGHT,TRAFFIC SIGNAL,NONE DETECTED,No,POSSIBLE INJURY,NOT DISTRACTED,MD,PASSENGER CAR,40,2007,HYUNDAI,ELANTRA
MCP2728006B,190033636,Montgomery County Police,Property Damage Crash,07/15/2019 05:15:00 PM,County,WAYNE AVE,CEDAR ST,STRAIGHT MOVEMENT ANGLE,,DRY,DAYLIGHT,TRAFFIC SIGNAL,NONE DETECTED,No,NO APPARENT INJURY,NOT DISTRACTED,MD,PASSENGER CAR,25,2016,HYUNDAY,4D
MCP3095003Z,230008164,Montgomery County Police,Injury Crash,02/17/2023 07:51:00 PM,,,,UNKNOWN,,,DARK LIGHTS ON,NO CONTROLS,,Unknown,NO APPARENT INJURY,UNKNOWN,MD,PASSENGER CAR,10,2015,HYUNDAI,VELOSTER
MCP28890026,17002326,Montgomery County Police,Property Damage Crash,01/13/2017 08:21:00 PM,Maryland (State),GEORGIA AVE,PRICE AVE,SAME DIRECTION RIGHT TURN,,DRY,DARK LIGHTS ON,NO CONTROLS,NONE DETECTED,No,NO APPARENT INJURY,NOT DISTRACTED,MD,TRANSIT BUS,35,2013,NEW FLYER,XDE
MCP9406000R,16022283,Montgomery County Police,Property Damage Crash,05-05-16 17:50,County,DEWEY RD,DAHILL RD,HEAD ON LEFT TURN,CLOUDY,DRY,DAYLIGHT,NO CONTROLS,ALCOHOL PRESENT,Yes,NO APPARENT INJURY,UNKNOWN,GA,PASSENGER CAR,25,2006,KIA,4S
MCP2358000Q,15008699,Montgomery County Police,Property Damage Crash,02/23/2015 10:01:00 AM,Maryland (State),FALLS RD,RIVER RD,SAME DIR REAR END,CLEAR,DRY,DAYLIGHT,TRAFFIC SIGNAL,,No,NO APPARENT INJURY,NOT DISTRACTED,MD,PASSENGER CAR,35,2009,BMW,4S
MCP3113004P,230004737,Montgomery County Police,Injury Crash,01/29/2023 03:00:00 PM,County,FAIRLAND RD,OLD COLUMBIA PIKE,OTHER,RAINING,WET,DAYLIGHT,TRAFFIC SIGNAL,,Yes,NO APPARENT INJURY,INATTENTIVE OR LOST IN THOUGHT,MD,PASSENGER CAR,30,2014,BUICK,VERANO
MCP23480052,190024574,Montgomery County Police,Injury Crash,05/23/2019 05:30:00 PM,Maryland (State),GEORGIA AVE,UNIVERSITY BLVD W,OTHER,CLEAR,DRY,DAYLIGHT,TRAFFIC SIGNAL,NONE DETECTED,No,NO APPARENT INJURY,NOT DISTRACTED,FL,(SPORT) UTILITY VEHICLE,25,2012,NISSAN,ROGUE
MCP3380002P,250013950,MONTGOMERY,Property Damage Crash,03/31/2025 09:08:00 AM,Maryland (State) Route,VEIRS MILL RD (WB/L),RANDOLPH RD (WB/L),"Sideswipe, Same Direction",Clear,Dry,Daylight,Traffic Control Signal,"Not Suspect of Alcohol Use, Not Suspect of Drug Use",No,No Apparent Injury,Not Distracted,MD,Passenger Car,35,2024,LEXUS,ES
MCP3360001W,240032624,MONTGOMERY,Property Damage Crash,07-10-24 22:34,Other Public Roadway,PEPPERWOOD LA,,Angle,Cloudy,Dry,Dark - Lighted,Stop Sign,"Unknown, Unknown",No,,,,Van - Passenger (&lt;9 Seats),10,2005,CHEVROLET,EXPRESS
MCP3109000S,180026822,Montgomery County Police,Property Damage Crash,05/31/2018 07:30:00 PM,,,,OTHER,RAINING,,DUSK,,NONE DETECTED,No,NO APPARENT INJURY,NOT DISTRACTED,NJ,PASSENGER CAR,0,2017,TOYOTA,RAV4
MCP2800004K,210027702,Montgomery County Police,Property Damage Crash,07/18/2021 02:21:00 AM,,,,SAME DIRECTION RIGHT TURN,CLEAR,,DARK LIGHTS ON,NO CONTROLS,ALCOHOL CONTRIBUTED,Yes,NO APPARENT INJURY,BY OTHER OCCUPANTS,MD,PASSENGER CAR,0,2018,MERZ,TK
MCP2767001Z,16049032,Montgomery County Police,Property Damage Crash,09/23/2016 08:07:00 PM,Maryland (State),GEORGIA AVE,RANDOLPH RD,SAME DIR REAR END,CLEAR,DRY,DARK NO LIGHTS,NO CONTROLS,NONE DETECTED,Yes,NO APPARENT INJURY,UNKNOWN,DC,TRANSIT BUS,35,2013,GILL,BUSS
MCP3368001S,230065490,Montgomery County Police,Property Damage Crash,11-09-23 23:02,County,MIDDLEBROOK RD,WARING STATION RD,SAME DIRECTION SIDESWIPE,CLEAR,DRY,DARK LIGHTS ON,TRAFFIC SIGNAL,ALCOHOL PRESENT,Yes,NO APPARENT INJURY,UNKNOWN,MD,PASSENGER CAR,40,2014,ACUR,4S
MCP0617005D,230050089,Montgomery County Police,Injury Crash,08/18/2023 11:07:00 AM,County,NOTLEY RD,NOVA CT,SAME DIR REAR END,CLEAR,DRY,DAYLIGHT,NO CONTROLS,NONE DETECTED,No,POSSIBLE INJURY,NOT DISTRACTED,MD,PICKUP TRUCK,30,2002,NISS,PK
MCP2396001P,16051550,Montgomery County Police,Injury Crash,10-07-16 9:23,County,LONGMEAD CROSSING DR,ARGYLE CLUB LA,SAME DIR REAR END,CLEAR,DRY,DAYLIGHT,NO CONTROLS,NONE DETECTED,No,POSSIBLE INJURY,UNKNOWN,MD,PASSENGER CAR,25,1999,TOYTA,CAMRY
MCP3335001R,230020081,Montgomery County Police,Property Damage Crash,04/27/2023 06:45:00 AM,US (State),COLESVILLE RD,UNIVERSITY BLVD E,SAME DIR REAR END,CLEAR,WET,DAYLIGHT,TRAFFIC SIGNAL,NONE DETECTED,Yes,NO APPARENT INJURY,UNKNOWN,MD,PASSENGER CAR,35,2016,TOYT,TK
MCP30540015,180005012,Montgomery County Police,Injury Crash,01/29/2018 06:38:00 PM,County,SHADY GROVE RD,SPUR TO MD 28,SAME DIR REAR END,CLEAR,DRY,DARK LIGHTS ON,YIELD SIGN,NONE DETECTED,Unknown,NO APPARENT INJURY,UNKNOWN,MD,"CARGO VAN/LIGHT TRUCK 2 AXLES (OVER 10,000LBS (4,536 KG))",40,2012,NISSAN,TK
MCP25360018,170508390,Montgomery County Police,Injury Crash,05/17/2017 09:29:00 PM,Maryland (State),VEIRS MILL RD,NEWPORT MILL RD,OTHER,CLEAR,DRY,DARK LIGHTS ON,TRAFFIC SIGNAL,NONE DETECTED,Yes,POSSIBLE INJURY,NOT DISTRACTED,WV,"CARGO VAN/LIGHT TRUCK 2 AXLES (OVER 10,000LBS (4,536 KG))",35,2013,NISSAN,WV3500
MCP3242001Y,220043086,Montgomery County Police,Injury Crash,10-03-22 13:15,County,BRISBANE ST,FOREST GROVE DR,OTHER,CLOUDY,DRY,DAYLIGHT,NO CONTROLS,NONE DETECTED,Yes,SUSPECTED MINOR INJURY,NOT DISTRACTED,MD,PASSENGER CAR,20,2017,HYUN,4S