Report Number,Local Case Number,Agency Name,ACRS Report Type,Crash Date/Time,Route Type,Road Name,Cross-Street Name,Collision Type,Weather,Surface Condition,Light,Traffic Control,Driver Substance Abuse,Driver At Fault,Injury Severity,Driver Distracted By,Drivers License State,Vehicle Body Type,Speed Limit,Vehicle Year,Vehicle Make,Vehicle Model
DD56770002,240014682,ROCKVILLE,Injury Crash,03/28/2024 06:00:00 PM,Municipality Route,FIRST ST SPUR,FIRST ST (WB/L),Angle,Clear,Dry,Daylight,Stop Sign,"Not Suspect of Alcohol Use, Not Suspect of Drug Use",Yes,Suspected Minor Injury,Not Distracted,MD,Pickup,45,2018,CHEVROLET,COLORADO
MCP26660044,200017314,Montgomery County Police,Property Damage Crash,04/27/2020 06:42:00 AM,US (State),COLESVILLE RD,UNIVERSITY BLVD E,STRAIGHT MOVEMENT ANGLE,RAINING,WET,DAYLIGHT,TRAFFIC SIGNAL,NONE DETECTED,Yes,NO APPARENT INJURY,NOT DISTRACTED,MD,PASSENGER CAR,40,2016,TOYOTA,COROLLA
MCP3263003R,230061862,Montgomery County Police,Property Damage Crash,10/21/2023 07:01:00 PM,County,RANDOLPH RD,NEBEL ST,SAME DIR REAR END,CLEAR,DRY,,NO CONTROLS,NONE DETECTED,Yes,NO APPARENT INJURY,LOOKED BUT DID NOT SEE,CO,PASSENGER CAR,35,2007,CHEVY,MALIBU
MCP3053004Z,210049926,Montgomery County Police,Property Damage Crash,12-08-21 23:00,Maryland (State),GEORGIA AVE,UNIVERSITY BLVD W,SAME DIRECTION LEFT TURN,,DRY,DARK LIGHTS ON,TRAFFIC SIGNAL,,No,NO APPARENT INJURY,NOT DISTRACTED,MD,PASSENGER CAR,25,2012,BMW,528I
MCP2942002G,17010782,Montgomery County Police,Property Damage Crash,02/28/2017 06:20:00 PM,,,,SAME DIRECTION SIDESWIPE,,,DARK LIGHTS ON,,UNKNOWN,Yes,NO APPARENT INJURY,UNKNOWN,XX,PASSENGER CAR,0,2003,MERZ,4S
MCP3197004W,250046424,MONTGOMERY,Injury Crash,10/15/2025 06:54:00 PM,Maryland (State) Route,GEORGIA AVE,,Front to Rear,Clear,Dry,Dark - Lighted,No Controls,"Not Suspect of Alcohol Use, Not Suspect of Drug Use",No,Suspected Minor Injury,Not Distracted,MD,Passenger Car,40,2017,CHEVROLET,TRAX
EJ7885002N,220054125,Gaithersburg Police Depar,Property Damage Crash,12-07-22 17:40,County,DIAMONDBACK DR,BICKERSTAFF WAY,STRAIGHT MOVEMENT ANGLE,CLEAR,DRY,DARK LIGHTS ON,TRAFFIC SIGNAL,NONE DETECTED,Yes,NO APPARENT INJURY,UNKNOWN,MD,PASSENGER CAR,35,2006,TOYT,SD
MCP23580032,170502303,Montgomery County Police,Property Damage Crash,04/15/2017 11:10:00 AM,,,,OTHER,CLEAR,,DAYLIGHT,NO CONTROLS,NONE DETECTED,Yes,NO APPARENT INJURY,NOT DISTRACTED,NY,PASSENGER CAR,25,2008,BMW,4D
MCP30950069,250044206,MONTGOMERY,Property Damage Crash,10-01-25 17:30,Maryland (State) Route,,,"Sideswipe, Same Direction",Clear,Dry,Daylight,No Controls,"Unknown, Unknown",No,,,,Pickup,40,2011,FORD,F-450
MCP32800031,230003926,Montgomery County Police,Property Damage Crash,01/24/2023 02:30:00 PM,County,CALVERTON BLVD,CRAIGLAWN RD,SAME DIR REAR END,CLEAR,DRY,DAYLIGHT,NO CONTROLS,NONE DETECTED,Yes,NO APPARENT INJURY,INATTENTIVE OR LOST IN THOUGHT,MD,PASSENGER CAR,30,2011,TOYOTA,CAMRY
MCP33770027,240041579,MONTGOMERY,Injury Crash,09-02-24 16:33,,,,Rear To Rear,Clear,,Daylight,,"Not Suspect of Alcohol Use, Not Suspect of Drug Use",No,Suspected Minor Injury,Not Distracted,MD,Passenger Car,0,2023,TOYOTA,CAMRY
MCP2594006V,210031080,Montgomery County Police,Injury Crash,08-10-21 13:02,Maryland (State),OLNEY SANDY SPRING RD,VILLAGE CENTER DR,STRAIGHT MOVEMENT ANGLE,CLEAR,DRY,DAYLIGHT,TRAFFIC SIGNAL,NONE DETECTED,No,SUSPECTED SERIOUS INJURY,NOT DISTRACTED,MD,PASSENGER CAR,35,2013,CHEVROLET,EQUINOX
DM8437000V,16026314,Takoma Park Police Depart,Property Damage Crash,05/26/2016 09:00:00 PM,,,,OTHER,CLEAR,,DARK -- UNKNOWN LIGHTING,NO CONTROLS,UNKNOWN,Yes,NO APPARENT INJURY,UNKNOWN,,PASSENGER CAR,5,2001,HUYUNDAI,ELANTRA
MCP1598000F,230007205,Montgomery County Police,Injury Crash,02/13/2023 06:31:00 AM,Maryland (State),GREAT SENECA HWY,BEGIN BRIDGE,SINGLE VEHICLE,CLOUDY,ICE,DARK NO LIGHTS,,NONE DETECTED,No,SUSPECTED MINOR INJURY,NOT DISTRACTED,MD,PICKUP TRUCK,55,2009,CHEV,SILVERADO
MCP2855003D,190044426,Montgomery County Police,Injury Crash,09/16/2019 08:50:00 PM,US (State),COLUMBIA PIKE,MUSGROVE RD,SAME DIR REAR END,CLEAR,DRY,DARK LIGHTS ON,TRAFFIC SIGNAL,NONE DETECTED,No,POSSIBLE INJURY,NOT DISTRACTED,MD,PASSENGER CAR,50,2016,HYUN,4S
MCP3109008K,230062427,Montgomery County Police,Injury Crash,10/25/2023 08:00:00 AM,US (State),COLESVILLE RD,TIMBERWOOD AVE,HEAD ON LEFT TURN,CLEAR,DRY,DAYLIGHT,NO CONTROLS,NONE DETECTED,No,POSSIBLE INJURY,NOT DISTRACTED,MD,PASSENGER CAR,40,2014,HONDA,CIVIC
MCP13780065,15025729,Montgomery County Police,Injury Crash,05/28/2015 03:08:00 PM,Maryland (State),QUINCE ORCHARD RD,RAMP 1 FR RAMP 8 (FR IS270) TO MD 124 EB,SAME DIRECTION LEFT TURN,CLOUDY,DRY,DAYLIGHT,NO CONTROLS,NONE DETECTED,Yes,POSSIBLE INJURY,LOOKED BUT DID NOT SEE,MD,PASSENGER CAR,35,1997,MERCURY,COUGAR
MCP13890010,17003114,Montgomery County Police,Property Damage Crash,01/18/2017 02:22:00 PM,Maryland (State),MONTGOMERY VILLAGE AVE,SPUR TO LAKE FOREST SHOP CTR,SAME DIR REAR END,CLOUDY,DRY,DAYLIGHT,TRAFFIC SIGNAL,NONE DETECTED,Yes,NO APPARENT INJURY,NOT DISTRACTED,MD,OTHER,35,2002,HONDA,ACCORD
MCP2849002W,170549978,Montgomery County Police,Property Damage Crash,12/21/2017 04:10:00 PM,Maryland (State),NEW HAMPSHIRE AVE,RANDOLPH RD,SAME DIRECTION SIDESWIPE,CLEAR,DRY,DAYLIGHT,NO CONTROLS,NONE DETECTED,Yes,NO APPARENT INJURY,LOOKED BUT DID NOT SEE,MD,"MEDIUM/HEAVY TRUCKS 3 AXLES (OVER 10,000LBS (4,536KG))",40,2004,FORD,TK
MCP304800CX,240040674,MONTGOMERY,Property Damage Crash,08/28/2024 08:00:00 AM,County Route,CEDAR LA,,Front to Rear,Clear,Dry,Daylight,No Controls,"Not Suspect of Alcohol Use, Not Suspect of Drug Use",No,No Apparent Injury,Not Distracted,DC,Passenger Car,30,2022,TOYOTA,SIENNA
EJ78860043,240047607,GAITHERSBURG,Property Damage Crash,10-05-24 20:29,Municipality Route,E DEER PARK DR,S FREDERICK RD,Rear To Side,Clear,Dry,Dark - Lighted,No Controls,"Not Suspect of Alcohol Use, Not Suspect of Drug Use",No,No Apparent Injury,Unknown,,Passenger Car,35,2008,HONDA,CIVIC
MCP0487002M,180036983,Montgomery County Police,Property Damage Crash,07/26/2018 10:07:00 AM,County,AIRPARK RD,WOODFIELD RD,SAME DIR REAR END,CLEAR,DRY,DAYLIGHT,NO CONTROLS,NONE DETECTED,No,NO APPARENT INJURY,LOOKED BUT DID NOT SEE,MD,PASSENGER CAR,50,2017,FORD,ESCAPE
MCP30170009,170511652,Montgomery County Police,Property Damage Crash,06-04-17 0:00,County,GOSHEN RD,ODENDHAL AVE,SAME DIR REAR END,CLEAR,DRY,DARK -- UNKNOWN LIGHTING,TRAFFIC SIGNAL,ALCOHOL PRESENT,Yes,NO APPARENT INJURY,EATING OR DRINKING,MD,PICKUP TRUCK,35,1994,CHEV,TK
MCP2118001F,220037976,Montgomery County Police,Property Damage Crash,09-01-22 23:28,County,CLARKSBURG RD,LEWISDALE RD,SINGLE VEHICLE,CLEAR,DRY,DARK NO LIGHTS,,NONE DETECTED,Yes,NO APPARENT INJURY,NOT DISTRACTED,MD,PASSENGER CAR,30,2015,MERCEDEZ BENZ,C 300
DD55270006,15003495,Rockville Police Departme,Property Damage Crash,01/22/2015 07:27:00 AM,County,VEIRS MILL SERV RD,GAIL ST,OTHER,FOGGY,WET,DAYLIGHT,NO CONTROLS,,No,NO APPARENT INJURY,NOT DISTRACTED,MD,PASSENGER CAR,30,2003,MERCURY,MARAUDER
MCP9419005B,240052473,MONTGOMERY,Injury Crash,11-01-24 13:20,Municipality Route,COLLEGE PKWY (SB/L),HUNGERFORD DR (SB/L),Single Vehicle,Clear,Dry,Daylight,Traffic Control Signal,"Not Suspect of Alcohol Use, Not Suspect of Drug Use",No,No Apparent Injury,Not Distracted,MD,Passenger Car,30,2008,CHEVROLET,AVEO
MCP23470051,240044497,MONTGOMERY,Property Damage Crash,09/18/2024 11:42:00 AM,County Route,CASTLE BLVD,,Front to Rear,Clear,Dry,Daylight,No Controls,"Unknown, Unknown",Yes,No Apparent Injury,Not Distracted,MD,Passenger Car,30,2009,BMW,X5
MCP27400058,180030641,Montgomery County Police,Property Damage Crash,06/14/2018 11:30:00 AM,County,CAMERON ST,SPRING ST,OPPOSITE DIRECTION SIDESWIPE,UNKNOWN,DRY,DAYLIGHT,,UNKNOWN,Yes,NO APPARENT INJURY,UNKNOWN,,"CARGO VAN/LIGHT TRUCK 2 AXLES (OVER 10,000LBS (4,536 KG))",25,2015,INTL,TRUCK
MCP1174003S,190043113,Montgomery County Police,Injury Crash,09-09-19 7:42,,,,SINGLE VEHICLE,CLEAR,,DAYLIGHT,PERSON,NONE DETECTED,Yes,NO APPARENT INJURY,NOT DISTRACTED,MD,"CARGO VAN/LIGHT TRUCK 2 AXLES (OVER 10,000LBS (4,536 KG))",0,2017,HINO,DELIVERY TRUCK
MCP32270035,210052081,Montgomery County Police,Property Damage Crash,12/21/2021 06:06:00 PM,Maryland (State),NEW HAMPSHIRE AVE,ADELPHI RD,SAME DIR REAR END,RAINING,WET,DARK LIGHTS ON,TRAFFIC SIGNAL,NONE DETECTED,No,NO APPARENT INJURY,NOT DISTRACTED,MD,PASSENGER CAR,30,2014,DODGE,RAM
MCP93900018,190003777,Montgomery County Police,Property Damage Crash,01/24/2019 02:55:00 PM,Maryland (State),QUINCE ORCHARD RD,RAMP 1 FR RAMP 8 (FR IS270) TO MD 124 EB,STRAIGHT MOVEMENT ANGLE,CLEAR,WET,DAYLIGHT,TRAFFIC SIGNAL,,No,NO APPARENT INJURY,UNKNOWN,MD,PASSENGER CAR,35,2005,ACURA,MDX
MCP1550001W,16011932,MONTGOMERY,Property Damage Crash,03-10-16 16:08,Interstate (State),CAPITAL BELTWAY,CONNECTICUT AVE,SAME DIR REAR END,CLEAR,DRY,DAYLIGHT,NO CONTROLS,NONE DETECTED,No,NO APPARENT INJURY,NOT DISTRACTED,MD,SCHOOL BUS,25,2012,THOMAS,BUS
EJ78980016,230056886,Gaithersburg Police Depar,Injury Crash,09/26/2023 06:00:00 AM,Maryland (State),W DIAMOND AVE,BUREAU DR,STRAIGHT MOVEMENT ANGLE,RAINING,WET,DARK LIGHTS ON,TRAFFIC SIGNAL,NONE DETECTED,Yes,SUSPECTED MINOR INJURY,LOOKED BUT DID NOT SEE,MD,PASSENGER CAR,35,2023,TOYOTA,S4
MCP229800T5,200046454,Montgomery County Police,Injury Crash,11/24/2020 05:19:00 PM,County,MIDDLEBROOK RD,GERMANTOWN RD,SAME DIR REAR END,CLEAR,DRY,DARK LIGHTS ON,TRAFFIC SIGNAL,MEDICATION PRESENT,Yes,POSSIBLE INJURY,NOT DISTRACTED,MD,VAN,40,2012,FORD,VN
MCP21160057,16055337,Montgomery County Police,Property Damage Crash,10/27/2016 04:12:00 PM,County,TWINBROOK PKWY,PARKLAWN DR,SAME DIR REAR END,CLOUDY,WET,DAYLIGHT,TRAFFIC SIGNAL,NONE DETECTED,Yes,NO APPARENT INJURY,OTHER DISTRACTION,MD,PASSENGER CAR,35,2002,MITSU,4S
MCP93790010,16047540,Montgomery County Police,Injury Crash,09/16/2016 10:27:00 AM,County,SOUTHLAWN LA,E GUDE DR,SAME DIR REAR END,CLEAR,DRY,DAYLIGHT,TRAFFIC SIGNAL,,Yes,POSSIBLE INJURY,DISTRACTED BY OUTSIDE PERSON OBJECT OR EVENT,MD,FIRE VEHICLE/EMERGENCY,30,1998,CHEVY,BLAZER
MCP2358009H,220015954,Montgomery County Police,Property Damage Crash,04/15/2022 08:37:00 AM,Maryland (State),BRADLEY BLVD,CHEVY CHASE DR,OTHER,CLEAR,DRY,DAYLIGHT,NO CONTROLS,NONE DETECTED,No,NO APPARENT INJURY,NOT DISTRACTED,MD,PASSENGER CAR,25,2004,TOYOTA,COROLLA
MCP2899004L,210009102,Montgomery County Police,Property Damage Crash,03-11-21 0:44,Ramp,RAMP 4 FR MD 97 NB TO IS 495 EB,GEORGIA AVE,STRAIGHT MOVEMENT ANGLE,CLEAR,DRY,DARK LIGHTS ON,NO CONTROLS,,Yes,NO APPARENT INJURY,UNKNOWN,DC,PASSENGER CAR,35,2019,MISTUBISHI,OUTLANDER
MCP25040033,180000599,Montgomery County Police,Property Damage Crash,01-04-18 15:59,County,DARNESTOWN RD,TRAVILAH RD,STRAIGHT MOVEMENT ANGLE,CLEAR,DRY,DAYLIGHT,NO CONTROLS,NONE DETECTED,No,NO APPARENT INJURY,NOT DISTRACTED,MD,PASSENGER CAR,40,2006,NISSAN,4S
MCP15680008,15010920,Montgomery County Police,Injury Crash,03-09-15 15:49,Maryland (State),DARNESTOWN RD,BUCKLODGE RD,SINGLE VEHICLE,CLEAR,DRY,DAYLIGHT,,ILLEGAL DRUG PRESENT,Yes,SUSPECTED MINOR INJURY,UNKNOWN,MD,PASSENGER CAR,40,2012,BMW,UNK
MCP29710054,190056670,Montgomery County Police,Property Damage Crash,11/23/2019 05:35:00 PM,County,CRYSTAL ROCK DR,CLOVERLEAF CENTER DR,SAME DIR REAR END,RAINING,WET,DARK LIGHTS ON,NO CONTROLS,NONE DETECTED,No,NO APPARENT INJURY,NOT DISTRACTED,MD,VAN,40,2014,HONDA,ODYSSEY
MCP05800006,15058640,MONTGOMERY,Injury Crash,11/17/2015 10:26:00 AM,County,RANDOLPH RD,HUNTERS LA,SAME DIR REAR END,CLEAR,DRY,DAYLIGHT,OTHER,NONE DETECTED,No,NO APPARENT INJURY,NOT DISTRACTED,MD,(SPORT) UTILITY VEHICLE,35,2011,LAND,ROVER
MCP0872000F,15019486,Montgomery County Police,Property Damage Crash,04/25/2015 07:40:00 AM,Maryland (State),GEORGIA AVE,CAPITAL BELTWAY,SAME DIR REAR END,CLOUDY,DRY,DAYLIGHT,TRAFFIC SIGNAL,NONE DETECTED,Yes,NO APPARENT INJURY,INATTENTIVE OR LOST IN THOUGHT,MD,"OTHER LIGHT TRUCKS (10,000LBS (4,536KG) OR LESS)",35,1996,JEEP,TK
MCP1174005X,230007429,Montgomery County Police,Property Damage Crash,02/14/2023 07:58:00 AM,,,,SINGLE VEHICLE,CLEAR,,DAYLIGHT,NO CONTROLS,NONE DETECTED,Yes,NO APPARENT INJURY,LOOKED BUT DID NOT SEE,MD,PASSENGER CAR,0,2020,ACUR,MDX
MCP2549005T,170512053,Montgomery County Police,Injury Crash,06-06-17 9:44,Maryland (State),WISCONSIN AVE,CORDELL AVE,SAME DIR REAR END,CLEAR,DRY,DAYLIGHT,,NONE DETECTED,Yes,NO APPARENT INJURY,OTHER DISTRACTION,MD,STATION WAGON,25,1998,GMC,C6500
EJ7906000X,240034965,GAITHERSBURG,Property Damage Crash,07/24/2024 03:02:00 PM,,,,Front to Front,Cloudy,,Daylight,,"Unknown, Unknown",No,,,,Passenger Car,0,2016,ACURA,RDX
DM84770012,210020026,Takoma Park Police Depart,Property Damage Crash,05/27/2021 09:08:00 AM,Municipality,FLOWER AVE,GARLAND AVE,OTHER,CLEAR,DRY,DAYLIGHT,NO CONTROLS,NONE DETECTED,No,NO APPARENT INJURY,NOT DISTRACTED,MD,SCHOOL BUS,15,2020,THOMAS,BUS
EJ78890051,240039075,GAITHERSBURG,Property Damage Crash,08/18/2024 09:35:00 PM,Municipality Route,WEST SIDE DR (NB/L),,Front to Rear,Clear,Dry,Dark - Not Lighted,No Controls,"Unknown, Unknown",No,,,,Passenger Car,25,2008,LEXUS,IS
MCP3123000Y,180051515,Montgomery County Police,Injury Crash,10/14/2018 11:30:00 PM,County,GLEN RD,S GLEN RD,SINGLE VEHICLE,RAINING,WET,DARK NO LIGHTS,NO CONTROLS,NONE DETECTED,Yes,POSSIBLE INJURY,NOT DISTRACTED,MD,PASSENGER CAR,25,2002,TOYOTA,CORROLA
MCP2177000C,15007132,Montgomery County Police,Property Damage Crash,02-12-15 13:21,County,PARKLAWN DR,RANDOLPH RD,SAME DIRECTION LEFT TURN,CLEAR,DRY,DAYLIGHT,TRAFFIC SIGNAL,NONE DETECTED,Yes,NO APPARENT INJURY,NOT DISTRACTED,PA,TRUCK TRACTOR,30,2007,STERLING,TK
MCP2737004T,200040413,Montgomery County Police,Property Damage Crash,10/14/2020 01:25:00 AM,County,GOOD HOPE RD,NEW HAMPSHIRE AVE,SAME DIR REAR END,CLEAR,DRY,DARK LIGHTS ON,,ALCOHOL CONTRIBUTED,Yes,NO APPARENT INJURY,UNKNOWN,MD,PASSENGER CAR,35,2012,VW,BEETLE
MCP2868002W,190006911,Montgomery County Police,Injury Crash,02-12-19 19:07,County,MACARTHUR BLVD,MOHICAN RD,SAME DIR REAR END,RAINING,WET,DARK LIGHTS ON,NO CONTROLS,NONE DETECTED,No,POSSIBLE INJURY,NOT DISTRACTED,MD,PASSENGER CAR,35,2018,TOYOTA,4D
HA22870007,18000042,Maryland-National Capital,Property Damage Crash,01/13/2018 03:19:00 PM,,,,SINGLE VEHICLE,CLEAR,,DAYLIGHT,,NONE DETECTED,Yes,NO APPARENT INJURY,NOT DISTRACTED,MD,POLICE VEHICLE/EMERGENCY,25,2011,CHEVY,TK
MCP30590015,170541301,Montgomery County Police,Property Damage Crash,11-06-17 16:17,Maryland (State),GEORGIA AVE,RANDOLPH RD,SAME DIRECTION SIDESWIPE,CLEAR,DRY,DAYLIGHT,TRAFFIC SIGNAL,NONE DETECTED,Yes,NO APPARENT INJURY,UNKNOWN,MD,OTHER,30,2004,NISSAN,SENTRA
MCP3097000K,180023983,Montgomery County Police,Property Damage Crash,05/16/2018 05:36:00 AM,County,CHERRY HILL RD,CALVERTON BLVD,STRAIGHT MOVEMENT ANGLE,CLEAR,WET,DAWN,FLASHING TRAFFIC SIGNAL,NONE DETECTED,Yes,NO APPARENT INJURY,LOOKED BUT DID NOT SEE,MD,PASSENGER CAR,40,2015,FORD,FUSION
MCP268900CK,250013029,MONTGOMERY,Injury Crash,03/25/2025 01:42:00 PM,Maryland (State) Route,DARNESTOWN RD (WB/L),MUDDY BRANCH RD (SB/L),Angle,Clear,Dry,Daylight,Traffic Control Signal,"Not Suspect of Alcohol Use, Not Suspect of Drug Use",Yes,No Apparent Injury,Unknown,MD,Passenger Car,40,2019,BUICK,ENCORE
MCP3145003K,230031563,Montgomery County Police,Injury Crash,07-02-23 12:00,County,POWDER MILL RD,ENT TO BUSINESS,STRAIGHT MOVEMENT ANGLE,CLEAR,DRY,DAYLIGHT,STOP SIGN,NONE DETECTED,No,NO APPARENT INJURY,NOT DISTRACTED,MD,PASSENGER CAR,35,2016,HOND,4S
MCP1512000J,15040629,MONTGOMERY,Injury Crash,08/14/2015 07:00:00 PM,,,,SINGLE VEHICLE,CLEAR,,DAYLIGHT,NO CONTROLS,NONE DETECTED,Yes,NO APPARENT INJURY,NOT DISTRACTED,MD,PICKUP TRUCK,15,1991,TOYT,TK
MCP33420006,220038702,Montgomery County Police,Property Damage Crash,09-06-22 16:43,County,TAMARACK RD,NORTHCREST DR,SAME DIRECTION LEFT TURN,CLEAR,DRY,DAYLIGHT,NO CONTROLS,NONE DETECTED,Yes,NO APPARENT INJURY,BY MOVING OBJECT IN VEHICLE,MD,PASSENGER CAR,35,2020,HYUNDAI,TUCSON
MCP13780109,220003460,Montgomery County Police,Injury Crash,01/26/2022 02:15:00 PM,County,RIDGEFIELD RD,WESTBARD AVE,SINGLE VEHICLE,CLEAR,DRY,DAYLIGHT,TRAFFIC SIGNAL,NONE DETECTED,Yes,NO APPARENT INJURY,NOT DISTRACTED,DC,PASSENGER CAR,25,2015,SUBARU,IMPREZA
MCP2843001D,180028724,Montgomery County Police,Property Damage Crash,06-10-18 21:08,County,SHADY GROVE RD,RAMP 9 FR IS 370 EB TO SHADY GROVE RD,STRAIGHT MOVEMENT ANGLE,CLEAR,DRY,DARK LIGHTS ON,TRAFFIC SIGNAL,UNKNOWN,Yes,NO APPARENT INJURY,UNKNOWN,,,45,0,UNKNOWN,UNKNOWN
MCP2181001B,17001788,Montgomery County Police,Property Damage Crash,01-11-17 9:10,County,GLEN MILL RD,LLOYD RD,HEAD ON,CLEAR,DRY,DAYLIGHT,NO CONTROLS,,Yes,NO APPARENT INJURY,NOT DISTRACTED,MD,SCHOOL BUS,30,2009,INTERCONTENTAL,BUS
MCP2831001P,16062628,Montgomery County Police,Property Damage Crash,12-06-16 15:12,Maryland (State),GERMANTOWN RD,DAWSON FARM RD,SINGLE VEHICLE,RAINING,WET,DAYLIGHT,NO CONTROLS,,Yes,NO APPARENT INJURY,NOT DISTRACTED,NJ,PASSENGER CAR,40,2002,TOYOTA,TUNDRA
MCP3048007C,210048751,Montgomery County Police,Property Damage Crash,12-01-21 13:40,County,TUCKERMAN LA,GLOXINIA DR,OTHER,CLEAR,DRY,DAYLIGHT,TRAFFIC SIGNAL,,Yes,NO APPARENT INJURY,UNKNOWN,MD,PASSENGER CAR,25,2018,TOYOTA,SIENNA
MCP2635007T,230009691,Montgomery County Police,Property Damage Crash,02/26/2023 07:10:00 PM,Maryland (State),GEORGIA AVE,KING WILLIAM DR,SAME DIR REAR END,CLEAR,DRY,DARK LIGHTS ON,TRAFFIC SIGNAL,,Yes,NO APPARENT INJURY,BY OTHER OCCUPANTS,MD,(SPORT) UTILITY VEHICLE,30,2015,KIA,SPORTAGE
MCP1564001L,16049307,Montgomery County Police,Injury Crash,09/25/2016 11:05:00 AM,Maryland (State),GEORGIA AVE,DAMASCUS RD,HEAD ON LEFT TURN,CLEAR,DRY,DAYLIGHT,TRAFFIC SIGNAL,NONE DETECTED,Yes,NO APPARENT INJURY,LOOKED BUT DID NOT SEE,MD,PASSENGER CAR,30,2005,TOYT,4S
MCP2339009B,240020808,MONTGOMERY,Injury Crash,05-03-24 15:38,County Route,SOUTHLAWN LA,E GUDE DR (WB/L),Single Vehicle,Clear,Dry,Daylight,Traffic Control Signal,"Not Suspect of Alcohol Use, Not Suspect of Drug Use",Yes,Suspected Minor Injury,Not Distracted,MD,Sport Utility Vehicle,35,2019,NISSAN,MURANO
EJ78560067,190007282,Gaithersburg Police Depar,Property Damage Crash,02/14/2019 06:36:00 PM,County,MUDDY BRANCH RD,W DIAMOND AVE,HEAD ON LEFT TURN,CLEAR,DRY,DARK LIGHTS ON,TRAFFIC SIGNAL,,No,NO APPARENT INJURY,NOT DISTRACTED,MD,PASSENGER CAR,25,2009,MAZDA,3
MCP3149000V,190010197,Montgomery County Police,Property Damage Crash,03-05-19 5:19,Maryland (State),NEW HAMPSHIRE AVE,POWDER MILL RD,SAME DIR REAR END,CLEAR,DRY,DAWN,TRAFFIC SIGNAL,NONE DETECTED,No,NO APPARENT INJURY,NOT DISTRACTED,MD,PASSENGER CAR,40,2012,NISS,4D
MCP3133001X,200008267,Montgomery County Police,Injury Crash,02/19/2020 10:33:00 AM,Maryland (State),VEIRS MILL RD,FERRARA AVE,SAME DIR REAR END,CLEAR,DRY,DAYLIGHT,TRAFFIC SIGNAL,NONE DETECTED,No,NO APPARENT INJURY,NOT DISTRACTED,MD,PASSENGER CAR,35,2014,FORD,FOCUS
MCP3111002J,200017417,Montgomery County Police,Property Damage Crash,04/28/2020 08:54:00 AM,Maryland (State),EAST WEST HWY,DONNYBROOK DR,SAME DIR REAR END,CLOUDY,DRY,DAYLIGHT,NO CONTROLS,NONE DETECTED,Yes,NO APPARENT INJURY,DISTRACTED BY OUTSIDE PERSON OBJECT OR EVENT,MD,PASSENGER CAR,35,2011,GMC,SIERRA
MCP31450015,190010648,Montgomery County Police,Injury Crash,03-07-19 14:45,Maryland (State),GEORGIA AVE,REEDIE DR,OTHER,CLEAR,DRY,DAYLIGHT,NO CONTROLS,,No,POSSIBLE INJURY,NOT DISTRACTED,MD,PASSENGER CAR,35,2009,TOYOTA,COROLLA
MCP3134000L,180054401,Montgomery County Police,Injury Crash,10/30/2018 04:32:00 PM,US (State),COLUMBIA PIKE,INDUSTRIAL PKWY,SAME DIR REAR END,CLEAR,DRY,DAYLIGHT,,,No,NO APPARENT INJURY,NOT DISTRACTED,MD,PASSENGER CAR,50,2012,DODGE,4S
MCP2922000X,17010793,Montgomery County Police,Injury Crash,02/28/2017 08:41:00 PM,County,CHERRY HILL RD,CALVERTON BLVD,HEAD ON LEFT TURN,RAINING,WET,DARK LIGHTS ON,TRAFFIC SIGNAL,,No,SUSPECTED MINOR INJURY,NOT DISTRACTED,MD,PASSENGER CAR,35,2008,HYUNDAI,4S
MCP2805001T,16007800,Montgomery County Police,Injury Crash,02/16/2016 03:39:00 PM,County,SNOUFFERS SCHOOL RD,CHERRY LAUREL LA,SAME DIR REAR END,CLEAR,WET,DAYLIGHT,TRAFFIC SIGNAL,NONE DETECTED,No,POSSIBLE INJURY,NOT DISTRACTED,MD,(SPORT) UTILITY VEHICLE,40,2005,VOLVO,XC90
MCP23470062,250042940,MONTGOMERY,Injury Crash,09/24/2025 11:31:00 AM,Local Route,HEALING WAY,,"Sideswipe, Same Direction",Clear,Dry,Daylight,No Controls,"Not Suspect of Alcohol Use, Not Suspect of Drug Use",No,No Apparent Injury,Not Distracted,MD,Passenger Car,25,2024,TOYOTA,RAV4
MCP3052002D,200028083,Montgomery County Police,Injury Crash,07/20/2020 01:27:00 AM,County,MONTGOMERY VILLAGE AVE,CLUB HOUSE RD,SAME DIRECTION SIDESWIPE,,DRY,DARK NO LIGHTS,NO CONTROLS,UNKNOWN,Yes,NO APPARENT INJURY,UNKNOWN,,PASSENGER CAR,35,0,HONDA,CIVIC
MCP1064004X,16050783,Montgomery County Police,Injury Crash,10-03-16 15:16,Maryland (State),NEW HAMPSHIRE AVE,CHALMERS RD,SAME DIR REAR END,CLOUDY,DRY,DAYLIGHT,TRAFFIC SIGNAL,,No,NO APPARENT INJURY,DISTRACTED BY OUTSIDE PERSON OBJECT OR EVENT,MD,PASSENGER CAR,40,2012,FORD,FUSION 4D
MCP11510082,180044054,Montgomery County Police,Property Damage Crash,09-04-18 8:25,County,GATEWAY CENTER DR,STRINGTOWN RD,HEAD ON LEFT TURN,CLEAR,DRY,DAYLIGHT,TRAFFIC SIGNAL,NONE DETECTED,No,NO APPARENT INJURY,NOT DISTRACTED,MD,PICKUP TRUCK,35,2015,RAM,1500
MCP26350040,170516274,Montgomery County Police,Property Damage Crash,06/28/2017 05:20:00 PM,Maryland (State),GEORGIA AVE,RAMP 4 FR MD 97 NB TO MD 200 EB,SAME DIR REAR END,CLEAR,DRY,DAYLIGHT,NO CONTROLS,,No,NO APPARENT INJURY,NOT DISTRACTED,MD,PASSENGER CAR,50,2005,FORD,E350