Report Number,Local Case Number,Agency Name,ACRS Report Type,Crash Date/Time,Route Type,Road Name,Cross-Street Name,Collision Type,Weather,Surface Condition,Light,Traffic Control,Driver Substance Abuse,Driver At Fault,Injury Severity,Driver Distracted By,Drivers License State,Vehicle Body Type,Speed Limit,Vehicle Year,Vehicle Make,Vehicle Model
MCP27260078,220040700,Montgomery County Police,Injury Crash,09/19/2022 10:20:00 AM,County,CRABBS BRANCH WAY,STANDISH PL,STRAIGHT MOVEMENT ANGLE,CLEAR,,DAYLIGHT,NO CONTROLS,NONE DETECTED,No,SUSPECTED MINOR INJURY,NOT DISTRACTED,MD,PASSENGER CAR,35,2016,FORD,TRANSIT
MCP1220002R,15051270,MONTGOMERY,Injury Crash,10-09-15 15:32,Maryland (State),GEORGIA AVE,DENNIS AVE,SAME DIR REAR END,CLEAR,DRY,DAYLIGHT,NO CONTROLS,NONE DETECTED,No,NO APPARENT INJURY,NOT DISTRACTED,MD,PASSENGER CAR,35,2015,FORD,FIESTA
MCP2311002L,17015490,Montgomery County Police,Property Damage Crash,03/24/2017 05:30:00 PM,Maryland (State),DAMASCUS RD,LAYTONSVILLE RD,OTHER,CLEAR,DRY,DAYLIGHT,NO CONTROLS,,Yes,NO APPARENT INJURY,NOT DISTRACTED,MD,POLICE VEHICLE/NON EMERGENCY,35,2014,DODGE,CHARGER
MCP2850002Q,230070299,Montgomery County Police,Property Damage Crash,12-06-23 21:54,County,GOSHEN RD,MIDCOUNTY HWY,HEAD ON,CLEAR,DRY,DARK LIGHTS ON,TRAFFIC SIGNAL,,No,NO APPARENT INJURY,NOT DISTRACTED,MD,PASSENGER CAR,50,2015,HOND,SD
EJ7870004P,210041818,Gaithersburg Police Depar,Property Damage Crash,10/18/2021 02:45:00 PM,,,,UNKNOWN,CLEAR,,DAYLIGHT,NO CONTROLS,UNKNOWN,Yes,NO APPARENT INJURY,UNKNOWN,,UNKNOWN,15,0,UNKNOWN,UNKNOWN
MCP9419001S,180043414,Montgomery County Police,Injury Crash,08/31/2018 09:55:00 AM,County,SEVEN LOCKS RD,MONTROSE RD,OTHER,CLEAR,DRY,DAYLIGHT,TRAFFIC SIGNAL,NONE DETECTED,No,NO APPARENT INJURY,NOT DISTRACTED,MD,(SPORT) UTILITY VEHICLE,35,2016,JEEP,TK
MCP3291001F,230025543,Montgomery County Police,Property Damage Crash,05/27/2023 11:50:00 PM,Maryland (State),COLESVILLE RD,GEORGIA AVE,ANGLE MEETS RIGHT TURN,CLEAR,DRY,DARK LIGHTS ON,TRAFFIC SIGNAL,NONE DETECTED,Yes,NO APPARENT INJURY,UNKNOWN,MD,PASSENGER CAR,35,2001,TOYOTA,CAMRY
MCP3031006V,250016449,MONTGOMERY,Property Damage Crash,04/15/2025 06:45:00 PM,County Route,NORBECK RD (WB/L),,Front to Rear,Clear,Dry,Daylight,No Controls,"Unknown, Unknown",No,,,,Passenger Car,40,2004,FORD,F-150
MCP28490016,15013514,Montgomery County Police,Property Damage Crash,03/24/2015 09:20:00 AM,Maryland (State),OLNEY SANDY SPRING RD,MEETING HOUSE RD,OTHER,CLEAR,DRY,DAYLIGHT,NO CONTROLS,NONE DETECTED,Yes,NO APPARENT INJURY,LOOKED BUT DID NOT SEE,MD,PASSENGER CAR,35,2000,BMW,4S
MCP3441001Z,260000675,MONTGOMERY,Property Damage Crash,01-05-26 16:20,County Route,JONES BRIDGE RD,ROCKVILLE PIKE,Angle,Clear,Dry,Daylight,Traffic Control Signal,"Not Suspect of Alcohol Use, Not Suspect of Drug Use",No,No Apparent Injury,Not Distracted,MD,Bus - School,35,2017,THOMAS BUILT,HDX
EJ7895002S,220044125,Gaithersburg Police Depar,Property Damage Crash,10-09-22 12:58,,,,SAME DIRECTION SIDESWIPE,CLEAR,,DAYLIGHT,,NONE DETECTED,No,NO APPARENT INJURY,NOT DISTRACTED,MD,SCHOOL BUS,5,2018,FREIGHTLINER,BUS
DD5633001W,190035229,Rockville Police Departme,Property Damage Crash,07/24/2019 09:30:00 AM,Maryland (State),W JEFFERSON ST,S ADAMS ST,SAME DIR REAR END,CLEAR,DRY,DAYLIGHT,,UNKNOWN,Yes,NO APPARENT INJURY,UNKNOWN,MD,PASSENGER CAR,30,2012,HONDA,ACCORD
MCP2900001G,16022597,Montgomery County Police,Injury Crash,05-07-16 4:20,Municipality,W DEER PARK RD,BRIGHTON DR,SINGLE VEHICLE,,WET,DARK LIGHTS ON,NO CONTROLS,UNKNOWN,Yes,POSSIBLE INJURY,UNKNOWN,,PASSENGER CAR,25,2009,NISS,4S
MCP2894002P,16040323,Montgomery County Police,Property Damage Crash,08-09-16 10:13,Maryland (State),ROCKVILLE PIKE,NORTH DR,SAME DIR REAR END,CLOUDY,DRY,DAYLIGHT,NO CONTROLS,NONE DETECTED,No,NO APPARENT INJURY,NOT DISTRACTED,DC,PASSENGER CAR,35,1998,BMW,SEDAN
DD56300022,190043363,Rockville Police Departme,Injury Crash,09-10-19 15:39,Municipality,TWINBROOK PKWY,CHAPMAN AVE,STRAIGHT MOVEMENT ANGLE,CLEAR,DRY,DAYLIGHT,NO CONTROLS,NONE DETECTED,Yes,NO APPARENT INJURY,NOT DISTRACTED,MD,PASSENGER CAR,35,2006,FORD,FOCUS
DD5668001H,250008562,ROCKVILLE,Property Damage Crash,02/26/2025 05:23:00 PM,Municipality Route,AVERY RD,,Front to Front,Clear,Dry,Daylight,Traffic Control Signal,"Not Suspect of Alcohol Use, Not Suspect of Drug Use",No,No Apparent Injury,Not Distracted,MD,Passenger Car,35,2018,TOYOTA,RAV4
MCP2420002Z,180005788,Montgomery County Police,Property Damage Crash,02-02-18 20:26,,,,STRAIGHT MOVEMENT ANGLE,CLEAR,,DARK LIGHTS ON,NO CONTROLS,NONE DETECTED,No,NO APPARENT INJURY,NOT DISTRACTED,MD,PASSENGER CAR,15,2013,HOND,CRV
MCP2859003N,170508263,Montgomery County Police,Property Damage Crash,05/17/2017 10:30:00 AM,Maryland (State),DARNESTOWN RD,COPEN MEADOW DR,SAME DIRECTION SIDESWIPE,CLEAR,DRY,DAYLIGHT,NO CONTROLS,NONE DETECTED,No,NO APPARENT INJURY,NOT DISTRACTED,MD,PASSENGER CAR,30,2014,TOYT,SIENNA
DD5605003N,170509043,Rockville Police Departme,Injury Crash,05/21/2017 02:09:00 PM,County,SHADY GROVE RD,CHOKE CHERRY RD,STRAIGHT MOVEMENT ANGLE,CLEAR,DRY,DAYLIGHT,TRAFFIC SIGNAL,NONE DETECTED,No,POSSIBLE INJURY,NOT DISTRACTED,VA,PASSENGER CAR,40,2007,HONDA,FIT
MCP2209001L,16015334,MONTGOMERY,Property Damage Crash,03/29/2016 10:56:00 AM,Maryland (State),WISCONSIN AVE,WASH DC LINE,SAME DIRECTION SIDESWIPE,CLEAR,DRY,DAYLIGHT,NO CONTROLS,NONE DETECTED,Unknown,NO APPARENT INJURY,UNKNOWN,MD,PICKUP TRUCK,25,2013,FORD,F350
MCP2698000Z,15027737,Montgomery County Police,Injury Crash,06-08-15 14:05,County,BEL PRE RD,LAYHILL RD,HEAD ON LEFT TURN,CLEAR,DRY,DAYLIGHT,TRAFFIC SIGNAL,NONE DETECTED,No,SUSPECTED MINOR INJURY,NOT DISTRACTED,MD,(SPORT) UTILITY VEHICLE,35,2013,HYUNDAI,TUCSON
DD56660013,240021107,ROCKVILLE,Property Damage Crash,05-05-24 13:21,,,,Front to Rear,Cloudy,,Daylight,,"Not Suspect of Alcohol Use, Not Suspect of Drug Use",No,No Apparent Injury,Unknown,MD,Sport Utility Vehicle,0,2010,HONDA,CR-V
MCP31090063,210049815,Montgomery County Police,Property Damage Crash,12-08-21 10:30,Maryland (State),GEORGIA AVE,BALLARD ST,SAME DIR REAR END,CLEAR,DRY,DAYLIGHT,NO CONTROLS,NONE DETECTED,Yes,NO APPARENT INJURY,UNKNOWN,MD,PASSENGER CAR,35,2019,HONDA,PILOT
MCP1512002K,190060137,Montgomery County Police,Injury Crash,12/13/2019 03:44:00 PM,Interstate (State),EISENHOWER MEMORIAL HWY,SPUR TO C/D LANE (NB/L),SAME DIRECTION LEFT TURN,CLOUDY,WET,DAYLIGHT,NO CONTROLS,NONE DETECTED,No,SUSPECTED MINOR INJURY,NOT DISTRACTED,MD,POLICE VEHICLE/EMERGENCY,55,2012,DODGE,CHARGER
MCP2947000X,15046671,MONTGOMERY,Injury Crash,09/15/2015 12:27:00 PM,,,,OPPOSITE DIRECTION SIDESWIPE,CLEAR,,DAYLIGHT,,NONE DETECTED,Yes,NO APPARENT INJURY,UNKNOWN,MD,PASSENGER CAR,0,2004,MERCEDES,CLK
MCP1251000L,15049569,MONTGOMERY,Property Damage Crash,09/30/2015 02:32:00 PM,County,RIVER RD,NEVIS RD,SAME DIR REAR END,CLOUDY,WET,DAYLIGHT,TRAFFIC SIGNAL,NONE DETECTED,Yes,NO APPARENT INJURY,NOT DISTRACTED,VA,"CARGO VAN/LIGHT TRUCK 2 AXLES (OVER 10,000LBS (4,536 KG))",35,2012,FORD,F550
MCP2291008N,250020634,MONTGOMERY,Injury Crash,05-10-25 15:43,Maryland (State) Route,,,Front to Front,Clear,Dry,Daylight,No Controls,"Not Suspect of Alcohol Use, Not Suspect of Drug Use",No,Suspected Minor Injury,Not Distracted,MD,Sport Utility Vehicle,35,2017,HONDA,CR-V
MCP9133000R,16026771,Montgomery County Police,Injury Crash,05/29/2016 12:22:00 PM,Maryland (State),RIDGE RD,MORNING STAR DR,SAME DIR REAR END,CLEAR,DRY,DAYLIGHT,,NONE DETECTED,No,NO APPARENT INJURY,NOT DISTRACTED,MD,PASSENGER CAR,40,2008,KIA,VN
MCP3112002H,190030170,Montgomery County Police,Injury Crash,06/24/2019 04:50:00 PM,County,MONTGOMERY LA,EAST LA,STRAIGHT MOVEMENT ANGLE,RAINING,WET,DAYLIGHT,TRAFFIC SIGNAL,NONE DETECTED,No,SUSPECTED MINOR INJURY,NOT DISTRACTED,VA,PASSENGER CAR,25,2013,TOYOTA,PRIUS
MCP32990036,230071421,Montgomery County Police,Property Damage Crash,12/13/2023 08:00:00 AM,County,SPARTAN RD,OLD BALTIMORE RD,HEAD ON,CLEAR,DRY,DAYLIGHT,STOP SIGN,NONE DETECTED,Yes,NO APPARENT INJURY,UNKNOWN,MD,PASSENGER CAR,30,2017,AUDI,Q7
MCP3009009B,250049162,MONTGOMERY,Property Damage Crash,11-02-25 12:23,,,,"Sideswipe, Opposite Direction",Clear,,Daylight,,"Not Suspect of Alcohol Use, Not Suspect of Drug Use",No,No Apparent Injury,Not Distracted,MD,Sport Utility Vehicle,0,2024,ACURA,ZDX
MCP1595001L,210031950,Montgomery County Police,Injury Crash,08/16/2021 06:21:00 PM,,,,OTHER,CLEAR,,DARK LIGHTS ON,NO CONTROLS,NONE DETECTED,No,NO APPARENT INJURY,NOT DISTRACTED,CA,PASSENGER CAR,10,2019,TOYOTA,CAMRY
MCP29340067,250004077,MONTGOMERY,Property Damage Crash,01/28/2025 05:54:00 PM,Maryland (State) Route,ROCKVILLE PIKE,,Front to Rear,Clear,Dry,Dark - Not Lighted,No Controls,"Not Suspect of Alcohol Use, Not Suspect of Drug Use",No,No Apparent Injury,Not Distracted,TX,Passenger Car,35,2011,HYUNDAI,SONATA
MCP30060010,16032695,Montgomery County Police,Injury Crash,06/28/2016 12:03:00 PM,Maryland (State),GEORGIA AVE,HENDERSON AVE,SAME DIR REAR END,CLOUDY,DRY,DAYLIGHT,OTHER,NONE DETECTED,No,SUSPECTED SERIOUS INJURY,NOT DISTRACTED,MD,(SPORT) UTILITY VEHICLE,30,2012,TOYT,TK
MCP2786004F,240018405,MONTGOMERY,Property Damage Crash,04/19/2024 11:37:00 PM,Spur,,,Single Vehicle,Rain,Wet,Dark - Lighted,Traffic Control Signal,"Not Suspect of Alcohol Use, Not Suspect of Drug Use",No,No Apparent Injury,Unknown,MD,Sport Utility Vehicle,45,2020,BMW,X2
MCP2969007B,190052368,Montgomery County Police,Injury Crash,10/31/2019 09:05:00 AM,County,RANDOLPH RD,TIVOLI LAKE BLVD,SAME DIR REAR END,RAINING,WET,DAYLIGHT,TRAFFIC SIGNAL,NONE DETECTED,No,NO APPARENT INJURY,NOT DISTRACTED,MD,PASSENGER CAR,40,2018,LEXUS,RX350
MCP3108000Z,180028255,Montgomery County Police,Property Damage Crash,05-11-18 15:30,,,,STRAIGHT MOVEMENT ANGLE,CLEAR,,DAYLIGHT,,UNKNOWN,Yes,NO APPARENT INJURY,UNKNOWN,,PASSENGER CAR,5,1992,OLDEMOBILE,4D
MCP28480011,15034967,MONTGOMERY,Injury Crash,07/16/2015 02:03:00 PM,Maryland (State),ROCKVILLE PIKE,OLD GEORGETOWN RD,SAME DIR REAR END,CLEAR,DRY,DAYLIGHT,NO CONTROLS,NONE DETECTED,Yes,NO APPARENT INJURY,INATTENTIVE OR LOST IN THOUGHT,MD,PASSENGER CAR,40,2014,HONDA,ACCORD
MCP2450001Z,180028121,Montgomery County Police,Property Damage Crash,06-07-18 16:40,,,,OTHER,,,DAYLIGHT,,,Yes,NO APPARENT INJURY,UNKNOWN,MD,PASSENGER CAR,15,2011,TOYOTA,COROLLA
MCP1099003T,210025205,Montgomery County Police,Property Damage Crash,07-01-21 7:25,Maryland (State),MUNCASTER MILL RD,STRUC #15015 ROCK CREEK,HEAD ON LEFT TURN,CLEAR,DRY,DAYLIGHT,NO CONTROLS,,No,NO APPARENT INJURY,NOT DISTRACTED,MD,VAN,40,2006,CHEVY,VAN
MCP242500J8,240040299,MONTGOMERY,Property Damage Crash,08/26/2024 09:04:00 AM,County Route,WIGHTMAN RD,,Front to Rear,Clear,Dry,Daylight,Traffic Control Signal,"Not Suspect of Alcohol Use, Not Suspect of Drug Use",No,No Apparent Injury,Not Distracted,MD,Passenger Car,35,2017,HONDA,CIVIC
MCP28750061,220029826,Montgomery County Police,Injury Crash,07-11-22 19:03,Maryland (State),OLNEY LAYTONSVILLE RD,FIELDCREST RD,SAME DIRECTION SIDESWIPE,CLEAR,DRY,DAYLIGHT,TRAFFIC SIGNAL,NONE DETECTED,No,NO APPARENT INJURY,NOT DISTRACTED,MD,PASSENGER CAR,50,2017,TESLA,MODEL S
MCP2934001R,16032166,Montgomery County Police,Injury Crash,06/25/2016 11:21:00 AM,County,MONTAUK AVE,TISDALE TERR,SAME DIRECTION SIDESWIPE,CLEAR,DRY,DAYLIGHT,NO CONTROLS,COMBINED SUBSTANCE PRESENT,Yes,POSSIBLE INJURY,TALKING OR LISTENING TO CELLULAR PHONE,MD,PASSENGER CAR,25,2000,JEEP,CHEROKEE
MCP3127002V,240002707,MONTGOMERY,Injury Crash,01/17/2024 07:45:00 PM,County Route,SPRING ST (EB/L),,Front to Rear,Clear,Dry,Dark - Lighted,No Controls,"Not Suspect of Alcohol Use, Not Suspect of Drug Use",No,No Apparent Injury,"Other Action (looking away from task, etc.)",MD,Sport Utility Vehicle,35,2008,HONDA,CR-V
MCP2935000J,15057664,MONTGOMERY,Property Damage Crash,11-12-15 1:16,Maryland (State),UNIVERSITY BLVD E,COLESVILLE RD,SAME DIRECTION RIGHT TURN,CLEAR,DRY,DARK LIGHTS ON,,,No,NO APPARENT INJURY,NOT DISTRACTED,MD,PICKUP TRUCK,20,2014,FORD,TK
MCP1119005M,180035142,Montgomery County Police,Property Damage Crash,07/16/2018 12:19:00 PM,County,HARBOUR TOWN DR,BAY HILL LA,OTHER,CLEAR,DRY,DAYLIGHT,NO CONTROLS,NONE DETECTED,No,NO APPARENT INJURY,NOT DISTRACTED,MD,PASSENGER CAR,25,2018,KIA,SOUL
MCP28310017,16023397,Montgomery County Police,Injury Crash,05-11-16 15:35,County,MIDDLEBROOK RD,RIDGECREST DR,STRAIGHT MOVEMENT ANGLE,RAINING,WET,DAYLIGHT,STOP SIGN,,Yes,NO APPARENT INJURY,NOT DISTRACTED,MD,PASSENGER CAR,30,2004,JEEP,GRAND CHEROKEE
MCP121300B1,240058055,MONTGOMERY,Property Damage Crash,12-04-24 18:10,County Route,NOTLEY RD,,Front to Rear,Clear,Dry,Dark - Not Lighted,No Controls,"Not Suspect of Alcohol Use, Not Suspect of Drug Use",Yes,No Apparent Injury,Not Distracted,MD,Sport Utility Vehicle,30,2013,TOYOTA,HIGHLANDER
MCP2782001G,16011657,Montgomery County Police,Property Damage Crash,03-09-16 7:55,County,ASPEN HILL RD,CONNECTICUT AVE,STRAIGHT MOVEMENT ANGLE,CLEAR,DRY,DAYLIGHT,,NONE DETECTED,No,NO APPARENT INJURY,NOT DISTRACTED,MD,(SPORT) UTILITY VEHICLE,30,2002,TOYT,4 RUNNER
DD5594001J,16006905,Rockville Police Departme,Property Damage Crash,02-10-16 12:40,Maryland (State),VEIRS MILL RD,EDMONSTON DR,SAME DIR REAR END,CLEAR,DRY,DAYLIGHT,TRAFFIC SIGNAL,NONE DETECTED,Yes,NO APPARENT INJURY,NOT DISTRACTED,MD,PASSENGER CAR,35,2009,HONDA,CIVIC
MCP2446001B,15046571,MONTGOMERY,Injury Crash,09/14/2015 09:07:00 PM,Maryland (State),GERMANTOWN RD,CLOPPER RD,SAME DIR REAR END,CLEAR,DRY,DARK LIGHTS ON,TRAFFIC SIGNAL,NONE DETECTED,No,NO APPARENT INJURY,NOT DISTRACTED,MD,PASSENGER CAR,40,2004,NISS,4S
MCP3021001N,170538272,Montgomery County Police,Property Damage Crash,10/23/2017 09:17:00 AM,Maryland (State),PINEY BRANCH RD,UNIVERSITY BLVD E,SAME DIRECTION LEFT TURN,FOGGY,DRY,DAYLIGHT,NO CONTROLS,NONE DETECTED,No,NO APPARENT INJURY,NOT DISTRACTED,MD,PASSENGER CAR,25,2005,DODG,GRAND CARAVAN
MCP3016001Q,180005250,Montgomery County Police,Injury Crash,01/31/2018 06:55:00 AM,Maryland (State),GERMANTOWN RD,CRYSTAL ROCK DR,OPPOSITE DIRECTION SIDESWIPE,CLEAR,DRY,DAWN,TRAFFIC SIGNAL,,No,NO APPARENT INJURY,NOT DISTRACTED,MD,PASSENGER CAR,45,2005,JEEP,WRANGLER
MCP3002000Q,16024453,Montgomery County Police,Property Damage Crash,05/17/2016 09:01:00 AM,Maryland (State),RIVER RD,SPUR TO MD 188,SAME DIR REAR END,RAINING,WET,DAYLIGHT,TRAFFIC SIGNAL,NONE DETECTED,Yes,NO APPARENT INJURY,NOT DISTRACTED,VA,PASSENGER CAR,45,2005,NISSAN,QUEST
MCP3034001Y,180036289,Montgomery County Police,Property Damage Crash,07/22/2018 02:18:00 PM,County,SLIGO AVE,PINEY BRANCH RD,OTHER,RAINING,WET,DAYLIGHT,TRAFFIC SIGNAL,NONE DETECTED,No,NO APPARENT INJURY,NOT DISTRACTED,MD,PASSENGER CAR,30,2013,TOYOTA,PRIUS
MCP27040019,210004815,Montgomery County Police,Property Damage Crash,02-07-21 0:08,Maryland (State),LAYHILL RD,PARK VISTA DR,HEAD ON,,,DARK LIGHTS ON,,UNKNOWN,Yes,NO APPARENT INJURY,UNKNOWN,,PASSENGER CAR,40,2009,HONDA,CIVIC
EJ78290028,16058075,Gaithersburg Police Depar,Injury Crash,11-10-16 19:42,Maryland (State),FREDERICK RD,LAKE FOREST BLVD,SAME DIR REAR END,CLEAR,DRY,DARK LIGHTS ON,TRAFFIC SIGNAL,NONE DETECTED,Yes,NO APPARENT INJURY,UNKNOWN,MD,PASSENGER CAR,30,2005,HYUN,4S
MCP271700RT,200009290,Montgomery County Police,Property Damage Crash,02/25/2020 06:50:00 AM,County,GRUBB RD,ROSS RD,OTHER,RAINING,WET,DAYLIGHT,STOP SIGN,NONE DETECTED,Yes,NO APPARENT INJURY,LOOKED BUT DID NOT SEE,MD,(SPORT) UTILITY VEHICLE,25,2016,NISSAN,PATHFINDER
MCP3245003S,220044708,Montgomery County Police,Injury Crash,10-12-22 17:20,Maryland (State),W DIAMOND AVE,QUINCE ORCHARD RD,SAME DIR REAR END,CLEAR,DRY,DAYLIGHT,TRAFFIC SIGNAL,NONE DETECTED,No,NO APPARENT INJURY,NOT DISTRACTED,MD,PASSENGER CAR,35,2021,CHEV,HB
MCP2919001F,16020556,Montgomery County Police,Property Damage Crash,04/26/2016 12:49:00 PM,Maryland (State),GEORGIA AVE,CORWIN DR,OTHER,CLEAR,DRY,DAYLIGHT,NO CONTROLS,NONE DETECTED,Yes,NO APPARENT INJURY,NOT DISTRACTED,MD,PASSENGER CAR,35,2012,ACURA,TRUCK
MCP2974004T,230052781,Montgomery County Police,Injury Crash,09-02-23 11:40,US (State),COLUMBIA PIKE,FAIRLAND RD,SAME DIR REAR END,CLEAR,DRY,DAYLIGHT,TRAFFIC SIGNAL,NONE DETECTED,No,NO APPARENT INJURY,NOT DISTRACTED,MD,PASSENGER CAR,55,2016,FORD,F150
MCP3341001S,230031259,Montgomery County Police,Injury Crash,06/30/2023 01:30:00 PM,Maryland (State),CONNECTICUT AVE,ENT TO ASPEN HILLS SHOPPING CTR,STRAIGHT MOVEMENT ANGLE,CLEAR,DRY,DAYLIGHT,NO CONTROLS,,Yes,NO APPARENT INJURY,UNKNOWN,MD,PASSENGER CAR,35,2015,HOND,4S
MCP2810000F,15043823,MONTGOMERY,Injury Crash,08/31/2015 09:13:00 PM,Maryland (State),FREDERICK RD,MONTGOMERY VILLAGE AVE,SAME DIR REAR END,CLEAR,DRY,DARK LIGHTS ON,,,Yes,NO APPARENT INJURY,NOT DISTRACTED,VA,PASSENGER CAR,35,2002,MERZ,4D
MCP137800KY,180013230,Montgomery County Police,Injury Crash,03/16/2018 04:56:00 PM,Maryland (State),FREDERICK RD,WATKINS MILL RD,SAME DIR REAR END,CLEAR,DRY,DAYLIGHT,NO CONTROLS,NONE DETECTED,Yes,NO APPARENT INJURY,NOT DISTRACTED,MD,(SPORT) UTILITY VEHICLE,40,2016,DODGE,JOURNEY
DM84760049,220053884,Takoma Park Police Depart,Property Damage Crash,12-06-22 14:48,Maryland (State),NEW HAMPSHIRE AVE,KIRKLYNN AVE,STRAIGHT MOVEMENT ANGLE,RAINING,WET,DAYLIGHT,TRAFFIC SIGNAL,,Yes,NO APPARENT INJURY,NOT DISTRACTED,MD,PICKUP TRUCK,35,2015,CHEVROLET,SILVERADO
DD55830007,15004561,Rockville Police Departme,Property Damage Crash,01/28/2015 07:28:00 PM,Other Public Roadway,MARYLAND AVE,BEALL AVE #2,SINGLE VEHICLE,,DRY,DARK LIGHTS ON,,NONE DETECTED,Yes,NO APPARENT INJURY,NOT DISTRACTED,MD,FIRE VEHICLE/EMERGENCY,30,2014,SPAR,TK
MCP2965009C,240059559,MONTGOMERY,Property Damage Crash,12/13/2024 07:35:00 AM,County Route,EDNOR RD,,"Sideswipe, Opposite Direction",Cloudy,Dry,Daylight,No Controls,"Not Suspect of Alcohol Use, Not Suspect of Drug Use",No,No Apparent Injury,Not Distracted,MD,Passenger Car,35,2010,TOYOTA,CAMRY
HA2549000L,25002324,MCPARK,Property Damage Crash,10/31/2025 10:45:00 AM,,,,Single Vehicle,Severe Crosswinds,,Daylight,,"Not Suspect of Alcohol Use, Not Suspect of Drug Use",No,No Apparent Injury,Not Distracted,MD,Other Trucks,0,2018,CHEVROLET,4500HD
MCP2864004R,220057881,Montgomery County Police,Injury Crash,12/30/2022 03:23:00 PM,,,,STRAIGHT MOVEMENT ANGLE,CLEAR,,DAYLIGHT,NO CONTROLS,NONE DETECTED,Yes,NO APPARENT INJURY,NOT DISTRACTED,MD,PASSENGER CAR,0,2013,HYUNDAI,ELANTRA
MCP204600BT,200002078,Montgomery County Police,Injury Crash,01/13/2020 09:14:00 AM,US (State),COLUMBIA PIKE,RAMP 2 FR DUSTIN RD TO US 29 NB,SAME DIR REAR END,CLOUDY,DRY,,NO CONTROLS,NONE DETECTED,No,NO APPARENT INJURY,NOT DISTRACTED,MD,PASSENGER CAR,55,2012,HOND,CIVIC
EJ7893000K,220009774,Gaithersburg Police Depar,Property Damage Crash,03-07-22 10:48,Maryland (State),S FREDERICK RD,PEONY DR,STRAIGHT MOVEMENT ANGLE,CLEAR,DRY,DAYLIGHT,STOP SIGN,NONE DETECTED,No,NO APPARENT INJURY,NOT DISTRACTED,MD,PASSENGER CAR,30,2011,TOYOTA,CAMRY
MCP3029002R,190023124,Montgomery County Police,Property Damage Crash,05/16/2019 02:54:00 PM,US (State),COLUMBIA PIKE,INDUSTRIAL PKWY,SAME DIR REAR END,CLEAR,DRY,DAYLIGHT,NO CONTROLS,NONE DETECTED,No,NO APPARENT INJURY,NOT DISTRACTED,MD,PASSENGER CAR,45,2018,FORD,ESCAPE
MCP3053004D,210014397,Montgomery County Police,Property Damage Crash,04/17/2021 10:54:00 PM,County,PRICE AVE,FERN ST,STRAIGHT MOVEMENT ANGLE,CLEAR,DRY,DARK LIGHTS ON,STOP SIGN,,No,NO APPARENT INJURY,NOT DISTRACTED,MD,PASSENGER CAR,20,2021,TOYOTA,VENZA
EJ78660081,200011736,Gaithersburg Police Depar,Property Damage Crash,03-10-20 6:06,Maryland (State),MONTGOMERY VILLAGE AVE,RUSSELL AVE,SAME DIR REAR END,,DRY,DARK LIGHTS ON,,NONE DETECTED,Yes,NO APPARENT INJURY,UNKNOWN,MD,(SPORT) UTILITY VEHICLE,40,2014,JEEP,GRAND CHER
MCP28530057,180044926,Montgomery County Police,Injury Crash,09-08-18 16:48,Maryland (State),NEW HAMPSHIRE AVE,ADELPHI RD,SAME DIR REAR END,RAINING,WET,DAYLIGHT,NO CONTROLS,,Yes,NO APPARENT INJURY,UNKNOWN,MD,PASSENGER CAR,40,2011,TOYOTA,CAMRY
MCP3162002P,190036070,Montgomery County Police,Injury Crash,07/29/2019 08:00:00 AM,County,DUBLIN DR,BRISBANE ST,STRAIGHT MOVEMENT ANGLE,CLEAR,DRY,DAYLIGHT,STOP SIGN,NONE DETECTED,Yes,NO APPARENT INJURY,LOOKED BUT DID NOT SEE,MD,PASSENGER CAR,25,2011,TOYOTA,COROLLA
MCP3153001W,190060807,Montgomery County Police,Injury Crash,12/17/2019 06:04:00 PM,Maryland (State),GEORGIA AVE,PLYERS MILL RD,STRAIGHT MOVEMENT ANGLE,,WET,DARK LIGHTS ON,TRAFFIC SIGNAL,NONE DETECTED,Yes,NO APPARENT INJURY,LOOKED BUT DID NOT SEE,MD,PASSENGER CAR,35,2018,TOYOTA,CAMRY
MCP2960001B,16055313,Montgomery County Police,Injury Crash,10/27/2016 02:30:00 PM,County,CONNECTICUT AVE,GRAND PRE RD,SAME DIR REAR END,RAINING,WET,DAYLIGHT,NO CONTROLS,,Yes,NO APPARENT INJURY,LOOKED BUT DID NOT SEE,MD,PASSENGER CAR,40,2012,HONDA,4S
MCP2954001K,16006671,Montgomery County Police,Property Damage Crash,02-10-16 6:00,County,WATERFORD HILLS BLVD,GALWAY BAY CIRCLE,SAME DIRECTION SIDESWIPE,UNKNOWN,UNKNOWN,UNKNOWN,UNKNOWN,UNKNOWN,Yes,NO APPARENT INJURY,UNKNOWN,,,20,0,UNKNOWN,UNKNOWN
MCP2852001L,18056853,Montgomery County Police,Property Damage Crash,11-12-18 23:09,Maryland (State),GERMANTOWN RD,AIRCRAFT DR,SAME DIR REAR END,RAINING,WET,DARK LIGHTS ON,TRAFFIC SIGNAL,NONE DETECTED,Yes,NO APPARENT INJURY,NOT DISTRACTED,MD,PASSENGER CAR,40,1999,FORD,E-250
MCP3377001W,240035327,MONTGOMERY,Property Damage Crash,07/25/2024 07:00:00 PM,Maryland (State) Route,ROCKVILLE PIKE (SB/L),,Front to Rear,Unknown,,Unknown,Traffic Control Signal,"Unknown, Unknown",No,,,,Passenger Car,25,2008,HONDA,CIVIC