Report Number,Local Case Number,Agency Name,ACRS Report Type,Crash Date/Time,Route Type,Road Name,Cross-Street Name,Collision Type,Weather,Surface Condition,Light,Traffic Control,Driver Substance Abuse,Driver At Fault,Injury Severity,Driver Distracted By,Drivers License State,Vehicle Body Type,Speed Limit,Vehicle Year,Vehicle Make,Vehicle Model
MCP304800CY,240044855,MONTGOMERY,Property Damage Crash,09/20/2024 11:45:00 AM,Municipality Route,DETRICK AVE,,"Sideswipe, Same Direction",Clear,Dry,Daylight,No Controls,"Not Suspect of Alcohol Use, Not Suspect of Drug Use",No,No Apparent Injury,Unknown,FL,Passenger Car,5,2018,NISSAN,ALTIMA
MCP2603006H,240046840,MONTGOMERY,Injury Crash,10-01-24 13:16,Local Route,STATION27 DR,,"Sideswipe, Opposite Direction",Rain,Wet,Daylight,No Controls,"Not Suspect of Alcohol Use, Not Suspect of Drug Use",No,Possible Injury,Not Distracted,MD,Bus - School,15,2024,THOMAS BUILT,SCHOOL BUS
MCP26350085,230050750,Montgomery County Police,Property Damage Crash,08/22/2023 05:43:00 PM,Maryland (State),MUNCASTER MILL RD,NORBECK RD,SAME DIR REAR END,CLEAR,DRY,DAYLIGHT,NO CONTROLS,,No,NO APPARENT INJURY,NOT DISTRACTED,FL,PASSENGER CAR,40,2009,TOYOTA,SCION
MCP30570018,180036376,Montgomery County Police,Property Damage Crash,07/23/2018 08:25:00 AM,Interstate (State),EISENHOWER MEMORIAL HWY,EXIT #15,SAME DIR REAR END,RAINING,WET,DAYLIGHT,NO CONTROLS,NONE DETECTED,Yes,NO APPARENT INJURY,NOT DISTRACTED,MD,PASSENGER CAR,55,2007,CHEV,SUBURBAN
MCP2953000S,15062311,MONTGOMERY,Property Damage Crash,12-06-15 12:20,County,CHESTERFIELD RD,CANTERBURY LA,STRAIGHT MOVEMENT ANGLE,CLEAR,DRY,DARK -- UNKNOWN LIGHTING,,UNKNOWN,Yes,NO APPARENT INJURY,INATTENTIVE OR LOST IN THOUGHT,MD,PASSENGER CAR,25,1999,HONDA,CIVIC
MCP31440037,250019108,MONTGOMERY,Property Damage Crash,05-01-25 16:05,County Route,MANOR RD,CONNECTICUT AVE,Front to Rear,Clear,Dry,Daylight,Traffic Control Signal,"Not Suspect of Alcohol Use, Not Suspect of Drug Use",No,No Apparent Injury,Not Distracted,MD,Sport Utility Vehicle,35,2018,VOLKSWAGEN,TIGUAN
MCP2850002R,240006790,MONTGOMERY,Property Damage Crash,02-11-24 5:05,County Route,MONTGOMERY VILLAGE AVE,CENTERWAY RD (WB/L),Angle,Clear,Dry,Dark - Lighted,Flashing Traffic Control Signal,"Not Suspect of Alcohol Use, Not Suspect of Drug Use",No,No Apparent Injury,Not Distracted,MD,Van - Passenger (&lt;9 Seats),35,2010,TOYOTA,SIENNA
MCP32850021,230034826,Montgomery County Police,Property Damage Crash,07/21/2023 10:38:00 PM,County,FATHER HURLEY BLVD,MIDDLEBROOK RD,SAME DIR REAR END,CLEAR,DRY,DARK LIGHTS ON,NO CONTROLS,NONE DETECTED,No,NO APPARENT INJURY,UNKNOWN,MD,PASSENGER CAR,35,2013,TOYOTA,HIGHLANDER
EJ78510066,210003579,Gaithersburg Police Depar,Property Damage Crash,01/28/2021 04:25:00 PM,Maryland (State),QUINCE ORCHARD RD,DARNESTOWN RD,SAME DIR REAR END,CLEAR,DRY,DAYLIGHT,NO CONTROLS,NONE DETECTED,Yes,NO APPARENT INJURY,LOOKED BUT DID NOT SEE,MD,PASSENGER CAR,35,2010,TOYT,RAV 4
MCP3245001X,210052084,Montgomery County Police,Property Damage Crash,12/21/2021 06:08:00 PM,Maryland (State),KEY WEST AVE,OMEGA DR,SAME DIR REAR END,RAINING,WET,DARK LIGHTS ON,TRAFFIC SIGNAL,NONE DETECTED,Yes,NO APPARENT INJURY,NOT DISTRACTED,MD,PASSENGER CAR,40,2014,SUBARU,IMPREZA
MCP1378016M,230067664,Montgomery County Police,Injury Crash,11/21/2023 04:40:00 PM,County,STEDWICK RD,MILLS CHOICE RD,SAME DIRECTION LEFT TURN,RAINING,WET,DARK LIGHTS ON,NO CONTROLS,NONE DETECTED,Yes,NO APPARENT INJURY,NOT DISTRACTED,MD,TRUCK TRACTOR,25,2021,PETERBUILT,TRACTOR
MCP28450037,170532094,Montgomery County Police,Injury Crash,09/22/2017 06:45:00 AM,County,FLOWER AVE,ARLISS ST,SAME DIR REAR END,CLEAR,,DAWN,NO CONTROLS,NONE DETECTED,No,SUSPECTED MINOR INJURY,NOT DISTRACTED,MD,PASSENGER CAR,30,2009,TOYOTA,CAMRY
EJ78490014,15043793,GAITHERSBURG,Property Damage Crash,08/31/2015 07:06:00 PM,Municipality,BANK ST,FIRSTFIELD RD,STRAIGHT MOVEMENT ANGLE,CLEAR,DRY,DAYLIGHT,STOP SIGN,NONE DETECTED,No,NO APPARENT INJURY,NOT DISTRACTED,MD,PASSENGER CAR,30,2005,DODGE,GRAND CARAVAN
MCP9419004X,230065043,Montgomery County Police,Property Damage Crash,11-02-23 14:10,Maryland (State),FREDERICK RD,STRINGTOWN RD,SINGLE VEHICLE,CLEAR,DRY,DAYLIGHT,TRAFFIC SIGNAL,,Yes,NO APPARENT INJURY,NOT DISTRACTED,MD,PICKUP TRUCK,35,2020,FORD,F550
MCP2254001V,180036788,Montgomery County Police,Injury Crash,07/25/2018 09:00:00 AM,Interstate (State),EISENHOWER MEMORIAL HWY,EXIT #16,SAME DIR REAR END,OTHER,DRY,DAYLIGHT,NO CONTROLS,NONE DETECTED,Yes,NO APPARENT INJURY,NOT DISTRACTED,MD,PASSENGER CAR,55,2013,HOND,TK
MCP3019005W,250047517,MONTGOMERY,Property Damage Crash,10/22/2025 02:50:00 PM,,,,"Sideswipe, Opposite Direction",Clear,,Daylight,,"Unknown, Unknown",No,,,,Passenger Car,0,2015,VOLKSWAGEN,PASSAT
MCP3066001X,220010246,Montgomery County Police,Property Damage Crash,03-09-22 22:28,County,MACARTHUR BLVD,TOMLINSON AVE,SINGLE VEHICLE,CLEAR,WET,DARK LIGHTS ON,NO CONTROLS,ALCOHOL CONTRIBUTED,Yes,NO APPARENT INJURY,UNKNOWN,MD,PASSENGER CAR,30,2012,HYUNDAI,ELANTRA
MCP3325001R,230013335,Montgomery County Police,Property Damage Crash,03/19/2023 04:08:00 PM,County,OLD COLUMBIA PIKE,MUSGROVE RD,SAME DIR REAR END,CLEAR,DRY,DAYLIGHT,NO CONTROLS,NONE DETECTED,Yes,NO APPARENT INJURY,LOOKED BUT DID NOT SEE,MD,PASSENGER CAR,35,2008,BMW,535XI
MCP31820015,200029664,Montgomery County Police,Property Damage Crash,07/31/2020 05:25:00 AM,Maryland (State),GEORGIA AVE,SPRING ST,STRAIGHT MOVEMENT ANGLE,RAINING,WET,DARK LIGHTS ON,TRAFFIC SIGNAL,NONE DETECTED,Yes,NO APPARENT INJURY,LOOKED BUT DID NOT SEE,MD,PASSENGER CAR,25,2010,FORD,MUSTANG
MCP3412000V,240055946,MONTGOMERY,Injury Crash,11/21/2024 05:42:00 PM,Maryland (State) Route,LAYHILL RD,,Front to Rear,Clear,Dry,Dark - Lighted,No Controls,"Not Suspect of Alcohol Use, Not Suspect of Drug Use",Yes,Suspected Minor Injury,"Other Action (looking away from task, etc.)",MD,Passenger Car,40,2015,TOYOTA,CAMRY
MCP2990000L,170549057,Montgomery County Police,Property Damage Crash,12/17/2017 03:00:00 AM,Maryland (State),MIDCOUNTY HWY,GOSHEN RD,HEAD ON LEFT TURN,CLEAR,DRY,DARK LIGHTS ON,FLASHING TRAFFIC SIGNAL,NONE DETECTED,Yes,NO APPARENT INJURY,UNKNOWN,MD,PASSENGER CAR,45,2016,HONDA,ACCORD
MCP3329003S,250007572,MONTGOMERY,Property Damage Crash,02/20/2025 03:23:00 PM,,,,Rear To Side,Clear,,Daylight,,"Not Suspect of Alcohol Use, Not Suspect of Drug Use",Yes,No Apparent Injury,Unknown,MD,Passenger Car,0,2004,TOYOTA,SIENNA
MCP2622002S,220002302,Montgomery County Police,Injury Crash,01/19/2022 10:30:00 AM,US (State),COLUMBIA PIKE,BLACKBURN RD,SAME DIR REAR END,CLEAR,DRY,DAYLIGHT,TRAFFIC SIGNAL,NONE DETECTED,No,NO APPARENT INJURY,NOT DISTRACTED,MD,(SPORT) UTILITY VEHICLE,55,2017,LAND ROVER,RANGE ROVER
MCP2964005P,220021062,Montgomery County Police,Injury Crash,05/17/2022 08:02:00 PM,Maryland (State),GERMANTOWN RD,OBSERVATION DR,STRAIGHT MOVEMENT ANGLE,CLEAR,DRY,DAYLIGHT,TRAFFIC SIGNAL,NONE DETECTED,No,NO APPARENT INJURY,NOT DISTRACTED,MD,(SPORT) UTILITY VEHICLE,45,2015,HONDA,CRV
MCP3121004Y,220032499,Montgomery County Police,Property Damage Crash,07/28/2022 05:35:00 PM,County,WATKINS MILL RD,KINDLY CT,HEAD ON LEFT TURN,CLEAR,DRY,DAYLIGHT,NO CONTROLS,NONE DETECTED,Yes,NO APPARENT INJURY,UNKNOWN,MD,PASSENGER CAR,35,2018,TOYOTA,COROLLA IM
MCP2102002W,210024633,Montgomery County Police,Property Damage Crash,06/27/2021 11:49:00 AM,County,VALLEY BEND DR,BRANDERMILL DR,SINGLE VEHICLE,CLEAR,DRY,DAYLIGHT,STOP SIGN,NONE DETECTED,Yes,NO APPARENT INJURY,NOT DISTRACTED,MD,PASSENGER CAR,25,1988,JAGUAR,XJS CP
MCP23580066,190028606,Montgomery County Police,Property Damage Crash,06/15/2019 11:30:00 AM,Interstate (State),EISENHOWER MEMORIAL HWY,IS 270Y (SB/L),SAME DIR REAR END,CLEAR,DRY,DAYLIGHT,NO CONTROLS,NONE DETECTED,Yes,NO APPARENT INJURY,NOT DISTRACTED,MA,PASSENGER CAR,55,2016,NISSAN,SENTRA
MCP3068000P,170546779,Montgomery County Police,Property Damage Crash,12-05-17 17:27,Maryland (State),ROCKVILLE PIKE,POOKS HILL RD,SAME DIR REAR END,RAINING,WET,DARK LIGHTS ON,,,No,NO APPARENT INJURY,NOT DISTRACTED,MD,(SPORT) UTILITY VEHICLE,35,2016,CHEVROLET,SUBURBAN
MCP2637004V,220055338,Montgomery County Police,Property Damage Crash,12/14/2022 11:56:00 AM,County,QUINCE ORCHARD RD,DUFIEF MILL RD,OPPOSITE DIR BOTH LEFT TURN,CLOUDY,DRY,DAYLIGHT,,NONE DETECTED,Yes,NO APPARENT INJURY,UNKNOWN,MD,"OTHER LIGHT TRUCKS (10,000LBS (4,536KG) OR LESS)",35,2012,GMC,SIERRA
DD56070027,170548852,Rockville Police Departme,Property Damage Crash,12/15/2017 10:00:00 PM,Maryland (State),W MONTGOMERY AVE,HURLEY AVE,SAME DIR REAR END,OTHER,ICE,DARK LIGHTS ON,,NONE DETECTED,No,NO APPARENT INJURY,NOT DISTRACTED,MD,PASSENGER CAR,40,2017,KIA,TRUCK
MCP32320013,200024589,Montgomery County Police,Property Damage Crash,06/23/2020 07:10:00 PM,Maryland (State),VEIRS MILL RD,CONNECTICUT AVE,SAME DIRECTION RIGHT TURN,CLEAR,DRY,DAYLIGHT,NO CONTROLS,NONE DETECTED,Yes,NO APPARENT INJURY,LOOKED BUT DID NOT SEE,MD,PASSENGER CAR,35,2015,CHEVY,MALIBU
DM8453001M,180063029,Takoma Park Police Depart,Property Damage Crash,11/27/2018 09:15:00 PM,Maryland (State),CARROLL AVE,SHERMAN AVE,SAME DIR REAR END,UNKNOWN,UNKNOWN,UNKNOWN,NO CONTROLS,UNKNOWN,Unknown,NO APPARENT INJURY,UNKNOWN,,,0,0,UNKNOWN,UNKNOWN
MCP3138007G,240062032,MONTGOMERY,Injury Crash,12/29/2024 02:32:00 PM,Ramp,RAMP 7 FR RANDOLPH RD WB TO MD 97 SB,GLENMONT SHOPPING CTR CUT THRU CUT,Angle,Cloudy,Dry,Daylight,Traffic Control Signal,"Not Suspect of Alcohol Use, Not Suspect of Drug Use",No,Suspected Minor Injury,Not Distracted,MD,Sport Utility Vehicle,30,2016,NISSAN,ROGUE
MCP2776004K,230018520,Montgomery County Police,Property Damage Crash,04/18/2023 04:14:00 PM,Maryland (State),GEORGIA AVE,OLD BALTIMORE RD,SAME DIR REAR END,CLEAR,DRY,DAYLIGHT,TRAFFIC SIGNAL,,Yes,NO APPARENT INJURY,NOT DISTRACTED,MD,"OTHER LIGHT TRUCKS (10,000LBS (4,536KG) OR LESS)",45,2007,INTERNATIONAL,4000
MCP2607002J,170511375,Montgomery County Police,Property Damage Crash,06-02-17 16:44,County,N SUMMIT AVE,GIRARD ST,OTHER,CLEAR,DRY,DAYLIGHT,TRAFFIC SIGNAL,NONE DETECTED,No,NO APPARENT INJURY,NOT DISTRACTED,MD,PASSENGER CAR,25,2003,FORD,TK
DD5603008Z,210046366,Rockville Police Departme,Property Damage Crash,11/15/2021 03:50:00 PM,Maryland (State),NORBECK RD,E GUDE DR,STRAIGHT MOVEMENT ANGLE,CLEAR,DRY,DAYLIGHT,TRAFFIC SIGNAL,NONE DETECTED,No,NO APPARENT INJURY,NOT DISTRACTED,MD,PASSENGER CAR,25,2017,NISS,4H
MCP3089001H,180028653,Montgomery County Police,Property Damage Crash,06-10-18 13:00,County,WAYNE AVE,FENTON ST,SAME DIR BOTH LEFT TURN,CLEAR,,DAYLIGHT,TRAFFIC SIGNAL,UNKNOWN,Yes,NO APPARENT INJURY,LOOKED BUT DID NOT SEE,,PASSENGER CAR,15,2002,TOYOTA,CAROLLA
EJ7818000V,170543444,Gaithersburg Police Depar,Property Damage Crash,11/17/2017 05:53:00 PM,Maryland (State),S FREDERICK RD,FULKS CORNER AVE,SAME DIR REAR END,CLEAR,DRY,DARK LIGHTS ON,NO CONTROLS,,No,NO APPARENT INJURY,NOT DISTRACTED,MD,PASSENGER CAR,30,2002,JEEP,TK
MCP3328002M,230060328,Montgomery County Police,Property Damage Crash,10/13/2023 03:03:00 PM,County,ARCOLA AVE,KENBROOK DR,STRAIGHT MOVEMENT ANGLE,CLEAR,DRY,DAYLIGHT,NO CONTROLS,NONE DETECTED,No,NO APPARENT INJURY,NOT DISTRACTED,MD,PASSENGER CAR,35,2015,NISSAN,ROGUE
MCP3060002J,190034253,Montgomery County Police,Injury Crash,07/19/2019 05:05:00 AM,Maryland (State),WISCONSIN AVE,LELAND ST,SAME DIR REAR END,CLEAR,DRY,DAWN,TRAFFIC SIGNAL,,Yes,NO APPARENT INJURY,UNKNOWN,MD,PASSENGER CAR,35,2009,NISS,SENTRA
MCP2455001X,180000484,Montgomery County Police,Injury Crash,01-03-18 17:46,County,ESWORTHY RD,HARTLEY HALL PL,ANGLE MEETS RIGHT TURN,CLEAR,DRY,DARK -- UNKNOWN LIGHTING,,,No,POSSIBLE INJURY,UNKNOWN,MD,PASSENGER CAR,30,2013,SUBARU,OUTBACK
MCP2799004S,190010912,Montgomery County Police,Injury Crash,03-08-19 22:30,County,E RANDOLPH RD,LAURIE DR,SAME DIRECTION LEFT TURN,RAINING,WET,DARK LIGHTS ON,NO CONTROLS,ALCOHOL PRESENT,Yes,NO APPARENT INJURY,UNKNOWN,MD,PASSENGER CAR,30,2004,TOYT,MATRIX
MCP2843002V,250030774,MONTGOMERY,Property Damage Crash,07-06-25 15:00,,,,Rear To Side,Unknown,,Daylight,,"Not Suspect of Alcohol Use, Not Suspect of Drug Use",No,No Apparent Injury,Not Distracted,NY,Van - Passenger (&lt;9 Seats),0,2014,TOYOTA,SIENNA
MCP25920013,190010941,Montgomery County Police,Property Damage Crash,03-09-19 8:13,County,MONTGOMERY VILLAGE AVE,SHADOW OAK DR,SINGLE VEHICLE,CLEAR,WET,DAYLIGHT,TRAFFIC SIGNAL,NONE DETECTED,Yes,NO APPARENT INJURY,INATTENTIVE OR LOST IN THOUGHT,MD,PASSENGER CAR,35,2006,HYUN,4S
MCP3381001D,240034301,MONTGOMERY,Injury Crash,07/20/2024 03:25:00 PM,County Route,PEACH TREE RD,BARNESVILLE RD,Angle,Rain,Wet,Daylight,No Controls,"Not Suspect of Alcohol Use, Not Suspect of Drug Use",No,Suspected Minor Injury,Not Distracted,MD,Sport Utility Vehicle,40,2021,TOYOTA,RAV4
MCP2965006Z,230011594,Montgomery County Police,Property Damage Crash,03-09-23 14:25,Maryland (State),NEW HAMPSHIRE AVE,NORWOOD RD,STRAIGHT MOVEMENT ANGLE,CLEAR,DRY,DAYLIGHT,TRAFFIC SIGNAL,NONE DETECTED,No,NO APPARENT INJURY,NOT DISTRACTED,MD,PASSENGER CAR,45,2003,CADI,SD
DD5620004L,190048638,Rockville Police Departme,Property Damage Crash,10-10-19 10:30,Maryland (State),W MONTGOMERY AVE,MANNAKEE ST,SAME DIR REAR END,CLEAR,DRY,DAYLIGHT,TRAFFIC SIGNAL,NONE DETECTED,Yes,NO APPARENT INJURY,NOT DISTRACTED,MD,PASSENGER CAR,30,2007,HONDA,CRV
MCP9311004T,250016520,MONTGOMERY,Injury Crash,04/16/2025 10:57:00 AM,Maryland (State) Route,BRADLEY BLVD,BURNING TREE RD,Angle,Clear,Dry,Daylight,No Controls,"Not Suspect of Alcohol Use, Not Suspect of Drug Use",No,Possible Injury,Unknown,MD,Sport Utility Vehicle,35,2019,LEXUS,NX
MCP20160066,220021527,Montgomery County Police,Property Damage Crash,05/20/2022 08:30:00 AM,Maryland (State),FREDERICK RD,E GUDE DR,SAME DIR REAR END,CLEAR,DRY,DAYLIGHT,TRAFFIC SIGNAL,,No,NO APPARENT INJURY,NOT DISTRACTED,MD,PASSENGER CAR,40,2010,JEEP,WRANGLER
MCP2666001B,16040282,Montgomery County Police,Injury Crash,08-09-16 1:27,County,OLD COLUMBIA PIKE,FAIRLAND RD,STRAIGHT MOVEMENT ANGLE,CLEAR,DRY,DARK LIGHTS ON,FLASHING TRAFFIC SIGNAL,NONE DETECTED,No,POSSIBLE INJURY,NOT DISTRACTED,MD,PASSENGER CAR,35,1989,VOLVO,240DL
DD5593001F,15038351,ROCKVILLE,Property Damage Crash,08-02-15 20:34,Municipality,MANNAKEE ST,LYNCH ST,SAME DIR REAR END,CLEAR,DRY,DUSK,NO CONTROLS,,Yes,NO APPARENT INJURY,TEXTING FROM A CELLULAR PHONE,MD,PASSENGER CAR,30,2015,MAZDA,3
MCP23580083,210008332,Montgomery County Police,Property Damage Crash,03-05-21 12:23,Government,ERICSSON RD,RAMP 2 FR C BARTON PKWY TO ERICSSON RD,STRAIGHT MOVEMENT ANGLE,CLEAR,DRY,DAYLIGHT,STOP SIGN,NONE DETECTED,Yes,NO APPARENT INJURY,NOT DISTRACTED,MD,PASSENGER CAR,25,2012,HONDA,CIVIC
MCP2937005Q,240056678,MONTGOMERY,Injury Crash,11/25/2024 10:00:00 PM,County Route,OAK LEAF DR (EB/L),,"Sideswipe, Same Direction",Clear,Dry,Dark - Lighted,No Controls,"Not Suspect of Alcohol Use, Not Suspect of Drug Use",No,Suspected Minor Injury,Not Distracted,MD,Passenger Car,40,2023,TOYOTA,COROLLA
MCP3042001W,180028046,Montgomery County Police,Injury Crash,06-07-18 10:20,County,NEWPORT MILL RD,VEIRS MILL RD,SAME DIR REAR END,CLEAR,DRY,DAYLIGHT,TRAFFIC SIGNAL,NONE DETECTED,Yes,NO APPARENT INJURY,OTHER DISTRACTION,MD,PASSENGER CAR,25,2006,SCION,2S
EJ7856008R,200039275,Gaithersburg Police Depar,Injury Crash,10-06-20 4:51,Maryland (State),QUINCE ORCHARD RD,ENT TO PARK & RIDE,STRAIGHT MOVEMENT ANGLE,CLEAR,DRY,DARK LIGHTS ON,FLASHING TRAFFIC SIGNAL,,No,POSSIBLE INJURY,NOT DISTRACTED,MD,PASSENGER CAR,35,2014,TOYOTA,CAMRY
DM8490002D,220054671,Takoma Park Police Depart,Property Damage Crash,12-10-22 18:08,Maryland (State),NEW HAMPSHIRE AVE,KIRKLYNN AVE,SAME DIRECTION RIGHT TURN,OTHER,DRY,DARK LIGHTS ON,TRAFFIC SIGNAL,,No,NO APPARENT INJURY,NOT DISTRACTED,MD,PASSENGER CAR,0,2007,SATURN,VUE
MCP3060002N,190057216,Montgomery County Police,Injury Crash,11/27/2019 12:51:00 AM,County,SEVEN LOCKS RD,DEMOCRACY BLVD,SAME DIRECTION SIDESWIPE,CLEAR,DRY,DARK LIGHTS ON,TRAFFIC SIGNAL,,Yes,NO APPARENT INJURY,LOOKED BUT DID NOT SEE,MD,PASSENGER CAR,35,2014,BMW,320I
MCP3139000N,180040966,Montgomery County Police,Property Damage Crash,08/17/2018 04:00:00 PM,Maryland (State),UNIVERSITY BLVD W,DENNIS AVE,OTHER,CLEAR,,DAYLIGHT,TRAFFIC SIGNAL,,No,NO APPARENT INJURY,NOT DISTRACTED,MD,PASSENGER CAR,40,2007,TOYOTA,YARIS
MCP3174001R,200006193,Montgomery County Police,Property Damage Crash,02-06-20 16:14,Maryland (State),WOODFIELD RD,WARFIELD RD,HEAD ON LEFT TURN,RAINING,WET,DAYLIGHT,TRAFFIC SIGNAL,NONE DETECTED,Yes,NO APPARENT INJURY,LOOKED BUT DID NOT SEE,MD,PASSENGER CAR,35,2013,TOYOTA,SIENNA
MCP93220005,15009954,Montgomery County Police,Property Damage Crash,03-02-15 22:52,Maryland (State),GEORGIA AVE,GREGG RD,OPPOSITE DIRECTION SIDESWIPE,WINTRY MIX,ICE,DARK NO LIGHTS,NO CONTROLS,NONE DETECTED,No,NO APPARENT INJURY,NOT DISTRACTED,MD,PASSENGER CAR,50,2008,MAZADA,4DR
MCP3269001V,220024151,Montgomery County Police,Property Damage Crash,06-06-22 6:44,Maryland (State),SANDY SPRING RD,MCKNEW RD,STRAIGHT MOVEMENT ANGLE,CLEAR,DRY,DAYLIGHT,TRAFFIC SIGNAL,NONE DETECTED,Yes,NO APPARENT INJURY,NOT DISTRACTED,MD,PASSENGER CAR,35,2012,INFINITY,G37S
MCP2991002C,180002185,Montgomery County Police,Injury Crash,01/14/2018 12:15:00 PM,,,,SINGLE VEHICLE,CLEAR,,DAYLIGHT,NO CONTROLS,NONE DETECTED,Yes,NO APPARENT INJURY,LOOKED BUT DID NOT SEE,MD,PASSENGER CAR,5,2005,LEXUS,ES
MCP3311000F,220007373,Montgomery County Police,Injury Crash,02/19/2022 08:42:00 PM,Maryland (State),WISCONSIN AVE,ROSEDALE AVE,OTHER,CLEAR,DRY,DARK LIGHTS ON,,,No,NO APPARENT INJURY,NOT DISTRACTED,MD,PASSENGER CAR,30,2011,HYUNDAI,SONATA
MCP2777005L,200012522,Montgomery County Police,Injury Crash,03/14/2020 12:38:00 AM,Maryland (State),OLD GEORGETOWN RD,RAMP 4 FR MD 187 NB TO IS 495 EB,SINGLE VEHICLE,CLEAR,DRY,DARK LIGHTS ON,TRAFFIC SIGNAL,OTHER,Yes,POSSIBLE INJURY,UNKNOWN,MD,PASSENGER CAR,40,2015,VW,JETTA
MCP1378009X,16027832,Montgomery County Police,Injury Crash,06-03-16 17:15,Maryland (State),QUINCE ORCHARD RD,QUINCE ORCHARD BLVD,SINGLE VEHICLE,CLOUDY,WET,DAYLIGHT,TRAFFIC SIGNAL,NONE DETECTED,No,NO APPARENT INJURY,NOT DISTRACTED,PA,PASSENGER CAR,35,2012,CHEV,CRUZE
MCP2850001F,190036414,Montgomery County Police,Property Damage Crash,07/30/2019 11:47:00 PM,County,MONTGOMERY VILLAGE AVE,MIDCOUNTY HWY,SAME DIR REAR END,CLEAR,DRY,DARK LIGHTS ON,TRAFFIC SIGNAL,,No,NO APPARENT INJURY,NOT DISTRACTED,MD,OTHER,35,2012,TOYT,COROLLA
MCP2831001V,17016216,Montgomery County Police,Property Damage Crash,03/30/2017 05:26:00 PM,County,WISTERIA DR,WATERS RD,SAME DIRECTION SIDESWIPE,CLEAR,DRY,DAYLIGHT,NO CONTROLS,,No,NO APPARENT INJURY,NOT DISTRACTED,MD,PASSENGER CAR,30,2012,MNNI,SW
MCP3288002N,230069031,Montgomery County Police,Property Damage Crash,11/30/2023 04:38:00 AM,County,APPLE RIDGE RD,TORREY POND PL,HEAD ON,CLEAR,DRY,DARK NO LIGHTS,NO CONTROLS,NONE DETECTED,No,NO APPARENT INJURY,NOT DISTRACTED,MD,PASSENGER CAR,35,2017,TOYOTA,COROLLA
MCP2228000G,190040041,Montgomery County Police,Injury Crash,08/21/2019 05:50:00 PM,Maryland (State),FREDERICK RD,SHADY GROVE RD,SAME DIR REAR END,RAINING,WET,DAYLIGHT,NO CONTROLS,NONE DETECTED,Yes,NO APPARENT INJURY,NOT DISTRACTED,MD,PASSENGER CAR,40,2000,MITSUBI,ECLIPSE
MCP2891007P,190012879,Montgomery County Police,Property Damage Crash,03/20/2019 01:23:00 PM,County,SEMINARY PL,SPUR FR MD 391,STRAIGHT MOVEMENT ANGLE,CLEAR,DRY,DAYLIGHT,STOP SIGN,NONE DETECTED,No,NO APPARENT INJURY,NOT DISTRACTED,MD,"CARGO VAN/LIGHT TRUCK 2 AXLES (OVER 10,000LBS (4,536 KG))",35,2017,FORD,TRANSIT
MCP9130001S,15060954,MONTGOMERY,Property Damage Crash,11/29/2015 01:20:00 PM,Interstate (State),CAPITAL BELTWAY,COLESVILLE RD,SAME DIRECTION SIDESWIPE,RAINING,WET,DAYLIGHT,NO CONTROLS,UNKNOWN,No,NO APPARENT INJURY,UNKNOWN,,OTHER,55,2015,UNK,UNK
MCP22030017,16029794,Montgomery County Police,Injury Crash,06/13/2016 03:23:00 PM,Maryland (State),GEORGIA AVE,HICKERSON DR,ANGLE MEETS LEFT TURN,CLEAR,DRY,DAYLIGHT,NO CONTROLS,NONE DETECTED,No,SUSPECTED MINOR INJURY,NOT DISTRACTED,MD,(SPORT) UTILITY VEHICLE,35,2007,HONDA,PILOT
HA2483001F,24000634,MCPARK,Property Damage Crash,04-11-24 16:20,Government Route,,WILLET BRIDGE RD,Front to Rear,Rain,Wet,Daylight,No Controls,"Not Suspect of Alcohol Use, Not Suspect of Drug Use",No,No Apparent Injury,Not Distracted,MD,Passenger Car,25,2012,HONDA,CIVIC
MCP2695000R,16037481,Montgomery County Police,Property Damage Crash,07/24/2016 12:59:00 PM,County,CALVERTON BLVD,GALWAY DR,SAME DIRECTION RIGHT TURN,CLEAR,DRY,DAYLIGHT,,,No,NO APPARENT INJURY,NOT DISTRACTED,MD,PASSENGER CAR,30,2016,CHEVY,MALIBU
MCP2939008B,250046878,MONTGOMERY,Injury Crash,10/18/2025 04:45:00 PM,Maryland (State) Route,GERMANTOWN RD (SB/L),,Front to Rear,Clear,Dry,Daylight,Traffic Control Signal,"Not Suspect of Alcohol Use, Not Suspect of Drug Use",Yes,No Apparent Injury,Unknown,MD,Passenger Car,40,2023,TOYOTA,RAV4
DD5538001M,16033120,Rockville Police Departme,Injury Crash,06/30/2016 02:07:00 PM,Municipality,HALPINE RD,ROCKVILLE PIKE,HEAD ON LEFT TURN,CLEAR,DRY,DAYLIGHT,TRAFFIC SIGNAL,NONE DETECTED,Yes,SUSPECTED MINOR INJURY,LOOKED BUT DID NOT SEE,MD,PASSENGER CAR,25,2005,HONDA,ACCORD 4D
MCP31920067,250036346,MONTGOMERY,Injury Crash,08/14/2025 06:04:00 PM,County Route,RANDOLPH RD,,"Sideswipe, Same Direction",Clear,Dry,Daylight,Traffic Control Signal,"Not Suspect of Alcohol Use, Not Suspect of Drug Use",No,Possible Injury,Not Distracted,MD,Passenger Car,40,2018,HONDA,CIVIC