Report Number,Local Case Number,Agency Name,ACRS Report Type,Crash Date/Time,Route Type,Road Name,Cross-Street Name,Collision Type,Weather,Surface Condition,Light,Traffic Control,Driver Substance Abuse,Driver At Fault,Injury Severity,Driver Distracted By,Drivers License State,Vehicle Body Type,Speed Limit,Vehicle Year,Vehicle Make,Vehicle Model
MCP3192000V,200010825,Montgomery County Police,Property Damage Crash,03-04-20 19:01,Maryland (State),UNIVERSITY BLVD E,GLENVILLE RD,SAME DIR REAR END,CLEAR,DRY,,,,Yes,NO APPARENT INJURY,UNKNOWN,MD,PASSENGER CAR,35,2015,HONDA,ACCORD
MCP3045002X,200007340,Montgomery County Police,Property Damage Crash,02/13/2020 02:38:00 PM,County,FERNWOOD RD,ROCK SPRING DR,HEAD ON LEFT TURN,RAINING,WET,DAYLIGHT,TRAFFIC SIGNAL,NONE DETECTED,No,NO APPARENT INJURY,NOT DISTRACTED,MD,PASSENGER CAR,30,2019,KIA,FORTE
MCP29190069,190045857,Montgomery County Police,Property Damage Crash,09/24/2019 07:34:00 PM,Maryland (State),NEW HAMPSHIRE AVE,OAKVIEW DR,SAME DIR REAR END,,DRY,DARK LIGHTS ON,,NONE DETECTED,No,NO APPARENT INJURY,NOT DISTRACTED,DC,PASSENGER CAR,40,2019,KIA,4DR
MCP25680016,220039294,Montgomery County Police,Injury Crash,09-09-22 22:50,Maryland (State),MUNCASTER MILL RD,MEADOWSIDE LA,SAME DIR REAR END,CLEAR,DRY,DARK NO LIGHTS,NO CONTROLS,ALCOHOL CONTRIBUTED,Yes,NO APPARENT INJURY,UNKNOWN,MD,(SPORT) UTILITY VEHICLE,40,2016,FORD,EXPLORER
MCP3096003M,220040793,Montgomery County Police,Property Damage Crash,09/19/2022 04:49:00 PM,,,,OTHER,CLEAR,,DAYLIGHT,NO CONTROLS,NONE DETECTED,Yes,NO APPARENT INJURY,NOT DISTRACTED,MD,SCHOOL BUS,15,2017,THOM,BUS
MCP25340040,220005100,Montgomery County Police,Injury Crash,02-06-22 1:20,Maryland (State),GEORGIA AVE,WINDHAM LA,STRAIGHT MOVEMENT ANGLE,CLEAR,DRY,DARK LIGHTS ON,FLASHING TRAFFIC SIGNAL,NONE DETECTED,No,POSSIBLE INJURY,NOT DISTRACTED,MD,PASSENGER CAR,30,2017,ACURA,TLX
MCP2851002F,170509100,Montgomery County Police,Injury Crash,05/21/2017 11:50:00 AM,Maryland (State),GERMANTOWN RD,CRYSTAL ROCK DR,HEAD ON LEFT TURN,,DRY,DAYLIGHT,TRAFFIC SIGNAL,NONE DETECTED,Yes,SUSPECTED MINOR INJURY,NOT DISTRACTED,MD,PASSENGER CAR,40,2014,CHEVY,4S
MCP1309003K,200038947,Montgomery County Police,Injury Crash,10-03-20 14:30,Maryland (State),FREDERICK RD,LITTLE SENECA PKWY,SAME DIR REAR END,CLEAR,DRY,DAYLIGHT,TRAFFIC SIGNAL,NONE DETECTED,No,NO APPARENT INJURY,NOT DISTRACTED,MD,PASSENGER CAR,40,2005,VOLK,4S
MCP29290035,180041232,Montgomery County Police,Property Damage Crash,08/19/2018 11:54:00 AM,County,BRIGGS CHANEY RD,GOOD HOPE RD,STRAIGHT MOVEMENT ANGLE,CLEAR,DRY,DAYLIGHT,TRAFFIC SIGNAL,NONE DETECTED,No,NO APPARENT INJURY,NOT DISTRACTED,MD,PASSENGER CAR,35,2017,TOYOTA,CAMRY
DD5647001H,210043893,Rockville Police Departme,Property Damage Crash,10/30/2021 10:40:00 PM,Municipality,REDLAND BLVD,ELMCROFT BLVD,STRAIGHT MOVEMENT ANGLE,CLEAR,DRY,DARK LIGHTS ON,STOP SIGN,NONE DETECTED,Yes,NO APPARENT INJURY,NOT DISTRACTED,MD,PASSENGER CAR,30,2009,TOYT,4S
MCP24370016,15058528,MONTGOMERY,Property Damage Crash,11/16/2015 06:15:00 PM,County,BEL PRE RD,LAYHILL RD,SAME DIRECTION SIDESWIPE,CLEAR,DRY,DARK LIGHTS ON,TRAFFIC SIGNAL,NONE DETECTED,No,NO APPARENT INJURY,NOT DISTRACTED,MD,(SPORT) UTILITY VEHICLE,35,2014,CHEVROLET,EQUINOX
MCP3423001V,250023054,MONTGOMERY,Injury Crash,05/24/2025 04:45:00 PM,County Route,INDIAN SPRING DR,,Single Vehicle,Clear,Dry,Daylight,No Controls,"Not Suspect of Alcohol Use, Not Suspect of Drug Use",Yes,No Apparent Injury,Not Distracted,MD,Passenger Car,20,2013,TOYOTA,SIENNA
MCP3065002H,190003206,Montgomery County Police,Property Damage Crash,01/21/2019 07:16:00 AM,US (State),COLUMBIA PIKE,ENT TO BURNT MILLS SHOPPING CENTER,HEAD ON LEFT TURN,CLEAR,,DUSK,TRAFFIC SIGNAL,NONE DETECTED,Yes,NO APPARENT INJURY,NOT DISTRACTED,MD,OTHER,45,2014,ACUR,TK
DD55670026,240000235,ROCKVILLE,Injury Crash,01-02-24 14:15,Municipality Route,FREDERICK AVE #2,HUNGERFORD DR,Front to Rear,Clear,Dry,Daylight,Traffic Control Signal,"Not Suspect of Alcohol Use, Not Suspect of Drug Use",No,No Apparent Injury,Unknown,MD,Sport Utility Vehicle,30,2014,NISSAN,PATHFINDER
MCP3423000B,240042846,MONTGOMERY,Property Damage Crash,09-09-24 17:56,Maryland (State) Route,GEORGIA AVE,,Front to Rear,Clear,Dry,Daylight,No Controls,"Not Suspect of Alcohol Use, Not Suspect of Drug Use",No,No Apparent Injury,Not Distracted,NY,Passenger Car,30,2024,TOYOTA,RAV4
MCP2951001Y,16061494,Montgomery County Police,Property Damage Crash,11/30/2016 04:42:00 PM,,,,,,,DAYLIGHT,NO CONTROLS,NONE DETECTED,Yes,NO APPARENT INJURY,INATTENTIVE OR LOST IN THOUGHT,XX,PASSENGER CAR,10,2012,NISSAN,ARMADA
MCP3126004Y,230063452,Montgomery County Police,Property Damage Crash,10/30/2023 05:30:00 PM,Maryland (State),FREDERICK RD,SHAWNEE LA,STRAIGHT MOVEMENT ANGLE,RAINING,WET,DAYLIGHT,NO CONTROLS,NONE DETECTED,Yes,NO APPARENT INJURY,LOOKED BUT DID NOT SEE,MD,PASSENGER CAR,40,2016,TOYOTA,CAMRY
MCP2809003T,17006148,Montgomery County Police,Property Damage Crash,02-04-17 12:57,Maryland (State),GEORGIA AVE,REEDIE DR,HEAD ON LEFT TURN,CLEAR,DRY,,TRAFFIC SIGNAL,,Yes,NO APPARENT INJURY,UNKNOWN,MD,PASSENGER CAR,35,2008,HONDA,ACCORD
DD56510005,210022349,Rockville Police Departme,Property Damage Crash,06-11-21 16:39,Maryland (State),FIRST ST,ROCKVILLE PIKE,SAME DIR REAR END,RAINING,WET,DAYLIGHT,NO CONTROLS,NONE DETECTED,Yes,NO APPARENT INJURY,UNKNOWN,MD,PASSENGER CAR,30,2012,VOLK,4S
EJ7854001Z,180012979,Gaithersburg Police Depar,Property Damage Crash,03/15/2018 10:54:00 AM,,,,SINGLE VEHICLE,CLEAR,,DAYLIGHT,NO CONTROLS,NONE DETECTED,Unknown,NO APPARENT INJURY,NOT DISTRACTED,MD,PASSENGER CAR,5,2011,BUIC,TK
MCP24250084,16060011,Montgomery County Police,Injury Crash,11/22/2016 07:54:00 AM,Maryland (State),NEW HAMPSHIRE AVE,BLICK DR,SAME DIRECTION SIDESWIPE,CLEAR,DRY,DAYLIGHT,TRAFFIC SIGNAL,NONE DETECTED,No,NO APPARENT INJURY,NOT DISTRACTED,MD,PASSENGER CAR,40,2013,LEXUS,GS350
MCP3320003D,250016928,MONTGOMERY,Property Damage Crash,04/18/2025 06:30:00 PM,Ramp,RAMP 2 FR IS 495 WB TO MD 97 NB,,Front to Rear,Clear,Dry,Daylight,Yield Sign,"Not Suspect of Alcohol Use, Not Suspect of Drug Use",No,No Apparent Injury,Not Distracted,MD,Passenger Car,25,2016,LEXUS,GS
DM84780011,210035701,Takoma Park Police Depart,Property Damage Crash,09-11-21 1:00,Municipality,OSWEGO AVE,RITCHIE AVE,SAME DIR REND RIGHT TURN,,,DARK LIGHTS ON,NO CONTROLS,NONE DETECTED,Yes,NO APPARENT INJURY,NOT DISTRACTED,DC,PASSENGER CAR,20,2017,MAZDA,3
MCP2966004B,180023071,Montgomery County Police,Injury Crash,05-10-18 19:49,Maryland (State),VEIRS MILL RD,PARKLAND DR,SAME DIR REAR END,CLEAR,WET,DUSK,TRAFFIC SIGNAL,ALCOHOL PRESENT,Yes,NO APPARENT INJURY,NOT DISTRACTED,XX,PASSENGER CAR,40,2012,CADI,SRX
DD5520000L,16015399,Rockville Police Departme,Property Damage Crash,03/29/2016 04:02:00 PM,,,,OTHER,CLEAR,,DAYLIGHT,,,No,NO APPARENT INJURY,NOT DISTRACTED,MD,PASSENGER CAR,0,2005,MERZ,E320
MCP25820051,240015621,MONTGOMERY,Injury Crash,04-04-24 0:39,Maryland (State) Route,NEW HAMPSHIRE AVE (SB/L),,Front to Front,Rain,Wet,Dark - Lighted,No Controls,"Not Suspect of Alcohol Use, Not Suspect of Drug Use",No,Suspected Minor Injury,Not Distracted,MD,Sport Utility Vehicle,45,2023,MAZDA,CX-50
MCP3144002R,240029062,MONTGOMERY,Property Damage Crash,06/19/2024 02:57:00 AM,Government Route,BEACH DR,WEXFORD DR (WB/L),Angle,Clear,Dry,Dark - Lighted,Stop Sign,"Not Suspect of Alcohol Use, Not Suspect of Drug Use",Yes,No Apparent Injury,Not Distracted,MD,Sport Utility Vehicle,25,2012,CHEVROLET,EQUINOX
EJ77810054,240032895,GAITHERSBURG,Property Damage Crash,07-12-24 12:35,Maryland (State) Route,,MONTGOMERY AVE,Front to Front,Cloudy,Wet,Daylight,No Controls,"Not Suspect of Alcohol Use, Not Suspect of Drug Use",No,No Apparent Injury,Not Distracted,MD,Pickup,30,1994,FORD,F-350
MCP3268004V,240059923,MONTGOMERY,Property Damage Crash,12/15/2024 02:00:00 PM,US (State),COLUMBIA PIKE (SB/L),,Front to Rear,Clear,Dry,Daylight,Traffic Control Signal,"Not Suspect of Alcohol Use, Not Suspect of Drug Use",Yes,No Apparent Injury,Not Distracted,MD,Passenger Car,35,2019,TOYOTA,COROLLA
MCP3277003Z,250016028,MONTGOMERY,Injury Crash,04-12-25 21:16,County Route,MONTGOMERY VILLAGE AVE,,Front to Rear,Rain,Wet,Dark - Lighted,Traffic Control Signal,"Not Suspect of Alcohol Use, Not Suspect of Drug Use",No,Possible Injury,Not Distracted,MD,Passenger Car,35,2011,NISSAN,ALTIMA
MCP2600001J,15060800,MONTGOMERY,Injury Crash,11/28/2015 03:36:00 PM,Maryland (State),NEW HAMPSHIRE AVE,FOX ST,STRAIGHT MOVEMENT ANGLE,RAINING,WET,DAYLIGHT,STOP SIGN,NONE DETECTED,Yes,NO APPARENT INJURY,UNKNOWN,MD,PASSENGER CAR,40,2013,CHEVROLET,IMPALA
MCP24550070,240027004,MONTGOMERY,Property Damage Crash,06-06-24 18:09,Local Route,BOU AVE,,Front to Rear,Rain,Wet,Daylight,No Controls,"Not Suspect of Alcohol Use, Not Suspect of Drug Use",No,No Apparent Injury,Not Distracted,MD,Passenger Car,30,2014,HONDA,ACCORD
MCP3200006H,220039945,Montgomery County Police,Property Damage Crash,09/14/2022 11:47:00 AM,County,WOODGLEN DR,SECURITY LA,OTHER,CLEAR,DRY,DAYLIGHT,NO CONTROLS,NONE DETECTED,Yes,NO APPARENT INJURY,UNKNOWN,MD,PASSENGER CAR,25,2007,TOYOTA,CAMRY
DM84890007,200021173,Takoma Park Police Depart,Property Damage Crash,05/28/2020 04:04:00 PM,,,,OTHER,CLEAR,,DAYLIGHT,,,Yes,NO APPARENT INJURY,NO DRIVER PRESENT,MD,PASSENGER CAR,5,2008,TOYOTA,CAR
MCP2353003V,170505623,Montgomery County Police,Property Damage Crash,05-03-17 7:48,Maryland (State),RIVER RD,BRAEBURN PKWY,SAME DIR REAR END,CLEAR,DRY,DAYLIGHT,OTHER,NONE DETECTED,Yes,NO APPARENT INJURY,DISTRACTED BY OUTSIDE PERSON OBJECT OR EVENT,MD,SCHOOL BUS,45,2006,THOMAS,BUS
MCP32250055,240052319,MONTGOMERY,Property Damage Crash,10/31/2024 06:40:00 PM,Maryland (State) Route,GEORGIA AVE,,"Sideswipe, Same Direction",Clear,Dry,Dark - Lighted,No Controls,"Not Suspect of Alcohol Use, Not Suspect of Drug Use",No,No Apparent Injury,Not Distracted,MD,Passenger Car,35,2015,HYUNDAI,ELANTRA
MCP3362006C,250043595,MONTGOMERY,Property Damage Crash,09/28/2025 08:28:00 AM,County Route,LANARK WAY,COLESVILLE RD,Front to Front,Clear,Wet,Daylight,Traffic Control Signal,"Not Suspect of Alcohol Use, Not Suspect of Drug Use",No,No Apparent Injury,Not Distracted,MD,Passenger Car,25,2022,HYUNDAI,ELANTRA
MCP3114000D,180015237,Montgomery County Police,Injury Crash,03/28/2018 10:36:00 AM,Maryland (State),COLESVILLE RD,SECOND AVE,SAME DIR REAR END,RAINING,WET,DARK LIGHTS ON,NO CONTROLS,,Yes,NO APPARENT INJURY,INATTENTIVE OR LOST IN THOUGHT,DC,PASSENGER CAR,35,2011,CHEVY,CRUZ
MCP3118004L,240010837,MONTGOMERY,Property Damage Crash,03-06-24 8:27,Maryland (State) Route,LAYHILL RD,MIDDLEBRIDGE DR (WB/L),Angle,Cloudy,Wet,Daylight,No Controls,"Not Suspect of Alcohol Use, Not Suspect of Drug Use",No,No Apparent Injury,Not Distracted,,Passenger Car,40,2012,CHEVROLET,TRAVERSE
MCP2905004R,190044891,Montgomery County Police,Property Damage Crash,09/19/2019 01:10:00 PM,County,DEMOCRACY BLVD,RAMP 2 FR DEMOCRACY BLVD TO IS 270Y NB,SAME DIR REAR END,CLEAR,DRY,DAYLIGHT,TRAFFIC SIGNAL,,No,NO APPARENT INJURY,NOT DISTRACTED,MD,PASSENGER CAR,35,2014,VOLVO,XC60
EJ78370041,190043754,Gaithersburg Police Depar,Injury Crash,09-12-19 19:10,Maryland (State),GREAT SENECA HWY,LAKELANDS DR,HEAD ON LEFT TURN,CLEAR,DRY,DUSK,TRAFFIC SIGNAL,,Yes,NO APPARENT INJURY,NOT DISTRACTED,MD,PASSENGER CAR,50,2013,TOYT,4S
EJ7916000H,250035449,GAITHERSBURG,Injury Crash,08-09-25 7:59,Municipality Route,TRAVIS AVE,FREDERICK RD (SB/L) SPECTRUM AVE,Front to Front,Clear,Dry,Daylight,Traffic Control Signal,"Not Suspect of Alcohol Use, Not Suspect of Drug Use",No,Suspected Minor Injury,Not Distracted,MD,Passenger Car,40,2016,TOYOTA,COROLLA
MCP27980054,220038696,Montgomery County Police,Injury Crash,09-06-22 16:50,County,MIDDLEBROOK RD,GERMANTOWN RD,SAME DIR REAR END,CLEAR,DRY,DAYLIGHT,TRAFFIC SIGNAL,NONE DETECTED,Yes,POSSIBLE INJURY,INATTENTIVE OR LOST IN THOUGHT,MD,PASSENGER CAR,35,2014,HYUNDAI,ELANTRA
MCP3055004K,250002404,MONTGOMERY,Property Damage Crash,01/17/2025 05:23:00 PM,Maryland (State) Route,OLNEY SANDY SPRING RD,,Other,Clear,Dry,Dusk,No Controls,"Not Suspect of Alcohol Use, Not Suspect of Drug Use",No,No Apparent Injury,Not Distracted,MD,Passenger Car,35,2023,MAZDA,MAZDA3
MCP31250011,180054180,Montgomery County Police,Property Damage Crash,10/27/2018 03:30:00 AM,Municipality,WOOTTON PKWY,SEVEN LOCKS RD,SINGLE VEHICLE,,,DARK LIGHTS ON,NO CONTROLS,,No,NO APPARENT INJURY,NOT DISTRACTED,MD,POLICE VEHICLE/NON EMERGENCY,40,2007,DODGE,4S
MCP284600BT,250042924,MONTGOMERY,Property Damage Crash,09/24/2025 09:45:00 AM,County Route,LYDIA ST,,"Sideswipe, Same Direction",Cloudy,Dry,Daylight,No Controls,"Not Suspect of Alcohol Use, Not Suspect of Drug Use",Yes,No Apparent Injury,Not Distracted,MD,Bus - School,15,2017,THOMAS BUILT,HDX
DD56050083,230066468,Rockville Police Departme,Injury Crash,11/15/2023 12:00:00 PM,Maryland (State),ROCKVILLE PIKE,WOOTTON PKWY,OTHER,CLEAR,DRY,DAYLIGHT,TRAFFIC SIGNAL,UNKNOWN,Yes,NO APPARENT INJURY,UNKNOWN,,(SPORT) UTILITY VEHICLE,40,2020,TOYT,TK
MCP3040007D,250005514,MONTGOMERY,Property Damage Crash,02-06-25 18:45,County Route,CHERRY VALLEY DR,CASHELL RD,Angle,Clear,Wet,Dark - Lighted,Stop Sign,"Not Suspect of Alcohol Use, Not Suspect of Drug Use",Yes,No Apparent Injury,Not Distracted,MD,Passenger Car,25,2016,TOYOTA,HIGHLANDER
MCP2677000J,16006831,Montgomery County Police,Property Damage Crash,01/13/2016 10:59:00 PM,,,,SAME DIRECTION RIGHT TURN,CLEAR,,DARK NO LIGHTS,,,Yes,NO APPARENT INJURY,NOT DISTRACTED,MD,POLICE VEHICLE/EMERGENCY,0,2014,DODGE,CHARGER
MCP2425009P,170518319,Montgomery County Police,Injury Crash,07-10-17 17:05,Maryland (State),NEW HAMPSHIRE AVE,ELTON RD,STRAIGHT MOVEMENT ANGLE,CLEAR,DRY,DAYLIGHT,TRAFFIC SIGNAL,NONE DETECTED,Yes,SUSPECTED MINOR INJURY,NOT DISTRACTED,MD,PASSENGER CAR,40,2017,TOYOYTA,YARIS
MCP1213005J,210008259,Montgomery County Police,Property Damage Crash,03-04-21 19:13,Maryland (State),NEW HAMPSHIRE AVE,BRYANTS NURSERY RD,SINGLE VEHICLE,CLEAR,DRY,DARK LIGHTS ON,NO CONTROLS,ALCOHOL PRESENT,Yes,NO APPARENT INJURY,LOOKED BUT DID NOT SEE,MD,PASSENGER CAR,45,2001,LEXUS,450SL
MCP2627000Q,15051098,MONTGOMERY,Injury Crash,10-08-15 19:23,Maryland (State),MASSACHUSETTS AVE,LITTLE FALLS PKWY,HEAD ON LEFT TURN,CLEAR,DRY,DARK LIGHTS ON,TRAFFIC SIGNAL,NONE DETECTED,Yes,SUSPECTED MINOR INJURY,NOT DISTRACTED,DC,MOTORCYCLE,35,2005,HARLEY,DAVIDSON
MCP9390000V,170519112,Montgomery County Police,Property Damage Crash,07/14/2017 03:56:00 PM,County,INDUSTRIAL DR,GAITHER RD,SAME DIR REAR END,RAINING,WET,DAYLIGHT,,,Yes,NO APPARENT INJURY,NOT DISTRACTED,MD,"CARGO VAN/LIGHT TRUCK 2 AXLES (OVER 10,000LBS (4,536 KG))",25,2016,ISU,TRUCK
MCP3201000V,190057235,Montgomery County Police,Injury Crash,11/27/2019 07:45:00 AM,Maryland (State),CLOPPER RD,MATENY RD,OTHER,RAINING,WET,DAYLIGHT,NO CONTROLS,,Yes,POSSIBLE INJURY,LOOKED BUT DID NOT SEE,MD,PASSENGER CAR,35,2010,MAZDA,MAZDA6
MCP2763004Q,230025954,Montgomery County Police,Property Damage Crash,05/30/2023 06:10:00 PM,County,ROTHBURY DR,GOSHEN RD,SAME DIRECTION RIGHT TURN,CLEAR,DRY,DAYLIGHT,TRAFFIC SIGNAL,NONE DETECTED,Yes,NO APPARENT INJURY,LOOKED BUT DID NOT SEE,MD,PASSENGER CAR,25,2016,TOYOTA,RAV4
DD5680001R,250044034,ROCKVILLE,Property Damage Crash,09/30/2025 08:05:00 PM,Municipality Route,MT VERNON PL,ROCKVILLE PIKE (SB/L),Angle,Clear,Dry,Dark - Lighted,No Controls,"Not Suspect of Alcohol Use, Not Suspect of Drug Use",No,No Apparent Injury,Unknown,FL,Passenger Car,35,2014,TOYOTA,COROLLA
MCP2363000M,15063599,Montgomery County Police,Fatal Crash,12-12-15 18:54,County,E GUDE DR,SOUTHLAWN LA,STRAIGHT MOVEMENT ANGLE,CLEAR,DRY,DARK LIGHTS ON,TRAFFIC SIGNAL,NONE DETECTED,No,SUSPECTED MINOR INJURY,NOT DISTRACTED,MD,PASSENGER CAR,40,2004,LEXUS,RX330
MCP3336000S,230002037,Montgomery County Police,Property Damage Crash,01/13/2023 07:37:00 AM,Maryland (State),GEORGIA AVE,SEMINARY PL,SAME DIR REAR END,RAINING,WET,DAYLIGHT,TRAFFIC SIGNAL,NONE DETECTED,Yes,NO APPARENT INJURY,NOT DISTRACTED,MD,(SPORT) UTILITY VEHICLE,35,2013,HONDA,PILOT
MCP2516004S,240004927,MONTGOMERY,Injury Crash,01/31/2024 07:44:00 AM,Maryland (State) Route,GREAT SENECA HWY (SB/L),MATENY RD (NB/L),Angle,Cloudy,Wet,Daylight,Traffic Control Signal,"Not Suspect of Alcohol Use, Not Suspect of Drug Use",Yes,Possible Injury,Not Distracted,MD,Pickup,45,2004,TOYOTA,TACOMA
MCP235300CY,240006930,MONTGOMERY,Property Damage Crash,02-12-24 8:45,County Route,POOKS HILL RD (EB/L),,Angle,Cloudy,Wet,Daylight,Traffic Control Signal,"Not Suspect of Alcohol Use, Not Suspect of Drug Use",No,No Apparent Injury,Not Distracted,MD,Passenger Car,30,2012,MAZDA,MAZDA3
MCP3058000Z,170537202,Montgomery County Police,Property Damage Crash,10/17/2017 04:27:00 PM,Maryland (State),RIVER RD,CHAPEL RD,SAME DIR REAR END,CLEAR,DRY,DAYLIGHT,NO CONTROLS,NONE DETECTED,Yes,NO APPARENT INJURY,UNKNOWN,WV,PASSENGER CAR,30,2013,BUICK,REGAL
MCP2687002K,170545636,Montgomery County Police,Property Damage Crash,11/29/2017 05:33:00 PM,Maryland (State),EAST WEST HWY,GLENDALE RD,STRAIGHT MOVEMENT ANGLE,CLEAR,DRY,DARK LIGHTS ON,NO CONTROLS,NONE DETECTED,Yes,NO APPARENT INJURY,LOOKED BUT DID NOT SEE,DC,PASSENGER CAR,30,2014,HYUNDAI,ELANTRA
MCP2981003P,210021701,Montgomery County Police,Property Damage Crash,06-07-21 10:55,,,,OTHER,CLEAR,,DAYLIGHT,NO CONTROLS,UNKNOWN,Yes,NO APPARENT INJURY,UNKNOWN,,PASSENGER CAR,15,2015,TOYOTA,COROLLA
MCP31600021,190043418,Montgomery County Police,Property Damage Crash,09-10-19 21:01,Maryland (State),ROCKVILLE PIKE,POOKS HILL RD,SAME DIR REAR END,CLEAR,DRY,DARK LIGHTS ON,TRAFFIC SIGNAL,ALCOHOL CONTRIBUTED,Yes,NO APPARENT INJURY,LOOKED BUT DID NOT SEE,MD,PASSENGER CAR,35,2005,TOYOTA,4D
EJ78840046,220011218,Gaithersburg Police Depar,Injury Crash,03/15/2022 08:03:00 PM,Maryland (State),GREAT SENECA HWY,ORCHARD RIDGE DR,SAME DIR REAR END,CLEAR,DRY,DARK NO LIGHTS,NO CONTROLS,,No,POSSIBLE INJURY,NOT DISTRACTED,MD,PASSENGER CAR,40,2021,KIA,UT
MCP1182001Q,170507368,Montgomery County Police,Property Damage Crash,05-12-17 9:49,Maryland (State),RIVER RD,GREENWAY DR,SAME DIR REAR END,CLOUDY,DRY,DAYLIGHT,TRAFFIC SIGNAL,NONE DETECTED,No,NO APPARENT INJURY,NOT DISTRACTED,MD,VAN,35,2006,DODGE,CARAVAN
EJ7871000X,190000487,Gaithersburg Police Depar,Property Damage Crash,01-03-19 19:11,County,MUDDY BRANCH RD,GREAT SENECA HWY,SAME DIR REAR END,CLEAR,DRY,DARK LIGHTS ON,TRAFFIC SIGNAL,NONE DETECTED,Yes,NO APPARENT INJURY,LOOKED BUT DID NOT SEE,MD,PASSENGER CAR,50,2012,HYUN,TK
MCP2966002J,16054782,Montgomery County Police,Injury Crash,10/24/2016 06:46:00 PM,County,TURKEY BRANCH PKWY,VEIRS MILL RD,SAME DIR REAR END,CLEAR,DRY,DARK LIGHTS ON,FLASHING TRAFFIC SIGNAL,NONE DETECTED,No,NO APPARENT INJURY,NOT DISTRACTED,MD,PASSENGER CAR,45,2001,TOYOTA,GT
EJ7858007R,230026908,Gaithersburg Police Depar,Injury Crash,06-05-23 7:59,Municipality,FIRSTFIELD RD,CLOPPER RD,SAME DIR REAR END,CLEAR,DRY,DAYLIGHT,NO CONTROLS,NONE DETECTED,Yes,NO APPARENT INJURY,UNKNOWN,MD,"CARGO VAN/LIGHT TRUCK 2 AXLES (OVER 10,000LBS (4,536 KG))",25,2015,RAM,VN
DD5603002H,16007780,Rockville Police Departme,Injury Crash,02/16/2016 02:30:00 PM,Municipality,ROLLINS AVE,ROCKVILLE PIKE,SAME DIRECTION LEFT TURN,RAINING,WET,DAYLIGHT,,NONE DETECTED,Yes,NO APPARENT INJURY,LOOKED BUT DID NOT SEE,MD,PASSENGER CAR,25,2004,HOND,TK
MCP2536000M,16026728,Montgomery County Police,Property Damage Crash,05/29/2016 03:15:00 AM,Maryland (State),GEORGIA AVE,ARCOLA AVE,SAME DIR REAR END,CLEAR,DRY,DARK LIGHTS ON,TRAFFIC SIGNAL,ALCOHOL PRESENT,Yes,NO APPARENT INJURY,NOT DISTRACTED,MD,PASSENGER CAR,35,2008,NISSAN,ALTIMA
DD5642002B,210047070,Rockville Police Departme,Injury Crash,11/19/2021 06:01:00 PM,Municipality,E GUDE DR,NORBECK RD,STRAIGHT MOVEMENT ANGLE,CLEAR,DRY,DARK LIGHTS ON,,NONE DETECTED,Yes,SUSPECTED MINOR INJURY,UNKNOWN,MD,PASSENGER CAR,40,2012,HONDA,CIVIC
MCP22780027,180052845,Montgomery County Police,Property Damage Crash,10/22/2018 08:54:00 AM,Maryland (State),OLD GEORGETOWN RD,RYLAND DR,SAME DIR REAR END,CLEAR,DRY,,NO CONTROLS,NONE DETECTED,Yes,NO APPARENT INJURY,UNKNOWN,MD,PASSENGER CAR,35,2007,HOND,ODYSSEY
MCP3255006Y,250021842,MONTGOMERY,Property Damage Crash,05/17/2025 05:00:00 PM,Private Route,,THOMAS FARM RD,"Sideswipe, Same Direction",Clear,Dry,Daylight,No Controls,"Not Suspect of Alcohol Use, Not Suspect of Drug Use",No,No Apparent Injury,Not Distracted,MD,Passenger Car,25,2019,HYUNDAI,SANTA FE
MCP2516000L,15050260,MONTGOMERY,Injury Crash,10-04-15 14:01,County,BETHPAGE LA,BLAZER LA,OTHER,CLOUDY,DRY,DAYLIGHT,NO CONTROLS,NONE DETECTED,Yes,POSSIBLE INJURY,BY OTHER OCCUPANTS,MD,PASSENGER CAR,25,2001,LEXUS,ES300
MCP30780017,180020253,Montgomery County Police,Injury Crash,04/25/2018 02:44:00 PM,County,FAIRLAND RD,TAMARACK RD,SAME DIR REAR END,,DRY,DAYLIGHT,TRAFFIC SIGNAL,UNKNOWN,Yes,NO APPARENT INJURY,UNKNOWN,,UNKNOWN,40,0,UNKNOWN,UNKNOWN
MCP3020002K,180046943,Montgomery County Police,Property Damage Crash,09/19/2018 08:00:00 PM,,,,SAME DIR REAR END,CLOUDY,,UNKNOWN,NO CONTROLS,,Yes,NO APPARENT INJURY,NOT DISTRACTED,,(SPORT) UTILITY VEHICLE,15,2007,SATURN,OUTLOOK
MCP1210000Z,16010496,MONTGOMERY,Injury Crash,03-02-16 17:18,County,SHADY GROVE RD,RAMP 1 FR IS 270 NB TO SHADY GROVE RD WB,STRAIGHT MOVEMENT ANGLE,CLEAR,DRY,DAYLIGHT,TRAFFIC SIGNAL,NONE DETECTED,No,SUSPECTED MINOR INJURY,UNKNOWN,MD,PASSENGER CAR,40,2008,TOYOTA,CAMRY
MCP1453006F,180057301,Montgomery County Police,Injury Crash,11/15/2018 11:04:00 AM,Maryland (State),CLOPPER RD,END BRIDGE,OPPOSITE DIRECTION SIDESWIPE,SNOW,SNOW,DAYLIGHT,NO CONTROLS,NONE DETECTED,Yes,NO APPARENT INJURY,NOT DISTRACTED,MD,VAN,45,2006,DODGE,CARAVAN