Report Number,Local Case Number,Agency Name,ACRS Report Type,Crash Date/Time,Route Type,Road Name,Cross-Street Name,Collision Type,Weather,Surface Condition,Light,Traffic Control,Driver Substance Abuse,Driver At Fault,Injury Severity,Driver Distracted By,Drivers License State,Vehicle Body Type,Speed Limit,Vehicle Year,Vehicle Make,Vehicle Model
DM8374002J,190037903,Takoma Park Police Depart,Property Damage Crash,08-08-19 19:50,Maryland (State),UNIVERSITY BLVD E,PRINCE GEORGES CO/L,SAME DIR REAR END,CLEAR,DRY,DAWN,TRAFFIC SIGNAL,,No,NO APPARENT INJURY,NOT DISTRACTED,MD,PASSENGER CAR,10,2014,LEXUS,ES300
MCP24250075,16037978,Montgomery County Police,Property Damage Crash,07/27/2016 10:12:00 AM,Maryland (State),UNIVERSITY BLVD E,INDIAN SPRING DR,STRAIGHT MOVEMENT ANGLE,CLEAR,DRY,DAYLIGHT,NO CONTROLS,NONE DETECTED,Yes,NO APPARENT INJURY,NOT DISTRACTED,MD,PASSENGER CAR,40,1996,NISSAN,SENTRA
MCP3200006T,220050258,Montgomery County Police,Property Damage Crash,11/14/2022 10:51:00 AM,Maryland (State),CONNECTICUT AVE,RAMP 7 FR RAMP 2 (FR IS495) TO MD 185 SB,SAME DIR REAR END,CLEAR,DRY,DAYLIGHT,NO CONTROLS,NONE DETECTED,Yes,NO APPARENT INJURY,UNKNOWN,MD,(SPORT) UTILITY VEHICLE,35,2006,CADILLAC,ESCALADE
DM8478003D,250008564,TAKOMA,Property Damage Crash,02/26/2025 05:26:00 PM,Maryland (State) Route,NEW HAMPSHIRE AVE (SB/L),SLIGO CREEK PKWY,Angle,Clear,Dry,Dusk,Traffic Control Signal,"Not Suspect of Alcohol Use, Not Suspect of Drug Use",No,No Apparent Injury,Not Distracted,MD,Passenger Car,15,2007,HONDA,FIT
EJ7893003C,240051383,GAITHERSBURG,Injury Crash,10/26/2024 08:46:00 PM,Municipality Route,RUSSELL AVE (SB/L),MONTGOMERY VILLAGE AVE,Front to Front,Clear,Dry,Dark - Lighted,Traffic Control Signal,"Not Suspect of Alcohol Use, Not Suspect of Drug Use",Yes,No Apparent Injury,Not Distracted,MD,Passenger Car,35,2001,HONDA,CIVIC
DD5616001J,16065702,Rockville Police Departme,Property Damage Crash,12/22/2016 01:36:00 PM,Maryland (State),FIRST ST,VEIRS MILL RD,SAME DIR REAR END,CLEAR,DRY,DAYLIGHT,TRAFFIC SIGNAL,NONE DETECTED,No,NO APPARENT INJURY,NOT DISTRACTED,AL,PASSENGER CAR,40,2013,HYUN,4S
DM84760046,220042710,Takoma Park Police Depart,Property Damage Crash,09/30/2022 05:20:00 PM,Maryland (State),CARROLL AVE,MERRIMAC DR,SAME DIR REAR END,RAINING,WET,DAYLIGHT,,,No,NO APPARENT INJURY,NOT DISTRACTED,DC,PASSENGER CAR,35,2021,MAZDA,WG
MCP3126004B,230020795,Montgomery County Police,Property Damage Crash,05-01-23 15:10,County,SUNDOWN RD,ZION RD,HEAD ON,RAINING,WET,DAYLIGHT,NO CONTROLS,NONE DETECTED,No,NO APPARENT INJURY,NOT DISTRACTED,MD,PASSENGER CAR,40,2011,INFINITI,4S
MCP3403000S,240016776,MONTGOMERY,Property Damage Crash,04-10-24 23:56,Maryland (State) Route,NEW HAMPSHIRE AVE (SB/L),,Front to Rear,Clear,Dry,Dark - Lighted,No Controls,"Not Suspect of Alcohol Use, Not Suspect of Drug Use",Yes,No Apparent Injury,"Other Action (looking away from task, etc.)",MD,Passenger Car,35,2014,NISSAN,SENTRA
MCP29080022,17001303,Montgomery County Police,Property Damage Crash,01-08-17 14:48,US (State),COLESVILLE RD,TIMBERWOOD AVE,SAME DIR REAR END,CLEAR,DRY,DAYLIGHT,NO CONTROLS,NONE DETECTED,Yes,NO APPARENT INJURY,LOOKED BUT DID NOT SEE,MD,PASSENGER CAR,40,2008,HOND,TK
MCP2881003S,210031461,Montgomery County Police,Property Damage Crash,08/13/2021 11:30:00 AM,County,MIDDLEBROOK RD,FREDERICK RD,SAME DIRECTION SIDESWIPE,CLEAR,DRY,DAYLIGHT,,,No,NO APPARENT INJURY,NOT DISTRACTED,MD,PASSENGER CAR,10,1995,NISS,CP
MCP27230023,17006622,Montgomery County Police,Property Damage Crash,02-07-17 9:31,County,E RANDOLPH RD,CLIFTON DR,SAME DIR REAR END,CLEAR,DRY,DAYLIGHT,NO CONTROLS,,No,NO APPARENT INJURY,NOT DISTRACTED,VA,PASSENGER CAR,35,2010,HONDA,ACCORD
MCP2845009C,250006649,MONTGOMERY,Property Damage Crash,02/14/2025 12:11:00 PM,Maryland (State) Route,NEW HAMPSHIRE AVE (SB/L),,Front to Rear,Clear,Dry,Daylight,No Controls,"Not Suspect of Alcohol Use, Not Suspect of Drug Use",Yes,No Apparent Injury,"Other Action (looking away from task, etc.)",MD,Sport Utility Vehicle,40,2016,INFINITI,QX50
MCP32570082,250010964,MONTGOMERY,Property Damage Crash,03-12-25 16:00,County Route,,,"Sideswipe, Opposite Direction",Clear,Dry,Daylight,Traffic Control Signal,"Not Suspect of Alcohol Use, Not Suspect of Drug Use",No,No Apparent Injury,Not Distracted,MD,Station Wagon,20,2017,SUBARU,OUTBACK
DD562000BL,240028959,ROCKVILLE,Property Damage Crash,06/18/2024 11:50:00 AM,,,,Other,Clear,,Daylight,,"Not Suspect of Alcohol Use, Not Suspect of Drug Use",Yes,No Apparent Injury,Unknown,MD,Passenger Car,0,2016,INFINITI,QX60
MCP2674001S,200037601,Montgomery County Police,Property Damage Crash,09/24/2020 06:45:00 PM,Maryland (State),FREDERICK RD,SHAKESPEARE BLVD,HEAD ON LEFT TURN,CLEAR,DRY,DAYLIGHT,TRAFFIC SIGNAL,NONE DETECTED,Yes,NO APPARENT INJURY,NOT DISTRACTED,MD,PASSENGER CAR,40,2008,TOYT,4S
MCP23110014,15055902,MONTGOMERY,Injury Crash,11-03-15 5:35,Maryland (State),MONTGOMERY VILLAGE AVE,SPUR TO LOST KNIFE RD,STRAIGHT MOVEMENT ANGLE,CLEAR,DRY,DARK LIGHTS ON,TRAFFIC SIGNAL,NONE DETECTED,Yes,SUSPECTED MINOR INJURY,NOT DISTRACTED,MD,PASSENGER CAR,35,2012,NISS,4S
DD5508004H,180011544,Rockville Police Departme,Property Damage Crash,03-07-18 12:05,Maryland (State),DODGE ST,ROCKVILLE PIKE,OTHER,RAINING,WET,DAYLIGHT,TRAFFIC SIGNAL,NONE DETECTED,No,NO APPARENT INJURY,NOT DISTRACTED,MD,PASSENGER CAR,25,1999,CHEV,2S
MCP3259003S,230067853,Montgomery County Police,Property Damage Crash,11/22/2023 02:38:00 PM,,,,UNKNOWN,CLOUDY,,DAYLIGHT,NO CONTROLS,UNKNOWN,Yes,NO APPARENT INJURY,UNKNOWN,,VAN,0,2021,FORD,TRANSIT
MCP28550028,180019887,Montgomery County Police,Injury Crash,04/23/2018 04:11:00 PM,County,RANDOLPH RD,SPRING TREE DR,SAME DIR REAR END,CLEAR,DRY,DAYLIGHT,NO CONTROLS,NONE DETECTED,Yes,POSSIBLE INJURY,UNKNOWN,MD,PASSENGER CAR,45,2014,SUBA,SW
MCP2917008Q,210053089,Montgomery County Police,Injury Crash,12/29/2021 05:30:00 PM,Maryland (State),CONNECTICUT AVE,WELLER RD,HEAD ON LEFT TURN,CLEAR,DRY,DARK NO LIGHTS,TRAFFIC SIGNAL,NONE DETECTED,No,NO APPARENT INJURY,NOT DISTRACTED,MD,PASSENGER CAR,35,2016,SUBARU,WRX
MCP11480022,170550891,Montgomery County Police,Property Damage Crash,12/27/2017 01:43:00 PM,Maryland (State),MONTGOMERY AVE,PEARL ST,SAME DIRECTION SIDESWIPE,CLOUDY,DRY,DAYLIGHT,NO CONTROLS,NONE DETECTED,No,NO APPARENT INJURY,NOT DISTRACTED,DC,PASSENGER CAR,25,2007,TOYT,4DR
MCP2948000Y,17003150,Montgomery County Police,Property Damage Crash,01/18/2017 05:55:00 PM,,,,SAME DIRECTION SIDESWIPE,CLEAR,,DARK -- UNKNOWN LIGHTING,NO CONTROLS,NONE DETECTED,Unknown,NO APPARENT INJURY,NOT DISTRACTED,MD,TRANSIT BUS,10,2011,TBU,BUS
MCP32150028,210042655,Montgomery County Police,Injury Crash,10/23/2021 01:25:00 PM,County,NICHOLSON LA,HUFF CT,STRAIGHT MOVEMENT ANGLE,CLOUDY,DRY,DAYLIGHT,,NONE DETECTED,No,POSSIBLE INJURY,UNKNOWN,MD,PASSENGER CAR,30,2017,TOYOTA,COROLLA
MCP27080060,200001758,Montgomery County Police,Property Damage Crash,01-10-20 21:45,US (State),COLESVILLE RD,LORAIN AVE,SAME DIR REAR END,CLOUDY,WET,DARK LIGHTS ON,NO CONTROLS,NONE DETECTED,Yes,NO APPARENT INJURY,UNKNOWN,MD,(SPORT) UTILITY VEHICLE,35,2007,TOYOTA,RAV 4
DD5658001X,240004457,ROCKVILLE,Property Damage Crash,01/28/2024 12:53:00 PM,Municipality Route,,MEADOW HALL DR,Other,Rain,Wet,Daylight,No Controls,"Not Suspect of Alcohol Use, Not Suspect of Drug Use",No,No Apparent Injury,Unknown,MD,Passenger Car,15,2020,TOYOTA,CAMRY
MCP3126006B,250014723,MONTGOMERY,Property Damage Crash,04-04-25 15:00,Interstate (State),EISENHOWER MEMORIAL HWY,,Front to Rear,Clear,Dry,Daylight,No Controls,"Not Suspect of Alcohol Use, Not Suspect of Drug Use",Yes,No Apparent Injury,Unknown,PA,Passenger Car,55,2023,KIA,SOUL
MCP27600069,250002072,MONTGOMERY,Property Damage Crash,01/15/2025 08:30:00 PM,,,,Angle,Clear,,Dark - Lighted,,"Unknown, Unknown",No,,,,Passenger Car,0,2011,HONDA,ACCORD
DM8453001X,190033740,Takoma Park Police Depart,Property Damage Crash,07/16/2019 11:33:00 AM,,,,OTHER,CLEAR,,DAYLIGHT,NO CONTROLS,NONE DETECTED,Yes,NO APPARENT INJURY,UNKNOWN,VA,PASSENGER CAR,25,2000,TOYOTA,CAMRY
MCP33290049,250021688,MONTGOMERY,Property Damage Crash,05/16/2025 04:42:00 PM,US (State),COLUMBIA PIKE,,Front to Rear,Clear,Dry,Daylight,No Controls,"Not Suspect of Alcohol Use, Not Suspect of Drug Use",No,No Apparent Injury,Not Distracted,MD,Passenger Car,50,2024,TOYOTA,TACOMA
MCP2928001R,170506361,Montgomery County Police,Injury Crash,05-06-17 22:40,Maryland (State),COLESVILLE RD,16TH ST,STRAIGHT MOVEMENT ANGLE,CLEAR,WET,DARK LIGHTS ON,YIELD SIGN,NONE DETECTED,No,NO APPARENT INJURY,NOT DISTRACTED,MD,PASSENGER CAR,25,2011,TOYOTA,RAV 4
MCP22150015,200036371,Montgomery County Police,Injury Crash,09/16/2020 10:38:00 PM,County,FIELDCREST RD,OLNEY LAYTONSVILLE RD,HEAD ON LEFT TURN,CLEAR,DRY,DARK NO LIGHTS,TRAFFIC SIGNAL,NONE DETECTED,Yes,NO APPARENT INJURY,LOOKED BUT DID NOT SEE,MD,PASSENGER CAR,60,2017,FORD,4S
MCP2198005B,190014819,Montgomery County Police,Injury Crash,03/30/2019 09:01:00 PM,Maryland (State),FREDERICK RD,MONTGOMERY VILLAGE AVE,HEAD ON LEFT TURN,,DRY,DARK LIGHTS ON,TRAFFIC SIGNAL,,No,POSSIBLE INJURY,NOT DISTRACTED,MD,PASSENGER CAR,35,2013,HONDA,PILOT
MCP32120035,210050899,Montgomery County Police,Property Damage Crash,12/14/2021 09:25:00 PM,County,13TH ST,GEORGIA AVE,SAME DIRECTION SIDESWIPE,CLEAR,DRY,DARK LIGHTS ON,TRAFFIC SIGNAL,NONE DETECTED,Yes,NO APPARENT INJURY,LOOKED BUT DID NOT SEE,MD,POLICE VEHICLE/NON EMERGENCY,35,2018,DODGE,CHARGER
MCP9412000Z,190021297,Montgomery County Police,Property Damage Crash,05-06-19 12:44,Maryland (State),ROCKVILLE PIKE,EDSON LA,SAME DIRECTION RIGHT TURN,CLEAR,DRY,DAYLIGHT,TRAFFIC SIGNAL,NONE DETECTED,Yes,NO APPARENT INJURY,UNKNOWN,VA,"OTHER LIGHT TRUCKS (10,000LBS (4,536KG) OR LESS)",40,2018,VOLVO,DUMP TRK
MCP3040000C,17008854,Montgomery County Police,Property Damage Crash,02/18/2017 02:02:00 PM,Maryland (State),VEIRS MILL RD,SPUR TO & FR KENSINGTON BLVD,SAME DIRECTION LEFT TURN,CLEAR,DRY,DAYLIGHT,,UNKNOWN,Unknown,NO APPARENT INJURY,UNKNOWN,,,35,0,UNKNOWN,UNKNOWN
MCP2766001S,15053636,MONTGOMERY,Property Damage Crash,10/22/2015 04:11:00 PM,County,RANDOLPH RD,SELFRIDGE RD,SAME DIRECTION SIDESWIPE,CLEAR,DRY,DAYLIGHT,TRAFFIC SIGNAL,NONE DETECTED,No,NO APPARENT INJURY,NOT DISTRACTED,MD,SCHOOL BUS,35,2015,THOMAS,BUS
MCP2195003X,200006492,Montgomery County Police,Injury Crash,02-08-20 12:13,County,BRIARDALE RD,SHADY GROVE RD,SAME DIR REAR END,CLEAR,DRY,,,NONE DETECTED,Yes,NO APPARENT INJURY,OTHER DISTRACTION,MD,VAN,40,2006,TOYT,VN
MCP13090028,180058396,Montgomery County Police,Property Damage Crash,11/21/2018 11:43:00 AM,Interstate (State),EISENHOWER MEMORIAL HWY,MILE MARKER 21.0,SAME DIR REAR END,CLEAR,DRY,DAYLIGHT,NO CONTROLS,NONE DETECTED,No,NO APPARENT INJURY,NOT DISTRACTED,PA,(SPORT) UTILITY VEHICLE,55,2012,PORSCHE,SW
MCP9118004K,240029547,MONTGOMERY,Property Damage Crash,06/22/2024 01:59:00 AM,County Route,RANDOLPH RD,,Unknown,Clear,Dry,Dark - Not Lighted,Traffic Control Signal,"Unknown, Unknown",No,,,,Passenger Car,35,2011,MAZDA,MAZDA3
MCP2607005Q,210043394,Montgomery County Police,Property Damage Crash,10/27/2021 06:50:00 PM,Maryland (State),FREDERICK RD,SPUR TO SHADY GROVE RD,SAME DIR REAR END,CLEAR,DRY,DARK LIGHTS ON,YIELD SIGN,NONE DETECTED,No,NO APPARENT INJURY,UNKNOWN,MD,PASSENGER CAR,40,2020,CHEVY,BOLT
DD56430053,250009728,ROCKVILLE,Injury Crash,03-05-25 18:46,Ramp,RAMP 4 FR IS 270 NB TO MD 189 EB,,Front to Rear,Rain,Wet,Dark - Lighted,Yield Sign,"Not Suspect of Alcohol Use, Not Suspect of Drug Use",No,No Apparent Injury,Not Distracted,MD,Passenger Car,25,2023,TOYOTA,CAMRY
MCP2699000N,16009500,Montgomery County Police,Injury Crash,02/25/2016 09:46:00 PM,Maryland (State),FALLS RD,MONTROSE RD,HEAD ON LEFT TURN,CLEAR,DRY,DARK LIGHTS ON,TRAFFIC SIGNAL,NONE DETECTED,No,POSSIBLE INJURY,NOT DISTRACTED,MD,PASSENGER CAR,35,2010,INFINITI,G37X
MCP2728004P,170542779,Montgomery County Police,Property Damage Crash,11/14/2017 04:16:00 PM,Maryland (State),PINEY BRANCH RD,SLIGO CREEK PKWY,HEAD ON LEFT TURN,,DRY,DAYLIGHT,TRAFFIC SIGNAL,NONE DETECTED,Yes,NO APPARENT INJURY,LOOKED BUT DID NOT SEE,DC,PASSENGER CAR,35,2006,TOYOTA,VAN
MCP3249000B,200034227,Montgomery County Police,Injury Crash,09-01-20 16:03,County,FOREST GLEN RD,SUTHERLAND RD (AHEAD),HEAD ON,CLEAR,DRY,DAYLIGHT,NO CONTROLS,NONE DETECTED,No,NO APPARENT INJURY,NOT DISTRACTED,MD,PASSENGER CAR,30,2001,HONDA,ACCORD
MCP32070015,200038193,Montgomery County Police,Property Damage Crash,09/28/2020 08:30:00 PM,County,LOCKWOOD DR,DECEMBER DR,STRAIGHT MOVEMENT ANGLE,CLEAR,DRY,DARK LIGHTS ON,STOP SIGN,NONE DETECTED,No,NO APPARENT INJURY,NOT DISTRACTED,DC,PASSENGER CAR,10,2001,PONTIAC,GRAND AM
MCP3356000C,230024430,Montgomery County Police,Property Damage Crash,05/22/2023 01:34:00 AM,Maryland (State),CLOPPER RD,MATENY RD,SINGLE VEHICLE,CLEAR,DRY,DARK LIGHTS ON,FLASHING TRAFFIC SIGNAL,,Yes,NO APPARENT INJURY,NOT DISTRACTED,MD,PASSENGER CAR,35,2012,TOYOTA,CAMRY
HA23880010,21001211,Maryland-National Capital,Injury Crash,06/30/2021 07:01:00 AM,Maryland (State),INTERCOUNTY CONNECTOR,EXIT #10,SAME DIR REAR END,CLEAR,DRY,DAYLIGHT,,NONE DETECTED,No,POSSIBLE INJURY,NOT DISTRACTED,MD,POLICE VEHICLE/NON EMERGENCY,25,2017,FORD,EXPLORER
MCP22860071,250054728,MONTGOMERY,Property Damage Crash,12-07-25 12:50,County Route,,,Single Vehicle,Clear,Dry,Daylight,No Controls,"Not Suspect of Alcohol Use, Not Suspect of Drug Use",Yes,No Apparent Injury,"Manually Operating (dialing, playing game, etc.)",MD,Passenger Car,30,2018,MAZDA,MAZDA3
MCP2313000R,180018984,Montgomery County Police,Injury Crash,04/18/2018 05:37:00 PM,County,FALLS RD,ALLOWAY DR,SAME DIR REAR END,CLEAR,DRY,DAYLIGHT,NO CONTROLS,NONE DETECTED,Yes,NO APPARENT INJURY,NOT DISTRACTED,MD,PASSENGER CAR,35,2004,AUDI,A8
MCP285900K1,250047245,MONTGOMERY,Property Damage Crash,10/21/2025 09:00:00 AM,Private Route,,,Single Vehicle,Clear,Dry,Daylight,No Controls,"Not Suspect of Alcohol Use, Not Suspect of Drug Use",Yes,No Apparent Injury,Unknown,VA,Passenger Car,25,2018,MERCEDES-BENZ,CLA-CLASS
MCP2975000H,15031664,Montgomery County Police,Injury Crash,06/29/2015 10:08:00 PM,Maryland (State),GEORGIA AVE,PLYERS MILL RD,SAME DIRECTION SIDESWIPE,CLEAR,DRY,DARK NO LIGHTS,TRAFFIC SIGNAL,NONE DETECTED,No,NO APPARENT INJURY,NOT DISTRACTED,MD,PASSENGER CAR,35,2014,FORD,FOCUS
MCP3037001J,170543947,Montgomery County Police,Injury Crash,11/20/2017 05:55:00 PM,Maryland (State),FREDERICK RD,CLARKSBURG RD,SAME DIR REAR END,CLEAR,DRY,DARK LIGHTS ON,NO CONTROLS,UNKNOWN,Yes,NO APPARENT INJURY,UNKNOWN,MD,PASSENGER CAR,40,2013,VW,PASSAT
MCP2714000Q,180038881,Montgomery County Police,Injury Crash,08-05-18 16:02,County,VEIRS MILL RD,STRUC OV TURKEY BRANCH,SAME DIR REAR END,CLEAR,DRY,DAYLIGHT,FLASHING TRAFFIC SIGNAL,,Yes,NO APPARENT INJURY,NOT DISTRACTED,MD,PASSENGER CAR,45,2007,NISSAN,ALTIMA
MCP2965008K,240023072,MONTGOMERY,Property Damage Crash,05/16/2024 08:00:00 AM,County Route,ZION RD,,"Sideswipe, Opposite Direction",Clear,Dry,Daylight,No Controls,"Not Suspect of Alcohol Use, Not Suspect of Drug Use",Yes,No Apparent Injury,Unknown,MD,Passenger Car,30,1996,TOYOTA,COROLLA
MCP25880088,210002466,Montgomery County Police,Injury Crash,01/20/2021 11:57:00 AM,,,,HEAD ON,CLEAR,,DAYLIGHT,,,Yes,NO APPARENT INJURY,UNKNOWN,,PASSENGER CAR,25,2004,VOLVO,C70
MCP3246001D,220013483,Montgomery County Police,Property Damage Crash,03/29/2022 11:31:00 PM,County,PARK VISTA DR,HUNTER MOUNTAIN LA (PROP),OTHER,CLEAR,DRY,DARK LIGHTS ON,,NONE DETECTED,Yes,NO APPARENT INJURY,INATTENTIVE OR LOST IN THOUGHT,MD,PASSENGER CAR,25,2003,BMW,UT
EJ78690047,240054021,GAITHERSBURG,Property Damage Crash,11-10-24 16:59,Maryland (State) Route,FREDERICK RD (SB/L),,Angle,Rain,Wet,Dark - Lighted,Yield Sign,"Not Suspect of Alcohol Use, Not Suspect of Drug Use",No,No Apparent Injury,"Other Action (looking away from task, etc.)",MD,Sport Utility Vehicle,30,2022,TOYOTA,RAV4
MCP3105001K,180064006,Montgomery County Police,Property Damage Crash,12/22/2018 01:30:00 PM,,,,HEAD ON,CLEAR,,DAYLIGHT,,NONE DETECTED,Yes,NO APPARENT INJURY,NOT DISTRACTED,MD,POLICE VEHICLE/NON EMERGENCY,0,2010,CHEVROLET,IMPALA
MCP3030005G,230030762,Montgomery County Police,Property Damage Crash,06/27/2023 04:05:00 PM,Maryland (State),RIVER RD,BRAEBURN PKWY,SAME DIR REAR END,RAINING,WET,DAYLIGHT,TRAFFIC SIGNAL,,Yes,NO APPARENT INJURY,INATTENTIVE OR LOST IN THOUGHT,MD,PASSENGER CAR,35,2008,HOND,TK
MCP136600BK,210048792,Montgomery County Police,Injury Crash,12-01-21 17:02,County,CONNECTICUT AVE,GEORGIA AVE,STRAIGHT MOVEMENT ANGLE,CLOUDY,DRY,DARK LIGHTS ON,TRAFFIC SIGNAL,NONE DETECTED,Unknown,NO APPARENT INJURY,UNKNOWN,MD,PASSENGER CAR,35,2015,HYUN,4S
MCP2846001J,16004709,Montgomery County Police,Property Damage Crash,01/29/2016 10:10:00 AM,Maryland (State),GEORGIA AVE,ARCOLA AVE,SAME DIR REAR END,SNOW,WET,,NO CONTROLS,NONE DETECTED,No,NO APPARENT INJURY,NOT DISTRACTED,MD,PASSENGER CAR,40,2015,HYUN,4S
MCP29410059,240034690,MONTGOMERY,Injury Crash,07/23/2024 08:43:00 AM,County Route,,CENTERWAY CT STRAWBERRY KNOLL RD,Single Vehicle,Clear,Dry,Daylight,No Controls,"Not Suspect of Alcohol Use, Not Suspect of Drug Use",Yes,No Apparent Injury,Unknown,MD,Passenger Car,35,2019,NISSAN,SENTRA
MCP2869000L,15011584,Montgomery County Police,Property Damage Crash,03/13/2015 02:20:00 PM,,,,SAME DIR REAR END,CLEAR,,DAYLIGHT,NO CONTROLS,NONE DETECTED,Yes,NO APPARENT INJURY,NOT DISTRACTED,MD,PASSENGER CAR,15,0,MITS,ECLIPSE
MCP29400064,220046775,Montgomery County Police,Injury Crash,10/25/2022 09:00:00 AM,Interstate (State),EISENHOWER MEMORIAL HWY,CAPITAL BELTWAY,OTHER,CLOUDY,DRY,DAYLIGHT,,NONE DETECTED,Yes,NO APPARENT INJURY,LOOKED BUT DID NOT SEE,MD,"OTHER LIGHT TRUCKS (10,000LBS (4,536KG) OR LESS)",55,2005,FORD,ST
MCP31190032,210038214,Montgomery County Police,Injury Crash,09/27/2021 11:20:00 AM,County,WATKINS MILL RD,KINDLY CT,STRAIGHT MOVEMENT ANGLE,CLEAR,DRY,DAYLIGHT,STOP SIGN,NONE DETECTED,No,POSSIBLE INJURY,NOT DISTRACTED,MD,PASSENGER CAR,30,2003,GMC,TK
MCP3190000Q,190024420,Montgomery County Police,Property Damage Crash,05/22/2019 06:00:00 PM,Maryland (State),GEORGIA AVE,CONNECTICUT AVE,OTHER,CLEAR,DRY,DAYLIGHT,TRAFFIC SIGNAL,NONE DETECTED,No,NO APPARENT INJURY,NOT DISTRACTED,MD,PASSENGER CAR,50,2003,HONDA,ODYSSEY
MCP30060061,200051173,Montgomery County Police,Property Damage Crash,12/29/2020 10:25:00 AM,Maryland (State),GEORGIA AVE,RANDOLPH RD,SAME DIRECTION SIDESWIPE,CLEAR,DRY,DAYLIGHT,TRAFFIC SIGNAL,UNKNOWN,Unknown,NO APPARENT INJURY,UNKNOWN,MD,PASSENGER CAR,25,2012,LEXUS,ES350
MCP32940019,230006837,Montgomery County Police,Property Damage Crash,02-10-23 15:00,County,MONTGOMERY VILLAGE AVE,CENTERWAY RD,SAME DIR REAR END,CLEAR,DRY,DAYLIGHT,,NONE DETECTED,No,NO APPARENT INJURY,NOT DISTRACTED,MD,PASSENGER CAR,35,2020,NISSAN,4S
DD5538004Y,250000688,ROCKVILLE,Property Damage Crash,01-06-25 6:08,Municipality Route,HALPINE RD,ROCKVILLE PIKE (SB/L),Angle,Blowing Snow,Snow,Dark - Lighted,Traffic Control Signal,"Not Suspect of Alcohol Use, Not Suspect of Drug Use",Yes,No Apparent Injury,Not Distracted,MD,Passenger Car,35,2012,TOYOTA,CAMRY
MCP3377002B,240045812,MONTGOMERY,Injury Crash,09/25/2024 05:32:00 PM,Private Route,,EDSON LA ROCKVILLE PIKE,Single Vehicle,Clear,Wet,Other,Traffic Control Signal,"Not Suspect of Alcohol Use, Not Suspect of Drug Use",No,No Apparent Injury,Unknown,MD,Passenger Car,35,2015,HONDA,PILOT
MCP241100F4,240052632,MONTGOMERY,Injury Crash,11-02-24 10:39,Municipality Route,LINTHICUM ST,,Angle,Clear,Dry,Daylight,No Controls,"Not Suspect of Alcohol Use, Not Suspect of Drug Use",No,Possible Injury,Not Distracted,MD,Sport Utility Vehicle,25,2019,HYUNDAI,SANTA FE
DD5606003R,16056078,Rockville Police Departme,Injury Crash,10/31/2016 03:03:00 PM,Municipality,E MIDDLE LA,MONROE ST,STRAIGHT MOVEMENT ANGLE,CLEAR,DRY,DAYLIGHT,NO CONTROLS,NONE DETECTED,No,NO APPARENT INJURY,NOT DISTRACTED,MD,PASSENGER CAR,25,2014,NISS,4S
MCP268900B4,240005279,MONTGOMERY,Property Damage Crash,02-01-24 15:15,,,,Single Vehicle,Clear,,Daylight,,"Not Suspect of Alcohol Use, Not Suspect of Drug Use",Yes,No Apparent Injury,Not Distracted,MD,Passenger Car,0,2015,FORD,TAURUS
MCP3117003J,210051036,Montgomery County Police,Property Damage Crash,12/15/2021 05:35:00 PM,County,AVERY RD,SOUTHLAWN LA,SINGLE VEHICLE,CLEAR,DRY,DARK NO LIGHTS,,,Yes,NO APPARENT INJURY,LOOKED BUT DID NOT SEE,MD,PASSENGER CAR,25,2020,TOYOTA,HIGHLANDER
MCP3035002W,210019127,Montgomery County Police,Injury Crash,05/21/2021 03:41:00 AM,Maryland (State),MONTGOMERY VILLAGE AVE,CHRISTOPHER AVE,STRAIGHT MOVEMENT ANGLE,CLEAR,DRY,DARK LIGHTS ON,FLASHING TRAFFIC SIGNAL,NONE DETECTED,Yes,SUSPECTED MINOR INJURY,INATTENTIVE OR LOST IN THOUGHT,WY,PASSENGER CAR,35,2017,HOND,PILOT
MCP12210028,16025752,Montgomery County Police,Property Damage Crash,05/24/2016 08:33:00 AM,Maryland (State),QUINCE ORCHARD RD,SPUR FR MD 355,SAME DIR REAR END,CLEAR,DRY,DAYLIGHT,NO CONTROLS,NONE DETECTED,No,NO APPARENT INJURY,NOT DISTRACTED,MD,PASSENGER CAR,35,2009,TOYOTA,4S
MCP27760021,170530684,Montgomery County Police,Property Damage Crash,09/15/2017 01:04:00 AM,County,EMORY LA,PINETREE RD,SINGLE VEHICLE,CLEAR,DRY,DARK LIGHTS ON,NO CONTROLS,ALCOHOL CONTRIBUTED,Yes,NO APPARENT INJURY,OTHER DISTRACTION,MD,PASSENGER CAR,30,2005,KIA,AMANTI
MCP2931008F,250043855,MONTGOMERY,Property Damage Crash,09/29/2025 07:25:00 PM,,,,Single Vehicle,Clear,,Dark - Lighted,,"Not Suspect of Alcohol Use, Not Suspect of Drug Use",Yes,No Apparent Injury,Not Distracted,MD,Passenger Car,0,2010,HONDA,CR-V