Report Number,Local Case Number,Agency Name,ACRS Report Type,Crash Date/Time,Route Type,Road Name,Cross-Street Name,Collision Type,Weather,Surface Condition,Light,Traffic Control,Driver Substance Abuse,Driver At Fault,Injury Severity,Driver Distracted By,Drivers License State,Vehicle Body Type,Speed Limit,Vehicle Year,Vehicle Make,Vehicle Model
MCP2686001K,16061547,Montgomery County Police,Property Damage Crash,11/30/2016 07:12:00 PM,County,MIDDLEBROOK RD,GERMANTOWN RD,SAME DIR REAR END,RAINING,WET,DARK LIGHTS ON,TRAFFIC SIGNAL,ILLEGAL DRUG PRESENT,Yes,NO APPARENT INJURY,NOT DISTRACTED,MD,PASSENGER CAR,40,2016,VW,JETTA
MCP3091000S,180021887,Montgomery County Police,Property Damage Crash,05-04-18 12:03,County,SHADY GROVE RD,MT PLEASANT AVE,STRAIGHT MOVEMENT ANGLE,CLEAR,DRY,DAYLIGHT,TRAFFIC SIGNAL,,No,NO APPARENT INJURY,NOT DISTRACTED,MD,PASSENGER CAR,25,2016,HYUNDAI,SONATA
MCP09730007,15035363,MONTGOMERY,Property Damage Crash,07/18/2015 11:29:00 AM,County,WOODMONT AVE,NORFOLK AVE,SAME DIR REAR END,CLOUDY,WET,DAYLIGHT,TRAFFIC SIGNAL,NONE DETECTED,Yes,NO APPARENT INJURY,NOT DISTRACTED,MD,POLICE VEHICLE/NON EMERGENCY,25,2014,FORD,SUV
MCP27320015,240051927,MONTGOMERY,Injury Crash,10/30/2024 06:34:00 AM,County Route,BRIGHTON DAM RD,,Front to Rear,Clear,Dry,Dark - Not Lighted,No Controls,"Not Suspect of Alcohol Use, Not Suspect of Drug Use",No,Suspected Minor Injury,Not Distracted,MD,Passenger Car,40,2022,VOLKSWAGEN,JETTA GLI
MCP3010006B,210046961,Montgomery County Police,Property Damage Crash,11/19/2021 08:22:00 AM,,,,OTHER,CLEAR,,DAYLIGHT,NO CONTROLS,,No,NO APPARENT INJURY,NOT DISTRACTED,MD,PASSENGER CAR,15,2020,BMW,X3
MCP2039001Q,16031755,Montgomery County Police,Injury Crash,06/23/2016 02:35:00 PM,County,ASPEN HILL RD,CONNECTICUT AVE,STRAIGHT MOVEMENT ANGLE,CLOUDY,DRY,DAYLIGHT,NO CONTROLS,,No,POSSIBLE INJURY,NOT DISTRACTED,MD,PASSENGER CAR,25,2015,TOYOTA,COROLLA
MCP3211001Y,200046607,Montgomery County Police,Property Damage Crash,11/25/2020 04:33:00 PM,Interstate (State),CAPITAL BELTWAY,EXIT #35,SAME DIR REAR END,CLEAR,DRY,DAYLIGHT,NO CONTROLS,NONE DETECTED,No,NO APPARENT INJURY,NOT DISTRACTED,MD,PASSENGER CAR,55,2004,JEEP,GRAND CHEROKEE
MCP13780164,230060921,Montgomery County Police,Injury Crash,10/16/2023 06:47:00 PM,Maryland (State),FREDERICK RD,WATKINS MILL RD,STRAIGHT MOVEMENT ANGLE,CLOUDY,DRY,DARK LIGHTS ON,TRAFFIC SIGNAL,NONE DETECTED,No,NO APPARENT INJURY,NOT DISTRACTED,MD,(SPORT) UTILITY VEHICLE,40,2016,ACUR,RDX
MCP2539000V,170504607,Montgomery County Police,Property Damage Crash,04/27/2017 09:52:00 PM,Maryland (State),WISCONSIN AVE,HAMPDEN LA,SAME DIR REAR END,CLEAR,DRY,DARK LIGHTS ON,NO CONTROLS,NONE DETECTED,No,NO APPARENT INJURY,NOT DISTRACTED,MD,PASSENGER CAR,25,2015,TOYOTA,PRIUS
MCP3136003Y,200041567,Montgomery County Police,Property Damage Crash,10/21/2020 04:07:00 PM,Maryland (State),PINEY BRANCH RD,GARLAND AVE,SAME DIR REAR END,CLEAR,DRY,DAYLIGHT,NO CONTROLS,NONE DETECTED,Yes,NO APPARENT INJURY,NOT DISTRACTED,DC,PASSENGER CAR,30,2005,HYUNDAI,ELANTRA
MCP2635006W,210034868,Montgomery County Police,Injury Crash,09-05-21 17:21,Maryland (State),MUNCASTER MILL RD,SYCAMORE LA,STRAIGHT MOVEMENT ANGLE,RAINING,WET,DAYLIGHT,STOP SIGN,,No,SUSPECTED MINOR INJURY,NOT DISTRACTED,MD,VAN,40,2011,KIA,SEDONA
MCP3387001S,240050665,MONTGOMERY,Property Damage Crash,10/23/2024 08:01:00 AM,Maryland (State) Route,E RANDOLPH RD,,Front to Rear,Clear,Dry,Daylight,No Controls,"Not Suspect of Alcohol Use, Not Suspect of Drug Use",Yes,No Apparent Injury,Not Distracted,MD,Passenger Car,35,2013,FORD,EXPLORER
MCP26510049,210012551,Montgomery County Police,Property Damage Crash,04-04-21 13:10,Maryland (State),NEW HAMPSHIRE AVE,RAMP 4 FR MD 650 NB TO IS 495 EB,SAME DIR REAR END,CLEAR,DRY,DAYLIGHT,,,No,NO APPARENT INJURY,NOT DISTRACTED,VA,(SPORT) UTILITY VEHICLE,40,2019,VOLKS,SUV
MCP1182003D,210002964,Montgomery County Police,Injury Crash,01/24/2021 07:53:00 AM,County,GREENTREE RD,GRANT ST,STRAIGHT MOVEMENT ANGLE,CLEAR,DRY,DAYLIGHT,STOP SIGN,NONE DETECTED,No,SUSPECTED MINOR INJURY,NOT DISTRACTED,DC,(SPORT) UTILITY VEHICLE,35,1999,CHEVROLET,TAHOE
MCP3127002T,240001814,MONTGOMERY,Property Damage Crash,01-11-24 1:15,County Route,JONES BRIDGE RD,LYNBROOK DR,Single Vehicle,Clear,Dry,Dark - Lighted,No Controls,"Not Suspect of Alcohol Use, Not Suspect of Drug Use",Yes,No Apparent Injury,Unknown,MD,Sport Utility Vehicle,35,2020,JEEP,GRAND CHEROKEE
MCP1048003B,180006893,Montgomery County Police,Property Damage Crash,02-09-18 14:47,County,CRABBS BRANCH WAY,STANDISH PL,STRAIGHT MOVEMENT ANGLE,CLEAR,DRY,DAYLIGHT,STOP SIGN,NONE DETECTED,Yes,NO APPARENT INJURY,UNKNOWN,MD,(SPORT) UTILITY VEHICLE,35,2013,HOND,TK
MCP1366007F,180013160,Montgomery County Police,Property Damage Crash,03/16/2018 09:16:00 AM,Maryland (State),FIRST ST,BALTIMORE RD,SAME DIR REAR END,CLEAR,DRY,DAYLIGHT,TRAFFIC SIGNAL,NONE DETECTED,Yes,NO APPARENT INJURY,DISTRACTED BY OUTSIDE PERSON OBJECT OR EVENT,MD,(SPORT) UTILITY VEHICLE,50,2015,FORD,ESCAPE
MCP9379005D,250013332,MONTGOMERY,Injury Crash,03/27/2025 06:30:00 AM,County Route,CRABBS BRANCH WAY,SHADY GROVE RD,Single Vehicle,Clear,Dry,Dark - Lighted,Traffic Control Signal,"Unknown, Unknown",No,,,,Passenger Car,35,0,,
EJ7884003Z,220006614,Gaithersburg Police Depar,Property Damage Crash,02/15/2022 03:45:00 PM,,,,HEAD ON LEFT TURN,CLEAR,,DAYLIGHT,NO CONTROLS,,Yes,NO APPARENT INJURY,NOT DISTRACTED,MD,PASSENGER CAR,10,2009,AUDI,A4
MCP30210084,250020855,MONTGOMERY,Injury Crash,05-12-25 6:20,US (State),COLUMBIA PIKE (SB/L),,Front to Rear,Clear,Dry,Daylight,No Controls,"Not Suspect of Alcohol Use, Not Suspect of Drug Use",No,Possible Injury,Not Distracted,MD,Passenger Car,50,2017,NISSAN,MURANO
MCP1417004V,16012957,MONTGOMERY,Property Damage Crash,03/16/2016 01:11:00 PM,Maryland (State),FREDERICK RD,WATKINS MILL RD,SAME DIRECTION RIGHT TURN,CLEAR,DRY,DAYLIGHT,TRAFFIC SIGNAL,NONE DETECTED,No,NO APPARENT INJURY,NOT DISTRACTED,MD,PASSENGER CAR,45,2007,MAZDA,MAZDA 3
MCP2861006Q,250015856,MONTGOMERY,Property Damage Crash,04-11-25 17:40,County Route,MONTROSE PKWY,,Single Vehicle,Rain,Wet,Daylight,No Controls,"Not Suspect of Alcohol Use, Not Suspect of Drug Use",Yes,No Apparent Injury,Not Distracted,MD,Passenger Car,35,2008,TOYOTA,COROLLA
MCP3012001Q,17010428,Montgomery County Police,Property Damage Crash,02/27/2017 07:29:00 AM,County,NORBECK RD,FIRESTONE DR,SAME DIR REAR END,CLEAR,DRY,DAYLIGHT,NO CONTROLS,NONE DETECTED,No,NO APPARENT INJURY,NOT DISTRACTED,MD,(SPORT) UTILITY VEHICLE,45,2006,HONDA,CRV
MCP3037002K,190013319,Montgomery County Police,Injury Crash,03/22/2019 08:38:00 PM,County,WATKINS MILL RD,WAYFARER RD,STRAIGHT MOVEMENT ANGLE,SEVERE WINDS,DRY,DARK NO LIGHTS,,ALCOHOL PRESENT,Yes,NO APPARENT INJURY,UNKNOWN,MD,(SPORT) UTILITY VEHICLE,40,2003,FORD,EXPLORER
MCP28480070,180030778,Montgomery County Police,Injury Crash,06/22/2018 08:05:00 AM,County,EXECUTIVE BLVD,E JEFFERSON ST (AHEAD),SAME DIRECTION LEFT TURN,RAINING,WET,DAYLIGHT,TRAFFIC SIGNAL,NONE DETECTED,Yes,NO APPARENT INJURY,LOOKED BUT DID NOT SEE,MD,PASSENGER CAR,30,2015,HONDA,ODYSSEY
DD5638000X,190050984,Rockville Police Departme,Injury Crash,10/23/2019 07:00:00 PM,Municipality,LOFSTRAND LA,TAFT ST,STRAIGHT MOVEMENT ANGLE,CLEAR,DRY,DARK LIGHTS ON,STOP SIGN,,No,NO APPARENT INJURY,NOT DISTRACTED,MD,PASSENGER CAR,25,1996,HONDA,ACCORD
MCP26510023,180020201,Montgomery County Police,Injury Crash,04/25/2018 09:34:00 AM,County,POWDER MILL RD,ENT TO HILLANDALE SHOPPING CENTER,STRAIGHT MOVEMENT ANGLE,RAINING,WET,DAYLIGHT,,,Yes,NO APPARENT INJURY,NOT DISTRACTED,MD,PASSENGER CAR,35,2016,CHRYSLER,200
MCP2739001Z,180056670,Montgomery County Police,Injury Crash,11-12-18 1:05,Maryland (State),NEW HAMPSHIRE AVE,OAKVIEW DR,STRAIGHT MOVEMENT ANGLE,CLEAR,DRY,DARK LIGHTS ON,TRAFFIC SIGNAL,ALCOHOL PRESENT,Yes,SUSPECTED MINOR INJURY,UNKNOWN,MD,(SPORT) UTILITY VEHICLE,40,2018,TOYT,HIGHLANDER
DM8376000P,190020673,Takoma Park Police Depart,Injury Crash,05-02-19 18:14,Maryland (State),NEW HAMPSHIRE AVE,ETHAN ALLEN AVE,HEAD ON,CLEAR,DRY,DAYLIGHT,TRAFFIC SIGNAL,,No,POSSIBLE INJURY,NOT DISTRACTED,MD,(SPORT) UTILITY VEHICLE,35,2007,TOYT,TK
MCP2809003K,16045726,Montgomery County Police,Property Damage Crash,09-07-16 9:21,,,,OTHER,CLEAR,,DAYLIGHT,NO CONTROLS,,No,NO APPARENT INJURY,NOT DISTRACTED,MD,PASSENGER CAR,30,2012,NISSAN,VERSA
MCP2590000T,15064596,MONTGOMERY,Property Damage Crash,12/18/2015 09:57:00 PM,,,,OTHER,,,DARK LIGHTS ON,NO CONTROLS,ALCOHOL PRESENT,Yes,NO APPARENT INJURY,UNKNOWN,,(SPORT) UTILITY VEHICLE,15,2006,HYUNDAI,SANTA FE
MCP3436000N,250026574,MONTGOMERY,Injury Crash,06/14/2025 04:10:00 PM,Maryland (State) Route,NEW HAMPSHIRE AVE (SB/L),,Angle,Clear,Dry,Daylight,No Controls,"Not Suspect of Alcohol Use, Not Suspect of Drug Use",Yes,No Apparent Injury,Not Distracted,MD,Passenger Car,45,2021,TOYOTA,RAV4
MCP2675002W,210013459,Montgomery County Police,Property Damage Crash,04-10-21 22:34,Maryland (State),NORBECK RD,BALTIMORE RD,SINGLE VEHICLE,CLEAR,DRY,DARK LIGHTS ON,TRAFFIC SIGNAL,UNKNOWN,Yes,NO APPARENT INJURY,UNKNOWN,,PASSENGER CAR,35,2016,CHEV,MALIBU
MCP2908001M,16021822,Montgomery County Police,Injury Crash,05-03-16 13:13,Maryland (State),NEW HAMPSHIRE AVE,POWDER MILL RD,ANGLE MEETS LEFT TURN,CLEAR,DRY,DAYLIGHT,TRAFFIC SIGNAL,NONE DETECTED,No,SUSPECTED MINOR INJURY,NOT DISTRACTED,MD,PASSENGER CAR,40,2001,TOYOTA,CAMRY
MCP2761002X,210043734,Montgomery County Police,Injury Crash,10/29/2021 06:57:00 PM,County,WISTERIA DR,WATERS RD,STRAIGHT MOVEMENT ANGLE,RAINING,WET,DARK LIGHTS ON,NO CONTROLS,NONE DETECTED,No,POSSIBLE INJURY,NOT DISTRACTED,MD,(SPORT) UTILITY VEHICLE,30,2021,VOLK,ATLAS
MCP3006002R,180018503,Montgomery County Police,Property Damage Crash,04/16/2018 10:10:00 AM,County,KEMP MILL RD,OLD RANDOLPH RD,ANGLE MEETS LEFT HEAD ON,RAINING,WET,DAYLIGHT,STOP SIGN,NONE DETECTED,No,NO APPARENT INJURY,NOT DISTRACTED,MD,PASSENGER CAR,35,2013,TOYOTA,COROLLA
MCP28680023,16049540,Montgomery County Police,Injury Crash,09/26/2016 04:56:00 PM,Maryland (State),MONTGOMERY AVE,PEARL ST,SAME DIRECTION LEFT TURN,CLOUDY,DRY,DAYLIGHT,TRAFFIC SIGNAL,NONE DETECTED,No,NO APPARENT INJURY,NOT DISTRACTED,MD,VAN,30,2009,DODGE,VAN
MCP15720008,230003397,Montgomery County Police,Injury Crash,01/21/2023 04:44:00 AM,Maryland (State),FISHER AVE,WOOTTON AVE,SINGLE VEHICLE,CLOUDY,DRY,DARK LIGHTS ON,,ALCOHOL PRESENT,Yes,NO APPARENT INJURY,NOT DISTRACTED,MD,"OTHER LIGHT TRUCKS (10,000LBS (4,536KG) OR LESS)",30,2015,ACURA,MDX
MCP2798004H,210036704,Montgomery County Police,Property Damage Crash,09/17/2021 04:08:00 PM,County,WARING STATION RD,WINDING CREEK WAY,STRAIGHT MOVEMENT ANGLE,CLEAR,DRY,DAYLIGHT,STOP SIGN,NONE DETECTED,Yes,NO APPARENT INJURY,LOOKED BUT DID NOT SEE,MD,PASSENGER CAR,30,2010,HYUN,4D
MCP3040002G,180040832,Montgomery County Police,Injury Crash,08/16/2018 09:00:00 PM,Maryland (State),OLNEY SANDY SPRING RD,OLD BALTIMORE RD,SAME DIR REAR END,,DRY,DARK LIGHTS ON,TRAFFIC SIGNAL,,Yes,NO APPARENT INJURY,OTHER DISTRACTION,MD,PASSENGER CAR,35,2007,GMC,SU
MCP3125001B,190011492,Montgomery County Police,Injury Crash,03-12-19 18:03,County,TURKEY FOOT RD,DARNESTOWN RD,SINGLE VEHICLE,,WET,DAYLIGHT,,,Yes,SUSPECTED MINOR INJURY,NOT DISTRACTED,MD,MOTORCYCLE,30,2018,YAMAHA,MOTORCYCLE
MCP2469000P,16001102,Montgomery County Police,Property Damage Crash,01-07-16 7:50,US (State),COLUMBIA PIKE,GREENCASTLE RD,SAME DIR REAR END,CLEAR,DRY,DAYLIGHT,NO CONTROLS,NONE DETECTED,No,NO APPARENT INJURY,NOT DISTRACTED,MD,PASSENGER CAR,55,2013,BMW,528I
MCP2714001X,200039950,Montgomery County Police,Property Damage Crash,10-10-20 17:00,County,PARKLAWN DR,BRAXFIELD CT,SAME DIRECTION SIDESWIPE,CLEAR,DRY,DAYLIGHT,NO CONTROLS,,No,NO APPARENT INJURY,NOT DISTRACTED,MD,PASSENGER CAR,35,2020,FORD,FUSION
MCP2898003N,230001234,Montgomery County Police,Injury Crash,01-08-23 20:00,County,RIDGE RD,OBSERVATION DR,SAME DIRECTION SIDESWIPE,CLEAR,DRY,DARK LIGHTS ON,TRAFFIC SIGNAL,,No,POSSIBLE INJURY,NOT DISTRACTED,MD,PASSENGER CAR,40,2014,NISS,4S
MCP2247001M,170506131,Montgomery County Police,Property Damage Crash,04/23/2017 06:00:00 PM,,,,OTHER,,,DAYLIGHT,NO CONTROLS,,No,NO APPARENT INJURY,NOT DISTRACTED,MD,PICKUP TRUCK,15,2003,CHEVROLET,SILVERADO
MCP3299004D,250014108,MONTGOMERY,Property Damage Crash,04-01-25 8:10,Maryland (State) Route,OLNEY SANDY SPRING RD,,Front to Rear,Clear,Dry,Daylight,Traffic Control Signal,"Not Suspect of Alcohol Use, Not Suspect of Drug Use",Yes,No Apparent Injury,Unknown,MD,Passenger Car,30,2017,JAGUAR,F-PACE
MCP271700SS,200041576,Montgomery County Police,Injury Crash,10/21/2020 04:10:00 PM,Maryland (State),BRADLEY BLVD,AUDUBON RD,SAME DIR REAR END,CLEAR,DRY,DAYLIGHT,NO CONTROLS,NONE DETECTED,No,NO APPARENT INJURY,NOT DISTRACTED,MD,(SPORT) UTILITY VEHICLE,25,2020,AUDI,Q7
MCP137800RG,190032804,Montgomery County Police,Injury Crash,07-10-19 18:25,Maryland (State),WOODFIELD RD,FIELDCREST RD,STRAIGHT MOVEMENT ANGLE,CLEAR,DRY,DAYLIGHT,TRAFFIC SIGNAL,NONE DETECTED,No,POSSIBLE INJURY,NOT DISTRACTED,MD,(SPORT) UTILITY VEHICLE,45,2015,GMC,TERRAIN
EJ7888007P,250007242,GAITHERSBURG,Injury Crash,02/18/2025 05:30:00 PM,,,,Single Vehicle,Clear,,Dusk,,"Not Suspect of Alcohol Use, Not Suspect of Drug Use",No,No Apparent Injury,Unknown,MD,Passenger Car,0,2019,CHEVROLET,EXPRESS
MCP1433000V,17006012,Montgomery County Police,Property Damage Crash,02-03-17 17:46,Maryland (State),FREDERICK RD,SHADY GROVE RD,SAME DIR REAR END,CLEAR,DRY,DARK LIGHTS ON,TRAFFIC SIGNAL,UNKNOWN,Yes,NO APPARENT INJURY,LOOKED BUT DID NOT SEE,,PASSENGER CAR,40,2008,HYUNDAI,SONATA
MCP91300024,16019126,Montgomery County Police,Property Damage Crash,04/19/2016 06:47:00 AM,Maryland (State),UNIVERSITY BLVD E,SEEK LA,SAME DIRECTION RIGHT TURN,CLEAR,DRY,DAYLIGHT,NO CONTROLS,NONE DETECTED,Yes,NO APPARENT INJURY,OTHER DISTRACTION,MD,PASSENGER CAR,40,2016,HONDA,CIVIC
MCP2425008K,17003360,Montgomery County Police,Injury Crash,01/19/2017 07:46:00 PM,County,E WAYNE AVE,MANCHESTER RD,HEAD ON,CLEAR,DRY,DARK LIGHTS ON,NO CONTROLS,ALCOHOL PRESENT,Yes,POSSIBLE INJURY,UNKNOWN,MD,PASSENGER CAR,30,2007,NISSAN,MURANO
MCP301000CL,250054008,MONTGOMERY,Property Damage Crash,12-03-25 7:40,Maryland (State) Route,CONNECTICUT AVE,CONCORD ST,"Sideswipe, Same Direction",Clear,Dry,Daylight,No Controls,"Not Suspect of Alcohol Use, Not Suspect of Drug Use",No,No Apparent Injury,Not Distracted,MD,Station Wagon,35,2017,CHEVROLET,EXPRESS
MCP3168007G,240057382,MONTGOMERY,Property Damage Crash,11/30/2024 06:48:00 PM,Maryland (State) Route,VEIRS MILL RD,,Front to Rear,Clear,Dry,Dark - Lighted,Traffic Control Signal,"Not Suspect of Alcohol Use, Not Suspect of Drug Use",No,No Apparent Injury,Not Distracted,MD,Sport Utility Vehicle,35,2015,TOYOTA,RAV4
MCP1235003S,220003220,Montgomery County Police,Property Damage Crash,01/25/2022 05:27:00 PM,US (State),COLESVILLE RD,LORAIN AVE,STRAIGHT MOVEMENT ANGLE,CLEAR,DRY,DARK LIGHTS ON,NO CONTROLS,NONE DETECTED,Yes,NO APPARENT INJURY,NOT DISTRACTED,MD,VAN,25,2021,FORD,TRANSIT 250
DD5648002Q,240007103,ROCKVILLE,Property Damage Crash,02/13/2024 07:38:00 AM,Municipality Route,ROTHGEB DR,E GUDE DR,Front to Rear,Freezing Rain Or Freezing Drizzle,Slush,Daylight,Traffic Control Signal,"Not Suspect of Alcohol Use, Not Suspect of Drug Use",No,No Apparent Injury,Not Distracted,MD,Passenger Car,35,2019,JEEP,CHEROKEE
MCP1151005D,16052817,Montgomery County Police,Injury Crash,10/14/2016 11:30:00 AM,Maryland (State),GREAT SENECA HWY,DAIRYMAID DR,STRAIGHT MOVEMENT ANGLE,CLEAR,DRY,DAYLIGHT,STOP SIGN,NONE DETECTED,No,NO APPARENT INJURY,NOT DISTRACTED,MD,PASSENGER CAR,45,1995,STRN,SL2
MCP3350004G,250040090,MONTGOMERY,Property Damage Crash,09-07-25 4:30,Interstate (State),EISENHOWER MEMORIAL HWY,,Front to Rear,Clear,Dry,Dark - Not Lighted,No Controls,"Suspect of Alcohol Use, Not Suspect of Drug Use",Yes,No Apparent Injury,Unknown,MD,Passenger Car,55,2014,TOYOTA,CAMRY
MCP1121002X,170527616,Montgomery County Police,Property Damage Crash,08/29/2017 06:06:00 PM,County,AIRPARK RD,MUNCASTER MILL RD,SINGLE VEHICLE,CLOUDY,UNKNOWN,DAYLIGHT,NO CONTROLS,NONE DETECTED,Yes,NO APPARENT INJURY,NOT DISTRACTED,MD,PICKUP TRUCK,50,2016,FORD,F150
DD5653004H,250006688,ROCKVILLE,Injury Crash,02/14/2025 04:02:00 PM,Crossover,,HALPINE RD (EB/L),Single Vehicle,Clear,Dry,Daylight,Traffic Control Signal,"Not Suspect of Alcohol Use, Not Suspect of Drug Use",No,No Apparent Injury,Unknown,MD,Sport Utility Vehicle,25,2014,HONDA,CR-V
MCP24380042,260000351,MONTGOMERY,Property Damage Crash,01-03-26 13:28,Maryland (State) Route,,KINGSVIEW RD,"Sideswipe, Same Direction",Cloudy,Dry,Daylight,Traffic Control Signal,"Not Suspect of Alcohol Use, Not Suspect of Drug Use",Yes,No Apparent Injury,Unknown,MD,Passenger Car,35,2022,SUBARU,OUTBACK
EJ7847000V,15008084,Gaithersburg Police Depar,Injury Crash,02/18/2015 09:09:00 PM,Maryland (State),FREDERICK RD,SPUR FR MD 124,OTHER,CLOUDY,WET,DARK LIGHTS ON,NO CONTROLS,,No,NO APPARENT INJURY,NOT DISTRACTED,MD,PASSENGER CAR,30,2005,CHEVROLET,CAVALIER
MCP3245002L,220013920,Montgomery County Police,Injury Crash,04-01-22 15:28,County,SHADY GROVE RD,RAMP 8 FR RAMP 5 TO SHADY GROVE RD WB,ANGLE MEETS LEFT HEAD ON,CLEAR,DRY,DAYLIGHT,TRAFFIC SIGNAL,NONE DETECTED,No,POSSIBLE INJURY,NOT DISTRACTED,MD,PASSENGER CAR,35,2018,TOYOTA,COROLLA
MCP3009008Z,250039792,MONTGOMERY,Property Damage Crash,09-05-25 11:45,Maryland (State) Route,GERMANTOWN RD,FREDERICK RD GERMANTOWN RD,Angle,Clear,Dry,Daylight,No Controls,"Not Suspect of Alcohol Use, Not Suspect of Drug Use",No,No Apparent Injury,Not Distracted,MD,Sport Utility Vehicle,45,2013,ACURA,RDX
MCP14170038,15027003,Montgomery County Police,Injury Crash,06-04-15 8:19,County,MUDDY BRANCH RD,KING JAMES WAY,STRAIGHT MOVEMENT ANGLE,RAINING,WET,DAYLIGHT,STOP SIGN,NONE DETECTED,Yes,SUSPECTED MINOR INJURY,UNKNOWN,MD,PASSENGER CAR,40,2008,HONDA,CRV
MCP2814001Q,170544483,Montgomery County Police,Property Damage Crash,11/23/2017 04:15:00 AM,County,REDLAND RD,OVERHILL RD,SINGLE VEHICLE,,DRY,DARK LIGHTS ON,NO CONTROLS,ALCOHOL PRESENT,Yes,NO APPARENT INJURY,NOT DISTRACTED,MD,PASSENGER CAR,40,2007,TOYT,2S
MCP30970012,190004679,Montgomery County Police,Property Damage Crash,01/30/2019 05:31:00 AM,Maryland (State),NEW HAMPSHIRE AVE,LOCKWOOD DR,STRAIGHT MOVEMENT ANGLE,CLEAR,ICE,DARK LIGHTS ON,TRAFFIC SIGNAL,,Yes,NO APPARENT INJURY,OTHER DISTRACTION,MD,PASSENGER CAR,40,2005,TOYOTA,YARIS
MCP2738001L,16029453,Montgomery County Police,Injury Crash,06-11-16 17:22,,,,STRAIGHT MOVEMENT ANGLE,CLEAR,,DAYLIGHT,NO CONTROLS,,No,SUSPECTED MINOR INJURY,NOT DISTRACTED,MD,PASSENGER CAR,25,2012,HONDA,CIVIC
MCP2976003X,200045927,Montgomery County Police,Property Damage Crash,11/20/2020 08:33:00 PM,Maryland (State),FREDERICK RD,ODENDHAL AVE,ANGLE MEETS LEFT HEAD ON,CLEAR,DRY,DARK LIGHTS ON,TRAFFIC SIGNAL,ILLEGAL DRUG PRESENT,Yes,NO APPARENT INJURY,SMOKING RELATED,MD,PASSENGER CAR,35,2014,TOYT,4S
MCP20550017,16032870,Montgomery County Police,Property Damage Crash,06/29/2016 10:30:00 AM,Maryland (State),W DIAMOND AVE,RAMP 6 FR MD 117 EB TO IS 270 SB,SAME DIRECTION SIDESWIPE,CLEAR,DRY,DAYLIGHT,NO CONTROLS,NONE DETECTED,Yes,NO APPARENT INJURY,UNKNOWN,MD,PASSENGER CAR,30,2015,TOYOTA,CAMRY
MCP2765003W,170505938,Montgomery County Police,Property Damage Crash,05-04-17 17:50,Maryland (State),FALLS RD,ENT POTOMAC COMMUNITY CENTER,HEAD ON LEFT TURN,CLEAR,DRY,DAYLIGHT,NO CONTROLS,NONE DETECTED,Yes,NO APPARENT INJURY,UNKNOWN,MD,PASSENGER CAR,35,2002,VOLV,CN
MCP23860017,17009071,Montgomery County Police,Injury Crash,02/19/2017 08:07:00 PM,County,FRANKLIN AVE,GARWOOD ST,SAME DIR REAR END,CLEAR,DRY,DARK LIGHTS ON,NO CONTROLS,NONE DETECTED,Yes,POSSIBLE INJURY,NOT DISTRACTED,MD,(SPORT) UTILITY VEHICLE,30,2010,NISSAN,ROGUE
MCP3400002B,250023702,MONTGOMERY,Property Damage Crash,05/28/2025 04:20:00 PM,County Route,BROADBIRCH DR,,Front to Front,Rain,Wet,Daylight,No Controls,"Not Suspect of Alcohol Use, Not Suspect of Drug Use",Yes,No Apparent Injury,Not Distracted,MD,Passenger Car,30,2024,CHEVROLET,TAHOE
MCP219800DJ,230050583,Montgomery County Police,Property Damage Crash,08/21/2023 05:29:00 PM,County,MEDICAL CENTER DR,KEY WEST AVE,STRAIGHT MOVEMENT ANGLE,CLEAR,DRY,DAYLIGHT,,,Yes,NO APPARENT INJURY,UNKNOWN,MD,PASSENGER CAR,35,2007,HONDA,ACCORD
DD5575002H,220044965,Rockville Police Departme,Injury Crash,10/13/2022 11:03:00 PM,Municipality,ATLANTIC AVE,VEIRS MILL RD,SINGLE VEHICLE,RAINING,WET,DARK LIGHTS ON,NO CONTROLS,ALCOHOL CONTRIBUTED,Yes,POSSIBLE INJURY,UNKNOWN,MD,PASSENGER CAR,25,2010,HYUNDAI,ELANTRA
MCP3076004H,250043875,MONTGOMERY,Injury Crash,09/30/2025 05:31:00 PM,Municipality Route,TULIP DR,,Unknown,Clear,Dry,Daylight,No Controls,"Not Suspect of Alcohol Use, Not Suspect of Drug Use",No,No Apparent Injury,Not Distracted,MD,Other,0,2020,FREIGHTLINER,M2
EJ7865000T,17000119,Gaithersburg Police Depar,Injury Crash,01-01-17 15:51,Municipality,FIRSTFIELD RD,QUINCE ORCHARD BLVD,ANGLE MEETS LEFT TURN,CLEAR,DRY,DAYLIGHT,STOP SIGN,NONE DETECTED,Yes,NO APPARENT INJURY,UNKNOWN,MD,PASSENGER CAR,30,2013,TOYT,4S
MCP33080027,230067252,Montgomery County Police,Injury Crash,11/19/2023 02:57:00 PM,,,,SINGLE VEHICLE,CLEAR,,DAYLIGHT,NO CONTROLS,NONE DETECTED,Yes,SUSPECTED MINOR INJURY,NOT DISTRACTED,MD,PASSENGER CAR,10,2013,NISSAN,ALTIMA
MCP229800HS,180016393,Montgomery County Police,Injury Crash,04-04-18 18:10,Maryland (State),FREDERICK RD,OLD HUNDRED RD,HEAD ON,SEVERE WINDS,DRY,DAYLIGHT,NO CONTROLS,NONE DETECTED,Yes,POSSIBLE INJURY,UNKNOWN,MD,PASSENGER CAR,30,2008,HONDA,ACCORD