Report Number,Local Case Number,Agency Name,ACRS Report Type,Crash Date/Time,Route Type,Road Name,Cross-Street Name,Collision Type,Weather,Surface Condition,Light,Traffic Control,Driver Substance Abuse,Driver At Fault,Injury Severity,Driver Distracted By,Drivers License State,Vehicle Body Type,Speed Limit,Vehicle Year,Vehicle Make,Vehicle Model
MCP11190075,190032389,Montgomery County Police,Property Damage Crash,07-08-19 9:47,County,FRANWALL AVE,CHANNING DR,OTHER,RAINING,WET,DAYLIGHT,NO CONTROLS,NONE DETECTED,Yes,NO APPARENT INJURY,NOT DISTRACTED,MD,(SPORT) UTILITY VEHICLE,25,2016,NISSAN,ROGUE
MCP14530038,16033075,Montgomery County Police,Property Damage Crash,06/30/2016 10:02:00 AM,Interstate (State),EISENHOWER MEMORIAL HWY,MIDDLEBROOK RD,SAME DIR REAR END,CLEAR,DRY,DAYLIGHT,NO CONTROLS,NONE DETECTED,No,NO APPARENT INJURY,NOT DISTRACTED,TX,PASSENGER CAR,55,2014,HONDA,CIVIC
MCP27700045,250008501,MONTGOMERY,Property Damage Crash,02/25/2025 06:00:00 PM,County Route,BEECHCRAFT AVE,,Angle,Clear,Dry,Daylight,No Controls,"Unknown, Unknown",No,,,,Passenger Car,35,2011,HONDA,PILOT
HA2412000F,17000856,Maryland-National Capital,Injury Crash,07-06-17 16:03,Government,SLIGO CREEK PKWY,PINEY BRANCH RD,HEAD ON,RAINING,WET,DAYLIGHT,NO CONTROLS,NONE DETECTED,No,SUSPECTED MINOR INJURY,NOT DISTRACTED,MD,OTHER,25,2010,TOYOTA,CAMRY
MCP3086003F,190055302,Montgomery County Police,Property Damage Crash,11/16/2019 11:55:00 AM,County,GOSHEN RD,EMORY GROVE RD,SAME DIR REAR END,CLEAR,DRY,DAYLIGHT,TRAFFIC SIGNAL,NONE DETECTED,No,NO APPARENT INJURY,NOT DISTRACTED,MD,PASSENGER CAR,35,2002,HONDA,CIVIC
MCP2983000R,15064516,MONTGOMERY,Property Damage Crash,12/17/2015 04:24:00 PM,County,FENTON ST,ROEDER RD,SAME DIR REAR END,CLEAR,WET,DAYLIGHT,,NONE DETECTED,Yes,NO APPARENT INJURY,NOT DISTRACTED,MD,PASSENGER CAR,25,1997,HONDA,CIVIC
MCP913000F6,230006623,Montgomery County Police,Injury Crash,02-09-23 12:58,Maryland (State),PINEY BRANCH RD,FLOWER AVE,SAME DIRECTION LEFT TURN,CLOUDY,DRY,DAYLIGHT,NO CONTROLS,NONE DETECTED,Yes,NO APPARENT INJURY,LOOKED BUT DID NOT SEE,MD,TRANSIT BUS,30,2016,GILLIG,BUS
MCP3133005W,250002895,MONTGOMERY,Property Damage Crash,01/21/2025 12:59:00 PM,,,,Front to Front,Clear,,Daylight,,"Not Suspect of Alcohol Use, Not Suspect of Drug Use",No,No Apparent Injury,Not Distracted,MD,Passenger Car,0,2016,HONDA,CIVIC
MCP22440019,16054077,Montgomery County Police,Injury Crash,10/20/2016 05:55:00 PM,Maryland (State),NEW HAMPSHIRE AVE,OAKVIEW DR,OTHER,CLEAR,DRY,DAYLIGHT,NO CONTROLS,NONE DETECTED,Yes,NO APPARENT INJURY,UNKNOWN,WA,PASSENGER CAR,45,2014,HONDA,4S CRV
MCP2339009S,240060882,MONTGOMERY,Property Damage Crash,12/20/2024 03:25:00 PM,Municipality Route,SOUTHLAWN LA,E GUDE DR,Angle,Cloudy,Wet,Daylight,Traffic Control Signal,"Not Suspect of Alcohol Use, Not Suspect of Drug Use",No,No Apparent Injury,Not Distracted,MD,Passenger Car,40,2019,MITSUBISHI,OUTLANDER
MCP2396001D,16040530,Montgomery County Police,Property Damage Crash,08-10-16 13:11,,,,SAME DIRECTION SIDESWIPE,CLEAR,,DAYLIGHT,NO CONTROLS,NONE DETECTED,Yes,NO APPARENT INJURY,NOT DISTRACTED,MD,PASSENGER CAR,5,2005,HONDA,ACCORD
EJ7894003S,240004910,GAITHERSBURG,Property Damage Crash,01/31/2024 05:32:00 AM,Municipality Route,FIRSTFIELD RD,QUINCE ORCHARD RD QUINCE ORCHARD RD (SB/L),"Sideswipe, Opposite Direction",Clear,Dry,Dark - Lighted,Traffic Control Signal,"Not Suspect of Alcohol Use, Not Suspect of Drug Use",No,No Apparent Injury,Not Distracted,PA,Passenger Car,35,2019,VOLKSWAGEN,JETTA
MCP2256000D,15012015,Montgomery County Police,Property Damage Crash,03/16/2015 08:40:00 AM,Maryland (State),FREDERICK RD,WEST OLD BALTIMORE RD,SAME DIR REAR END,CLOUDY,DRY,DAYLIGHT,NO CONTROLS,NONE DETECTED,Yes,NO APPARENT INJURY,NOT DISTRACTED,MD,"OTHER LIGHT TRUCKS (10,000LBS (4,536KG) OR LESS)",45,2011,DODGE,CHARGER
MCP2723005R,210030121,Montgomery County Police,Injury Crash,08-03-21 14:50,Maryland (State),NORBECK RD,NADINE DR,SAME DIR REAR END,,DRY,DAYLIGHT,NO CONTROLS,NONE DETECTED,No,POSSIBLE INJURY,NOT DISTRACTED,MD,PASSENGER CAR,45,2014,TOYOTA,VENZA
MCP3233004K,240009755,MONTGOMERY,Property Damage Crash,02/28/2024 02:36:00 PM,Maryland (State) Route,UNIVERSITY BLVD E,,Front to Rear,Rain,Wet,Daylight,Traffic Control Signal,"Not Suspect of Alcohol Use, Not Suspect of Drug Use",No,No Apparent Injury,Not Distracted,MD,Passenger Car,35,2014,FORD,FUSION
MCP1334003J,16013986,MONTGOMERY,Injury Crash,03/22/2016 10:03:00 AM,Maryland (State),MONTGOMERY VILLAGE AVE,RUSSELL AVE,SAME DIR REAR END,CLEAR,DRY,DAYLIGHT,TRAFFIC SIGNAL,NONE DETECTED,Yes,NO APPARENT INJURY,INATTENTIVE OR LOST IN THOUGHT,MD,(SPORT) UTILITY VEHICLE,35,2003,TOYOTA,SEQUOIA
MCP31690029,190052220,Montgomery County Police,Property Damage Crash,10/30/2019 12:35:00 PM,Other Public Roadway,W FALKLAND LA,EAST WEST HWY,OTHER,CLEAR,DRY,DAYLIGHT,NO CONTROLS,,Yes,NO APPARENT INJURY,LOOKED BUT DID NOT SEE,MD,PASSENGER CAR,25,2005,NISSAN,ALTIMA
MCP9428000Y,15043889,MONTGOMERY,Injury Crash,09-01-15 9:33,County,WISTERIA DR,WALTER JOHNSON RD,STRAIGHT MOVEMENT ANGLE,CLEAR,,DAYLIGHT,STOP SIGN,,Yes,SUSPECTED MINOR INJURY,LOOKED BUT DID NOT SEE,MD,PASSENGER CAR,25,2010,NISS,MAXIMA
MCP25830024,220010184,Montgomery County Police,Property Damage Crash,03-09-22 14:00,,,,OPPOSITE DIRECTION SIDESWIPE,CLEAR,,DAYLIGHT,,UNKNOWN,Yes,NO APPARENT INJURY,UNKNOWN,MD,(SPORT) UTILITY VEHICLE,0,2011,LEXUS,RX
MCP2353004C,170533258,Montgomery County Police,Property Damage Crash,09/26/2017 05:08:00 PM,Maryland (State),WISCONSIN AVE,CHASE AVE,SAME DIR REAR END,CLOUDY,DRY,DAYLIGHT,NO CONTROLS,NONE DETECTED,No,NO APPARENT INJURY,NOT DISTRACTED,DC,(SPORT) UTILITY VEHICLE,25,2017,AUDI,Q5
MCP2767000V,15023512,Montgomery County Police,Injury Crash,05/16/2015 07:24:00 PM,Maryland (State),UNIVERSITY BLVD W,GEORGIA AVE,SAME DIR REAR END,CLOUDY,WET,DAYLIGHT,TRAFFIC SIGNAL,NONE DETECTED,Yes,SUSPECTED SERIOUS INJURY,NOT DISTRACTED,MD,PASSENGER CAR,35,1999,CHEVY,2S
MCP93900038,250007075,MONTGOMERY,Injury Crash,02/17/2025 08:00:00 PM,Private Route,,HARMONY HALL RD MUDDY BRANCH RD (SB/L),Single Vehicle,Clear,Dry,Dark - Lighted,Traffic Control Signal,"Not Suspect of Alcohol Use, Not Suspect of Drug Use",Yes,Suspected Minor Injury,Unknown,MD,Passenger Car,40,2015,HONDA,ACCORD
MCP29510008,15020823,Montgomery County Police,Injury Crash,05-03-15 0:26,County,ENNALLS AVE,GRANDVIEW AVE,ANGLE MEETS LEFT TURN,CLEAR,DRY,DARK LIGHTS ON,NO CONTROLS,NONE DETECTED,Yes,NO APPARENT INJURY,LOOKED BUT DID NOT SEE,MD,(SPORT) UTILITY VEHICLE,35,2000,JEEP,CHEROKEE
EJ7887000T,210030207,Gaithersburg Police Depar,Property Damage Crash,08-04-21 9:20,County,N SUMMIT AVE,GIRARD ST,ANGLE MEETS LEFT TURN,CLOUDY,DRY,DAYLIGHT,TRAFFIC SIGNAL,NONE DETECTED,No,NO APPARENT INJURY,NOT DISTRACTED,MD,PASSENGER CAR,35,2010,MERCEDES,4S
DD5527000K,16036930,Rockville Police Departme,Property Damage Crash,07/21/2016 01:12:00 PM,County,SHADY GROVE RD,FALLSGROVE BLVD,OTHER,CLEAR,DRY,DAYLIGHT,TRAFFIC SIGNAL,,Yes,NO APPARENT INJURY,UNKNOWN,MD,PASSENGER CAR,35,2014,LEXUS,LEXUS
MCP2978000N,15034805,MONTGOMERY,Injury Crash,07/15/2015 07:39:00 PM,County,ST JAMES RD,BETTEKER LA,SAME DIR REAR END,CLEAR,DRY,DAYLIGHT,NO CONTROLS,NONE DETECTED,Yes,POSSIBLE INJURY,UNKNOWN,MD,(SPORT) UTILITY VEHICLE,30,2015,VOLVO,SUV
MCP3034002G,180048405,Montgomery County Police,Injury Crash,09/28/2018 05:52:00 AM,Maryland (State),16TH ST,EAST WEST HWY,SAME DIR REAR END,CLEAR,WET,DARK LIGHTS ON,TRAFFIC SIGNAL,NONE DETECTED,No,NO APPARENT INJURY,NOT DISTRACTED,MD,PASSENGER CAR,30,2005,NISSAN,MAXIMA
MCP3190002Z,210043484,Montgomery County Police,Property Damage Crash,10/28/2021 10:57:00 AM,Maryland (State),VEIRS MILL RD,ENT TO SHOPPING CENTER,STRAIGHT MOVEMENT ANGLE,CLEAR,DRY,DAYLIGHT,NO CONTROLS,NONE DETECTED,No,NO APPARENT INJURY,NOT DISTRACTED,MD,PASSENGER CAR,40,2017,NISSAN,SENTRA
MCP9133000Q,16026588,Montgomery County Police,Property Damage Crash,05/28/2016 11:37:00 AM,,,,OTHER,CLEAR,,DAYLIGHT,,NONE DETECTED,Yes,NO APPARENT INJURY,LOOKED BUT DID NOT SEE,MD,PASSENGER CAR,0,2004,CHEVROLET,IMPALA
MCP29600048,200014475,Montgomery County Police,Property Damage Crash,03/30/2020 11:45:00 AM,Maryland (State),GEORGIA AVE,HEWITT AVE,STRAIGHT MOVEMENT ANGLE,CLEAR,DRY,DAYLIGHT,TRAFFIC SIGNAL,,Unknown,NO APPARENT INJURY,UNKNOWN,MD,PASSENGER CAR,0,2013,MERZ,4S
MCP32180019,210007408,Montgomery County Police,Property Damage Crash,02/26/2021 06:25:00 PM,County,RANDOLPH RD,DENLEY RD,HEAD ON,CLEAR,DRY,DARK LIGHTS ON,STOP SIGN,NONE DETECTED,No,NO APPARENT INJURY,NOT DISTRACTED,MD,PASSENGER CAR,25,2020,JEEP,WRANGLER
MCP26410031,230013998,Montgomery County Police,Property Damage Crash,03/23/2023 05:20:00 AM,Maryland (State),WOODFIELD RD,CHURCHILL DOWNS RD,OPPOSITE DIRECTION SIDESWIPE,CLEAR,DRY,DARK LIGHTS ON,,NONE DETECTED,Unknown,NO APPARENT INJURY,UNKNOWN,MD,PICKUP TRUCK,40,2001,FORD,F250
MCP3113004H,220056171,Montgomery County Police,Injury Crash,12/19/2022 09:33:00 AM,County,RANDOLPH RD,LOCKSLEY LA,SINGLE VEHICLE,CLEAR,DRY,DAYLIGHT,NO CONTROLS,,Yes,POSSIBLE INJURY,INATTENTIVE OR LOST IN THOUGHT,MD,(SPORT) UTILITY VEHICLE,30,2022,VOLVO,XC60
MCP2866008P,230064636,Montgomery County Police,Property Damage Crash,11-06-23 7:38,Maryland (State),WOODFIELD RD,HAWKINS CREAMERY RD,SAME DIR REAR END,CLEAR,DRY,DAYLIGHT,TRAFFIC SIGNAL,NONE DETECTED,Yes,NO APPARENT INJURY,UNKNOWN,WV,PASSENGER CAR,40,2022,HONDA,HRV
MCP1213007F,230006110,Montgomery County Police,Property Damage Crash,02-06-23 18:35,Maryland (State),LAYHILL RD,BRIGGS RD,SINGLE VEHICLE,CLEAR,DRY,DARK LIGHTS ON,NO CONTROLS,NONE DETECTED,Yes,NO APPARENT INJURY,NOT DISTRACTED,MD,(SPORT) UTILITY VEHICLE,40,2021,LEXS,UT
EJ7886000B,2100033480,Gaithersburg Police Depar,Property Damage Crash,02-10-21 5:31,Maryland (State),W DIAMOND AVE,RAMP 6 FR MD 117 EB TO IS 270 SB,STRAIGHT MOVEMENT ANGLE,,DRY,DARK LIGHTS ON,NO CONTROLS,,No,NO APPARENT INJURY,UNKNOWN,MD,PASSENGER CAR,35,1999,HOND,CP
DD5633006M,220009386,Rockville Police Departme,Property Damage Crash,03-04-22 13:45,,,,SINGLE VEHICLE,CLEAR,,DAYLIGHT,,NONE DETECTED,Yes,NO APPARENT INJURY,NOT DISTRACTED,MD,PASSENGER CAR,5,2020,ACUR,TK
MCP30730022,180046842,Montgomery County Police,Property Damage Crash,09/19/2018 05:00:00 PM,County,HEWITT AVE,GEORGIA AVE,STRAIGHT MOVEMENT ANGLE,,DRY,DAYLIGHT,TRAFFIC SIGNAL,,No,NO APPARENT INJURY,NOT DISTRACTED,MD,PASSENGER CAR,45,1998,TOYT,TK
DM83780009,15046730,TAKOMA,Property Damage Crash,09/15/2015 04:37:00 PM,Municipality,HOLLY AVE,PHILADELPHIA AVE,OPPOSITE DIRECTION SIDESWIPE,CLEAR,DRY,DAYLIGHT,NO CONTROLS,NONE DETECTED,Unknown,NO APPARENT INJURY,NOT DISTRACTED,MD,SCHOOL BUS,25,2009,THOMAS,BUS
MCP2799001Z,16051022,Montgomery County Police,Injury Crash,10-04-16 19:00,County,NORWOOD RD,NORBECK RD,SAME DIR REAR END,CLEAR,DRY,DARK LIGHTS ON,TRAFFIC SIGNAL,NONE DETECTED,No,POSSIBLE INJURY,NOT DISTRACTED,MD,PASSENGER CAR,40,2014,HOND,ACCORD
MCP25130046,240041420,MONTGOMERY,Injury Crash,09-01-24 13:41,Maryland (State) Route,GEORGIA AVE (SB/L),,Rear To Rear,Clear,Dry,Daylight,Traffic Control Signal,"Not Suspect of Alcohol Use, Not Suspect of Drug Use",No,Suspected Minor Injury,Not Distracted,MD,Sport Utility Vehicle,35,2023,HYUNDAI,KONA
MCP3382000G,240007977,MONTGOMERY,Property Damage Crash,02/18/2024 11:26:00 AM,County Route,CONNECTICUT AVE,,Front to Rear,Clear,Dry,Daylight,Traffic Control Signal,"Not Suspect of Alcohol Use, Not Suspect of Drug Use",Yes,No Apparent Injury,Unknown,MD,Passenger Car,35,2018,RAM,PROMASTER 2500
EJ7885002C,220037108,Gaithersburg Police Depar,Property Damage Crash,08/27/2022 05:00:00 PM,Municipality,CHESTNUT ST,E DIAMOND AVE,SAME DIRECTION SIDESWIPE,CLEAR,DRY,DAYLIGHT,,UNKNOWN,Yes,NO APPARENT INJURY,UNKNOWN,,PASSENGER CAR,25,2004,JEEP,LIBERTY
MCP1554001S,17009381,Montgomery County Police,Property Damage Crash,02/21/2017 04:01:00 PM,County,REDLAND RD,YELLOWSTONE WAY,SAME DIRECTION SIDESWIPE,CLEAR,DRY,DAYLIGHT,NO CONTROLS,NONE DETECTED,No,NO APPARENT INJURY,NOT DISTRACTED,MD,PASSENGER CAR,35,2010,TOYT,COROLLA
MCP2752006S,240052335,MONTGOMERY,Property Damage Crash,11-01-24 19:40,County Route,ROYAL DOMINION DR,RIVER RD,Angle,Clear,Dry,Dark - Lighted,Traffic Control Signal,"Not Suspect of Alcohol Use, Not Suspect of Drug Use",No,No Apparent Injury,Not Distracted,VA,Sport Utility Vehicle,35,2024,TOYOTA,RAV4
MCP32950043,240016541,MONTGOMERY,Property Damage Crash,04-09-24 15:11,Private Route,,,Rear To Side,Clear,Dry,Daylight,No Controls,"Not Suspect of Alcohol Use, Not Suspect of Drug Use",No,No Apparent Injury,Not Distracted,MD,Passenger Car,25,2014,TOYOTA,PRIUS
MCP2722000R,15000849,Montgomery County Police,Injury Crash,01-06-15 8:02,Maryland (State),GEORGIA AVE,ENT TO BUSINESS,SAME DIR REAR END,SNOW,SNOW,DAYLIGHT,NO CONTROLS,,Yes,NO APPARENT INJURY,UNKNOWN,,UNKNOWN,45,0,UNKNOWN,UNKNOWN
MCP2617008P,200034512,Montgomery County Police,Injury Crash,09-03-20 15:00,Maryland (State),CONNECTICUT AVE,INDEPENDENCE ST,STRAIGHT MOVEMENT ANGLE,CLEAR,DRY,DAYLIGHT,TRAFFIC SIGNAL,UNKNOWN,Yes,POSSIBLE INJURY,NOT DISTRACTED,MD,PASSENGER CAR,35,2016,CHEVY,MALIBU
MCP3227004B,230015960,Montgomery County Police,Property Damage Crash,04-04-23 16:11,,,,OTHER,CLEAR,,DAYLIGHT,NO CONTROLS,NONE DETECTED,Yes,NO APPARENT INJURY,NOT DISTRACTED,MD,PASSENGER CAR,10,2014,HONDA,ACCORD
MCP2046009L,190005643,Montgomery County Police,Property Damage Crash,02-05-19 8:25,US (State),COLUMBIA PIKE,BLACKBURN RD,SAME DIR REAR END,CLEAR,DRY,DAYLIGHT,TRAFFIC SIGNAL,NONE DETECTED,No,NO APPARENT INJURY,NOT DISTRACTED,DC,PASSENGER CAR,55,2017,VOLK,GOLF
MCP28490046,220042192,Montgomery County Police,Property Damage Crash,09/27/2022 09:00:00 PM,,,,OTHER,CLEAR,,DARK LIGHTS ON,,NONE DETECTED,Yes,NO APPARENT INJURY,UNKNOWN,MD,POLICE VEHICLE/NON EMERGENCY,25,2009,CHEVY,EQUINOX
MCP24370059,230057005,Montgomery County Police,Property Damage Crash,09/26/2023 03:50:00 PM,Interstate (State),EISENHOWER MEMORIAL HWY,OLD HUNDRED RD,SAME DIR REAR END,RAINING,WET,DAYLIGHT,NO CONTROLS,NONE DETECTED,No,NO APPARENT INJURY,NOT DISTRACTED,MD,POLICE VEHICLE/NON EMERGENCY,55,2023,FORD,EXPLORER
MCP26080057,230050754,Montgomery County Police,Property Damage Crash,08/22/2023 06:16:00 PM,County,POWDER MILL RD,NEW HAMPSHIRE AVE,HEAD ON LEFT TURN,CLEAR,DRY,DAYLIGHT,TRAFFIC SIGNAL,NONE DETECTED,Yes,NO APPARENT INJURY,NOT DISTRACTED,MD,PASSENGER CAR,35,2015,HONDA,SUV
MCP27490013,15053028,MONTGOMERY,Property Damage Crash,10/19/2015 02:28:00 PM,County,RANDOLPH RD,GARDEN GATE RD,SAME DIR REAR END,CLEAR,DRY,DAYLIGHT,TRAFFIC SIGNAL,NONE DETECTED,No,NO APPARENT INJURY,NOT DISTRACTED,MD,PASSENGER CAR,35,2010,HONDA,CRV
MCP33520017,230056380,Montgomery County Police,Property Damage Crash,09/22/2023 08:10:00 PM,Maryland (State),FREDERICK RD,MONTGOMERY VILLAGE AVE,SAME DIRECTION SIDESWIPE,CLEAR,DRY,DARK LIGHTS ON,TRAFFIC SIGNAL,NONE DETECTED,Yes,NO APPARENT INJURY,NOT DISTRACTED,MD,PASSENGER CAR,30,2014,TOYOTA,4S
MCP33870012,240023103,MONTGOMERY,Property Damage Crash,05/16/2024 10:35:00 AM,,,,"Sideswipe, Same Direction",Clear,,Daylight,,"Not Suspect of Alcohol Use, Not Suspect of Drug Use",Yes,No Apparent Injury,Not Distracted,MD,Bus - School,0,2012,THOMAS BUILT,SCHOOL BUS
MCP20080024,16019466,Montgomery County Police,Property Damage Crash,04/20/2016 05:01:00 PM,Maryland (State),OLD GEORGETOWN RD,CROSSOVER,OTHER,CLEAR,DRY,DAYLIGHT,NO CONTROLS,NONE DETECTED,Yes,NO APPARENT INJURY,LOOKED BUT DID NOT SEE,MD,PASSENGER CAR,40,2009,TOYT,4S
MCP2722000S,15003676,Montgomery County Police,Injury Crash,01/23/2015 08:30:00 AM,County,HATHAWAY DR,WELLER RD,HEAD ON,CLEAR,,DAYLIGHT,NO CONTROLS,,No,SUSPECTED MINOR INJURY,NOT DISTRACTED,MD,PASSENGER CAR,25,2011,HONDA,CIVIC
MCP33080016,220035191,Montgomery County Police,Injury Crash,08/15/2022 04:38:00 PM,Maryland (State),VEIRS MILL RD,CLARIDGE RD,STRAIGHT MOVEMENT ANGLE,CLEAR,DRY,DAYLIGHT,TRAFFIC SIGNAL,NONE DETECTED,Unknown,POSSIBLE INJURY,NOT DISTRACTED,MD,PASSENGER CAR,45,2004,ACRUA,MDX
MCP1550004D,230018286,Montgomery County Police,Injury Crash,04/17/2023 12:12:00 PM,Maryland (State),KNOWLES AVE,SUMMIT AVE,STRAIGHT MOVEMENT ANGLE,CLEAR,DRY,DAYLIGHT,NO CONTROLS,NONE DETECTED,No,NO APPARENT INJURY,NOT DISTRACTED,MD,PASSENGER CAR,30,2016,KIA,TK
MCP24450037,210052309,Montgomery County Police,Injury Crash,12/23/2021 10:15:00 AM,County,RIDGE RD,OBSERVATION DR,SAME DIRECTION SIDESWIPE,CLEAR,DRY,DAYLIGHT,TRAFFIC SIGNAL,NONE DETECTED,No,NO APPARENT INJURY,NOT DISTRACTED,MD,(SPORT) UTILITY VEHICLE,45,2017,HYUN,SW
MCP30510028,180050753,Montgomery County Police,Injury Crash,10-10-18 17:25,County,ROCK SPRING DR,ROCKLEDGE DR,HEAD ON LEFT TURN,CLEAR,DRY,DAYLIGHT,TRAFFIC SIGNAL,NONE DETECTED,No,POSSIBLE INJURY,NOT DISTRACTED,MD,PASSENGER CAR,30,2006,MERCEDEZ,E55 AMG
MCP33620060,250034915,MONTGOMERY,Injury Crash,08-06-25 6:02,US (State),COLESVILLE RD (SB/L),,Other,Clear,Dry,Dawn,No Controls,"Not Suspect of Alcohol Use, Not Suspect of Drug Use",No,Possible Injury,Not Distracted,MD,Passenger Car,45,2022,NISSAN,VERSA
DD5567003Z,240023738,ROCKVILLE,Property Damage Crash,05/20/2024 10:04:00 AM,Interstate (State),IS 270 LOCAL LANES (SB),,"Sideswipe, Same Direction",Clear,Dry,Daylight,No Controls,"Not Suspect of Alcohol Use, Not Suspect of Drug Use",No,No Apparent Injury,Not Distracted,MD,Passenger Car,55,2015,VOLKSWAGEN,JETTA
MCP31800048,240046364,MONTGOMERY,Injury Crash,09/28/2024 03:58:00 PM,County Route,FAIRLAND RD,PARTRIDGE DR,Angle,Clear,Dry,Daylight,No Controls,"Not Suspect of Alcohol Use, Not Suspect of Drug Use",No,Suspected Minor Injury,Not Distracted,MD,Station Wagon,40,2009,TOYOTA,COROLLA MATRIX
MCP3051003S,200001543,Montgomery County Police,Property Damage Crash,01-09-20 18:10,Maryland (State),OLD GEORGETOWN RD,EXECUTIVE BLVD,HEAD ON LEFT TURN,CLEAR,DRY,DARK LIGHTS ON,TRAFFIC SIGNAL,NONE DETECTED,Unknown,NO APPARENT INJURY,UNKNOWN,MD,PASSENGER CAR,40,2008,CHRYSLER,SEBRING
MCP29650035,180022755,Montgomery County Police,Injury Crash,05-09-18 8:10,Maryland (State),LAYHILL RD,RAMP 5 FR MD182 SB TO RP 4 (TO MD200 EB),HEAD ON LEFT TURN,CLEAR,DRY,DAYLIGHT,TRAFFIC SIGNAL,NONE DETECTED,No,NO APPARENT INJURY,NOT DISTRACTED,MD,PASSENGER CAR,35,2010,TOYOTA,TUNDRA
MCP94210007,190061611,Montgomery County Police,Injury Crash,12/22/2019 04:34:00 AM,County,DARNESTOWN RD,TRAVILAH RD,SINGLE VEHICLE,CLEAR,DRY,DARK LIGHTS ON,NO CONTROLS,NONE DETECTED,Yes,POSSIBLE INJURY,NOT DISTRACTED,MD,PASSENGER CAR,30,2010,HONDA,4S
MCP2923001Q,16020174,Montgomery County Police,Property Damage Crash,04/24/2016 01:23:00 PM,County,REEDIE DR,GEORGIA AVE,SINGLE VEHICLE,CLEAR,DRY,DAYLIGHT,NO CONTROLS,NONE DETECTED,Yes,NO APPARENT INJURY,OTHER DISTRACTION,MD,PASSENGER CAR,25,2013,TOYOTA,RAV4
MCP2973005T,220012069,Montgomery County Police,Property Damage Crash,03/21/2022 12:10:00 AM,Maryland (State),VEIRS MILL RD,NEWPORT MILL RD,SAME DIR REAR END,CLEAR,DRY,DARK LIGHTS ON,TRAFFIC SIGNAL,,Yes,NO APPARENT INJURY,LOOKED BUT DID NOT SEE,DC,PASSENGER CAR,35,2009,TOYOTA,4S
MCP2445004H,230011003,Montgomery County Police,Property Damage Crash,03-06-23 12:49,Maryland (State),FREDERICK RD,SHAKESPEARE BLVD,STRAIGHT MOVEMENT ANGLE,CLEAR,DRY,DAYLIGHT,TRAFFIC SIGNAL,NONE DETECTED,Yes,NO APPARENT INJURY,NOT DISTRACTED,MD,PASSENGER CAR,30,2002,JEEP,GRAND CHEROKEE
MCP3303001Z,240031617,MONTGOMERY,Property Damage Crash,07-05-24 0:48,County Route,WISTERIA DR,GERMANTOWN RD (SB/L),Angle,Clear,Dry,Dark - Lighted,Flashing Traffic Control Signal,"Not Suspect of Alcohol Use, Not Suspect of Drug Use",No,No Apparent Injury,Not Distracted,MD,Passenger Car,40,2023,TOYOTA,GR86
MCP26220010,16052849,Montgomery County Police,Property Damage Crash,10/14/2016 02:35:00 PM,County,INDUSTRIAL PKWY,TECH RD,SAME DIRECTION LEFT TURN,CLEAR,DRY,DAYLIGHT,STOP SIGN,NONE DETECTED,Yes,NO APPARENT INJURY,LOOKED BUT DID NOT SEE,MD,(SPORT) UTILITY VEHICLE,30,2009,DODGE,JOURNEY
MCP3180002T,220013123,Montgomery County Police,Property Damage Crash,03/27/2022 03:06:00 PM,Maryland (State),GEORGIA AVE,RAMP 7 FR MD 200 WB TO MD 97 SB,SAME DIR REAR END,CLEAR,DRY,DAYLIGHT,NO CONTROLS,NONE DETECTED,No,NO APPARENT INJURY,NOT DISTRACTED,MD,PASSENGER CAR,45,1999,MERZ,TK
MCP285900C0,220015661,Montgomery County Police,Property Damage Crash,04/13/2022 11:30:00 AM,Maryland (State),KEY WEST AVE,OMEGA DR,SAME DIR REAR END,CLEAR,DRY,DAYLIGHT,TRAFFIC SIGNAL,NONE DETECTED,Yes,NO APPARENT INJURY,LOOKED BUT DID NOT SEE,MD,PASSENGER CAR,30,2018,JEEP,SUV
MCP30380064,230024239,Montgomery County Police,Injury Crash,05/20/2023 03:59:00 PM,Maryland (State),EAST WEST HWY,COLESVILLE RD,SAME DIR REAR END,CLEAR,DRY,DAYLIGHT,TRAFFIC SIGNAL,NONE DETECTED,No,NO APPARENT INJURY,NOT DISTRACTED,MD,VAN,30,2017,FORD,CG
MCP2801001Z,170511679,Montgomery County Police,Injury Crash,06-04-17 2:51,County,SILVER SPRING AVE,MAYOR LA,OTHER,CLEAR,DRY,DARK LIGHTS ON,NO CONTROLS,ALCOHOL PRESENT,Yes,NO APPARENT INJURY,OTHER DISTRACTION,MD,PASSENGER CAR,25,2013,KIA,4S
MCP3091001Y,190046671,Montgomery County Police,Injury Crash,09/29/2019 12:39:00 PM,County,REDLAND RD,NEEDWOOD RD,SAME DIR BOTH LEFT TURN,CLEAR,DRY,DAYLIGHT,TRAFFIC SIGNAL,,Yes,NO APPARENT INJURY,UNKNOWN,DC,PASSENGER CAR,30,2017,VOLVO,XC60
MCP3031006T,250016411,MONTGOMERY,Injury Crash,04/15/2025 03:15:00 PM,Maryland (State) Route,NEW HAMPSHIRE AVE,,Front to Front,Clear,Dry,Daylight,No Controls,"Not Suspect of Alcohol Use, Not Suspect of Drug Use",Yes,No Apparent Injury,Not Distracted,MD,Passenger Car,30,2016,TOYOTA,HIGHLANDER