Report Number,Local Case Number,Agency Name,ACRS Report Type,Crash Date/Time,Route Type,Road Name,Cross-Street Name,Collision Type,Weather,Surface Condition,Light,Traffic Control,Driver Substance Abuse,Driver At Fault,Injury Severity,Driver Distracted By,Drivers License State,Vehicle Body Type,Speed Limit,Vehicle Year,Vehicle Make,Vehicle Model
MCP2559002W,180064705,Montgomery County Police,Property Damage Crash,12/27/2018 12:11:00 PM,Municipality,FIRSTFIELD RD,BUREAU DR,STRAIGHT MOVEMENT ANGLE,CLEAR,DRY,DAYLIGHT,STOP SIGN,,Yes,NO APPARENT INJURY,LOOKED BUT DID NOT SEE,MD,PASSENGER CAR,25,2013,TOYOTA,SCION XB
MCP2931007K,250007375,MONTGOMERY,Injury Crash,02/19/2025 01:09:00 PM,County Route,MONTROSE RD,WHITES FORD WAY,Single Vehicle,Clear,Dry,Daylight,No Controls,"Suspect of Alcohol Use, Not Suspect of Drug Use",Yes,Suspected Minor Injury,Unknown,MD,Pickup,40,2022,TOYOTA,TACOMA
MCP29190050,180033366,Montgomery County Police,Injury Crash,07-06-18 16:00,County,FLOWER AVE,PINEY BRANCH RD,SAME DIR REAR END,CLEAR,DRY,DAYLIGHT,TRAFFIC SIGNAL,NONE DETECTED,Yes,NO APPARENT INJURY,NOT DISTRACTED,MD,PASSENGER CAR,35,2008,MERCEDES,E350
MCP2116008H,180018481,Montgomery County Police,Property Damage Crash,04/16/2018 07:43:00 AM,Maryland (State),DARNESTOWN RD,BEGIN BRIDGE,SAME DIR REAR END,CLOUDY,WET,DAYLIGHT,NO CONTROLS,NONE DETECTED,Yes,NO APPARENT INJURY,USING DEVICE OBJECT BROUGHT INTO VEHICLE,MD,POLICE VEHICLE/EMERGENCY,50,2008,TOYT,TK
MCP1213006L,220034771,Montgomery County Police,Injury Crash,08-12-22 19:35,County,NORWOOD RD,NORBECK RD,HEAD ON LEFT TURN,CLEAR,DRY,DAYLIGHT,TRAFFIC SIGNAL,NONE DETECTED,No,NO APPARENT INJURY,NOT DISTRACTED,MD,AMBULANCE/NON EMERGENCY,45,2020,FORD,CARGO VAN
DD56060034,16015331,Rockville Police Departme,Property Damage Crash,03/29/2016 08:58:00 AM,Maryland (State),ROCKVILLE PIKE,FIRST ST,SAME DIR REAR END,,,DAYLIGHT,NO CONTROLS,ALCOHOL PRESENT,Yes,NO APPARENT INJURY,UNKNOWN,NC,PASSENGER CAR,40,2006,MAZDA,2D
MCP27710031,230071628,Montgomery County Police,Property Damage Crash,12/14/2023 08:01:00 AM,County,RANDOLPH RD,SHERWOOD FOREST DR,STRAIGHT MOVEMENT ANGLE,CLEAR,DRY,DAYLIGHT,NO CONTROLS,,Yes,NO APPARENT INJURY,LOOKED BUT DID NOT SEE,MD,PASSENGER CAR,40,2019,MERZ,E300
MCP2780005D,210022725,Montgomery County Police,Property Damage Crash,06/14/2021 03:10:00 PM,County,SHAKESPEARE BLVD,FREDERICK RD,SINGLE VEHICLE,CLEAR,DRY,DAYLIGHT,,,Yes,NO APPARENT INJURY,OTHER DISTRACTION,MD,PASSENGER CAR,35,2012,TOYT,4S
MCP0685001S,15061901,MONTGOMERY,Property Damage Crash,12-04-15 8:44,County,CRABBS BRANCH WAY,STANDISH PL,SAME DIR REAR END,CLEAR,DRY,DAYLIGHT,NO CONTROLS,NONE DETECTED,Yes,NO APPARENT INJURY,NOT DISTRACTED,MD,PASSENGER CAR,35,2002,HOND,4S
MCP26390065,190011187,Montgomery County Police,Property Damage Crash,03-11-19 6:15,Maryland (State),NEW HAMPSHIRE AVE,DENIT ESTATES DR,SAME DIRECTION SIDESWIPE,CLOUDY,WET,DARK NO LIGHTS,NO CONTROLS,NONE DETECTED,Yes,NO APPARENT INJURY,NOT DISTRACTED,MD,PASSENGER CAR,40,2017,JEEP,RENEGADE
MCP2899001B,16066103,Montgomery County Police,Property Damage Crash,12/24/2016 12:59:00 AM,County,RANDOLPH RD,DALEWOOD DR,SAME DIR REAR END,CLOUDY,DRY,DARK LIGHTS ON,NO CONTROLS,ALCOHOL PRESENT,Yes,NO APPARENT INJURY,OTHER DISTRACTION,MD,PASSENGER CAR,40,2003,AUDI,A4
MCP3290001P,220042322,Montgomery County Police,Property Damage Crash,09/28/2022 02:52:00 PM,Maryland (State),EAST WEST HWY,SPUR FR US 29,HEAD ON LEFT TURN,CLEAR,DRY,DAYLIGHT,NO CONTROLS,NONE DETECTED,No,NO APPARENT INJURY,UNKNOWN,MD,PASSENGER CAR,35,2009,TOYOTA,HB
MCP3063003N,220051088,Montgomery County Police,Property Damage Crash,11/18/2022 05:43:00 PM,,,,SAME DIR BOTH LEFT TURN,CLEAR,,DARK LIGHTS ON,NO CONTROLS,UNKNOWN,Yes,NO APPARENT INJURY,UNKNOWN,,PASSENGER CAR,0,2013,HONA,CIVIC
MCP2995005R,200000335,Montgomery County Police,Injury Crash,01-03-20 0:24,County,RANDOLPH RD,GLENMONT CIR #1,SAME DIRECTION LEFT TURN,RAINING,WET,DARK LIGHTS ON,NO CONTROLS,NONE DETECTED,Yes,NO APPARENT INJURY,LOOKED BUT DID NOT SEE,MD,PASSENGER CAR,30,2019,TOYOTA,C-HR
MCP3309002Q,240031141,MONTGOMERY,Property Damage Crash,07-01-24 22:44,Maryland (State) Route,,,Single Vehicle,Clear,Dry,Dark - Not Lighted,No Controls,"Not Suspect of Alcohol Use, Not Suspect of Drug Use",Yes,No Apparent Injury,"Other Action (looking away from task, etc.)",MD,Sport Utility Vehicle,35,2010,HONDA,ODYSSEY
EJ7880000B,200010040,Gaithersburg Police Depar,Property Damage Crash,02/29/2020 12:50:00 AM,,,,SINGLE VEHICLE,CLEAR,,DARK LIGHTS ON,NO CONTROLS,UNKNOWN,Yes,NO APPARENT INJURY,UNKNOWN,,PASSENGER CAR,10,2016,HYUN,SINATA
MCP2708005R,190053532,Montgomery County Police,Property Damage Crash,11-06-19 18:00,County,CURRAN RD,E FRANKLIN AVE,SAME DIRECTION SIDESWIPE,,DRY,DARK LIGHTS ON,NO CONTROLS,NONE DETECTED,Yes,NO APPARENT INJURY,UNKNOWN,MD,PICKUP TRUCK,25,2006,FORD,F150
EJ78710075,240011615,GAITHERSBURG,Injury Crash,03-10-24 22:47,Municipality Route,CHESTNUT ST,FREDERICK RD,Rear To Side,Clear,Dry,Dark - Lighted,Traffic Control Signal,"Not Suspect of Alcohol Use, Not Suspect of Drug Use",Yes,Suspected Minor Injury,Unknown,,Moped Or motorized bicycle,35,1900,KYMCO,TOMOS/KYMCO PRODUCTS
MCP2867004J,170525128,Montgomery County Police,Injury Crash,08/16/2017 10:16:00 AM,Maryland (State),CARROLL AVE,UNIVERSITY BLVD E,OTHER,CLEAR,DRY,DAYLIGHT,TRAFFIC SIGNAL,NONE DETECTED,Yes,POSSIBLE INJURY,UNKNOWN,MD,PASSENGER CAR,30,2007,TOYOTA,CAMRY
MCP3201006S,240046600,MONTGOMERY,Property Damage Crash,09/30/2024 09:37:00 AM,County Route,RIDGE RD,OBSERVATION DR,Front to Rear,Rain,Wet,Daylight,Traffic Control Signal,"Not Suspect of Alcohol Use, Not Suspect of Drug Use",Yes,No Apparent Injury,Not Distracted,MD,Passenger Car,40,2008,TOYOTA,COROLLA
MCP2365001W,200049522,Montgomery County Police,Injury Crash,12/17/2020 12:49:00 PM,Maryland (State),OLD COLUMBIA PIKE,ENT TO BUSINESS,SAME DIRECTION SIDESWIPE,WINTRY MIX,SLUSH,DAYLIGHT,TRAFFIC SIGNAL,NONE DETECTED,No,POSSIBLE INJURY,NOT DISTRACTED,MD,PASSENGER CAR,45,2007,TOYOTA,CAMRY
MCP2718003C,190044861,Montgomery County Police,Injury Crash,09/19/2019 10:30:00 AM,County,RANDOLPH RD,PARKLAWN DR,SAME DIRECTION RIGHT TURN,CLEAR,DRY,DAYLIGHT,TRAFFIC SIGNAL,,No,NO APPARENT INJURY,UNKNOWN,MD,PASSENGER CAR,35,2010,LEXS,SU
MCP1309001Q,180030207,Montgomery County Police,Property Damage Crash,06/19/2018 09:54:00 AM,County,VALLEY PARK DR,VALLEY PARK TERR,SAME DIR REAR END,CLEAR,DRY,DAYLIGHT,,NONE DETECTED,Yes,NO APPARENT INJURY,EATING OR DRINKING,MD,PASSENGER CAR,30,2013,HYUN,4S
DD5508003N,170513397,Rockville Police Departme,Injury Crash,06/13/2017 12:24:00 PM,Municipality,N WASHINGTON ST,WOOD LA,OTHER,CLEAR,DRY,DAYLIGHT,STOP SIGN,NONE DETECTED,Yes,NO APPARENT INJURY,OTHER DISTRACTION,MD,PASSENGER CAR,30,2012,JEEP,4X4 LAREDO
DD5603005Z,180032740,Rockville Police Departme,Property Damage Crash,07-03-18 10:15,Maryland (State),ROCKVILLE PIKE,EDMONSTON DR,OTHER,CLEAR,DRY,DAYLIGHT,NO CONTROLS,NONE DETECTED,No,NO APPARENT INJURY,NOT DISTRACTED,MD,POLICE VEHICLE/EMERGENCY,45,2014,JEEP,TK
EJ78510072,210043725,Gaithersburg Police Depar,Injury Crash,10/29/2021 05:40:00 PM,Maryland (State),QUINCE ORCHARD RD,ENT TO QUINCE ORCHARD PLAZA SHOPPING CTR,STRAIGHT MOVEMENT ANGLE,RAINING,WET,DAYLIGHT,OTHER,NONE DETECTED,No,SUSPECTED MINOR INJURY,NOT DISTRACTED,MD,PASSENGER CAR,35,2017,HONDA,CIVIC
MCP15750081,180059817,Montgomery County Police,Property Damage Crash,11/30/2018 06:46:00 AM,Maryland (State),ROCKVILLE PIKE,VEIRS MILL RD,SAME DIRECTION SIDESWIPE,CLEAR,DRY,DAWN,NO CONTROLS,NONE DETECTED,Yes,NO APPARENT INJURY,NOT DISTRACTED,OR,PICKUP TRUCK,35,1999,FORD,RANGER
MCP2446004Z,200015647,Montgomery County Police,Property Damage Crash,04-10-20 17:49,Maryland (State),RIDGE RD,SKYLARK RD,SAME DIR REAR END,CLEAR,DRY,DAYLIGHT,NO CONTROLS,NONE DETECTED,No,NO APPARENT INJURY,NOT DISTRACTED,MD,PASSENGER CAR,40,2009,HONDA,ACCORD
MCP26710029,190052275,Montgomery County Police,Property Damage Crash,10/30/2019 05:20:00 PM,Maryland (State),COLESVILLE RD,16TH ST,ANGLE MEETS LEFT TURN,,DRY,DAYLIGHT,NO CONTROLS,NONE DETECTED,Yes,NO APPARENT INJURY,LOOKED BUT DID NOT SEE,MD,PASSENGER CAR,35,2007,TOYT,PRIUS
DD5605005M,180040768,Rockville Police Departme,Property Damage Crash,08/16/2018 01:30:00 PM,,,,OTHER,CLEAR,,DAYLIGHT,NO CONTROLS,NONE DETECTED,Unknown,NO APPARENT INJURY,LOOKED BUT DID NOT SEE,VA,PASSENGER CAR,15,2015,MERZ,4S
MCP2000000S,180000014,Montgomery County Police,Property Damage Crash,01-01-18 1:56,County,OBSERVATION DR,RIDGE RD,SINGLE VEHICLE,,DRY,DARK LIGHTS ON,TRAFFIC SIGNAL,ALCOHOL PRESENT,Yes,NO APPARENT INJURY,NOT DISTRACTED,MD,PASSENGER CAR,45,2014,DODGE,CHARGER
MCP2357002T,170549468,Montgomery County Police,Injury Crash,12/19/2017 11:17:00 AM,Maryland (State),GEORGIA AVE,FOREST GLEN RD,SAME DIR REAR END,CLEAR,,DAYLIGHT,,NONE DETECTED,Yes,NO APPARENT INJURY,NOT DISTRACTED,MD,PASSENGER CAR,35,2017,HYUNDIA,ELANTRA
MCP2612001R,17000172,Montgomery County Police,Property Damage Crash,01-01-17 20:35,Maryland (State),GEORGIA AVE,HATHAWAY DR,HEAD ON,CLEAR,DRY,DARK LIGHTS ON,,ALCOHOL PRESENT,Yes,NO APPARENT INJURY,INATTENTIVE OR LOST IN THOUGHT,MD,PASSENGER CAR,45,2014,TOYOTA,RAV4
MCP3424000B,240049336,MONTGOMERY,Injury Crash,10/15/2024 06:52:00 PM,Municipality Route,TEACHERS WAY,,Front to Rear,Clear,Dry,Dark - Lighted,No Controls,"Not Suspect of Alcohol Use, Not Suspect of Drug Use",No,No Apparent Injury,Not Distracted,MD,Passenger Car,25,2011,MAZDA,UNKNOWN
MCP2968001F,170503189,Montgomery County Police,Property Damage Crash,04/20/2017 05:08:00 PM,Maryland (State),SENECA RD,DARNESTOWN RD,SAME DIR REAR END,CLEAR,DRY,DAYLIGHT,NO CONTROLS,,Yes,NO APPARENT INJURY,LOOKED BUT DID NOT SEE,MD,PASSENGER CAR,35,2005,FORD,CN
MCP2394003D,190051770,Montgomery County Police,Property Damage Crash,10/28/2019 05:31:00 AM,County,SHADY GROVE RD,OAKMONT AVE,OTHER,CLEAR,DRY,DAWN,FLASHING TRAFFIC SIGNAL,NONE DETECTED,No,NO APPARENT INJURY,NOT DISTRACTED,MD,VAN,40,2014,CHEVY,EXPRESS VAN
MCP3130006N,230054098,Montgomery County Police,Property Damage Crash,09-10-23 12:20,,,,OTHER,CLEAR,,DAYLIGHT,NO CONTROLS,,Yes,NO APPARENT INJURY,UNKNOWN,,PASSENGER CAR,5,2017,ACURA,TLX
MCP30770023,240052110,MONTGOMERY,Property Damage Crash,10/30/2024 06:08:00 PM,County Route,WATERS LANDING DR,,Front to Rear,Clear,Dry,Dusk,Other,"Not Suspect of Alcohol Use, Not Suspect of Drug Use",No,No Apparent Injury,"Other Action (looking away from task, etc.)",VA,Passenger Car,25,2020,TESLA,MODEL 3
MCP15650041,210003105,Montgomery County Police,Injury Crash,01/25/2021 11:53:00 AM,Maryland (State),NEW HAMPSHIRE AVE,E RANDOLPH RD,SAME DIR REAR END,CLEAR,DRY,DAYLIGHT,NO CONTROLS,NONE DETECTED,Yes,NO APPARENT INJURY,UNKNOWN,MD,PASSENGER CAR,40,2000,HONDA,ACCORD
MCP2678001R,180027261,Montgomery County Police,Property Damage Crash,06-03-18 5:24,Maryland (State),GEORGIA AVE,HATHAWAY DR,SINGLE VEHICLE,RAINING,WET,DARK LIGHTS ON,TRAFFIC SIGNAL,UNKNOWN,Yes,NO APPARENT INJURY,UNKNOWN,,AMBULANCE/EMERGENCY,45,2004,TOYOTA,HIGHLANDER
MCP3397000T,250002367,MONTGOMERY,Property Damage Crash,01/17/2025 03:16:00 PM,US (State),COLUMBIA PIKE (SB/L),,Front to Rear,Clear,Dry,Daylight,No Controls,"Not Suspect of Alcohol Use, Not Suspect of Drug Use",No,No Apparent Injury,Not Distracted,MD,Passenger Car,50,2023,HONDA,ACCORD
MCP31430039,220015908,Montgomery County Police,Injury Crash,04-09-22 12:15,Maryland (State),KNOWLES AVE,DETRICK AVE,STRAIGHT MOVEMENT ANGLE,CLEAR,DRY,DAYLIGHT,NO CONTROLS,NONE DETECTED,No,POSSIBLE INJURY,NOT DISTRACTED,MD,PASSENGER CAR,30,2014,HONDA,ACCORD
MCP2000000C,15060210,MONTGOMERY,Property Damage Crash,11/25/2015 12:30:00 AM,Maryland (State),LAYTONSVILLE RD,ROCKY RD,SINGLE VEHICLE,CLEAR,DRY,DARK NO LIGHTS,,NONE DETECTED,No,NO APPARENT INJURY,NOT DISTRACTED,MD,POLICE VEHICLE/EMERGENCY,40,2014,DODGE,CHARGER
EJ78930021,220055611,Gaithersburg Police Depar,Injury Crash,12/15/2022 11:59:00 PM,Maryland (State),MONTGOMERY VILLAGE AVE,CHRISTOPHER AVE,SAME DIR REAR END,RAINING,WET,DARK LIGHTS ON,TRAFFIC SIGNAL,NONE DETECTED,Yes,POSSIBLE INJURY,NOT DISTRACTED,XX,PASSENGER CAR,35,2008,TOYOTA,SIENNA
MCP3089003Q,230019129,Montgomery County Police,Property Damage Crash,04/21/2023 08:15:00 PM,Maryland (State),GEORGIA AVE,SEMINARY RD,OTHER,CLEAR,DRY,DARK LIGHTS ON,,,Yes,NO APPARENT INJURY,LOOKED BUT DID NOT SEE,MD,"CARGO VAN/LIGHT TRUCK 2 AXLES (OVER 10,000LBS (4,536 KG))",15,2018,FRHT,ST
MCP2894005Q,190024930,Montgomery County Police,Property Damage Crash,05/25/2019 01:30:00 PM,Maryland (State),WISCONSIN AVE,MONTGOMERY AVE,STRAIGHT MOVEMENT ANGLE,CLEAR,DRY,DAYLIGHT,TRAFFIC SIGNAL,,No,NO APPARENT INJURY,NOT DISTRACTED,MD,PASSENGER CAR,35,2004,NISS,ALTIMA
EJ7885001V,220007502,Gaithersburg Police Depar,Property Damage Crash,02/20/2022 07:03:00 PM,Municipality,PURCHASE ST,FENCELINE DR,HEAD ON,CLEAR,DRY,DARK LIGHTS ON,NO CONTROLS,NONE DETECTED,No,NO APPARENT INJURY,NOT DISTRACTED,NY,PASSENGER CAR,15,2000,HONDA,ACCORD
MCP2847000W,15017326,Montgomery County Police,Property Damage Crash,04/14/2015 03:30:00 PM,County,BEL PRE RD,LAYHILL RD,SAME DIRECTION SIDESWIPE,RAINING,WET,DAYLIGHT,NO CONTROLS,NONE DETECTED,No,NO APPARENT INJURY,NOT DISTRACTED,MD,PASSENGER CAR,35,2010,HONDA,CIVIC
DD5538001X,16049891,Rockville Police Departme,Property Damage Crash,09/28/2016 11:30:00 AM,Maryland (State),W JEFFERSON ST,S WASHINGTON ST,UNKNOWN,RAINING,WET,DAYLIGHT,TRAFFIC SIGNAL,NONE DETECTED,Unknown,NO APPARENT INJURY,UNKNOWN,MD,PASSENGER CAR,25,2011,ACURA,TSX
DM8456001C,170548018,Takoma Park Police Depart,Property Damage Crash,12-11-17 23:00,Maryland (State),NEW HAMPSHIRE AVE,UNIVERSITY BLVD,SAME DIRECTION LEFT TURN,CLEAR,DRY,DARK LIGHTS ON,TRAFFIC SIGNAL,NONE DETECTED,No,NO APPARENT INJURY,NOT DISTRACTED,MD,TRANSIT BUS,35,2013,METRO,NEW FLYER
MCP2689003X,170545787,Montgomery County Police,Property Damage Crash,11/30/2017 12:41:00 PM,Maryland (State),VEIRS MILL RD,FIRST ST,SAME DIRECTION SIDESWIPE,CLEAR,DRY,DAYLIGHT,TRAFFIC SIGNAL,UNKNOWN,Yes,NO APPARENT INJURY,UNKNOWN,,UNKNOWN,40,0,UNKNOWN,UNKNOWN
MCP3335001W,230027304,Montgomery County Police,Property Damage Crash,06-07-23 10:08,Maryland (State),NEW HAMPSHIRE AVE,NORTHWEST DR,SAME DIRECTION LEFT TURN,CLEAR,DRY,DAYLIGHT,TRAFFIC SIGNAL,NONE DETECTED,Yes,NO APPARENT INJURY,UNKNOWN,MD,TRANSIT BUS,35,2014,GILLIS,BUS
MCP2962007K,230019921,Montgomery County Police,Property Damage Crash,04/15/2023 02:30:00 PM,,,,OTHER,UNKNOWN,,UNKNOWN,NO CONTROLS,UNKNOWN,Yes,NO APPARENT INJURY,UNKNOWN,XX,UNKNOWN,15,2023,UNKNOWN,UNKNOWN
EJ77810043,230027898,Gaithersburg Police Depar,Injury Crash,06-10-23 9:45,County,SAM EIG HWY,FIELDS RD,SAME DIRECTION SIDESWIPE,CLEAR,DRY,DAYLIGHT,NO CONTROLS,,Yes,POSSIBLE INJURY,NOT DISTRACTED,MD,PASSENGER CAR,50,2023,VOLVO,XC60
MCP22120019,15029938,Montgomery County Police,Injury Crash,06/19/2015 01:10:00 PM,Maryland (State),NEW HAMPSHIRE AVE,VENICE DR,SAME DIR REAR END,CLEAR,DRY,DAYLIGHT,TRAFFIC SIGNAL,NONE DETECTED,No,SUSPECTED MINOR INJURY,NOT DISTRACTED,MD,OTHER,40,2014,MACK,TK
MCP3404001S,250000918,MONTGOMERY,Injury Crash,01-08-25 6:27,County Route,POWDER MILL RD,,Single Vehicle,Snow,Ice/Frost,Dark - Lighted,No Controls,"Unknown, Unknown",No,Possible Injury,Unknown,MD,Sport Utility Vehicle,35,2016,CHEVROLET,EQUINOX
MCP3353002F,240019321,MONTGOMERY,Property Damage Crash,04/25/2024 02:29:00 PM,Maryland (State) Route,LAYHILL RD (SB/L),,"Sideswipe, Same Direction",Clear,Dry,Daylight,No Controls,"Unknown, Unknown",No,,,,Passenger Car,40,2022,TOYOTA,COROLLA
DM84580017,170544353,Takoma Park Police Depart,Property Damage Crash,11/22/2017 03:20:00 PM,,,,OTHER,CLEAR,,DAYLIGHT,,ALCOHOL PRESENT,Yes,NO APPARENT INJURY,OTHER DISTRACTION,MD,PASSENGER CAR,5,2006,HONDA,CIVIC
MCP29310068,220049899,Montgomery County Police,Property Damage Crash,11-11-22 17:46,Maryland (State),ROCKVILLE PIKE,HOYA ST,SAME DIR REAR END,RAINING,WET,DARK LIGHTS ON,NO CONTROLS,NONE DETECTED,Yes,NO APPARENT INJURY,LOOKED BUT DID NOT SEE,MD,PASSENGER CAR,40,2020,HYUN,ELANTRA
MCP3342001J,240035376,MONTGOMERY,Property Damage Crash,07/26/2024 09:20:00 PM,,,,Front to Front,Clear,,Dark - Lighted,,"Not Suspect of Alcohol Use, Not Suspect of Drug Use",No,No Apparent Injury,Not Distracted,MD,Passenger Car,0,2018,RAM,1500
MCP3374002P,250007325,MONTGOMERY,Injury Crash,02/19/2025 09:54:00 AM,County Route,,,Front to Rear,Clear,Dry,Daylight,No Controls,"Not Suspect of Alcohol Use, Not Suspect of Drug Use",No,Possible Injury,Not Distracted,MD,Passenger Car,35,2022,TOYOTA,RAV4
MCP33600020,240048945,MONTGOMERY,Injury Crash,10/13/2024 04:41:00 PM,Municipality Route,W DEER PARK RD,MUDDY BRANCH RD,Angle,Clear,Dry,Daylight,Traffic Control Signal,"Not Suspect of Alcohol Use, Not Suspect of Drug Use",No,No Apparent Injury,Unknown,MD,Passenger Car,35,2005,HONDA,ACCORD
MCP1453005M,180011897,Montgomery County Police,Injury Crash,03-09-18 6:27,Maryland (State),WOODFIELD RD,FIELDCREST RD,HEAD ON LEFT TURN,CLEAR,DRY,DAYLIGHT,TRAFFIC SIGNAL,NONE DETECTED,Yes,SUSPECTED MINOR INJURY,NOT DISTRACTED,MD,PASSENGER CAR,45,2015,NISSAN,VERSA
MCP2016003Y,190008686,Montgomery County Police,Property Damage Crash,02/23/2019 11:08:00 AM,County,E JEFFERSON ST,ENT TO FEDERAL PLAZA SC,HEAD ON LEFT TURN,RAINING,WET,DAYLIGHT,NO CONTROLS,,No,NO APPARENT INJURY,NOT DISTRACTED,MD,PASSENGER CAR,35,2011,HONDA,CRV
MCP209400DG,190007952,Montgomery County Police,Injury Crash,02/19/2019 08:39:00 AM,Interstate (State),CAPITAL BELTWAY,END BRIDGE,SAME DIR REAR END,CLEAR,DRY,DAYLIGHT,NO CONTROLS,NONE DETECTED,No,NO APPARENT INJURY,NOT DISTRACTED,MD,(SPORT) UTILITY VEHICLE,55,2003,CHEVY,BLAZER
DD5522002W,16063495,Rockville Police Departme,Property Damage Crash,12-10-16 22:43,Municipality,W GUDE DR,RESEARCH BLVD,STRAIGHT MOVEMENT ANGLE,CLEAR,DRY,DARK LIGHTS ON,FLASHING TRAFFIC SIGNAL,NONE DETECTED,Yes,NO APPARENT INJURY,UNKNOWN,MD,PASSENGER CAR,30,2013,TOYOTA,CAMRY
MCP3020003F,190015785,Montgomery County Police,Property Damage Crash,04-05-19 6:25,Maryland (State),LAYHILL RD,MERRIFIELDS DR,STRAIGHT MOVEMENT ANGLE,RAINING,WET,DARK NO LIGHTS,NO CONTROLS,NONE DETECTED,No,NO APPARENT INJURY,NOT DISTRACTED,MD,PASSENGER CAR,35,1996,ACURA,TL
MCP2160000T,180014596,Montgomery County Police,Property Damage Crash,03/24/2017 08:28:00 PM,County,GOSHEN RD,LOCHAVEN DR,SAME DIR REAR END,CLEAR,DRY,DARK NO LIGHTS,NO CONTROLS,,No,NO APPARENT INJURY,NOT DISTRACTED,MD,PASSENGER CAR,35,2009,ACURA,TSX
MCP2008005N,180058045,Montgomery County Police,Property Damage Crash,11/19/2018 03:00:00 PM,County,POOKS HILL RD,LINDEN AVE,STRAIGHT MOVEMENT ANGLE,CLEAR,DRY,DAYLIGHT,STOP SIGN,NONE DETECTED,No,NO APPARENT INJURY,NOT DISTRACTED,WV,"CARGO VAN/LIGHT TRUCK 2 AXLES (OVER 10,000LBS (4,536 KG))",25,2008,STLG,DS
MCP3121004S,220013416,Montgomery County Police,Property Damage Crash,03/29/2022 02:34:00 PM,County,APPLE RIDGE RD,WHEELWRIGHT DR,STRAIGHT MOVEMENT ANGLE,,DRY,DAYLIGHT,NO CONTROLS,NONE DETECTED,Yes,NO APPARENT INJURY,LOOKED BUT DID NOT SEE,MD,PASSENGER CAR,25,2013,NISSAN,ALTIMA
MCP3201003S,230009103,Montgomery County Police,Injury Crash,02/23/2023 01:50:00 PM,County,CRYSTAL ROCK DR,WATERS LANDING DR,STRAIGHT MOVEMENT ANGLE,CLEAR,DRY,DAYLIGHT,STOP SIGN,NONE DETECTED,No,POSSIBLE INJURY,NOT DISTRACTED,MD,PASSENGER CAR,40,2023,MAZDA,4D
MCP9442002J,220037667,Montgomery County Police,Injury Crash,08/31/2022 10:15:00 AM,Maryland (State),MONTGOMERY VILLAGE AVE,RUSSELL AVE,HEAD ON LEFT TURN,CLEAR,DRY,DAYLIGHT,TRAFFIC SIGNAL,NONE DETECTED,Yes,NO APPARENT INJURY,NOT DISTRACTED,MD,PASSENGER CAR,35,2004,HONDA,CRV
MCP3091000P,180021426,Montgomery County Police,Injury Crash,05-02-18 7:20,Maryland (State),VEIRS MILL RD,TWINBROOK PKWY,SAME DIR REAR END,CLEAR,DRY,DAYLIGHT,TRAFFIC SIGNAL,,Yes,NO APPARENT INJURY,UNKNOWN,MD,PASSENGER CAR,40,2004,CHEVROLET,EXPRESS
MCP2914008G,190006672,Montgomery County Police,Injury Crash,02-11-19 12:22,County,FLOWER AVE,E MELBOURNE AVE,HEAD ON LEFT TURN,RAINING,WET,DAYLIGHT,NO CONTROLS,,No,POSSIBLE INJURY,NOT DISTRACTED,MD,PASSENGER CAR,30,2012,TOYT,4S
MCP3021002D,180007888,Montgomery County Police,Injury Crash,02/15/2018 09:00:00 AM,US (State),COLUMBIA PIKE,CROSSOVER,HEAD ON LEFT TURN,RAINING,WET,DAYLIGHT,TRAFFIC SIGNAL,NONE DETECTED,Yes,NO APPARENT INJURY,LOOKED BUT DID NOT SEE,MD,PASSENGER CAR,50,2014,HONDA,ACCORD
MCP137800G6,17012257,Montgomery County Police,Injury Crash,03-08-17 17:19,Ramp,RAMP 7 FR IS 370 WB TO MD 355 SB,FREDERICK RD,SAME DIRECTION SIDESWIPE,CLEAR,DRY,DAYLIGHT,NO CONTROLS,NONE DETECTED,No,NO APPARENT INJURY,NOT DISTRACTED,MD,PICKUP TRUCK,30,2010,FORD,F150
MCP3404001B,240030530,MONTGOMERY,Injury Crash,06/28/2024 09:02:00 AM,County Route,LOCKWOOD DR,OAK LEAF DR,Rear To Side,Clear,Dry,Daylight,No Controls,"Not Suspect of Alcohol Use, Not Suspect of Drug Use",No,Suspected Minor Injury,Not Distracted,MD,Passenger Car,30,2014,FORD,FIESTA
MCP2782002P,180053490,Montgomery County Police,Property Damage Crash,10/25/2018 03:55:00 PM,Maryland (State),GEORGIA AVE,WENDY LA,SAME DIRECTION SIDESWIPE,CLOUDY,DRY,DAYLIGHT,NO CONTROLS,NONE DETECTED,No,NO APPARENT INJURY,NOT DISTRACTED,MD,SCHOOL BUS,45,2006,THOMAS,SCHOOL BUS
MCP91130078,210010948,Montgomery County Police,Property Damage Crash,03/23/2021 02:40:00 PM,Maryland (State),VEIRS MILL RD,TURKEY BRANCH PKWY,SAME DIR REAR END,CLEAR,DRY,DAYLIGHT,TRAFFIC SIGNAL,NONE DETECTED,Yes,NO APPARENT INJURY,UNKNOWN,MD,PASSENGER CAR,45,2005,NISSAN,ALTIMA