Report Number,Local Case Number,Agency Name,ACRS Report Type,Crash Date/Time,Route Type,Road Name,Cross-Street Name,Collision Type,Weather,Surface Condition,Light,Traffic Control,Driver Substance Abuse,Driver At Fault,Injury Severity,Driver Distracted By,Drivers License State,Vehicle Body Type,Speed Limit,Vehicle Year,Vehicle Make,Vehicle Model
MCP31980025,200042713,Montgomery County Police,Injury Crash,10/29/2020 05:48:00 PM,County,RANDOLPH RD,GARDEN GATE RD,SINGLE VEHICLE,RAINING,WET,DAYLIGHT,TRAFFIC SIGNAL,NONE DETECTED,Yes,POSSIBLE INJURY,NOT DISTRACTED,DC,PASSENGER CAR,40,2002,FORD,FOCUS
MCP25260029,220005050,Montgomery County Police,Injury Crash,02-05-22 17:15,Maryland (State),DARNESTOWN RD,TSCHIFFELY SQUARE RD,SAME DIRECTION SIDESWIPE,CLEAR,DRY,DAYLIGHT,NO CONTROLS,NONE DETECTED,No,NO APPARENT INJURY,NOT DISTRACTED,MD,PASSENGER CAR,40,2021,GENESIS,G90
MCP3358003C,250035908,MONTGOMERY,Property Damage Crash,08-12-25 11:40,,,,Front to Rear,Clear,,Daylight,,"Not Suspect of Alcohol Use, Not Suspect of Drug Use",No,No Apparent Injury,Not Distracted,MD,Passenger Car,0,2017,HYUNDAI,SANTA FE SPORT
MCP2974003R,210031518,Montgomery County Police,Injury Crash,08/13/2021 05:55:00 PM,Maryland (State),SPENCERVILLE RD,KRUHM RD,SAME DIR REAR END,RAINING,WET,DAYLIGHT,NO CONTROLS,NONE DETECTED,No,NO APPARENT INJURY,NOT DISTRACTED,MD,VAN,30,2017,DODGE,GRAND CARAVAN
DD5645000C,200033986,Rockville Police Departme,Property Damage Crash,08/31/2020 09:22:00 AM,Municipality,VANDEGRIFT AVE,LEAHY DR,SAME DIRECTION SIDESWIPE,CLOUDY,DRY,DAYLIGHT,,NONE DETECTED,Yes,NO APPARENT INJURY,NOT DISTRACTED,MD,"MEDIUM/HEAVY TRUCKS 3 AXLES (OVER 10,000LBS (4,536KG))",25,2018,PETERBUILT,TK
MCP2535000Y,170503672,Montgomery County Police,Injury Crash,04/23/2017 03:21:00 AM,Maryland (State),GEORGIA AVE,ENNALLS AVE,HEAD ON,CLEAR,DRY,DARK LIGHTS ON,NO CONTROLS,ALCOHOL PRESENT,Yes,POSSIBLE INJURY,NOT DISTRACTED,MD,PASSENGER CAR,30,2010,HYUNDI,ELANTRA
MCP2964004F,200007847,Montgomery County Police,Injury Crash,02/16/2020 05:28:00 PM,County,FATHER HURLEY BLVD,EISENHOWER MEMORIAL HWY,SAME DIR REAR END,CLEAR,DRY,DAYLIGHT,,,No,SUSPECTED MINOR INJURY,NOT DISTRACTED,MD,PICKUP TRUCK,45,1989,TOYOTA,PICK UP
DD5603004X,170543209,Rockville Police Departme,Property Damage Crash,11/16/2017 02:00:00 PM,Municipality,THOMPSON AVE,ROCKVILLE PIKE,OTHER,CLEAR,DRY,DAYLIGHT,NO CONTROLS,NONE DETECTED,No,NO APPARENT INJURY,NOT DISTRACTED,MD,PASSENGER CAR,25,2017,NISSAN,4S
MCP1119008B,200000829,Montgomery County Police,Property Damage Crash,01-06-20 8:11,County,GOODHILL RD,JANET RD,OTHER,CLOUDY,DRY,DAYLIGHT,,NONE DETECTED,Yes,NO APPARENT INJURY,NOT DISTRACTED,MD,SCHOOL BUS,25,2015,THOMAS,BUS
MCP15500037,220018637,Montgomery County Police,Injury Crash,05-02-22 14:09,Maryland (State),ROCKVILLE PIKE,TUCKERMAN LA,SINGLE VEHICLE,CLEAR,DRY,DAYLIGHT,TRAFFIC SIGNAL,NONE DETECTED,Yes,SUSPECTED MINOR INJURY,NOT DISTRACTED,MD,PASSENGER CAR,45,2020,KIA,OPTIMA
MCP2848003Q,16066030,Montgomery County Police,Property Damage Crash,12/23/2016 05:17:00 PM,County,DEMOCRACY BLVD,ENT TO MALL,SAME DIRECTION RIGHT TURN,CLEAR,DRY,DARK LIGHTS ON,NO CONTROLS,NONE DETECTED,Yes,NO APPARENT INJURY,UNKNOWN,MD,PASSENGER CAR,35,1999,TOYOTA,4RUNNER
MCP2437001J,16013199,MONTGOMERY,Property Damage Crash,03/17/2016 04:27:00 PM,,,,OTHER,CLEAR,,DAYLIGHT,NO CONTROLS,NONE DETECTED,No,NO APPARENT INJURY,NOT DISTRACTED,MD,PASSENGER CAR,0,2014,HONDA,CIVIC
MCP2162004M,200014207,Montgomery County Police,Property Damage Crash,03/27/2020 03:00:00 PM,County,RANDOLPH RD,BREGMAN RD,STRAIGHT MOVEMENT ANGLE,CLEAR,DRY,DAYLIGHT,STOP SIGN,,No,NO APPARENT INJURY,NOT DISTRACTED,MD,PASSENGER CAR,35,2013,NISSAN,ROGUE
MCP9301002G,180027445,Montgomery County Police,Property Damage Crash,06-04-18 13:30,Interstate (State),EISENHOWER MEMORIAL HWY,RAMP 6 FR MD 117 EB TO IS 270 SB,SAME DIR REAR END,,DRY,DAYLIGHT,NO CONTROLS,,No,NO APPARENT INJURY,NOT DISTRACTED,MD,PASSENGER CAR,15,2007,HONDA,4D
MCP2445001Q,200031827,Montgomery County Police,Property Damage Crash,08/15/2020 10:23:00 AM,,,,SAME DIRECTION SIDESWIPE,CLOUDY,,DAYLIGHT,NO CONTROLS,ALCOHOL PRESENT,Yes,NO APPARENT INJURY,NOT DISTRACTED,MD,PASSENGER CAR,0,2017,FORD,FOCUS
DD55670043,240025568,ROCKVILLE,Property Damage Crash,05/30/2024 09:04:00 AM,Municipality Route,CURTIS PL,W EDMONSTON DR,Single Vehicle,Clear,Dry,Daylight,No Controls,"Unknown, Unknown",No,,"Manually Operating (dialing, playing game, etc.)",,Sport Utility Vehicle,30,2016,ACURA,MDX
MCP2247001J,17001220,Montgomery County Police,Property Damage Crash,01-07-17 20:28,County,OLD COLUMBIA PIKE,HIDDEN VALLEY DR,ANGLE MEETS LEFT TURN,CLEAR,ICE,DARK LIGHTS ON,NO CONTROLS,NONE DETECTED,No,NO APPARENT INJURY,NOT DISTRACTED,MD,PASSENGER CAR,35,2007,MAZDA,RX7
MCP3473001B,250055655,MONTGOMERY,Property Damage Crash,12-12-25 16:30,US (State),GEORGIA AVE,,"Sideswipe, Same Direction",Clear,Dry,Daylight,Other,"Not Suspect of Alcohol Use, Not Suspect of Drug Use",No,No Apparent Injury,Not Distracted,MD,Passenger Car,35,1997,TOYOTA,4-RUNNER
MCP271700C0,170507914,Montgomery County Police,Property Damage Crash,05/15/2017 04:10:00 PM,Maryland (State),BRADLEY BLVD,EWING DR,SAME DIRECTION SIDESWIPE,CLEAR,,DAYLIGHT,NO CONTROLS,NONE DETECTED,No,NO APPARENT INJURY,NOT DISTRACTED,MD,SCHOOL BUS,30,2015,FREIGHTLINER,SCHOOL BUS
MCP285900GG,240017150,MONTGOMERY,Property Damage Crash,04/13/2024 05:50:00 AM,Interstate (State),EISENHOWER MEMORIAL HWY (SB/L),,Single Vehicle,Cloudy,Dry,Dark - Lighted,No Controls,"Not Suspect of Alcohol Use, Not Suspect of Drug Use",No,No Apparent Injury,Not Distracted,MD,Sport Utility Vehicle,55,2017,FORD,EXPLORER
MCP1519001H,16064708,Montgomery County Police,Property Damage Crash,12/17/2016 09:23:00 AM,Maryland (State),GREAT SENECA HWY,RICHTER FARM RD,SAME DIR REND RIGHT TURN,WINTRY MIX,SLUSH,DAYLIGHT,,UNKNOWN,Yes,NO APPARENT INJURY,UNKNOWN,MD,,40,2009,TOYOTA,CAMRY
MCP2722004D,220042538,Montgomery County Police,Property Damage Crash,09/29/2022 05:07:00 PM,County,ASPEN HILL RD,CONNECTICUT AVE,HEAD ON LEFT TURN,CLEAR,DRY,DAYLIGHT,NO CONTROLS,NONE DETECTED,Yes,NO APPARENT INJURY,NOT DISTRACTED,MD,PASSENGER CAR,25,2007,HONDA,PILOT
MCP12100035,180062330,Montgomery County Police,Property Damage Crash,12/13/2018 08:45:00 PM,County,SHADY GROVE RD,RAMP 2 FR SHADY GROVE RD WB TO IS 270 NB,SAME DIR REAR END,CLEAR,DRY,DARK NO LIGHTS,NO CONTROLS,NONE DETECTED,No,NO APPARENT INJURY,UNKNOWN,MD,(SPORT) UTILITY VEHICLE,40,2016,TOYOTA,RAV4
MCP2203004J,200000871,Montgomery County Police,Property Damage Crash,01-06-20 12:05,Maryland (State),VEIRS MILL RD,CLARIDGE RD,SAME DIR REAR END,CLEAR,DRY,DAYLIGHT,TRAFFIC SIGNAL,NONE DETECTED,Yes,NO APPARENT INJURY,NOT DISTRACTED,MD,TRANSIT BUS,35,2014,GILL,BUS
MCP23850033,240014540,MONTGOMERY,Property Damage Crash,03/27/2024 10:24:00 PM,Maryland (State) Route,KEMPTOWN RD,,Single Vehicle,"Fog, Smog, Smoke",Wet,Dark - Lighted,No Controls,"Not Suspect of Alcohol Use, Not Suspect of Drug Use",Yes,No Apparent Injury,Not Distracted,MD,Sport Utility Vehicle,40,2013,ACURA,MDX
MCP11510070,170547825,Montgomery County Police,Injury Crash,12-11-17 8:45,County,MIDDLEBROOK RD,WARING STATION RD,SAME DIR REAR END,CLEAR,DRY,DAYLIGHT,,NONE DETECTED,No,POSSIBLE INJURY,NOT DISTRACTED,MD,(SPORT) UTILITY VEHICLE,40,2010,ACUR,MDX
MCP2597001S,16065796,Montgomery County Police,Injury Crash,12/22/2016 06:46:00 PM,Maryland (State),EAST WEST HWY,DRAPER LA,SAME DIR REAR END,CLEAR,DRY,DARK LIGHTS ON,NO CONTROLS,NONE DETECTED,No,NO APPARENT INJURY,NOT DISTRACTED,MD,PASSENGER CAR,30,2007,HONDA,CRV
DD56240037,190051889,Rockville Police Departme,Property Damage Crash,10/28/2019 04:30:00 PM,County,E GUDE DR,FREDERICK RD,SAME DIRECTION SIDESWIPE,CLEAR,DRY,DAYLIGHT,TRAFFIC SIGNAL,NONE DETECTED,Yes,NO APPARENT INJURY,NOT DISTRACTED,MD,POLICE VEHICLE/EMERGENCY,35,2009,FORD,CROWN VIC
MCP2072004R,210031348,Montgomery County Police,Injury Crash,08-12-21 13:50,County,BRANDERMILL DR,SCENERY DR,SAME DIR REND RIGHT TURN,CLEAR,DRY,DAYLIGHT,NO CONTROLS,UNKNOWN,Yes,POSSIBLE INJURY,OTHER ELECTRONIC DEVICE (NAVIGATIONAL PALM PILOT),MD,PASSENGER CAR,25,2013,HYUN,SEDAN
MCP2974001S,180028608,Montgomery County Police,Injury Crash,06-10-18 4:21,US (State),COLUMBIA PIKE,HILLWOOD DR,SAME DIRECTION RIGHT TURN,,,DARK LIGHTS ON,FLASHING TRAFFIC SIGNAL,NONE DETECTED,No,POSSIBLE INJURY,NOT DISTRACTED,MD,PASSENGER CAR,40,2013,NISSAN,ALTIMA
MCP31740046,230047574,Montgomery County Police,Property Damage Crash,08-03-23 7:53,Maryland (State),QUINCE ORCHARD RD,RAMP 3 FR MD 124 EB TO IS 270 NB,SAME DIR REAR END,CLEAR,DRY,DAYLIGHT,NO CONTROLS,NONE DETECTED,Yes,NO APPARENT INJURY,NOT DISTRACTED,MD,PASSENGER CAR,35,2013,FORD,4S
EJ7875003C,230007392,Gaithersburg Police Depar,Property Damage Crash,02/13/2023 09:23:00 PM,Maryland (State),CLOPPER RD,W WATKINS MILL RD,ANGLE MEETS LEFT TURN,CLEAR,DRY,DARK LIGHTS ON,TRAFFIC SIGNAL,,No,NO APPARENT INJURY,NOT DISTRACTED,MD,PASSENGER CAR,35,2002,ACUR,HB
EJ7866002Q,170550729,Gaithersburg Police Depar,Injury Crash,12/26/2017 11:50:00 AM,Maryland (State),GREAT SENECA HWY,MUDDY BRANCH RD,STRAIGHT MOVEMENT ANGLE,,DRY,DAYLIGHT,TRAFFIC SIGNAL,NONE DETECTED,Yes,SUSPECTED MINOR INJURY,UNKNOWN,MD,PASSENGER CAR,50,2012,TOYT,FJ CRUISER
MCP2867002J,16036336,Montgomery County Police,Injury Crash,07/18/2016 11:40:00 AM,,,,OTHER,CLEAR,,DAYLIGHT,,NONE DETECTED,Unknown,NO APPARENT INJURY,UNKNOWN,MD,PASSENGER CAR,0,2006,VOLVO,SW
MCP2231008R,250032672,MONTGOMERY,Property Damage Crash,07/22/2025 12:48:00 PM,County Route,SHADY GROVE RD (SB/L),,Front to Rear,Clear,Dry,Daylight,Traffic Control Signal,"Not Suspect of Alcohol Use, Not Suspect of Drug Use",No,No Apparent Injury,Not Distracted,MD,Passenger Car,40,2023,LEXUS,RZ
MCP2763000Q,15050005,MONTGOMERY,Injury Crash,10-02-15 18:57,Maryland (State),MUNCASTER MILL RD,OLDE MILL RUN,SAME DIR REAR END,RAINING,WET,DARK LIGHTS ON,NO CONTROLS,NONE DETECTED,No,NO APPARENT INJURY,NOT DISTRACTED,MD,PASSENGER CAR,35,2007,HONDA,CIVIC
MCP2722001H,16012094,MONTGOMERY,Property Damage Crash,03-11-16 9:42,Maryland (State),NORBECK RD,BAUER DR,HEAD ON LEFT TURN,CLEAR,DRY,DAYLIGHT,TRAFFIC SIGNAL,,No,NO APPARENT INJURY,NOT DISTRACTED,MD,PASSENGER CAR,40,2012,HYUN,SONATA
MCP3040004F,200005991,Montgomery County Police,Injury Crash,02-05-20 15:00,County,GOLD MINE RD,CHANDLEE MILL RD,HEAD ON,CLEAR,WET,DAYLIGHT,NO CONTROLS,,No,NO APPARENT INJURY,NOT DISTRACTED,MD,PASSENGER CAR,25,2018,LEXUS,TK
HA23300004,15000455,Maryland-National Capital,Property Damage Crash,05/18/2015 12:00:00 AM,Maryland (State),GEORGIA AVE,JONES LA,SAME DIR REAR END,CLEAR,DRY,,NO CONTROLS,NONE DETECTED,Yes,NO APPARENT INJURY,NOT DISTRACTED,MD,PASSENGER CAR,35,2012,TOY,CORR
MCP2708001H,16046609,Montgomery County Police,Injury Crash,09-11-16 18:25,Maryland (State),NEW HAMPSHIRE AVE,RAMP 6 FR IS 495 EB TO MD 650 SB,SAME DIR REAR END,CLEAR,DRY,DAYLIGHT,YIELD SIGN,NONE DETECTED,Yes,NO APPARENT INJURY,DISTRACTED BY OUTSIDE PERSON OBJECT OR EVENT,MD,VAN,40,2000,CHEVY,VENTURE
MCP2930002F,220043892,Montgomery County Police,Property Damage Crash,10-07-22 17:04,County,MAY ST,ESTELLE RD,STRAIGHT MOVEMENT ANGLE,CLEAR,DRY,DAYLIGHT,STOP SIGN,NONE DETECTED,No,NO APPARENT INJURY,NOT DISTRACTED,MD,PASSENGER CAR,25,2014,MAZDA,4S
MCP271700WS,220004581,Montgomery County Police,Property Damage Crash,02-02-22 16:20,Maryland (State),GEORGIA AVE,NORBECK RD,OTHER,CLEAR,DRY,DAYLIGHT,TRAFFIC SIGNAL,NONE DETECTED,No,NO APPARENT INJURY,NOT DISTRACTED,MD,PASSENGER CAR,50,2010,CHEVROLET,MALIBU
MCP28160012,15028431,Montgomery County Police,Injury Crash,06-11-15 17:42,Municipality,TWINBROOK PKWY,CHAPMAN AVE,SAME DIR REAR END,CLEAR,DRY,DAYLIGHT,TRAFFIC SIGNAL,NONE DETECTED,No,SUSPECTED MINOR INJURY,NOT DISTRACTED,MD,PASSENGER CAR,35,2013,HONDA,CRV
MCP1563009H,240021407,MONTGOMERY,Property Damage Crash,05-07-24 5:50,Maryland (State) Route,EAST WEST HWY,,Angle,Cloudy,Wet,Dawn,Traffic Control Signal,"Not Suspect of Alcohol Use, Not Suspect of Drug Use",No,No Apparent Injury,Not Distracted,DC,Bus - Transit,35,2016,NEW FLYER,TRANSIT BUS
MCP29190082,210020238,Montgomery County Police,Property Damage Crash,05/28/2021 03:47:00 PM,Maryland (State),PINEY BRANCH RD,GARLAND AVE,STRAIGHT MOVEMENT ANGLE,CLOUDY,DRY,DAYLIGHT,,UNKNOWN,Yes,NO APPARENT INJURY,UNKNOWN,,PASSENGER CAR,35,2016,HYUNDAI,4S
DD5602000B,15010786,Rockville Police Departme,Property Damage Crash,03-08-15 23:48,Municipality,LEWIS AVE,DEBECK DR,HEAD ON,CLEAR,DRY,DARK NO LIGHTS,,UNKNOWN,Yes,NO APPARENT INJURY,UNKNOWN,,PASSENGER CAR,25,2004,HONDA,ACCORD
MCP3109008J,230061382,Montgomery County Police,Property Damage Crash,10/19/2023 09:20:00 AM,Maryland (State),UNIVERSITY BLVD E,COLESVILLE RD,SAME DIRECTION RIGHT TURN,CLEAR,DRY,DAYLIGHT,TRAFFIC SIGNAL,NONE DETECTED,No,NO APPARENT INJURY,NOT DISTRACTED,MD,TRANSIT BUS,35,2016,GILLIG,BUS
MCP10480046,190009139,Montgomery County Police,Injury Crash,02/26/2019 12:35:00 PM,County,DARNESTOWN RD,HUNTING LA,SINGLE VEHICLE,,DRY,DAYLIGHT,,NONE DETECTED,Yes,POSSIBLE INJURY,UNKNOWN,WI,TRUCK TRACTOR,25,1998,PETER,TRACTOR
MCP2195005B,220048791,Montgomery County Police,Injury Crash,11-05-22 10:23,County,REDLAND RD,FREDERICK RD,STRAIGHT MOVEMENT ANGLE,CLEAR,DRY,DAYLIGHT,TRAFFIC SIGNAL,NONE DETECTED,No,POSSIBLE INJURY,NOT DISTRACTED,MD,(SPORT) UTILITY VEHICLE,30,2010,TOYOTA,VENZA
MCP31630015,180063595,Montgomery County Police,Property Damage Crash,12/20/2018 01:53:00 PM,County,LANDY LA,RIVER RD,SAME DIRECTION SIDESWIPE,RAINING,WET,DAYLIGHT,NO CONTROLS,NONE DETECTED,No,NO APPARENT INJURY,NOT DISTRACTED,MD,PASSENGER CAR,35,2016,MERZ,GLE400
MCP33110023,230060740,Montgomery County Police,Property Damage Crash,10/15/2023 07:05:00 PM,County,DALE DR,PINEY BRANCH RD,HEAD ON LEFT TURN,CLEAR,,DARK LIGHTS ON,TRAFFIC SIGNAL,,No,NO APPARENT INJURY,NOT DISTRACTED,MD,PASSENGER CAR,25,2005,TOYTA,MATRIX
MCP2656001P,170502369,Montgomery County Police,Injury Crash,04/15/2017 07:46:00 PM,US (State),COLUMBIA PIKE,TECH RD,OTHER,,DRY,DARK LIGHTS ON,TRAFFIC SIGNAL,NONE DETECTED,No,NO APPARENT INJURY,NOT DISTRACTED,MD,PASSENGER CAR,50,2013,DODGE,DURANGO
MCP2464003B,240030848,MONTGOMERY,Property Damage Crash,06/30/2024 02:55:00 AM,County Route,,,Front to Rear,Rain,Wet,Dark - Lighted,No Controls,"Suspect of Alcohol Use, Not Suspect of Drug Use",No,No Apparent Injury,Unknown,MD,Passenger Car,35,2021,MAZDA,MAZDA3
DD5628005G,220003059,Rockville Police Departme,Property Damage Crash,01/24/2022 11:35:00 AM,,,,OTHER,CLEAR,,DAYLIGHT,NO CONTROLS,NONE DETECTED,Yes,NO APPARENT INJURY,LOOKED BUT DID NOT SEE,MD,PASSENGER CAR,5,2004,TOYT,4S
MCP3139002X,210045273,Montgomery County Police,Property Damage Crash,11-08-21 18:40,US (State),COLESVILLE RD,RAMP 8 FR US 29 SB TO IS 495 WB,SAME DIR REAR END,CLEAR,DRY,DARK NO LIGHTS,NO CONTROLS,,No,NO APPARENT INJURY,NOT DISTRACTED,MD,PASSENGER CAR,40,2017,BMW,4S
MCP3060000J,170535863,Montgomery County Police,Injury Crash,10-10-17 17:44,County,MONTROSE RD,FARM HAVEN DR,UNKNOWN,CLEAR,DRY,DAYLIGHT,TRAFFIC SIGNAL,,No,SUSPECTED MINOR INJURY,NOT DISTRACTED,MD,PASSENGER CAR,35,2003,LEXUS,4S
MCP2637000N,15027571,Montgomery County Police,Property Damage Crash,06-07-15 12:08,County,TRAVILAH RD,DARNESTOWN RD,SAME DIR REAR END,CLOUDY,DRY,DAYLIGHT,TRAFFIC SIGNAL,NONE DETECTED,Yes,NO APPARENT INJURY,LOOKED BUT DID NOT SEE,MD,PASSENGER CAR,35,1997,TOYT,4RUNNER
EJ7887003P,230074110,Gaithersburg Police Depar,Injury Crash,12/29/2023 08:40:00 AM,Maryland (State),FREDERICK RD,TRAVIS AVE,SAME DIR REAR END,CLEAR,DRY,DAYLIGHT,TRAFFIC SIGNAL,NONE DETECTED,No,POSSIBLE INJURY,NOT DISTRACTED,MD,PASSENGER CAR,35,2017,SUBARU,4H
MCP2964002X,180043283,Montgomery County Police,Injury Crash,08/30/2018 03:23:00 PM,Maryland (State),GREAT SENECA HWY,MATENY RD,SAME DIR REAR END,CLEAR,DRY,DAYLIGHT,NO CONTROLS,NONE DETECTED,Yes,NO APPARENT INJURY,UNKNOWN,MD,VAN,50,2000,HONDA,ODYSSEY
MCP2723003Q,180045094,Montgomery County Police,Injury Crash,09-10-18 8:00,County,E RANDOLPH RD,TAMARACK RD,STRAIGHT MOVEMENT ANGLE,RAINING,WET,DAYLIGHT,TRAFFIC SIGNAL,,Yes,POSSIBLE INJURY,UNKNOWN,MD,PASSENGER CAR,40,2012,NISSAN,ROGUE
MCP00360040,16022239,Montgomery County Police,Property Damage Crash,05-05-16 14:19,Maryland (State),RIDGE RD,BELLISON RD,SAME DIR REAR END,CLEAR,DRY,DAYLIGHT,NO CONTROLS,NONE DETECTED,No,NO APPARENT INJURY,NOT DISTRACTED,MD,PICKUP TRUCK,40,2015,RAM,TK
MCP28570043,230064470,Montgomery County Police,Injury Crash,11-05-23 0:58,Maryland (State),MIDCOUNTY HWY,SPUR TO SAYBROOKE OAKS BLVD,SAME DIRECTION SIDESWIPE,CLEAR,DRY,DARK NO LIGHTS,FLASHING TRAFFIC SIGNAL,NONE DETECTED,No,SUSPECTED MINOR INJURY,NOT DISTRACTED,MD,PASSENGER CAR,50,2009,TOYOTA,VENZA
EJ7826003P,180058026,Gaithersburg Police Depar,Injury Crash,11/19/2018 01:45:00 PM,Maryland (State),FREDERICK RD,END BRIDGE,OTHER,CLEAR,DRY,DAYLIGHT,,,No,NO APPARENT INJURY,NOT DISTRACTED,MD,(SPORT) UTILITY VEHICLE,30,2013,HYUN,SW
MCP3044006N,230019114,Montgomery County Police,Property Damage Crash,04/21/2023 06:39:00 PM,County,GATESHEAD MANOR WAY,ASTON MANOR DR,SAME DIR REAR END,CLEAR,DRY,DAYLIGHT,NO CONTROLS,NONE DETECTED,Yes,NO APPARENT INJURY,LOOKED BUT DID NOT SEE,MD,PASSENGER CAR,15,2015,HYUN,SONATA
EJ7857000S,15057214,GAITHERSBURG,Property Damage Crash,11-09-15 22:20,County,RAILROAD ST,E DIAMOND AVE,SAME DIR REAR END,RAINING,WET,DARK LIGHTS ON,TRAFFIC SIGNAL,NONE DETECTED,No,NO APPARENT INJURY,NOT DISTRACTED,MD,"OTHER LIGHT TRUCKS (10,000LBS (4,536KG) OR LESS)",25,2011,HYUNDAI,SONATA
MCP2877001N,15039755,MONTGOMERY,Property Damage Crash,08-10-15 11:15,,,,SAME DIRECTION LEFT TURN,CLOUDY,,DAYLIGHT,NO CONTROLS,NONE DETECTED,Unknown,NO APPARENT INJURY,NOT DISTRACTED,MD,PASSENGER CAR,15,2012,KIA,FORTE
DM8423001M,180022987,Takoma Park Police Depart,Property Damage Crash,05-10-18 10:45,,,,OTHER,CLOUDY,,DAYLIGHT,,NONE DETECTED,Yes,NO APPARENT INJURY,NOT DISTRACTED,XX,PASSENGER CAR,0,2004,DODG,4S
MCP30200027,180027631,Montgomery County Police,Property Damage Crash,06-05-18 10:30,Maryland (State),GEORGIA AVE,NORBECK RD,SAME DIRECTION RIGHT TURN,CLEAR,DRY,DAYLIGHT,TRAFFIC SIGNAL,NONE DETECTED,No,NO APPARENT INJURY,NOT DISTRACTED,MD,PASSENGER CAR,50,2010,HONDA,CR-V
MCP2866006T,210015720,Montgomery County Police,Injury Crash,04/27/2021 06:39:00 PM,Maryland (State),CONNECTICUT AVE,ROSEMARY ST #2,SAME DIR REAR END,CLEAR,DRY,DAYLIGHT,,NONE DETECTED,No,NO APPARENT INJURY,NOT DISTRACTED,MD,PASSENGER CAR,30,2016,MERZ,SUV
MCP2921000F,15022513,Montgomery County Police,Injury Crash,05-11-15 19:22,Maryland (State),FREDERICK RD,ENT TO MILESTONE SHOPPING CENTER,HEAD ON LEFT TURN,CLEAR,DRY,DAYLIGHT,TRAFFIC SIGNAL,NONE DETECTED,Yes,NO APPARENT INJURY,NOT DISTRACTED,MD,RECREATIONAL VEHICLE,40,2011,HOND,TK
MCP2052001P,190018429,Montgomery County Police,Injury Crash,04/19/2019 11:15:00 PM,Maryland (State),W DIAMOND AVE,QUINCE ORCHARD RD,STRAIGHT MOVEMENT ANGLE,,WET,DARK LIGHTS ON,TRAFFIC SIGNAL,NONE DETECTED,Yes,NO APPARENT INJURY,NOT DISTRACTED,FL,PASSENGER CAR,40,2015,VW,4S PASSAT
MCP2845006F,200010222,Montgomery County Police,Property Damage Crash,03-01-20 11:00,Maryland (State),NEW HAMPSHIRE AVE,OAKVIEW DR,SAME DIR REAR END,CLEAR,DRY,DAYLIGHT,TRAFFIC SIGNAL,NONE DETECTED,Yes,NO APPARENT INJURY,UNKNOWN,MD,PASSENGER CAR,40,2003,MAZDA,PROTEGE
DM83360014,170531808,Takoma Park Police Depart,Property Damage Crash,09/20/2017 06:50:00 PM,Maryland (State),CARROLL AVE,GRANT AVE,OTHER,CLEAR,DRY,DUSK,,,Yes,NO APPARENT INJURY,UNKNOWN,DC,PASSENGER CAR,15,2015,NISSAN,LEAF
MCP289200J8,250045645,MONTGOMERY,Property Damage Crash,10-10-25 18:26,Maryland (State) Route,GEORGIA AVE,,"Sideswipe, Same Direction",Clear,Dry,Daylight,No Controls,"Not Suspect of Alcohol Use, Not Suspect of Drug Use",No,No Apparent Injury,Not Distracted,MD,Passenger Car,30,2014,TOYOTA,HIGHLANDER
MCP3125001H,190027586,Montgomery County Police,Injury Crash,06-09-19 21:40,County,QUERY MILL RD,TURKEY FOOT RD,HEAD ON LEFT TURN,FOGGY,WET,DARK NO LIGHTS,,,Yes,SUSPECTED MINOR INJURY,UNKNOWN,MD,PASSENGER CAR,30,2012,HONDA,4S
MCP2726005N,210015984,Montgomery County Police,Property Damage Crash,04/29/2021 01:37:00 PM,County,E GUDE DR,CALHOUN DR,SAME DIR REAR END,CLEAR,DRY,DAYLIGHT,NO CONTROLS,NONE DETECTED,Yes,NO APPARENT INJURY,LOOKED BUT DID NOT SEE,MD,PASSENGER CAR,40,2018,TOYOTA,CAMRY
MCP32690044,250017181,MONTGOMERY,Property Damage Crash,04/20/2025 10:16:00 PM,County Route,OLD COLUMBIA PIKE,,Front to Rear,Clear,Dry,Dark - Lighted,No Controls,"Not Suspect of Alcohol Use, Not Suspect of Drug Use",Yes,No Apparent Injury,Not Distracted,MD,Passenger Car,25,2024,HYUNDAI,KONA ELECTRIC
MCP3193006Z,250043538,MONTGOMERY,Property Damage Crash,09/27/2025 07:30:00 PM,County Route,ELKIN ST,,Front to Rear,Clear,Dry,Dark - Unknown Lighting,No Controls,"Suspect of Alcohol Use, Not Suspect of Drug Use",Yes,No Apparent Injury,"Other Action (looking away from task, etc.)",MD,Passenger Car,25,2004,TOYOTA,COROLLA
EJ7852008X,230063664,Gaithersburg Police Depar,Injury Crash,10/31/2023 06:51:00 PM,Maryland (State),S FREDERICK RD,FULKS CORNER AVE,STRAIGHT MOVEMENT ANGLE,,DRY,DARK LIGHTS ON,STOP SIGN,NONE DETECTED,No,NO APPARENT INJURY,NOT DISTRACTED,MD,PASSENGER CAR,30,2013,TOYOTA,PRIUS
MCP3254000T,200045887,Montgomery County Police,Injury Crash,11/20/2020 04:40:00 PM,Maryland (State),OLD HUNDRED RD,RAMP 3 FR MD 109 EB TO RAMP 2 (TO IS270),HEAD ON LEFT TURN,CLEAR,DRY,DAYLIGHT,NO CONTROLS,NONE DETECTED,Yes,NO APPARENT INJURY,LOOKED BUT DID NOT SEE,MD,(SPORT) UTILITY VEHICLE,30,2014,TOYT,RAV-4