Report Number,Local Case Number,Agency Name,ACRS Report Type,Crash Date/Time,Route Type,Road Name,Cross-Street Name,Collision Type,Weather,Surface Condition,Light,Traffic Control,Driver Substance Abuse,Driver At Fault,Injury Severity,Driver Distracted By,Drivers License State,Vehicle Body Type,Speed Limit,Vehicle Year,Vehicle Make,Vehicle Model
MCP2875001V,16019497,Montgomery County Police,Injury Crash,04/20/2016 07:39:00 PM,County,MIDDLEBROOK RD,WARING STATION RD,HEAD ON LEFT TURN,CLEAR,DRY,DAYLIGHT,TRAFFIC SIGNAL,NONE DETECTED,Yes,POSSIBLE INJURY,INATTENTIVE OR LOST IN THOUGHT,MD,PASSENGER CAR,45,2014,TOYOTA,CAMRY
MCP1438008F,190021661,Montgomery County Police,Property Damage Crash,05-08-19 8:01,,,,SAME DIRECTION SIDESWIPE,CLOUDY,,DAYLIGHT,NO CONTROLS,NONE DETECTED,No,NO APPARENT INJURY,NOT DISTRACTED,MD,SCHOOL BUS,15,2010,THOM,BU
MCP3171000H,190016044,Montgomery County Police,Property Damage Crash,04-06-19 19:00,,,,OTHER,CLEAR,,DAYLIGHT,,UNKNOWN,Yes,NO APPARENT INJURY,UNKNOWN,,PASSENGER CAR,20,2011,TOYOTA,CAMRY
MCP2656003J,180050161,Montgomery County Police,Property Damage Crash,10-07-18 15:30,County,GRACEFIELD RD,GRACEFIELD RD (AHEAD),STRAIGHT MOVEMENT ANGLE,,DRY,DAYLIGHT,STOP SIGN,,Yes,NO APPARENT INJURY,LOOKED BUT DID NOT SEE,MD,PASSENGER CAR,30,2018,CADILLAC,4 DOOR
DD5621001B,170519416,Rockville Police Departme,Injury Crash,07/16/2017 02:27:00 PM,Maryland (State),VEIRS MILL RD,TWINBROOK PKWY,HEAD ON LEFT TURN,CLEAR,DRY,DAYLIGHT,TRAFFIC SIGNAL,NONE DETECTED,No,SUSPECTED MINOR INJURY,NOT DISTRACTED,MD,(SPORT) UTILITY VEHICLE,40,2015,CHEV,SU
MCP3170002C,220005386,Montgomery County Police,Property Damage Crash,02-07-22 21:00,Maryland (State),CLOPPER RD,GERMANTOWN RD,ANGLE MEETS LEFT TURN,RAINING,WET,DARK LIGHTS ON,TRAFFIC SIGNAL,UNKNOWN,Yes,NO APPARENT INJURY,UNKNOWN,,,40,0,UNKNOWN,UNKNOWN
MCP06170060,240026720,MONTGOMERY,Property Damage Crash,06-05-24 10:01,Maryland (State) Route,NORWOOD RD,,Front to Rear,Cloudy,Dry,Daylight,No Controls,"Not Suspect of Alcohol Use, Not Suspect of Drug Use",Yes,No Apparent Injury,"Other Action (looking away from task, etc.)",MD,Passenger Car,40,2019,GMC,ACADIA
MCP2072003S,200014478,Montgomery County Police,Injury Crash,03/30/2020 12:15:00 PM,Maryland (State),FREDERICK RD,RIDGE RD,STRAIGHT MOVEMENT ANGLE,CLEAR,DRY,DAYLIGHT,TRAFFIC SIGNAL,NONE DETECTED,Yes,NO APPARENT INJURY,NOT DISTRACTED,MD,PASSENGER CAR,35,2008,MITS,TK
MCP32490062,240040633,MONTGOMERY,Property Damage Crash,08/27/2024 08:55:00 PM,Maryland (State) Route,SANDY SPRING RD,RAMP 1 FR RAMP 4 (FR US 29) TO MD 198 WB,Front to Front,Clear,Dry,Dark - Lighted,Traffic Control Signal,"Not Suspect of Alcohol Use, Not Suspect of Drug Use",No,No Apparent Injury,Not Distracted,MD,Passenger Car,45,2020,TOYOTA,COROLLA
MCP33010037,250030983,MONTGOMERY,Property Damage Crash,07-11-25 22:15,County Route,NEW HAMPSHIRE AVE SER RD,,Single Vehicle,Clear,Dry,Dark - Lighted,No Controls,"Unknown, Unknown",No,,,,Passenger Car,15,2013,FORD,F-150
DD5502001T,15057162,ROCKVILLE,Injury Crash,11-09-15 16:53,County,E JEFFERSON ST,ENT TO FEDERAL PLAZA SC,SAME DIR REAR END,RAINING,WET,DUSK,NO CONTROLS,NONE DETECTED,Yes,NO APPARENT INJURY,NOT DISTRACTED,MD,(SPORT) UTILITY VEHICLE,25,2012,CHEVY,SUV
MCP2805003L,190053006,Montgomery County Police,Injury Crash,11-03-19 21:08,County,SHADY GROVE RD,MILL RUN DR,SAME DIR REAR END,CLEAR,DRY,DARK LIGHTS ON,TRAFFIC SIGNAL,NONE DETECTED,No,POSSIBLE INJURY,NOT DISTRACTED,MD,PASSENGER CAR,45,2013,KIA,FORTE
DD5605002M,16048749,Rockville Police Departme,Property Damage Crash,09/22/2016 02:46:00 PM,Maryland (State),ROCKVILLE PIKE,SPUR TO MONROE PL,SAME DIR REAR END,CLEAR,DRY,DAYLIGHT,TRAFFIC SIGNAL,NONE DETECTED,Yes,NO APPARENT INJURY,INATTENTIVE OR LOST IN THOUGHT,MD,PICKUP TRUCK,40,1998,DODG,TK
MCP3353000M,230020898,Montgomery County Police,Property Damage Crash,05-02-23 9:05,Maryland (State),HUNGERFORD DR,COLLEGE PKWY,SAME DIRECTION LEFT TURN,CLEAR,DRY,DAYLIGHT,TRAFFIC SIGNAL,,No,NO APPARENT INJURY,NOT DISTRACTED,MD,PASSENGER CAR,40,2010,TOYOTA,4S
DD56310022,190036777,Rockville Police Departme,Property Damage Crash,05/19/2019 08:00:00 PM,Municipality,GERARD ST,CURRIER CT,OTHER,,DRY,DAYLIGHT,NO CONTROLS,NONE DETECTED,Unknown,NO APPARENT INJURY,NOT DISTRACTED,MD,PASSENGER CAR,30,2015,CHRY,4S
MCP2864002R,170505509,Montgomery County Police,Property Damage Crash,05-02-17 17:28,County,MONTROSE RD,SEVEN LOCKS RD,SAME DIR REAR END,CLEAR,DRY,DAYLIGHT,TRAFFIC SIGNAL,NONE DETECTED,Yes,NO APPARENT INJURY,UNKNOWN,MD,PASSENGER CAR,40,2007,NISSAN,QUEST
MCP1453002K,16002550,Montgomery County Police,Injury Crash,01/14/2016 11:26:00 AM,County,FATHER HURLEY BLVD,BRIARCLIFF TERR,OTHER,CLEAR,DRY,DAYLIGHT,NO CONTROLS,NONE DETECTED,Yes,SUSPECTED MINOR INJURY,NOT DISTRACTED,MD,PASSENGER CAR,35,2013,FORD,MUSTANG
MCP2894000L,15005158,Montgomery County Police,Property Damage Crash,02-01-15 11:55,Interstate (State),NO NAME,RAMP 4 FR IS 270Y NB TO DEMOCRACY BLVD,SAME DIR REAR END,CLEAR,DRY,DAYLIGHT,NO CONTROLS,NONE DETECTED,Yes,NO APPARENT INJURY,NOT DISTRACTED,MD,POLICE VEHICLE/EMERGENCY,55,2011,CHEV,4S
MCP33290056,250054491,MONTGOMERY,Property Damage Crash,12-05-25 16:21,,,,Single Vehicle,Clear,,Daylight,,"Not Suspect of Alcohol Use, Not Suspect of Drug Use",No,No Apparent Injury,Not Distracted,MD,Bus - School,0,2015,FREIGHTLINER,B2 BUS CHASSIS
MCP1145000F,15010630,Montgomery County Police,Injury Crash,03-07-15 18:59,Maryland (State),FREDERICK RD,ENT TO GREENRIDGE BAPTIST CHURCH,SAME DIR REND LEFT TURN,CLEAR,DRY,DARK LIGHTS ON,NO CONTROLS,NONE DETECTED,No,NO APPARENT INJURY,NOT DISTRACTED,MD,PASSENGER CAR,40,2015,CHRYSLER,TOWN AND COUNTRY
MCP2251001V,170504156,Montgomery County Police,Injury Crash,04/25/2017 03:39:00 PM,Maryland (State),VEIRS MILL RD,REEDIE DR,SAME DIR REAR END,RAINING,WET,DAYLIGHT,TRAFFIC SIGNAL,NONE DETECTED,No,POSSIBLE INJURY,NOT DISTRACTED,MD,PASSENGER CAR,40,2016,KIA,4 DORS
MCP2348000V,15013238,Montgomery County Police,Injury Crash,03/22/2015 06:57:00 PM,Maryland (State),UNIVERSITY BLVD W,ELKIN ST,SAME DIR REAR END,CLEAR,DRY,DAYLIGHT,NO CONTROLS,NONE DETECTED,Yes,NO APPARENT INJURY,NOT DISTRACTED,MD,(SPORT) UTILITY VEHICLE,40,2007,HONDA,ODYSSEY
MCP31970022,210012870,Montgomery County Police,Property Damage Crash,04-06-21 17:40,Maryland (State),NORBECK RD,BEL PRE RD,SAME DIR REAR END,CLEAR,DRY,DAYLIGHT,NO CONTROLS,NONE DETECTED,No,NO APPARENT INJURY,NOT DISTRACTED,MD,PASSENGER CAR,35,2013,SUBARU,XV
MCP30930037,210024108,Montgomery County Police,Property Damage Crash,06/23/2021 07:42:00 PM,County,GREENTREE RD,DRUMALDRY DR,OTHER,CLEAR,DRY,DAYLIGHT,NO CONTROLS,,Yes,NO APPARENT INJURY,LOOKED BUT DID NOT SEE,MD,PASSENGER CAR,35,2010,HONDA,ACCORD
MCP3262004F,240033442,MONTGOMERY,Property Damage Crash,07/15/2024 08:00:00 PM,US (State),COLUMBIA PIKE (SB/L),,Front to Rear,Clear,Dry,Daylight,Traffic Control Signal,"Not Suspect of Alcohol Use, Not Suspect of Drug Use",Yes,No Apparent Injury,Unknown,MD,Passenger Car,45,2008,FORD,EXPLORER
MCP2850000Q,15022133,Montgomery County Police,Property Damage Crash,05-09-15 14:30,Maryland (State),GEORGIA AVE,FOREST GLEN RD,SAME DIR REAR END,CLEAR,DRY,DAYLIGHT,TRAFFIC SIGNAL,,No,NO APPARENT INJURY,NOT DISTRACTED,MD,PASSENGER CAR,45,2012,VOLK,4S
DM8501001K,230053527,Takoma Park Police Depart,Property Damage Crash,09-06-23 19:50,Municipality,KINGWOOD DR,NEW HAMPSHIRE AVE,OTHER,CLEAR,,DUSK,TRAFFIC SIGNAL,,Yes,NO APPARENT INJURY,UNKNOWN,,PASSENGER CAR,20,2016,HONDA,ACCORD
MCP2358001C,15046300,MONTGOMERY,Property Damage Crash,09/13/2015 09:23:00 AM,,,,SINGLE VEHICLE,CLEAR,,DAYLIGHT,,NONE DETECTED,No,NO APPARENT INJURY,NOT DISTRACTED,PA,FIRE VEHICLE/EMERGENCY,25,2009,SPARTAN,CRIMSON
MCP2783006D,250012622,MONTGOMERY,Injury Crash,03/22/2025 06:30:00 PM,County Route,,,Front to Rear,Clear,Dry,Daylight,Traffic Control Signal,"Not Suspect of Alcohol Use, Not Suspect of Drug Use",No,Possible Injury,Not Distracted,DC,Passenger Car,35,2015,LINCOLN,MKZ
MCP2961002W,180021350,Montgomery County Police,Injury Crash,05-01-18 18:45,Maryland (State),GEORGIA AVE,HENDERSON AVE,STRAIGHT MOVEMENT ANGLE,CLEAR,DRY,DAYLIGHT,NO CONTROLS,NONE DETECTED,Yes,POSSIBLE INJURY,UNKNOWN,MD,PASSENGER CAR,35,2000,HONDA,ACCORD
EJ7889000J,210008835,Gaithersburg Police Depar,Property Damage Crash,03-09-21 8:15,,,,SINGLE VEHICLE,,,DAYLIGHT,NO CONTROLS,NONE DETECTED,Yes,NO APPARENT INJURY,NOT DISTRACTED,VA,VAN,0,2017,CHEVY,EXPRESS
MCP2948007F,240053881,MONTGOMERY,Property Damage Crash,11-08-24 15:40,Maryland (State) Route,,,"Sideswipe, Same Direction",Clear,Dry,Daylight,Traffic Control Signal,"Not Suspect of Alcohol Use, Not Suspect of Drug Use",No,No Apparent Injury,Not Distracted,MD,Passenger Car,35,2022,JEEP,COMPASS
MCP3299004R,250028464,MONTGOMERY,Property Damage Crash,06/26/2025 08:53:00 AM,Maryland (State) Route,,,Front to Rear,Clear,Dry,Daylight,No Controls,"Not Suspect of Alcohol Use, Not Suspect of Drug Use",No,No Apparent Injury,Not Distracted,MD,Passenger Car,40,2016,HONDA,CR-V
MCP9417002Z,200008924,Montgomery County Police,Property Damage Crash,02/22/2020 09:53:00 PM,,,,ANGLE MEETS LEFT HEAD ON,CLEAR,,DARK LIGHTS ON,NO CONTROLS,NONE DETECTED,Yes,NO APPARENT INJURY,OTHER DISTRACTION,FL,(SPORT) UTILITY VEHICLE,0,2010,TOYOTA,RAV4
DM8476004D,220055366,Takoma Park Police Depart,Property Damage Crash,12/14/2022 03:10:00 PM,County,MERRIMAC DR,UNIVERSITY BLVD E,STRAIGHT MOVEMENT ANGLE,CLEAR,DRY,DAYLIGHT,,,Yes,NO APPARENT INJURY,LOOKED BUT DID NOT SEE,MD,PASSENGER CAR,35,2016,TOYT,COROLLA
DD561500JF,250030928,ROCKVILLE,Injury Crash,07-11-25 16:30,Maryland (State) Route,,S WASHINGTON ST,Other,Clear,Dry,Daylight,Traffic Control Signal,"Not Suspect of Alcohol Use, Not Suspect of Drug Use",No,Possible Injury,Not Distracted,MD,Passenger Car,30,2011,NISSAN,SENTRA
MCP2445005T,240028270,MONTGOMERY,Property Damage Crash,06/14/2024 06:39:00 AM,County Route,GUNNERS BRANCH RD,,Front to Rear,Clear,Dry,Daylight,No Controls,"Not Suspect of Alcohol Use, Not Suspect of Drug Use",Yes,No Apparent Injury,Unknown,MD,Sport Utility Vehicle,30,2007,HONDA,PILOT
MCP3230007T,250057392,MONTGOMERY,Property Damage Crash,12/23/2025 06:56:00 PM,,,,"Sideswipe, Same Direction",Clear,,Dark - Lighted,,"Unknown, Unknown",No,,,,Passenger Car,0,2017,DODGE,CHALLENGER
EJ7747003H,170542023,Gaithersburg Police Depar,Injury Crash,11-10-17 11:15,Maryland (State),FREDERICK RD,WALKER AVE,SAME DIR REAR END,CLEAR,DRY,DAYLIGHT,NO CONTROLS,NONE DETECTED,No,SUSPECTED MINOR INJURY,NOT DISTRACTED,MD,PASSENGER CAR,30,2011,NISSAN,ALTIMA
MCP2353006H,190001606,Montgomery County Police,Injury Crash,01-10-19 15:01,Maryland (State),OLD GEORGETOWN RD,LONE OAK DR,SAME DIR REAR END,CLEAR,DRY,DAYLIGHT,TRAFFIC SIGNAL,NONE DETECTED,No,POSSIBLE INJURY,NOT DISTRACTED,MD,POLICE VEHICLE/NON EMERGENCY,35,2014,DODGE,CHARGER
MCP29090016,16056762,Montgomery County Police,Property Damage Crash,11-03-16 18:10,Maryland (State),WISCONSIN AVE,LELAND ST,STRAIGHT MOVEMENT ANGLE,CLEAR,DRY,DUSK,TRAFFIC SIGNAL,NONE DETECTED,No,NO APPARENT INJURY,NOT DISTRACTED,MD,(SPORT) UTILITY VEHICLE,25,2016,MAZDA,SUV
MCP27280073,200016692,Montgomery County Police,Property Damage Crash,04/21/2020 04:15:00 PM,Ramp,RAMP 7 FR RAMP 2 (FR IS 495) TO MD 97 SB,RAMP 2 FR IS 495 WB TO MD 97 NB,SAME DIR REAR END,CLEAR,,DAYLIGHT,NO CONTROLS,NONE DETECTED,Yes,NO APPARENT INJURY,LOOKED BUT DID NOT SEE,MD,"OTHER LIGHT TRUCKS (10,000LBS (4,536KG) OR LESS)",25,2019,FORD,F150
MCP2866006L,200038939,Montgomery County Police,Property Damage Crash,10-03-20 13:00,Maryland (State),CONNECTICUT AVE,ADAMS DR,ANGLE MEETS LEFT TURN,CLEAR,DRY,DAYLIGHT,TRAFFIC SIGNAL,NONE DETECTED,Yes,NO APPARENT INJURY,UNKNOWN,MD,PASSENGER CAR,35,2007,ACURA,TSX
MCP31920035,220041007,Montgomery County Police,Property Damage Crash,09/20/2022 07:27:00 PM,County,RANDOLPH RD,GOODHILL RD,OPPOSITE DIR BOTH LEFT TURN,CLEAR,DRY,DARK LIGHTS ON,NO CONTROLS,NONE DETECTED,Unknown,NO APPARENT INJURY,UNKNOWN,MD,PASSENGER CAR,35,2015,TOYOTA,RAV 4
MCP2615003J,200013241,Montgomery County Police,Injury Crash,03/19/2020 07:07:00 AM,US (State),COLUMBIA PIKE,STEWART LA,SAME DIR REAR END,RAINING,WET,DUSK,TRAFFIC SIGNAL,NONE DETECTED,No,NO APPARENT INJURY,NOT DISTRACTED,MD,PASSENGER CAR,50,2016,BMW,SUV
MCP3401000M,240009924,MONTGOMERY,Injury Crash,02/29/2024 03:58:00 PM,Crossover,,,Other,Clear,Dry,Daylight,Traffic Control Signal,"Not Suspect of Alcohol Use, Not Suspect of Drug Use",No,No Apparent Injury,Not Distracted,MD,Passenger Car,35,2014,DODGE,CHARGER
MCP30520019,180028734,Montgomery County Police,Property Damage Crash,06-10-18 22:30,County,ARROWHEAD RD,CHATTEROY PL,SAME DIR REAR END,,DRY,DARK NO LIGHTS,STOP SIGN,NONE DETECTED,No,NO APPARENT INJURY,NOT DISTRACTED,MD,PASSENGER CAR,35,2006,PORS,TK
MCP2612001C,15066189,MONTGOMERY,Property Damage Crash,12/25/2015 11:11:00 PM,County,HEWITT AVE,GEORGIA AVE,STRAIGHT MOVEMENT ANGLE,CLEAR,WET,DARK LIGHTS ON,NO CONTROLS,NONE DETECTED,No,NO APPARENT INJURY,NOT DISTRACTED,MD,PASSENGER CAR,25,2010,HONDA,ACCORD
DD5644003K,240013022,ROCKVILLE,Injury Crash,03/18/2024 08:15:00 PM,Municipality Route,WOOTTON PKWY,W EDMONSTON DR,Angle,Clear,Dry,Dark - Lighted,Traffic Control Signal,"Not Suspect of Alcohol Use, Not Suspect of Drug Use",No,No Apparent Injury,Not Distracted,MD,Passenger Car,35,2019,NISSAN,SENTRA
MCP2760006F,250006695,MONTGOMERY,Property Damage Crash,02/14/2025 04:30:00 PM,County Route,WASHINGTON GROVE LA,EMORY GROVE RD,Front to Rear,Clear,Dry,Daylight,Flashing Traffic Control Signal,"Not Suspect of Alcohol Use, Not Suspect of Drug Use",No,No Apparent Injury,Not Distracted,MD,Passenger Car,30,2018,TOYOTA,COROLLA
MCP2298004T,15010339,Montgomery County Police,Property Damage Crash,03-05-15 14:36,County,WISTERIA DR,WALTER JOHNSON RD,SAME DIR REAR END,SNOW,SNOW,DAYLIGHT,NO CONTROLS,NONE DETECTED,Yes,NO APPARENT INJURY,NOT DISTRACTED,DC,(SPORT) UTILITY VEHICLE,35,1997,FORD,EXPLOROR
MCP2837005M,230055018,Montgomery County Police,Property Damage Crash,09/15/2023 09:30:00 AM,Maryland (State),FALLS RD,POTOMAC TENNIS LA,SAME DIRECTION LEFT TURN,,DRY,DAYLIGHT,NO CONTROLS,,No,NO APPARENT INJURY,NOT DISTRACTED,PA,PASSENGER CAR,25,2015,NISSAN,SDN
MCP28450080,210050369,Montgomery County Police,Property Damage Crash,12-11-21 14:22,Maryland (State),UNIVERSITY BLVD E,LEXINGTON DR,SAME DIR REAR END,CLOUDY,WET,DAYLIGHT,TRAFFIC SIGNAL,NONE DETECTED,Yes,NO APPARENT INJURY,UNKNOWN,MD,PASSENGER CAR,40,2017,CHEVROLET,CRUZE
DM8376000F,16067104,Takoma Park Police Depart,Property Damage Crash,12/30/2016 10:19:00 AM,Maryland (State),ETHAN ALLEN AVE,JACKSON AVE,SAME DIR REAR END,,DRY,DAYLIGHT,STOP SIGN,NONE DETECTED,Yes,NO APPARENT INJURY,UNKNOWN,MD,"CARGO VAN/LIGHT TRUCK 2 AXLES (OVER 10,000LBS (4,536 KG))",25,2012,ISU,TK
MCP33030029,250044626,MONTGOMERY,Property Damage Crash,10-04-25 12:32,,,,"Sideswipe, Opposite Direction",Clear,,Daylight,,"Not Suspect of Alcohol Use, Not Suspect of Drug Use",No,No Apparent Injury,Not Distracted,MD,Sport Utility Vehicle,0,2024,TOYOTA,GRAND HIGHLANDER
MCP0685002T,17007829,Montgomery County Police,Property Damage Crash,02/13/2017 10:59:00 AM,County,E GUDE DR,CRABBS BRANCH WAY,HEAD ON LEFT TURN,CLEAR,DRY,DAYLIGHT,TRAFFIC SIGNAL,NONE DETECTED,No,NO APPARENT INJURY,NOT DISTRACTED,QC,VAN,35,2007,HYUNDAI,VAN
DM8490003F,250024301,TAKOMA,Property Damage Crash,06-01-25 5:51,Municipality Route,LINCOLN AVE,,Single Vehicle,Unknown,Dry,Daylight,Stop Sign,"Unknown, Unknown",No,No Apparent Injury,Unknown,,Passenger Car,25,2018,HYUNDAI,TUCSON
MCP33290045,250015322,MONTGOMERY,Property Damage Crash,04-08-25 17:07,,,,Front to Front,Clear,,Daylight,,"Not Suspect of Alcohol Use, Not Suspect of Drug Use",Yes,No Apparent Injury,Unknown,MD,Passenger Car,0,2016,CHEVROLET,CAMARO
MCP25680005,15052488,MONTGOMERY,Property Damage Crash,10/16/2015 03:17:00 AM,Maryland (State),FREDERICK RD,KING FARM BLVD,SAME DIR REAR END,CLEAR,DRY,DARK LIGHTS ON,TRAFFIC SIGNAL,NONE DETECTED,Yes,NO APPARENT INJURY,NOT DISTRACTED,MD,VAN,40,2011,TOYT,SIENNA
MCP2586004Z,190042011,Montgomery County Police,Injury Crash,09-02-19 16:46,County,COMUS RD,FREDERICK CO/L,SINGLE VEHICLE,CLEAR,WET,DAYLIGHT,,NONE DETECTED,Yes,NO APPARENT INJURY,TALKING OR LISTENING TO CELLULAR PHONE,MD,PICKUP TRUCK,40,2018,FORD,RAPTOR
MCP3269001X,220025710,Montgomery County Police,Injury Crash,06/15/2022 07:46:00 AM,County,CASTLE BLVD,TEAGARDEN CIR,SINGLE VEHICLE,CLEAR,DRY,DAYLIGHT,NO CONTROLS,NONE DETECTED,Yes,SUSPECTED MINOR INJURY,NOT DISTRACTED,MD,PASSENGER CAR,25,2014,HYUN,SONATA
MCP3059008G,220033913,Montgomery County Police,Injury Crash,08-07-22 15:23,Maryland (State),GERMANTOWN RD,OBSERVATION DR,SAME DIR REAR END,CLEAR,DRY,DAYLIGHT,TRAFFIC SIGNAL,NONE DETECTED,No,POSSIBLE INJURY,NOT DISTRACTED,MD,PASSENGER CAR,40,2014,DODGE,CHARGER
MCP3230000Z,200018914,Montgomery County Police,Property Damage Crash,05-10-20 21:20,County,CENTERHILL ST,EMBRY ST,HEAD ON,CLEAR,DRY,DARK LIGHTS ON,OTHER,NONE DETECTED,No,NO APPARENT INJURY,NOT DISTRACTED,MD,PASSENGER CAR,25,2016,TOYOTA,COROLLA
MCP2239002G,230007202,Montgomery County Police,Injury Crash,02/13/2023 06:36:00 AM,County,SHADY GROVE RD,CRABBS BRANCH WAY,SINGLE VEHICLE,OTHER,ICE,DAWN,,,Yes,POSSIBLE INJURY,NOT DISTRACTED,MD,PASSENGER CAR,40,2015,TOYOTA,4 RUNNER
MCP3074004W,210042806,Montgomery County Police,Property Damage Crash,10/24/2021 03:50:00 PM,,,,OTHER,CLEAR,,DAYLIGHT,NO CONTROLS,,Yes,NO APPARENT INJURY,LOOKED BUT DID NOT SEE,MD,PASSENGER CAR,0,2010,MERC,SUV
MCP31700023,210041713,Montgomery County Police,Injury Crash,10/17/2021 07:23:00 PM,Other Public Roadway,FATHER HURLEY BLVD,HOPKINS RD,HEAD ON LEFT TURN,CLEAR,DRY,DARK LIGHTS ON,TRAFFIC SIGNAL,NONE DETECTED,Yes,NO APPARENT INJURY,LOOKED BUT DID NOT SEE,MD,PASSENGER CAR,35,2007,HONDA,CIVIC
MCP22980102,220020518,Montgomery County Police,Property Damage Crash,05/14/2022 07:50:00 AM,Maryland (State),RIDGE RD,BETHESDA CHURCH RD,STRAIGHT MOVEMENT ANGLE,RAINING,WET,DAYLIGHT,TRAFFIC SIGNAL,NONE DETECTED,No,NO APPARENT INJURY,NOT DISTRACTED,MD,(SPORT) UTILITY VEHICLE,30,2013,TOYT,SU
DD5612004F,230058768,Rockville Police Departme,Injury Crash,10-05-23 16:21,Maryland (State),VEIRS MILL RD,MEADOW HALL DR,STRAIGHT MOVEMENT ANGLE,CLEAR,DRY,DAYLIGHT,NO CONTROLS,NONE DETECTED,Yes,POSSIBLE INJURY,LOOKED BUT DID NOT SEE,WA,PICKUP TRUCK,0,2018,TOYOTA,TACOMA
MCP3073002G,180053699,Montgomery County Police,Property Damage Crash,10/26/2018 03:30:00 PM,Maryland (State),UNIVERSITY BLVD W,VEIRS MILL RD,SAME DIRECTION SIDESWIPE,RAINING,WET,DAYLIGHT,TRAFFIC SIGNAL,,No,NO APPARENT INJURY,NOT DISTRACTED,MD,PASSENGER CAR,45,2006,FORD,F150
MCP27800077,230033432,Montgomery County Police,Injury Crash,07/13/2023 06:25:00 PM,Maryland (State),FREDERICK RD,SHAKESPEARE BLVD,STRAIGHT MOVEMENT ANGLE,CLOUDY,DRY,DAYLIGHT,TRAFFIC SIGNAL,NONE DETECTED,No,POSSIBLE INJURY,LOOKED BUT DID NOT SEE,MD,PASSENGER CAR,35,2008,BMW,328I
MCP2894005R,190025065,Montgomery County Police,Property Damage Crash,05/26/2019 02:20:00 PM,Maryland (State),CONNECTICUT AVE,ADAMS DR,STRAIGHT MOVEMENT ANGLE,CLEAR,DRY,DAYLIGHT,NO CONTROLS,NONE DETECTED,No,NO APPARENT INJURY,NOT DISTRACTED,DC,PASSENGER CAR,40,2013,TOYOTA,CAMRY
MCP3170001C,200002914,Montgomery County Police,Injury Crash,01/17/2020 06:50:00 PM,Maryland (State),FREDERICK RD,BRINK RD,SAME DIR REAR END,CLEAR,DRY,DARK -- UNKNOWN LIGHTING,NO CONTROLS,NONE DETECTED,Yes,NO APPARENT INJURY,OTHER DISTRACTION,MD,PASSENGER CAR,40,2005,MERC,TK
EJ77810034,210044814,Gaithersburg Police Depar,Property Damage Crash,11-05-21 13:00,Maryland (State),FREDERICK RD,ODENDHAL AVE,HEAD ON LEFT TURN,CLEAR,DRY,DAYLIGHT,NO CONTROLS,NONE DETECTED,Yes,NO APPARENT INJURY,NOT DISTRACTED,MD,PASSENGER CAR,30,2021,TOYT,UT
MCP1554002K,170543979,Montgomery County Police,Property Damage Crash,11/20/2017 06:56:00 PM,Interstate (State),EISENHOWER MEMORIAL HWY,OLD GEORGETOWN RD,SAME DIRECTION SIDESWIPE,CLEAR,DRY,DARK NO LIGHTS,NO CONTROLS,NONE DETECTED,Yes,NO APPARENT INJURY,UNKNOWN,VA,(SPORT) UTILITY VEHICLE,50,2016,TOYOTA,RAV4  SUV
MCP27730022,16066320,Montgomery County Police,Property Damage Crash,12/25/2016 05:24:00 PM,Maryland (State),UNIVERSITY BLVD E,GILBERT ST,SAME DIR REAR END,CLEAR,DRY,DARK LIGHTS ON,NO CONTROLS,ALCOHOL PRESENT,No,NO APPARENT INJURY,NOT DISTRACTED,MD,PASSENGER CAR,40,2014,KIA,OPTIMA
MCP1580002G,15004141,Montgomery County Police,Property Damage Crash,01/26/2015 09:02:00 AM,Maryland (State),FREDERICK RD,SPUR TO MD 124,SAME DIR REAR END,SNOW,WET,DAYLIGHT,YIELD SIGN,NONE DETECTED,No,NO APPARENT INJURY,NOT DISTRACTED,MD,SCHOOL BUS,35,2011,THOMAS,SCH BUS
MCP271700RF,190059541,Montgomery County Police,Property Damage Crash,12-10-19 16:45,Maryland (State),VEIRS MILL RD,UNIVERSITY BLVD W,OTHER,RAINING,WET,DARK LIGHTS ON,NO CONTROLS,NONE DETECTED,No,NO APPARENT INJURY,NOT DISTRACTED,MD,TRANSIT BUS,35,2011,NEW FLYER,TRANSIT BUS
MCP28450067,200003732,Montgomery County Police,Property Damage Crash,01/23/2020 08:27:00 AM,US (State),COLESVILLE RD,CRESTMOOR DR,SAME DIR REAR END,CLEAR,DRY,DAYLIGHT,NO CONTROLS,NONE DETECTED,Yes,NO APPARENT INJURY,UNKNOWN,DC,(SPORT) UTILITY VEHICLE,40,2003,LEXUS,RX300
MCP14170083,170533007,Montgomery County Police,Injury Crash,09/25/2017 12:25:00 PM,Municipality,FIRSTFIELD RD,QUINCE ORCHARD BLVD,STRAIGHT MOVEMENT ANGLE,,DRY,DAYLIGHT,STOP SIGN,NONE DETECTED,Yes,NO APPARENT INJURY,UNKNOWN,VA,PASSENGER CAR,35,2007,NISSAN,ALTIMA