Report Number,Local Case Number,Agency Name,ACRS Report Type,Crash Date/Time,Route Type,Road Name,Cross-Street Name,Collision Type,Weather,Surface Condition,Light,Traffic Control,Driver Substance Abuse,Driver At Fault,Injury Severity,Driver Distracted By,Drivers License State,Vehicle Body Type,Speed Limit,Vehicle Year,Vehicle Make,Vehicle Model
DM85050020,250006274,TAKOMA,Property Damage Crash,02-11-25 19:30,Maryland (State) Route,,JEFFERSON AVE,"Sideswipe, Same Direction",Blowing Snow,Snow,Dark - Lighted,No Controls,"Unknown, Unknown",No,No Apparent Injury,Not Distracted,MD,Sport Utility Vehicle,30,2020,TOYOTA,RAV4
MCP33370031,240047732,MONTGOMERY,Injury Crash,10-06-24 17:01,County Route,VALLEYWOOD DR (NB/L),,Rear To Side,Clear,Dry,Daylight,No Controls,"Not Suspect of Alcohol Use, Not Suspect of Drug Use",No,No Apparent Injury,Unknown,VA,Passenger Car,25,2009,HONDA,CIVIC
MCP3300000J,210032586,Montgomery County Police,Injury Crash,08/20/2021 11:08:00 AM,County,RANDOLPH RD,DEWEY RD,STRAIGHT MOVEMENT ANGLE,CLEAR,DRY,DAYLIGHT,TRAFFIC SIGNAL,NONE DETECTED,No,POSSIBLE INJURY,NOT DISTRACTED,MD,PASSENGER CAR,35,2021,TOYOTA,COROLLA
MCP2473000V,170507238,Montgomery County Police,Property Damage Crash,05-11-17 14:55,County,FAIRLAND RD,COLEFAIR DR,HEAD ON,RAINING,WET,DAYLIGHT,NO CONTROLS,,No,NO APPARENT INJURY,NOT DISTRACTED,MD,PASSENGER CAR,40,2013,FORD,FIESTA
MCP3255006L,240060901,MONTGOMERY,Injury Crash,12/20/2024 04:30:00 PM,County Route,,,Angle,Clear,Wet,Dusk,Stop Sign,"Not Suspect of Alcohol Use, Not Suspect of Drug Use",Yes,Suspected Serious Injury,Unknown,MD,Passenger Car,15,2019,SUBARU,OUTBACK
MCP2831002F,170546080,Montgomery County Police,Property Damage Crash,12-01-17 19:33,Maryland (State),FREDERICK RD,MIDDLEBROOK RD,SAME DIRECTION SIDESWIPE,CLEAR,DRY,DARK LIGHTS ON,TRAFFIC SIGNAL,,No,NO APPARENT INJURY,NOT DISTRACTED,MD,PASSENGER CAR,45,2010,MERZ,TK
MCP25160049,230047087,Montgomery County Police,Property Damage Crash,07/31/2023 08:00:00 AM,,,,OTHER,UNKNOWN,,UNKNOWN,NO CONTROLS,,Yes,NO APPARENT INJURY,UNKNOWN,XX,PASSENGER CAR,5,2014,TOYOTA,SCION
MCP2564000Q,15061022,MONTGOMERY,Property Damage Crash,11/29/2015 08:55:00 PM,County,BRINK RD,WIGHTMAN RD,SINGLE VEHICLE,CLEAR,WET,DARK NO LIGHTS,NO CONTROLS,NONE DETECTED,Yes,NO APPARENT INJURY,NOT DISTRACTED,MD,PASSENGER CAR,35,1992,GEO,METRO
MCP30380028,180038716,Montgomery County Police,Property Damage Crash,08-04-18 17:21,,,,OTHER,CLEAR,,DAYLIGHT,NO CONTROLS,,No,NO APPARENT INJURY,NOT DISTRACTED,MD,PASSENGER CAR,5,2013,TOYOTA,CAMRY
MCP33290022,230059157,Montgomery County Police,Property Damage Crash,10-07-23 17:02,US (State),COLUMBIA PIKE,FAIRLAND RD,HEAD ON LEFT TURN,CLEAR,DRY,DAYLIGHT,TRAFFIC SIGNAL,NONE DETECTED,No,NO APPARENT INJURY,NOT DISTRACTED,MD,PASSENGER CAR,55,2023,TESLA,Y
MCP3402001K,240029705,MONTGOMERY,Property Damage Crash,06/23/2024 11:02:00 AM,Maryland (State) Route,NEW HAMPSHIRE AVE (SB/L),,"Sideswipe, Same Direction",Clear,Dry,Daylight,No Controls,"Unknown, Unknown",Yes,,,,Passenger Car,35,2020,HYUNDAI,TUCSON
MCP22520018,16007512,Montgomery County Police,Property Damage Crash,02/17/2016 06:18:00 AM,County,WHITES FERRY RD,MARTINSBURG RD,SINGLE VEHICLE,FOGGY,ICE,DARK LIGHTS ON,,NONE DETECTED,Yes,NO APPARENT INJURY,LOOKED BUT DID NOT SEE,MD,PASSENGER CAR,30,2004,TOYOTA,TACOMA
MCP20720011,16033502,Montgomery County Police,Injury Crash,07-02-16 10:45,County,MIDDLEBROOK RD,CENTURY BLVD,STRAIGHT MOVEMENT ANGLE,CLEAR,DRY,DAYLIGHT,TRAFFIC SIGNAL,NONE DETECTED,No,POSSIBLE INJURY,NOT DISTRACTED,MD,PASSENGER CAR,25,2011,VOLVO,S40
MCP2016004Z,200000601,Montgomery County Police,Injury Crash,01-04-20 13:27,Maryland (State),ROCKVILLE PIKE,W EDMONSTON DR,SAME DIR REAR END,CLOUDY,WET,DAYLIGHT,,,No,SUSPECTED MINOR INJURY,NOT DISTRACTED,MD,PASSENGER CAR,40,2005,FORD,4S
MCP2799005M,20020903,Montgomery County Police,Property Damage Crash,05/26/2020 04:00:00 PM,County,EDNOR RD,ROCKY GORGE CT,SINGLE VEHICLE,CLEAR,DRY,DAYLIGHT,NO CONTROLS,COMBINATION CONTRIBUTED,Yes,NO APPARENT INJURY,UNKNOWN,,PASSENGER CAR,30,2003,TOYT,COROLLA
MCP2905003Z,180023713,Montgomery County Police,Property Damage Crash,05/14/2018 04:06:00 PM,Maryland (State),OLD GEORGETOWN RD,LINCOLN ST,OTHER,CLEAR,DRY,DAYLIGHT,NO CONTROLS,,No,NO APPARENT INJURY,NOT DISTRACTED,MD,SCHOOL BUS,40,2015,THOM,BU
MCP3010000S,16017895,Montgomery County Police,Property Damage Crash,04-12-16 15:24,Maryland (State),UNIVERSITY BLVD W,CONNECTICUT AVE,SAME DIR REAR END,CLEAR,DRY,DAYLIGHT,TRAFFIC SIGNAL,NONE DETECTED,Yes,NO APPARENT INJURY,OTHER DISTRACTION,MD,PASSENGER CAR,30,2015,DODGE,DART
MCP29540016,15056142,MONTGOMERY,Injury Crash,11-04-15 9:33,US (State),COLESVILLE RD,LANARK WAY,STRAIGHT MOVEMENT ANGLE,CLEAR,DRY,DAYLIGHT,NO CONTROLS,NONE DETECTED,No,NO APPARENT INJURY,NOT DISTRACTED,MD,PASSENGER CAR,45,2010,HOND,4S
MCP30060009,16001945,Montgomery County Police,Property Damage Crash,01-11-16 14:18,County,RANDOLPH RD,GRANDVIEW AVE,SAME DIR REAR END,CLEAR,DRY,DAYLIGHT,NO CONTROLS,NONE DETECTED,Yes,NO APPARENT INJURY,NOT DISTRACTED,CT,PASSENGER CAR,40,2008,HYUNDAI,AZERA
MCP1433001X,180048361,Montgomery County Police,Property Damage Crash,09/27/2018 06:55:00 PM,Maryland (State),ROCKVILLE PIKE,TEMPLETON PL,SAME DIR REAR END,RAINING,WET,DUSK,TRAFFIC SIGNAL,UNKNOWN,Yes,NO APPARENT INJURY,LOOKED BUT DID NOT SEE,MD,(SPORT) UTILITY VEHICLE,35,2013,JEEP,SU
MCP2118000C,180006065,Montgomery County Police,Injury Crash,02-04-18 22:16,County,VALLEY PARK DR,CANVAS BACK WAY,HEAD ON LEFT TURN,SLEET,ICE,DARK LIGHTS ON,NO CONTROLS,NONE DETECTED,Yes,NO APPARENT INJURY,NOT DISTRACTED,MD,(SPORT) UTILITY VEHICLE,35,2018,SUBA,2S
MCP242500G3,200012345,Montgomery County Police,Property Damage Crash,03/13/2020 09:04:00 AM,County,SEMINARY RD,SELWAY LA,SAME DIRECTION SIDESWIPE,CLOUDY,WET,DAYLIGHT,TRAFFIC SIGNAL,NONE DETECTED,No,NO APPARENT INJURY,NOT DISTRACTED,MD,PICKUP TRUCK,25,2014,FORD,F150
MCP2767003X,170551079,Montgomery County Police,Property Damage Crash,12/28/2017 06:23:00 PM,Maryland (State),UNIVERSITY BLVD W,ORANGE DR,SAME DIR REAR END,,DRY,DARK LIGHTS ON,NO CONTROLS,NONE DETECTED,Yes,NO APPARENT INJURY,NOT DISTRACTED,MD,PASSENGER CAR,35,2005,LINCOLN,LS
MCP3233004W,240025642,MONTGOMERY,Property Damage Crash,05/30/2024 02:50:00 PM,County Route,E WAYNE AVE,,Front to Rear,Clear,Dry,Daylight,No Controls,"Not Suspect of Alcohol Use, Not Suspect of Drug Use",No,No Apparent Injury,Not Distracted,,Passenger Car,35,2007,HONDA,CIVIC
MCP3121004W,220026763,Montgomery County Police,Property Damage Crash,06/21/2022 04:41:00 PM,County,MONTGOMERY VILLAGE AVE,CLUB HOUSE RD,HEAD ON LEFT TURN,CLEAR,DRY,DAYLIGHT,TRAFFIC SIGNAL,NONE DETECTED,No,NO APPARENT INJURY,NOT DISTRACTED,XX,PASSENGER CAR,35,2001,TOYOTA,CAMRY
DD55830037,170535572,Rockville Police Departme,Property Damage Crash,10-09-17 7:02,Maryland (State),ROCKVILLE PIKE,TRUCK ST,SAME DIRECTION RIGHT TURN,RAINING,WET,DARK LIGHTS ON,,NONE DETECTED,No,NO APPARENT INJURY,NOT DISTRACTED,MD,PASSENGER CAR,35,2016,NISSAN,PATHFINDER
MCP1323001N,220002521,Montgomery County Police,Property Damage Crash,01/20/2022 02:30:00 PM,Maryland (State),COLESVILLE RD,EAST WEST HWY,SAME DIRECTION SIDESWIPE,CLOUDY,WET,DAYLIGHT,TRAFFIC SIGNAL,NONE DETECTED,Unknown,NO APPARENT INJURY,OTHER DISTRACTION,MD,POLICE VEHICLE/EMERGENCY,35,2010,TOYT,SD
MCP2675002T,210014310,Montgomery County Police,Property Damage Crash,04/17/2021 12:30:00 AM,,,,OTHER,CLEAR,,DARK LIGHTS ON,NO CONTROLS,,No,NO APPARENT INJURY,NOT DISTRACTED,MD,POLICE VEHICLE/NON EMERGENCY,5,2018,FORD,TAURUS
MCP25630027,250045429,MONTGOMERY,Fatal Crash,10-09-25 15:12,County Route,RUSSETT RD,BAUER DR,Single Vehicle,Clear,Dry,Daylight,Pedestrian Crossing Sign,"Not Suspect of Alcohol Use, Not Suspect of Drug Use",No,No Apparent Injury,Not Distracted,MD,Bus - School,25,2019,THOMAS BUILT,HDX
MCP1433002Z,200002204,Montgomery County Police,Injury Crash,01/13/2020 07:03:00 PM,Municipality,WOOTTON PKWY,FLEET ST,ANGLE MEETS LEFT HEAD ON,CLOUDY,DRY,DARK LIGHTS ON,STOP SIGN,NONE DETECTED,Yes,NO APPARENT INJURY,LOOKED BUT DID NOT SEE,MD,PASSENGER CAR,30,2010,HOND,CIVIC
MCP1580006Q,16062426,Montgomery County Police,Injury Crash,12-05-16 13:35,County,SHADY GROVE RD,BRIARDALE RD,HEAD ON LEFT TURN,CLEAR,DRY,DAYLIGHT,TRAFFIC SIGNAL,NONE DETECTED,No,POSSIBLE INJURY,NOT DISTRACTED,MD,(SPORT) UTILITY VEHICLE,45,2004,FORD,ESCAPE
MCP28530096,230054899,Montgomery County Police,Property Damage Crash,09/14/2023 05:28:00 PM,,,,OTHER,CLEAR,,DAYLIGHT,NO CONTROLS,,Yes,NO APPARENT INJURY,NOT DISTRACTED,MD,PASSENGER CAR,5,2014,HYUNDAI,SONATA
MCP3158004V,240024975,MONTGOMERY,Property Damage Crash,05/25/2024 09:19:00 PM,,,,Front to Rear,Clear,,Dark - Lighted,,"Not Suspect of Alcohol Use, Not Suspect of Drug Use",Yes,No Apparent Injury,,,Pickup,0,2008,CHEVROLET,SILVERADO
MCP2923001C,15065308,MONTGOMERY,Property Damage Crash,12/19/2015 12:23:00 PM,Maryland (State),GEORGIA AVE,HERMITAGE AVE,SINGLE VEHICLE,CLEAR,DRY,DAYLIGHT,NO CONTROLS,NONE DETECTED,Yes,NO APPARENT INJURY,NOT DISTRACTED,MD,POLICE VEHICLE/NON EMERGENCY,40,2013,FORD,INTERCEPTER
MCP29540047,170540666,Montgomery County Police,Injury Crash,11-03-17 12:30,Maryland (State),GEORGIA AVE,FOREST GLEN RD,SAME DIR REAR END,CLOUDY,DRY,DAYLIGHT,NO CONTROLS,NONE DETECTED,Yes,POSSIBLE INJURY,UNKNOWN,MD,PASSENGER CAR,40,2014,FORD,4S
MCP24690018,16047065,Montgomery County Police,Injury Crash,09/14/2016 07:30:00 AM,County,JACKSON RD,KERWOOD RD,OTHER,,DRY,DAYLIGHT,STOP SIGN,NONE DETECTED,Yes,NO APPARENT INJURY,OTHER DISTRACTION,MD,PASSENGER CAR,25,2015,HONDA,ACCORD
MCP285900HY,250011369,MONTGOMERY,Injury Crash,03/15/2025 12:20:00 PM,Ramp,RAMP 5 FR IS 270 SB TO SHADY GROVE RD,,Angle,Cloudy,Dry,Daylight,Traffic Control Signal,"Not Suspect of Alcohol Use, Not Suspect of Drug Use",Yes,No Apparent Injury,Unknown,MD,Pickup,30,2004,FORD,F-150
MCP3137000V,190032810,Montgomery County Police,Property Damage Crash,07-10-19 18:49,County,E RANDOLPH RD,APPLEBY DR,SAME DIR REAR END,CLEAR,DRY,DAYLIGHT,NO CONTROLS,NONE DETECTED,No,NO APPARENT INJURY,NOT DISTRACTED,MD,MOTORCYCLE,35,2014,HONDA,MC
MCP2796001T,15025220,Montgomery County Police,Property Damage Crash,05/26/2015 06:35:00 AM,Maryland (State),LAYHILL RD,MIDDLEVALE LA,SAME DIR REAR END,CLEAR,DRY,DAYLIGHT,TRAFFIC SIGNAL,NONE DETECTED,Yes,NO APPARENT INJURY,UNKNOWN,MD,PASSENGER CAR,35,2013,JEEP,WRANGLER
MCP3038000J,170515205,Montgomery County Police,Property Damage Crash,06/22/2017 03:54:00 PM,Maryland (State),ROCKVILLE PIKE,ENT TO MID-PIKE PLAZA,SAME DIR REAR END,,DRY,DAYLIGHT,TRAFFIC SIGNAL,,No,NO APPARENT INJURY,NOT DISTRACTED,MD,TRANSIT BUS,40,2004,ORION,BUS WHLCH
MCP1580006X,17003438,Montgomery County Police,Property Damage Crash,01/20/2017 08:22:00 AM,County,BROSCHART RD,BLACKWELL RD,STRAIGHT MOVEMENT ANGLE,RAINING,WET,DAYLIGHT,STOP SIGN,NONE DETECTED,Yes,NO APPARENT INJURY,UNKNOWN,MD,PASSENGER CAR,35,2009,TOYT,COROLLA
MCP3244001B,220003373,Montgomery County Police,Property Damage Crash,01/26/2022 07:42:00 AM,County,FOREST GLEN RD,WOODLAND DR,STRAIGHT MOVEMENT ANGLE,CLEAR,DRY,DAYLIGHT,STOP SIGN,NONE DETECTED,No,NO APPARENT INJURY,NOT DISTRACTED,MD,PASSENGER CAR,30,2016,VOLKSWAGON,JETTA
MCP24870028,210033309,Montgomery County Police,Property Damage Crash,08/26/2021 11:55:00 AM,County,BERRYVILLE RD,FINEGAN FARM DR,OTHER,CLEAR,DRY,DAYLIGHT,NO CONTROLS,NONE DETECTED,No,NO APPARENT INJURY,NOT DISTRACTED,MD,"MEDIUM/HEAVY TRUCKS 3 AXLES (OVER 10,000LBS (4,536KG))",0,2002,INTERNATIONAL,DS
DD5660000K,230062350,Rockville Police Departme,Property Damage Crash,10/24/2023 04:59:00 PM,Municipality,W GUDE DR,W MONTGOMERY AVE,SAME DIR REAR END,,DRY,DAYLIGHT,NO CONTROLS,NONE DETECTED,Yes,NO APPARENT INJURY,NOT DISTRACTED,MD,PASSENGER CAR,35,2008,VOLK,SD
DM8336000N,16004110,Takoma Park Police Depart,Property Damage Crash,01/25/2016 06:43:00 AM,Maryland (State),ETHAN ALLEN AVE,ELM AVE,OTHER,SNOW,ICE,DARK LIGHTS ON,,NONE DETECTED,No,NO APPARENT INJURY,NOT DISTRACTED,MD,VAN,25,2005,KIA,SEDONA
MCP2672000M,15061970,MONTGOMERY,Injury Crash,12-04-15 14:51,County,MIDDLEBROOK RD,WARING STATION RD,STRAIGHT MOVEMENT ANGLE,CLEAR,DRY,DAYLIGHT,TRAFFIC SIGNAL,NONE DETECTED,Yes,SUSPECTED MINOR INJURY,DISTRACTED BY OUTSIDE PERSON OBJECT OR EVENT,MD,PASSENGER CAR,40,2015,NISSAN,ROGUE
MCP2798001L,16017596,Montgomery County Police,Injury Crash,04-10-16 22:15,US (State),COLUMBIA PIKE,GREENCASTLE RD,SAME DIRECTION LEFT TURN,,DRY,DARK LIGHTS ON,TRAFFIC SIGNAL,NONE DETECTED,No,NO APPARENT INJURY,NOT DISTRACTED,MD,PASSENGER CAR,50,2003,PONITAC,4DOOR
MCP20000017,200047429,Montgomery County Police,Property Damage Crash,12-02-20 2:53,,LITTLE SENECA PKWY,SNOWDEN FARM PKWY,SINGLE VEHICLE,CLEAR,DRY,DARK LIGHTS ON,OTHER,NONE DETECTED,Yes,NO APPARENT INJURY,NOT DISTRACTED,MD,PASSENGER CAR,30,2005,BUICK,RENDEZVOUS
MCP27640014,16036926,Montgomery County Police,Injury Crash,07/21/2016 01:28:00 PM,Maryland (State),GEORGIA AVE,ARCOLA AVE,SAME DIR REAR END,CLEAR,DRY,DAYLIGHT,NO CONTROLS,NONE DETECTED,No,NO APPARENT INJURY,NOT DISTRACTED,VA,TRANSIT BUS,35,2009,GILL,HY
MCP24250090,17015545,Montgomery County Police,Injury Crash,03/27/2017 08:58:00 AM,Maryland (State),NEW HAMPSHIRE AVE,DILSTON RD,SAME DIRECTION SIDESWIPE,FOGGY,WET,DAYLIGHT,TRAFFIC SIGNAL,NONE DETECTED,No,NO APPARENT INJURY,NOT DISTRACTED,MD,PASSENGER CAR,40,1999,TOYOTA,4RUNNER
MCP137800HR,170526049,Montgomery County Police,Property Damage Crash,08/21/2017 03:40:00 PM,County,ROSEWOOD MANOR LA,CUL DE SAC,SINGLE VEHICLE,CLEAR,DRY,DAYLIGHT,NO CONTROLS,NONE DETECTED,Yes,NO APPARENT INJURY,NOT DISTRACTED,MD,POLICE VEHICLE/NON EMERGENCY,25,2014,FORD,EXPEDITION
MCP92150001,240045523,MONTGOMERY,Property Damage Crash,09/18/2024 07:14:00 AM,County Route,BRINK RD,,Single Vehicle,Rain,Wet,Daylight,No Controls,"Not Suspect of Alcohol Use, Not Suspect of Drug Use",No,No Apparent Injury,Not Distracted,MD,Passenger Car,30,2019,NISSAN,SENTRA
DM8370000Q,170503915,Takoma Park Police Depart,Injury Crash,04/24/2017 03:21:00 PM,,,,STRAIGHT MOVEMENT ANGLE,RAINING,,DAYLIGHT,NO CONTROLS,NONE DETECTED,No,NO APPARENT INJURY,NOT DISTRACTED,MD,PASSENGER CAR,5,2010,NISS,4D
MCP2772001K,200034730,Montgomery County Police,Injury Crash,09-04-20 22:00,Maryland (State),NEW HAMPSHIRE AVE,NORTHAMPTON DR,SAME DIRECTION SIDESWIPE,CLEAR,DRY,DARK LIGHTS ON,TRAFFIC SIGNAL,UNKNOWN,Yes,NO APPARENT INJURY,UNKNOWN,,PASSENGER CAR,35,0,UNKNOWN,UNKNOWN
MCP2736003M,16033373,Montgomery County Police,Property Damage Crash,07-01-16 18:22,County,NICHOLSON LA,ROCKVILLE PIKE,HEAD ON LEFT TURN,CLEAR,DRY,DAYLIGHT,NO CONTROLS,NONE DETECTED,Yes,NO APPARENT INJURY,LOOKED BUT DID NOT SEE,MD,PASSENGER CAR,25,2009,HYUNDAI,4D
MCP2358005L,180055414,Montgomery County Police,Property Damage Crash,11-05-18 9:00,,,,SINGLE VEHICLE,RAINING,,DAYLIGHT,NO CONTROLS,NONE DETECTED,Yes,NO APPARENT INJURY,INATTENTIVE OR LOST IN THOUGHT,MD,PASSENGER CAR,25,2006,TOYOTA,COROLLA
DD55940015,15041758,ROCKVILLE,Property Damage Crash,08/20/2015 08:39:00 PM,Municipality,N STONESTREET AVE,HOWARD AVE,SINGLE VEHICLE,RAINING,WET,DARK LIGHTS ON,,NONE DETECTED,Yes,NO APPARENT INJURY,UNKNOWN,MD,PASSENGER CAR,35,1996,CHEVY,4 DOOR
MCP2385002Y,230063006,Montgomery County Police,Property Damage Crash,10/28/2023 05:05:00 AM,Maryland (State),DAMASCUS RD,GRIFFITH RD,SINGLE VEHICLE,CLEAR,DRY,DARK NO LIGHTS,NO CONTROLS,NONE DETECTED,Yes,NO APPARENT INJURY,NOT DISTRACTED,MD,PASSENGER CAR,50,2012,NISSAN,SENTRA
MCP3190002L,210026234,Montgomery County Police,Property Damage Crash,07-08-21 11:35,Maryland (State),GEORGIA AVE,GLENALLAN AVE,OTHER,CLEAR,DRY,DAYLIGHT,OTHER,NONE DETECTED,No,NO APPARENT INJURY,NOT DISTRACTED,MD,TRANSIT BUS,40,2016,NEW FLYER OF AMERICA,XDE40
MCP2679002J,190023631,Montgomery County Police,Property Damage Crash,05/19/2019 02:00:00 AM,County,DENNIS AVE,GARDINER AVE,OTHER,CLEAR,DRY,DARK LIGHTS ON,NO CONTROLS,ALCOHOL PRESENT,Yes,NO APPARENT INJURY,NOT DISTRACTED,MD,PASSENGER CAR,25,2008,HYUNDAI,SANTA FE
MCP2699001S,230070999,Montgomery County Police,Property Damage Crash,12-10-23 22:22,Maryland (State),NORBECK RD,BEGIN BRIDGE,SINGLE VEHICLE,RAINING,WATER(STANDING/MOVING),DARK NO LIGHTS,NO CONTROLS,NONE DETECTED,Yes,NO APPARENT INJURY,UNKNOWN,MD,PASSENGER CAR,40,2014,TOYOTA,AVALON
MCP3005001R,17009359,Montgomery County Police,Injury Crash,02/21/2017 02:40:00 PM,Maryland (State),UNIVERSITY BLVD W,VALLEY VIEW AVE,SINGLE VEHICLE,CLEAR,DRY,DAYLIGHT,TRAFFIC SIGNAL,NONE DETECTED,Yes,POSSIBLE INJURY,INATTENTIVE OR LOST IN THOUGHT,MD,PASSENGER CAR,40,2003,HOND,4S
MCP00360052,16049483,Montgomery County Police,Property Damage Crash,09/26/2016 11:19:00 AM,,,,STRAIGHT MOVEMENT ANGLE,CLEAR,,DAYLIGHT,NO CONTROLS,NONE DETECTED,Yes,NO APPARENT INJURY,LOOKED BUT DID NOT SEE,MD,PASSENGER CAR,5,2015,HONDA,PILOT
MCP24110065,200049370,Montgomery County Police,Injury Crash,12/15/2020 12:33:00 PM,County,RANDOLPH RD,DEWEY RD,SAME DIRECTION LEFT TURN,CLEAR,DRY,DAYLIGHT,UNKNOWN,NONE DETECTED,No,NO APPARENT INJURY,NOT DISTRACTED,MD,PASSENGER CAR,35,2017,CHEVROLET,CAMARO
MCP2291004F,200007010,Montgomery County Police,Property Damage Crash,02-11-20 19:05,County,SUNDALE DR,PORTER RD,SINGLE VEHICLE,CLEAR,DRY,DARK LIGHTS ON,STOP SIGN,NONE DETECTED,Yes,NO APPARENT INJURY,NOT DISTRACTED,MD,(SPORT) UTILITY VEHICLE,25,2016,TOYOTA,RAV 4
MCP3379000M,240017553,MONTGOMERY,Property Damage Crash,04/15/2024 03:30:00 PM,,,,Front to Rear,Clear,,Daylight,,"Not Suspect of Alcohol Use, Not Suspect of Drug Use",Yes,No Apparent Injury,Unknown,MD,Bus - School,0,2019,FORD,E-350
MCP26890031,170500661,Montgomery County Police,Property Damage Crash,04-06-17 7:51,County,E JEFFERSON ST,MONTROSE PKWY,SAME DIRECTION LEFT TURN,CLOUDY,DRY,DAYLIGHT,NO CONTROLS,NONE DETECTED,No,NO APPARENT INJURY,NOT DISTRACTED,MD,PASSENGER CAR,30,2013,NISSAN,ALTIMA
MCP33250012,220036007,Montgomery County Police,Injury Crash,08/20/2022 07:02:00 PM,County,LOCKWOOD DR,LOCKWOOD DR,ANGLE MEETS LEFT HEAD ON,CLEAR,DRY,DAYLIGHT,NO CONTROLS,NONE DETECTED,No,POSSIBLE INJURY,NOT DISTRACTED,MD,PASSENGER CAR,35,2017,HYUNDAI,SONATA
MCP2278003R,220002297,Montgomery County Police,Injury Crash,01/19/2022 09:53:00 AM,County,DEMOCRACY BLVD,RAMP 2 FR DEMOCRACY BLVD TO IS 270Y NB,SAME DIR REAR END,CLOUDY,DRY,DAYLIGHT,TRAFFIC SIGNAL,NONE DETECTED,Yes,NO APPARENT INJURY,NOT DISTRACTED,MD,"CARGO VAN/LIGHT TRUCK 2 AXLES (OVER 10,000LBS (4,536 KG))",35,2022,FRIEGHTLINER,TK
MCP26170056,180003087,Montgomery County Police,Property Damage Crash,01/19/2018 12:08:00 PM,Maryland (State),GEORGIA AVE,NORBECK RD,SAME DIR REAR END,CLEAR,DRY,DAYLIGHT,NO CONTROLS,NONE DETECTED,Yes,NO APPARENT INJURY,LOOKED BUT DID NOT SEE,MD,PASSENGER CAR,45,2015,HONDA,ACCORD
MCP2844006Q,230049935,Montgomery County Police,Property Damage Crash,08/17/2023 02:00:00 PM,Maryland (State),LAYHILL RD,CROSSOVER,OTHER,CLEAR,DRY,DAYLIGHT,NO CONTROLS,NONE DETECTED,No,NO APPARENT INJURY,NOT DISTRACTED,MD,PASSENGER CAR,35,2014,NISSAN,ALTIMA
MCP3263004B,240008758,MONTGOMERY,Property Damage Crash,02/22/2024 06:00:00 PM,Maryland (State) Route,,,Other,Clear,Wet,Dark - Lighted,No Controls,"Not Suspect of Alcohol Use, Not Suspect of Drug Use",No,No Apparent Injury,Not Distracted,MD,Passenger Car,30,2018,FORD,EXPEDITION
MCP229801B1,250057520,MONTGOMERY,Injury Crash,12/24/2025 07:30:00 PM,Maryland (State) Route,RIDGE RD (SB/L),,Front to Front,Clear,Dry,Dark - Lighted,No Controls,"Not Suspect of Alcohol Use, Not Suspect of Drug Use",No,Possible Injury,Not Distracted,MD,Sport Utility Vehicle,30,2019,AUDI,E-TRON
MCP2962007S,230030385,Montgomery County Police,Injury Crash,06/25/2023 01:00:00 PM,County,FATHER HURLEY BLVD,WISTERIA DR,STRAIGHT MOVEMENT ANGLE,CLEAR,DRY,DAYLIGHT,TRAFFIC SIGNAL,NONE DETECTED,No,NO APPARENT INJURY,NOT DISTRACTED,MD,PASSENGER CAR,35,2022,MAZDA,CX-30
MCP3126002Z,220007046,Montgomery County Police,Property Damage Crash,02/17/2022 08:00:00 PM,Maryland (State),FREDERICK RD,COOL BROOK LA,HEAD ON,CLEAR,DRY,DARK LIGHTS ON,NO CONTROLS,NONE DETECTED,No,NO APPARENT INJURY,NOT DISTRACTED,FL,PASSENGER CAR,40,2020,NISSAN,ALTIMA
MCP34020022,240040053,MONTGOMERY,Injury Crash,08/24/2024 12:35:00 PM,Maryland (State) Route,UNIVERSITY BLVD E (WB/L),LANGLEY DR LANGLEY DR (EB/L),Front to Front,Clear,Dry,Daylight,No Controls,"Not Suspect of Alcohol Use, Not Suspect of Drug Use",No,Suspected Minor Injury,Unknown,MD,Passenger Car,35,2021,HYUNDAI,ELANTRA
MCP1378015L,230056815,Montgomery County Police,Property Damage Crash,09/25/2023 03:39:00 PM,Maryland (State),CLOPPER RD,GAME PRESERVE RD,SAME DIR REAR END,CLOUDY,DRY,DAYLIGHT,NO CONTROLS,NONE DETECTED,No,NO APPARENT INJURY,NOT DISTRACTED,MD,PICKUP TRUCK,40,2013,GMC,SIERRA
MCP3034003X,200002007,Montgomery County Police,Property Damage Crash,01-12-20 14:31,County,ASHLEY DR,WYACONDA RD,UNKNOWN,UNKNOWN,UNKNOWN,UNKNOWN,NO CONTROLS,UNKNOWN,Yes,NO APPARENT INJURY,UNKNOWN,,UNKNOWN,25,0,UNKNOWN,UNKNOWN
MCP22910046,190053290,Montgomery County Police,Injury Crash,11-05-19 14:40,Maryland (State),CONNECTICUT AVE,RAMP 4 FR MD 185 NB TO IS 495 EB,SAME DIR REAR END,CLEAR,DRY,DAYLIGHT,NO CONTROLS,NONE DETECTED,No,SUSPECTED MINOR INJURY,NOT DISTRACTED,MD,(SPORT) UTILITY VEHICLE,35,2018,FORD,EXPLORER
DM84800017,230032485,Takoma Park Police Depart,Property Damage Crash,07-08-23 3:55,,,,HEAD ON,,,DARK LIGHTS ON,NO CONTROLS,NONE DETECTED,No,NO APPARENT INJURY,NOT DISTRACTED,MD,PASSENGER CAR,10,2014,HYUNDAI,VELOSTAR
MCP3463000D,250022069,MONTGOMERY,Property Damage Crash,05/20/2025 08:47:00 AM,Maryland (State) Route,GREAT SENECA HWY (SB/L),,"Sideswipe, Same Direction",Clear,Dry,Daylight,Traffic Control Signal,"Unknown, Unknown",No,No Apparent Injury,Unknown,MD,Passenger Car,50,2003,HONDA,ODYSSEY