Report Number,Local Case Number,Agency Name,ACRS Report Type,Crash Date/Time,Route Type,Road Name,Cross-Street Name,Collision Type,Weather,Surface Condition,Light,Traffic Control,Driver Substance Abuse,Driver At Fault,Injury Severity,Driver Distracted By,Drivers License State,Vehicle Body Type,Speed Limit,Vehicle Year,Vehicle Make,Vehicle Model
MCP2703001Y,180008042,Montgomery County Police,Property Damage Crash,02/15/2018 06:02:00 PM,County,FAIRLAND RD,COLEFAIR DR,OTHER,CLOUDY,DRY,DUSK,STOP SIGN,,No,NO APPARENT INJURY,NOT DISTRACTED,MD,PASSENGER CAR,40,2017,HONDA,4S
MCP34520009,240048382,MONTGOMERY,Property Damage Crash,12-06-24 14:25,,,,Single Vehicle,Clear,,Daylight,,"Not Suspect of Alcohol Use, Not Suspect of Drug Use",Yes,No Apparent Injury,Not Distracted,MD,Bus - School,0,2018,FREIGHTLINER,B2 BUS CHASSIS
MCP2750001N,15040007,MONTGOMERY,Injury Crash,08-11-15 15:30,County,BLUHILL RD,EDWIN ST,HEAD ON LEFT TURN,,DRY,DAYLIGHT,NO CONTROLS,NONE DETECTED,Yes,SUSPECTED MINOR INJURY,NOT DISTRACTED,MD,PASSENGER CAR,25,1995,BMW,525
MCP2936005J,220035999,Montgomery County Police,Injury Crash,08/20/2022 05:25:00 PM,County,MONTROSE RD,TOWER OAKS BLVD,SAME DIR REAR END,CLEAR,DRY,DAYLIGHT,TRAFFIC SIGNAL,NONE DETECTED,No,SUSPECTED MINOR INJURY,NOT DISTRACTED,MD,(SPORT) UTILITY VEHICLE,35,2022,TOYOTA,COROLLA CROSS
MCP1334007G,190004834,Montgomery County Police,Property Damage Crash,01/31/2019 07:21:00 AM,County,MUDDY BRANCH RD,KING JAMES WAY,SAME DIRECTION RIGHT TURN,CLEAR,DRY,DAYLIGHT,NO CONTROLS,NONE DETECTED,Yes,NO APPARENT INJURY,NOT DISTRACTED,MD,(SPORT) UTILITY VEHICLE,40,2008,HONDA,CRV
DM8528000Y,250053218,TAKOMA,Property Damage Crash,11/27/2025 07:30:00 PM,Maryland (State) Route,NEW HAMPSHIRE AVE,,Front to Rear,Clear,Dry,Dark - Lighted,No Controls,"Suspect of Alcohol Use, Not Suspect of Drug Use",Yes,No Apparent Injury,Unknown,MD,Passenger Car,35,2017,CHEVROLET,SILVERADO
MCP2892009V,210033069,Montgomery County Police,Property Damage Crash,08/24/2021 05:47:00 PM,US (State),COLESVILLE RD,N NOYES DR,SAME DIRECTION LEFT TURN,CLEAR,DRY,DAYLIGHT,TRAFFIC SIGNAL,NONE DETECTED,Yes,NO APPARENT INJURY,LOOKED BUT DID NOT SEE,IL,PASSENGER CAR,35,2019,HONDA,SU
MCP30900082,250009349,MONTGOMERY,Injury Crash,03-03-25 15:19,County Route,WASHINGTON GROVE LA,MORNING VIEW DR,Front to Rear,Clear,Dry,Daylight,Traffic Control Signal,"Not Suspect of Alcohol Use, Not Suspect of Drug Use",No,No Apparent Injury,Not Distracted,MD,Passenger Car,35,2017,MAZDA,MAZDA6
MCP2586002D,16056901,Montgomery County Police,Property Damage Crash,11-04-16 14:57,US (State),COLUMBIA PIKE,DUSTIN RD,SAME DIR REAR END,CLEAR,DRY,DAYLIGHT,NO CONTROLS,NONE DETECTED,No,NO APPARENT INJURY,NOT DISTRACTED,MD,(SPORT) UTILITY VEHICLE,50,2015,TOYOTA,RAV4
MCP2977007Y,200051205,Montgomery County Police,Property Damage Crash,12/29/2020 12:37:00 PM,,,,OTHER,CLEAR,,DAYLIGHT,NO CONTROLS,UNKNOWN,Yes,NO APPARENT INJURY,UNKNOWN,,,5,0,UNKNOWN,UNKNOWN
MCP3064002W,200012023,Montgomery County Police,Property Damage Crash,03-11-20 15:00,County,GALT AVE,BLUERIDGE AVE,OTHER,CLEAR,DRY,DAYLIGHT,STOP SIGN,NONE DETECTED,No,NO APPARENT INJURY,NOT DISTRACTED,MD,SCHOOL BUS,25,2019,THMS,BU
DD56490030,230014555,Rockville Police Departme,Property Damage Crash,03/26/2023 02:41:00 AM,Maryland (State),ROCKVILLE PIKE,EDMONSTON DR,OTHER,FOGGY,WET,DARK LIGHTS ON,FLASHING TRAFFIC SIGNAL,,Yes,NO APPARENT INJURY,NOT DISTRACTED,MD,(SPORT) UTILITY VEHICLE,35,2023,LAND ROVER,RANGE ROVER
MCP25520033,190024552,Montgomery County Police,Property Damage Crash,04/27/2019 04:15:00 PM,,,,OTHER,,,DAYLIGHT,,UNKNOWN,Yes,NO APPARENT INJURY,UNKNOWN,MD,PASSENGER CAR,5,2013,TOYOTA,TUNDRA
EJ78600013,170533127,Gaithersburg Police Depar,Injury Crash,09/25/2017 09:37:00 PM,County,MIDCOUNTY HWY,WOODFIELD RD,SAME DIR REAR END,,DRY,DARK LIGHTS ON,TRAFFIC SIGNAL,NONE DETECTED,No,POSSIBLE INJURY,NOT DISTRACTED,MD,PASSENGER CAR,50,2014,TOYOTA,COROLLA
MCP3151001C,190050945,Montgomery County Police,Injury Crash,10/23/2019 02:45:00 PM,Maryland (State),FREDERICK RD,RIDGEMONT AVE,HEAD ON LEFT TURN,CLEAR,DRY,DAYLIGHT,TRAFFIC SIGNAL,NONE DETECTED,No,NO APPARENT INJURY,NOT DISTRACTED,MD,SCHOOL BUS,40,2014,GMC,BUS
MCP1235000Q,16049543,Montgomery County Police,Injury Crash,09/26/2016 04:48:00 PM,County,NORTHAMPTON DR,NEW HAMPSHIRE AVE,SAME DIR REAR END,CLOUDY,DRY,DAYLIGHT,YIELD SIGN,NONE DETECTED,No,POSSIBLE INJURY,NOT DISTRACTED,MD,PASSENGER CAR,25,2012,TOYOTA,CAMRY
MCP2951001W,16055567,Montgomery County Police,Injury Crash,10/28/2016 05:04:00 PM,,,,,CLEAR,,DAYLIGHT,NO CONTROLS,NONE DETECTED,Yes,NO APPARENT INJURY,LOOKED BUT DID NOT SEE,MD,PASSENGER CAR,15,2012,NISS,4S
MCP1121001T,17003136,Montgomery County Police,Property Damage Crash,01/18/2017 05:10:00 PM,Maryland (State),MUNCASTER MILL RD,WOODFIELD RD,SAME DIRECTION SIDESWIPE,CLEAR,DRY,DAYLIGHT,TRAFFIC SIGNAL,NONE DETECTED,No,NO APPARENT INJURY,NOT DISTRACTED,MD,SCHOOL BUS,35,2015,THOMPSON,BUS
MCP28520016,170515500,Montgomery County Police,Property Damage Crash,06/24/2017 04:56:00 AM,County,RIDGE RD,OBSERVATION DR,SAME DIR REAR END,RAINING,WET,DARK LIGHTS ON,TRAFFIC SIGNAL,NONE DETECTED,No,NO APPARENT INJURY,NOT DISTRACTED,MD,PASSENGER CAR,45,2012,KIA,4S
MCP2730004S,240058549,MONTGOMERY,Property Damage Crash,12-07-24 14:00,County Route,CENTURY BLVD,MIDDLEBROOK RD,Angle,Clear,Dry,Daylight,Traffic Control Signal,"Not Suspect of Alcohol Use, Not Suspect of Drug Use",Yes,No Apparent Injury,Unknown,MD,Sport Utility Vehicle,30,2016,FORD,EXPLORER
MCP3245005C,240016076,MONTGOMERY,Property Damage Crash,04-06-24 17:09,Local Route,RETAIL PL,,Other,Clear,Dry,Daylight,Stop Sign,"Not Suspect of Alcohol Use, Not Suspect of Drug Use",Yes,No Apparent Injury,Unknown,MD,Passenger Car,15,2018,NISSAN,ROGUE
MCP2305003C,240016261,MONTGOMERY,Property Damage Crash,04-07-24 22:08,Private Route,,,Single Vehicle,Clear,Dry,Dark - Lighted,No Controls,"Not Suspect of Alcohol Use, Not Suspect of Drug Use",Yes,No Apparent Injury,Unknown,MD,Pickup,25,2015,CHEVROLET,COLORADO
MCP2159000W,220050557,Montgomery County Police,Property Damage Crash,11/15/2022 06:57:00 PM,,22705 CLARKSBURG RD,"CLARKSBURG, MD",OTHER,RAINING,WET,DARK -- UNKNOWN LIGHTING,,NONE DETECTED,No,NO APPARENT INJURY,NOT DISTRACTED,NJ,PASSENGER CAR,15,2012,HONDA,CIVIC
MCP272600F2,250048741,MONTGOMERY,Property Damage Crash,10-03-25 0:00,Maryland (State) Route,GEORGIA AVE,,"Sideswipe, Same Direction",Clear,Dry,Dark - Lighted,No Controls,"Not Suspect of Alcohol Use, Not Suspect of Drug Use",No,No Apparent Injury,Not Distracted,MD,Passenger Car,30,2024,FORD,EDGE
MCP27830019,16066210,Montgomery County Police,Property Damage Crash,12/24/2016 04:53:00 PM,Maryland (State),LAYHILL RD,QUEENSGUARD RD,ANGLE MEETS LEFT TURN,CLEAR,WET,DARK LIGHTS ON,NO CONTROLS,NONE DETECTED,No,NO APPARENT INJURY,NOT DISTRACTED,MD,PASSENGER CAR,40,2007,HOND,ODYSSEY
EJ7858001W,180014031,Gaithersburg Police Depar,Injury Crash,03/21/2018 09:51:00 AM,Maryland (State),S FREDERICK RD,FULKS CORNER AVE,STRAIGHT MOVEMENT ANGLE,SNOW,SNOW,DAYLIGHT,STOP SIGN,NONE DETECTED,No,POSSIBLE INJURY,NOT DISTRACTED,MD,PASSENGER CAR,30,2014,HONDA,CRV
MCP289100B0,210045054,Montgomery County Police,Property Damage Crash,11-07-21 5:50,US (State),COLESVILLE RD,ROWEN RD,SAME DIR REAR END,CLEAR,DRY,DARK LIGHTS ON,,NONE DETECTED,No,NO APPARENT INJURY,NOT DISTRACTED,MD,PASSENGER CAR,35,2021,HYUN,ELANTRA
MCP2717001W,15036543,MONTGOMERY,Property Damage Crash,07/24/2015 01:50:00 PM,County,CABLE DR,CULVER ST,SINGLE VEHICLE,CLEAR,DRY,DAYLIGHT,STOP SIGN,NONE DETECTED,Yes,NO APPARENT INJURY,UNKNOWN,MD,(SPORT) UTILITY VEHICLE,20,2012,JEEP,LAREDO 4X4
MCP3309001Y,230053886,Montgomery County Police,Property Damage Crash,09-08-23 20:45,,,,OPPOSITE DIRECTION SIDESWIPE,RAINING,,DARK LIGHTS ON,,UNKNOWN,Yes,NO APPARENT INJURY,UNKNOWN,,(SPORT) UTILITY VEHICLE,0,2017,MERZ,SU
EJ7870006T,240016102,GAITHERSBURG,Injury Crash,04-06-24 20:26,Municipality Route,RUSSELL AVE (SB/L),WATKINS MILL RD,Angle,Clear,Dry,Dark - Lighted,Stop Sign,"Not Suspect of Alcohol Use, Not Suspect of Drug Use",No,Possible Injury,Not Distracted,MD,Passenger Car,35,2023,TESLA,MODEL Y
MCP3127002P,230053691,Montgomery County Police,Injury Crash,09-07-23 18:26,Maryland (State),CONNECTICUT AVE,EAST WEST HWY,SAME DIR REAR END,CLEAR,DRY,DAYLIGHT,TRAFFIC SIGNAL,NONE DETECTED,Yes,NO APPARENT INJURY,INATTENTIVE OR LOST IN THOUGHT,MD,PASSENGER CAR,35,2020,GMC,SIERRA
DD5603005Z,180032740,Rockville Police Departme,Property Damage Crash,07-03-18 10:15,Maryland (State),ROCKVILLE PIKE,EDMONSTON DR,OTHER,CLEAR,DRY,DAYLIGHT,NO CONTROLS,NONE DETECTED,Yes,NO APPARENT INJURY,LOOKED BUT DID NOT SEE,MD,PASSENGER CAR,45,2004,CHEVY,4S
MCP32560023,230018340,Montgomery County Police,Property Damage Crash,04/17/2023 05:00:00 PM,County,OLD COLUMBIA PIKE,FAIRLAND RD,SAME DIRECTION RIGHT TURN,CLEAR,DRY,DAYLIGHT,NO CONTROLS,NONE DETECTED,No,NO APPARENT INJURY,NOT DISTRACTED,DC,TRANSIT BUS,35,2013,TBU,BUS
MCP22700027,230057477,Montgomery County Police,Property Damage Crash,09/29/2023 12:45:00 PM,,,,SAME DIR REAR END,CLEAR,,DAYLIGHT,NO CONTROLS,NONE DETECTED,Yes,NO APPARENT INJURY,INATTENTIVE OR LOST IN THOUGHT,MD,PASSENGER CAR,10,2019,MAZD,TK
MCP30580050,230051569,Montgomery County Police,Property Damage Crash,08/26/2023 10:53:00 PM,County,SHADY GROVE RD,GAITHER RD,UNKNOWN,CLEAR,DRY,DARK LIGHTS ON,TRAFFIC SIGNAL,NONE DETECTED,No,NO APPARENT INJURY,NOT DISTRACTED,DC,PASSENGER CAR,45,2020,VOLKS,JETTA
MCP1174006X,240032326,MONTGOMERY,Property Damage Crash,07-09-24 14:44,County Route,NICHOLSON LA,,Front to Rear,Clear,Dry,Daylight,No Controls,"Not Suspect of Alcohol Use, Not Suspect of Drug Use",No,No Apparent Injury,Not Distracted,MD,Bus - Transit,25,2009,GILLIG,SHUTTLE BUS
MCP2740002F,16066817,Montgomery County Police,Injury Crash,12/28/2016 06:03:00 PM,Maryland (State),NEW HAMPSHIRE AVE,FOX ST,SAME DIRECTION SIDESWIPE,CLEAR,DRY,DARK LIGHTS ON,NO CONTROLS,NONE DETECTED,Yes,NO APPARENT INJURY,NOT DISTRACTED,MD,PASSENGER CAR,40,1998,HOND,4S
MCP2874000T,15052915,MONTGOMERY,Property Damage Crash,10/18/2015 07:17:00 PM,Maryland (State),GEORGIA AVE,REEDIE DR,OTHER,CLEAR,DRY,DARK LIGHTS ON,TRAFFIC SIGNAL,NONE DETECTED,Unknown,NO APPARENT INJURY,UNKNOWN,MD,PASSENGER CAR,35,2003,CHEVROLET,CAVALIER
MCP3223000C,200008595,Montgomery County Police,Injury Crash,02/20/2020 09:22:00 PM,US (State),GEORGIA AVE,WAYNE AVE,SAME DIRECTION SIDESWIPE,CLEAR,DRY,DARK LIGHTS ON,TRAFFIC SIGNAL,ILLEGAL DRUG PRESENT,Yes,POSSIBLE INJURY,OTHER DISTRACTION,MD,PASSENGER CAR,30,2013,NISSAN,4 DOOR
MCP3221004G,250054537,MONTGOMERY,Property Damage Crash,12-05-25 20:45,County Route,SHADY GROVE RD,,"Sideswipe, Same Direction",Rain,Wet,Dark - Lighted,No Controls,"Not Suspect of Alcohol Use, Not Suspect of Drug Use",Yes,No Apparent Injury,Unknown,MD,Passenger Car,45,2014,TOYOTA,COROLLA
MCP3275003C,250044392,MONTGOMERY,Property Damage Crash,10-02-25 22:43,County Route,CALVERTON BLVD,BROADBIRCH DR                 CHERRY HILL RD,Angle,Clear,Dry,Dark - Lighted,Traffic Control Signal,"Not Suspect of Alcohol Use, Not Suspect of Drug Use",No,No Apparent Injury,Not Distracted,VA,Passenger Car,40,2007,ACURA,TL
MCP24110036,190020451,Montgomery County Police,Injury Crash,05-01-19 15:32,County,REDLAND RD,ENT SHADY GROVE METRO STATION,SINGLE VEHICLE,CLEAR,DRY,DAYLIGHT,TRAFFIC SIGNAL,NONE DETECTED,Yes,POSSIBLE INJURY,NOT DISTRACTED,MD,POLICE VEHICLE/EMERGENCY,35,2016,HONDA,ACCORD
MCP2450000F,15034780,MONTGOMERY,Property Damage Crash,07/15/2015 02:25:00 PM,Maryland (State),UNIVERSITY BLVD E,CAPITAL BELTWAY,HEAD ON,CLEAR,,DAYLIGHT,TRAFFIC SIGNAL,NONE DETECTED,Yes,NO APPARENT INJURY,UNKNOWN,MD,PICKUP TRUCK,40,2000,CHEVROLET,TRUCK
HA2288000C,17000508,Maryland-National Capital,Injury Crash,05-05-17 11:10,,BEACH DRIVE,KNOLWES AVENUE,OPPOSITE DIRECTION SIDESWIPE,CLOUDY,WET,DAYLIGHT,,,No,SUSPECTED MINOR INJURY,NOT DISTRACTED,MA,PASSENGER CAR,25,2011,TOYOTA,CAMRY
MCP30310024,180004662,Montgomery County Police,Injury Crash,01/27/2018 03:40:00 PM,County,TWIG RD,ELM GROVE CIR,SAME DIRECTION SIDESWIPE,CLEAR,DRY,DAYLIGHT,NO CONTROLS,,No,POSSIBLE INJURY,NOT DISTRACTED,MD,PASSENGER CAR,30,2011,HOND,CIVIC
MCP2877003X,170519518,Montgomery County Police,Property Damage Crash,07/17/2017 01:00:00 PM,Maryland (State),GEORGIA AVE,FOREST GLEN RD,SAME DIRECTION SIDESWIPE,,DRY,DAYLIGHT,NO CONTROLS,NONE DETECTED,No,NO APPARENT INJURY,NOT DISTRACTED,MD,PASSENGER CAR,40,2000,TOYOTA,CAMRY
MCP2753000T,15020363,Montgomery County Police,Property Damage Crash,04/30/2015 12:41:00 PM,Maryland (State),GEORGIA AVE,HEWITT AVE,SAME DIR REAR END,CLEAR,,DAYLIGHT,TRAFFIC SIGNAL,NONE DETECTED,No,NO APPARENT INJURY,NOT DISTRACTED,FL,PASSENGER CAR,40,1999,TOYT,TK
MCP2651000X,17011223,Montgomery County Police,Property Damage Crash,03-03-17 3:15,US (State),COLUMBIA PIKE,FAIRLAND RD,STRAIGHT MOVEMENT ANGLE,CLEAR,DRY,DARK LIGHTS ON,TRAFFIC SIGNAL,NONE DETECTED,No,NO APPARENT INJURY,NOT DISTRACTED,MD,PASSENGER CAR,40,2016,HONDA,CIVIC
MCP2932009D,250040935,MONTGOMERY,Injury Crash,09-12-25 1:31,US (State),GEORGIA AVE,SILVER SPRING AVE,Angle,Clear,Dry,Dark - Lighted,Traffic Control Signal,"Not Suspect of Alcohol Use, Not Suspect of Drug Use",Yes,Suspected Minor Injury,Unknown,MD,Passenger Car,25,2017,FORD,INTERCEPTOR
MCP31610056,230013751,Montgomery County Police,Property Damage Crash,03/21/2023 04:00:00 PM,County,LINDEN LA,ENT TO ARMY PX SHOP,HEAD ON,CLEAR,DRY,DAYLIGHT,NO CONTROLS,NONE DETECTED,No,NO APPARENT INJURY,NOT DISTRACTED,MD,PASSENGER CAR,25,1996,FORD,RANGER
MCP1534000W,250008255,MONTGOMERY,Property Damage Crash,02/25/2025 07:32:00 AM,County Route,WYNNFIELD DR,FATHER HURLEY BLVD,Front to Rear,Clear,Dry,Daylight,Traffic Control Signal,"Unknown, Unknown",No,,,,,35,0,,
MCP20880023,210000373,Montgomery County Police,Property Damage Crash,01-04-21 11:25,Maryland (State),RIDGE RD,KEMPTOWN RD,HEAD ON LEFT TURN,,WET,DAYLIGHT,NO CONTROLS,NONE DETECTED,No,NO APPARENT INJURY,NOT DISTRACTED,MD,"OTHER LIGHT TRUCKS (10,000LBS (4,536KG) OR LESS)",40,2008,PETERBILT,TK
MCP3232005F,240038038,MONTGOMERY,Injury Crash,08-12-24 15:25,Maryland (State) Route,NEW HAMPSHIRE AVE (SB/L),RANDOLPH RD (WB/L),Front to Rear,Clear,Dry,Daylight,No Controls,"Not Suspect of Alcohol Use, Not Suspect of Drug Use",No,No Apparent Injury,Not Distracted,MD,Pickup,40,2020,FORD,RANGER
MCP2848008C,190041850,Montgomery County Police,Property Damage Crash,09-01-19 11:32,Maryland (State),ROCKVILLE PIKE,MARINELLI RD,SAME DIR REAR END,CLOUDY,DRY,DAYLIGHT,TRAFFIC SIGNAL,NONE DETECTED,No,NO APPARENT INJURY,NOT DISTRACTED,MD,PASSENGER CAR,35,2015,NISSAN,ALTIMA
MCP2666003Y,200007514,Montgomery County Police,Property Damage Crash,02/14/2020 11:30:00 AM,County,LINDEN LA,SECOND AVE,SAME DIRECTION SIDESWIPE,CLEAR,DRY,DAYLIGHT,TRAFFIC SIGNAL,NONE DETECTED,No,NO APPARENT INJURY,NOT DISTRACTED,MD,PASSENGER CAR,25,2016,FORD,F-450
MCP2894002C,16033088,Montgomery County Police,Property Damage Crash,06/30/2016 11:27:00 AM,Interstate (State),EISENHOWER MEMORIAL HWY,CAPITAL BELTWAY,SAME DIRECTION SIDESWIPE,CLEAR,DRY,DAYLIGHT,NO CONTROLS,NONE DETECTED,Yes,NO APPARENT INJURY,NOT DISTRACTED,MD,PASSENGER CAR,55,2015,CHEVY,PICKUP
MCP29210009,15019703,Montgomery County Police,Property Damage Crash,04/26/2015 05:27:00 PM,Maryland (State),GERMANTOWN RD,RAMP 8 FR IS 270 SB TO MD 118 WB,SAME DIR REAR END,CLEAR,DRY,DAYLIGHT,NO CONTROLS,NONE DETECTED,No,NO APPARENT INJURY,NOT DISTRACTED,MD,VAN,40,2002,TOYOTA,SIENNA
MCP31640028,190051773,Montgomery County Police,Property Damage Crash,10/28/2019 06:40:00 AM,County,RANDOLPH RD,CONNECTICUT AVE,SAME DIRECTION SIDESWIPE,CLEAR,DRY,DAWN,TRAFFIC SIGNAL,,No,NO APPARENT INJURY,NOT DISTRACTED,MD,PASSENGER CAR,35,2017,FORD,FOCUS
MCP2936004V,210047956,Montgomery County Police,Property Damage Crash,11/25/2021 06:40:00 PM,Maryland (State),OLD GEORGETOWN RD,DEMOCRACY BLVD,SAME DIR REAR END,,DRY,DARK LIGHTS ON,TRAFFIC SIGNAL,NONE DETECTED,Yes,NO APPARENT INJURY,LOOKED BUT DID NOT SEE,MD,PASSENGER CAR,35,2021,KIA,5
MCP3335002Y,240032765,MONTGOMERY,Injury Crash,07-11-24 16:24,County Route,LINTON ST,PATTON DR,Single Vehicle,Clear,Dry,Daylight,Stop Sign,"Not Suspect of Alcohol Use, Not Suspect of Drug Use",No,No Apparent Injury,Not Distracted,MD,Pickup,25,2022,CHEVROLET,COLORADO
MCP32270016,200025266,Montgomery County Police,Property Damage Crash,06/29/2020 12:08:00 PM,Maryland (State),UNIVERSITY BLVD E,PINEY BRANCH RD,SINGLE VEHICLE,CLEAR,DRY,DAYLIGHT,TRAFFIC SIGNAL,NONE DETECTED,Yes,NO APPARENT INJURY,NOT DISTRACTED,MS,PASSENGER CAR,40,2012,NISSAN,X TERRA
MCP2919003Q,170534041,Montgomery County Police,Property Damage Crash,09/30/2017 04:29:00 PM,Maryland (State),NEW HAMPSHIRE AVE,OAKVIEW DR,SAME DIRECTION SIDESWIPE,CLEAR,DRY,DAYLIGHT,,NONE DETECTED,No,NO APPARENT INJURY,NOT DISTRACTED,MD,PASSENGER CAR,40,2017,KIA,TK
MCP94060037,240010593,MONTGOMERY,Injury Crash,03-04-24 19:55,Maryland (State) Route,GEORGIA AVE,BLUERIDGE AVE,Angle,Clear,Dry,Dark - Lighted,Traffic Control Signal,"Not Suspect of Alcohol Use, Not Suspect of Drug Use",No,No Apparent Injury,Not Distracted,DC,Passenger Car,25,2012,HONDA,ACCORD
DD5603009H,220038871,Rockville Police Departme,Property Damage Crash,09-07-22 13:15,,,,OTHER,RAINING,,DAYLIGHT,NO CONTROLS,UNKNOWN,Yes,NO APPARENT INJURY,UNKNOWN,,PASSENGER CAR,15,2002,CHEV,TK
MCP3141001K,190053605,Montgomery County Police,Property Damage Crash,11-07-19 8:05,US (State),COLUMBIA PIKE,STEWART LA,ANGLE MEETS RIGHT TURN,CLOUDY,DRY,DAYLIGHT,TRAFFIC SIGNAL,NONE DETECTED,No,NO APPARENT INJURY,LOOKED BUT DID NOT SEE,MD,(SPORT) UTILITY VEHICLE,15,2013,HONDA,PILOT
MCP2786002V,190054131,Montgomery County Police,Injury Crash,11-10-19 2:47,County,OLD COLUMBIA PIKE,GREENCASTLE RD,SINGLE VEHICLE,CLEAR,DRY,DARK LIGHTS ON,,NONE DETECTED,Yes,SUSPECTED MINOR INJURY,UNKNOWN,MD,PASSENGER CAR,35,2018,GMC,CANYON
MCP9113000N,15018753,Montgomery County Police,Injury Crash,04/21/2015 05:34:00 PM,Maryland (State),GEORGIA AVE,INTERCOUNTY CONNECTOR,OTHER,CLEAR,DRY,DAYLIGHT,TRAFFIC SIGNAL,NONE DETECTED,Yes,SUSPECTED MINOR INJURY,NOT DISTRACTED,MD,PASSENGER CAR,50,2014,TESL,MODEL S
MCP2892007G,190060301,Montgomery County Police,Property Damage Crash,12/14/2019 02:59:00 PM,Maryland (State),UNIVERSITY BLVD E,BUCKINGHAM DR,SAME DIRECTION SIDESWIPE,RAINING,WET,DAYLIGHT,,NONE DETECTED,No,NO APPARENT INJURY,NOT DISTRACTED,MD,AMBULANCE/EMERGENCY,35,2004,SPAR,CB
MCP3130003Q,210026798,Montgomery County Police,Property Damage Crash,07-12-21 12:30,County,ASPEN HILL RD,EADES ST,STRAIGHT MOVEMENT ANGLE,CLEAR,DRY,,NO CONTROLS,NONE DETECTED,No,NO APPARENT INJURY,NOT DISTRACTED,DC,PASSENGER CAR,35,2012,TOYOTA,PRIUS
MCP32280069,240042461,MONTGOMERY,Injury Crash,09-07-24 14:34,Local Route,METRORAIL TRACK B2 RAIL,,Front to Rear,Cloudy,Wet,Daylight,No Controls,"Not Suspect of Alcohol Use, Not Suspect of Drug Use",No,Suspected Minor Injury,Not Distracted,XX,Passenger Car,30,2012,NISSAN,SENTRA
EJ7894002H,230011821,Gaithersburg Police Depar,Injury Crash,03-10-23 16:32,Maryland (State),CLOPPER RD,SULLNICK WAY,HEAD ON LEFT TURN,RAINING,WET,DAWN,,NONE DETECTED,Yes,POSSIBLE INJURY,LOOKED BUT DID NOT SEE,MD,PASSENGER CAR,35,2007,HYUN,4S
MCP3301001M,230019476,Montgomery County Police,Property Damage Crash,04/24/2023 02:38:00 AM,County,INDUSTRIAL PKWY,OLD COLUMBIA PIKE,SINGLE VEHICLE,CLEAR,DRY,DARK LIGHTS ON,,,Yes,NO APPARENT INJURY,OTHER DISTRACTION,MD,PASSENGER CAR,50,2005,KIA,OPTIMA
MCP12020029,170513381,Montgomery County Police,Property Damage Crash,06/13/2017 09:59:00 AM,Maryland (State),WISCONSIN AVE,WILLARD AVE,SAME DIRECTION LEFT TURN,CLEAR,DRY,DAYLIGHT,NO CONTROLS,NONE DETECTED,No,NO APPARENT INJURY,NOT DISTRACTED,MD,PASSENGER CAR,25,2013,HYUNDAI,ELANTRA
MCP1438002F,16023384,Montgomery County Police,Property Damage Crash,05-11-16 14:55,County,INDUSTRIAL DR,NO NAME,STRAIGHT MOVEMENT ANGLE,RAINING,WET,DAYLIGHT,,NONE DETECTED,Yes,NO APPARENT INJURY,LOOKED BUT DID NOT SEE,MD,PASSENGER CAR,30,2015,TOYT,4S
EJ7888001C,210045861,Gaithersburg Police Depar,Injury Crash,11-12-21 11:05,County,MUDDY BRANCH RD,SUFFIELD DR,STRAIGHT MOVEMENT ANGLE,CLEAR,DRY,DAYLIGHT,STOP SIGN,NONE DETECTED,No,SUSPECTED SERIOUS INJURY,NOT DISTRACTED,FL,PASSENGER CAR,45,2010,TOYOTA,COROLLA
MCP1580004T,15062516,MONTGOMERY,Injury Crash,12-07-15 16:19,Maryland (State),WOODFIELD RD,BRENISH DR,SAME DIRECTION LEFT TURN,CLEAR,DRY,DAYLIGHT,NO CONTROLS,NONE DETECTED,No,POSSIBLE INJURY,NOT DISTRACTED,MD,PASSENGER CAR,35,2013,HONDA,FIT
MCP31240024,190010142,Montgomery County Police,Property Damage Crash,02/22/2019 03:00:00 PM,,,,OTHER,UNKNOWN,,DAYLIGHT,NO CONTROLS,UNKNOWN,Yes,NO APPARENT INJURY,UNKNOWN,,,25,0,UNKNOWN,UNKNOWN
MCP2677001D,180010693,Montgomery County Police,Property Damage Crash,03-01-18 21:43,County,FATHER HURLEY BLVD,WATERFORD HILLS BLVD,SAME DIRECTION SIDESWIPE,RAINING,WET,DARK LIGHTS ON,NO CONTROLS,,No,NO APPARENT INJURY,NOT DISTRACTED,MD,PASSENGER CAR,35,2001,TOYOTA,4D
MCP27860010,16025507,Montgomery County Police,Property Damage Crash,05/22/2016 09:58:00 PM,Maryland (State),GEORGIA AVE,FOREST GLEN RD,SAME DIR REAR END,RAINING,WET,DARK LIGHTS ON,,NONE DETECTED,Yes,NO APPARENT INJURY,NOT DISTRACTED,MD,PASSENGER CAR,35,2013,TOYOTA,COROLLA
MCP2231001L,15061139,MONTGOMERY,Injury Crash,11/30/2015 02:26:00 PM,Maryland (State),MASSACHUSETTS AVE,LITTLE FALLS PKWY,HEAD ON LEFT TURN,RAINING,WET,DAYLIGHT,TRAFFIC SIGNAL,NONE DETECTED,Yes,SUSPECTED MINOR INJURY,UNKNOWN,MD,PASSENGER CAR,30,2015,HYUNDAI,SONATA