Report Number,Local Case Number,Agency Name,ACRS Report Type,Crash Date/Time,Route Type,Road Name,Cross-Street Name,Collision Type,Weather,Surface Condition,Light,Traffic Control,Driver Substance Abuse,Driver At Fault,Injury Severity,Driver Distracted By,Drivers License State,Vehicle Body Type,Speed Limit,Vehicle Year,Vehicle Make,Vehicle Model
DD5611000W,16000618,Rockville Police Departme,Injury Crash,01-04-16 17:36,Municipality,N WASHINGTON ST,MARTINS LA,SINGLE VEHICLE,CLEAR,DRY,DARK LIGHTS ON,TRAFFIC SIGNAL,NONE DETECTED,No,NO APPARENT INJURY,NOT DISTRACTED,MD,"OTHER LIGHT TRUCKS (10,000LBS (4,536KG) OR LESS)",30,2012,BUIC,4S
MCP31630053,23005300,Montgomery County Police,Property Damage Crash,02-01-23 16:15,Maryland (State),CONNECTICUT AVE,RAMP 4 FR MD 185 NB TO IS 495 EB,SAME DIRECTION SIDESWIPE,CLEAR,DRY,DAYLIGHT,,,Yes,NO APPARENT INJURY,LOOKED BUT DID NOT SEE,MD,TRANSIT BUS,35,2010,NEW FLYER,TBU
MCP1020005W,220023199,Montgomery County Police,Property Damage Crash,05/31/2022 08:35:00 AM,Maryland (State),RIDGE RD,DAVIS MILL RD,SAME DIR REAR END,CLEAR,DRY,DAYLIGHT,,NONE DETECTED,No,NO APPARENT INJURY,NOT DISTRACTED,MD,(SPORT) UTILITY VEHICLE,40,2019,FORD,ESCAPE
MCP2603006H,240046840,MONTGOMERY,Injury Crash,10-01-24 13:16,Local Route,STATION27 DR,,"Sideswipe, Opposite Direction",Rain,Wet,Daylight,No Controls,"Not Suspect of Alcohol Use, Not Suspect of Drug Use",No,No Apparent Injury,Not Distracted,MD,Other,15,2007,PIERCE MANUFACTURING,PIERCE MFG
MCP133400BS,210032103,Montgomery County Police,Injury Crash,08/18/2021 07:04:00 AM,County,CENTERWAY RD,STRAWBERRY KNOLL RD,ANGLE MEETS LEFT TURN,CLOUDY,WET,DAYLIGHT,STOP SIGN,NONE DETECTED,Yes,SUSPECTED MINOR INJURY,NOT DISTRACTED,MD,PASSENGER CAR,35,2009,MITSUBISHI,LANCER
MCP3245003S,220044708,Montgomery County Police,Injury Crash,10-12-22 17:20,Maryland (State),W DIAMOND AVE,QUINCE ORCHARD RD,SAME DIR REAR END,CLEAR,DRY,DAYLIGHT,TRAFFIC SIGNAL,NONE DETECTED,No,POSSIBLE INJURY,NOT DISTRACTED,MD,PASSENGER CAR,35,2002,SATURN,SDN
MCP1519001C,16060245,Montgomery County Police,Property Damage Crash,11/23/2016 11:24:00 AM,County,MIDDLEBROOK RD,GREAT SENECA HWY,SAME DIR REAR END,CLEAR,DRY,DAYLIGHT,TRAFFIC SIGNAL,NONE DETECTED,Yes,NO APPARENT INJURY,NOT DISTRACTED,MD,PASSENGER CAR,40,2006,CADI,CTS
MCP29230030,170511088,Montgomery County Police,Injury Crash,06-01-17 10:41,County,ARCOLA AVE,OREBAUGH AVE,SINGLE VEHICLE,CLEAR,DRY,DAYLIGHT,NO CONTROLS,NONE DETECTED,Yes,SUSPECTED MINOR INJURY,DISTRACTED BY OUTSIDE PERSON OBJECT OR EVENT,MD,(SPORT) UTILITY VEHICLE,35,2007,CHEVROLET,TRAILBLAZER
EJ7837003B,190004163,Gaithersburg Police Depar,Property Damage Crash,01/26/2019 05:45:00 PM,Maryland (State),CLOPPER RD,FIRSTFIELD RD,SAME DIR REAR END,CLEAR,DRY,DARK LIGHTS ON,TRAFFIC SIGNAL,,No,NO APPARENT INJURY,NOT DISTRACTED,MD,PASSENGER CAR,35,2001,HONDA,ACCORD
MCP11190082,190057241,Montgomery County Police,Injury Crash,11/27/2019 08:23:00 AM,County,BAUER DR,NORBECK RD,STRAIGHT MOVEMENT ANGLE,CLOUDY,WET,DAYLIGHT,TRAFFIC SIGNAL,NONE DETECTED,No,NO APPARENT INJURY,NOT DISTRACTED,MD,SCHOOL BUS,30,2020,THOMAS,BUS
EJ7876003Z,210047087,Gaithersburg Police Depar,Property Damage Crash,11/19/2021 08:15:00 PM,Maryland (State),MONTGOMERY VILLAGE AVE,FREDERICK RD,SAME DIRECTION SIDESWIPE,CLEAR,DRY,DARK LIGHTS ON,TRAFFIC SIGNAL,NONE DETECTED,No,NO APPARENT INJURY,NOT DISTRACTED,MD,PASSENGER CAR,35,2018,TOYOTA,CAMRY
MCP2969009L,200048668,Montgomery County Police,Property Damage Crash,12-10-20 14:15,County,BRIGGS CHANEY RD,CLAUDE LA,SAME DIRECTION SIDESWIPE,CLEAR,DRY,DAYLIGHT,NO CONTROLS,NONE DETECTED,No,NO APPARENT INJURY,NOT DISTRACTED,MD,PASSENGER CAR,40,2013,TOYOTA,COROLLA
MCP2947000S,15042543,MONTGOMERY,Injury Crash,08/25/2015 06:59:00 AM,County,RANDOLPH RD,GLENMONT CIR #1,SAME DIR REAR END,CLEAR,DRY,DAWN,TRAFFIC SIGNAL,NONE DETECTED,No,POSSIBLE INJURY,NOT DISTRACTED,MD,PASSENGER CAR,30,2003,ACURA,MDX
MCP10200041,190006957,Montgomery County Police,Property Damage Crash,02/13/2019 07:38:00 AM,Maryland (State),RIDGE RD,VALLEY PARK DR,STRAIGHT MOVEMENT ANGLE,CLEAR,WET,DAYLIGHT,STOP SIGN,NONE DETECTED,No,NO APPARENT INJURY,NOT DISTRACTED,MD,VAN,40,2016,SUBA,SW
MCP2107004L,230066008,Montgomery County Police,Property Damage Crash,11/13/2023 07:36:00 AM,Maryland (State),RIDGE RD,OAK DR,STRAIGHT MOVEMENT ANGLE,CLEAR,DRY,DAYLIGHT,STOP SIGN,NONE DETECTED,Yes,NO APPARENT INJURY,LOOKED BUT DID NOT SEE,MD,PASSENGER CAR,35,2016,VOLK,SD
MCP2995002L,170549027,Montgomery County Police,Property Damage Crash,12/16/2017 11:13:00 PM,County,HOLDRIDGE RD,VALLEYWOOD DR,SAME DIRECTION SIDESWIPE,,,DARK NO LIGHTS,NO CONTROLS,ALCOHOL PRESENT,Yes,NO APPARENT INJURY,OTHER DISTRACTION,MD,PICKUP TRUCK,15,2004,FORD,F-150
MCP21620031,180008676,Montgomery County Police,Property Damage Crash,02/19/2018 08:26:00 PM,,,,SINGLE VEHICLE,CLEAR,,DARK LIGHTS ON,,,Yes,NO APPARENT INJURY,UNKNOWN,MD,AMBULANCE/NON EMERGENCY,5,2010,FREIGHTLINER,AMBULANCE
MCP1151005R,17000511,Montgomery County Police,Injury Crash,01-04-17 6:36,Maryland (State),FREDERICK RD,SHAKESPEARE BLVD,HEAD ON LEFT TURN,FOGGY,WET,DARK LIGHTS ON,TRAFFIC SIGNAL,NONE DETECTED,No,NO APPARENT INJURY,NOT DISTRACTED,MD,PASSENGER CAR,45,2014,MERZ,E63
MCP2723000S,15040315,MONTGOMERY,Injury Crash,08/13/2015 06:50:00 AM,Maryland (State),GEORGIA AVE,NORBECK RD,SAME DIR REAR END,CLEAR,DRY,DAYLIGHT,NO CONTROLS,NONE DETECTED,No,SUSPECTED SERIOUS INJURY,NOT DISTRACTED,MD,PASSENGER CAR,50,2015,CHEVY,EQUINOX
MCP2298014K,230061566,Montgomery County Police,Property Damage Crash,10/20/2023 08:09:00 AM,Maryland (State),RIDGE RD,DAVIS MILL RD,SAME DIR REAR END,CLOUDY,DRY,DAYLIGHT,NO CONTROLS,NONE DETECTED,No,NO APPARENT INJURY,NOT DISTRACTED,MD,POLICE VEHICLE/EMERGENCY,40,2024,SUBA,UT
MCP22030074,230049162,Montgomery County Police,Injury Crash,08-12-23 17:25,Maryland (State),UNIVERSITY BLVD W,SLIGO CREEK PKWY,SAME DIR REAR END,CLEAR,DRY,DAYLIGHT,,NONE DETECTED,Yes,POSSIBLE INJURY,UNKNOWN,MD,(SPORT) UTILITY VEHICLE,35,2019,TOYOTA,RAV4
MCP2607000V,15010215,Montgomery County Police,Property Damage Crash,03-04-15 15:20,,,,OTHER,RAINING,,DAYLIGHT,NO CONTROLS,NONE DETECTED,Yes,NO APPARENT INJURY,TALKING OR LISTENING TO CELLULAR PHONE,MD,PASSENGER CAR,10,2002,HONDA,CIVIC
MCP2941004K,230013841,Montgomery County Police,Property Damage Crash,03/22/2023 10:30:00 AM,Maryland (State),FREDERICK RD,WATKINS MILL RD,STRAIGHT MOVEMENT ANGLE,CLEAR,DRY,DAYLIGHT,TRAFFIC SIGNAL,NONE DETECTED,Yes,NO APPARENT INJURY,INATTENTIVE OR LOST IN THOUGHT,MD,PASSENGER CAR,35,2019,MITS,UT
MCP2948003P,190047712,Montgomery County Police,Injury Crash,10-04-19 19:30,County,RANDOLPH RD,KEMP MILL RD,SAME DIR REAR END,CLEAR,DRY,DARK -- UNKNOWN LIGHTING,TRAFFIC SIGNAL,NONE DETECTED,No,SUSPECTED MINOR INJURY,NOT DISTRACTED,MD,PASSENGER CAR,45,2012,CHEVROLET,MALIBU
MCP12910032,200039412,Montgomery County Police,Property Damage Crash,10-06-20 20:25,Maryland (State),FREDERICK RD,CHESTNUT ST,SAME DIRECTION SIDESWIPE,CLEAR,DRY,DARK LIGHTS ON,NO CONTROLS,NONE DETECTED,No,NO APPARENT INJURY,NOT DISTRACTED,MD,PASSENGER CAR,35,2002,ACURA,RSX
MCP11480039,190057052,Montgomery County Police,Property Damage Crash,11/26/2019 12:30:00 PM,County,ROSEDALE AVE,TILBURY ST,OTHER,CLEAR,DRY,DARK LIGHTS ON,STOP SIGN,,Yes,NO APPARENT INJURY,UNKNOWN,,"MEDIUM/HEAVY TRUCKS 3 AXLES (OVER 10,000LBS (4,536KG))",25,2000,GREAT DANE,TRAILER
MCP20430009,15039169,MONTGOMERY,Injury Crash,08-06-15 21:23,County,ROTHBURY DR,GOSHEN RD,STRAIGHT MOVEMENT ANGLE,CLOUDY,DRY,DARK LIGHTS ON,NO CONTROLS,NONE DETECTED,Yes,POSSIBLE INJURY,OTHER DISTRACTION,MD,PASSENGER CAR,30,2009,LEXUS,LS 460
MCP30080038,220030343,Montgomery County Police,Injury Crash,07/14/2022 11:25:00 PM,Maryland (State),UNIVERSITY BLVD E,RAMP 2 FR IS 495 WB TO MD 193 NB,STRAIGHT MOVEMENT ANGLE,CLEAR,DRY,DARK LIGHTS ON,TRAFFIC SIGNAL,NONE DETECTED,No,POSSIBLE INJURY,NOT DISTRACTED,MD,PASSENGER CAR,35,2005,ACURA,RL
MCP15750032,15053426,MONTGOMERY,Property Damage Crash,10/21/2015 01:37:00 PM,,,,OTHER,CLEAR,,DAYLIGHT,NO CONTROLS,NONE DETECTED,Yes,NO APPARENT INJURY,LOOKED BUT DID NOT SEE,MD,SCHOOL BUS,0,2008,THOMAS,BUS
MCP2829005K,180063971,Montgomery County Police,Injury Crash,12/22/2018 08:40:00 AM,County,OLD COLUMBIA PIKE,AVONSHIRE DR,OTHER,,DRY,DAYLIGHT,NO CONTROLS,NONE DETECTED,No,POSSIBLE INJURY,NOT DISTRACTED,MD,"CARGO VAN/LIGHT TRUCK 2 AXLES (OVER 10,000LBS (4,536 KG))",15,2012,NISS,TK
EJ78370020,170523423,Gaithersburg Police Depar,Injury Crash,08-07-17 5:30,Maryland (State),FREDERICK RD,WALKER AVE,SAME DIRECTION LEFT TURN,,DRY,DARK LIGHTS ON,,,Yes,SUSPECTED MINOR INJURY,LOOKED BUT DID NOT SEE,MD,PASSENGER CAR,30,1993,TOYOTA,COROLLA
MCP3192006F,250044825,MONTGOMERY,Injury Crash,10-05-25 19:34,County Route,RANDOLPH RD (WB/L),,Front to Rear,Clear,Dry,Dark - Lighted,Traffic Control Signal,"Not Suspect of Alcohol Use, Not Suspect of Drug Use",No,No Apparent Injury,Not Distracted,MD,Passenger Car,35,2008,TOYOTA,SCION TC
DD5567005V,240041785,ROCKVILLE,Injury Crash,09-03-24 18:24,Maryland (State) Route,W MONTGOMERY AVE,,"Sideswipe, Same Direction",Clear,Dry,Daylight,No Controls,"Not Suspect of Alcohol Use, Not Suspect of Drug Use",No,Possible Injury,Not Distracted,MD,Passenger Car,35,2012,HONDA,CIVIC
MCP2848004W,170519952,Montgomery County Police,Fatal Crash,07/19/2017 11:11:00 AM,County,ROCKLEDGE DR,DEMOCRACY BLVD,HEAD ON LEFT TURN,CLEAR,DRY,DAYLIGHT,NO CONTROLS,NONE DETECTED,No,SUSPECTED MINOR INJURY,NOT DISTRACTED,MD,PASSENGER CAR,30,2018,BMW,430I
MCP32710015,210025308,Montgomery County Police,Property Damage Crash,07-01-21 17:22,,,,HEAD ON LEFT TURN,CLOUDY,,DAYLIGHT,,NONE DETECTED,Yes,NO APPARENT INJURY,UNKNOWN,DC,PASSENGER CAR,5,2015,JEEP,CHEROKEE
MCP3162005Q,250000616,MONTGOMERY,Property Damage Crash,01-05-25 13:00,Local Route,METRORAIL TRACK B2 RAIL,,"Sideswipe, Same Direction",Clear,Dry,Daylight,No Controls,"Not Suspect of Alcohol Use, Not Suspect of Drug Use",No,No Apparent Injury,Not Distracted,MD,Passenger Car,35,2023,TOYOTA,CAMRY
MCP3026002N,180011232,Montgomery County Police,Property Damage Crash,03-05-18 14:22,Maryland (State),RIVER RD,RIDGEFIELD RD,SAME DIR REAR END,CLEAR,DRY,DAYLIGHT,TRAFFIC SIGNAL,NONE DETECTED,Yes,NO APPARENT INJURY,NOT DISTRACTED,MD,PASSENGER CAR,30,2007,AUDI,A8
MCP2974005S,250038102,MONTGOMERY,Property Damage Crash,08/26/2025 08:40:00 AM,County Route,LOCKWOOD DR,,"Sideswipe, Same Direction",Clear,Dry,Daylight,No Controls,"Not Suspect of Alcohol Use, Not Suspect of Drug Use",Yes,No Apparent Injury,Not Distracted,WV,Bus - Transit,25,2020,NOVABUS,LFS ARTICULATED
DD5538001B,16017383,Rockville Police Departme,Property Damage Crash,04-09-16 16:14,,,,OTHER,CLOUDY,,DAYLIGHT,NO CONTROLS,NONE DETECTED,No,NO APPARENT INJURY,NOT DISTRACTED,MD,TRANSIT BUS,5,2009,GILLIG,LOW BUS
MCP29140048,170501012,Montgomery County Police,Property Damage Crash,04-08-17 0:14,Maryland (State),PINEY BRANCH RD,ENT TO CHURCH,SINGLE VEHICLE,CLEAR,,DARK LIGHTS ON,NO CONTROLS,ALCOHOL CONTRIBUTED,Yes,NO APPARENT INJURY,NOT DISTRACTED,MD,PASSENGER CAR,40,2000,TOYOTA,COROLLA
MCP2867001G,15039062,MONTGOMERY,Property Damage Crash,08-06-15 12:29,US (State),COLESVILLE RD,LANARK WAY,SAME DIR REAR END,CLOUDY,DRY,DAYLIGHT,NO CONTROLS,UNKNOWN,Yes,NO APPARENT INJURY,NOT DISTRACTED,,UNKNOWN,40,2015,UNKNOWN,UNKNOWN
DM8430000H,16052940,Takoma Park Police Depart,Property Damage Crash,10/14/2016 08:49:00 PM,,,,OTHER,CLEAR,,DARK LIGHTS ON,NO CONTROLS,NONE DETECTED,Yes,NO APPARENT INJURY,LOOKED BUT DID NOT SEE,MD,PASSENGER CAR,5,2007,TOYT,VN
MCP3085000T,170549337,Montgomery County Police,Injury Crash,12/18/2017 04:47:00 PM,Maryland (State),OLD GEORGETOWN RD,RYLAND DR,SAME DIR REAR END,CLEAR,DRY,DAWN,TRAFFIC SIGNAL,NONE DETECTED,Yes,NO APPARENT INJURY,LOOKED BUT DID NOT SEE,MD,(SPORT) UTILITY VEHICLE,35,2011,NISS,TK
MCP3160003M,220015539,Montgomery County Police,Property Damage Crash,04-12-22 15:30,Maryland (State),ROCKVILLE PIKE,GOLF LA,SAME DIR REAR END,CLEAR,DRY,DAYLIGHT,NO CONTROLS,NONE DETECTED,No,NO APPARENT INJURY,NOT DISTRACTED,MD,PICKUP TRUCK,35,2014,RAM,TK
MCP2832005J,190052219,Montgomery County Police,Property Damage Crash,10/30/2019 12:33:00 PM,Maryland (State),WISCONSIN AVE,BRADLEY LA,SAME DIRECTION SIDESWIPE,CLOUDY,DRY,DAYLIGHT,TRAFFIC SIGNAL,UNKNOWN,Yes,NO APPARENT INJURY,UNKNOWN,MD,"MEDIUM/HEAVY TRUCKS 3 AXLES (OVER 10,000LBS (4,536KG))",35,2019,FREIGHTLINER,TRACTOR
MCP3289002T,230065091,Montgomery County Police,Property Damage Crash,11-08-23 9:50,Maryland (State),EAST WEST HWY,COLESVILLE RD,STRAIGHT MOVEMENT ANGLE,CLEAR,DRY,DAYLIGHT,NO CONTROLS,,Yes,NO APPARENT INJURY,LOOKED BUT DID NOT SEE,MD,PASSENGER CAR,30,2021,CHEVY,SD
EJ7847001H,15052910,GAITHERSBURG,Property Damage Crash,10/18/2015 06:01:00 PM,Municipality,W WATKINS MILL RD,CLOPPER RD,SAME DIR REAR END,CLEAR,DRY,DAYLIGHT,TRAFFIC SIGNAL,ALCOHOL PRESENT,Yes,NO APPARENT INJURY,NOT DISTRACTED,CA,(SPORT) UTILITY VEHICLE,25,2015,SUBARU,FORRESTER
MCP263900BR,210009564,Montgomery County Police,Property Damage Crash,03/14/2021 12:36:00 PM,Maryland (State),GEORGIA AVE,CONNECTICUT AVE,SAME DIR REAR END,CLEAR,DRY,DAYLIGHT,NO CONTROLS,NONE DETECTED,Yes,NO APPARENT INJURY,NOT DISTRACTED,MD,PICKUP TRUCK,35,2013,CHEVROLET,SILVERADO
MCP2094009X,180008941,Montgomery County Police,Injury Crash,02/21/2018 06:15:00 AM,Maryland (State),OLD GEORGETOWN RD,RAMP 6 FR RAMP 10 (FR IS270) TO MD 187,HEAD ON LEFT TURN,CLEAR,WET,DARK NO LIGHTS,OTHER,NONE DETECTED,No,SUSPECTED SERIOUS INJURY,NOT DISTRACTED,MD,MOTORCYCLE,40,2003,HARLEY DAVIDSON,SPORTSER
MCP29420009,15019013,Montgomery County Police,Property Damage Crash,04/23/2015 12:00:00 AM,Interstate (State),CAPITAL BELTWAY,NO NAME,SAME DIR REAR END,CLEAR,DRY,DARK LIGHTS ON,,ALCOHOL CONTRIBUTED,Yes,NO APPARENT INJURY,NOT DISTRACTED,MD,PASSENGER CAR,55,2002,CHEV,VAN
MCP3213002G,250054672,MONTGOMERY,Property Damage Crash,12-07-25 0:46,County Route,GREENCASTLE RD,,Single Vehicle,Clear,Wet,Dark - Lighted,No Controls,"Not Suspect of Alcohol Use, Not Suspect of Drug Use",Yes,No Apparent Injury,Unknown,MD,Passenger Car,30,2014,ACURA,TSX
MCP2756005G,230069593,Montgomery County Police,Injury Crash,12-03-23 10:05,Maryland (State),GEORGIA AVE,NORBECK RD,SAME DIRECTION SIDESWIPE,RAINING,WET,DAYLIGHT,NO CONTROLS,NONE DETECTED,Yes,SUSPECTED SERIOUS INJURY,LOOKED BUT DID NOT SEE,MD,PASSENGER CAR,35,2010,TOYOTA,YARIS
MCP29670061,240051373,MONTGOMERY,Property Damage Crash,10/26/2024 07:06:00 PM,Maryland (State) Route,RIVER RD (WB/L),,Front to Rear,Clear,Dry,Dark - Lighted,School Zone,"Not Suspect of Alcohol Use, Not Suspect of Drug Use",No,No Apparent Injury,Not Distracted,MD,Van - Cargo,30,2018,RAM,PROMASTER 2500
MCP242500DR,190009089,Montgomery County Police,Property Damage Crash,02/26/2019 06:36:00 AM,Maryland (State),GEORGIA AVE,DENNIS AVE,SAME DIR REAR END,CLEAR,DRY,DAWN,TRAFFIC SIGNAL,NONE DETECTED,No,NO APPARENT INJURY,NOT DISTRACTED,MD,PASSENGER CAR,35,2015,KIA,SOUL
EJ7837006J,230001361,Gaithersburg Police Depar,Property Damage Crash,01-09-23 16:00,Maryland (State),FREDERICK RD,PROFESSIONAL DR,SAME DIRECTION SIDESWIPE,CLEAR,DRY,DAYLIGHT,TRAFFIC SIGNAL,,No,NO APPARENT INJURY,NOT DISTRACTED,MD,PASSENGER CAR,40,2012,NISS,SD
DD56240032,190047692,Rockville Police Departme,Injury Crash,10-04-19 17:40,Maryland (State),VEIRS MILL RD,FIRST ST,SAME DIR REAR END,CLEAR,DRY,DAYLIGHT,TRAFFIC SIGNAL,NONE DETECTED,Yes,NO APPARENT INJURY,NOT DISTRACTED,MD,PASSENGER CAR,30,2004,HONDA,SEDAN
DM8494001P,210050836,Takoma Park Police Depart,Property Damage Crash,12/14/2021 02:14:00 PM,Municipality,KENTLAND AVE,EAST WEST HWY,OTHER,CLEAR,DRY,DAYLIGHT,NO CONTROLS,,No,NO APPARENT INJURY,NOT DISTRACTED,MD,PASSENGER CAR,0,2004,TOYOTA,COROLLA
MCP2348001R,16032000,Montgomery County Police,Property Damage Crash,06/24/2016 03:49:00 PM,Maryland (State),VEIRS MILL RD,UNIVERSITY BLVD W,SAME DIR REAR END,CLEAR,DRY,DAYLIGHT,TRAFFIC SIGNAL,NONE DETECTED,No,NO APPARENT INJURY,NOT DISTRACTED,MD,PASSENGER CAR,30,2005,NISS,ALTIMA
MCP2935001M,180051509,Montgomery County Police,Injury Crash,10/15/2018 08:32:00 PM,County,BONIFANT ST,GEORGIA AVE,OTHER,CLEAR,,DARK LIGHTS ON,TRAFFIC SIGNAL,,No,NO APPARENT INJURY,NOT DISTRACTED,MD,PASSENGER CAR,35,2014,HONDA,4S
MCP30970017,190027137,Montgomery County Police,Injury Crash,06-06-19 21:30,County,STEWART LA,COLUMBIA PIKE,SAME DIR REAR END,CLEAR,DRY,DARK LIGHTS ON,TRAFFIC SIGNAL,NONE DETECTED,Yes,POSSIBLE INJURY,LOOKED BUT DID NOT SEE,MD,PASSENGER CAR,45,2018,NISSAN,ALTIMA
EJ7856006M,190018181,Gaithersburg Police Depar,Property Damage Crash,04/18/2019 04:07:00 PM,County,MUDDY BRANCH RD,DIAMONDBACK DR,HEAD ON LEFT TURN,CLEAR,DRY,DAYLIGHT,TRAFFIC SIGNAL,,No,NO APPARENT INJURY,NOT DISTRACTED,MD,PASSENGER CAR,45,2005,FORD,MUSTANG
MCP3235000Y,200021531,Montgomery County Police,Property Damage Crash,05/31/2020 03:36:00 PM,County,POWDER MILL RD,NEW HAMPSHIRE AVE,STRAIGHT MOVEMENT ANGLE,CLEAR,DRY,DAYLIGHT,NO CONTROLS,NONE DETECTED,Yes,NO APPARENT INJURY,LOOKED BUT DID NOT SEE,MD,PASSENGER CAR,45,2013,FORD,EXPLORER
MCP3264003R,230025089,Montgomery County Police,Property Damage Crash,05/25/2023 01:45:00 PM,Maryland (State),PINEY BRANCH RD,SUNNYSIDE RD,SAME DIR REAR END,CLEAR,DRY,DAYLIGHT,NO CONTROLS,NONE DETECTED,Yes,NO APPARENT INJURY,LOOKED BUT DID NOT SEE,MD,PASSENGER CAR,30,2010,HONDA,CIVIC
MCP3127001N,200042732,Montgomery County Police,Property Damage Crash,10/29/2020 08:39:00 PM,Maryland (State),ROCKVILLE PIKE,CEDAR LA,SAME DIR REAR END,RAINING,WET,DARK LIGHTS ON,TRAFFIC SIGNAL,ALCOHOL CONTRIBUTED,Yes,NO APPARENT INJURY,NOT DISTRACTED,PA,PASSENGER CAR,35,2013,HYUNDAI,ELANTRA
MCP2191002M,190000583,Montgomery County Police,Property Damage Crash,01-04-19 10:49,,,,STRAIGHT MOVEMENT ANGLE,,,DAYLIGHT,,NONE DETECTED,Yes,NO APPARENT INJURY,LOOKED BUT DID NOT SEE,MD,POLICE VEHICLE/EMERGENCY,0,2008,DODGE,CHARGER
EJ78880089,250048415,GAITHERSBURG,Injury Crash,10/28/2025 02:45:00 PM,Maryland (State) Route,,ODENDHAL AVE,Other,Clear,Dry,Daylight,Traffic Control Signal,"Not Suspect of Alcohol Use, Not Suspect of Drug Use",No,No Apparent Injury,Unknown,MD,Sport Utility Vehicle,30,2023,HYUNDAI,SANTA FE
MCP1202003Z,190030272,Montgomery County Police,Property Damage Crash,06/25/2019 08:55:00 AM,County,ALLAN TERR,ALLAN RD,OTHER,CLEAR,DRY,DAYLIGHT,,NONE DETECTED,Yes,NO APPARENT INJURY,NOT DISTRACTED,MD,"OTHER LIGHT TRUCKS (10,000LBS (4,536KG) OR LESS)",25,2019,INTERNATIONAL,MV607
MCP04870017,16059615,Montgomery County Police,Injury Crash,11/19/2016 01:58:00 PM,Maryland (State),WOODFIELD RD,SPUR FR MD 115,STRAIGHT MOVEMENT ANGLE,CLOUDY,DRY,DAYLIGHT,NO CONTROLS,NONE DETECTED,Yes,NO APPARENT INJURY,LOOKED BUT DID NOT SEE,MD,PASSENGER CAR,10,2016,SUBARU,FORESTER
MCP28480072,180031435,Montgomery County Police,Injury Crash,06/26/2018 11:27:00 AM,Maryland (State),RIVER RD,OGDEN RD,STRAIGHT MOVEMENT ANGLE,CLEAR,DRY,DAYLIGHT,STOP SIGN,NONE DETECTED,No,POSSIBLE INJURY,NOT DISTRACTED,MD,PASSENGER CAR,45,2010,HONDA,ACCORD
MCP3030005R,240000641,MONTGOMERY,Property Damage Crash,01-04-24 16:17,Maryland (State) Route,MASSACHUSETTS AVE,SANGAMORE RD,Front to Rear,Clear,Dry,Daylight,Traffic Control Signal,"Not Suspect of Alcohol Use, Not Suspect of Drug Use",No,No Apparent Injury,Not Distracted,MD,Passenger Car,35,2020,HONDA,UNKNOWN
MCP2456005T,210049634,Montgomery County Police,Property Damage Crash,12-07-21 8:35,Maryland (State),NEW HAMPSHIRE AVE,OAKVIEW DR,SAME DIR REAR END,CLEAR,DRY,DAYLIGHT,NO CONTROLS,NONE DETECTED,Yes,NO APPARENT INJURY,UNKNOWN,MD,"MEDIUM/HEAVY TRUCKS 3 AXLES (OVER 10,000LBS (4,536KG))",40,2021,INTERNATIONAL,TRUCK
DD556700B2,250044432,ROCKVILLE,Property Damage Crash,10-03-25 9:58,Maryland (State) Route,W MONTGOMERY AVE,DARNESTOWN RD,Front to Rear,Clear,Dry,Daylight,Traffic Control Signal,"Not Suspect of Alcohol Use, Not Suspect of Drug Use",Yes,No Apparent Injury,"Other Action (looking away from task, etc.)",MD,Passenger Car,45,2010,MAZDA,MAZDA6
MCP1174005T,230004242,Montgomery County Police,Property Damage Crash,01/26/2023 09:53:00 AM,Maryland (State),ROCKVILLE PIKE,JONES BRIDGE RD,SAME DIRECTION SIDESWIPE,CLEAR,DRY,DAYLIGHT,NO CONTROLS,UNKNOWN,Yes,NO APPARENT INJURY,NOT DISTRACTED,,,25,0,UNKNOWN,UNKNOWN
MCP2305001C,180037506,Montgomery County Police,Property Damage Crash,07/28/2018 10:09:00 PM,County,FATHER HURLEY BLVD,WATERS LANDING DR,HEAD ON LEFT TURN,CLEAR,DRY,DARK LIGHTS ON,TRAFFIC SIGNAL,,No,NO APPARENT INJURY,NOT DISTRACTED,ND,PASSENGER CAR,35,2018,TOYOTA,PRIUS
MCP2455001L,170508767,Montgomery County Police,Property Damage Crash,05/19/2017 07:55:00 PM,County,ESWORTHY RD,ESWORTHY TERR,SAME DIR REAR END,RAINING,WET,DAYLIGHT,,,No,NO APPARENT INJURY,NOT DISTRACTED,MD,PASSENGER CAR,30,2015,MERZ,VN
EJ7876005Q,230032260,Gaithersburg Police Depar,Property Damage Crash,07-06-23 17:45,,,,OTHER,CLEAR,,DAYLIGHT,NO CONTROLS,,Yes,NO APPARENT INJURY,LOOKED BUT DID NOT SEE,MD,PASSENGER CAR,10,2014,KIA,OPTIMA
MCP3020005W,21000125,Montgomery County Police,Property Damage Crash,01-11-21 8:40,Maryland (State),LAYHILL RD,BONIFANT RD,SAME DIR REAR END,,DRY,DAYLIGHT,NO CONTROLS,NONE DETECTED,No,NO APPARENT INJURY,NOT DISTRACTED,MD,(SPORT) UTILITY VEHICLE,40,2019,HONDA,CR-V
MCP30230010,170521812,Montgomery County Police,Property Damage Crash,07/29/2017 12:00:00 PM,Maryland (State),LAYHILL RD,GEORGIA AVE,SAME DIR REAR END,RAINING,WET,DAYLIGHT,TRAFFIC SIGNAL,NONE DETECTED,No,NO APPARENT INJURY,NOT DISTRACTED,MD,PICKUP TRUCK,30,2003,HONDA,TRUCK