Report Number,Local Case Number,Agency Name,ACRS Report Type,Crash Date/Time,Route Type,Road Name,Cross-Street Name,Collision Type,Weather,Surface Condition,Light,Traffic Control,Driver Substance Abuse,Driver At Fault,Injury Severity,Driver Distracted By,Drivers License State,Vehicle Body Type,Speed Limit,Vehicle Year,Vehicle Make,Vehicle Model
MCP29210054,240024680,MONTGOMERY,Property Damage Crash,05/24/2024 06:05:00 PM,Local Route,FAIRCHILD DR,,"Sideswipe, Opposite Direction",Clear,Dry,Daylight,No Controls,"Not Suspect of Alcohol Use, Not Suspect of Drug Use",No,No Apparent Injury,Not Distracted,MD,Passenger Car,25,2023,NISSAN,ROGUE
DD5636004W,220001492,Rockville Police Departme,Property Damage Crash,01/13/2022 04:33:00 PM,,,,OTHER,CLEAR,,DAYLIGHT,NO CONTROLS,NONE DETECTED,No,NO APPARENT INJURY,NOT DISTRACTED,MD,PASSENGER CAR,0,2017,HONDA,CIVIC
MCP2921000R,15045991,MONTGOMERY,Injury Crash,09-11-15 17:14,Maryland (State),FREDERICK RD,OXBRIDGE DR,SAME DIR REAR END,CLEAR,,DAYLIGHT,,NONE DETECTED,Yes,NO APPARENT INJURY,NOT DISTRACTED,MD,PASSENGER CAR,40,1999,DODG,VN
MCP1181000N,180021675,Montgomery County Police,Injury Crash,05-03-18 8:12,Maryland (State),LAYTONSVILLE RD,HAWKINS CREAMERY RD,SINGLE VEHICLE,CLEAR,DRY,DAYLIGHT,NO CONTROLS,NONE DETECTED,Yes,SUSPECTED SERIOUS INJURY,NOT DISTRACTED,MD,PASSENGER CAR,50,2008,TOYOTA,SCION
DD56530032,230071410,Rockville Police Departme,Property Damage Crash,12/13/2023 05:29:00 AM,Municipality,GAINSBORO RD,THORNDEN RD,HEAD ON,CLEAR,DRY,DARK NO LIGHTS,NO CONTROLS,ALCOHOL CONTRIBUTED,Yes,NO APPARENT INJURY,UNKNOWN,MD,PASSENGER CAR,10,2017,HONDA,4D
MCP2411001W,180005167,Montgomery County Police,Property Damage Crash,01/30/2018 05:41:00 PM,County,CRABBS BRANCH WAY,INDIAN HILLS DR,OTHER,CLEAR,DRY,DARK NO LIGHTS,NO CONTROLS,NONE DETECTED,No,NO APPARENT INJURY,NOT DISTRACTED,MD,TRANSIT BUS,30,2017,GILG,BU
MCP32990012,210045003,Montgomery County Police,Property Damage Crash,10/21/2021 05:15:00 PM,,,,OTHER,CLEAR,,DUSK,NO CONTROLS,UNKNOWN,Yes,NO APPARENT INJURY,LOOKED BUT DID NOT SEE,,PASSENGER CAR,5,2007,HONDA,PILOT
MCP33560021,240033830,MONTGOMERY,Injury Crash,07/17/2024 05:59:00 PM,County Route,CRYSTAL ROCK DR,CLOVERLEAF CENTER DR (EB/L),Angle,Rain,Wet,Daylight,Stop Sign,"Not Suspect of Alcohol Use, Not Suspect of Drug Use",No,No Apparent Injury,Unknown,MD,Passenger Car,25,2012,ACURA,MDX
MCP29840012,190001714,Montgomery County Police,Property Damage Crash,01-11-19 7:38,County,RICHTER FARM RD,CRICKET HILL DR,HEAD ON LEFT TURN,CLEAR,DRY,DAYLIGHT,STOP SIGN,,No,NO APPARENT INJURY,NOT DISTRACTED,MD,PASSENGER CAR,25,2013,TOYT,4D
MCP2116006Y,170527556,Montgomery County Police,Property Damage Crash,08/29/2017 01:58:00 PM,County,SHADY GROVE RD,CORPORATE BLVD,SAME DIR REAR END,RAINING,WET,DAYLIGHT,NO CONTROLS,NONE DETECTED,No,NO APPARENT INJURY,NOT DISTRACTED,MD,PASSENGER CAR,40,2005,TOYOTA,TK
MCP2875001S,16016132,Montgomery County Police,Injury Crash,04-02-16 17:32,Maryland (State),CLOPPER RD,WARING STATION RD,SAME DIR REAR END,CLEAR,DRY,DAYLIGHT,TRAFFIC SIGNAL,NONE DETECTED,Yes,NO APPARENT INJURY,UNKNOWN,MD,PICKUP TRUCK,45,2014,TOYOTA,TACOMA
MCP22140016,240016845,MONTGOMERY,Property Damage Crash,04-11-24 13:54,,,,Angle,Clear,,Daylight,,"Not Suspect of Alcohol Use, Not Suspect of Drug Use",Yes,No Apparent Injury,Not Distracted,MD,Sport Utility Vehicle,0,2010,HONDA,CR-V
MCP26620037,240014996,MONTGOMERY,Injury Crash,03/31/2024 02:27:00 AM,Maryland (State) Route,,,Front to Rear,"Fog, Smog, Smoke",Wet,Dark - Not Lighted,No Controls,"Not Suspect of Alcohol Use, Not Suspect of Drug Use",Yes,No Apparent Injury,"Other Action (looking away from task, etc.)",VA,Pickup,40,2012,CHEVROLET,SILVERADO
MCP3224000C,200011359,Montgomery County Police,Injury Crash,03-07-20 21:18,Government,SLIGO CREEK PKWY,WAYNE AVE,SINGLE VEHICLE,CLEAR,DRY,DARK LIGHTS ON,NO CONTROLS,NONE DETECTED,Yes,NO APPARENT INJURY,NOT DISTRACTED,MD,PASSENGER CAR,35,2003,MINI,COOPER
MCP3270002N,240043024,MONTGOMERY,Property Damage Crash,09-10-24 15:37,County Route,VENICE DR,NEW HAMPSHIRE AVE (SB/L),Front to Rear,Clear,Dry,Daylight,Traffic Control Signal,"Not Suspect of Alcohol Use, Not Suspect of Drug Use",No,No Apparent Injury,Not Distracted,MD,Passenger Car,35,2008,HONDA,CR-V
MCP158000BZ,190046828,Montgomery County Police,Property Damage Crash,09/30/2019 12:01:00 PM,Municipality,PERRY PKWY,W DIAMOND AVE,SAME DIR REAR END,RAINING,WET,DAYLIGHT,NO CONTROLS,NONE DETECTED,Yes,NO APPARENT INJURY,UNKNOWN,MD,PASSENGER CAR,35,2015,FORD,MUSTANG
MCP3223001R,230011310,Montgomery County Police,Property Damage Crash,03-08-23 5:30,Maryland (State),PINEY BRANCH RD,ARLISS ST,STRAIGHT MOVEMENT ANGLE,CLEAR,DRY,DAWN,FLASHING TRAFFIC SIGNAL,UNKNOWN,Yes,NO APPARENT INJURY,UNKNOWN,,UNKNOWN,35,0,UNKNOWN,UNKNOWN
MCP3026001B,170526969,Montgomery County Police,Property Damage Crash,08/26/2017 06:08:00 AM,Maryland (State),WISCONSIN AVE,ELM ST,SINGLE VEHICLE,CLEAR,DRY,DAWN,NO CONTROLS,ALCOHOL PRESENT,Yes,NO APPARENT INJURY,NOT DISTRACTED,MD,PASSENGER CAR,25,2010,VOLK,VW
MCP2690000Z,15034112,MONTGOMERY,Injury Crash,07-11-15 21:54,Maryland (State),UNIVERSITY BLVD W,GABEL ST,SAME DIR REAR END,CLEAR,DRY,DARK LIGHTS ON,NO CONTROLS,NONE DETECTED,Yes,NO APPARENT INJURY,NOT DISTRACTED,MD,PASSENGER CAR,40,2001,MERCURY,2 DOOR
MCP27190031,190013440,Montgomery County Police,Property Damage Crash,03/23/2019 04:00:00 PM,Maryland (State),VEIRS MILL RD,REEDIE DR,SAME DIR REAR END,,DRY,DAYLIGHT,TRAFFIC SIGNAL,NONE DETECTED,No,NO APPARENT INJURY,NOT DISTRACTED,MD,PASSENGER CAR,35,2010,HONDA,CRV
MCP31210034,200012646,Montgomery County Police,Property Damage Crash,03/14/2020 07:10:00 PM,County,MIDCOUNTY HWY,WOODFIELD RD,SAME DIR REAR END,RAINING,WET,DARK NO LIGHTS,NO CONTROLS,NONE DETECTED,No,NO APPARENT INJURY,NOT DISTRACTED,MD,PASSENGER CAR,50,2009,HOND,ACCORD
EJ78050013,200005496,Gaithersburg Police Depar,Property Damage Crash,02-02-20 18:32,Maryland (State),QUINCE ORCHARD RD,FIRSTFIELD RD,SAME DIR REAR END,CLEAR,DRY,DARK LIGHTS ON,TRAFFIC SIGNAL,NONE DETECTED,No,NO APPARENT INJURY,NOT DISTRACTED,MD,PASSENGER CAR,35,2006,SATURN,ION
MCP1366007N,180026338,Montgomery County Police,Property Damage Crash,05/29/2018 12:13:00 PM,County,CRABBS BRANCH WAY,STANDISH PL,SAME DIRECTION SIDESWIPE,CLOUDY,DRY,DAYLIGHT,NO CONTROLS,NONE DETECTED,No,NO APPARENT INJURY,NOT DISTRACTED,MD,TRANSIT BUS,35,2016,GILL,BU
DD56170016,170535115,Rockville Police Departme,Property Damage Crash,10-06-17 12:43,Municipality,REDLAND BLVD,FREDERICK RD,SAME DIRECTION SIDESWIPE,CLEAR,DRY,DAYLIGHT,TRAFFIC SIGNAL,,Yes,NO APPARENT INJURY,UNKNOWN,MD,VAN,30,2007,FORD,TK
MCP3078001M,180028504,Montgomery County Police,Property Damage Crash,06-09-18 11:35,Maryland (State),UNIVERSITY BLVD W,GEORGIA AVE,SAME DIRECTION SIDESWIPE,CLEAR,DRY,DAYLIGHT,TRAFFIC SIGNAL,,Yes,NO APPARENT INJURY,LOOKED BUT DID NOT SEE,MD,TRANSIT BUS,35,2008,GILL,BUS
MCP3148006W,240043406,MONTGOMERY,Injury Crash,09-12-24 15:44,Maryland (State) Route,WISCONSIN AVE,WESTERN AVE,Single Vehicle,Clear,Dry,Daylight,Traffic Control Signal,"Not Suspect of Alcohol Use, Not Suspect of Drug Use",Yes,No Apparent Injury,Unknown,MD,Pickup,30,2018,FORD,F-450
MCP2437005M,240022132,MONTGOMERY,Injury Crash,05-10-24 15:53,Maryland (State) Route,FREDERICK RD,,"Sideswipe, Same Direction",Rain,Wet,Daylight,No Controls,"Not Suspect of Alcohol Use, Not Suspect of Drug Use",Yes,No Apparent Injury,Unknown,VT,Sport Utility Vehicle,40,2017,HONDA,CR-V
MCP9113005M,200001058,Montgomery County Police,Injury Crash,01-06-20 6:16,Maryland (State),GEORGIA AVE,WENDY LA,OTHER,CLEAR,DRY,DARK LIGHTS ON,NO CONTROLS,UNKNOWN,Unknown,NO APPARENT INJURY,UNKNOWN,,,35,0,UNKNOWN,UNKNOWN
MCP3065000D,170526096,Montgomery County Police,Property Damage Crash,08/21/2017 06:13:00 PM,,,,SINGLE VEHICLE,,,DAYLIGHT,,UNKNOWN,Yes,NO APPARENT INJURY,UNKNOWN,MD,PASSENGER CAR,5,2004,FORD,VAN
MCP2398000F,15035735,MONTGOMERY,Injury Crash,07/20/2015 04:10:00 PM,Maryland (State),WOODFIELD RD,AIRPARK RD,SAME DIRECTION RIGHT TURN,CLEAR,DRY,DAYLIGHT,TRAFFIC SIGNAL,NONE DETECTED,Yes,NO APPARENT INJURY,LOOKED BUT DID NOT SEE,MD,PICKUP TRUCK,35,2003,FORD,F350
MCP28750074,230017864,Montgomery County Police,Property Damage Crash,04/14/2023 05:02:00 PM,Maryland (State),RIDGE RD,BRINK RD,SAME DIR REAR END,CLOUDY,DRY,DAYLIGHT,TRAFFIC SIGNAL,ALCOHOL PRESENT,Yes,NO APPARENT INJURY,UNKNOWN,MD,PASSENGER CAR,45,2017,MERCEDES-BENZ,C300
MCP242500FB,190040983,Montgomery County Police,Property Damage Crash,08/27/2019 09:17:00 AM,US (State),COLESVILLE RD,UNIVERSITY BLVD E,OTHER,CLOUDY,DRY,DAYLIGHT,TRAFFIC SIGNAL,NONE DETECTED,No,NO APPARENT INJURY,NOT DISTRACTED,MD,TRANSIT BUS,30,2016,GILLIG,BUS
MCP3164004Z,210043457,Montgomery County Police,Property Damage Crash,10/28/2021 08:35:00 AM,County,RANDOLPH RD,CONNECTICUT AVE,HEAD ON LEFT TURN,,DRY,DAYLIGHT,TRAFFIC SIGNAL,NONE DETECTED,Unknown,NO APPARENT INJURY,NOT DISTRACTED,MD,PASSENGER CAR,35,2018,NISSAN,ALTIMA
MCP29640040,190039208,Montgomery County Police,Injury Crash,08/16/2019 07:18:00 PM,Maryland (State),WOODFIELD RD,WOODFIELD SCHOOL RD,SAME DIR REAR END,CLEAR,DRY,DAYLIGHT,,NONE DETECTED,No,SUSPECTED MINOR INJURY,NOT DISTRACTED,MD,PASSENGER CAR,40,2013,DODGE,CHARGER
MCP3010005P,210019550,Montgomery County Police,Property Damage Crash,05/24/2021 06:22:00 AM,County,HUFF CT,NICHOLSON LA,OPPOSITE DIRECTION SIDESWIPE,RAINING,WET,DUSK,TRAFFIC SIGNAL,,No,NO APPARENT INJURY,NOT DISTRACTED,VA,(SPORT) UTILITY VEHICLE,40,2018,JEEP,GRAND CHER
MCP1202004P,200046931,Montgomery County Police,Injury Crash,11/28/2020 10:36:00 AM,Maryland (State),RIVER RD,EXIT FR NORWOOD SCHOOL,SAME DIR REAR END,CLEAR,DRY,DAYLIGHT,TRAFFIC SIGNAL,NONE DETECTED,No,SUSPECTED MINOR INJURY,NOT DISTRACTED,MD,PASSENGER CAR,40,2019,HONDA,CIVIC
MCP137800V0,200040522,Montgomery County Police,Property Damage Crash,10/14/2020 04:34:00 PM,Maryland (State),WOODFIELD RD,EAST VILLAGE AVE,SAME DIR REAR END,CLEAR,DRY,DAYLIGHT,NO CONTROLS,NONE DETECTED,No,NO APPARENT INJURY,NOT DISTRACTED,MD,PASSENGER CAR,35,2005,PORSCHE,BOXSTER
MCP271700LG,180055826,Montgomery County Police,Property Damage Crash,11-07-18 8:00,US (State),COLESVILLE RD,DALE DR,SAME DIRECTION SIDESWIPE,CLEAR,DRY,DAYLIGHT,TRAFFIC SIGNAL,UNKNOWN,Yes,NO APPARENT INJURY,UNKNOWN,,,35,0,UNKNOWN,UNKNOWN
MCP14170035,15022583,MONTGOMERY,Injury Crash,05-12-15 9:18,County,SNOUFFERS SCHOOL RD,MOONEY DR,HEAD ON LEFT TURN,CLEAR,DRY,DAYLIGHT,TRAFFIC SIGNAL,NONE DETECTED,Yes,SUSPECTED MINOR INJURY,UNKNOWN,MD,PASSENGER CAR,35,2014,CHEVROLET,IMPALA
MCP2739003X,210004555,Montgomery County Police,Property Damage Crash,02-04-21 22:24,Maryland (State),NEW HAMPSHIRE AVE,OAKVIEW DR,STRAIGHT MOVEMENT ANGLE,CLEAR,DRY,DARK LIGHTS ON,TRAFFIC SIGNAL,NONE DETECTED,Yes,NO APPARENT INJURY,UNKNOWN,MD,PASSENGER CAR,40,2008,INFINITI,G37
MCP3330000Y,230006469,Montgomery County Police,Property Damage Crash,02-08-23 17:24,Maryland (State),DARNESTOWN RD,GERMANTOWN RD,SAME DIR REAR END,CLEAR,DRY,DUSK,TRAFFIC SIGNAL,NONE DETECTED,No,NO APPARENT INJURY,UNKNOWN,MD,PASSENGER CAR,50,2009,TOYT,CAMRY
MCP29170047,190020172,Montgomery County Police,Injury Crash,04/30/2019 11:21:00 PM,Maryland (State),LAYHILL RD,DECKMAN LA,SAME DIRECTION SIDESWIPE,CLEAR,DRY,DARK NO LIGHTS,NO CONTROLS,NONE DETECTED,No,SUSPECTED SERIOUS INJURY,NOT DISTRACTED,MD,PASSENGER CAR,40,2019,TOYOTA,YARIS
MCP3312002W,230010987,Montgomery County Police,Injury Crash,03-06-23 10:48,,,,OTHER,CLEAR,,DAYLIGHT,NO CONTROLS,NONE DETECTED,No,POSSIBLE INJURY,NOT DISTRACTED,MD,PASSENGER CAR,20,2023,HYUN,UT
MCP2878000T,15012749,Montgomery County Police,Injury Crash,03/19/2015 05:12:00 PM,County,FATHER HURLEY BLVD,WISTERIA DR,HEAD ON LEFT TURN,CLEAR,DRY,DAYLIGHT,TRAFFIC SIGNAL,NONE DETECTED,No,POSSIBLE INJURY,NOT DISTRACTED,MD,PASSENGER CAR,35,2000,MERC,SABLE
EJ787300B0,240049532,GAITHERSBURG,Property Damage Crash,10/16/2024 07:13:00 PM,,,,Other,Clear,,Dark - Lighted,,"Unknown, Unknown",No,No Apparent Injury,Unknown,,Sport Utility Vehicle,0,2011,LEXUS,RX
EJ7833000Z,15046601,GAITHERSBURG,Property Damage Crash,09/14/2015 10:39:00 PM,Maryland (State),FREDERICK RD,MONTGOMERY VILLAGE AVE,SAME DIR REAR END,CLEAR,DRY,DARK LIGHTS ON,TRAFFIC SIGNAL,NONE DETECTED,No,NO APPARENT INJURY,NOT DISTRACTED,MD,PASSENGER CAR,40,2012,HOND,ACCORD
MCP3240003C,240012589,MONTGOMERY,Injury Crash,03/16/2024 01:07:00 AM,Maryland (State) Route,,MATENY RD,Rear To Side,Clear,Dry,Dark - Lighted,Flashing Traffic Control Signal,"Not Suspect of Alcohol Use, Not Suspect of Drug Use",No,Suspected Minor Injury,Not Distracted,MD,Passenger Car,45,2010,FORD,FUSION
DD5583003J,170546649,Rockville Police Departme,Property Damage Crash,12-05-17 6:45,Municipality,CRESTFIELD DR,PICCARD DR,SINGLE VEHICLE,CLEAR,DRY,DAWN,,NONE DETECTED,Yes,NO APPARENT INJURY,NOT DISTRACTED,MD,POLICE VEHICLE/EMERGENCY,25,2015,TOYT,4S
MCP2923001F,16001314,Montgomery County Police,Property Damage Crash,01-08-16 8:32,Maryland (State),GEORGIA AVE,DENNIS AVE,SINGLE VEHICLE,RAINING,WET,DAYLIGHT,NO CONTROLS,NONE DETECTED,Yes,NO APPARENT INJURY,NOT DISTRACTED,MD,PASSENGER CAR,40,2007,HONDA,ACCORD
MCP2214000H,15056209,MONTGOMERY,Injury Crash,11-04-15 15:50,Maryland (State),CLOPPER RD,LIBERTY MILL RD,SAME DIRECTION RIGHT TURN,CLEAR,DRY,DAYLIGHT,,NONE DETECTED,Yes,NO APPARENT INJURY,NOT DISTRACTED,PA,"CARGO VAN/LIGHT TRUCK 2 AXLES (OVER 10,000LBS (4,536 KG))",30,2005,CHEVROLET,CARGO VAN
MCP2008001G,15057569,MONTGOMERY,Injury Crash,11-11-15 15:53,,,,OTHER,CLEAR,,DAYLIGHT,,NONE DETECTED,Yes,NO APPARENT INJURY,LOOKED BUT DID NOT SEE,MD,PASSENGER CAR,0,2016,HYUN,ELATRA
MCP2116001C,15002552,Montgomery County Police,Injury Crash,01/16/2015 10:55:00 AM,Maryland (State),HUNGERFORD DR,COLLEGE PKWY,STRAIGHT MOVEMENT ANGLE,CLEAR,DRY,DAYLIGHT,TRAFFIC SIGNAL,NONE DETECTED,Yes,POSSIBLE INJURY,LOOKED BUT DID NOT SEE,MD,PASSENGER CAR,40,2013,LEXUS,ES350
DD5633006X,210015313,Rockville Police Departme,Injury Crash,04-11-22 9:30,Maryland (State),NORBECK RD,E GUDE DR,SAME DIR REAR END,CLEAR,DRY,DAYLIGHT,NO CONTROLS,NONE DETECTED,Yes,NO APPARENT INJURY,NOT DISTRACTED,MD,(SPORT) UTILITY VEHICLE,40,2015,LEXUS,TK
HA2368000B,16000959,Maryland-National Capital,Property Damage Crash,07/29/2016 01:20:00 PM,County,CAMERON ST,GEORGIA AVE,OTHER,CLEAR,DRY,DAYLIGHT,TRAFFIC SIGNAL,NONE DETECTED,No,NO APPARENT INJURY,NOT DISTRACTED,DC,PASSENGER CAR,25,2008,CHEVY,TRAILBLAZER
MCP3115002L,190018287,Montgomery County Police,Property Damage Crash,04/19/2019 07:50:00 AM,US (State),COLUMBIA PIKE,FAIRLAND RD,SAME DIR REAR END,CLEAR,,,,,Yes,NO APPARENT INJURY,BY MOVING OBJECT IN VEHICLE,MD,PASSENGER CAR,55,2009,HONDA,CIVIC
MCP28050046,210026057,Montgomery County Police,Injury Crash,07-07-21 12:15,Municipality,SOUTHERN KNIGHT LA,TRAVIS LA,SINGLE VEHICLE,CLEAR,DRY,DAYLIGHT,STOP SIGN,UNKNOWN,Yes,POSSIBLE INJURY,NOT DISTRACTED,MD,PASSENGER CAR,25,2020,TOYOTA,CORROLLA
DD5614000B,16005632,Rockville Police Departme,Injury Crash,02-03-16 11:07,Maryland (State),VEIRS MILL RD,BROADWOOD DR,SAME DIR REAR END,RAINING,WET,DAYLIGHT,NO CONTROLS,NONE DETECTED,Yes,NO APPARENT INJURY,INATTENTIVE OR LOST IN THOUGHT,MD,PASSENGER CAR,40,2005,MAZD,TK
HA2485000B,21001151,Maryland-National Capital,Property Damage Crash,06/21/2021 07:50:00 AM,Maryland (State),UNIVERSITY BLVD E,PINEY BRANCH RD,SAME DIRECTION RIGHT TURN,CLEAR,DRY,DAYLIGHT,TRAFFIC SIGNAL,NONE DETECTED,Yes,NO APPARENT INJURY,UNKNOWN,MD,VAN,30,2018,NISS,VN
MCP2954005J,180023766,Montgomery County Police,Property Damage Crash,05/14/2018 08:57:00 PM,,,,,RAINING,,DARK LIGHTS ON,,UNKNOWN,Yes,NO APPARENT INJURY,OTHER DISTRACTION,,PASSENGER CAR,5,2008,BMW,75L
HA2424000V,19000185,Maryland-National Capital,Injury Crash,01/23/2019 03:35:00 PM,Government,LITTLE FALLS PKWY,HILLANDALE RD,STRAIGHT MOVEMENT ANGLE,CLOUDY,DRY,DAYLIGHT,TRAFFIC SIGNAL,,Unknown,POSSIBLE INJURY,UNKNOWN,MD,PASSENGER CAR,35,2010,TOYOTA,RAV4
MCP2231002X,17002917,Montgomery County Police,Property Damage Crash,01/17/2017 01:30:00 PM,Municipality,HOWARD AVE,ARMORY AVE,STRAIGHT MOVEMENT ANGLE,RAINING,WET,DAYLIGHT,STOP SIGN,NONE DETECTED,No,NO APPARENT INJURY,NOT DISTRACTED,DC,"OTHER LIGHT TRUCKS (10,000LBS (4,536KG) OR LESS)",25,1991,GRUMMAN ALLIED,POSTAL TRUCK
MCP2830003B,170530273,Montgomery County Police,Injury Crash,09/13/2017 07:39:00 AM,County,RANDOLPH RD,SPRING TREE DR,SAME DIR REAR END,RAINING,WET,OTHER,NO CONTROLS,NONE DETECTED,Yes,NO APPARENT INJURY,INATTENTIVE OR LOST IN THOUGHT,MD,PASSENGER CAR,40,2006,CHRYSLER,SEBRING
MCP9318002T,230017282,Montgomery County Police,Property Damage Crash,04-11-23 15:06,Maryland (State),NEW HAMPSHIRE AVE,POWDER MILL RD,SAME DIR REND RIGHT TURN,CLEAR,DRY,DAYLIGHT,TRAFFIC SIGNAL,NONE DETECTED,No,NO APPARENT INJURY,NOT DISTRACTED,MD,PASSENGER CAR,40,2019,HONDA,ACCORD
MCP1522000Q,15049521,MONTGOMERY,Injury Crash,09/30/2015 08:48:00 AM,County,FATHER HURLEY BLVD,WATERS LANDING DR,SAME DIR REAR END,RAINING,WET,DAYLIGHT,TRAFFIC SIGNAL,,No,SUSPECTED MINOR INJURY,NOT DISTRACTED,MD,PASSENGER CAR,35,2003,FORD,EXPLORER
MCP3398000V,240016201,MONTGOMERY,Property Damage Crash,04-07-24 11:30,,,,"Sideswipe, Same Direction",Clear,,Daylight,,"Not Suspect of Alcohol Use, Not Suspect of Drug Use",Yes,No Apparent Injury,Not Distracted,MD,Pickup,0,2022,TOYOTA,TUNDRA
MCP22910074,230058305,Montgomery County Police,Injury Crash,10-03-23 14:42,Maryland (State),RIVER RD,ENT TO US POST OFFICE,STRAIGHT MOVEMENT ANGLE,,DRY,DAYLIGHT,NO CONTROLS,NONE DETECTED,Yes,NO APPARENT INJURY,LOOKED BUT DID NOT SEE,MD,PASSENGER CAR,35,2016,MERCEDES,E350
MCP34020038,250015953,MONTGOMERY,Property Damage Crash,04-12-25 12:17,County Route,UNIVERSITY BLVD E SERV RD,MERRIMAC DR UNIVERSITY BLVD E SERV RD,Angle,Clear,Dry,Daylight,Stop Sign,"Not Suspect of Alcohol Use, Not Suspect of Drug Use",No,No Apparent Injury,Not Distracted,MD,Passenger Car,25,2018,RAM,2500
MCP271700RT,200009290,Montgomery County Police,Property Damage Crash,02/25/2020 06:50:00 AM,County,GRUBB RD,ROSS RD,OTHER,RAINING,WET,DAYLIGHT,STOP SIGN,NONE DETECTED,No,NO APPARENT INJURY,NOT DISTRACTED,MD,TRANSIT BUS,25,2007,GILLIG,TRANSIT BUS
MCP3392001N,240058545,MONTGOMERY,Property Damage Crash,12-07-24 12:51,County Route,ENNALLS AVE,VEIRS MILL RD,Front to Front,Clear,Dry,Daylight,No Controls,"Not Suspect of Alcohol Use, Not Suspect of Drug Use",Yes,No Apparent Injury,Unknown,MD,Pickup,25,2011,HONDA,RIDGELINE
EJ78880041,230016125,Gaithersburg Police Depar,Property Damage Crash,04-04-23 16:45,,,,SAME DIR REAR END,,,DAYLIGHT,NO CONTROLS,NONE DETECTED,No,NO APPARENT INJURY,NOT DISTRACTED,MD,PICKUP TRUCK,0,2004,DODG,TK
MCP2608001C,16003435,Montgomery County Police,Property Damage Crash,01/19/2016 01:09:00 PM,Maryland (State),GEORGIA AVE,SPRING ST,SAME DIR REAR END,,DRY,DAYLIGHT,TRAFFIC SIGNAL,NONE DETECTED,No,NO APPARENT INJURY,NOT DISTRACTED,NC,PASSENGER CAR,35,2007,HONDA,CIVIC
MCP30510042,200008884,Montgomery County Police,Injury Crash,02/22/2020 03:35:00 PM,County,TUCKERMAN LA,WESTLAKE DR,SAME DIR REAR END,CLEAR,DRY,DAYLIGHT,TRAFFIC SIGNAL,NONE DETECTED,No,NO APPARENT INJURY,NOT DISTRACTED,MD,PASSENGER CAR,35,2018,TOYOTA,HIGHLANDER
MCP30000036,200019499,Montgomery County Police,Property Damage Crash,05/15/2020 12:52:00 AM,County,BEAR CREEK DR,TAPWOOD RD,SINGLE VEHICLE,CLEAR,DRY,DARK LIGHTS ON,NO CONTROLS,ALCOHOL PRESENT,Yes,NO APPARENT INJURY,NOT DISTRACTED,MD,(SPORT) UTILITY VEHICLE,25,2018,TOYOTA,HIGHLANDER
MCP2622003N,220057271,Montgomery County Police,Injury Crash,12/26/2022 11:28:00 AM,County,CASTLE BLVD,TEAGARDEN CIR,OTHER,CLEAR,DRY,DAYLIGHT,NO CONTROLS,NONE DETECTED,No,NO APPARENT INJURY,LOOKED BUT DID NOT SEE,MD,PASSENGER CAR,15,2013,HYUNDAI,ELANTRA
MCP2894005S,190025172,Montgomery County Police,Property Damage Crash,05/27/2019 12:48:00 PM,Maryland (State),ROCKVILLE PIKE,GROSVENOR LA,SINGLE VEHICLE,CLEAR,DRY,DAYLIGHT,NO CONTROLS,NONE DETECTED,Yes,NO APPARENT INJURY,UNKNOWN,MD,PASSENGER CAR,40,2005,CHRYSLER,TOWN & COUNTRY
MCP2717001S,15035931,MONTGOMERY,Injury Crash,07/21/2015 04:50:00 PM,Maryland (State),CONNECTICUT AVE,KNOWLES AVE,SAME DIR REAR END,CLEAR,DRY,DAYLIGHT,TRAFFIC SIGNAL,NONE DETECTED,Yes,NO APPARENT INJURY,UNKNOWN,MD,PICKUP TRUCK,35,2007,TOYOTA,TACOMA
MCP3133003C,220010270,Montgomery County Police,Injury Crash,03-10-22 7:46,Maryland (State),NORBECK RD,ROCKING SPRING DR,SAME DIR REAR END,CLEAR,DRY,DAYLIGHT,NO CONTROLS,NONE DETECTED,No,SUSPECTED MINOR INJURY,NOT DISTRACTED,MD,PASSENGER CAR,35,2016,CHEVY,CRUZE
MCP2450004R,230061989,Montgomery County Police,Property Damage Crash,10/22/2023 04:00:00 PM,Interstate (State),EISENHOWER MEMORIAL HWY,GAME PRESERVE RD,SAME DIRECTION SIDESWIPE,,DRY,DAYLIGHT,,NONE DETECTED,Unknown,NO APPARENT INJURY,UNKNOWN,MD,AMBULANCE/EMERGENCY,55,2016,FRHT,AM
MCP2760000Y,16044331,Montgomery County Police,Property Damage Crash,08/30/2016 10:47:00 PM,Maryland (State),FREDERICK RD,PROFESSIONAL DR,OTHER,CLEAR,DRY,DARK LIGHTS ON,NO CONTROLS,,No,NO APPARENT INJURY,NOT DISTRACTED,MD,POLICE VEHICLE/NON EMERGENCY,40,2013,FORD,EXPLORER
MCP28300030,170508098,Montgomery County Police,Property Damage Crash,05/17/2017 09:30:00 AM,,,,OTHER,,,UNKNOWN,NO CONTROLS,NONE DETECTED,Yes,NO APPARENT INJURY,NOT DISTRACTED,MD,PASSENGER CAR,0,2009,HYUNDAI,4S
MCP3078003F,200029213,Montgomery County Police,Injury Crash,07/27/2020 09:20:00 PM,County,NORBECK RD,NORWOOD RD,SINGLE VEHICLE,,DRY,DARK LIGHTS ON,NO CONTROLS,UNKNOWN,Yes,POSSIBLE INJURY,UNKNOWN,,PASSENGER CAR,35,2005,NISSAN,SENTRA