Report Number,Local Case Number,Agency Name,ACRS Report Type,Crash Date/Time,Route Type,Road Name,Cross-Street Name,Collision Type,Weather,Surface Condition,Light,Traffic Control,Driver Substance Abuse,Driver At Fault,Injury Severity,Driver Distracted By,Drivers License State,Vehicle Body Type,Speed Limit,Vehicle Year,Vehicle Make,Vehicle Model
MCP3417001H,250053320,MONTGOMERY,Property Damage Crash,11/28/2025 06:15:00 PM,County Route,WESTLAKE DR,,Angle,Clear,Dry,Dark - Lighted,No Controls,"Not Suspect of Alcohol Use, Not Suspect of Drug Use",No,No Apparent Injury,Not Distracted,MD,Sport Utility Vehicle,30,2016,FORD,EDGE
MCP33310012,220051434,Montgomery County Police,Property Damage Crash,11/21/2022 09:20:00 AM,Maryland (State),GEORGIA AVE,INTERCOUNTY CONNECTOR,SAME DIR REAR END,CLEAR,DRY,DAYLIGHT,NO CONTROLS,NONE DETECTED,Yes,NO APPARENT INJURY,ADJUSTING AUDIO AND OR CLIMATE CONTROLS,MD,PASSENGER CAR,45,2013,TOYT,SD
MCP3256001V,230002535,Montgomery County Police,Injury Crash,01/16/2023 04:22:00 PM,County,FAIRLAND RD,GALWAY DR,SINGLE VEHICLE,CLEAR,DRY,DAYLIGHT,NO CONTROLS,NONE DETECTED,Yes,SUSPECTED MINOR INJURY,NOT DISTRACTED,MD,PASSENGER CAR,30,2016,TOYOTA,RAV4
MCP2921001P,170503393,Montgomery County Police,Injury Crash,04/21/2017 04:39:00 PM,Maryland (State),FREDERICK RD,GAME PRESERVE RD,SAME DIR REAR END,RAINING,WET,DAYLIGHT,,,No,NO APPARENT INJURY,NOT DISTRACTED,MD,PASSENGER CAR,40,2006,SUZUKI,VITARA
MCP2971002V,170522547,Montgomery County Police,Property Damage Crash,08-02-17 15:58,Maryland (State),OLD COLUMBIA PIKE,ENT TO BUSINESS,SAME DIR REAR END,CLEAR,DRY,DAYLIGHT,NO CONTROLS,NONE DETECTED,No,NO APPARENT INJURY,NOT DISTRACTED,MD,PASSENGER CAR,40,2014,SUBARU,FORESTER
DD5655001X,240018312,ROCKVILLE,Property Damage Crash,04/19/2024 01:59:00 PM,Bicycle Route,,MEADOW HALL DR VEIRS MILL RD,Front to Front,Cloudy,Dry,Daylight,No Controls,"Not Suspect of Alcohol Use, Not Suspect of Drug Use",No,No Apparent Injury,Not Distracted,DC,Passenger Car,35,2016,LEXUS,LS
MCP30790009,170524416,Montgomery County Police,Property Damage Crash,08-11-17 21:29,,,,SAME DIRECTION RIGHT TURN,RAINING,,DARK LIGHTS ON,NO CONTROLS,NONE DETECTED,No,NO APPARENT INJURY,NOT DISTRACTED,MD,PASSENGER CAR,10,2017,HONDA,CIVIC
MCP25030025,250021367,MONTGOMERY,Injury Crash,05/15/2025 08:08:00 AM,Maryland (State) Route,,,"Sideswipe, Same Direction",Cloudy,Dry,Daylight,Traffic Control Signal,"Not Suspect of Alcohol Use, Not Suspect of Drug Use",No,Suspected Minor Injury,Not Distracted,MD,Sport Utility Vehicle,50,2021,HONDA,CR-V
EJ78890016,210027647,Gaithersburg Police Depar,Injury Crash,07/17/2021 04:49:00 PM,Maryland (State),MONTGOMERY VILLAGE AVE,RUSSELL AVE,SAME DIR REAR END,RAINING,WET,DAYLIGHT,TRAFFIC SIGNAL,NONE DETECTED,Yes,NO APPARENT INJURY,NOT DISTRACTED,MD,PASSENGER CAR,35,2003,HOND,UT
MCP24440014,15026315,Montgomery County Police,Property Damage Crash,05/31/2015 06:02:00 PM,Maryland (State),ROCKVILLE PIKE,POOKS HILL RD,HEAD ON LEFT TURN,CLEAR,DRY,DAYLIGHT,TRAFFIC SIGNAL,NONE DETECTED,No,NO APPARENT INJURY,NOT DISTRACTED,MD,PASSENGER CAR,35,2010,CHRY,300
MCP1048001T,16034195,Montgomery County Police,Injury Crash,07-06-16 12:35,County,DARNESTOWN RD,TRAVILAH RD,OTHER,CLEAR,DRY,DAYLIGHT,OTHER,,No,NO APPARENT INJURY,UNKNOWN,,,35,0,UNKNOWN,UNKNOWN
DD562000BM,240029398,ROCKVILLE,Injury Crash,06/21/2024 05:00:00 AM,Municipality Route,,,"Sideswipe, Same Direction",Clear,Dry,Dark - Lighted,No Controls,"Not Suspect of Alcohol Use, Not Suspect of Drug Use",Yes,Suspected Minor Injury,Unknown,MD,Passenger Car,30,2006,HYUNDAI,AZERA
MCP209400JC,220008963,Montgomery County Police,Property Damage Crash,03-02-22 7:45,County,CHEVY CHASE DR,OFFUTT LA,OTHER,CLEAR,DRY,DAYLIGHT,NO CONTROLS,NONE DETECTED,Yes,NO APPARENT INJURY,NOT DISTRACTED,MD,SCHOOL BUS,25,2017,THOMAS BUS,BUS
MCP2939005T,210031633,Montgomery County Police,Property Damage Crash,08/13/2021 12:10:00 PM,County,SUNDOWN RD,ZION RD,SAME DIRECTION RIGHT TURN,CLEAR,DRY,DAYLIGHT,NO CONTROLS,,No,NO APPARENT INJURY,NOT DISTRACTED,MD,PASSENGER CAR,40,2020,HOND,UT
DD55670086,250021257,ROCKVILLE,Injury Crash,05/14/2025 01:54:00 PM,,,,Other,Clear,,Daylight,,"Not Suspect of Alcohol Use, Not Suspect of Drug Use",Yes,No Apparent Injury,Not Distracted,MD,Passenger Car,0,2023,MERCEDES-BENZ,C-CLASS
MCP2953001F,170504961,Montgomery County Police,Injury Crash,04/29/2017 05:08:00 PM,,,,STRAIGHT MOVEMENT ANGLE,CLEAR,,DAYLIGHT,NO CONTROLS,NONE DETECTED,Yes,NO APPARENT INJURY,UNKNOWN,MD,PASSENGER CAR,15,2015,FORD,4S
MCP26170054,180002732,Montgomery County Police,Property Damage Crash,01/17/2018 05:10:00 PM,County,BROOKEVILLE RD,GRAYHEAVEN MANOR RD,STRAIGHT MOVEMENT ANGLE,,DRY,DUSK,NO CONTROLS,NONE DETECTED,No,NO APPARENT INJURY,NOT DISTRACTED,MD,PASSENGER CAR,25,2006,FORD,4S
MCP23110008,15015103,Montgomery County Police,Injury Crash,04-02-15 0:35,County,EAST VILLAGE AVE,DOUBLELAND RD,SINGLE VEHICLE,CLEAR,DRY,DARK LIGHTS ON,NO CONTROLS,NONE DETECTED,Yes,SUSPECTED MINOR INJURY,NOT DISTRACTED,MD,PASSENGER CAR,35,2003,MITZ,GALLANT
MCP2534004S,230046104,Montgomery County Police,Injury Crash,07/26/2023 12:57:00 AM,Maryland (State),GEORGIA AVE,BLUERIDGE AVE,STRAIGHT MOVEMENT ANGLE,CLEAR,DRY,DARK LIGHTS ON,FLASHING TRAFFIC SIGNAL,NONE DETECTED,No,SUSPECTED MINOR INJURY,NOT DISTRACTED,DC,PASSENGER CAR,25,2017,NISSAN,ALTIMA
DD5610007H,220057817,Rockville Police Departme,Property Damage Crash,12/30/2022 09:17:00 AM,,UPPER ROCK CR,CHOKE CHERRY RD,SAME DIR REAR END,CLEAR,DRY,DAYLIGHT,NO CONTROLS,,No,NO APPARENT INJURY,NOT DISTRACTED,MD,PASSENGER CAR,15,2021,HOND,SD
MCP2335000M,16020845,Montgomery County Police,Property Damage Crash,04/28/2016 02:34:00 AM,Maryland (State),GREAT SENECA HWY,CLOPPER RD,STRAIGHT MOVEMENT ANGLE,CLEAR,DRY,DARK LIGHTS ON,NO CONTROLS,ILLEGAL DRUG PRESENT,Yes,NO APPARENT INJURY,NOT DISTRACTED,MD,PASSENGER CAR,40,2014,HYUN,4S
MCP2780008D,250002398,MONTGOMERY,Property Damage Crash,01/17/2025 04:12:00 PM,Private Route,,,"Sideswipe, Same Direction",Cloudy,Dry,Daylight,Stop Sign,"Not Suspect of Alcohol Use, Not Suspect of Drug Use",Yes,No Apparent Injury,Not Distracted,MD,Bus - School,25,2015,FREIGHTLINER,B2 BUS CHASSIS
MCP31650065,250042215,MONTGOMERY,Injury Crash,09/19/2025 02:30:00 PM,Bicycle Route,,,Front to Rear,Clear,Dry,Daylight,No Controls,"Not Suspect of Alcohol Use, Not Suspect of Drug Use",No,No Apparent Injury,Not Distracted,MD,Passenger Car,40,2013,HONDA,CIVIC
MCP21020036,210048702,Montgomery County Police,Property Damage Crash,12-01-21 9:04,Maryland (State),RIDGE RD,BROWN CHURCH RD,SAME DIR REAR END,CLEAR,DRY,DAYLIGHT,PERSON,NONE DETECTED,Yes,NO APPARENT INJURY,NOT DISTRACTED,MD,VAN,50,2004,TOYT,SIENNA VN
MCP2679001S,17008810,Montgomery County Police,Property Damage Crash,02/18/2017 05:00:00 AM,Maryland (State),EAST WEST HWY,W FALKLAND LA,SINGLE VEHICLE,CLEAR,DRY,DARK LIGHTS ON,,ALCOHOL PRESENT,Yes,NO APPARENT INJURY,NOT DISTRACTED,MD,PASSENGER CAR,30,2013,TOYOTA,CAMRY
MCP2116005H,16065520,Montgomery County Police,Property Damage Crash,12/21/2016 05:58:00 PM,County,SHADY GROVE RD,BRIARDALE RD,SAME DIR REAR END,CLEAR,DRY,DARK LIGHTS ON,NO CONTROLS,UNKNOWN,No,NO APPARENT INJURY,NOT DISTRACTED,MD,PASSENGER CAR,45,2015,LEXUS,4S
MCP1378009B,16021149,Montgomery County Police,Injury Crash,04/29/2016 05:08:00 PM,Maryland (State),FREDERICK RD,WALKER AVE,SAME DIR REAR END,CLOUDY,DRY,DAYLIGHT,NO CONTROLS,NONE DETECTED,Yes,NO APPARENT INJURY,NOT DISTRACTED,TN,(SPORT) UTILITY VEHICLE,30,1999,ISUZU,RODEO
HA2549000K,25002238,MCPARK,Property Damage Crash,10/18/2025 11:24:00 AM,Government Route,,,Rear To Side,Clear,Dry,Daylight,Traffic Control Signal,"Not Suspect of Alcohol Use, Not Suspect of Drug Use",No,No Apparent Injury,Not Distracted,MD,Other Trucks,25,2024,E-ONE,TRUCK
MCP26990019,190001870,Montgomery County Police,Property Damage Crash,01-11-19 23:12,Maryland (State),NORBECK RD,BALTIMORE RD,SINGLE VEHICLE,CLEAR,DRY,DARK LIGHTS ON,TRAFFIC SIGNAL,,No,NO APPARENT INJURY,NOT DISTRACTED,MD,PASSENGER CAR,45,2011,VOLK,JETTA
MCP2192000T,15000573,Montgomery County Police,Injury Crash,01-04-15 13:02,County,DALE DR,MANSFIELD RD,STRAIGHT MOVEMENT ANGLE,CLOUDY,WET,DAYLIGHT,STOP SIGN,NONE DETECTED,No,SUSPECTED MINOR INJURY,NOT DISTRACTED,MD,PICKUP TRUCK,30,2006,CHEVY,AVALANCHE
DD5641001R,210003283,Rockville Police Departme,Property Damage Crash,01/26/2021 03:30:00 PM,Maryland (State),HUNGERFORD DR,FREDERICK AVE #2,SINGLE VEHICLE,CLOUDY,WET,DAYLIGHT,NO CONTROLS,NONE DETECTED,Yes,NO APPARENT INJURY,OTHER DISTRACTION,MD,PASSENGER CAR,35,2019,DODGE,CHARGER
MCP9365002N,240026009,MONTGOMERY,Property Damage Crash,06-01-24 14:07,County Route,FAIRDALE RD,,Front to Rear,Clear,Dry,Daylight,No Controls,"Not Suspect of Alcohol Use, Not Suspect of Drug Use",Yes,No Apparent Injury,Unknown,MD,Passenger Car,25,2018,LEXUS,IS
MCP1170000Q,15017931,Montgomery County Police,Property Damage Crash,04/17/2015 09:49:00 AM,US (State),COLUMBIA PIKE,TECH RD,SAME DIR REAR END,CLEAR,DRY,DAYLIGHT,TRAFFIC SIGNAL,NONE DETECTED,No,NO APPARENT INJURY,NOT DISTRACTED,MD,PASSENGER CAR,55,2004,BMW,SW
MCP27600025,190018434,Montgomery County Police,Property Damage Crash,04/19/2019 11:30:00 PM,Municipality,PERRY PKWY,STRUC OV CSX R/R,SINGLE VEHICLE,RAINING,WET,DARK LIGHTS ON,NO CONTROLS,UNKNOWN,Yes,NO APPARENT INJURY,NO DRIVER PRESENT,,PASSENGER CAR,30,2002,ACURA,2S
MCP2753001V,17003646,Montgomery County Police,Property Damage Crash,01/21/2017 02:49:00 PM,County,CONNECTICUT AVE,GRAND PRE RD,SAME DIRECTION SIDESWIPE,CLOUDY,WET,DAYLIGHT,NO CONTROLS,NONE DETECTED,Yes,NO APPARENT INJURY,NOT DISTRACTED,MD,VAN,40,2016,FORD,TK
MCP2679001L,16057199,Montgomery County Police,Property Damage Crash,11-06-16 2:15,Maryland (State),GEORGIA AVE,SEMINARY RD,SAME DIR REAR END,CLEAR,DRY,DARK LIGHTS ON,TRAFFIC SIGNAL,NONE DETECTED,No,NO APPARENT INJURY,NOT DISTRACTED,MD,PASSENGER CAR,30,2014,TOYOTA,CAMRY
MCP2305002R,230019321,Montgomery County Police,Property Damage Crash,04/22/2023 10:14:00 PM,County,RIDGE RD,OBSERVATION DR,SAME DIRECTION LEFT TURN,RAINING,WET,DARK LIGHTS ON,NO CONTROLS,NONE DETECTED,No,NO APPARENT INJURY,NOT DISTRACTED,MD,PASSENGER CAR,40,2023,TOYT,HIGHLANDER
MCP2932005M,220048915,Montgomery County Police,Injury Crash,11-06-22 3:45,US (State),COLESVILLE RD,UNIVERSITY BLVD E,STRAIGHT MOVEMENT ANGLE,CLEAR,DRY,DARK LIGHTS ON,TRAFFIC SIGNAL,NONE DETECTED,No,POSSIBLE INJURY,NOT DISTRACTED,PA,PASSENGER CAR,35,2018,HYUNDAI,SONATA
MCP9317000K,190028937,Montgomery County Police,Injury Crash,06/17/2019 03:01:00 PM,Maryland (State),PINEY BRANCH RD,DALE DR,OPPOSITE DIRECTION SIDESWIPE,CLEAR,DRY,DAYLIGHT,,NONE DETECTED,No,NO APPARENT INJURY,NOT DISTRACTED,MD,PASSENGER CAR,30,2012,MERZ,SUV
MCP106400BV,210022860,Montgomery County Police,Injury Crash,06/15/2021 12:03:00 PM,Maryland (State),OLD COLUMBIA PIKE,ENT TO BURTONSVILLE SHOPPING CENTER,ANGLE MEETS LEFT TURN,CLOUDY,DRY,DAYLIGHT,NO CONTROLS,,Yes,NO APPARENT INJURY,UNKNOWN,MD,(SPORT) UTILITY VEHICLE,25,2016,JEEP,PATRIOT
MCP3243000F,200033095,Montgomery County Police,Property Damage Crash,08/24/2020 05:46:00 PM,Maryland (State),WISCONSIN AVE,MONTGOMERY AVE,SAME DIR REAR END,CLEAR,DRY,DAYLIGHT,TRAFFIC SIGNAL,NONE DETECTED,Yes,NO APPARENT INJURY,DISTRACTED BY OUTSIDE PERSON OBJECT OR EVENT,VA,(SPORT) UTILITY VEHICLE,35,2019,TOYOTA,RAV-4
MCP3280005M,240032675,MONTGOMERY,Property Damage Crash,07-02-24 11:34,,,,Angle,Clear,,Daylight,,"Not Suspect of Alcohol Use, Not Suspect of Drug Use",Yes,No Apparent Injury,Not Distracted,MD,Passenger Car,0,2011,HONDA,ACCORD
MCP3276001W,220018560,Montgomery County Police,Property Damage Crash,05-02-22 0:30,Maryland (State),GEORGIA AVE,RAMP 5 FR MD 97 SB TO IS 495 EB,SAME DIR REAR END,CLEAR,DRY,DARK LIGHTS ON,TRAFFIC SIGNAL,NONE DETECTED,No,NO APPARENT INJURY,NOT DISTRACTED,MD,PASSENGER CAR,35,2011,CHEVY,SD
MCP22910033,180039233,Montgomery County Police,Injury Crash,08-07-18 17:36,Maryland (State),EAST WEST HWY,CAREY LA,SAME DIR REAR END,CLEAR,DRY,DAYLIGHT,NO CONTROLS,NONE DETECTED,Unknown,NO APPARENT INJURY,NOT DISTRACTED,MD,PASSENGER CAR,35,2010,TOYTA,CAMRY
MCP2864003S,200047686,Montgomery County Police,Property Damage Crash,12-03-20 17:35,Municipality,W GUDE DR,RESEARCH BLVD,SAME DIR REAR END,CLEAR,DRY,DARK LIGHTS ON,TRAFFIC SIGNAL,NONE DETECTED,No,NO APPARENT INJURY,NOT DISTRACTED,MD,PASSENGER CAR,40,2008,FORD,F150
MCP29390074,250002043,MONTGOMERY,Property Damage Crash,01/15/2025 05:52:00 PM,Maryland (State) Route,FREDERICK RD,,"Sideswipe, Opposite Direction",Clear,Dry,Dark - Lighted,Traffic Control Signal,"Not Suspect of Alcohol Use, Not Suspect of Drug Use",Yes,No Apparent Injury,"Other Action (looking away from task, etc.)",MD,Passenger Car,40,2017,TOYOTA,HIGHLANDER
MCP2934004R,220033527,Montgomery County Police,Property Damage Crash,08-04-22 17:32,,,,OTHER,CLEAR,,DAYLIGHT,,UNKNOWN,Yes,NO APPARENT INJURY,UNKNOWN,,(SPORT) UTILITY VEHICLE,0,2010,ACURA,MDX
MCP913000LJ,250048569,MONTGOMERY,Injury Crash,10/29/2025 01:46:00 PM,County Route,MERRIMAC DR,,Angle,Cloudy,Dry,Daylight,No Controls,"Not Suspect of Alcohol Use, Not Suspect of Drug Use",Yes,Suspected Minor Injury,Unknown,MD,Passenger Car,25,2022,TOYOTA,PRIUS
MCP33120061,250008435,MONTGOMERY,Property Damage Crash,02/26/2025 07:25:00 AM,US (State),COLUMBIA PIKE (SB/L),,Front to Rear,Clear,Dry,Daylight,No Controls,"Not Suspect of Alcohol Use, Not Suspect of Drug Use",No,No Apparent Injury,Not Distracted,MD,Passenger Car,50,2015,LEXUS,CT
MCP23390044,190004016,Montgomery County Police,Property Damage Crash,01/25/2019 06:48:00 PM,County,BOU AVE,CHAPMAN AVE,ANGLE MEETS LEFT TURN,CLEAR,DRY,DARK LIGHTS ON,TRAFFIC SIGNAL,NONE DETECTED,Yes,NO APPARENT INJURY,LOOKED BUT DID NOT SEE,MD,PASSENGER CAR,35,2011,FORD,TK
MCP2059002R,16027785,Montgomery County Police,Injury Crash,06-03-16 14:57,Maryland (State),UNIVERSITY BLVD W,LAWRENCE AVE,SINGLE VEHICLE,CLEAR,DRY,DAYLIGHT,NO CONTROLS,NONE DETECTED,Yes,SUSPECTED MINOR INJURY,OTHER DISTRACTION,MD,PASSENGER CAR,40,2001,HONDA,ACCORD
MCP3181002Q,240051567,MONTGOMERY,Property Damage Crash,10/28/2024 01:30:00 AM,,,,Front to Rear,Clear,,Unknown,,"Unknown, Unknown",No,,,,Passenger Car,0,2011,ACURA,MDX
MCP31900016,190032871,Montgomery County Police,Injury Crash,07-11-19 7:40,County,RANDOLPH RD,LINDELL ST,STRAIGHT MOVEMENT ANGLE,CLEAR,DRY,DAYLIGHT,STOP SIGN,NONE DETECTED,No,SUSPECTED SERIOUS INJURY,NOT DISTRACTED,MD,PASSENGER CAR,35,2012,NISSAN,ALTIMA
MCP25680013,220012450,Montgomery County Police,Property Damage Crash,03/22/2022 10:35:00 PM,County,CRABBS BRANCH WAY,ENT TO MONT CO DEPT OF TRANS,SINGLE VEHICLE,CLEAR,DRY,DARK LIGHTS ON,TRAFFIC SIGNAL,ALCOHOL PRESENT,Yes,NO APPARENT INJURY,UNKNOWN,MD,PASSENGER CAR,30,2001,HONDA,ACCORD
MCP9366001Y,250054383,MONTGOMERY,Property Damage Crash,12-05-25 5:00,Maryland (State) Route,NEW HAMPSHIRE AVE,BROOKE RD,Single Vehicle,Clear,Dry,Dark - Lighted,No Controls,"Not Suspect of Alcohol Use, Not Suspect of Drug Use",Yes,No Apparent Injury,Unknown,MD,Sport Utility Vehicle,35,2019,HONDA,CR-V
MCP3231001F,240061692,MONTGOMERY,Property Damage Crash,12/27/2024 03:58:00 AM,Maryland (State) Route,BRADLEY BLVD,ARLINGTON RD,Other,Clear,Dry,Dark - Lighted,Traffic Control Signal,"Not Suspect of Alcohol Use, Not Suspect of Drug Use",Yes,No Apparent Injury,"Other Action (looking away from task, etc.)",AZ,Passenger Car,30,2022,TOYOTA,RAV4
MCP26890037,170515545,Montgomery County Police,Injury Crash,06/24/2017 01:51:00 PM,Other Public Roadway,MONTROSE PKWY,E JEFFERSON ST,SAME DIR REAR END,CLEAR,DRY,DAYLIGHT,NO CONTROLS,NONE DETECTED,Yes,NO APPARENT INJURY,UNKNOWN,MD,PICKUP TRUCK,40,2016,RAM,1500
DD56650021,240013369,ROCKVILLE,Property Damage Crash,03/20/2024 05:15:00 PM,Municipality Route,AVERY RD,NORBECK RD (WB/L),Front to Rear,Clear,Dry,Daylight,Lane Use Control Signal,"Not Suspect of Alcohol Use, Not Suspect of Drug Use",No,No Apparent Injury,Not Distracted,MD,Pickup,50,2017,RAM,1500
MCP91300079,190024043,Montgomery County Police,Property Damage Crash,05/21/2019 11:17:00 AM,,,,OPPOSITE DIRECTION SIDESWIPE,CLEAR,,DAYLIGHT,,NONE DETECTED,Yes,NO APPARENT INJURY,NOT DISTRACTED,MD,PICKUP TRUCK,10,2004,NISSAN,TITAN
MCP2969005R,180063717,Montgomery County Police,Injury Crash,12/21/2018 05:50:00 AM,Maryland (State),NEW HAMPSHIRE AVE,MIDLAND RD,SAME DIR REAR END,RAINING,WET,DARK LIGHTS ON,TRAFFIC SIGNAL,NONE DETECTED,Yes,NO APPARENT INJURY,NOT DISTRACTED,MD,PASSENGER CAR,45,2004,TOYOTA,SIENNA
MCP1438002L,16025749,Montgomery County Police,Injury Crash,05/24/2016 08:26:00 AM,County,MIDCOUNTY HWY,SHADY GROVE RD,SAME DIRECTION SIDESWIPE,CLEAR,DRY,DAYLIGHT,TRAFFIC SIGNAL,NONE DETECTED,No,POSSIBLE INJURY,NOT DISTRACTED,MD,PASSENGER CAR,40,1999,TOYT,2S
MCP2765003T,17016386,Montgomery County Police,Property Damage Crash,03/31/2017 03:15:00 PM,County,SEVEN LOCKS RD,TUCKERMAN LA,SAME DIR REAR END,RAINING,WET,DAYLIGHT,TRAFFIC SIGNAL,UNKNOWN,Yes,NO APPARENT INJURY,UNKNOWN,MD,PASSENGER CAR,40,2006,JEEP,LIMITED
MCP1378005M,15016618,Montgomery County Police,Property Damage Crash,04-10-15 15:16,Maryland (State),CLOPPER RD,FIRSTFIELD RD,SAME DIR REAR END,CLOUDY,DRY,DAYLIGHT,TRAFFIC SIGNAL,NONE DETECTED,Yes,NO APPARENT INJURY,NOT DISTRACTED,MD,PASSENGER CAR,35,2009,FORD,MUSTANG
MCP32270031,210046106,Montgomery County Police,Injury Crash,11/13/2021 08:33:00 PM,Maryland (State),UNIVERSITY BLVD E,ENT TO EASTERN MIDDLE SCHOOL,SAME DIR REAR END,CLEAR,DRY,DARK LIGHTS ON,NO CONTROLS,NONE DETECTED,Yes,SUSPECTED MINOR INJURY,UNKNOWN,DC,PASSENGER CAR,40,2005,TOYOTA,COROLLA
MCP2349000B,15005021,Montgomery County Police,Property Damage Crash,02-02-15 13:00,Maryland (State),FREDERICK RD,SPUR TO MD 118,SAME DIR REAR END,CLEAR,DRY,DAYLIGHT,YIELD SIGN,NONE DETECTED,No,NO APPARENT INJURY,UNKNOWN,MD,PASSENGER CAR,40,2012,FORD,FUSION
MCP2844004V,210009464,Montgomery County Police,Injury Crash,03/13/2021 01:15:00 PM,Maryland (State),GEORGIA AVE,LINDELL ST,SAME DIR REAR END,CLEAR,DRY,DAYLIGHT,NO CONTROLS,NONE DETECTED,Yes,SUSPECTED MINOR INJURY,LOOKED BUT DID NOT SEE,MD,PASSENGER CAR,35,2000,HONDA,CIVIC
MCP2047002S,180046442,Montgomery County Police,Property Damage Crash,09/17/2018 12:07:00 PM,Municipality,FARM HAVEN DR,HOLLYBERRY CT,OTHER,RAINING,WET,DAYLIGHT,,NONE DETECTED,Yes,NO APPARENT INJURY,NOT DISTRACTED,MD,PASSENGER CAR,25,2013,NISSAN,SENTRA
MCP31920024,210031890,Montgomery County Police,Property Damage Crash,08/16/2021 04:07:00 PM,Maryland (State),CONNECTICUT AVE,VEIRS MILL RD,SAME DIR REAR END,CLEAR,DRY,DAYLIGHT,NO CONTROLS,NONE DETECTED,Yes,NO APPARENT INJURY,UNKNOWN,VA,PASSENGER CAR,40,2008,HONDA,ACCORD
MCP2684000X,180010011,Montgomery County Police,Property Damage Crash,02/26/2018 09:29:00 PM,County,JANET RD,GOODHILL RD,HEAD ON,,,DARK LIGHTS ON,NO CONTROLS,,No,NO APPARENT INJURY,NOT DISTRACTED,MD,POLICE VEHICLE/NON EMERGENCY,25,2005,HONDA,CIVIC
EJ78330096,250030894,GAITHERSBURG,Property Damage Crash,07/13/2025 01:35:00 PM,Maryland (State) Route,,,Front to Rear,Clear,Dry,Daylight,Traffic Control Signal,"Not Suspect of Alcohol Use, Not Suspect of Drug Use",No,No Apparent Injury,Not Distracted,MD,Passenger Car,30,2009,VOLVO,S40
MCP9428002B,190043642,Montgomery County Police,Injury Crash,09-12-19 7:25,,,,STRAIGHT MOVEMENT ANGLE,,,DAYLIGHT,,NONE DETECTED,No,NO APPARENT INJURY,NOT DISTRACTED,MD,(SPORT) UTILITY VEHICLE,15,2011,KIA,SW
MCP2201001C,200048565,Montgomery County Police,Property Damage Crash,12-09-20 18:04,County,FENTON ST,WAYNE AVE,OTHER,CLEAR,DRY,DARK LIGHTS ON,TRAFFIC SIGNAL,NONE DETECTED,No,NO APPARENT INJURY,NOT DISTRACTED,MD,TRANSIT BUS,25,2016,GILL,BUS
MCP26670049,170551438,Montgomery County Police,Property Damage Crash,12/31/2017 09:30:00 AM,Municipality,E DIAMOND AVE,RAILROAD ST,HEAD ON LEFT TURN,CLEAR,DRY,DAYLIGHT,TRAFFIC SIGNAL,NONE DETECTED,Yes,NO APPARENT INJURY,UNKNOWN,MD,PASSENGER CAR,30,2008,INFINITI,SUV
MCP0539003X,180007688,Montgomery County Police,Property Damage Crash,02/14/2018 10:13:00 AM,County,BEL PRE RD,CHESTERFIELD RD,SAME DIRECTION SIDESWIPE,CLEAR,DRY,DAYLIGHT,NO CONTROLS,UNKNOWN,Unknown,NO APPARENT INJURY,NOT DISTRACTED,MD,RECREATIONAL VEHICLE,25,2011,KIA,SPORTAGE
MCP3162003G,200013523,Montgomery County Police,Property Damage Crash,03/16/2020 01:24:00 PM,County,SPRING ST,CAMERON ST,SINGLE VEHICLE,,DRY,DAYLIGHT,,UNKNOWN,Yes,NO APPARENT INJURY,UNKNOWN,,"CARGO VAN/LIGHT TRUCK 2 AXLES (OVER 10,000LBS (4,536 KG))",0,2016,GMC,SAVANA
MCP2192002Y,180055153,Montgomery County Police,Injury Crash,11-03-18 11:42,County,MIDDLEVALE LA,RANDOLPH RD,HEAD ON LEFT TURN,CLEAR,DRY,DAYLIGHT,TRAFFIC SIGNAL,NONE DETECTED,Yes,POSSIBLE INJURY,UNKNOWN,MD,PASSENGER CAR,40,2012,HYUNDAI,SONATA
MCP1305002R,180063221,Montgomery County Police,Property Damage Crash,12/18/2018 06:25:00 PM,County,SNOUFFERS SCHOOL RD,WOODFIELD RD,HEAD ON LEFT TURN,CLEAR,DRY,DARK LIGHTS ON,TRAFFIC SIGNAL,NONE DETECTED,No,NO APPARENT INJURY,NOT DISTRACTED,MD,"MEDIUM/HEAVY TRUCKS 3 AXLES (OVER 10,000LBS (4,536KG))",35,2018,PETERBUILT,TRASH TRUCK
MCP30860084,230006331,Montgomery County Police,Injury Crash,02-08-23 7:00,County,GOSHEN RD,BRAMBLE BUSH DR,OPPOSITE DIRECTION SIDESWIPE,CLEAR,DRY,DAWN,NO CONTROLS,NONE DETECTED,No,NO APPARENT INJURY,NOT DISTRACTED,MD,POLICE VEHICLE/EMERGENCY,35,2006,HOND,4S
MCP3011000L,16009441,Montgomery County Police,Property Damage Crash,02/25/2016 03:43:00 PM,Interstate (State),CAPITAL BELTWAY,CONNECTICUT AVE,SAME DIRECTION SIDESWIPE,CLEAR,DRY,DAYLIGHT,OTHER,NONE DETECTED,No,NO APPARENT INJURY,NOT DISTRACTED,MD,PICKUP TRUCK,55,2005,FORD,TK