Report Number,Local Case Number,Agency Name,ACRS Report Type,Crash Date/Time,Route Type,Road Name,Cross-Street Name,Collision Type,Weather,Surface Condition,Light,Traffic Control,Driver Substance Abuse,Driver At Fault,Injury Severity,Driver Distracted By,Drivers License State,Vehicle Body Type,Speed Limit,Vehicle Year,Vehicle Make,Vehicle Model
MCP2962001G,170515996,Montgomery County Police,Property Damage Crash,06/27/2017 11:15:00 AM,Maryland (State),RIDGE RD,TRALEE TERR,SAME DIR REAR END,CLEAR,DRY,DAYLIGHT,PERSON,NONE DETECTED,No,NO APPARENT INJURY,NOT DISTRACTED,MD,VAN,45,2003,HONDA,ODYSSEY
MCP2698001V,16059751,Montgomery County Police,Property Damage Crash,11/20/2016 01:46:00 PM,County,BRIGGS RD,LAYHILL RD,ANGLE MEETS LEFT HEAD ON,CLEAR,DRY,DAYLIGHT,TRAFFIC SIGNAL,NONE DETECTED,No,NO APPARENT INJURY,UNKNOWN,MD,"MEDIUM/HEAVY TRUCKS 3 AXLES (OVER 10,000LBS (4,536KG))",30,2015,ERL,TRUCK
MCP28050044,210013780,Montgomery County Police,Injury Crash,04/13/2021 12:15:00 PM,,,,SINGLE VEHICLE,CLOUDY,,DAYLIGHT,NO CONTROLS,NONE DETECTED,No,NO APPARENT INJURY,NOT DISTRACTED,MD,VAN,15,2015,TOYOTA,SIENNA
MCP2504004J,190032343,Montgomery County Police,Injury Crash,07-07-19 21:42,Maryland (State),DARNESTOWN RD,MUDDY BRANCH RD,SAME DIR REAR END,CLOUDY,DRY,DARK LIGHTS ON,TRAFFIC SIGNAL,NONE DETECTED,No,SUSPECTED MINOR INJURY,NOT DISTRACTED,MD,(SPORT) UTILITY VEHICLE,40,2003,TOYOTA,SUV
MCP242500DP,190007175,Montgomery County Police,Property Damage Crash,02/14/2019 09:16:00 AM,County,SLIGO AVE,SCHRIDER ST,OTHER,CLEAR,DRY,DAYLIGHT,,NONE DETECTED,No,NO APPARENT INJURY,NOT DISTRACTED,MD,PASSENGER CAR,30,2002,HONDA,ACCORD
MCP2411002F,180047310,Montgomery County Police,Property Damage Crash,09/21/2018 09:44:00 PM,Maryland (State),ROCKVILLE PIKE,HUBBARD DR,SAME DIR REAR END,CLEAR,DRY,DARK NO LIGHTS,TRAFFIC SIGNAL,,No,NO APPARENT INJURY,NOT DISTRACTED,MD,PASSENGER CAR,40,2015,LEXUS,4S
MCP2370002T,17004343,Montgomery County Police,Property Damage Crash,01/25/2017 02:13:00 PM,Maryland (State),NEW HAMPSHIRE AVE,VENICE DR,SAME DIR REAR END,CLEAR,DRY,DAYLIGHT,TRAFFIC SIGNAL,NONE DETECTED,No,NO APPARENT INJURY,NOT DISTRACTED,MD,PASSENGER CAR,40,2008,VOLV,S60
MCP3035001F,170515807,Montgomery County Police,Property Damage Crash,06/26/2017 12:08:00 PM,County,SNOUFFERS SCHOOL RD,BONANZA WAY,SAME DIR REAR END,CLEAR,DRY,DAYLIGHT,STOP SIGN,NONE DETECTED,Yes,NO APPARENT INJURY,INATTENTIVE OR LOST IN THOUGHT,MD,PASSENGER CAR,35,2017,VOLK,JETTA
MCP2791002M,16036738,Montgomery County Police,Property Damage Crash,07/20/2016 03:44:00 PM,,NATIONAL DRIVE,SANDY SPRING ROAD,STRAIGHT MOVEMENT ANGLE,CLEAR,DRY,DAYLIGHT,STOP SIGN,NONE DETECTED,No,NO APPARENT INJURY,NOT DISTRACTED,MD,PASSENGER CAR,15,2012,TOYOTA,COROLLA
MCP3400002S,250043988,MONTGOMERY,Property Damage Crash,09/30/2025 04:05:00 PM,County Route,TECH RD,TECH RD,"Sideswipe, Same Direction",Clear,Dry,Daylight,Traffic Control Signal,"Unknown, Unknown",No,,,,,30,0,,
MCP2971002G,17012719,Montgomery County Police,Property Damage Crash,03-10-17 20:38,County,OLD COLUMBIA PIKE,MUSGROVE RD,STRAIGHT MOVEMENT ANGLE,CLEAR,DRY,DARK LIGHTS ON,STOP SIGN,NONE DETECTED,No,NO APPARENT INJURY,NOT DISTRACTED,MD,PASSENGER CAR,35,2003,HONDA,ACCORD
HA2542000D,25001301,MCPARK,Property Damage Crash,07-01-25 15:14,,,,Rear To Rear,Clear,,Daylight,,"Unknown, Unknown",No,No Apparent Injury,Unknown,TX,Passenger Car,0,2025,TOYOTA,CAMRY
MCP2953000Y,16011250,MONTGOMERY,Property Damage Crash,03-07-16 8:32,County,BEL PRE RD,NO NAME,SAME DIR REAR END,CLEAR,DRY,DAYLIGHT,,NONE DETECTED,Yes,NO APPARENT INJURY,UNKNOWN,VA,PASSENGER CAR,25,2012,NISS,MURANO
MCP9428003N,210031294,Montgomery County Police,Injury Crash,08-12-21 7:44,Maryland (State),FREDERICK RD,NEWCUT RD,OPPOSITE DIRECTION SIDESWIPE,,DRY,DAYLIGHT,NO CONTROLS,NONE DETECTED,Yes,SUSPECTED MINOR INJURY,NOT DISTRACTED,MD,PASSENGER CAR,35,2015,TOYT,HIGHLANDER
HA23860001,15000099,Maryland-National Capital,Property Damage Crash,02-09-15 10:00,,,,SINGLE VEHICLE,RAINING,,DAYLIGHT,,NONE DETECTED,Yes,NO APPARENT INJURY,LOOKED BUT DID NOT SEE,MD,POLICE VEHICLE/NON EMERGENCY,15,2007,FORD,CROWN VICTORIA
MCP2764000W,15059583,MONTGOMERY,Property Damage Crash,11/21/2015 07:40:00 PM,Maryland (State),VEIRS MILL RD,ANDREW ST,SAME DIRECTION RIGHT TURN,CLEAR,DRY,DARK LIGHTS ON,NO CONTROLS,NONE DETECTED,No,NO APPARENT INJURY,NOT DISTRACTED,MD,PASSENGER CAR,35,2003,TOYT,4S
EJ7852002D,190024202,Gaithersburg Police Depar,Injury Crash,05/21/2019 11:28:00 PM,Maryland (State),DARNESTOWN RD,ORCHARD DR,SINGLE VEHICLE,,DRY,DARK LIGHTS ON,NO CONTROLS,NONE DETECTED,Yes,POSSIBLE INJURY,OTHER DISTRACTION,MD,PASSENGER CAR,40,2005,MINI,COOPER
MCP2466004N,230071512,Montgomery County Police,Injury Crash,12/13/2023 03:10:00 PM,Maryland (State),DARNESTOWN RD,TSCHIFFELY SQUARE RD,SAME DIR REAR END,CLEAR,DRY,DAYLIGHT,TRAFFIC SIGNAL,NONE DETECTED,No,NO APPARENT INJURY,NOT DISTRACTED,MD,PASSENGER CAR,30,2016,AUDI,Q5 TK
MCP2305003Z,250043561,MONTGOMERY,Property Damage Crash,09/27/2025 11:42:00 PM,Maryland (State) Route,WOODFIELD RD,,Single Vehicle,Clear,Dry,Dark - Lighted,No Controls,"Suspect of Alcohol Use, Not Suspect of Drug Use",Yes,No Apparent Injury,Not Distracted,MD,Sport Utility Vehicle,40,2012,GMC,TERRAIN
MCP3196002Y,220003833,Montgomery County Police,Property Damage Crash,01/28/2022 06:32:00 PM,,,,OTHER,,,,,UNKNOWN,Yes,NO APPARENT INJURY,INATTENTIVE OR LOST IN THOUGHT,MD,PASSENGER CAR,15,2012,HYUNDAI,[UNKNOWN]
MCP2767002D,17004206,Montgomery County Police,Property Damage Crash,01/24/2017 05:48:00 PM,Maryland (State),UNIVERSITY BLVD W,ELKIN ST,SAME DIRECTION SIDESWIPE,CLEAR,DRY,DARK LIGHTS ON,NO CONTROLS,NONE DETECTED,No,NO APPARENT INJURY,NOT DISTRACTED,MD,PASSENGER CAR,35,2001,CHEVY,EXPRESS
DD5651006D,250024027,ROCKVILLE,Property Damage Crash,05/30/2025 12:08:00 PM,Maryland (State) Route,W MONTGOMERY AVE (WB/L),,Front to Rear,Clear,Dry,Daylight,Traffic Control Signal,"Not Suspect of Alcohol Use, Not Suspect of Drug Use",No,No Apparent Injury,Not Distracted,MD,Passenger Car,45,2017,SUBARU,FORESTER
MCP2509000Z,16004906,Montgomery County Police,Property Damage Crash,01/30/2016 10:38:00 AM,County,BARRON ST,PINEY BRANCH RD,OTHER,,WET,DAYLIGHT,NO CONTROLS,NONE DETECTED,No,NO APPARENT INJURY,NOT DISTRACTED,MD,PASSENGER CAR,30,2014,TOYT,COR
MCP2212004M,230063000,Montgomery County Police,Injury Crash,10/28/2023 02:30:00 AM,County,ARCTIC AVE,FRANKFORT DR,OTHER,CLEAR,DRY,DARK -- UNKNOWN LIGHTING,NO CONTROLS,NONE DETECTED,Yes,POSSIBLE INJURY,UNKNOWN,MD,PASSENGER CAR,25,2009,TOYOTA,RAV
MCP2639007B,190027659,Montgomery County Police,Property Damage Crash,06-10-19 11:42,County,DEWEY RD,RANDOLPH RD,SAME DIRECTION SIDESWIPE,RAINING,WET,DAYLIGHT,NO CONTROLS,NONE DETECTED,Yes,NO APPARENT INJURY,NOT DISTRACTED,MD,PASSENGER CAR,25,2016,JEEP,COMPASS
MCP0936000K,15001002,Montgomery County Police,Property Damage Crash,01-01-15 10:00,County,ROCKLEDGE DR,FERNWOOD RD,UNKNOWN,CLEAR,DRY,UNKNOWN,,UNKNOWN,Yes,NO APPARENT INJURY,UNKNOWN,US,UNKNOWN,0,0,UU,UU
MCP28430025,230053334,Montgomery County Police,Injury Crash,09-05-23 18:35,Maryland (State),WOODFIELD RD,ENT TO ROUTE 124 PLAZA,STRAIGHT MOVEMENT ANGLE,CLEAR,DRY,DAYLIGHT,,NONE DETECTED,Yes,NO APPARENT INJURY,LOOKED BUT DID NOT SEE,MD,PASSENGER CAR,45,2023,TOYOTA,TACOMA
MCP271700J5,180029644,Montgomery County Police,Injury Crash,06/15/2018 07:00:00 PM,County,CALVERTON BLVD,CRAIGLAWN RD,OTHER,CLEAR,DRY,DAYLIGHT,NO CONTROLS,NONE DETECTED,No,SUSPECTED MINOR INJURY,NOT DISTRACTED,MD,PASSENGER CAR,30,2015,HONDA,4DR
MCP10220033,15047785,MONTGOMERY,Property Damage Crash,09/21/2015 09:26:00 AM,County,STEEPLE RD,HOPKINS RD,SAME DIRECTION SIDESWIPE,CLOUDY,DRY,DAYLIGHT,OTHER,NONE DETECTED,Yes,NO APPARENT INJURY,NOT DISTRACTED,MD,PASSENGER CAR,30,2003,KIA,OPTIMA
MCP3396001Q,250011905,MONTGOMERY,Property Damage Crash,03/18/2025 04:58:00 PM,Maryland (State) Route,GEORGIA AVE,LAYHILL RD (SB/L),Angle,Clear,Dry,Daylight,Traffic Control Signal,"Not Suspect of Alcohol Use, Not Suspect of Drug Use",No,No Apparent Injury,Not Distracted,MD,Bus - Transit,35,2011,GILLIG,LOW FLOOR BUS
MCP9404000L,16021776,Montgomery County Police,Property Damage Crash,05-03-16 8:42,County,AMITY DR,FALLOW DR,STRAIGHT MOVEMENT ANGLE,CLOUDY,WET,DAYLIGHT,,NONE DETECTED,No,NO APPARENT INJURY,NOT DISTRACTED,MD,PASSENGER CAR,25,2003,HONDA,ODYSSEY
EJ78730027,190059286,Gaithersburg Police Depar,Injury Crash,12-09-19 10:39,Municipality,E DIAMOND AVE,S SUMMIT AVE,OTHER,RAINING,WET,DAYLIGHT,TRAFFIC SIGNAL,NONE DETECTED,No,NO APPARENT INJURY,NOT DISTRACTED,MD,VAN,25,2012,CHEVY,TK
MCP3258004Q,250005208,MONTGOMERY,Property Damage Crash,02-04-25 19:15,Maryland (State) Route,GEORGIA AVE,,Front to Rear,Clear,Dry,Dark - Lighted,No Controls,"Unknown, Unknown",No,,,,Passenger Car,25,2023,KIA,K5
MCP2848002R,16015305,MONTGOMERY,Property Damage Crash,03/29/2016 06:47:00 AM,Interstate (State),EISENHOWER MEMORIAL HWY,SPUR FR C/D LANE (SB/L),SAME DIRECTION SIDESWIPE,,DRY,DAWN,NO CONTROLS,NONE DETECTED,No,NO APPARENT INJURY,NOT DISTRACTED,MD,PASSENGER CAR,55,2016,HONDA,ACCORD
MCP2967006V,250027705,MONTGOMERY,Property Damage Crash,06/21/2025 06:46:00 PM,Interstate (State),CAPITAL BELTWAY,,"Sideswipe, Same Direction",Clear,Dry,Daylight,No Controls,"Not Suspect of Alcohol Use, Not Suspect of Drug Use",No,No Apparent Injury,Not Distracted,PA,Truck Tractor,55,2020,FREIGHTLINER,CASCADIA
MCP2493000Q,15061008,MONTGOMERY,Injury Crash,11/29/2015 07:54:00 PM,Maryland (State),FREDERICK RD,MIDDLEBROOK RD,OTHER,CLEAR,DRY,DARK NO LIGHTS,NO CONTROLS,NONE DETECTED,No,NO APPARENT INJURY,NOT DISTRACTED,MD,"OTHER LIGHT TRUCKS (10,000LBS (4,536KG) OR LESS)",40,2009,PONT,G6
MCP2675000Q,15016510,Montgomery County Police,Injury Crash,04-09-15 22:15,County,RANDOLPH RD,GOODHILL RD,STRAIGHT MOVEMENT ANGLE,RAINING,WET,DARK LIGHTS ON,STOP SIGN,NONE DETECTED,Yes,NO APPARENT INJURY,LOOKED BUT DID NOT SEE,MD,PASSENGER CAR,25,2006,TOYOTA,COROLLA
MCP3311000Z,220028830,Montgomery County Police,Property Damage Crash,06/22/2022 09:00:00 AM,,,,SINGLE VEHICLE,CLEAR,,DAYLIGHT,,NONE DETECTED,Yes,NO APPARENT INJURY,NOT DISTRACTED,MD,POLICE VEHICLE/NON EMERGENCY,0,2014,DODGE,CHARGER
MCP30390046,190035432,Montgomery County Police,Injury Crash,07/25/2019 05:30:00 PM,,,,OTHER,CLEAR,,DAYLIGHT,NO CONTROLS,NONE DETECTED,No,POSSIBLE INJURY,NOT DISTRACTED,MD,TRANSIT BUS,25,2014,GILLIG,BUS
MCP3059002B,180035016,Montgomery County Police,Property Damage Crash,07/15/2018 06:10:00 PM,Maryland (State),UNIVERSITY BLVD W,LORAIN AVE,SAME DIR REAR END,CLEAR,DRY,DAYLIGHT,NO CONTROLS,NONE DETECTED,No,NO APPARENT INJURY,NOT DISTRACTED,MD,(SPORT) UTILITY VEHICLE,35,2015,FORD,EXPLORER
MCP9390002C,230050561,Montgomery County Police,Injury Crash,08/21/2023 04:33:00 PM,County,OMEGA DR,RESEARCH BLVD,STRAIGHT MOVEMENT ANGLE,CLEAR,DRY,DAYLIGHT,TRAFFIC SIGNAL,,No,NO APPARENT INJURY,NOT DISTRACTED,MD,TRANSIT BUS,35,2017,GILG BU,BU
DD56010042,180040770,Rockville Police Departme,Injury Crash,08/16/2018 01:35:00 PM,Maryland (State),ROCKVILLE PIKE,VEIRS MILL RD,SAME DIR REAR END,CLEAR,DRY,DAYLIGHT,NO CONTROLS,,No,POSSIBLE INJURY,NOT DISTRACTED,MD,PASSENGER CAR,35,1996,TOYT,4S
MCP2723002D,170502426,Montgomery County Police,Injury Crash,04/16/2017 07:49:00 AM,Maryland (State),GEORGIA AVE,INTERCOUNTY CONNECTOR,SAME DIR REAR END,CLEAR,DRY,DAYLIGHT,NO CONTROLS,UNKNOWN,Yes,SUSPECTED MINOR INJURY,UNKNOWN,MD,PASSENGER CAR,50,2014,TOYOTA,CAMRY
MCP2789003T,170543091,Montgomery County Police,Injury Crash,11/15/2017 11:20:00 AM,Maryland (State),COLESVILLE RD,GEORGIA AVE,STRAIGHT MOVEMENT ANGLE,CLEAR,DRY,DARK LIGHTS ON,TRAFFIC SIGNAL,,No,POSSIBLE INJURY,NOT DISTRACTED,MD,PASSENGER CAR,35,2006,HONDA,ODYSSEY
HA2485000F,21001532,Maryland-National Capital,Property Damage Crash,08-10-21 9:08,County,DENNIS AVE,SLIGO CREEK PKWY,OTHER,CLEAR,DRY,DAYLIGHT,STOP SIGN,NONE DETECTED,Yes,NO APPARENT INJURY,NOT DISTRACTED,MD,(SPORT) UTILITY VEHICLE,25,2013,TOYOTA,AVALON
MCP2466000G,15003813,Montgomery County Police,Property Damage Crash,01/23/2015 07:21:00 PM,County,RANDOLPH RD,KEMP MILL RD,SINGLE VEHICLE,WINTRY MIX,ICE,DARK LIGHTS ON,TRAFFIC SIGNAL,NONE DETECTED,Yes,NO APPARENT INJURY,UNKNOWN,MD,PASSENGER CAR,45,2004,MERZ,COMPRESSOR
MCP3161001V,190048409,Montgomery County Police,Property Damage Crash,10-08-19 21:45,Maryland (State),CONNECTICUT AVE,DUNLOP ST,SAME DIRECTION SIDESWIPE,CLEAR,DRY,DARK LIGHTS ON,,NONE DETECTED,No,NO APPARENT INJURY,NOT DISTRACTED,MD,PASSENGER CAR,35,2018,TOYOTA,COROLLA
DD55080018,15050973,ROCKVILLE,Injury Crash,10-08-15 9:10,Maryland (State),ROCKVILLE PIKE,WOOTTON PKWY,SAME DIR REAR END,CLEAR,DRY,DAYLIGHT,,NONE DETECTED,Yes,POSSIBLE INJURY,UNKNOWN,AZ,PASSENGER CAR,40,2013,CHEV,CAMARA
MCP3269004C,250038600,MONTGOMERY,Injury Crash,08/29/2025 03:05:00 AM,County Route,OLD COLUMBIA PIKE,,Front to Rear,Clear,Dry,Dark - Lighted,No Controls,"Not Suspect of Alcohol Use, Not Suspect of Drug Use",No,Suspected Minor Injury,Not Distracted,MD,Passenger Car,35,2019,HONDA,HR-V
DD5650000H,210032302,Rockville Police Departme,Property Damage Crash,08/19/2021 01:43:00 PM,Maryland (State),VEIRS MILL RD,VEIRS MILL SERV RD,OTHER,CLEAR,DRY,DAYLIGHT,NO CONTROLS,NONE DETECTED,Yes,NO APPARENT INJURY,NOT DISTRACTED,MD,POLICE VEHICLE/EMERGENCY,25,2013,DODGE,CHARGER
MCP30670017,180054723,Montgomery County Police,Property Damage Crash,11-01-18 4:00,Maryland (State),MONTGOMERY VILLAGE AVE,SPUR FR CHRISTOPHER AVE,STRAIGHT MOVEMENT ANGLE,,DRY,DARK LIGHTS ON,FLASHING TRAFFIC SIGNAL,NONE DETECTED,Yes,NO APPARENT INJURY,LOOKED BUT DID NOT SEE,MD,PASSENGER CAR,35,2018,HONDA,ACCORD
MCP3387002V,250030849,MONTGOMERY,Injury Crash,07-11-25 8:17,US (State),COLESVILLE RD (SB/L),,Front to Rear,Clear,Dry,Daylight,No Controls,"Not Suspect of Alcohol Use, Not Suspect of Drug Use",No,Suspected Minor Injury,Not Distracted,MD,Passenger Car,35,2006,HONDA,CIVIC
MCP3174000M,190019405,Montgomery County Police,Property Damage Crash,04/25/2019 03:48:00 PM,County,SHADY GROVE RD,FREDERICK RD,SINGLE VEHICLE,CLEAR,DRY,DAYLIGHT,TRAFFIC SIGNAL,NONE DETECTED,Yes,NO APPARENT INJURY,NOT DISTRACTED,NC,"MEDIUM/HEAVY TRUCKS 3 AXLES (OVER 10,000LBS (4,536KG))",40,2016,RAM,3500
MCP3097000F,180013294,Montgomery County Police,Property Damage Crash,03/17/2018 12:38:00 AM,US (State),COLESVILLE RD,UNIVERSITY BLVD E,SAME DIRECTION LEFT TURN,CLEAR,DRY,DARK LIGHTS ON,NO CONTROLS,UNKNOWN,Yes,NO APPARENT INJURY,UNKNOWN,MD,(SPORT) UTILITY VEHICLE,40,2007,HONDA,PILOT
MCP30940038,230051153,Montgomery County Police,Injury Crash,08/24/2023 06:22:00 PM,County,WATKINS MILL RD,STEDWICK RD,OTHER,,DRY,DAYLIGHT,NO CONTROLS,NONE DETECTED,Yes,NO APPARENT INJURY,LOOKED BUT DID NOT SEE,MD,PASSENGER CAR,35,2010,HOND,SD
MCP3079005B,230034363,Montgomery County Police,Property Damage Crash,07/19/2023 11:41:00 AM,Maryland (State),RIDGE RD,HAWKES RD,HEAD ON LEFT TURN,CLEAR,DRY,DAYLIGHT,STOP SIGN,NONE DETECTED,No,NO APPARENT INJURY,NOT DISTRACTED,MD,PICKUP TRUCK,40,2004,FORD,F250
MCP32060015,190054472,Montgomery County Police,Property Damage Crash,11-12-19 7:20,Maryland (State),UNIVERSITY BLVD W,DENNIS AVE,SAME DIRECTION SIDESWIPE,CLOUDY,WET,DAYLIGHT,TRAFFIC SIGNAL,UNKNOWN,No,NO APPARENT INJURY,UNKNOWN,,PICKUP TRUCK,35,2013,CHEVEROLET,SILVERADO
MCP28750037,180008085,Montgomery County Police,Property Damage Crash,02/16/2018 11:40:00 PM,,,,UNKNOWN,CLOUDY,,UNKNOWN,UNKNOWN,MEDICATION PRESENT,Yes,NO APPARENT INJURY,UNKNOWN,MD,(SPORT) UTILITY VEHICLE,0,2016,HONDA,CR-V
MCP3017001W,220012456,Montgomery County Police,Property Damage Crash,03/22/2022 10:55:00 PM,County,MILL RUN DR,PARK MILL DR,HEAD ON,CLEAR,,DARK LIGHTS ON,NO CONTROLS,ALCOHOL PRESENT,Yes,NO APPARENT INJURY,UNKNOWN,MD,PASSENGER CAR,25,2001,HONDA,4S
EJ7905002N,250008136,GAITHERSBURG,Injury Crash,02/24/2025 01:29:00 PM,Municipality Route,E DIAMOND AVE,ALLEY #3,Angle,Clear,Dry,Daylight,Stop Sign,"Not Suspect of Alcohol Use, Not Suspect of Drug Use",No,Suspected Minor Injury,Unknown,MD,Passenger Car,20,2015,HONDA,PILOT
MCP2608005B,230059542,Montgomery County Police,Property Damage Crash,10-09-23 19:50,,,,OTHER,CLEAR,,DARK LIGHTS ON,NO CONTROLS,NONE DETECTED,No,NO APPARENT INJURY,NOT DISTRACTED,MD,PASSENGER CAR,0,2021,HONDA,CIVIC
DD56070024,170524219,Rockville Police Departme,Injury Crash,08-11-17 1:10,Maryland (State),ROCKVILLE PIKE,EDMONSTON DR,STRAIGHT MOVEMENT ANGLE,CLEAR,DRY,DARK LIGHTS ON,FLASHING TRAFFIC SIGNAL,NONE DETECTED,No,POSSIBLE INJURY,NOT DISTRACTED,MD,PASSENGER CAR,40,2002,HOND,VN
DD56150076,190026484,Rockville Police Departme,Property Damage Crash,06-03-19 17:20,Municipality,FLEET ST,MONROE ST,STRAIGHT MOVEMENT ANGLE,CLEAR,DRY,DAYLIGHT,TRAFFIC SIGNAL,NONE DETECTED,Yes,NO APPARENT INJURY,LOOKED BUT DID NOT SEE,MD,PASSENGER CAR,25,2015,HOND,TK
MCP3145002R,200033939,Montgomery County Police,Property Damage Crash,08/30/2020 06:45:00 PM,County,BONIFANT RD,PEBBLESTONE DR,SAME DIRECTION LEFT TURN,CLEAR,DRY,DAYLIGHT,NO CONTROLS,NONE DETECTED,No,NO APPARENT INJURY,NOT DISTRACTED,MD,PASSENGER CAR,35,2008,HOND,4S
MCP28780023,16050847,Montgomery County Police,Property Damage Crash,10-03-16 21:32,,,,SINGLE VEHICLE,CLEAR,,DARK NO LIGHTS,NO CONTROLS,ALCOHOL CONTRIBUTED,Yes,NO APPARENT INJURY,NOT DISTRACTED,MD,PASSENGER CAR,25,2015,MERCEDES,S550
MCP28670023,16017498,Montgomery County Police,Injury Crash,04-10-16 10:42,Maryland (State),UNIVERSITY BLVD E,FORSTON DR,SAME DIR REAR END,CLEAR,DRY,DAYLIGHT,TRAFFIC SIGNAL,NONE DETECTED,No,SUSPECTED MINOR INJURY,NOT DISTRACTED,DC,PASSENGER CAR,40,2014,HONDA,CIVIC
MCP1094000Q,180052486,Montgomery County Police,Property Damage Crash,10/19/2018 11:20:00 PM,County,CHESLEY KNOLL DR,CHESLEY KNOLL CT,SAME DIR REAR END,UNKNOWN,UNKNOWN,DARK LIGHTS ON,,ALCOHOL CONTRIBUTED,Yes,NO APPARENT INJURY,UNKNOWN,MD,PASSENGER CAR,25,2001,TOYOTA,CELICA
HA2447000K,20001476,Maryland-National Capital,Property Damage Crash,06/23/2020 12:04:00 PM,County,KEMP MILL RD,MONTICELLO AVE,STRAIGHT MOVEMENT ANGLE,CLEAR,DRY,DAYLIGHT,STOP SIGN,NONE DETECTED,No,NO APPARENT INJURY,NOT DISTRACTED,MD,POLICE VEHICLE/EMERGENCY,30,2017,FORD,TK
MCP2666002Z,190034957,Montgomery County Police,Property Damage Crash,07/23/2019 11:38:00 AM,Maryland (State),UNIVERSITY BLVD W,SUTHERLAND RD,SINGLE VEHICLE,CLEAR,WET,DAYLIGHT,NO CONTROLS,NONE DETECTED,Yes,NO APPARENT INJURY,NOT DISTRACTED,DC,PASSENGER CAR,35,2014,SUBARU,FORESTER
MCP2829004Y,180036127,Montgomery County Police,Injury Crash,07/21/2018 11:02:00 AM,County,BRIGGS CHANEY RD,CEDARBROOK DR,OTHER,RAINING,WET,DAYLIGHT,NO CONTROLS,NONE DETECTED,No,SUSPECTED MINOR INJURY,NOT DISTRACTED,MD,AMBULANCE/EMERGENCY,35,2010,FRHT,AMBULANCE
DD56310006,180017856,Rockville Police Departme,Property Damage Crash,04-12-18 15:09,Municipality,RESEARCH BLVD,W MONTGOMERY AVE,,CLEAR,DRY,DAYLIGHT,,NONE DETECTED,Yes,NO APPARENT INJURY,INATTENTIVE OR LOST IN THOUGHT,VA,PASSENGER CAR,30,2010,HONDA,PILOT
MCP32920031,250045610,MONTGOMERY,Injury Crash,10-10-25 15:33,County Route,MINERAL SPRINGS DR,WASHINGTON GROVE LA,Front to Front,Clear,Dry,Daylight,No Controls,"Not Suspect of Alcohol Use, Not Suspect of Drug Use",Yes,Suspected Serious Injury,Unknown,MD,Passenger Car,35,2021,HONDA,HR-V
MCP2311002Q,170526304,Montgomery County Police,Property Damage Crash,08/22/2017 09:58:00 PM,Maryland (State),W DIAMOND AVE,MUDDY BRANCH RD,STRAIGHT MOVEMENT ANGLE,CLEAR,DRY,DARK LIGHTS ON,TRAFFIC SIGNAL,,Yes,NO APPARENT INJURY,NOT DISTRACTED,MD,PASSENGER CAR,35,1999,SUZI,TK
MCP9428002Y,200045074,Montgomery County Police,Injury Crash,11/15/2020 11:08:00 AM,Maryland (State),RIDGE RD,DAVIS MILL RD,SAME DIR REND RIGHT TURN,CLOUDY,DRY,DAYLIGHT,NO CONTROLS,NONE DETECTED,No,SUSPECTED MINOR INJURY,NOT DISTRACTED,VA,PICKUP TRUCK,40,2013,FORD,F450
MCP15630084,220048205,Montgomery County Police,Property Damage Crash,11-02-22 13:05,County,BROOKVILLE RD,TALBOT AVE,SAME DIR REAR END,CLOUDY,DRY,DAYLIGHT,NO CONTROLS,NONE DETECTED,No,NO APPARENT INJURY,NOT DISTRACTED,MD,PASSENGER CAR,30,2014,HOND,SD
MCP3280002P,220047966,Montgomery County Police,Injury Crash,11-01-22 9:02,County,CHERRY HILL RD,BROADBIRCH DR,HEAD ON LEFT TURN,CLEAR,DRY,DAYLIGHT,TRAFFIC SIGNAL,NONE DETECTED,Unknown,SUSPECTED MINOR INJURY,UNKNOWN,MD,PASSENGER CAR,35,2000,ACURA,INTEGRA
MCP3010003D,190005044,Montgomery County Police,Injury Crash,02-01-19 9:30,Other Public Roadway,MONTROSE PKWY,MONTROSE RD,SINGLE VEHICLE,SNOW,SNOW,DAYLIGHT,TRAFFIC SIGNAL,,Yes,SUSPECTED MINOR INJURY,NOT DISTRACTED,MD,PASSENGER CAR,40,2016,INFINITI,QX
MCP2904002T,17001048,Montgomery County Police,Property Damage Crash,01-06-17 19:58,Maryland (State),PINEY BRANCH RD,UNIVERSITY BLVD E,HEAD ON LEFT TURN,CLEAR,DRY,DARK NO LIGHTS,TRAFFIC SIGNAL,NONE DETECTED,No,NO APPARENT INJURY,NOT DISTRACTED,MD,PASSENGER CAR,40,2003,ACURA,MDX
MCP2358008D,210022283,Montgomery County Police,Property Damage Crash,06-11-21 12:30,Maryland (State),BRADLEY BLVD,FERNWOOD RD,STRAIGHT MOVEMENT ANGLE,RAINING,WET,DAYLIGHT,TRAFFIC SIGNAL,NONE DETECTED,Yes,NO APPARENT INJURY,NOT DISTRACTED,VA,PASSENGER CAR,35,2014,FORD,E250
MCP3093004B,220055171,Montgomery County Police,Property Damage Crash,12/13/2022 03:34:00 PM,Maryland (State),EAST WEST HWY,16TH ST,OTHER,CLEAR,DRY,DAYLIGHT,TRAFFIC SIGNAL,,No,NO APPARENT INJURY,NOT DISTRACTED,MD,PASSENGER CAR,35,2013,HONDA,CIVIC
MCP2635002Q,16013883,MONTGOMERY,Property Damage Crash,03/21/2016 04:56:00 PM,,,,STRAIGHT MOVEMENT ANGLE,CLEAR,,DAYLIGHT,NO CONTROLS,,No,NO APPARENT INJURY,NOT DISTRACTED,MD,PASSENGER CAR,5,2013,FORD,POLICE INTERCEPTOR