Report Number,Local Case Number,Agency Name,ACRS Report Type,Crash Date/Time,Route Type,Road Name,Cross-Street Name,Collision Type,Weather,Surface Condition,Light,Traffic Control,Driver Substance Abuse,Driver At Fault,Injury Severity,Driver Distracted By,Drivers License State,Vehicle Body Type,Speed Limit,Vehicle Year,Vehicle Make,Vehicle Model
DD5527002Q,190043546,Rockville Police Departme,Injury Crash,09-11-19 16:27,,,,SINGLE VEHICLE,CLEAR,,DAYLIGHT,NO CONTROLS,NONE DETECTED,Yes,SUSPECTED MINOR INJURY,NOT DISTRACTED,MD,PASSENGER CAR,5,2014,HYUNDAI,SONATA
MCP3257007Y,250003624,MONTGOMERY,Property Damage Crash,01/25/2025 10:55:00 PM,County Route,,ST ELMO AVE,"Sideswipe, Same Direction",Clear,Dry,Dark - Lighted,Traffic Control Signal,"Not Suspect of Alcohol Use, Not Suspect of Drug Use",No,No Apparent Injury,Not Distracted,FL,Passenger Car,25,2022,TESLA,MODEL 3
DD55950013,15013288,Rockville Police Departme,Property Damage Crash,03/23/2015 07:35:00 AM,County,SCOTT DR,SCOTT DR (BACK),SAME DIR REAR END,CLEAR,DRY,DAYLIGHT,STOP SIGN,NONE DETECTED,Yes,NO APPARENT INJURY,NOT DISTRACTED,MD,"OTHER LIGHT TRUCKS (10,000LBS (4,536KG) OR LESS)",25,2009,INIFINIT,FX35
MCP2347004R,240007662,MONTGOMERY,Injury Crash,02/16/2024 12:50:00 PM,County Route,GREENCASTLE RD,,Front to Rear,Clear,Dry,Daylight,No Controls,"Not Suspect of Alcohol Use, Not Suspect of Drug Use",Yes,No Apparent Injury,Not Distracted,MD,Passenger Car,40,2014,HONDA,CR-V
MCP2671004F,250019125,MONTGOMERY,Property Damage Crash,05-01-25 18:20,Maryland (State) Route,PINEY BRANCH RD,,Front to Rear,Clear,Dry,Daylight,Traffic Control Signal,"Unknown, Unknown",No,,,,,35,0,,
MCP30860073,220043435,Montgomery County Police,Property Damage Crash,10-05-22 10:55,County,SHADY GROVE RD,TUPELO DR,SAME DIR REAR END,RAINING,WET,DAYLIGHT,NO CONTROLS,NONE DETECTED,No,NO APPARENT INJURY,NOT DISTRACTED,MD,VAN,45,2018,FORD,VN
MCP9399000X,170520055,Montgomery County Police,Injury Crash,07/19/2017 09:35:00 PM,County,DARNESTOWN RD,TRAVILAH RD,STRAIGHT MOVEMENT ANGLE,CLEAR,DRY,DARK LIGHTS ON,STOP SIGN,NONE DETECTED,No,POSSIBLE INJURY,NOT DISTRACTED,MD,PASSENGER CAR,35,2005,BMW,325
MCP3284000F,210010957,Montgomery County Police,Property Damage Crash,03/23/2021 03:50:00 PM,County,E RANDOLPH RD,BILLINGTON RD,ANGLE MEETS RIGHT TURN,CLEAR,DRY,DAYLIGHT,STOP SIGN,NONE DETECTED,No,NO APPARENT INJURY,NOT DISTRACTED,MD,PASSENGER CAR,35,2015,NISSAN,ROGUE
MCP20870026,180036458,Montgomery County Police,Property Damage Crash,07/23/2018 02:58:00 PM,County,BONIFANT RD,MORTON HALL RD,SINGLE VEHICLE,CLEAR,DRY,DAYLIGHT,,NONE DETECTED,Yes,NO APPARENT INJURY,NOT DISTRACTED,MD,PASSENGER CAR,35,2018,HONDA,CIVIC
MCP3109008J,230061382,Montgomery County Police,Property Damage Crash,10/19/2023 09:20:00 AM,Maryland (State),UNIVERSITY BLVD E,COLESVILLE RD,SAME DIRECTION RIGHT TURN,CLEAR,DRY,DAYLIGHT,TRAFFIC SIGNAL,UNKNOWN,Yes,NO APPARENT INJURY,UNKNOWN,,UNKNOWN,35,0,UNKNOWN,UNKNOWN
DD5611004W,180027001,Rockville Police Departme,Injury Crash,06-01-18 18:00,Maryland (State),ROCKVILLE PIKE,TEMPLETON PL,SINGLE VEHICLE,CLEAR,DRY,DAYLIGHT,TRAFFIC SIGNAL,NONE DETECTED,No,NO APPARENT INJURY,NOT DISTRACTED,MD,PASSENGER CAR,15,2006,SUBARU,FORESTER
DD5612001N,170540649,Rockville Police Departme,Property Damage Crash,11-03-17 11:17,Municipality,N WASHINGTON ST,BEALL AVE #2,SAME DIR REAR END,CLEAR,DRY,DAYLIGHT,TRAFFIC SIGNAL,NONE DETECTED,Yes,NO APPARENT INJURY,INATTENTIVE OR LOST IN THOUGHT,MD,PASSENGER CAR,25,2012,HOND,VN
MCP2556000F,15033706,MONTGOMERY,Property Damage Crash,07-09-15 21:43,County,MIDCOUNTY HWY,WASHINGTON GROVE LA,STRAIGHT MOVEMENT ANGLE,CLEAR,DRY,DARK LIGHTS ON,NO CONTROLS,NONE DETECTED,No,NO APPARENT INJURY,NOT DISTRACTED,MD,PASSENGER CAR,50,2000,TOYT,COROLLA
MCP2850000G,15004424,Montgomery County Police,Property Damage Crash,01/28/2015 06:11:00 AM,County,GOODHILL RD,GREENLY ST,STRAIGHT MOVEMENT ANGLE,CLEAR,DRY,DARK LIGHTS ON,STOP SIGN,,No,NO APPARENT INJURY,NOT DISTRACTED,MD,PASSENGER CAR,30,1995,HONDA,4S
MCP1417006F,17004074,Montgomery County Police,Injury Crash,01/24/2017 06:36:00 AM,Maryland (State),MONTGOMERY VILLAGE AVE,SPUR FR MD 124 TO MD 124,STRAIGHT MOVEMENT ANGLE,RAINING,WET,DARK NO LIGHTS,TRAFFIC SIGNAL,NONE DETECTED,No,NO APPARENT INJURY,NOT DISTRACTED,MD,PASSENGER CAR,35,2014,HONDA,ACCORD
MCP3377002D,240049543,MONTGOMERY,Property Damage Crash,10/16/2024 07:44:00 PM,Maryland (State) Route,STRATHMORE AVE,ROCKVILLE PIKE,Front to Rear,Clear,Dry,Dark - Lighted,Traffic Control Signal,"Not Suspect of Alcohol Use, Not Suspect of Drug Use",No,No Apparent Injury,Not Distracted,MD,Passenger Car,35,2024,MAZDA,UNKNOWN
MCP2370001H,15007188,Montgomery County Police,Property Damage Crash,02-12-15 17:45,County,BRIGGS CHANEY RD,CASTLE BLVD,SAME DIRECTION SIDESWIPE,CLEAR,DRY,DARK LIGHTS ON,NO CONTROLS,UNKNOWN,Yes,NO APPARENT INJURY,UNKNOWN,,"OTHER LIGHT TRUCKS (10,000LBS (4,536KG) OR LESS)",35,2014,UNKNOWN,UNKNOWN
MCP2335001Y,230025401,Montgomery County Police,Injury Crash,05/26/2023 11:30:00 PM,Maryland (State),FREDERICK RD,LITTLE SENECA PKWY,HEAD ON,CLEAR,DRY,DARK LIGHTS ON,NO CONTROLS,NONE DETECTED,No,POSSIBLE INJURY,NOT DISTRACTED,MD,PASSENGER CAR,45,2015,NISSAN,ALTIMA
MCP1519001Z,170509999,Montgomery County Police,Property Damage Crash,05/26/2017 12:33:00 PM,Maryland (State),GERMANTOWN RD,WISTERIA DR,SAME DIR REAR END,CLOUDY,DRY,DAYLIGHT,,NONE DETECTED,Yes,NO APPARENT INJURY,NOT DISTRACTED,MD,PASSENGER CAR,40,1999,HOND,ACCORD
MCP2411009T,230003895,Montgomery County Police,Property Damage Crash,01/24/2023 11:40:00 AM,,,,OTHER,CLEAR,,DAYLIGHT,NO CONTROLS,NONE DETECTED,Yes,NO APPARENT INJURY,NOT DISTRACTED,MD,FIRE VEHICLE/EMERGENCY,5,2016,CHEVROLET,SUV
MCP2783005L,240029175,MONTGOMERY,Property Damage Crash,06/19/2024 05:36:00 PM,Maryland (State) Route,,ASHTON RD,Angle,Clear,Dry,Daylight,Traffic Control Signal,"Not Suspect of Alcohol Use, Not Suspect of Drug Use",Yes,No Apparent Injury,Unknown,MD,Passenger Car,30,2017,HONDA,CR-V
MCP28630031,230069190,Montgomery County Police,Property Damage Crash,11/30/2023 04:45:00 PM,,,,SAME DIR REAR END,CLEAR,,DARK LIGHTS ON,NO CONTROLS,,Yes,NO APPARENT INJURY,UNKNOWN,,UNKNOWN,0,2011,CHEVY,SEDAN
MCP3037002P,190020339,Montgomery County Police,Injury Crash,04/30/2019 08:40:00 PM,County,MIDDLEBROOK RD,FREDERICK RD,ANGLE MEETS LEFT TURN,RAINING,WET,DARK LIGHTS ON,STOP SIGN,NONE DETECTED,No,POSSIBLE INJURY,NOT DISTRACTED,MD,(SPORT) UTILITY VEHICLE,40,2018,MERZ,GLC300
MCP34070011,250016011,MONTGOMERY,Property Damage Crash,04-12-25 19:19,Maryland (State) Route,BEALLSVILLE RD,,Single Vehicle,Rain,Wet,Dusk,No Controls,"Not Suspect of Alcohol Use, Not Suspect of Drug Use",Yes,No Apparent Injury,Not Distracted,AL,Passenger Car,35,2016,LINCOLN,NAVIGATOR
MCP2469000S,16005223,Montgomery County Police,Injury Crash,02-01-16 12:50,County,CALVERTON BLVD,GRACEFIELD RD,SAME DIR REAR END,CLOUDY,WET,DAYLIGHT,NO CONTROLS,NONE DETECTED,Yes,NO APPARENT INJURY,NOT DISTRACTED,MD,PASSENGER CAR,30,2011,CHEVORLET,CRUZE
MCP3378001R,250048740,MONTGOMERY,Property Damage Crash,10/30/2025 03:00:00 PM,County Route,WELLER RD,,"Sideswipe, Same Direction",Clear,Dry,Daylight,Stop Sign,"Not Suspect of Alcohol Use, Not Suspect of Drug Use",No,No Apparent Injury,Not Distracted,DC,Bus - Transit,30,2016,GILLIG,LOW FLOOR BUS
MCP30330009,17008095,Montgomery County Police,Property Damage Crash,02/14/2017 05:14:00 PM,County,QUEBEC ST,RUATAN ST,SAME DIR REAR END,CLEAR,DRY,DAYLIGHT,NO CONTROLS,UNKNOWN,Yes,NO APPARENT INJURY,UNKNOWN,MD,PASSENGER CAR,25,2012,TOYT,UNK
EJ7856001F,16025621,Gaithersburg Police Depar,Property Damage Crash,05/23/2016 02:45:00 PM,County,SAM EIG HWY,DIAMONDBACK DR,ANGLE MEETS RIGHT TURN,CLEAR,DRY,DAYLIGHT,TRAFFIC SIGNAL,,No,NO APPARENT INJURY,NOT DISTRACTED,MD,PASSENGER CAR,50,2009,TOYT,4S
MCP2713000J,15053669,MONTGOMERY,Property Damage Crash,10/22/2015 06:57:00 PM,County,REEDIE DR,GEORGIA AVE,SAME DIRECTION SIDESWIPE,CLEAR,DRY,DARK LIGHTS ON,OTHER,,No,NO APPARENT INJURY,NOT DISTRACTED,DC,OTHER BUS,25,2013,GILB,BU
MCP27730016,15008682,Montgomery County Police,Property Damage Crash,02/23/2015 08:39:00 AM,US (State),GEORGIA AVE,KING ST,STRAIGHT MOVEMENT ANGLE,CLOUDY,WET,DAYLIGHT,NO CONTROLS,NONE DETECTED,Yes,NO APPARENT INJURY,LOOKED BUT DID NOT SEE,MD,PASSENGER CAR,35,2012,TOYOTA,CAMRY
MCP29060033,220024944,Montgomery County Police,Injury Crash,06-10-22 16:00,County,MEDICAL CENTER DR,MEDICAL CENTER WAY,STRAIGHT MOVEMENT ANGLE,CLEAR,DRY,DAYLIGHT,STOP SIGN,,No,NO APPARENT INJURY,NOT DISTRACTED,MD,PASSENGER CAR,25,2014,VOLVO,S60 T5
MCP2846002B,16054839,Montgomery County Police,Injury Crash,10/25/2016 06:48:00 AM,County,AMHERST AVE,UNIVERSITY BLVD W,SAME DIR REAR END,CLEAR,DRY,DAWN,NO CONTROLS,NONE DETECTED,Yes,NO APPARENT INJURY,INATTENTIVE OR LOST IN THOUGHT,MD,PASSENGER CAR,25,2001,CHEV,TK
MCP2756001B,16024176,Montgomery County Police,Property Damage Crash,05/15/2016 06:35:00 PM,Maryland (State),UNIVERSITY BLVD W,ELKIN ST,STRAIGHT MOVEMENT ANGLE,CLEAR,DRY,DAYLIGHT,STOP SIGN,NONE DETECTED,No,NO APPARENT INJURY,NOT DISTRACTED,MD,PASSENGER CAR,40,2002,TOYOTA,CAMRY
MCP27910025,16017035,Montgomery County Police,Property Damage Crash,04-07-16 18:45,County,BRIGGS CHANEY RD,CASTLE BLVD,SAME DIR REAR END,CLOUDY,WET,DAYLIGHT,NO CONTROLS,,Yes,NO APPARENT INJURY,NOT DISTRACTED,,,40,0,UNKNOWN,UNKNOWN
MCP1099004H,220031966,Montgomery County Police,Injury Crash,07/25/2022 08:15:00 AM,Maryland (State),MUNCASTER MILL RD,WOODFIELD RD,HEAD ON LEFT TURN,CLEAR,DRY,DAYLIGHT,TRAFFIC SIGNAL,NONE DETECTED,Unknown,NO APPARENT INJURY,LOOKED BUT DID NOT SEE,MD,PASSENGER CAR,35,2014,HONDA,CRV
MCP2703002Y,230047843,Montgomery County Police,Property Damage Crash,08-04-23 18:30,County,FLOWER AVE,PLYMOUTH ST,SAME DIR REAR END,CLEAR,DRY,DAYLIGHT,,,No,NO APPARENT INJURY,NOT DISTRACTED,MD,PASSENGER CAR,25,2008,HOND,HB
MCP15630079,210048569,Montgomery County Police,Property Damage Crash,11/30/2021 01:01:00 PM,Maryland (State),CONNECTICUT AVE,SHEPHERD ST,SAME DIRECTION RIGHT TURN,CLEAR,DRY,DAYLIGHT,NO CONTROLS,UNKNOWN,Yes,NO APPARENT INJURY,UNKNOWN,,UNKNOWN,30,0,UNKNOWN,UNKNOWN
MCP9404000M,16021802,Montgomery County Police,Injury Crash,05-03-16 11:34,County,MUDDY BRANCH RD,WEST SIDE DR,STRAIGHT MOVEMENT ANGLE,CLOUDY,,DAYLIGHT,TRAFFIC SIGNAL,NONE DETECTED,No,NO APPARENT INJURY,NOT DISTRACTED,MD,PASSENGER CAR,45,2010,LEXS,4S
MCP0899003J,180058065,Montgomery County Police,Property Damage Crash,11/19/2018 05:03:00 PM,Maryland (State),WISCONSIN AVE,HAMPDEN LA,SAME DIRECTION RIGHT TURN,CLOUDY,DRY,DUSK,NO CONTROLS,NONE DETECTED,No,NO APPARENT INJURY,NOT DISTRACTED,VA,PASSENGER CAR,25,2018,FORD,ESCAPE
MCP3304000G,210039745,Montgomery County Police,Injury Crash,10-06-21 4:30,Maryland (State),GOLDSBORO RD,RIVER RD,STRAIGHT MOVEMENT ANGLE,RAINING,WET,DARK LIGHTS ON,FLASHING TRAFFIC SIGNAL,NONE DETECTED,No,SUSPECTED MINOR INJURY,NOT DISTRACTED,MD,PASSENGER CAR,35,2020,FORD,TRANSIT
MCP3245003Y,220050502,Montgomery County Police,Property Damage Crash,11/15/2022 03:57:00 PM,,,,OTHER,RAINING,,DAYLIGHT,,NONE DETECTED,Yes,NO APPARENT INJURY,NOT DISTRACTED,MD,SCHOOL BUS,15,2013,CHEV,BU
MCP27390008,15014251,Montgomery County Police,Injury Crash,03/28/2015 05:15:00 AM,County,CHERRY HILL RD,BROADBIRCH DR,STRAIGHT MOVEMENT ANGLE,CLEAR,DRY,DARK LIGHTS ON,FLASHING TRAFFIC SIGNAL,ALCOHOL PRESENT,Yes,NO APPARENT INJURY,INATTENTIVE OR LOST IN THOUGHT,MD,(SPORT) UTILITY VEHICLE,40,2014,JEEP,GRAND CHEROKEE
MCP31680061,230060878,Montgomery County Police,Injury Crash,10/16/2023 03:48:00 PM,Maryland (State),VEIRS MILL RD,ENT TO BUSINESS,HEAD ON LEFT TURN,CLEAR,DRY,DAYLIGHT,TRAFFIC SIGNAL,NONE DETECTED,Yes,POSSIBLE INJURY,LOOKED BUT DID NOT SEE,MD,PASSENGER CAR,35,2015,HONDA,CIVIC
MCP30750053,250040076,MONTGOMERY,Property Damage Crash,09-06-25 23:13,Maryland (State) Route,GREAT SENECA HWY (SB/L),CLOPPER RD CLOPPER RD (WB/L),Other,Rain,Wet,Dark - Lighted,Traffic Control Signal,"Not Suspect of Alcohol Use, Not Suspect of Drug Use",No,No Apparent Injury,Not Distracted,MD,Sport Utility Vehicle,35,1998,HONDA,CR-V
MCP20080012,15021995,Montgomery County Police,Injury Crash,05-08-15 18:02,Maryland (State),OLD GEORGETOWN RD,DEMOCRACY BLVD,SAME DIR REAR END,CLEAR,DRY,DAYLIGHT,TRAFFIC SIGNAL,NONE DETECTED,No,SUSPECTED MINOR INJURY,NOT DISTRACTED,MD,PASSENGER CAR,40,2006,LEXUS,RX
MCP27610022,180016176,Montgomery County Police,Property Damage Crash,04-04-18 20:36,County,MATENY RD,GREAT SENECA HWY,STRAIGHT MOVEMENT ANGLE,,WET,DARK LIGHTS ON,NO CONTROLS,NONE DETECTED,No,NO APPARENT INJURY,NOT DISTRACTED,MD,PASSENGER CAR,35,2007,NISSAN,SENTRA
MCP15660025,250002616,MONTGOMERY,Property Damage Crash,01/19/2025 02:10:00 AM,,,,Other,Clear,,Dark - Lighted,,"Suspect of Alcohol Use, Unknown",No,No Apparent Injury,Not Distracted,MD,Sport Utility Vehicle,0,2015,ACURA,MDX
EJ7833003P,170516894,Gaithersburg Police Depar,Property Damage Crash,07-01-17 22:55,Maryland (State),W DIAMOND AVE,ENT TO WASHINGTON SUBURBAN SANITARY COMM,STRAIGHT MOVEMENT ANGLE,CLEAR,DRY,DARK LIGHTS ON,NO CONTROLS,NONE DETECTED,Unknown,NO APPARENT INJURY,NOT DISTRACTED,MD,PASSENGER CAR,35,2013,NISSAN,ROGUE
MCP30000019,16049524,Montgomery County Police,Property Damage Crash,09/25/2016 11:17:00 PM,County,CRYSTAL ROCK DR,WATERS LANDING DR,SINGLE VEHICLE,CLEAR,DRY,DARK LIGHTS ON,NO CONTROLS,UNKNOWN,Yes,NO APPARENT INJURY,NOT DISTRACTED,,PASSENGER CAR,40,2015,HYUNDAI,ELANTRA
DM84450013,17008728,Takoma Park Police Depart,Injury Crash,02/17/2017 07:32:00 PM,Maryland (State),NEW HAMPSHIRE AVE,KIRKLYNN AVE,SAME DIR REAR END,CLEAR,,DARK -- UNKNOWN LIGHTING,TRAFFIC SIGNAL,NONE DETECTED,No,POSSIBLE INJURY,UNKNOWN,MD,PASSENGER CAR,35,2014,TOYOTA,4S
MCP1417005H,16027589,Montgomery County Police,Property Damage Crash,06-02-16 13:33,County,SHADY GROVE RD,CHOKE CHERRY RD,SAME DIR REAR END,CLEAR,DRY,DAYLIGHT,NO CONTROLS,NONE DETECTED,No,NO APPARENT INJURY,NOT DISTRACTED,MD,PASSENGER CAR,40,2012,CHRYSLER,200
MCP2939006M,220057740,Montgomery County Police,Injury Crash,12/29/2022 05:01:00 PM,Maryland (State),RIDGE RD,PREAKNESS DR,SAME DIR REAR END,CLEAR,DRY,DUSK,NO CONTROLS,NONE DETECTED,Yes,NO APPARENT INJURY,INATTENTIVE OR LOST IN THOUGHT,MD,PASSENGER CAR,40,2013,MAZD,WG
MCP2871002Y,16015948,Montgomery County Police,Injury Crash,04-01-16 16:19,Maryland (State),OLD GEORGETOWN RD,TUCKERMAN LA,SAME DIR REAR END,CLEAR,DRY,DAYLIGHT,NO CONTROLS,NONE DETECTED,Yes,NO APPARENT INJURY,NOT DISTRACTED,MD,PASSENGER CAR,35,2015,HYUN,ACCENT
MCP2046008G,180027802,Montgomery County Police,Injury Crash,06-06-18 6:58,County,OLD COLUMBIA PIKE,RUXTON RD,SAME DIR REAR END,,DRY,DAYLIGHT,NO CONTROLS,NONE DETECTED,No,NO APPARENT INJURY,NOT DISTRACTED,MD,PASSENGER CAR,40,2011,HOND,INSIGHT
DM8388000R,16003784,Takoma Park Police Depart,Property Damage Crash,01/19/2016 07:20:00 PM,Maryland (State),ETHAN ALLEN AVE,PRINCE GEORGES CO/L,HEAD ON,SNOW,SNOW,DARK LIGHTS ON,NO CONTROLS,NONE DETECTED,No,NO APPARENT INJURY,NOT DISTRACTED,MD,PASSENGER CAR,30,2000,HONDA,CIVIC
MCP283200CG,250054875,MONTGOMERY,Injury Crash,12-08-25 12:37,Maryland (State) Route,KNOWLES AVE,,Front to Rear,Clear,Dry,Daylight,No Controls,"Not Suspect of Alcohol Use, Not Suspect of Drug Use",Yes,No Apparent Injury,Unknown,,Passenger Car,20,2017,HONDA,CIVIC
MCP23470047,230048560,Montgomery County Police,Property Damage Crash,08-09-23 12:23,US (State),COLUMBIA PIKE,STEWART LA,STRAIGHT MOVEMENT ANGLE,CLEAR,DRY,DAYLIGHT,TRAFFIC SIGNAL,NONE DETECTED,No,NO APPARENT INJURY,NOT DISTRACTED,MD,PASSENGER CAR,40,2022,CHRYSLER,VOYAGER
MCP25360012,16056189,Montgomery County Police,Property Damage Crash,11-01-16 5:08,County,ARCOLA AVE,UNIVERSITY BLVD W,STRAIGHT MOVEMENT ANGLE,CLEAR,DRY,DARK LIGHTS ON,FLASHING TRAFFIC SIGNAL,NONE DETECTED,No,NO APPARENT INJURY,NOT DISTRACTED,MD,PASSENGER CAR,40,2016,HONDA,ACCORD
MCP2394002N,170547737,Montgomery County Police,Property Damage Crash,12-10-17 15:13,,,,STRAIGHT MOVEMENT ANGLE,CLEAR,,DAYLIGHT,NO CONTROLS,NONE DETECTED,No,NO APPARENT INJURY,NOT DISTRACTED,MD,PASSENGER CAR,15,2012,LEXUS,4S
MCP32200023,220002403,Montgomery County Police,Property Damage Crash,01/19/2022 05:30:00 PM,County,SNOUFFERS SCHOOL RD,EARHART CT,STRAIGHT MOVEMENT ANGLE,CLEAR,DRY,DUSK,STOP SIGN,NONE DETECTED,Yes,NO APPARENT INJURY,UNKNOWN,MD,(SPORT) UTILITY VEHICLE,40,2019,HONDA,PILOT
MCP1113003Y,210037045,Montgomery County Police,Property Damage Crash,09/20/2021 07:41:00 AM,Maryland (State),MAIN ST,MT VERNON AVE,SAME DIR REAR END,CLEAR,WET,DAYLIGHT,NO CONTROLS,NONE DETECTED,Yes,NO APPARENT INJURY,LOOKED BUT DID NOT SEE,MD,PASSENGER CAR,30,2014,AUDI,A6
MCP2872001V,170504063,Montgomery County Police,Property Damage Crash,04/25/2017 08:38:00 AM,County,WATKINS MILL RD,STEDWICK RD,HEAD ON,CLOUDY,WET,DAYLIGHT,NO CONTROLS,NONE DETECTED,Yes,NO APPARENT INJURY,INATTENTIVE OR LOST IN THOUGHT,PA,PASSENGER CAR,35,2002,CHRYS,PT CRUISER
MCP31230015,190011723,Montgomery County Police,Property Damage Crash,03/13/2019 11:02:00 PM,County,SHADY GROVE RD,FREDERICK RD,SINGLE VEHICLE,CLEAR,DRY,DARK LIGHTS ON,TRAFFIC SIGNAL,MEDICATION CONTRIBUTED,Yes,NO APPARENT INJURY,NOT DISTRACTED,MD,PASSENGER CAR,25,2015,TOYOTA,CAMRY
EJ7875005C,240049895,GAITHERSBURG,Injury Crash,10/18/2024 04:58:00 PM,Maryland (State) Route,S FREDERICK RD (SB/L),,Front to Rear,Clear,Dry,Daylight,Traffic Control Signal,"Not Suspect of Alcohol Use, Not Suspect of Drug Use",No,Suspected Minor Injury,Not Distracted,MD,Passenger Car,35,2023,TOYOTA,RAV4
MCP3086000X,170548693,Montgomery County Police,Injury Crash,12/15/2017 06:40:00 AM,County,MONTGOMERY VILLAGE AVE,DUFFER WAY,SAME DIR REAR END,CLEAR,DRY,DAWN,STOP SIGN,NONE DETECTED,No,NO APPARENT INJURY,NOT DISTRACTED,MD,PASSENGER CAR,35,1999,ACURA,4S
MCP1453005Q,180017356,Montgomery County Police,Injury Crash,04-10-18 7:21,County,CENTURY BLVD,CLOVERLEAF CENTER DR,SINGLE VEHICLE,FOGGY,DRY,DAWN,NO CONTROLS,NONE DETECTED,Yes,SUSPECTED MINOR INJURY,NOT DISTRACTED,MD,PASSENGER CAR,35,2014,NISSAN,VERSA
EJ7852004M,210026568,Gaithersburg Police Depar,Property Damage Crash,07-10-21 17:30,Municipality,RUSSELL AVE,MARYLAND AVE,OTHER,,DRY,,,ALCOHOL CONTRIBUTED,Yes,NO APPARENT INJURY,NOT DISTRACTED,MD,PASSENGER CAR,30,2011,TOYOTA,CAMRY
MCP3031005Y,240046928,MONTGOMERY,Property Damage Crash,10-01-24 20:00,County Route,,TAMARACK RD,Front to Rear,Clear,Wet,Dark - Lighted,Traffic Control Signal,"Not Suspect of Alcohol Use, Not Suspect of Drug Use",Yes,No Apparent Injury,Not Distracted,MD,Passenger Car,35,2024,TOYOTA,CAMRY
DM8370000P,170501715,Takoma Park Police Depart,Property Damage Crash,04-12-17 3:49,Municipality,POPLAR AVE,4TH AVE,SINGLE VEHICLE,CLEAR,DRY,DARK LIGHTS ON,NO CONTROLS,NONE DETECTED,Yes,NO APPARENT INJURY,NOT DISTRACTED,DC,PASSENGER CAR,25,2009,TOYOTA,COROLLA
MCP30060078,220018609,Montgomery County Police,Injury Crash,05-02-22 11:20,Maryland (State),VEIRS MILL RD,NEWPORT MILL RD,SAME DIR REAR END,CLEAR,DRY,DAYLIGHT,TRAFFIC SIGNAL,NONE DETECTED,No,NO APPARENT INJURY,NOT DISTRACTED,MD,VAN,25,2007,DODGE,GRAND CARAVAN
MCP3197000Y,190056639,Montgomery County Police,Property Damage Crash,11/23/2019 01:55:00 PM,Maryland (State),GEORGIA AVE,HEWITT AVE,SAME DIR REAR END,CLEAR,DRY,DAYLIGHT,NO CONTROLS,NONE DETECTED,No,NO APPARENT INJURY,NOT DISTRACTED,MD,PASSENGER CAR,35,2015,NISSAN,PATHFINDER
MCP28440060,220040842,Montgomery County Police,Property Damage Crash,09/19/2022 08:30:00 PM,,,,OTHER,CLEAR,,DARK LIGHTS ON,NO CONTROLS,UNKNOWN,Yes,NO APPARENT INJURY,UNKNOWN,,PASSENGER CAR,15,2006,LANDROVER,SUV
MCP2789003W,170542804,Montgomery County Police,Property Damage Crash,11/14/2017 06:21:00 PM,US (State),COLESVILLE RD,NOYES DR,HEAD ON LEFT TURN,,DRY,DARK LIGHTS ON,NO CONTROLS,,No,NO APPARENT INJURY,NOT DISTRACTED,FL,PASSENGER CAR,35,2008,HYUNDAI,4D
MCP28140036,220027253,Montgomery County Police,Property Damage Crash,06/24/2022 02:04:00 PM,Maryland (State),FREDERICK RD,PROFESSIONAL DR,SAME DIR REAR END,,DRY,DAYLIGHT,TRAFFIC SIGNAL,NONE DETECTED,No,NO APPARENT INJURY,NOT DISTRACTED,MD,PASSENGER CAR,45,2018,TOYOTA,COROLLA
MCP1048006L,250007544,MONTGOMERY,Property Damage Crash,12/23/2024 09:49:00 PM,,,,Other,Unknown,,Dark - Lighted,,"Unknown, Unknown",No,,,,,0,0,,
MCP2464002C,220019507,Montgomery County Police,Property Damage Crash,05-08-22 1:30,,,,SAME DIRECTION SIDESWIPE,RAINING,,DARK LIGHTS ON,NO CONTROLS,NONE DETECTED,Yes,NO APPARENT INJURY,UNKNOWN,MD,PASSENGER CAR,20,2012,HONDA,CIVIC
MCP3231001M,250054789,MONTGOMERY,Property Damage Crash,12-07-25 20:40,Maryland (State) Route,WISCONSIN AVE,,"Sideswipe, Same Direction",Clear,Dry,Dark - Lighted,No Controls,"Unknown, Unknown",No,No Apparent Injury,Unknown,,Passenger Car,25,2022,HYUNDAI,ELANTRA
MCP30700015,190055317,Montgomery County Police,Injury Crash,11/16/2019 01:10:00 PM,County,BATTERY LA,OLD GEORGETOWN RD,SINGLE VEHICLE,CLEAR,DRY,DAYLIGHT,TRAFFIC SIGNAL,,Yes,NO APPARENT INJURY,LOOKED BUT DID NOT SEE,,,30,0,UNKNOWN,UNKNOWN
MCP30120089,210008032,Montgomery County Police,Property Damage Crash,03-03-21 14:06,County,DENLEY PL,EPPING CT,OPPOSITE DIRECTION SIDESWIPE,CLEAR,DRY,DAYLIGHT,NO CONTROLS,NONE DETECTED,Yes,NO APPARENT INJURY,LOOKED BUT DID NOT SEE,MD,"CARGO VAN/LIGHT TRUCK 2 AXLES (OVER 10,000LBS (4,536 KG))",25,2019,GMC,TRUCK
MCP3256000R,210012692,Montgomery County Police,Property Damage Crash,04-05-21 13:58,,,,OPPOSITE DIRECTION SIDESWIPE,CLEAR,,DAYLIGHT,NO CONTROLS,UNKNOWN,Yes,NO APPARENT INJURY,DISTRACTED BY OUTSIDE PERSON OBJECT OR EVENT,,PASSENGER CAR,0,2022,NISSAN,ALTIMA