Report Number,Local Case Number,Agency Name,ACRS Report Type,Crash Date/Time,Route Type,Road Name,Cross-Street Name,Collision Type,Weather,Surface Condition,Light,Traffic Control,Driver Substance Abuse,Driver At Fault,Injury Severity,Driver Distracted By,Drivers License State,Vehicle Body Type,Speed Limit,Vehicle Year,Vehicle Make,Vehicle Model
MCP27360052,170536113,Montgomery County Police,Injury Crash,10-11-17 19:45,Maryland (State),ROCKVILLE PIKE,TUCKERMAN LA,SAME DIR REAR END,RAINING,WET,DARK LIGHTS ON,TRAFFIC SIGNAL,NONE DETECTED,Yes,NO APPARENT INJURY,NOT DISTRACTED,MD,(SPORT) UTILITY VEHICLE,35,2012,HONDA,CROSSTOUR
EJ7851001J,16033087,Gaithersburg Police Depar,Property Damage Crash,06/30/2016 10:44:00 AM,Municipality,MEEM AVE,W DIAMOND AVE,SAME DIRECTION SIDESWIPE,CLEAR,DRY,DAYLIGHT,NO CONTROLS,ALCOHOL PRESENT,Yes,NO APPARENT INJURY,UNKNOWN,MD,PASSENGER CAR,25,1987,CHEVROLET,SUBURBAN
DM8423001F,170547605,Takoma Park Police Depart,Property Damage Crash,12-08-17 17:00,Municipality,GRANT AVE #2,PINEY BRANCH RD,SAME DIR REAR END,CLEAR,DRY,DARK LIGHTS ON,,,Yes,NO APPARENT INJURY,UNKNOWN,XX,PASSENGER CAR,35,2008,TOYOTA,COROLLA
MCP3010004K,190047581,Montgomery County Police,Property Damage Crash,10-04-19 9:00,Maryland (State),OLD GEORGETOWN RD,EXECUTIVE BLVD,SAME DIR REAR END,CLEAR,DRY,DAYLIGHT,TRAFFIC SIGNAL,,No,NO APPARENT INJURY,NOT DISTRACTED,MD,PASSENGER CAR,40,2006,HONDA,4S
DD5527003K,210035290,Rockville Police Departme,Property Damage Crash,09-08-21 13:57,Maryland (State),E JEFFERSON ST,MARYLAND AVE,OTHER,CLEAR,DRY,DAYLIGHT,TRAFFIC SIGNAL,UNKNOWN,Yes,NO APPARENT INJURY,NOT DISTRACTED,VA,PASSENGER CAR,30,2017,FORD,TRUCK
MCP2498000K,15059640,MONTGOMERY,Injury Crash,11/22/2015 01:22:00 AM,Maryland (State),GERMANTOWN RD,WISTERIA DR,OTHER,CLEAR,DRY,DARK LIGHTS ON,FLASHING TRAFFIC SIGNAL,ALCOHOL PRESENT,Yes,POSSIBLE INJURY,UNKNOWN,MD,PASSENGER CAR,40,2016,MAZDA,4 DOOR
MCP28370012,16041920,Montgomery County Police,Property Damage Crash,08/18/2016 12:25:00 PM,County,SHADY GROVE RD,CORPORATE BLVD,HEAD ON LEFT TURN,CLEAR,DRY,DAYLIGHT,TRAFFIC SIGNAL,NONE DETECTED,No,NO APPARENT INJURY,NOT DISTRACTED,NC,PASSENGER CAR,40,2008,FORD,MUSTANG
MCP27030041,240024692,MONTGOMERY,Property Damage Crash,05/24/2024 04:30:00 PM,,,,Rear To Side,Clear,,Daylight,,"Not Suspect of Alcohol Use, Not Suspect of Drug Use",No,No Apparent Injury,Not Distracted,MD,Passenger Car,0,2024,HONDA,RIDGELINE
DD5612000D,17014919,Rockville Police Departme,Property Damage Crash,03/23/2017 06:01:00 PM,Maryland (State),ROCKVILLE PIKE,HALPINE RD,SAME DIR REAR END,CLEAR,DRY,DAYLIGHT,,UNKNOWN,Yes,NO APPARENT INJURY,UNKNOWN,MD,PASSENGER CAR,40,2013,JEEP,TK
MCP2393000G,15059024,MONTGOMERY,Property Damage Crash,11/19/2015 07:53:00 AM,Maryland (State),COLESVILLE RD,EAST WEST HWY,SAME DIRECTION LEFT TURN,RAINING,WET,DAYLIGHT,TRAFFIC SIGNAL,NONE DETECTED,No,NO APPARENT INJURY,NOT DISTRACTED,MD,PASSENGER CAR,30,2014,TOYT,PRIUS
MCP2420001Q,16050523,Montgomery County Police,Property Damage Crash,10-01-16 21:35,Maryland (State),OLNEY SANDY SPRING RD,OLD VIC BLVD,SAME DIR REND LEFT TURN,RAINING,WET,DARK LIGHTS ON,TRAFFIC SIGNAL,NONE DETECTED,No,NO APPARENT INJURY,NOT DISTRACTED,MD,PASSENGER CAR,40,2007,TOYT,4S
MCP2970002H,170501411,Montgomery County Police,Property Damage Crash,04-10-17 14:59,,,,OTHER,CLEAR,,DAYLIGHT,,,Yes,NO APPARENT INJURY,NOT DISTRACTED,MD,PASSENGER CAR,40,2012,TOYOTA,COROLLA
MCP15630072,210043502,Montgomery County Police,Injury Crash,10/28/2021 12:21:00 PM,Maryland (State),16TH ST,SPRING ST,SAME DIR REAR END,CLOUDY,DRY,DAYLIGHT,TRAFFIC SIGNAL,NONE DETECTED,No,NO APPARENT INJURY,NOT DISTRACTED,MD,PASSENGER CAR,35,2019,KIA,NITRO
DM85220018,240004364,TAKOMA,Property Damage Crash,01/27/2024 07:19:00 PM,,,,Single Vehicle,Clear,,Dark - Lighted,,"Not Suspect of Alcohol Use, Not Suspect of Drug Use",No,No Apparent Injury,Not Distracted,MD,Passenger Car,0,2017,TOYOTA,CAMRY
MCP2954001M,16022397,Montgomery County Police,Property Damage Crash,05-06-16 9:04,US (State),COLESVILLE RD,LANARK WAY,STRAIGHT MOVEMENT ANGLE,RAINING,WET,DAYLIGHT,STOP SIGN,NONE DETECTED,Yes,NO APPARENT INJURY,LOOKED BUT DID NOT SEE,MD,PASSENGER CAR,45,2012,TOYOTA,COROLLA
MCP22310054,190044856,Montgomery County Police,Property Damage Crash,09/19/2019 10:18:00 AM,Municipality,FIRSTFIELD RD,BUREAU DR,STRAIGHT MOVEMENT ANGLE,CLEAR,DRY,DAYLIGHT,STOP SIGN,NONE DETECTED,No,NO APPARENT INJURY,NOT DISTRACTED,MD,PASSENGER CAR,25,2016,TOYOTA,CAMRY
MCP204600B9,190045948,Montgomery County Police,Property Damage Crash,09/25/2019 10:27:00 AM,,,,STRAIGHT MOVEMENT ANGLE,CLEAR,,DAYLIGHT,NO CONTROLS,NONE DETECTED,Yes,NO APPARENT INJURY,NOT DISTRACTED,MD,VAN,0,2010,FORD,VN
MCP3164006B,220047751,Montgomery County Police,Property Damage Crash,10/31/2022 07:25:00 AM,County,CHISWELL LA,CAVALIER DR,SAME DIRECTION SIDESWIPE,CLEAR,DRY,DAWN,NO CONTROLS,ALCOHOL PRESENT,Yes,NO APPARENT INJURY,NOT DISTRACTED,MD,PASSENGER CAR,25,2009,HONDA,CIVIC
MCP2291007N,240020833,MONTGOMERY,Property Damage Crash,05-03-24 16:52,Maryland (State) Route,,,Angle,Clear,Dry,Daylight,No Controls,"Not Suspect of Alcohol Use, Not Suspect of Drug Use",No,No Apparent Injury,Not Distracted,MD,Sport Utility Vehicle,30,2015,MERCEDES-BENZ,350
MCP12130094,240005819,MONTGOMERY,Property Damage Crash,02-05-24 17:25,County Route,RANDOLPH RD,BREGMAN RD,Front to Front,Clear,Dry,Daylight,No Controls,"Not Suspect of Alcohol Use, Not Suspect of Drug Use",Yes,No Apparent Injury,Not Distracted,MD,Sport Utility Vehicle,40,2021,AUDI,Q5
MCP3308001Z,230017737,Montgomery County Police,Property Damage Crash,04/13/2023 11:00:00 PM,County,BARKWOOD DR,BUTTERNUT DR,OTHER,CLEAR,DRY,DARK NO LIGHTS,NO CONTROLS,ALCOHOL PRESENT,Yes,NO APPARENT INJURY,OTHER DISTRACTION,MD,PICKUP TRUCK,25,2015,TOYTOTA,TACOMA
HA2399000T,16001458,Maryland-National Capital,Property Damage Crash,11/30/2016 09:07:00 AM,Government,BEACH DR,KNOWLES AVE,SINGLE VEHICLE,RAINING,WET,DAYLIGHT,,,Yes,NO APPARENT INJURY,NOT DISTRACTED,GA,PASSENGER CAR,25,2002,CHEVROLET,PRIZM
MCP28290027,16036163,Montgomery County Police,Property Damage Crash,07/17/2016 05:24:00 AM,US (State),COLUMBIA PIKE,FAIRLAND RD,SAME DIR REAR END,CLEAR,DRY,DAWN,TRAFFIC SIGNAL,NONE DETECTED,No,NO APPARENT INJURY,NOT DISTRACTED,MD,PASSENGER CAR,50,2012,TOYT,CAMRY
MCP2941000G,15026673,Montgomery County Police,Property Damage Crash,06-02-15 17:05,County,FENTON ST,THAYER AVE,SAME DIR REAR END,CLOUDY,DRY,DAYLIGHT,TRAFFIC SIGNAL,NONE DETECTED,Yes,NO APPARENT INJURY,UNKNOWN,MD,PASSENGER CAR,30,2012,TOYT,TK
MCP1121003J,170551486,Montgomery County Police,Injury Crash,12/31/2017 04:59:00 PM,Municipality,ODENDHAL AVE,FREDERICK RD,OTHER,CLEAR,DRY,DARK LIGHTS ON,TRAFFIC SIGNAL,UNKNOWN,Yes,NO APPARENT INJURY,UNKNOWN,MD,PASSENGER CAR,30,2009,TOYOTA,MATRIX
MCP2046004T,16002721,Montgomery County Police,Property Damage Crash,01/15/2016 06:46:00 AM,US (State),COLUMBIA PIKE,STEWART LA,SAME DIR REAR END,CLEAR,DRY,DAWN,NO CONTROLS,NONE DETECTED,Yes,NO APPARENT INJURY,NOT DISTRACTED,GA,(SPORT) UTILITY VEHICLE,40,2013,NISSAN,PATHFINDER
MCP29710010,16009244,MONTGOMERY,Property Damage Crash,02/24/2016 01:14:00 PM,,,,OTHER,RAINING,,DAYLIGHT,NO CONTROLS,UNKNOWN,Yes,NO APPARENT INJURY,OTHER DISTRACTION,MD,PASSENGER CAR,5,2009,FORD,FUSION
MCP3208006V,250016467,MONTGOMERY,Injury Crash,04/15/2025 09:45:00 PM,Maryland (State) Route,GEORGIA AVE,,"Sideswipe, Same Direction",Clear,Dry,Dark - Lighted,No Controls,"Not Suspect of Alcohol Use, Not Suspect of Drug Use",No,No Apparent Injury,Not Distracted,MA,Sport Utility Vehicle,30,2022,TOYOTA,RAV4
MCP2518000L,15016563,Montgomery County Police,Property Damage Crash,04-10-15 0:10,County,PREAKNESS DR,SIR BARTON CIR,OTHER,RAINING,WET,DARK LIGHTS ON,NO CONTROLS,UNKNOWN,Yes,NO APPARENT INJURY,UNKNOWN,MD,(SPORT) UTILITY VEHICLE,30,1997,HOND,TK
MCP3262002V,230010601,Montgomery County Police,Property Damage Crash,03-03-23 17:43,County,BROADBIRCH DR,CHERRY HILL RD,HEAD ON LEFT TURN,RAINING,WET,DARK LIGHTS ON,TRAFFIC SIGNAL,NONE DETECTED,Yes,NO APPARENT INJURY,LOOKED BUT DID NOT SEE,VA,PASSENGER CAR,25,2017,DODGE,1500
MCP3342001H,240023560,MONTGOMERY,Property Damage Crash,05/18/2024 09:20:00 PM,County Route,LAMBERTON DR,N BELGRADE RD,Rear To Side,Clear,Dry,Dark - Lighted,No Controls,"Unknown, Unknown",No,,,,Passenger Car,25,2023,TOYOTA,COROLLA CROSS
MCP3199000G,190042602,Montgomery County Police,Property Damage Crash,09-05-19 18:07,Maryland (State),ASHTON RD,ASHLAND DR,STRAIGHT MOVEMENT ANGLE,CLOUDY,,DAYLIGHT,,NONE DETECTED,No,NO APPARENT INJURY,NOT DISTRACTED,MD,PICKUP TRUCK,45,2007,FORD,F350
MCP23470053,240054105,MONTGOMERY,Injury Crash,11-12-24 9:13,County Route,MCKNEW RD,SANDY SPRING RD,"Sideswipe, Opposite Direction",Clear,Dry,Daylight,Traffic Control Signal,"Not Suspect of Alcohol Use, Not Suspect of Drug Use",No,Suspected Minor Injury,Unknown,MD,Passenger Car,40,2012,BUICK,ENCLAVE
MCP1048003W,180045367,Montgomery County Police,Property Damage Crash,09-11-18 13:59,County,RANDOLPH RD,ROCKING HORSE RD,OTHER,CLOUDY,DRY,DAYLIGHT,,NONE DETECTED,Yes,NO APPARENT INJURY,NOT DISTRACTED,MD,TRANSIT BUS,35,2016,TBU,BUS
MCP2203005T,220006172,Montgomery County Police,Injury Crash,02-12-22 11:00,County,HARDY AVE,JUDSON RD,STRAIGHT MOVEMENT ANGLE,CLEAR,DRY,DAYLIGHT,STOP SIGN,NONE DETECTED,No,POSSIBLE INJURY,NOT DISTRACTED,MD,PASSENGER CAR,25,2017,VOLK,JETTA
MCP26370063,250022644,MONTGOMERY,Property Damage Crash,05/22/2025 09:18:00 AM,Maryland (State) Route,DARNESTOWN RD,,Front to Rear,Rain,Wet,Daylight,No Controls,"Not Suspect of Alcohol Use, Not Suspect of Drug Use",No,No Apparent Injury,Not Distracted,MD,Passenger Car,40,2017,LAND ROVER,DISCOVERY
MCP2446005L,210052230,Montgomery County Police,Property Damage Crash,12/22/2021 03:56:00 PM,Interstate (State),EISENHOWER MEMORIAL HWY,RAMP 7 FR MD 121 WB TO IS 270 SB,SINGLE VEHICLE,CLEAR,DRY,DAYLIGHT,NO CONTROLS,NONE DETECTED,Yes,NO APPARENT INJURY,NOT DISTRACTED,NY,PASSENGER CAR,55,2021,TOYOTA,SUPRA
MCP29210055,240026397,MONTGOMERY,Property Damage Crash,06-03-24 18:54,County Route,CENTURY BLVD,MIDDLEBROOK RD,Rear To Side,Clear,Dry,Daylight,Traffic Control Signal,"Not Suspect of Alcohol Use, Not Suspect of Drug Use",No,No Apparent Injury,Not Distracted,MD,Passenger Car,30,2016,FORD,TAURUS
MCP3016004X,240010861,MONTGOMERY,Property Damage Crash,03-06-24 10:14,,,,"Sideswipe, Same Direction",Cloudy,,Daylight,,"Not Suspect of Alcohol Use, Not Suspect of Drug Use",No,No Apparent Injury,Not Distracted,MD,Passenger Car,0,2016,TOYOTA,CAMRY
MCP32740014,210051510,Montgomery County Police,Property Damage Crash,12/18/2021 01:19:00 AM,Maryland (State),OLD GEORGETOWN RD,BEECH AVE,SINGLE VEHICLE,OTHER,WET,DARK LIGHTS ON,NO CONTROLS,NONE DETECTED,No,NO APPARENT INJURY,NOT DISTRACTED,MD,PASSENGER CAR,35,2013,BMW,HB
MCP2666005C,210036381,Montgomery County Police,Property Damage Crash,09/15/2021 02:30:00 PM,Maryland (State),PINEY BRANCH RD,BARRON ST,SAME DIRECTION SIDESWIPE,CLEAR,DRY,DAYLIGHT,NO CONTROLS,NONE DETECTED,No,NO APPARENT INJURY,NOT DISTRACTED,DC,TRANSIT BUS,35,2016,GILLIG,BUS
MCP3075004F,240010741,MONTGOMERY,Property Damage Crash,03-05-24 10:00,Local Route,REGENTS PARK DR,NOTTING HILL WAY,Front to Front,Rain,Wet,Daylight,No Controls,"Not Suspect of Alcohol Use, Not Suspect of Drug Use",Yes,No Apparent Injury,Unknown,MD,Sport Utility Vehicle,15,2010,GMC,ACADIA
MCP2872002Y,250043099,MONTGOMERY,Injury Crash,09/25/2025 07:30:00 AM,County Route,LANARK WAY,COLESVILLE RD,Single Vehicle,Rain,Wet,Dark - Lighted,Traffic Control Signal,"Not Suspect of Alcohol Use, Not Suspect of Drug Use",No,No Apparent Injury,Not Distracted,MD,Passenger Car,35,2009,HONDA,FIT
MCP2436002H,17001582,Montgomery County Police,Property Damage Crash,01-10-17 9:09,Maryland (State),NEW HAMPSHIRE AVE,NORTHAMPTON DR,STRAIGHT MOVEMENT ANGLE,CLEAR,DRY,DAYLIGHT,TRAFFIC SIGNAL,NONE DETECTED,No,NO APPARENT INJURY,NOT DISTRACTED,MD,PASSENGER CAR,40,2012,TOYOTA,CAMRY
MCP3170002T,230005131,Montgomery County Police,Property Damage Crash,01/31/2023 06:23:00 PM,County,WEST OLD BALTIMORE RD,SENECA AYR DR,SAME DIR REAR END,RAINING,WET,,NO CONTROLS,NONE DETECTED,Yes,NO APPARENT INJURY,UNKNOWN,MD,PASSENGER CAR,40,2022,TOY,CAMRY
MCP2952007H,180057088,Montgomery County Police,Property Damage Crash,11/14/2018 08:54:00 AM,County,SEMINARY RD,WARREN ST,STRAIGHT MOVEMENT ANGLE,CLOUDY,DRY,DAYLIGHT,STOP SIGN,NONE DETECTED,No,NO APPARENT INJURY,NOT DISTRACTED,DC,PASSENGER CAR,35,2006,CHEVY,EQUINOX
HA24850015,24000424,MCPARK,Property Damage Crash,03-11-24 11:09,Maryland (State) Route,FALLS RD,GLEN RD,Front to Rear,Clear,Dry,Daylight,Traffic Control Signal,"Not Suspect of Alcohol Use, Not Suspect of Drug Use",No,No Apparent Injury,"Other Action (looking away from task, etc.)",MD,Single-Unit Truck,35,2018,FORD,F-550
MCP30220011,170522380,Montgomery County Police,Injury Crash,08-01-17 19:30,Maryland (State),FREDERICK RD,CHAPELGATE RD,SAME DIRECTION RIGHT TURN,CLEAR,DRY,DAYLIGHT,STOP SIGN,,No,POSSIBLE INJURY,NOT DISTRACTED,MD,POLICE VEHICLE/EMERGENCY,40,2007,CHEVY,4S
DD56330037,200005160,Rockville Police Departme,Property Damage Crash,01/31/2020 03:30:00 PM,,,,OTHER,CLEAR,,DAYLIGHT,,NONE DETECTED,No,NO APPARENT INJURY,NOT DISTRACTED,MD,PASSENGER CAR,15,2011,HYUN,4S
MCP3034000L,170504876,Montgomery County Police,Property Damage Crash,04/29/2017 02:04:00 AM,Maryland (State),NEW HAMPSHIRE AVE,ADELPHI RD,SAME DIR REAR END,,DRY,DARK LIGHTS ON,TRAFFIC SIGNAL,NONE DETECTED,No,NO APPARENT INJURY,NOT DISTRACTED,MD,(SPORT) UTILITY VEHICLE,40,2011,LEXUS,TK
MCP2627000N,15046951,MONTGOMERY,Injury Crash,09/16/2015 05:44:00 PM,Maryland (State),RIVER RD,PINEY MEETINGHOUSE RD,SAME DIR REAR END,CLEAR,DRY,DAYLIGHT,NO CONTROLS,NONE DETECTED,No,NO APPARENT INJURY,NOT DISTRACTED,MD,PASSENGER CAR,35,2015,SUBARU,4DR
MCP34360018,250036187,MONTGOMERY,Property Damage Crash,08/13/2025 06:45:00 PM,US (State),COLUMBIA PIKE (SB/L),,Front to Rear,Rain,Wet,Daylight,No Controls,"Not Suspect of Alcohol Use, Not Suspect of Drug Use",No,No Apparent Injury,Not Distracted,MD,Bus - Transit,45,2008,GILLIG,LOW FLOOR BUS
MCP3161003W,220017896,Montgomery County Police,Property Damage Crash,04/27/2022 05:00:00 PM,County,WOODMONT AVE,RUGBY AVE,STRAIGHT MOVEMENT ANGLE,CLEAR,DRY,DAYLIGHT,STOP SIGN,NONE DETECTED,No,NO APPARENT INJURY,NOT DISTRACTED,MD,PASSENGER CAR,25,2011,FORD,TRANSIT
EJ7862000D,16059639,Gaithersburg Police Depar,Injury Crash,11/19/2016 04:09:00 PM,Maryland (State),MONTGOMERY VILLAGE AVE,RUSSELL AVE,SAME DIR REAR END,CLOUDY,WET,DUSK,TRAFFIC SIGNAL,NONE DETECTED,Yes,NO APPARENT INJURY,NOT DISTRACTED,MD,PASSENGER CAR,35,2003,HOND,4S
EJ7858007V,230032199,Gaithersburg Police Depar,Injury Crash,07-06-23 14:00,Maryland (State),DARNESTOWN RD,QUINCE ORCHARD RD,OTHER,RAINING,WET,DAYLIGHT,NO CONTROLS,NONE DETECTED,No,POSSIBLE INJURY,NOT DISTRACTED,MD,PASSENGER CAR,10,2015,GMC,PK
MCP3138002Z,210007927,Montgomery County Police,Injury Crash,03-02-21 18:27,County,BROOKEVILLE RD,ZION RD,HEAD ON,CLEAR,DRY,DARK NO LIGHTS,,NONE DETECTED,No,NO APPARENT INJURY,NOT DISTRACTED,MD,PASSENGER CAR,30,2018,MITSUBISHI,MIRAGE
MCP13580007,15053195,MONTGOMERY,Property Damage Crash,10/20/2015 12:40:00 PM,County,FATHER HURLEY BLVD,WISTERIA DR,SAME DIR REAR END,CLEAR,DRY,DAYLIGHT,NO CONTROLS,NONE DETECTED,No,NO APPARENT INJURY,NOT DISTRACTED,MD,(SPORT) UTILITY VEHICLE,35,2008,NISSAN,PATHFINDER
MCP2908002C,170501891,Montgomery County Police,Property Damage Crash,04/13/2017 10:19:00 AM,Maryland (State),NEW HAMPSHIRE AVE,RAMP 4 FR MD 650 NB TO IS 495 EB,SAME DIR REAR END,,DRY,DAYLIGHT,NO CONTROLS,NONE DETECTED,Yes,NO APPARENT INJURY,LOOKED BUT DID NOT SEE,MD,PASSENGER CAR,40,2001,DODG,VN
MCP3245000Y,210002396,Montgomery County Police,Property Damage Crash,01/19/2021 06:23:00 PM,Maryland (State),WOODFIELD RD,MUNCASTER MILL RD,STRAIGHT MOVEMENT ANGLE,CLEAR,DRY,DARK LIGHTS ON,NO CONTROLS,NONE DETECTED,Yes,NO APPARENT INJURY,UNKNOWN,MD,PASSENGER CAR,35,2007,LEXUS,RX400
MCP3381002G,250013271,MONTGOMERY,Property Damage Crash,03/26/2025 05:00:00 PM,Maryland (State) Route,CLOPPER RD,KINGSVIEW RD,Front to Rear,Clear,Dry,Daylight,Traffic Control Signal,"Not Suspect of Alcohol Use, Not Suspect of Drug Use",No,No Apparent Injury,Not Distracted,MD,Sport Utility Vehicle,30,2019,CHEVROLET,SUBURBAN HD
MCP3386000Y,240026186,MONTGOMERY,Property Damage Crash,06-02-24 17:17,Maryland (State) Route,WISCONSIN AVE,,"Sideswipe, Same Direction",Clear,Dry,Daylight,Traffic Control Signal,"Not Suspect of Alcohol Use, Not Suspect of Drug Use",No,No Apparent Injury,Not Distracted,MD,Passenger Car,25,2021,TESLA,MODEL Y
MCP28670038,17005722,Montgomery County Police,Property Damage Crash,02-02-17 7:44,Maryland (State),NEW HAMPSHIRE AVE,OAKVIEW DR,SAME DIRECTION LEFT TURN,CLEAR,DRY,DAYLIGHT,,NONE DETECTED,Yes,NO APPARENT INJURY,UNKNOWN,MD,PASSENGER CAR,40,1999,VOLK,CABRIO
MCP25650058,180026625,Montgomery County Police,Injury Crash,05/30/2018 06:45:00 PM,Maryland (State),WILSON LA,ABERDEEN RD,STRAIGHT MOVEMENT ANGLE,CLOUDY,DRY,DAYLIGHT,NO CONTROLS,NONE DETECTED,Yes,NO APPARENT INJURY,LOOKED BUT DID NOT SEE,MD,PASSENGER CAR,35,2011,NISSAN,CUBE
MCP22860067,240024273,MONTGOMERY,Injury Crash,05/22/2024 05:21:00 PM,County Route,E GUDE DR (WB/L),,Front to Rear,Clear,Dry,Daylight,No Controls,"Not Suspect of Alcohol Use, Not Suspect of Drug Use",Yes,No Apparent Injury,Not Distracted,MD,Pickup,40,2015,TOYOTA,TACOMA
MCP2094008Q,170515164,Montgomery County Police,Injury Crash,06/22/2017 01:11:00 PM,Maryland (State),ROCKVILLE PIKE,TUCKERMAN LA,SAME DIR REAR END,CLOUDY,DRY,DAYLIGHT,NO CONTROLS,NONE DETECTED,No,NO APPARENT INJURY,NOT DISTRACTED,MD,PASSENGER CAR,40,2013,NISSAN,SENTRA
MCP2617003K,170508657,Montgomery County Police,Property Damage Crash,05/19/2017 12:17:00 PM,County,NICHOLSON LA,OLD GEORGETOWN RD,OTHER,CLEAR,DRY,DAYLIGHT,TRAFFIC SIGNAL,NONE DETECTED,Yes,NO APPARENT INJURY,UNKNOWN,MD,PASSENGER CAR,25,2002,TOYOTA,CAMRY
DM8502001N,240059871,TAKOMA,Injury Crash,12/15/2024 01:27:00 AM,Maryland (State) Route,UNIVERSITY BLVD E,MERRIMAC DR,Unknown,Clear,Dry,Dark - Lighted,Intersection Ahead Warning Sign,"Not Suspect of Alcohol Use, Not Suspect of Drug Use",No,No Apparent Injury,Unknown,MD,Passenger Car,35,2013,TOYOTA,PRIUS
MCP25940060,200005799,Montgomery County Police,Property Damage Crash,02-04-20 13:45,County,KEMP MILL RD,RANDOLPH RD,SAME DIR REAR END,CLOUDY,WET,DAYLIGHT,TRAFFIC SIGNAL,NONE DETECTED,No,NO APPARENT INJURY,NOT DISTRACTED,MD,AMBULANCE/EMERGENCY,30,2013,HOND,PILOT
MCP2739003X,210004555,Montgomery County Police,Property Damage Crash,02-04-21 22:24,Maryland (State),NEW HAMPSHIRE AVE,OAKVIEW DR,STRAIGHT MOVEMENT ANGLE,CLEAR,DRY,DARK LIGHTS ON,TRAFFIC SIGNAL,NONE DETECTED,No,NO APPARENT INJURY,NOT DISTRACTED,MD,PASSENGER CAR,40,2012,HONDA,CIVIC
DD559500G3,240042704,ROCKVILLE,Injury Crash,09-09-24 8:45,Private Route,METRO ENT,FREDERICK RD,Angle,Clear,Dry,Daylight,Traffic Control Signal,"Not Suspect of Alcohol Use, Not Suspect of Drug Use",No,Suspected Minor Injury,Unknown,MD,Passenger Car,40,2018,FORD,ECOSPORT
MCP2923001Z,16038728,Montgomery County Police,Injury Crash,07/31/2016 01:51:00 PM,Maryland (State),UNIVERSITY BLVD W,GRANDVIEW AVE,HEAD ON LEFT TURN,CLEAR,DRY,DAYLIGHT,TRAFFIC SIGNAL,,Yes,NO APPARENT INJURY,NOT DISTRACTED,MD,(SPORT) UTILITY VEHICLE,40,2014,FORD,EXPLORER
MCP30170031,240048978,MONTGOMERY,Property Damage Crash,10/13/2024 09:18:00 PM,Maryland (State) Route,WOODFIELD RD,,Single Vehicle,Clear,Dry,Dark - Unknown Lighting,No Controls,"Not Suspect of Alcohol Use, Not Suspect of Drug Use",No,No Apparent Injury,Not Distracted,MD,Other,35,2020,FREIGHTLINER,FREIGHTLINER
MCP1522000N,15044750,MONTGOMERY,Injury Crash,09-05-15 10:12,Maryland (State),RIDGE RD,DAMASCUS VFD,STRAIGHT MOVEMENT ANGLE,CLEAR,DRY,DAYLIGHT,NO CONTROLS,,Yes,NO APPARENT INJURY,LOOKED BUT DID NOT SEE,MD,PASSENGER CAR,30,2007,TOYT,TUNDRA
MCP3331001Z,230030069,Montgomery County Police,Property Damage Crash,06/23/2023 12:45:00 PM,Maryland (State),GEORGIA AVE,BLUERIDGE AVE,SAME DIRECTION RIGHT TURN,RAINING,WET,DAYLIGHT,TRAFFIC SIGNAL,NONE DETECTED,No,NO APPARENT INJURY,NOT DISTRACTED,MD,PASSENGER CAR,25,2016,VOLKSWAGEN,PASSAT
EJ7852008L,230057916,Gaithersburg Police Depar,Property Damage Crash,10-01-23 18:40,Maryland (State),FREDERICK RD,TRAVIS AVE,SAME DIRECTION LEFT TURN,,DRY,DAYLIGHT,,NONE DETECTED,No,NO APPARENT INJURY,NOT DISTRACTED,MD,PICKUP TRUCK,40,2001,TOYOTA,TACOMA
MCP29480064,230024164,Montgomery County Police,Property Damage Crash,05/20/2023 04:07:00 AM,Maryland (State),GEORGIA AVE,HENDERSON AVE,SINGLE VEHICLE,CLEAR,DRY,DARK -- UNKNOWN LIGHTING,NO CONTROLS,UNKNOWN,Yes,NO APPARENT INJURY,UNKNOWN,,PASSENGER CAR,35,2010,DODGE,CALIBER
MCP2087000D,16054878,Montgomery County Police,Injury Crash,10/25/2016 11:11:00 AM,County,RANDOLPH RD,BUSHEY DR,SINGLE VEHICLE,CLEAR,DRY,DAYLIGHT,NO CONTROLS,NONE DETECTED,Yes,NO APPARENT INJURY,LOOKED BUT DID NOT SEE,MD,PASSENGER CAR,30,2015,BUICK,4 DOOR
MCP2464001Y,200037119,Montgomery County Police,Property Damage Crash,09/21/2020 11:15:00 PM,,,,SINGLE VEHICLE,CLEAR,,DARK NO LIGHTS,NO CONTROLS,NONE DETECTED,Yes,NO APPARENT INJURY,NOT DISTRACTED,MD,POLICE VEHICLE/NON EMERGENCY,0,2019,DODGE,CHARGER
MCP1064004M,16032859,Montgomery County Police,Property Damage Crash,06/29/2016 09:13:00 AM,County,JARBOE AVE,BURNT MILLS AVE,OTHER,CLEAR,DRY,DAYLIGHT,,,No,NO APPARENT INJURY,NOT DISTRACTED,DC,PASSENGER CAR,25,2012,MERZ,C300