Report Number,Local Case Number,Agency Name,ACRS Report Type,Crash Date/Time,Route Type,Road Name,Cross-Street Name,Collision Type,Weather,Surface Condition,Light,Traffic Control,Driver Substance Abuse,Driver At Fault,Injury Severity,Driver Distracted By,Drivers License State,Vehicle Body Type,Speed Limit,Vehicle Year,Vehicle Make,Vehicle Model
MCP3233002P,220016982,Montgomery County Police,Property Damage Crash,04/21/2022 04:14:00 PM,US (State),COLUMBIA PIKE,LOCKWOOD DR,SAME DIRECTION LEFT TURN,CLEAR,DRY,DAYLIGHT,NO CONTROLS,,No,NO APPARENT INJURY,NOT DISTRACTED,MD,SCHOOL BUS,40,2014,THOM,BUS
MCP3038003D,190022119,Montgomery County Police,Property Damage Crash,05-10-19 16:48,Maryland (State),ROCKVILLE PIKE,EXECUTIVE BLVD,STRAIGHT MOVEMENT ANGLE,RAINING,WET,DAYLIGHT,NO CONTROLS,,No,NO APPARENT INJURY,NOT DISTRACTED,MD,(SPORT) UTILITY VEHICLE,45,2014,BUIC,ENCLAVE
MCP22310011,15011024,Montgomery County Police,Property Damage Crash,03-10-15 8:20,Maryland (State),RIVER RD,WINSTON DR,SAME DIRECTION LEFT TURN,CLOUDY,DRY,DAYLIGHT,TRAFFIC SIGNAL,NONE DETECTED,No,NO APPARENT INJURY,NOT DISTRACTED,MD,PASSENGER CAR,35,2014,FORD,FOCUS
DD5633003R,200030220,Rockville Police Departme,Property Damage Crash,08-04-20 11:00,Municipality,ARDENNES AVE,HALPINE RD,OTHER,RAINING,WET,DAYLIGHT,NO CONTROLS,UNKNOWN,Yes,NO APPARENT INJURY,NOT DISTRACTED,MD,PASSENGER CAR,25,2001,CHEVROLET,SUBURBAN
MCP2539002D,230015574,Montgomery County Police,Property Damage Crash,03/31/2023 09:52:00 PM,Maryland (State),ROCKVILLE PIKE,STRATHMORE AVE,STRAIGHT MOVEMENT ANGLE,CLEAR,DRY,DARK LIGHTS ON,TRAFFIC SIGNAL,NONE DETECTED,Yes,NO APPARENT INJURY,NOT DISTRACTED,MD,(SPORT) UTILITY VEHICLE,35,2019,MERZ,TK
MCP2539000Y,170523588,Montgomery County Police,Property Damage Crash,08-08-17 3:35,Municipality,OLIVER ST,WISCONSIN AVE,OTHER,RAINING,WET,DARK LIGHTS ON,,NONE DETECTED,Yes,NO APPARENT INJURY,NOT DISTRACTED,MD,POLICE VEHICLE/NON EMERGENCY,25,2014,FORD,EXPLORER
MCP3291000X,220015179,Montgomery County Police,Injury Crash,04-10-22 3:30,County,FENTON ST,COLESVILLE RD,STRAIGHT MOVEMENT ANGLE,CLEAR,DRY,DARK LIGHTS ON,TRAFFIC SIGNAL,UNKNOWN,Yes,NO APPARENT INJURY,UNKNOWN,,PASSENGER CAR,30,2007,MERCEDES,E350
MCP2456000Y,16025244,Montgomery County Police,Property Damage Crash,05/21/2016 07:43:00 AM,County,OLD COLUMBIA PIKE,BRIGGS CHANEY RD,SINGLE VEHICLE,RAINING,WET,DAWN,NO CONTROLS,NONE DETECTED,Yes,NO APPARENT INJURY,NOT DISTRACTED,MD,PASSENGER CAR,45,2006,SCION,TC
MCP3021001L,170537174,Montgomery County Police,Property Damage Crash,10/13/2017 10:30:00 AM,,,,OTHER,CLEAR,,DAYLIGHT,,,Yes,NO APPARENT INJURY,NOT DISTRACTED,MD,PASSENGER CAR,0,1900,UNK,UNK
EJ7888008L,250053112,GAITHERSBURG,Property Damage Crash,11/26/2025 06:25:00 PM,Maryland (State) Route,FREDERICK RD,MONTGOMERY VILLAGE AVE (SB/L),Angle,Clear,Dry,Dark - Lighted,Traffic Control Signal,"Not Suspect of Alcohol Use, Not Suspect of Drug Use",No,No Apparent Injury,Not Distracted,MD,Passenger Car,35,2025,TOYOTA,CAMRY
EJ7833000S,15038780,GAITHERSBURG,Injury Crash,08-04-15 21:22,Maryland (State),GREAT SENECA HWY,KENTLANDS BLVD,HEAD ON LEFT TURN,CLOUDY,DRY,DARK LIGHTS ON,TRAFFIC SIGNAL,NONE DETECTED,Yes,SUSPECTED MINOR INJURY,NOT DISTRACTED,MD,PASSENGER CAR,25,2007,HOND,ACCORD
MCP2971002N,170504955,Montgomery County Police,Property Damage Crash,04/29/2017 04:32:00 PM,,,,STRAIGHT MOVEMENT ANGLE,CLEAR,,DAYLIGHT,NO CONTROLS,NONE DETECTED,Yes,NO APPARENT INJURY,LOOKED BUT DID NOT SEE,MD,(SPORT) UTILITY VEHICLE,10,2006,TOYT,SIENNA
MCP271700FX,180005687,Montgomery County Police,Property Damage Crash,02-02-18 11:30,Municipality,DUPONT AVE,CONNECTICUT AVE,SAME DIR REAR END,CLEAR,DRY,DAYLIGHT,NO CONTROLS,UNKNOWN,Yes,NO APPARENT INJURY,UNKNOWN,DC,PASSENGER CAR,25,2015,NISSAN,ALTIMA
MCP2812002F,170522153,Montgomery County Police,Property Damage Crash,07/31/2017 02:30:00 PM,,,,OTHER,CLEAR,,DAYLIGHT,NO CONTROLS,,No,NO APPARENT INJURY,NOT DISTRACTED,MD,PASSENGER CAR,15,2012,DODGE,CHARGER
MCP285900FX,240006679,MONTGOMERY,Injury Crash,02-10-24 13:20,Maryland (State) Route,GREAT SENECA HWY (SB/L),LAKELANDS DR LAKELANDS DR (NB/L),Angle,Cloudy,Dry,Daylight,Traffic Control Signal,"Not Suspect of Alcohol Use, Not Suspect of Drug Use",No,Possible Injury,Not Distracted,MD,Passenger Car,40,2015,NISSAN,ALTIMA
MCP3433000C,250019835,MONTGOMERY,Property Damage Crash,05-06-25 8:50,Crossover,,CLARKSBURG RD (SB/L),"Sideswipe, Same Direction",Cloudy,Dry,Daylight,Yield Sign,"Not Suspect of Alcohol Use, Not Suspect of Drug Use",No,No Apparent Injury,Not Distracted,MD,Passenger Car,25,2019,DODGE,CHARGER
MCP9311002V,200010104,Montgomery County Police,Injury Crash,02/29/2020 12:50:00 PM,Maryland (State),BRADLEY BLVD,VALLEY RD,STRAIGHT MOVEMENT ANGLE,CLEAR,DRY,DAYLIGHT,NO CONTROLS,NONE DETECTED,No,POSSIBLE INJURY,NOT DISTRACTED,DC,PASSENGER CAR,35,2019,ACURA,101
EJ79160012,250048845,GAITHERSBURG,Property Damage Crash,10/31/2025 08:52:00 AM,Municipality Route,KENT GARDENS CIR,,Angle,Clear,Dry,Daylight,Stop Sign,"Not Suspect of Alcohol Use, Not Suspect of Drug Use",No,No Apparent Injury,Not Distracted,MD,Bus - School,30,2024,FREIGHTLINER,B2 BUS CHASSIS
MCP2863002K,220050388,Montgomery County Police,Injury Crash,11/14/2022 07:55:00 PM,County,LOST KNIFE RD,CONTOUR RD,,CLEAR,DRY,DARK -- UNKNOWN LIGHTING,STOP SIGN,NONE DETECTED,Yes,NO APPARENT INJURY,LOOKED BUT DID NOT SEE,MD,PASSENGER CAR,30,2009,TOYOTA,PRIUS
EJ78840030,210041670,Gaithersburg Police Depar,Injury Crash,10/17/2021 02:51:00 PM,Maryland (State),CLOPPER RD,LONGDRAFT RD,STRAIGHT MOVEMENT ANGLE,CLEAR,DRY,DAYLIGHT,TRAFFIC SIGNAL,NONE DETECTED,Yes,NO APPARENT INJURY,LOOKED BUT DID NOT SEE,NJ,PASSENGER CAR,40,2018,HYUNDAI,ELANTRA
MCP22910089,250004672,MONTGOMERY,Property Damage Crash,02-01-25 13:02,Maryland (State) Route,,BURNING TREE RD,Angle,Clear,Dry,Daylight,Stop Sign,"Not Suspect of Alcohol Use, Not Suspect of Drug Use",Yes,No Apparent Injury,Not Distracted,MD,Sport Utility Vehicle,35,2025,VOLVO,XC90
MCP2952002Z,17003055,Montgomery County Police,Injury Crash,01/18/2017 10:39:00 AM,Maryland (State),GEORGIA AVE,BALLARD ST,SAME DIR REAR END,CLEAR,DRY,DAYLIGHT,NO CONTROLS,NONE DETECTED,No,POSSIBLE INJURY,NOT DISTRACTED,DC,PASSENGER CAR,35,2009,HONDA,ACCORD
MCP91340009,16001268,Montgomery County Police,Property Damage Crash,01-07-16 23:02,Maryland (State),16TH ST,COLESVILLE RD,STRAIGHT MOVEMENT ANGLE,FOGGY,WET,DARK LIGHTS ON,YIELD SIGN,NONE DETECTED,Yes,NO APPARENT INJURY,NOT DISTRACTED,VA,(SPORT) UTILITY VEHICLE,35,2014,DODGE,DURANGO
MCP3296002H,240034314,MONTGOMERY,Injury Crash,07/20/2024 04:51:00 PM,Ramp,RAMP 8 FR US 29 SB TO DUSTIN RD,,Front to Rear,Rain,Wet,Daylight,Yield Sign,"Not Suspect of Alcohol Use, Not Suspect of Drug Use",Yes,No Apparent Injury,Not Distracted,MD,Sport Utility Vehicle,30,2013,BMW,X5
MCP25390028,230002968,Montgomery County Police,Property Damage Crash,01/18/2023 09:20:00 PM,Maryland (State),WISCONSIN AVE,BRADLEY LA,SAME DIRECTION SIDESWIPE,CLEAR,DRY,DARK LIGHTS ON,TRAFFIC SIGNAL,UNKNOWN,Yes,NO APPARENT INJURY,UNKNOWN,,,35,0,UNKNOWN,UNKNOWN
MCP31620018,180059574,Montgomery County Police,Property Damage Crash,11/28/2018 08:15:00 PM,Maryland (State),UNIVERSITY BLVD E,ENT TO EASTERN MIDDLE SCHOOL,SAME DIR REAR END,OTHER,ICE,DARK LIGHTS ON,NO CONTROLS,NONE DETECTED,No,NO APPARENT INJURY,NOT DISTRACTED,MD,PASSENGER CAR,40,1998,ISUZ,TK
MCP28700014,15051373,MONTGOMERY,Property Damage Crash,10-09-15 0:23,Maryland (State),NEW HAMPSHIRE AVE,RAMP 6 FR IS 495 EB TO MD 650 SB,SAME DIR REAR END,CLEAR,DRY,DARK LIGHTS ON,NO CONTROLS,,No,NO APPARENT INJURY,NOT DISTRACTED,MD,PASSENGER CAR,40,2015,TOY,COROLLA
HA2414000J,17000294,Maryland-National Capital,Property Damage Crash,03/17/2017 05:00:00 PM,Government,BEACH DR,OLD SPRING RD,OTHER,CLOUDY,WET,DAYLIGHT,NO CONTROLS,NONE DETECTED,No,NO APPARENT INJURY,NOT DISTRACTED,MD,(SPORT) UTILITY VEHICLE,25,2008,HOND,PILOT
DD561500B6,210020012,Rockville Police Departme,Property Damage Crash,05/27/2021 07:00:00 AM,Maryland (State),W MONTGOMERY AVE,HURLEY AVE,STRAIGHT MOVEMENT ANGLE,,DRY,DAYLIGHT,TRAFFIC SIGNAL,NONE DETECTED,No,NO APPARENT INJURY,NOT DISTRACTED,MD,PASSENGER CAR,40,2014,HONDA,ACCORD
MCP2209001N,16051723,Montgomery County Police,Property Damage Crash,10-08-16 3:43,Interstate (State),EISENHOWER MEMORIAL HWY,GROSVENOR LA,SAME DIRECTION SIDESWIPE,CLEAR,DRY,DARK NO LIGHTS,NO CONTROLS,NONE DETECTED,No,NO APPARENT INJURY,NOT DISTRACTED,DC,PASSENGER CAR,55,2016,TOYOTA,RAV4
MCP263900B9,200048812,Montgomery County Police,Property Damage Crash,12-11-20 12:12,Maryland (State),GEORGIA AVE,VEIRS MILL RD,SAME DIR REAR END,CLEAR,DRY,DAYLIGHT,TRAFFIC SIGNAL,NONE DETECTED,No,NO APPARENT INJURY,NOT DISTRACTED,MD,PASSENGER CAR,25,2011,TOYOTA,COROLLA
MCP2891001D,15047641,MONTGOMERY,Property Damage Crash,09/20/2015 08:10:00 AM,Maryland (State),GEORGIA AVE,RAMP 2 FR IS 495 WB TO MD 97 NB,STRAIGHT MOVEMENT ANGLE,CLEAR,DRY,DAYLIGHT,TRAFFIC SIGNAL,NONE DETECTED,No,NO APPARENT INJURY,NOT DISTRACTED,MD,PASSENGER CAR,35,1995,TOYOTA,TACOMA
MCP2939001T,170526118,Montgomery County Police,Injury Crash,08/21/2017 09:38:00 PM,Maryland (State),FREDERICK RD,SHAKESPEARE BLVD,SAME DIR REAR END,CLEAR,DRY,DARK LIGHTS ON,NO CONTROLS,NONE DETECTED,No,NO APPARENT INJURY,NOT DISTRACTED,MD,PASSENGER CAR,45,2000,DODGE,CARAVAN
MCP32000013,190060058,Montgomery County Police,Property Damage Crash,12/13/2019 09:44:00 AM,Maryland (State),OLD GEORGETOWN RD,LINCOLN ST,HEAD ON LEFT TURN,RAINING,WET,DAYLIGHT,TRAFFIC SIGNAL,NONE DETECTED,No,NO APPARENT INJURY,NOT DISTRACTED,DC,PASSENGER CAR,40,2015,KIA,FORTE
MCP2684000K,15026223,Montgomery County Police,Property Damage Crash,05/31/2015 12:30:00 AM,Maryland (State),EAST WEST HWY,BLAIR MILL RD,SAME DIRECTION LEFT TURN,CLEAR,DRY,DARK LIGHTS ON,NO CONTROLS,,Yes,NO APPARENT INJURY,LOOKED BUT DID NOT SEE,MD,POLICE VEHICLE/NON EMERGENCY,30,2007,FORD,CROWN VIC
MCP32790029,230029855,Montgomery County Police,Injury Crash,06/21/2023 08:22:00 PM,Maryland (State),VEIRS MILL RD,CONNECTICUT AVE,SAME DIR REAR END,RAINING,WET,DAYLIGHT,TRAFFIC SIGNAL,,Yes,NO APPARENT INJURY,UNKNOWN,MD,PASSENGER CAR,40,2012,NISSAN,SENTRA
EJ7833003Y,170527903,Gaithersburg Police Depar,Property Damage Crash,08/31/2017 01:30:00 AM,Municipality,W DEER PARK RD,MUDDY BRANCH RD,SAME DIR REAR END,CLOUDY,DRY,DARK LIGHTS ON,TRAFFIC SIGNAL,UNKNOWN,Yes,NO APPARENT INJURY,UNKNOWN,,,25,0,UNKNOWN,UNKNOWN
MCP2256000R,16014692,MONTGOMERY,Property Damage Crash,03/25/2016 12:54:00 PM,Maryland (State),CLOPPER RD,RICHTER FARM RD,OTHER,CLOUDY,DRY,DAYLIGHT,STOP SIGN,NONE DETECTED,Yes,NO APPARENT INJURY,NOT DISTRACTED,MD,PASSENGER CAR,35,2015,NISSAN,ALTIMA
MCP3280002S,220051204,Montgomery County Police,Injury Crash,11/19/2022 01:56:00 PM,US (State),COLUMBIA PIKE,FAIRLAND RD,STRAIGHT MOVEMENT ANGLE,CLEAR,DRY,DAYLIGHT,TRAFFIC SIGNAL,NONE DETECTED,No,NO APPARENT INJURY,NOT DISTRACTED,MD,PASSENGER CAR,40,2015,NISSAN,ROGUE
MCP32550055,240009398,MONTGOMERY,Injury Crash,02/26/2024 05:40:00 PM,County Route,WATKINS MILL RD,STEDWICK RD,Single Vehicle,Clear,Dry,Dusk,Pedestrian Crossing Sign,"Not Suspect of Alcohol Use, Not Suspect of Drug Use",Yes,No Apparent Injury,Unknown,MD,Sport Utility Vehicle,30,2017,HYUNDAI,SANTA FE
EJ78840076,250024980,GAITHERSBURG,Injury Crash,06-04-25 22:41,County Route,SAM EIG HWY (SB/L),,Front to Rear,Clear,Dry,Dark - Lighted,Traffic Control Signal,"Not Suspect of Alcohol Use, Not Suspect of Drug Use",No,Possible Injury,Not Distracted,MD,Sport Utility Vehicle,45,2009,BUICK,ENCLAVE
MCP2717008N,16061520,Montgomery County Police,Property Damage Crash,11/30/2016 05:45:00 PM,Maryland (State),STRATHMORE AVE,STILLWATER AVE,ANGLE MEETS LEFT TURN,RAINING,WET,DARK LIGHTS ON,STOP SIGN,NONE DETECTED,No,NO APPARENT INJURY,NOT DISTRACTED,MD,PASSENGER CAR,30,1998,NISSAN,ALTIMA
MCP9110000F,15038545,MONTGOMERY,Injury Crash,08-03-15 20:00,Maryland (State),GREAT SENECA HWY,MATENY RD,SAME DIR REAR END,CLEAR,DRY,DAYLIGHT,TRAFFIC SIGNAL,UNKNOWN,Yes,NO APPARENT INJURY,UNKNOWN,,PASSENGER CAR,50,2015,UNK,UNK
MCP2636000H,180004492,Montgomery County Police,Injury Crash,01/26/2018 03:42:00 PM,US (State),COLUMBIA PIKE,FAIRLAND RD,SAME DIR REAR END,CLEAR,DRY,DAYLIGHT,TRAFFIC SIGNAL,NONE DETECTED,Yes,POSSIBLE INJURY,NOT DISTRACTED,MD,PASSENGER CAR,50,2013,NISSAN,ALTIMA
MCP2608005J,240002021,MONTGOMERY,Property Damage Crash,01-12-24 22:31,,,,Rear To Side,Rain,,Dark - Lighted,No Controls,"Unknown, Unknown",Yes,No Apparent Injury,Unknown,MD,Passenger Car,10,2017,CHEVROLET,SILVERADO
MCP14250009,170528308,Montgomery County Police,Property Damage Crash,09-02-17 11:28,Maryland (State),FALLS RD,BELLS MILL RD,STRAIGHT MOVEMENT ANGLE,RAINING,WET,DAYLIGHT,TRAFFIC SIGNAL,,No,NO APPARENT INJURY,NOT DISTRACTED,MD,(SPORT) UTILITY VEHICLE,30,2003,TOYOTA,HIGHLANDER
MCP2651001N,170535586,Montgomery County Police,Property Damage Crash,10-09-17 8:20,Maryland (State),NEW HAMPSHIRE AVE,OAKVIEW DR,SAME DIR REAR END,RAINING,WET,DAYLIGHT,,NONE DETECTED,No,NO APPARENT INJURY,NOT DISTRACTED,MD,PASSENGER CAR,40,2016,TOYT,CAMRY
MCP06130018,190009304,Montgomery County Police,Injury Crash,02/27/2019 10:58:00 AM,Maryland (State),GEORGIA AVE,GOLD MINE RD,SAME DIRECTION LEFT TURN,CLEAR,DRY,DAYLIGHT,,NONE DETECTED,Yes,POSSIBLE INJURY,NOT DISTRACTED,MD,PASSENGER CAR,40,2008,ACURA,TSX
MCP3071001L,200025200,Montgomery County Police,Property Damage Crash,06/28/2020 09:59:00 PM,County,CENTURY BLVD,MIDDLEBROOK RD,HEAD ON LEFT TURN,CLEAR,DRY,DARK LIGHTS ON,,NONE DETECTED,Unknown,NO APPARENT INJURY,LOOKED BUT DID NOT SEE,PA,PASSENGER CAR,35,2008,LEXUS,4D
MCP3228001K,210019506,Montgomery County Police,Property Damage Crash,05/23/2021 05:00:00 PM,US (State),GEORGIA AVE,BURLINGTON AVE,SAME DIRECTION SIDESWIPE,CLEAR,DRY,DAYLIGHT,NO CONTROLS,UNKNOWN,Yes,NO APPARENT INJURY,UNKNOWN,,PASSENGER CAR,30,2019,HYUNDAI,SUV
MCP33620034,240018051,MONTGOMERY,Property Damage Crash,04/18/2024 08:02:00 AM,Maryland (State) Route,,NO NAME,Angle,Clear,Dry,Daylight,Other Warning Sign,"Not Suspect of Alcohol Use, Not Suspect of Drug Use",No,No Apparent Injury,Not Distracted,NY,Passenger Car,25,2007,BMW,X3
MCP1210000M,15027480,Montgomery County Police,Injury Crash,06-06-15 21:41,County,AIRPARK RD,MUNCASTER MILL RD,SAME DIR REAR END,CLEAR,DRY,DARK LIGHTS ON,TRAFFIC SIGNAL,NONE DETECTED,No,SUSPECTED MINOR INJURY,NOT DISTRACTED,MD,PASSENGER CAR,50,2003,JAGUAR,XTYPE
MCP2783005Y,240041273,MONTGOMERY,Property Damage Crash,08/31/2024 03:00:00 PM,County Route,NICHOLSON LA,BOILING BROOK PKWY PARKLAWN DR,"Sideswipe, Same Direction",Clear,Dry,Daylight,Traffic Control Signal,"Not Suspect of Alcohol Use, Not Suspect of Drug Use",No,No Apparent Injury,Not Distracted,MD,Passenger Car,35,2019,TOYOTA,HIGHLANDER
MCP3009001T,190049025,Montgomery County Police,Property Damage Crash,10-12-19 11:30,County,RIDGE RD,OBSERVATION DR,SAME DIR REAR END,CLEAR,DRY,DAYLIGHT,TRAFFIC SIGNAL,,Yes,NO APPARENT INJURY,OTHER DISTRACTION,MD,PASSENGER CAR,35,2017,HONDA,4S
MCP204600B6,190040768,Montgomery County Police,Property Damage Crash,08/26/2019 07:34:00 AM,County,BRIGGS CHANEY RD,ROBEY RD,STRAIGHT MOVEMENT ANGLE,CLEAR,DRY,DAYLIGHT,STOP SIGN,NONE DETECTED,Yes,NO APPARENT INJURY,NOT DISTRACTED,MD,PASSENGER CAR,35,2016,KIA,OPTIMA
DD5671000Q,240052690,ROCKVILLE,Property Damage Crash,11-02-24 15:45,Municipality Route,,,Angle,Clear,Dry,Daylight,Flashing Traffic Control Signal,"Not Suspect of Alcohol Use, Not Suspect of Drug Use",No,No Apparent Injury,Unknown,MD,Passenger Car,35,2022,HYUNDAI,ELANTRA
MCP3301000T,210047952,Montgomery County Police,Property Damage Crash,11/25/2021 06:17:00 PM,Interstate (State),CAPITAL BELTWAY,EXIT #31,SAME DIR REAR END,CLEAR,DRY,DARK LIGHTS ON,NO CONTROLS,NONE DETECTED,Yes,NO APPARENT INJURY,UNKNOWN,VA,PASSENGER CAR,55,2007,TOYOTA,COROLLA
DD55270059,250002376,ROCKVILLE,Property Damage Crash,01/17/2025 03:20:00 PM,,,,Single Vehicle,Clear,,Daylight,,"Not Suspect of Alcohol Use, Not Suspect of Drug Use",No,No Apparent Injury,Not Distracted,MD,Bus - Transit,0,2010,MOTOR COACH INDUSTRI,J4500
MCP28750071,230016667,Montgomery County Police,Property Damage Crash,04-07-23 16:59,Maryland (State),DAMASCUS RD,MULLINIX MILL RD,SAME DIRECTION SIDESWIPE,CLOUDY,DRY,DAYLIGHT,NO CONTROLS,NONE DETECTED,Yes,NO APPARENT INJURY,UNKNOWN,VA,PASSENGER CAR,50,2019,LAMBORGHINI,AVENTADOR
MCP3040008L,250045764,MONTGOMERY,Injury Crash,10-11-25 18:30,Maryland (State) Route,GEORGIA AVE (SB/L),,Angle,Clear,Dry,Dark - Lighted,Traffic Control Signal,"Not Suspect of Alcohol Use, Not Suspect of Drug Use",No,Suspected Minor Injury,Not Distracted,MD,Passenger Car,30,2018,HONDA,CR-V
MCP26660053,210027465,Montgomery County Police,Property Damage Crash,07/16/2021 08:45:00 AM,Maryland (State),UNIVERSITY BLVD E,PINEY BRANCH RD,SAME DIRECTION SIDESWIPE,CLEAR,DRY,DAYLIGHT,TRAFFIC SIGNAL,NONE DETECTED,No,NO APPARENT INJURY,NOT DISTRACTED,MD,PASSENGER CAR,35,2020,TESLA,MODEL X
DD56350022,190058684,Rockville Police Departme,Property Damage Crash,12-05-19 17:46,Maryland (State),W MONTGOMERY AVE,FOREST AVE,SAME DIR REAR END,,DRY,DARK LIGHTS ON,NO CONTROLS,NONE DETECTED,Yes,NO APPARENT INJURY,UNKNOWN,MD,PASSENGER CAR,30,2013,AUDI,4S
MCP2094006L,16033094,Montgomery County Police,Injury Crash,06/30/2016 12:07:00 PM,Maryland (State),CONNECTICUT AVE,HOWARD AVE,SAME DIR REAR END,CLEAR,DRY,DAYLIGHT,NO CONTROLS,NONE DETECTED,Yes,NO APPARENT INJURY,NOT DISTRACTED,MD,(SPORT) UTILITY VEHICLE,35,2002,SUBARU,OUTBACK
MCP2816004M,250032061,MONTGOMERY,Property Damage Crash,07/18/2025 09:25:00 AM,County Route,MONTROSE RD,,Front to Rear,Clear,Dry,Daylight,Traffic Control Signal,"Not Suspect of Alcohol Use, Suspect of Drug Use",Yes,No Apparent Injury,Not Distracted,MD,Passenger Car,45,2008,CADILLAC,CTS
MCP3298001B,220030775,Montgomery County Police,Injury Crash,07/18/2022 03:47:00 AM,US (State),COLESVILLE RD,FENTON ST,STRAIGHT MOVEMENT ANGLE,CLEAR,DRY,DARK LIGHTS ON,FLASHING TRAFFIC SIGNAL,NONE DETECTED,No,NO APPARENT INJURY,NOT DISTRACTED,MD,PASSENGER CAR,35,2014,HONDA,ACCORD
MCP3034003T,190051989,Montgomery County Police,Property Damage Crash,10/29/2019 08:32:00 AM,County,MACARTHUR BLVD,SANGAMORE RD,SAME DIRECTION SIDESWIPE,CLEAR,DRY,DAYLIGHT,NO CONTROLS,NONE DETECTED,No,NO APPARENT INJURY,NOT DISTRACTED,MD,PASSENGER CAR,30,2018,CHEV,CRUZE
MCP2855003T,200046461,Montgomery County Police,Property Damage Crash,11/24/2020 05:00:00 PM,Maryland (State),GEORGIA AVE,FOREST GLEN RD,SAME DIRECTION SIDESWIPE,CLEAR,DRY,DARK LIGHTS ON,TRAFFIC SIGNAL,NONE DETECTED,No,NO APPARENT INJURY,NOT DISTRACTED,MD,PASSENGER CAR,35,2014,HOND,VN
MCP0617007D,250051450,MONTGOMERY,Injury Crash,11/17/2025 06:20:00 AM,Maryland (State) Route,LAYHILL RD,,Single Vehicle,Clear,Dry,Dark - Not Lighted,No Controls,"Not Suspect of Alcohol Use, Not Suspect of Drug Use",No,No Apparent Injury,Not Distracted,MD,Passenger Car,40,2011,SUBARU,OUTBACK
MCP3085000M,170533663,Montgomery County Police,Property Damage Crash,09/28/2017 03:53:00 PM,Maryland (State),STRATHMORE AVE,MONTROSE AVE,SAME DIR REAR END,CLEAR,DRY,DAYLIGHT,OTHER,NONE DETECTED,Yes,NO APPARENT INJURY,NOT DISTRACTED,MD,PASSENGER CAR,30,2011,TOYOTA,COROLLA
MCP28320055,190038636,Montgomery County Police,Property Damage Crash,08/13/2019 01:30:00 PM,County,RANDOLPH RD,R/R #CSX 140 494 G,STRAIGHT MOVEMENT ANGLE,CLOUDY,DRY,DAYLIGHT,NO CONTROLS,NONE DETECTED,Yes,NO APPARENT INJURY,NOT DISTRACTED,VA,PASSENGER CAR,30,2005,HONDA,ODYSSEY
MCP2974001Z,180056379,Montgomery County Police,Property Damage Crash,11-09-18 21:12,Maryland (State),UNIVERSITY BLVD E,COLESVILLE RD,SAME DIR REAR END,RAINING,WET,DARK LIGHTS ON,,NONE DETECTED,Unknown,NO APPARENT INJURY,NOT DISTRACTED,VA,PASSENGER CAR,35,2016,LEXUS,4S
MCP158000DH,200048615,Montgomery County Police,Property Damage Crash,12-10-20 9:25,County,AIRPARK RD,SPUR FR MD 124,SAME DIRECTION LEFT TURN,CLEAR,DRY,DAYLIGHT,NO CONTROLS,NONE DETECTED,Yes,NO APPARENT INJURY,UNKNOWN,MD,"CARGO VAN/LIGHT TRUCK 2 AXLES (OVER 10,000LBS (4,536 KG))",50,1995,INT,ARMORED TK
MCP2878002K,17007941,Montgomery County Police,Property Damage Crash,02/13/2017 08:41:00 PM,County,RIDGE RD,OBSERVATION DR,SAME DIR REAR END,CLEAR,DRY,DARK LIGHTS ON,TRAFFIC SIGNAL,NONE DETECTED,No,NO APPARENT INJURY,NOT DISTRACTED,MD,PASSENGER CAR,40,2015,NISSAN,ALTIMA
MCP2437003R,190050766,Montgomery County Police,Property Damage Crash,10/22/2019 05:28:00 PM,Maryland (State),GEORGIA AVE,HEWITT AVE,SAME DIRECTION RIGHT TURN,RAINING,WET,DAYLIGHT,TRAFFIC SIGNAL,UNKNOWN,Yes,NO APPARENT INJURY,UNKNOWN,,,35,0,UNKNOWN,UNKNOWN
EJ7858007G,220055075,Gaithersburg Police Depar,Injury Crash,12/13/2022 08:21:00 AM,Maryland (State),S FREDERICK RD,EDUCATION BLVD,SAME DIRECTION RIGHT TURN,CLEAR,DRY,DAYLIGHT,NO CONTROLS,NONE DETECTED,Yes,SUSPECTED MINOR INJURY,NOT DISTRACTED,MD,PASSENGER CAR,35,2007,TOYOTA,PRIUS
MCP2886001L,16026787,Montgomery County Police,Injury Crash,05/29/2016 03:03:00 PM,Maryland (State),CONNECTICUT AVE,WELLER RD,SINGLE VEHICLE,CLEAR,DRY,DAYLIGHT,,NONE DETECTED,Yes,NO APPARENT INJURY,UNKNOWN,MD,PASSENGER CAR,50,2007,HONDA,CIVIC
MCP2160000K,17004787,Montgomery County Police,Injury Crash,01/27/2017 06:23:00 PM,Maryland (State),MUNCASTER MILL RD,BOWIE MILL RD,HEAD ON LEFT TURN,CLEAR,DRY,DARK LIGHTS ON,TRAFFIC SIGNAL,NONE DETECTED,No,NO APPARENT INJURY,NOT DISTRACTED,MD,PASSENGER CAR,35,2004,KIA,AMANTI
MCP2969002H,16048966,Montgomery County Police,Property Damage Crash,09/23/2016 02:50:00 PM,Maryland (State),OLNEY SANDY SPRING RD,BENTLEY RD,SAME DIR REAR END,,DRY,DAYLIGHT,NO CONTROLS,NONE DETECTED,Yes,NO APPARENT INJURY,UNKNOWN,MD,(SPORT) UTILITY VEHICLE,30,2001,CHEVROLET,TAHOE