Report Number,Local Case Number,Agency Name,ACRS Report Type,Crash Date/Time,Route Type,Road Name,Cross-Street Name,Collision Type,Weather,Surface Condition,Light,Traffic Control,Driver Substance Abuse,Driver At Fault,Injury Severity,Driver Distracted By,Drivers License State,Vehicle Body Type,Speed Limit,Vehicle Year,Vehicle Make,Vehicle Model
MCP26310008,15007123,Montgomery County Police,Property Damage Crash,02-12-15 12:17,Maryland (State),WISCONSIN AVE,CHELTENHAM DR,OTHER,CLOUDY,DRY,DAYLIGHT,,NONE DETECTED,Yes,NO APPARENT INJURY,UNKNOWN,MD,"OTHER LIGHT TRUCKS (10,000LBS (4,536KG) OR LESS)",25,2012,GMC,SAVANA
MCP1472000R,17010679,Montgomery County Police,Injury Crash,02/28/2017 11:04:00 AM,Maryland (State),GERMANTOWN RD,EISENHOWER MEMORIAL HWY,SAME DIR REAR END,CLEAR,DRY,DAYLIGHT,TRAFFIC SIGNAL,,No,SUSPECTED MINOR INJURY,NOT DISTRACTED,MD,PASSENGER CAR,40,2003,FORD,FOCUS
MCP1564000P,15036945,MONTGOMERY,Property Damage Crash,07/26/2015 02:18:00 PM,Maryland (State),GEORGIA AVE,QUEEN ELIZABETH DR,STRAIGHT MOVEMENT ANGLE,CLEAR,DRY,DAYLIGHT,TRAFFIC SIGNAL,NONE DETECTED,No,NO APPARENT INJURY,NOT DISTRACTED,MD,PASSENGER CAR,30,2006,HYUN,TK
MCP33300022,240015841,MONTGOMERY,Property Damage Crash,04-05-24 6:45,Maryland (State) Route,GEORGIA AVE (SB/L),UNIVERSITY BLVD W,Single Vehicle,Clear,Dry,Daylight,Traffic Control Signal,"Unknown, Unknown",No,No Apparent Injury,Unknown,,Unknown,35,0,,
EJ7879001N,210028450,Gaithersburg Police Depar,Injury Crash,07/22/2021 08:58:00 PM,Municipality,CEDAR AVE,W DEER PARK RD,SAME DIRECTION SIDESWIPE,CLEAR,DRY,DARK LIGHTS ON,NO CONTROLS,NONE DETECTED,Yes,NO APPARENT INJURY,LOOKED BUT DID NOT SEE,MD,PASSENGER CAR,25,2018,HONDA,4S
MCP2286002K,190040844,Montgomery County Police,Property Damage Crash,08/26/2019 03:20:00 PM,Maryland (State),FREDERICK RD,RIDGEMONT AVE,SAME DIRECTION SIDESWIPE,CLEAR,DRY,DAYLIGHT,TRAFFIC SIGNAL,NONE DETECTED,No,NO APPARENT INJURY,LOOKED BUT DID NOT SEE,MD,TRANSIT BUS,40,2008,GILL,BUS
MCP137800ZS,210050826,Montgomery County Police,Property Damage Crash,12/14/2021 01:26:00 PM,County,MONTROSE AVE,KENILWORTH AVE,SAME DIRECTION SIDESWIPE,CLEAR,DRY,DAYLIGHT,NO CONTROLS,NONE DETECTED,Yes,NO APPARENT INJURY,NOT DISTRACTED,MD,TRANSIT BUS,25,2013,GILLIG,BUS
MCP1174003B,180062638,Montgomery County Police,Property Damage Crash,12/14/2018 06:53:00 PM,Maryland (State),ROCKVILLE PIKE,JONES BRIDGE RD,SAME DIRECTION SIDESWIPE,RAINING,WET,DARK LIGHTS ON,NO CONTROLS,NONE DETECTED,No,NO APPARENT INJURY,NOT DISTRACTED,MD,PASSENGER CAR,25,2018,TOYOTA,SUV
MCP2512002S,170515614,Montgomery County Police,Property Damage Crash,06/24/2017 07:31:00 PM,County,WASHINGTONIAN BLVD,RAMP 6 FR SAM EIG HWY TO WASH. BLVD,STRAIGHT MOVEMENT ANGLE,CLEAR,DRY,DAYLIGHT,TRAFFIC SIGNAL,NONE DETECTED,No,NO APPARENT INJURY,NOT DISTRACTED,MD,PASSENGER CAR,30,2001,TOYOTA,COROLLA
MCP2857002S,190024696,Montgomery County Police,Injury Crash,05/24/2019 12:18:00 PM,County,GAME PRESERVE RD,EISENHOWER MEMORIAL HWY,OPPOSITE DIRECTION SIDESWIPE,CLEAR,DRY,DAYLIGHT,NO CONTROLS,NONE DETECTED,No,SUSPECTED MINOR INJURY,NOT DISTRACTED,MD,PASSENGER CAR,25,2015,DODGE,CHARGER
MCP2970001J,16015097,MONTGOMERY,Property Damage Crash,03/28/2016 07:55:00 AM,Maryland (State),UNIVERSITY BLVD W,REEDIE DR,SAME DIR REAR END,RAINING,WET,DAYLIGHT,FLASHING TRAFFIC SIGNAL,,No,NO APPARENT INJURY,NOT DISTRACTED,MD,PASSENGER CAR,40,2001,FORD,E-250
MCP1475000Q,16015424,Montgomery County Police,Injury Crash,03/29/2016 06:00:00 PM,,,,OTHER,CLEAR,,DAYLIGHT,,NONE DETECTED,No,NO APPARENT INJURY,NOT DISTRACTED,MD,PASSENGER CAR,0,2002,TOYOTA,COROLLA
DD55390024,190000733,Rockville Police Departme,Injury Crash,01-05-19 0:50,Maryland (State),ROCKVILLE PIKE,W EDMONSTON DR,STRAIGHT MOVEMENT ANGLE,RAINING,WET,DARK LIGHTS ON,TRAFFIC SIGNAL,NONE DETECTED,No,NO APPARENT INJURY,UNKNOWN,MD,PASSENGER CAR,40,2012,TOYOTA,PRIUS
MCP24720026,16061210,Montgomery County Police,Injury Crash,11/29/2016 11:22:00 AM,County,MACARTHUR BLVD,ENT TO GOVT FACILITY,HEAD ON LEFT TURN,RAINING,WET,DAYLIGHT,NO CONTROLS,NONE DETECTED,Yes,NO APPARENT INJURY,NOT DISTRACTED,MD,PASSENGER CAR,30,2008,CHEVY,SILVERADO
MCP137800WY,210011108,Montgomery County Police,Property Damage Crash,03/24/2021 04:33:00 PM,Municipality,WASHINGTONIAN BLVD,RIO BLVD,SAME DIRECTION LEFT TURN,RAINING,WET,DAYLIGHT,YIELD SIGN,NONE DETECTED,Yes,NO APPARENT INJURY,NOT DISTRACTED,TX,PASSENGER CAR,30,2020,CHEVROLET,CAMARO
MCP2212001S,16041553,Montgomery County Police,Injury Crash,08/16/2016 12:59:00 PM,County,TECH RD,COLUMBIA PIKE,STRAIGHT MOVEMENT ANGLE,,,DAYLIGHT,STOP SIGN,NONE DETECTED,Yes,POSSIBLE INJURY,NOT DISTRACTED,MD,PASSENGER CAR,30,2013,TOYOTA,HYLANDER
MCP3059004F,190061666,Montgomery County Police,Injury Crash,12/22/2019 04:53:00 PM,County,ARCOLA AVE,NAIRN RD,SAME DIR REAR END,CLEAR,DRY,OTHER,NO CONTROLS,NONE DETECTED,No,NO APPARENT INJURY,NOT DISTRACTED,MD,PASSENGER CAR,30,2010,SUBARU,LEGACY
MCP2198001Y,16042147,Montgomery County Police,Property Damage Crash,08/19/2016 04:41:00 PM,County,SHADY GROVE RD,OAKMONT AVE,HEAD ON LEFT TURN,CLEAR,DRY,DAYLIGHT,TRAFFIC SIGNAL,,No,NO APPARENT INJURY,NOT DISTRACTED,MD,PASSENGER CAR,40,2015,HYUNDAI,ELANTRA
HA24500005,19000085,Maryland-National Capital,Property Damage Crash,01-10-19 5:19,Government,SLIGO CREEK PKWY,CHERRY AVE #2,SINGLE VEHICLE,CLEAR,DRY,DARK NO LIGHTS,OTHER,UNKNOWN,Yes,NO APPARENT INJURY,UNKNOWN,MD,PASSENGER CAR,25,2016,HYUN,4S
MCP3034004B,200045004,Montgomery County Police,Property Damage Crash,11/14/2020 01:30:00 PM,,,,SAME DIR REAR END,CLEAR,,DAYLIGHT,NO CONTROLS,UNKNOWN,Yes,NO APPARENT INJURY,UNKNOWN,,PASSENGER CAR,10,2012,HONDA,CIVIC
MCP2780008M,250021610,MONTGOMERY,Injury Crash,05/16/2025 11:10:00 AM,County Route,AIRCRAFT DR,,Front to Rear,Clear,Dry,Daylight,Stop Sign,"Not Suspect of Alcohol Use, Not Suspect of Drug Use",No,No Apparent Injury,Not Distracted,MD,Sport Utility Vehicle,40,2021,TOYOTA,RAV4
MCP2726001Q,17006121,Montgomery County Police,Injury Crash,02-04-17 9:49,Municipality,WOOTTON PKWY,SPUR FR TOWER OAKS BLVD,SAME DIR REAR END,CLEAR,DRY,DAYLIGHT,,,No,POSSIBLE INJURY,NOT DISTRACTED,MD,PASSENGER CAR,35,1997,VOLK,2S
EJ78290038,170527624,Gaithersburg Police Depar,Property Damage Crash,08/29/2017 06:00:00 PM,,,,OTHER,CLOUDY,,DAYLIGHT,NO CONTROLS,NONE DETECTED,No,NO APPARENT INJURY,NOT DISTRACTED,MD,PASSENGER CAR,25,2012,NISS,4S
MCP31140018,190016567,Montgomery County Police,Injury Crash,04-09-19 19:12,US (State),COLUMBIA PIKE,STEWART LA,SAME DIR REAR END,,,DAYLIGHT,TRAFFIC SIGNAL,,No,SUSPECTED MINOR INJURY,NOT DISTRACTED,MD,PASSENGER CAR,45,2009,HONDA,SUV
MCP3311000C,220005905,Montgomery County Police,Property Damage Crash,02-10-22 18:45,Maryland (State),RIVER RD,BEECH TREE RD,SAME DIR REAR END,CLEAR,DRY,DARK NO LIGHTS,TRAFFIC SIGNAL,NONE DETECTED,No,NO APPARENT INJURY,NOT DISTRACTED,MD,PASSENGER CAR,35,2014,TOYOTA,CAMRY
MCP1379004C,16044654,Montgomery County Police,Property Damage Crash,09-01-16 12:57,County,REEDIE DR,VEIRS MILL RD,SAME DIRECTION SIDESWIPE,CLOUDY,WET,DAYLIGHT,NO CONTROLS,NONE DETECTED,No,NO APPARENT INJURY,NOT DISTRACTED,MD,PASSENGER CAR,30,2015,HOND,CRV
MCP2286003P,210034817,Montgomery County Police,Property Damage Crash,09-05-21 11:40,County,SHADY GROVE RD,CHOKE CHERRY RD,SAME DIR REAR END,RAINING,WET,DAYLIGHT,TRAFFIC SIGNAL,NONE DETECTED,Yes,NO APPARENT INJURY,LOOKED BUT DID NOT SEE,MD,PASSENGER CAR,40,2017,TOYOTA,CELICA
MCP23510030,190025032,Montgomery County Police,Property Damage Crash,05/26/2019 09:47:00 AM,County,BOU AVE,CHAPMAN AVE,STRAIGHT MOVEMENT ANGLE,CLEAR,DRY,DAYLIGHT,TRAFFIC SIGNAL,NONE DETECTED,No,NO APPARENT INJURY,NOT DISTRACTED,MD,PASSENGER CAR,30,2009,TOYOTA,TK
MCP26650014,15036618,MONTGOMERY,Property Damage Crash,07/24/2015 06:43:00 PM,Maryland (State),OLD GEORGETOWN RD,SPUR TO MD 355,SAME DIRECTION SIDESWIPE,CLEAR,DRY,DAYLIGHT,YIELD SIGN,,Yes,NO APPARENT INJURY,LOOKED BUT DID NOT SEE,MD,TRANSIT BUS,40,2002,ORION,HIGH FLOOR
DD5527002G,190038669,Rockville Police Departme,Property Damage Crash,08/13/2019 04:50:00 PM,Municipality,E MIDDLE LA,N WASHINGTON ST,STRAIGHT MOVEMENT ANGLE,CLEAR,DRY,DAYLIGHT,TRAFFIC SIGNAL,NONE DETECTED,No,NO APPARENT INJURY,NOT DISTRACTED,MD,PASSENGER CAR,30,2012,NISS,SU
MCP2961004J,250006746,MONTGOMERY,Property Damage Crash,02/15/2025 12:15:00 AM,County Route,CONNECTICUT AVE,,Angle,Clear,Dry,Dark - Lighted,Traffic Control Signal,"Not Suspect of Alcohol Use, Not Suspect of Drug Use",No,No Apparent Injury,Unknown,MD,Passenger Car,35,2021,HONDA,CIVIC
MCP2881002W,180011724,Montgomery County Police,Injury Crash,03-08-18 11:05,Maryland (State),GERMANTOWN RD,AIRCRAFT DR,SAME DIR REAR END,CLEAR,,DAYLIGHT,TRAFFIC SIGNAL,,No,POSSIBLE INJURY,NOT DISTRACTED,MD,PASSENGER CAR,40,2005,CHRY,CN
MCP29860012,16045092,Montgomery County Police,Property Damage Crash,09-03-16 11:45,Maryland (State),NEW HAMPSHIRE AVE,THOMAS DR,SAME DIR REAR END,,DRY,DAYLIGHT,OTHER,NONE DETECTED,No,NO APPARENT INJURY,NOT DISTRACTED,MD,PASSENGER CAR,40,2004,LEXUS,ES330
MCP3113007S,250054347,MONTGOMERY,Property Damage Crash,12-04-25 18:36,US (State),COLUMBIA PIKE (SB/L),,Front to Rear,Clear,Dry,Dark - Lighted,Traffic Control Signal,"Unknown, Unknown",No,,,,Passenger Car,40,2023,FORD,TRANSIT
MCP94170019,16030840,Montgomery County Police,Property Damage Crash,06/18/2016 11:31:00 AM,,,,STRAIGHT MOVEMENT ANGLE,CLEAR,,DAYLIGHT,NO CONTROLS,NONE DETECTED,Yes,NO APPARENT INJURY,LOOKED BUT DID NOT SEE,MD,RECREATIONAL VEHICLE,0,2014,CHEVY,TAHOE
MCP25450012,220047308,Montgomery County Police,Property Damage Crash,10/28/2022 07:40:00 AM,Maryland (State),VEIRS MILL RD,SCHOOLHOUSE CIR,SAME DIR REAR END,CLEAR,DRY,DAYLIGHT,NO CONTROLS,NONE DETECTED,No,NO APPARENT INJURY,NOT DISTRACTED,MD,PASSENGER CAR,35,2010,BMW,4D
MCP27320013,180011821,Montgomery County Police,Property Damage Crash,03-08-18 19:25,Municipality,WOOTTON PKWY,TOWER OAKS BLVD,SAME DIR REAR END,CLEAR,DRY,DARK LIGHTS ON,TRAFFIC SIGNAL,NONE DETECTED,No,NO APPARENT INJURY,NOT DISTRACTED,MD,PASSENGER CAR,40,2006,ACURA,MDX
MCP29310014,16004018,Montgomery County Police,Property Damage Crash,01/22/2016 04:27:00 PM,,,,OTHER,BLOWING SNOW,,DUSK,NO CONTROLS,,Yes,NO APPARENT INJURY,LOOKED BUT DID NOT SEE,MD,PICKUP TRUCK,5,2002,FORD,TK
MCP3093004D,220055781,Montgomery County Police,Property Damage Crash,12/16/2022 05:03:00 PM,Maryland (State),EAST WEST HWY,16TH ST,STRAIGHT MOVEMENT ANGLE,CLEAR,DRY,DARK LIGHTS ON,,,Yes,NO APPARENT INJURY,UNKNOWN,,PICKUP TRUCK,35,2000,FORD,TK
MCP32290021,240020287,MONTGOMERY,Injury Crash,05-01-24 10:45,Maryland (State) Route,WISCONSIN AVE,,Front to Rear,Clear,Dry,Daylight,No Controls,"Not Suspect of Alcohol Use, Not Suspect of Drug Use",No,No Apparent Injury,Not Distracted,MD,Pickup,30,2020,FORD,F-350
MCP3386000Z,240026845,MONTGOMERY,Injury Crash,06-05-24 19:40,Maryland (State) Route,WISCONSIN AVE,,Front to Rear,Cloudy,Dry,Daylight,Traffic Control Signal,"Not Suspect of Alcohol Use, Not Suspect of Drug Use",No,Possible Injury,Not Distracted,MD,Passenger Car,25,2008,TOYOTA,PRIUS
EJ78750042,230064031,Gaithersburg Police Depar,Property Damage Crash,11-02-23 16:32,,E DIAMOND AVENUE,N SUMMIT AVENUE,SAME DIR REAR END,CLEAR,DRY,DAYLIGHT,TRAFFIC SIGNAL,,No,NO APPARENT INJURY,NOT DISTRACTED,CA,PASSENGER CAR,25,2019,HONDA,HR-V
MCP29660071,230071958,Montgomery County Police,Property Damage Crash,12/15/2023 05:40:00 PM,Maryland (State),GERMANTOWN RD,GOLDENROD LA,SAME DIR REAR END,,,,NO CONTROLS,NONE DETECTED,Yes,NO APPARENT INJURY,NOT DISTRACTED,MD,PASSENGER CAR,45,2015,TOYOTA,COROLLA
MCP1099002H,190016637,Montgomery County Police,Property Damage Crash,04-10-19 7:25,Maryland (State),WOODFIELD RD,FLOWER HILL WAY,SAME DIRECTION RIGHT TURN,CLEAR,DRY,DAYLIGHT,TRAFFIC SIGNAL,,No,NO APPARENT INJURY,NOT DISTRACTED,MD,PASSENGER CAR,35,2018,NISS,4S
MCP295200DT,230030880,Montgomery County Police,Injury Crash,06/28/2023 10:47:00 AM,Maryland (State),EAST WEST HWY,COLESVILLE RD,SINGLE VEHICLE,CLOUDY,DRY,DAYLIGHT,TRAFFIC SIGNAL,NONE DETECTED,Yes,NO APPARENT INJURY,NOT DISTRACTED,MD,PASSENGER CAR,35,2020,TOYOTA,COROLLA
MCP3180000X,190058609,Montgomery County Police,Injury Crash,12-05-19 12:32,Maryland (State),GEORGIA AVE,DAMASCUS RD,STRAIGHT MOVEMENT ANGLE,,DRY,DAYLIGHT,TRAFFIC SIGNAL,NONE DETECTED,No,NO APPARENT INJURY,NOT DISTRACTED,MD,PASSENGER CAR,30,2016,TOYT,2016
MCP2347004C,230062619,Montgomery County Police,Property Damage Crash,10/26/2023 08:04:00 AM,County,BRIGGS CHANEY RD,CASTLE BLVD,SAME DIR REAR END,CLEAR,DRY,DAYLIGHT,NO CONTROLS,UNKNOWN,Yes,NO APPARENT INJURY,UNKNOWN,,PASSENGER CAR,40,2012,KIA,OPTIMA
MCP3045003J,200042202,Montgomery County Police,Injury Crash,10/26/2020 11:24:00 AM,Maryland (State),OLD GEORGETOWN RD,RAMP 5 FR MD 187 SB TO RAMP 4 (TO IS495),STRAIGHT MOVEMENT ANGLE,CLOUDY,,DAYLIGHT,TRAFFIC SIGNAL,NONE DETECTED,Yes,POSSIBLE INJURY,INATTENTIVE OR LOST IN THOUGHT,VA,PASSENGER CAR,40,2014,HYUNDAI,SONATA
MCP2740002S,17014348,Montgomery County Police,Property Damage Crash,03/20/2017 09:21:00 PM,Maryland (State),FLOWER AVE,CARROLL AVE,SAME DIRECTION SIDESWIPE,CLOUDY,DRY,DARK LIGHTS ON,TRAFFIC SIGNAL,,Yes,NO APPARENT INJURY,UNKNOWN,MD,PASSENGER CAR,30,1997,MERCURY,MOUNTAINEER
MCP30840078,240035114,MONTGOMERY,Property Damage Crash,07/25/2024 11:34:00 AM,Local Route,PERSEI PL,,"Sideswipe, Same Direction",Clear,Dry,Daylight,No Controls,"Not Suspect of Alcohol Use, Not Suspect of Drug Use",No,No Apparent Injury,Not Distracted,MD,Passenger Car,25,2017,ACURA,MDX
MCP31300040,210037566,Montgomery County Police,Injury Crash,09/23/2021 07:10:00 AM,Maryland (State),CONNECTICUT AVE,ASPEN HILL RD,SINGLE VEHICLE,RAINING,WET,DAWN,TRAFFIC SIGNAL,NONE DETECTED,No,NO APPARENT INJURY,LOOKED BUT DID NOT SEE,MD,PASSENGER CAR,35,2007,GMC,SAVANA
MCP1564003T,190033536,Montgomery County Police,Injury Crash,07/15/2019 05:25:00 AM,Maryland (State),NEW HAMPSHIRE AVE,ASHTON RD,STRAIGHT MOVEMENT ANGLE,CLEAR,DRY,DARK LIGHTS ON,FLASHING TRAFFIC SIGNAL,NONE DETECTED,Yes,SUSPECTED MINOR INJURY,NOT DISTRACTED,MD,PASSENGER CAR,30,2011,FORD,RANGER
MCP31450033,210006301,Montgomery County Police,Property Damage Crash,02/17/2021 07:20:00 PM,County,GLENALLAN AVE,LAYHILL RD,HEAD ON LEFT TURN,CLEAR,WET,DARK LIGHTS ON,NO CONTROLS,NONE DETECTED,Yes,NO APPARENT INJURY,LOOKED BUT DID NOT SEE,MD,PASSENGER CAR,30,2005,TOYT,4S
EJ78930023,220057036,Gaithersburg Police Depar,Property Damage Crash,12/23/2022 08:46:00 PM,Municipality,RUSSELL AVE,E DIAMOND AVE,SAME DIRECTION SIDESWIPE,CLEAR,DRY,DARK NO LIGHTS,STOP SIGN,UNKNOWN,Yes,NO APPARENT INJURY,LOOKED BUT DID NOT SEE,,,25,0,UNKNOWN,UNKNOWN
MCP3006003Q,180064298,Montgomery County Police,Injury Crash,12/24/2018 08:02:00 AM,Maryland (State),VEIRS MILL RD,FERRARA AVE,SAME DIR REAR END,CLEAR,DRY,DAYLIGHT,NO CONTROLS,NONE DETECTED,No,POSSIBLE INJURY,NOT DISTRACTED,MD,VAN,40,2006,DODGE,CARAVAN
MCP31930079,250055660,MONTGOMERY,Property Damage Crash,12-12-25 16:28,Maryland (State) Route,UNIVERSITY BLVD W,,Front to Rear,Clear,Dry,Daylight,Traffic Control Signal,"Not Suspect of Alcohol Use, Not Suspect of Drug Use",No,No Apparent Injury,Not Distracted,MD,Sport Utility Vehicle,35,2021,HONDA,CR-V
MCP30650017,180001328,Montgomery County Police,Injury Crash,01-09-18 16:10,Maryland (State),UNIVERSITY BLVD E,COLESVILLE RD,SAME DIR REAR END,CLEAR,DRY,DAYLIGHT,TRAFFIC SIGNAL,NONE DETECTED,No,NO APPARENT INJURY,NOT DISTRACTED,MD,PASSENGER CAR,35,2012,BUICK,4S
MCP13780151,230046011,Montgomery County Police,Property Damage Crash,07/25/2023 03:35:00 PM,County,RANDOLPH RD,GOODHILL RD,SAME DIRECTION SIDESWIPE,CLEAR,DRY,DAYLIGHT,NO CONTROLS,NONE DETECTED,Yes,NO APPARENT INJURY,LOOKED BUT DID NOT SEE,MD,(SPORT) UTILITY VEHICLE,35,2022,TOYT,RAV4
MCP15650027,16050963,Montgomery County Police,Injury Crash,10-04-16 14:30,Maryland (State),OLNEY LAYTONSVILLE RD,HEADWATERS DR,STRAIGHT MOVEMENT ANGLE,CLEAR,DRY,DAYLIGHT,STOP SIGN,NONE DETECTED,No,SUSPECTED SERIOUS INJURY,NOT DISTRACTED,MD,PASSENGER CAR,40,1997,CHEVROLET,CAMARO
MCP1580003H,15029144,Montgomery County Police,Injury Crash,06/15/2015 03:55:00 PM,County,CLUB HOUSE RD,MONTGOMERY VILLAGE AVE,SINGLE VEHICLE,CLEAR,DRY,DAYLIGHT,NO CONTROLS,NONE DETECTED,No,NO APPARENT INJURY,NOT DISTRACTED,MD,(SPORT) UTILITY VEHICLE,30,2007,FORD,EDGE
MCP2869002S,180053324,Montgomery County Police,Property Damage Crash,10/24/2018 05:40:00 PM,Maryland (State),GEORGIA AVE,ARCOLA AVE,OTHER,,DRY,DAYLIGHT,TRAFFIC SIGNAL,,Yes,NO APPARENT INJURY,NOT DISTRACTED,MD,PASSENGER CAR,30,2010,NISS,SENTRA
DD5583007X,230012011,Rockville Police Departme,Property Damage Crash,03-11-23 16:45,Maryland (State),HUNGERFORD DR,E MIDDLE LA,STRAIGHT MOVEMENT ANGLE,,DRY,DAYLIGHT,TRAFFIC SIGNAL,NONE DETECTED,Yes,NO APPARENT INJURY,NOT DISTRACTED,MD,(SPORT) UTILITY VEHICLE,30,2017,TOYT,RAV 4
MCP3232006D,250008042,MONTGOMERY,Property Damage Crash,02/23/2025 08:39:00 PM,County Route,RANDOLPH RD (WB/L),NEW HAMPSHIRE AVE (SB/L),Other,Clear,Dry,Dark - Lighted,Traffic Control Signal,"Not Suspect of Alcohol Use, Not Suspect of Drug Use",No,No Apparent Injury,Not Distracted,MD,Passenger Car,40,2004,LEXUS,SC
MCP1438008K,190023310,Montgomery County Police,Property Damage Crash,05/17/2019 11:50:00 AM,Maryland (State),MUNCASTER MILL RD,ENT TO REDMILL CENTRE,STRAIGHT MOVEMENT ANGLE,CLEAR,DRY,DAYLIGHT,NO CONTROLS,NONE DETECTED,Yes,NO APPARENT INJURY,LOOKED BUT DID NOT SEE,MD,(SPORT) UTILITY VEHICLE,40,2010,MERZ,TK
MCP2638000R,15036360,MONTGOMERY,Property Damage Crash,07/23/2015 05:50:00 PM,County,RANDOLPH RD,BUSHEY DR,SINGLE VEHICLE,CLEAR,DRY,DAYLIGHT,NO CONTROLS,NONE DETECTED,Yes,NO APPARENT INJURY,NOT DISTRACTED,MD,PASSENGER CAR,40,2003,FORD,TAURUS
MCP2859008B,200003208,Montgomery County Police,Property Damage Crash,01/20/2020 10:30:00 AM,Maryland (State),MONTGOMERY VILLAGE AVE,FREDERICK RD,SAME DIR REAR END,CLEAR,DRY,DAYLIGHT,YIELD SIGN,NONE DETECTED,Yes,NO APPARENT INJURY,UNKNOWN,PA,PASSENGER CAR,35,2010,SUBA,4D
MCP2552000H,15021140,Montgomery County Police,Injury Crash,05-04-15 16:11,County,TWINBROOK PKWY,HALPINE RD,HEAD ON LEFT TURN,CLEAR,DRY,DAYLIGHT,OTHER,NONE DETECTED,Yes,SUSPECTED MINOR INJURY,UNKNOWN,MD,VAN,35,2001,HONDA,ODYSSEY
MCP3337002D,240005526,MONTGOMERY,Property Damage Crash,02-03-24 17:35,County Route,REEDIE DR,,Front to Rear,Clear,Dry,Dark - Lighted,Traffic Control Signal,"Not Suspect of Alcohol Use, Not Suspect of Drug Use",Yes,No Apparent Injury,Unknown,MD,Passenger Car,25,2010,TOYOTA,COROLLA
MCP3136001J,190009471,Montgomery County Police,Injury Crash,02/28/2019 09:01:00 AM,Interstate (State),CAPITAL BELTWAY,EXIT #29,SAME DIR REAR END,CLEAR,DRY,DAYLIGHT,,ILLEGAL DRUG PRESENT,Yes,NO APPARENT INJURY,UNKNOWN,MD,(SPORT) UTILITY VEHICLE,55,2018,CHEV,SW
MCP21070063,240061723,MONTGOMERY,Property Damage Crash,12/27/2024 10:23:00 AM,Maryland (State) Route,,ROCKY RD,Single Vehicle,Clear,Dry,Daylight,Stop Sign,"Not Suspect of Alcohol Use, Not Suspect of Drug Use",Yes,No Apparent Injury,Not Distracted,MD,Bus - School,30,2024,THOMAS BUILT,HDX
MCP30780014,180019096,Montgomery County Police,Injury Crash,04/19/2018 08:55:00 AM,County,RANDOLPH RD,HEURICH RD,SAME DIR REAR END,RAINING,WET,DAYLIGHT,NO CONTROLS,NONE DETECTED,Yes,NO APPARENT INJURY,LOOKED BUT DID NOT SEE,MD,PASSENGER CAR,40,2011,JEEP,SW
MCP1433002F,190023551,Montgomery County Police,Property Damage Crash,05/18/2019 05:10:00 PM,Maryland (State),ROCKVILLE PIKE,EDMONSTON DR,SAME DIR REAR END,CLEAR,DRY,DAYLIGHT,TRAFFIC SIGNAL,NONE DETECTED,No,NO APPARENT INJURY,NOT DISTRACTED,MD,(SPORT) UTILITY VEHICLE,35,2013,NISSAN,ROGUE
MCP20880008,170533166,Montgomery County Police,Injury Crash,09/26/2017 06:52:00 AM,Maryland (State),RIDGE RD,MAIN ST,HEAD ON LEFT TURN,,DRY,DAWN,NO CONTROLS,NONE DETECTED,No,POSSIBLE INJURY,NOT DISTRACTED,MD,PASSENGER CAR,30,2009,NISSAN,VERSA
MCP21070067,250005886,MONTGOMERY,Property Damage Crash,02-09-25 13:01,Maryland (State) Route,RIDGE RD (SB/L),GUE RD,Front to Rear,Clear,Dry,Daylight,No Controls,"Not Suspect of Alcohol Use, Not Suspect of Drug Use",No,No Apparent Injury,Not Distracted,MD,Passenger Car,35,2021,TOYOTA,VENZA
MCP06850041,180010548,Montgomery County Police,Property Damage Crash,03-01-18 8:17,Municipality,KING FARM BLVD,GRAND CHAMPION DR,STRAIGHT MOVEMENT ANGLE,CLEAR,DRY,DAYLIGHT,STOP SIGN,NONE DETECTED,Yes,NO APPARENT INJURY,NOT DISTRACTED,MD,PASSENGER CAR,30,2017,BMW,4DR
MCP229800V7,210003562,Montgomery County Police,Property Damage Crash,01/28/2021 02:08:00 PM,County,GERMANTOWN RD,SHAKESPEARE BLVD,SAME DIR REAR END,CLEAR,DRY,DAYLIGHT,NO CONTROLS,NONE DETECTED,Yes,NO APPARENT INJURY,NOT DISTRACTED,MD,(SPORT) UTILITY VEHICLE,40,2004,ISUZU,RODEO
MCP9381001K,15035671,MONTGOMERY,Property Damage Crash,07/20/2015 09:10:00 AM,Maryland (State),ROCKVILLE PIKE,MARINELLI RD,OTHER,CLEAR,DRY,DAYLIGHT,TRAFFIC SIGNAL,,No,NO APPARENT INJURY,NOT DISTRACTED,MD,OTHER BUS,55,2015,FRHT,BU
MCP3337002Z,240043989,MONTGOMERY,Property Damage Crash,09/15/2024 07:58:00 PM,Maryland (State) Route,GEORGIA AVE,,Front to Rear,Clear,Dry,Dark - Lighted,Flashing Traffic Control Signal,"Not Suspect of Alcohol Use, Not Suspect of Drug Use",No,No Apparent Injury,Not Distracted,MD,Passenger Car,35,2022,KIA,SORENTO
MCP27820054,240051366,MONTGOMERY,Property Damage Crash,10/26/2024 06:52:00 PM,Maryland (State) Route,NORBECK RD,LAYHILL RD (SB/L),Angle,Clear,Dry,Dark - Lighted,Traffic Control Signal,"Not Suspect of Alcohol Use, Not Suspect of Drug Use",No,No Apparent Injury,Not Distracted,MD,Pickup,40,2005,CHEVROLET,COLORADO