Report Number,Local Case Number,Agency Name,ACRS Report Type,Crash Date/Time,Route Type,Road Name,Cross-Street Name,Collision Type,Weather,Surface Condition,Light,Traffic Control,Driver Substance Abuse,Driver At Fault,Injury Severity,Driver Distracted By,Drivers License State,Vehicle Body Type,Speed Limit,Vehicle Year,Vehicle Make,Vehicle Model
MCP2877001Y,15061944,MONTGOMERY,Property Damage Crash,12-04-15 12:41,County,DIXON AVE,WAYNE AVE,SAME DIRECTION SIDESWIPE,CLEAR,DRY,DAYLIGHT,NO CONTROLS,NONE DETECTED,No,NO APPARENT INJURY,NOT DISTRACTED,MD,TRANSIT BUS,25,2012,GILL,BUS
DD5644003Q,240032352,ROCKVILLE,Property Damage Crash,07-09-24 17:20,Spur,,,Front to Front,Clear,Dry,Daylight,No Controls,"Not Suspect of Alcohol Use, Not Suspect of Drug Use",Yes,No Apparent Injury,"Other Action (looking away from task, etc.)",MD,Sport Utility Vehicle,5,2014,SUBARU,FORESTER
MCP3010001X,17013103,Montgomery County Police,Property Damage Crash,03/13/2017 11:13:00 AM,Maryland (State),OLD GEORGETOWN RD,DEMOCRACY BLVD,SAME DIRECTION RIGHT TURN,,DRY,DAYLIGHT,TRAFFIC SIGNAL,,No,NO APPARENT INJURY,NOT DISTRACTED,MD,PASSENGER CAR,35,2006,HONDA,RIDGELINE
MCP26740043,230031127,Montgomery County Police,Property Damage Crash,06/29/2023 05:47:00 PM,County,NICKELBY DR,NICKELBY CT,OTHER,CLEAR,DRY,DAYLIGHT,NO CONTROLS,ALCOHOL PRESENT,Yes,NO APPARENT INJURY,NOT DISTRACTED,MD,VAN,25,2019,FORD,VAN
MCP3018001T,170538457,Montgomery County Police,Injury Crash,10/24/2017 07:47:00 AM,Maryland (State),UNIVERSITY BLVD W,SLIGO CREEK PKWY,HEAD ON LEFT TURN,,WET,DAYLIGHT,TRAFFIC SIGNAL,NONE DETECTED,Yes,NO APPARENT INJURY,LOOKED BUT DID NOT SEE,MD,PASSENGER CAR,40,2002,CHRYSLER,PT CRUISER
MCP2848009L,200031248,Montgomery County Police,Injury Crash,08-11-20 14:27,County,BROOKVILLE RD,STEWART AVE,SAME DIRECTION RIGHT TURN,CLEAR,DRY,DAYLIGHT,NO CONTROLS,NONE DETECTED,Yes,NO APPARENT INJURY,UNKNOWN,MD,VAN,30,2010,FORD,TRANSIT
MCP2767004V,180035958,Montgomery County Police,Injury Crash,07/20/2018 02:19:00 PM,,,,SINGLE VEHICLE,CLEAR,,DAYLIGHT,NO CONTROLS,NONE DETECTED,Yes,NO APPARENT INJURY,LOOKED BUT DID NOT SEE,MD,PASSENGER CAR,0,2011,TOYOTA,COROLLA
MCP2466001T,17002281,Montgomery County Police,Property Damage Crash,01/13/2017 04:31:00 PM,County,EDNOR RD,HAW LA,SAME DIR REAR END,CLEAR,WET,DAYLIGHT,NO CONTROLS,NONE DETECTED,No,NO APPARENT INJURY,NOT DISTRACTED,MD,PASSENGER CAR,35,2015,LEXUS,NX 200
MCP3059007S,220011376,Montgomery County Police,Injury Crash,03/16/2022 06:49:00 PM,County,RIDGE RD,OBSERVATION DR,SAME DIR REAR END,CLEAR,DRY,DAYLIGHT,TRAFFIC SIGNAL,NONE DETECTED,Yes,NO APPARENT INJURY,UNKNOWN,VA,(SPORT) UTILITY VEHICLE,45,2020,BMW,XW
MCP1283001C,200020178,Montgomery County Police,Property Damage Crash,05/20/2020 11:14:00 AM,County,WEST OLD BALTIMORE RD,SLIDELL RD,SAME DIR REAR END,CLEAR,DRY,DAYLIGHT,NO CONTROLS,NONE DETECTED,Yes,NO APPARENT INJURY,NOT DISTRACTED,MD,OTHER,25,2020,FRHT,TK
EJ7781004N,230063890,Gaithersburg Police Depar,Injury Crash,11-02-23 6:58,Municipality,METROPOLITAN GROVE RD,CLOPPER RD,STRAIGHT MOVEMENT ANGLE,CLEAR,DRY,DARK -- UNKNOWN LIGHTING,TRAFFIC SIGNAL,NONE DETECTED,Yes,NO APPARENT INJURY,NOT DISTRACTED,MD,PASSENGER CAR,25,2009,FORD,F150
MCP26390018,16018889,Montgomery County Police,Injury Crash,04/17/2016 10:42:00 AM,Maryland (State),GEORGIA AVE,DENNIS AVE,STRAIGHT MOVEMENT ANGLE,CLEAR,DRY,DARK LIGHTS ON,TRAFFIC SIGNAL,NONE DETECTED,No,SUSPECTED MINOR INJURY,NOT DISTRACTED,MD,PASSENGER CAR,35,2012,TOYOTA,CAMRY
MCP3256000K,200042335,Montgomery County Police,Property Damage Crash,10/27/2020 09:36:00 AM,County,BRIGGS CHANEY RD,CASTLE BLVD,OTHER,CLEAR,DRY,DAYLIGHT,TRAFFIC SIGNAL,NONE DETECTED,No,NO APPARENT INJURY,NOT DISTRACTED,MD,PASSENGER CAR,35,2008,NISSAN,ROGUE
MCP91060015,16056672,Montgomery County Police,Injury Crash,11-03-16 12:42,Other Public Roadway,STRINGTOWN RD,GATEWAY CENTER DR,SAME DIRECTION SIDESWIPE,CLOUDY,DRY,DAYLIGHT,NO CONTROLS,NONE DETECTED,Unknown,NO APPARENT INJURY,NOT DISTRACTED,MD,PASSENGER CAR,30,2015,TOYOTA,CORROLA
MCP2600001T,16015630,Montgomery County Police,Injury Crash,03/30/2016 08:36:00 PM,US (State),COLUMBIA PIKE,BURNT MILLS AVE,SAME DIRECTION SIDESWIPE,CLEAR,DRY,DARK LIGHTS ON,TRAFFIC SIGNAL,NONE DETECTED,No,POSSIBLE INJURY,NOT DISTRACTED,MD,MOTORCYCLE,40,2015,YAMAHA,FZ
MCP32870019,210024578,Montgomery County Police,Injury Crash,06/26/2021 09:36:00 PM,Maryland (State),GEORGIA AVE,BEL PRE RD,HEAD ON LEFT TURN,CLEAR,DRY,DARK LIGHTS ON,TRAFFIC SIGNAL,,Yes,NO APPARENT INJURY,UNKNOWN,MD,PASSENGER CAR,45,2020,CHEVY,EQUINOX
MCP28690035,190009168,Montgomery County Police,Property Damage Crash,02/26/2019 04:15:00 PM,County,RANDOLPH RD,ATHERTON DR,SAME DIR REAR END,,DRY,DAYLIGHT,NO CONTROLS,,No,NO APPARENT INJURY,NOT DISTRACTED,MD,PASSENGER CAR,35,2011,INFI,TK
MCP3111001C,190038398,Montgomery County Police,Property Damage Crash,08-12-19 10:01,Maryland (State),EAST WEST HWY,ELLINGSON DR,SAME DIRECTION SIDESWIPE,CLEAR,DRY,DAYLIGHT,,NONE DETECTED,No,NO APPARENT INJURY,NOT DISTRACTED,MD,PASSENGER CAR,35,2017,HOND,ACCORD
MCP2278002T,190036865,Montgomery County Police,Property Damage Crash,08-02-19 3:07,Maryland (State),QUINCE ORCHARD RD,SPUR TO MD 117,SAME DIR REAR END,,DRY,DUSK,TRAFFIC SIGNAL,UNKNOWN,Yes,NO APPARENT INJURY,UNKNOWN,,,35,0,UNKNOWN,UNKNOWN
MCP3153004R,230030556,Montgomery County Police,Property Damage Crash,06/26/2023 01:58:00 PM,,INTERSTATE (IS) 270 SB RAMP EXIT 12,WATKINS MILL ROAD,SAME DIR REAR END,CLEAR,DRY,DAYLIGHT,TRAFFIC SIGNAL,NONE DETECTED,Yes,NO APPARENT INJURY,NOT DISTRACTED,MD,POLICE VEHICLE/NON EMERGENCY,35,2021,FORD,EXPLORER
MCP2693004C,210050846,Montgomery County Police,Property Damage Crash,12/14/2021 03:00:00 PM,County,WELLER RD,GOODHILL RD,SAME DIRECTION SIDESWIPE,CLEAR,DRY,DAYLIGHT,NO CONTROLS,NONE DETECTED,Yes,NO APPARENT INJURY,UNKNOWN,MD,SCHOOL BUS,25,2021,THOMAS,BUS
DD5663000W,240010208,ROCKVILLE,Property Damage Crash,03-02-24 12:39,Bicycle Route,,W EDMONSTON DR,Front to Rear,Rain,Wet,Daylight,Traffic Control Signal,"Not Suspect of Alcohol Use, Not Suspect of Drug Use",No,No Apparent Injury,Not Distracted,MD,Passenger Car,40,2016,HONDA,ACCORD
MCP29410016,16040201,Montgomery County Police,Property Damage Crash,08-08-16 17:57,Maryland (State),EAST WEST HWY,BLAIR MILL RD,SAME DIR REAR END,CLEAR,DRY,DUSK,,NONE DETECTED,No,NO APPARENT INJURY,NOT DISTRACTED,MD,PASSENGER CAR,35,2008,HONDA,ACCORD
MCP33500039,240029225,MONTGOMERY,Property Damage Crash,06/20/2024 07:08:00 AM,Maryland (State) Route,BRADLEY BLVD (SB/L),,Front to Rear,Clear,Dry,Daylight,Traffic Control Signal,"Not Suspect of Alcohol Use, Not Suspect of Drug Use",No,No Apparent Injury,Unknown,MD,Passenger Car,30,2018,HONDA,CR-V
MCP3432000J,240042443,MONTGOMERY,Property Damage Crash,09-07-24 12:15,,,,"Sideswipe, Same Direction",Clear,,Daylight,,"Not Suspect of Alcohol Use, Not Suspect of Drug Use",No,No Apparent Injury,Not Distracted,MD,Sport Utility Vehicle,0,2012,FORD,EXPLORER
DD5665002M,240048811,ROCKVILLE,Property Damage Crash,10-12-24 19:20,Maryland (State) Route,FREDERICK RD,,Front to Rear,Clear,Dry,Dark - Lighted,Traffic Control Signal,"Not Suspect of Alcohol Use, Not Suspect of Drug Use",No,No Apparent Injury,Not Distracted,MD,Passenger Car,35,2013,BMW,X5
MCP23110074,240006174,MONTGOMERY,Injury Crash,02-07-24 15:59,County Route,,OLNEY LAYTONSVILLE RD (WB/L),Angle,Clear,Dry,Daylight,Traffic Control Signal,"Not Suspect of Alcohol Use, Not Suspect of Drug Use",Yes,Possible Injury,Not Distracted,MD,Sport Utility Vehicle,35,2013,NISSAN,ROGUE SELECT
MCP33860010,240026998,MONTGOMERY,Property Damage Crash,06-05-24 11:50,,,,Single Vehicle,Clear,,Other,,"Not Suspect of Alcohol Use, Not Suspect of Drug Use",No,No Apparent Injury,Not Distracted,FL,Passenger Car,0,2020,HYUNDAI,ELANTRA
MCP2987009C,250017350,MONTGOMERY,Property Damage Crash,04/21/2025 08:50:00 PM,County Route,,,"Sideswipe, Same Direction",Clear,Dry,Dark - Unknown Lighting,No Controls,"Unknown, Unknown",No,No Apparent Injury,Unknown,,Passenger Car,40,2020,MERCEDES-BENZ,GLB-CLASS
MCP31090048,200012154,Montgomery County Police,Injury Crash,03-12-20 9:30,Maryland (State),GEORGIA AVE,NOYES DR,STRAIGHT MOVEMENT ANGLE,CLEAR,DRY,DAYLIGHT,NO CONTROLS,NONE DETECTED,Yes,NO APPARENT INJURY,LOOKED BUT DID NOT SEE,DC,PASSENGER CAR,35,2013,GMC,TERRA
MCP2717002M,15045328,MONTGOMERY,Injury Crash,09-08-15 15:34,Maryland (State),CONNECTICUT AVE,UNIVERSITY BLVD W,SAME DIR REAR END,CLEAR,DRY,DAYLIGHT,NO CONTROLS,NONE DETECTED,Yes,NO APPARENT INJURY,UNKNOWN,MD,"OTHER LIGHT TRUCKS (10,000LBS (4,536KG) OR LESS)",40,2015,FORD,TRANSIT-VAN
MCP23620037,180033522,Montgomery County Police,Property Damage Crash,07-07-18 10:09,US (State),COLUMBIA PIKE,BURNT MILLS AVE,ANGLE MEETS RIGHT TURN,CLEAR,DRY,DAYLIGHT,TRAFFIC SIGNAL,,No,NO APPARENT INJURY,NOT DISTRACTED,MD,PASSENGER CAR,40,2016,NISS,ROGUE
MCP2534000Z,15061641,MONTGOMERY,Property Damage Crash,12-02-15 22:45,,,,ANGLE MEETS LEFT TURN,CLOUDY,,DARK LIGHTS ON,,ALCOHOL PRESENT,Yes,NO APPARENT INJURY,NOT DISTRACTED,MD,PASSENGER CAR,0,1995,HONDA,ACCORD
MCP31730029,210047232,Montgomery County Police,Property Damage Crash,11/20/2021 11:03:00 PM,Interstate (State),CAPITAL BELTWAY,RAMP 7 FR IS 495 WB TO US 29 SB,SAME DIR REAR END,CLEAR,DRY,DARK LIGHTS ON,NO CONTROLS,NONE DETECTED,No,NO APPARENT INJURY,NOT DISTRACTED,MD,PASSENGER CAR,55,2015,GMC,ACADIA
MCP30050058,200039793,Montgomery County Police,Injury Crash,10-09-20 14:40,,,,SINGLE VEHICLE,CLEAR,,DAYLIGHT,NO CONTROLS,NONE DETECTED,Yes,NO APPARENT INJURY,LOOKED BUT DID NOT SEE,MD,PASSENGER CAR,10,2015,DODG,SW
MCP2765002L,16032367,Montgomery County Police,Property Damage Crash,06/26/2016 01:58:00 PM,Other Public Roadway,SUNSET DR,RIDGE RD,STRAIGHT MOVEMENT ANGLE,CLEAR,DRY,DAYLIGHT,STOP SIGN,NONE DETECTED,No,NO APPARENT INJURY,NOT DISTRACTED,MD,PASSENGER CAR,30,2008,ACUR,MDX
MCP2851002L,170544136,Montgomery County Police,Property Damage Crash,11/21/2017 02:22:00 PM,,,,OTHER,CLEAR,,DAYLIGHT,NO CONTROLS,NONE DETECTED,No,NO APPARENT INJURY,NOT DISTRACTED,MD,PASSENGER CAR,35,2016,HONDA,4D
MCP2274001M,170544175,Montgomery County Police,Injury Crash,11/21/2017 06:20:00 PM,County,CENTERWAY RD,THOMAS FARM RD,HEAD ON LEFT TURN,CLEAR,DRY,DARK LIGHTS ON,STOP SIGN,NONE DETECTED,Yes,NO APPARENT INJURY,LOOKED BUT DID NOT SEE,MD,PASSENGER CAR,30,2007,TOYOTA,CAMRY
MCP27230053,200046017,Montgomery County Police,Injury Crash,11/21/2020 01:59:00 PM,Maryland (State),DAMASCUS RD,GEORGIA AVE,SAME DIR REAR END,CLOUDY,DRY,DAYLIGHT,TRAFFIC SIGNAL,NONE DETECTED,No,SUSPECTED MINOR INJURY,NOT DISTRACTED,MD,MOTORCYCLE,30,2020,HARLEY DAVIDSON,STREET GLIDE
MCP2637004Q,220031724,Montgomery County Police,Property Damage Crash,07/23/2022 01:07:00 PM,Maryland (State),KEY WEST AVE,DARNESTOWN RD,SAME DIR REAR END,CLEAR,DRY,DAYLIGHT,,NONE DETECTED,No,NO APPARENT INJURY,NOT DISTRACTED,MD,PASSENGER CAR,40,2018,SUBA,SD
MCP32080065,240051398,MONTGOMERY,Property Damage Crash,10/26/2024 11:40:00 PM,Maryland (State) Route,NEW HAMPSHIRE AVE,,"Sideswipe, Same Direction",Clear,Dry,Dark - Lighted,Traffic Control Signal,"Not Suspect of Alcohol Use, Not Suspect of Drug Use",No,No Apparent Injury,Not Distracted,MD,Van - Passenger (&lt;9 Seats),35,2017,KIA,SEDONA
MCP11940015,15045968,MONTGOMERY,Injury Crash,09-11-15 15:34,Maryland (State),RIVER RD,TARA RD,SAME DIR REAR END,CLEAR,DRY,,TRAFFIC SIGNAL,NONE DETECTED,Yes,SUSPECTED SERIOUS INJURY,LOOKED BUT DID NOT SEE,MD,PASSENGER CAR,45,2002,NISSAN,SENTRA
MCP29460071,240039892,MONTGOMERY,Property Damage Crash,08/23/2024 12:25:00 PM,Maryland (State) Route,,ANNAPOLIS ROCK RD,Angle,Clear,Dry,Daylight,Stop Sign,"Not Suspect of Alcohol Use, Not Suspect of Drug Use",Yes,No Apparent Injury,Not Distracted,MD,Passenger Car,35,2018,FORD,FIESTA
MCP12120028,200038767,Montgomery County Police,Property Damage Crash,10-02-20 10:02,Maryland (State),FREDERICK RD,CLARKSBURG RD,STRAIGHT MOVEMENT ANGLE,CLEAR,DRY,DAYLIGHT,NO CONTROLS,NONE DETECTED,No,NO APPARENT INJURY,NOT DISTRACTED,MD,(SPORT) UTILITY VEHICLE,35,2016,NISSAN,ROGUE
DM8370000W,170526455,Takoma Park Police Depart,Injury Crash,08/23/2017 06:55:00 PM,Maryland (State),NEW HAMPSHIRE AVE,MERWOOD DR,OTHER,CLEAR,DRY,DAYLIGHT,TRAFFIC SIGNAL,NONE DETECTED,No,NO APPARENT INJURY,NOT DISTRACTED,MD,PASSENGER CAR,35,1998,HOND,4S
MCP31680022,200025592,Montgomery County Police,Property Damage Crash,07-01-20 15:15,Maryland (State),KEY WEST AVE,SPUR FR SHADY GROVE RD,SAME DIR REAR END,CLEAR,DRY,DAYLIGHT,FLASHING TRAFFIC SIGNAL,NONE DETECTED,No,NO APPARENT INJURY,NOT DISTRACTED,MD,PASSENGER CAR,40,2013,HOND,4S
HA2433001B,23000434,Maryland-National Capital,Property Damage Crash,03-10-23 9:35,,,,SINGLE VEHICLE,RAINING,,DAYLIGHT,NO CONTROLS,,Yes,NO APPARENT INJURY,LOOKED BUT DID NOT SEE,PA,(SPORT) UTILITY VEHICLE,5,2007,JEEP,CHEROKEE
MCP27450015,15050198,MONTGOMERY,Property Damage Crash,10-03-15 23:23,County,MUNCASTER RD,MUNCASTER MILL RD,SAME DIR REAR END,RAINING,WET,DARK LIGHTS ON,TRAFFIC SIGNAL,NONE DETECTED,Yes,NO APPARENT INJURY,LOOKED BUT DID NOT SEE,MD,PICKUP TRUCK,35,2007,DODG,RAM
MCP2723004N,190056182,Montgomery County Police,Injury Crash,11/21/2019 05:55:00 AM,County,RANDOLPH RD,SPRING TREE DR,STRAIGHT MOVEMENT ANGLE,CLEAR,DRY,DARK LIGHTS ON,TRAFFIC SIGNAL,NONE DETECTED,Yes,SUSPECTED MINOR INJURY,UNKNOWN,MD,PASSENGER CAR,45,2020,CHEVROLET,TRAX
MCP32300050,230069504,Montgomery County Police,Injury Crash,12-02-23 16:45,Maryland (State),NORBECK RD,COOLIDGE AVE,HEAD ON,CLEAR,DRY,DAWN,NO CONTROLS,NONE DETECTED,No,NO APPARENT INJURY,NOT DISTRACTED,MD,PASSENGER CAR,35,2020,TOYOTA,FOUR RUNNER
DD56630020,250013738,ROCKVILLE,Injury Crash,03/29/2025 04:42:00 PM,Maryland (State) Route,ROCKVILLE PIKE (SB/L),,Angle,Clear,Dry,Daylight,Stop Sign,"Unknown, Unknown",Yes,No Apparent Injury,Unknown,MD,Passenger Car,35,2019,TOYOTA,PRIUS
MCP3395000X,240017351,MONTGOMERY,Property Damage Crash,04/14/2024 06:45:00 AM,County Route,NEBEL ST,,Angle,Clear,Dry,Daylight,No Controls,"Not Suspect of Alcohol Use, Not Suspect of Drug Use",No,No Apparent Injury,Not Distracted,MD,Passenger Car,25,2014,DODGE,CHARGER
MCP30450048,210047562,Montgomery County Police,Injury Crash,11/23/2021 08:56:00 AM,,,,OTHER,CLEAR,,DAYLIGHT,,NONE DETECTED,Yes,NO APPARENT INJURY,DISTRACTED BY OUTSIDE PERSON OBJECT OR EVENT,MD,PASSENGER CAR,15,2009,TOYOTA,MATRIX
MCP2962000C,15018614,Montgomery County Police,Property Damage Crash,04/20/2015 10:13:00 PM,Maryland (State),GREAT SENECA HWY,MATENY RD,SAME DIR REAR END,CLEAR,DRY,DARK LIGHTS ON,TRAFFIC SIGNAL,NONE DETECTED,Yes,NO APPARENT INJURY,UNKNOWN,MD,PASSENGER CAR,45,2007,HONDA,CIVIC
MCP0036007J,180006352,Montgomery County Police,Property Damage Crash,02-06-18 13:41,Maryland (State),CLOPPER RD,SPUR FR MD 118,SAME DIR REAR END,CLEAR,DRY,DAYLIGHT,NO CONTROLS,NONE DETECTED,No,NO APPARENT INJURY,NOT DISTRACTED,MD,PASSENGER CAR,30,2011,FORD,4S
MCP0251001J,190002517,Montgomery County Police,Property Damage Crash,01/16/2019 03:10:00 PM,County,WATKINS MILL RD,WAYFARER RD,SAME DIRECTION SIDESWIPE,CLEAR,DRY,DAYLIGHT,NO CONTROLS,NONE DETECTED,No,NO APPARENT INJURY,NOT DISTRACTED,MD,PASSENGER CAR,35,2016,AUDI,SW
EJ7777001S,180023812,Gaithersburg Police Depar,Property Damage Crash,05/15/2018 12:03:00 AM,Municipality,FIRSTFIELD RD,BUREAU DR,SINGLE VEHICLE,CLOUDY,UNKNOWN,DARK LIGHTS ON,NO CONTROLS,UNKNOWN,Yes,NO APPARENT INJURY,UNKNOWN,,TRUCK TRACTOR,25,2018,UNKNOWN,UNKNOWN
MCP2087002X,190011367,Montgomery County Police,Property Damage Crash,03-12-19 4:50,Maryland (State),LAYTONSVILLE RD,HAWKINS CREAMERY RD,STRAIGHT MOVEMENT ANGLE,CLEAR,DRY,DARK NO LIGHTS,,NONE DETECTED,No,NO APPARENT INJURY,NOT DISTRACTED,MD,POLICE VEHICLE/EMERGENCY,0,2016,FORD,INTERCEPTOR
EJ7853000L,15014651,Gaithersburg Police Depar,Property Damage Crash,03/31/2015 04:26:00 PM,County,GOSHEN RD,CENTERWAY RD,SAME DIR REAR END,CLEAR,DRY,DAYLIGHT,TRAFFIC SIGNAL,UNKNOWN,Yes,NO APPARENT INJURY,UNKNOWN,,PASSENGER CAR,35,0,BMW,TWO DOOR
MCP10210009,16053140,Montgomery County Police,Property Damage Crash,10/16/2016 01:40:00 AM,County,KINGSHILL RD,SCHAEFFER RD,SAME DIRECTION SIDESWIPE,CLEAR,DRY,DARK LIGHTS ON,,ALCOHOL PRESENT,Yes,NO APPARENT INJURY,NOT DISTRACTED,MD,OTHER,25,2013,TOYOTA,VAN
MCP3225002V,220023308,Montgomery County Police,Property Damage Crash,05/31/2022 05:00:00 PM,Maryland (State),VEIRS MILL RD,ASPEN HILL RD,SAME DIRECTION SIDESWIPE,CLEAR,DRY,DAYLIGHT,NO CONTROLS,NONE DETECTED,No,NO APPARENT INJURY,NOT DISTRACTED,MD,PASSENGER CAR,35,2017,HONDA,CIVIC
MCP3161002W,210023220,Montgomery County Police,Injury Crash,06/17/2021 05:45:00 PM,Maryland (State),ROCKVILLE PIKE,TUCKERMAN LA,HEAD ON LEFT TURN,CLEAR,DRY,DAYLIGHT,TRAFFIC SIGNAL,NONE DETECTED,No,NO APPARENT INJURY,NOT DISTRACTED,MD,OTHER BUS,35,2019,GILG,BU
MCP2863001G,16064838,Montgomery County Police,Property Damage Crash,12/18/2016 08:44:00 AM,Maryland (State),CLOPPER RD,GAME PRESERVE RD,STRAIGHT MOVEMENT ANGLE,RAINING,WET,DAYLIGHT,NO CONTROLS,NONE DETECTED,No,NO APPARENT INJURY,NOT DISTRACTED,MD,PASSENGER CAR,35,2017,NISSAN,SENTRA
MCP3084004B,200037959,Montgomery County Police,Injury Crash,09/27/2020 08:00:00 AM,Other Public Roadway,MONTROSE PKWY,MONTROSE RD,OTHER,RAINING,WET,DAYLIGHT,NO CONTROLS,NONE DETECTED,No,POSSIBLE INJURY,NOT DISTRACTED,VA,PASSENGER CAR,35,2019,FORD,EXPEDITION
MCP3239001F,210019670,Montgomery County Police,Property Damage Crash,05/25/2021 12:26:00 AM,Maryland (State),NEW HAMPSHIRE AVE,CRESTHAVEN DR,STRAIGHT MOVEMENT ANGLE,CLEAR,WET,DARK LIGHTS ON,NO CONTROLS,NONE DETECTED,Yes,NO APPARENT INJURY,LOOKED BUT DID NOT SEE,MD,PASSENGER CAR,40,2013,VOLK,4S
DD5603001X,15049040,ROCKVILLE,Property Damage Crash,09/27/2015 05:15:00 PM,,,,SINGLE VEHICLE,CLEAR,,DAYLIGHT,NO CONTROLS,NONE DETECTED,Yes,NO APPARENT INJURY,INATTENTIVE OR LOST IN THOUGHT,MD,PASSENGER CAR,15,2003,HONDA,VAN
DM84970011,210047113,Takoma Park Police Depart,Property Damage Crash,11/20/2021 12:30:00 AM,Maryland (State),PINEY BRANCH RD,TAKOMA AVE,OPPOSITE DIRECTION SIDESWIPE,CLEAR,DRY,DARK LIGHTS ON,,,No,NO APPARENT INJURY,NOT DISTRACTED,DC,PASSENGER CAR,25,2017,MAZDA,3
MCP1438004W,170524112,Montgomery County Police,Injury Crash,08-10-17 15:00,Maryland (State),QUINCE ORCHARD RD,FIRSTFIELD RD,SAME DIR REAR END,CLEAR,DRY,DAYLIGHT,,NONE DETECTED,No,NO APPARENT INJURY,NOT DISTRACTED,MD,PICKUP TRUCK,35,2017,FORD,TK
MCP1425002M,260001656,MONTGOMERY,Property Damage Crash,01-11-26 11:30,County Route,PARTNERSHIP RD,,Single Vehicle,Clear,Dry,Daylight,No Controls,"Not Suspect of Alcohol Use, Not Suspect of Drug Use",No,No Apparent Injury,Not Distracted,TX,Passenger Car,35,2026,TOYOTA,CAMRY
MCP2917009Y,220030459,Montgomery County Police,Property Damage Crash,07/15/2022 05:06:00 PM,County,BELLE CREST LA,HATHAWAY DR,HEAD ON,CLEAR,DRY,DAYLIGHT,NO CONTROLS,NONE DETECTED,Yes,NO APPARENT INJURY,LOOKED BUT DID NOT SEE,MD,PASSENGER CAR,35,2015,TOYOTA,RAV 4
MCP11210045,180031501,Montgomery County Police,Injury Crash,06/26/2018 06:46:00 PM,Maryland (State),WOODFIELD RD,FLOWER HILL WAY,HEAD ON LEFT TURN,CLEAR,DRY,DAYLIGHT,TRAFFIC SIGNAL,NONE DETECTED,No,NO APPARENT INJURY,NOT DISTRACTED,MD,(SPORT) UTILITY VEHICLE,35,2003,MITSUBISHI,SPORT
MCP2813006D,190009879,Montgomery County Police,Property Damage Crash,03-02-19 20:33,Maryland (State),GEORGIA AVE,SHOREFIELD RD,STRAIGHT MOVEMENT ANGLE,CLOUDY,DRY,DARK LIGHTS ON,TRAFFIC SIGNAL,,No,NO APPARENT INJURY,NOT DISTRACTED,MD,PASSENGER CAR,35,2008,AUDI,S6
MCP2715000W,16010842,Montgomery County Police,Injury Crash,03-04-16 15:17,County,BLACKBURN RD,BLACKBURN LA,SAME DIR REAR END,CLOUDY,DRY,DAYLIGHT,,NONE DETECTED,No,NO APPARENT INJURY,NOT DISTRACTED,MD,PASSENGER CAR,35,2014,THOM,BUS
MCP27080086,230018534,Montgomery County Police,Property Damage Crash,04/18/2023 05:12:00 PM,Maryland (State),UNIVERSITY BLVD W,BRUNETT AVE,SAME DIR REAR END,,DRY,DAYLIGHT,NO CONTROLS,UNKNOWN,Yes,NO APPARENT INJURY,NOT DISTRACTED,,(SPORT) UTILITY VEHICLE,35,0,UNKNOWN,UNKNOWN
MCP137800R9,190031545,Montgomery County Police,Property Damage Crash,07-02-19 15:14,County,MIDCOUNTY HWY,SPUR TO SHADY GROVE RD,SAME DIR REAR END,CLOUDY,DRY,DAYLIGHT,TRAFFIC SIGNAL,NONE DETECTED,Yes,NO APPARENT INJURY,DISTRACTED BY OUTSIDE PERSON OBJECT OR EVENT,MD,PASSENGER CAR,45,2017,NISSAN,SENTRA
MCP30100089,230028986,Montgomery County Police,Property Damage Crash,06/16/2023 01:59:00 PM,Maryland (State),ROCKVILLE PIKE,STRATHMORE AVE,HEAD ON LEFT TURN,CLEAR,DRY,DAYLIGHT,TRAFFIC SIGNAL,,No,NO APPARENT INJURY,NOT DISTRACTED,MD,PICKUP TRUCK,40,2018,RAM,TK
MCP9118003F,220057045,Montgomery County Police,Property Damage Crash,12/23/2022 10:50:00 PM,County,RANDOLPH RD,CONNECTICUT AVE,HEAD ON LEFT TURN,CLEAR,DRY,DARK LIGHTS ON,TRAFFIC SIGNAL,NONE DETECTED,Yes,NO APPARENT INJURY,UNKNOWN,MD,PASSENGER CAR,35,2020,FORD,FUSION
MCP3193001W,200045571,Montgomery County Police,Property Damage Crash,11/18/2020 03:26:00 PM,County,AMHERST AVE,UNIVERSITY BLVD W,STRAIGHT MOVEMENT ANGLE,CLEAR,DRY,DAYLIGHT,NO CONTROLS,NONE DETECTED,Yes,NO APPARENT INJURY,LOOKED BUT DID NOT SEE,MD,PASSENGER CAR,25,2016,TOYOTA,SD
DD559500F5,230062114,Rockville Police Departme,Property Damage Crash,10/23/2023 01:20:00 PM,Municipality,SOUTHLAWN LA,N HORNERS LA,STRAIGHT MOVEMENT ANGLE,CLEAR,DRY,DAYLIGHT,STOP SIGN,NONE DETECTED,Unknown,NO APPARENT INJURY,NOT DISTRACTED,MD,PASSENGER CAR,25,2008,FORD,TK