Report Number,Local Case Number,Agency Name,ACRS Report Type,Crash Date/Time,Route Type,Road Name,Cross-Street Name,Collision Type,Weather,Surface Condition,Light,Traffic Control,Driver Substance Abuse,Driver At Fault,Injury Severity,Driver Distracted By,Drivers License State,Vehicle Body Type,Speed Limit,Vehicle Year,Vehicle Make,Vehicle Model
DD559500F8,230065535,Rockville Police Departme,Property Damage Crash,11-10-23 9:00,Municipality,MASON DR,SOUTHLAWN LA,OTHER,CLOUDY,DRY,DAYLIGHT,NO CONTROLS,UNKNOWN,Yes,NO APPARENT INJURY,UNKNOWN,,PASSENGER CAR,20,2022,FORD,F250
MCP2254000W,16065274,Montgomery County Police,Property Damage Crash,12/22/2016 03:02:00 PM,Maryland (State),FREDERICK RD,CLARKSBURG RD,SAME DIR REAR END,CLEAR,DRY,DAYLIGHT,TRAFFIC SIGNAL,NONE DETECTED,Yes,NO APPARENT INJURY,NOT DISTRACTED,MD,PASSENGER CAR,40,2014,KIA,4S
MCP9311004D,240043552,MONTGOMERY,Injury Crash,09/13/2024 10:53:00 AM,Maryland (State) Route,,,Front to Rear,Cloudy,Dry,Daylight,No Controls,"Not Suspect of Alcohol Use, Not Suspect of Drug Use",No,No Apparent Injury,Not Distracted,MD,Passenger Car,35,2013,LAND ROVER,UNKNOWN
MCP28050021,16050164,Montgomery County Police,Injury Crash,09/29/2016 08:07:00 PM,County,CONTOUR RD,ODENDHAL AVE,SINGLE VEHICLE,RAINING,WET,DARK LIGHTS ON,TRAFFIC SIGNAL,NONE DETECTED,Unknown,NO APPARENT INJURY,NOT DISTRACTED,FL,(SPORT) UTILITY VEHICLE,30,2015,JEEP,WRANGLER
EJ7869002F,180050050,Gaithersburg Police Depar,Injury Crash,10-06-18 18:18,County,MIDCOUNTY HWY,SAYBROOKE OAKS BLVD,SAME DIR REAR END,CLEAR,DRY,DAYLIGHT,TRAFFIC SIGNAL,NONE DETECTED,No,NO APPARENT INJURY,NOT DISTRACTED,MD,PASSENGER CAR,50,2018,HONDA,4S
EJ7871000T,180063053,Gaithersburg Police Depar,Property Damage Crash,12/17/2018 07:20:00 PM,Maryland (State),GREAT SENECA HWY,QUINCE ORCHARD RD,SAME DIR REAR END,CLEAR,DRY,DARK LIGHTS ON,TRAFFIC SIGNAL,NONE DETECTED,Yes,NO APPARENT INJURY,LOOKED BUT DID NOT SEE,MD,PASSENGER CAR,35,2004,TOYT,VN
MCP3117000S,180026049,Montgomery County Police,Property Damage Crash,05/27/2018 04:56:00 PM,Maryland (State),DARNESTOWN RD,MUDDY BRANCH RD,SAME DIR REAR END,CLEAR,DRY,DAYLIGHT,TRAFFIC SIGNAL,,No,NO APPARENT INJURY,NOT DISTRACTED,MD,PASSENGER CAR,40,2013,LANDROVER,LR2
MCP2861001J,15063596,MONTGOMERY,Injury Crash,12-12-15 17:30,County,WESTBARD AVE,WESTBARD CIR,SAME DIRECTION SIDESWIPE,CLEAR,DRY,DARK LIGHTS ON,NO CONTROLS,NONE DETECTED,No,POSSIBLE INJURY,NOT DISTRACTED,MD,PASSENGER CAR,30,2015,ACURA,4S
MCP30290017,170522996,Montgomery County Police,Property Damage Crash,08-04-17 16:15,Maryland (State),GEORGIA AVE,LAYHILL RD,ANGLE MEETS LEFT TURN,CLEAR,DRY,DAYLIGHT,TRAFFIC SIGNAL,NONE DETECTED,Yes,NO APPARENT INJURY,LOOKED BUT DID NOT SEE,MD,PASSENGER CAR,45,2005,TOYOTA,COROLLA
DD5615002C,16043263,Rockville Police Departme,Injury Crash,08/25/2016 04:34:00 PM,Maryland (State),HUNGERFORD DR,FREDERICK AVE #2,SAME DIR REAR END,CLEAR,DRY,DAYLIGHT,NO CONTROLS,NONE DETECTED,No,NO APPARENT INJURY,NOT DISTRACTED,MD,PASSENGER CAR,35,2009,AUDI,A4
MCP271700W0,210039008,Montgomery County Police,Injury Crash,10-01-21 16:30,Maryland (State),RIVER RD,BRADLEY BLVD,SAME DIR REAR END,CLEAR,DRY,DAYLIGHT,TRAFFIC SIGNAL,NONE DETECTED,Yes,SUSPECTED MINOR INJURY,UNKNOWN,MD,PASSENGER CAR,35,2011,NISSAN,ALTIMA
MCP2962004D,190039998,Montgomery County Police,Property Damage Crash,08/21/2019 02:26:00 PM,County,MIDDLEBROOK RD,OBSERVATION DR,SINGLE VEHICLE,CLEAR,DRY,DAYLIGHT,,NONE DETECTED,Yes,NO APPARENT INJURY,NOT DISTRACTED,MD,PASSENGER CAR,40,2004,NISSAN,FRONTIER
MCP30190056,220040583,Montgomery County Police,Injury Crash,09/18/2022 02:45:00 PM,Maryland (State),ROCKVILLE PIKE,STRATHMORE AVE,ANGLE MEETS LEFT TURN,,DRY,DAYLIGHT,TRAFFIC SIGNAL,,Yes,NO APPARENT INJURY,UNKNOWN,MD,(SPORT) UTILITY VEHICLE,40,2020,TOYOTA,RAV 4
MCP2053000D,190016605,Montgomery County Police,Property Damage Crash,04-09-19 23:29,County,KINGSTEAD RD,KINGS VALLEY RD,SINGLE VEHICLE,CLEAR,DRY,DARK NO LIGHTS,NO CONTROLS,ALCOHOL PRESENT,Yes,NO APPARENT INJURY,NOT DISTRACTED,MD,PASSENGER CAR,25,2007,TOYOTA,CORROLA
MCP3030003K,200022560,Montgomery County Police,Property Damage Crash,06-08-20 14:57,,,,SINGLE VEHICLE,CLEAR,,DAYLIGHT,,,Yes,NO APPARENT INJURY,LOOKED BUT DID NOT SEE,PA,FIRE VEHICLE/NON EMERGENCY,20,2004,PETERBILT,TK
MCP30940062,250017046,MONTGOMERY,Property Damage Crash,04/19/2025 06:45:00 PM,,,,Front to Rear,Clear,,Daylight,,"Not Suspect of Alcohol Use, Not Suspect of Drug Use",Yes,No Apparent Injury,Not Distracted,,Passenger Car,0,2024,TOYOTA,RAV4
HA23680009,16000524,Maryland-National Capital,Injury Crash,05-06-16 11:04,Government,SLIGO CREEK PKWY,PINEY BRANCH RD,OTHER,RAINING,WET,DAYLIGHT,OTHER,NONE DETECTED,Unknown,SUSPECTED MINOR INJURY,UNKNOWN,MD,PASSENGER CAR,25,2003,HYUNDAI,ACCENT
MCP2777002C,16004616,Montgomery County Police,Injury Crash,01/28/2016 07:24:00 PM,Maryland (State),METROPOLITAN AVE,WHEATLEY ST,STRAIGHT MOVEMENT ANGLE,CLEAR,WET,DARK LIGHTS ON,STOP SIGN,NONE DETECTED,No,SUSPECTED MINOR INJURY,NOT DISTRACTED,MD,PASSENGER CAR,30,1995,TOYOTA,COROLLA
MCP3037001W,180026861,Montgomery County Police,Property Damage Crash,05/31/2018 08:16:00 PM,Maryland (State),FREDERICK RD,COMUS RD,SAME DIR REAR END,,WET,DUSK,NO CONTROLS,NONE DETECTED,No,NO APPARENT INJURY,NOT DISTRACTED,MD,(SPORT) UTILITY VEHICLE,40,2017,DODGE,DURANGO
MCP2861005R,230007555,Montgomery County Police,Injury Crash,02/14/2023 05:05:00 PM,Maryland (State),OLD GEORGETOWN RD,RAMP 6 FR RAMP 10 (FR IS270) TO MD 187,STRAIGHT MOVEMENT ANGLE,CLEAR,DRY,DAYLIGHT,TRAFFIC SIGNAL,NONE DETECTED,No,NO APPARENT INJURY,NOT DISTRACTED,MD,"OTHER LIGHT TRUCKS (10,000LBS (4,536KG) OR LESS)",40,2015,FORD,TRUCK
MCP3233003G,220043933,Montgomery County Police,Property Damage Crash,10-07-22 20:23,Maryland (State),NEW HAMPSHIRE AVE,POWDER MILL RD,SAME DIR BOTH LEFT TURN,CLEAR,DRY,DARK LIGHTS ON,NO CONTROLS,UNKNOWN,Yes,NO APPARENT INJURY,UNKNOWN,,PASSENGER CAR,35,1998,TOYOTA,4RUNNER
MCP2761004L,230053422,Montgomery County Police,Property Damage Crash,09-06-23 12:02,Maryland (State),GREAT SENECA HWY,RICHTER FARM RD,HEAD ON LEFT TURN,CLEAR,DRY,DAYLIGHT,TRAFFIC SIGNAL,NONE DETECTED,Yes,NO APPARENT INJURY,UNKNOWN,DC,PASSENGER CAR,35,2014,GMC,ACADIA
MCP2358002B,16052853,Montgomery County Police,Property Damage Crash,10/14/2016 01:50:00 PM,Maryland (State),ROCKVILLE PIKE,ALTA VISTA RD,STRAIGHT MOVEMENT ANGLE,CLEAR,DRY,DAYLIGHT,TRAFFIC SIGNAL,NONE DETECTED,Yes,NO APPARENT INJURY,NOT DISTRACTED,CA,PASSENGER CAR,35,1969,VOLKSWAGEN,VC
MCP26640060,230029836,Montgomery County Police,Property Damage Crash,06/21/2023 06:27:00 PM,County,MORNINGWOOD DR,BANTRY WAY,STRAIGHT MOVEMENT ANGLE,RAINING,WET,DAYLIGHT,NO CONTROLS,NONE DETECTED,No,NO APPARENT INJURY,NOT DISTRACTED,MD,PASSENGER CAR,25,1997,TOYOTA,COROLLA
MCP304800DN,250015275,MONTGOMERY,Property Damage Crash,04-08-25 13:10,County Route,NEWPORT MILL RD,UNIVERSITY BLVD W (WB/L),Angle,Clear,Dry,Daylight,Traffic Control Signal,"Not Suspect of Alcohol Use, Not Suspect of Drug Use",Yes,No Apparent Injury,Unknown,MD,Passenger Car,30,2009,TOYOTA,CAMRY
MCP2455006Z,240026809,MONTGOMERY,Property Damage Crash,06-05-24 15:47,County Route,E JEFFERSON ST (SB/L),,Front to Rear,Rain,Wet,Daylight,Traffic Control Signal,"Not Suspect of Alcohol Use, Not Suspect of Drug Use",No,No Apparent Injury,Unknown,VA,Passenger Car,25,2004,MITSUBISHI,LANCER
MCP2687003Q,220010947,Montgomery County Police,Property Damage Crash,03/14/2022 12:00:00 PM,Maryland (State),WISCONSIN AVE,STANFORD ST,SAME DIRECTION SIDESWIPE,CLEAR,DRY,DAYLIGHT,NO CONTROLS,NONE DETECTED,No,NO APPARENT INJURY,NOT DISTRACTED,MD,PASSENGER CAR,25,2015,VOLKSWAGEN,JETTA
MCP304800DR,250016345,MONTGOMERY,Injury Crash,04/15/2025 08:30:00 AM,Maryland (State) Route,CONNECTICUT AVE (SB/L),,"Sideswipe, Same Direction",Cloudy,Dry,Daylight,No Controls,"Unknown, Unknown",No,No Apparent Injury,Unknown,,Other,35,2018,INTERNATIONAL,MA025
MCP296500BM,250042904,MONTGOMERY,Injury Crash,09/24/2025 07:25:00 AM,County Route,NORWOOD RD,NORBECK RD (WB/L),Front to Front,Cloudy,Dry,Daylight,Traffic Control Signal,"Not Suspect of Alcohol Use, Not Suspect of Drug Use",No,Possible Injury,Not Distracted,MD,Passenger Car,40,2006,TOYOTA,PRIUS
MCP29170053,190041732,Montgomery County Police,Property Damage Crash,08/31/2019 03:14:00 PM,County,BEL PRE RD,CONNECTICUT AVE,HEAD ON LEFT TURN,CLEAR,DRY,DAYLIGHT,TRAFFIC SIGNAL,NONE DETECTED,Yes,NO APPARENT INJURY,NOT DISTRACTED,MD,PASSENGER CAR,35,2005,TOYOTA,COROLLA
DD56510008,210024675,Rockville Police Departme,Property Damage Crash,06/27/2021 07:07:00 PM,Municipality,EDMONSTON DR,LEWIS AVE,HEAD ON LEFT TURN,CLEAR,DRY,DAYLIGHT,NO CONTROLS,UNKNOWN,Yes,NO APPARENT INJURY,UNKNOWN,,UNKNOWN,25,0,UNKNOWN,UNKNOWN
DD5605001X,15065825,ROCKVILLE,Injury Crash,12/23/2015 07:00:00 PM,Maryland (State),W MONTGOMERY AVE,RAMP 1 FR IS 270 NB TO MD 28 WB,SINGLE VEHICLE,RAINING,WET,DARK LIGHTS ON,NO CONTROLS,NONE DETECTED,Yes,SUSPECTED MINOR INJURY,INATTENTIVE OR LOST IN THOUGHT,MD,PASSENGER CAR,35,2007,FORD,FOCUS
MCP26200024,220008986,Montgomery County Police,Property Damage Crash,03-02-22 10:50,Maryland (State),GEORGIA AVE,HICKERSON DR,SINGLE VEHICLE,CLEAR,DRY,DAYLIGHT,,,Yes,NO APPARENT INJURY,UNKNOWN,,PASSENGER CAR,25,2018,CHEVROLET,CRUZE
MCP33050047,250010106,MONTGOMERY,Property Damage Crash,03-07-25 21:48,County Route,ELTON RD,NEW HAMPSHIRE AVE (SB/L),Front to Rear,Clear,Dry,Dark - Lighted,Traffic Control Signal,"Not Suspect of Alcohol Use, Not Suspect of Drug Use",No,No Apparent Injury,Not Distracted,DC,Passenger Car,35,2012,HONDA,ACCORD
MCP2902001H,16058639,Montgomery County Police,Property Damage Crash,11/14/2016 11:40:00 AM,County,MIDDLEBROOK RD,OBSERVATION DR,ANGLE MEETS RIGHT TURN,CLEAR,DRY,DAYLIGHT,TRAFFIC SIGNAL,,Yes,NO APPARENT INJURY,LOOKED BUT DID NOT SEE,MD,PASSENGER CAR,45,2009,VOLSWAGON,JETTA
MCP2251001X,170512763,Montgomery County Police,Property Damage Crash,06-09-17 18:40,Maryland (State),NEW HAMPSHIRE AVE,RAMP 6 FR RP 3 (FR MD200 EB) TO MD650 SB,SAME DIR REAR END,CLEAR,DRY,DAYLIGHT,TRAFFIC SIGNAL,NONE DETECTED,No,NO APPARENT INJURY,NOT DISTRACTED,MD,PICKUP TRUCK,40,2009,FORD,RANGER
MCP2475002T,180028115,Montgomery County Police,Property Damage Crash,06-07-18 16:15,,,,OTHER,,,DAYLIGHT,NO CONTROLS,NONE DETECTED,No,NO APPARENT INJURY,NOT DISTRACTED,MD,POLICE VEHICLE/NON EMERGENCY,0,2007,CHEV,4S
MCP29370038,190028548,Montgomery County Police,Property Damage Crash,06/14/2019 11:35:00 PM,County,MCKNEW RD,SADDLE CREEK DR,HEAD ON,,DRY,DARK LIGHTS ON,NO CONTROLS,,No,NO APPARENT INJURY,NOT DISTRACTED,MD,PASSENGER CAR,35,2012,TOYOTA,COROLLA
MCP2594006R,210026079,Montgomery County Police,Injury Crash,07-07-21 13:45,Maryland (State),NEW HAMPSHIRE AVE,NORWOOD RD,STRAIGHT MOVEMENT ANGLE,CLEAR,DRY,DAYLIGHT,TRAFFIC SIGNAL,NONE DETECTED,No,SUSPECTED SERIOUS INJURY,NOT DISTRACTED,MD,PASSENGER CAR,45,2004,SUBARU,WRX
MCP2311000Z,15051160,MONTGOMERY,Property Damage Crash,10-09-15 3:00,County,CHRISTOPHER AVE,SPUR FR MD 124 TO CO 4863,SINGLE VEHICLE,CLEAR,DRY,DARK LIGHTS ON,FLASHING TRAFFIC SIGNAL,ALCOHOL PRESENT,Yes,NO APPARENT INJURY,NOT DISTRACTED,MD,PASSENGER CAR,35,1997,FORD,MECURY
MCP27710012,170534808,Montgomery County Police,Property Damage Crash,10-04-17 22:25,Maryland (State),S FREDERICK RD,E DEER PARK DR,SAME DIRECTION SIDESWIPE,CLEAR,DRY,DARK LIGHTS ON,TRAFFIC SIGNAL,UNKNOWN,Yes,NO APPARENT INJURY,UNKNOWN,,PASSENGER CAR,35,2008,TOYT,HIGHLANDER
MCP1580008C,180006290,Montgomery County Police,Property Damage Crash,02-06-18 8:31,County,BOWIE MILL RD,FRALEY FARM RD,SINGLE VEHICLE,CLOUDY,DRY,DAYLIGHT,NO CONTROLS,NONE DETECTED,Yes,NO APPARENT INJURY,UNKNOWN,MD,PASSENGER CAR,35,2003,MAZDA,3
MCP1260001P,250057434,MONTGOMERY,Injury Crash,12/24/2025 03:45:00 AM,Maryland (State) Route,FREDERICK RD,RIDGE RD (SB/L),Single Vehicle,Clear,Dry,Dark - Lighted,Flashing Traffic Control Signal,"Not Suspect of Alcohol Use, Not Suspect of Drug Use",Yes,Suspected Minor Injury,Not Distracted,MD,Passenger Car,45,2014,VOLKSWAGEN,JETTA
MCP204600BF,190057114,Montgomery County Police,Property Damage Crash,11/26/2019 02:21:00 PM,County,FAIRLAND RD,OLD COLUMBIA PIKE,OPPOSITE DIRECTION SIDESWIPE,CLEAR,DRY,DAYLIGHT,NO CONTROLS,NONE DETECTED,Yes,NO APPARENT INJURY,NOT DISTRACTED,CA,PASSENGER CAR,40,2019,KIA,OPTIMA
MCP3249001R,210029909,Montgomery County Police,Property Damage Crash,08-02-21 8:52,,,,SINGLE VEHICLE,CLEAR,,DAYLIGHT,STOP SIGN,NONE DETECTED,Yes,NO APPARENT INJURY,NOT DISTRACTED,MD,OTHER,10,2020,THMS,BUS
MCP2952005P,180003994,Montgomery County Police,Property Damage Crash,01/24/2018 07:30:00 AM,Maryland (State),GEORGIA AVE,LOCUST GROVE RD,SAME DIR REAR END,CLOUDY,DRY,DAYLIGHT,NO CONTROLS,NONE DETECTED,No,NO APPARENT INJURY,NOT DISTRACTED,VA,(SPORT) UTILITY VEHICLE,35,2016,NISSAN,ROGUE
MCP913000HL,240005270,MONTGOMERY,Property Damage Crash,02-02-24 6:56,Maryland (State) Route,PINEY BRANCH RD,,"Sideswipe, Same Direction",Cloudy,Wet,Dark - Lighted,No Controls,"Not Suspect of Alcohol Use, Not Suspect of Drug Use",Yes,No Apparent Injury,Not Distracted,MD,Single-Unit Truck,35,2018,MACK,LR
MCP2964002G,170532024,Montgomery County Police,Injury Crash,09/21/2017 07:38:00 PM,County,CRYSTAL ROCK DR,CENTURY BLVD,HEAD ON LEFT TURN,,DRY,DARK LIGHTS ON,TRAFFIC SIGNAL,NONE DETECTED,Yes,POSSIBLE INJURY,LOOKED BUT DID NOT SEE,MD,PASSENGER CAR,40,2007,HONDA,CIVIC
MCP3134000C,180046007,Montgomery County Police,Property Damage Crash,09/14/2018 06:01:00 PM,County,ELTON RD,NEW HAMPSHIRE AVE,SAME DIR REAR END,CLEAR,DRY,DAYLIGHT,STOP SIGN,,Yes,NO APPARENT INJURY,LOOKED BUT DID NOT SEE,MD,PASSENGER CAR,15,2007,FORD,TRUCK
MCP30100096,240000165,MONTGOMERY,Property Damage Crash,01-02-24 8:25,Maryland (State) Route,CONNECTICUT AVE (SB/L),,"Sideswipe, Same Direction",Clear,Dry,Daylight,No Controls,"Not Suspect of Alcohol Use, Not Suspect of Drug Use",No,No Apparent Injury,Not Distracted,MD,Passenger Car,35,2016,TOYOTA,PRIUS
MCP28550015,16024564,Montgomery County Police,Injury Crash,05/17/2016 06:55:00 PM,County,RANDOLPH RD,NEBEL ST,SAME DIR REAR END,RAINING,WET,DAYLIGHT,RAILWAY CROSSING DEVICE,NONE DETECTED,No,NO APPARENT INJURY,UNKNOWN,MD,PASSENGER CAR,35,2011,TOYT,4S
MCP11740045,200002841,Montgomery County Police,Injury Crash,01/17/2020 12:57:00 PM,Maryland (State),EAST WEST HWY,EDGEVALE ST,SINGLE VEHICLE,CLEAR,DRY,DAYLIGHT,NO CONTROLS,NONE DETECTED,Yes,POSSIBLE INJURY,NOT DISTRACTED,DC,PASSENGER CAR,30,2020,VW,JETTA
EJ7880000T,200030766,Gaithersburg Police Depar,Injury Crash,08-08-20 0:12,Maryland (State),S FREDERICK RD,SPUR FR S SUMMIT AVE,HEAD ON,CLEAR,DRY,DARK LIGHTS ON,NO CONTROLS,UNKNOWN,Yes,SUSPECTED SERIOUS INJURY,NOT DISTRACTED,MD,PASSENGER CAR,30,2006,HYUN,4S
MCP9379002G,190029626,Montgomery County Police,Property Damage Crash,06/21/2019 08:56:00 AM,,,,SAME DIRECTION LEFT TURN,UNKNOWN,,DAYLIGHT,,UNKNOWN,Yes,NO APPARENT INJURY,UNKNOWN,,,0,0,UNKNOWN,UNKNOWN
DD5595000Y,15008018,Rockville Police Departme,Property Damage Crash,02/18/2015 02:36:00 PM,Maryland (State),VEIRS MILL RD,ATLANTIC AVE,HEAD ON LEFT TURN,CLOUDY,DRY,DAYLIGHT,TRAFFIC SIGNAL,NONE DETECTED,Yes,NO APPARENT INJURY,NOT DISTRACTED,MD,PASSENGER CAR,35,2010,TOYOTA,COROLLA
MCP32300027,210023784,Montgomery County Police,Property Damage Crash,06/21/2021 04:38:00 PM,Maryland (State),CONNECTICUT AVE,ASPEN HILL RD,SAME DIR REAR END,CLOUDY,WET,DAYLIGHT,TRAFFIC SIGNAL,NONE DETECTED,No,NO APPARENT INJURY,NOT DISTRACTED,MD,PASSENGER CAR,35,2013,LEXUS,4D
MCP2952001K,16005077,Montgomery County Police,Injury Crash,01/31/2016 12:12:00 PM,Ramp,RAMP 6 FR IS 495 EB TO MD 650 SB,NEW HAMPSHIRE AVE,SAME DIR REAR END,CLEAR,DRY,DAYLIGHT,YIELD SIGN,NONE DETECTED,No,SUSPECTED MINOR INJURY,NOT DISTRACTED,MD,PASSENGER CAR,45,2010,TOYT,COROLLA
DD5663001H,240048045,ROCKVILLE,Injury Crash,10-08-24 12:50,Municipality Route,,,Front to Rear,Clear,Dry,Daylight,No Controls,"Not Suspect of Alcohol Use, Not Suspect of Drug Use",Yes,Suspected Minor Injury,Not Distracted,XX,Sport Utility Vehicle,30,2025,JEEP,COMPASS
EJ7839003H,190002924,Gaithersburg Police Depar,Property Damage Crash,01/18/2019 05:18:00 PM,Municipality,FIRSTFIELD RD,QUINCE ORCHARD RD,SAME DIR REAR END,CLEAR,WET,DARK LIGHTS ON,TRAFFIC SIGNAL,NONE DETECTED,Yes,NO APPARENT INJURY,OTHER DISTRACTION,NJ,PASSENGER CAR,25,2005,FORD,ESCAPE
MCP30300072,240055718,MONTGOMERY,Property Damage Crash,11/20/2024 03:27:00 PM,,,,Rear To Side,Clear,,Daylight,,"Not Suspect of Alcohol Use, Not Suspect of Drug Use",Yes,No Apparent Injury,Unknown,,Passenger Car,0,2006,TOYOTA,COROLLA MATRIX
MCP3329003N,250002697,MONTGOMERY,Property Damage Crash,01/19/2025 03:00:00 PM,US (State),COLUMBIA PIKE (SB/L),,Single Vehicle,Blowing Snow,Snow,Daylight,No Controls,"Not Suspect of Alcohol Use, Not Suspect of Drug Use",No,No Apparent Injury,Not Distracted,MD,Passenger Car,45,2008,HONDA,CIVIC
MCP2859007P,190050433,Montgomery County Police,Property Damage Crash,10/21/2019 08:20:00 AM,Maryland (State),KEY WEST AVE,MEDICAL CENTER DR,STRAIGHT MOVEMENT ANGLE,CLOUDY,DRY,DAYLIGHT,NO CONTROLS,NONE DETECTED,No,NO APPARENT INJURY,NOT DISTRACTED,MD,OTHER BUS,35,2018,FORD,STARCRAFT BUS
EJ7829006M,200011672,Gaithersburg Police Depar,Injury Crash,03-09-20 16:50,Maryland (State),W DIAMOND AVE,ENT TO WASHINGTON SUBURBAN SANITARY COMM,SAME DIR REAR END,CLEAR,DRY,DAYLIGHT,TRAFFIC SIGNAL,NONE DETECTED,Yes,NO APPARENT INJURY,UNKNOWN,MD,PASSENGER CAR,40,2017,SUBA,4D
EJ78890028,220015001,Gaithersburg Police Depar,Injury Crash,04-08-22 17:10,Maryland (State),S FREDERICK RD,N WESTLAND DR,SAME DIR REAR END,CLEAR,DRY,DAYLIGHT,TRAFFIC SIGNAL,NONE DETECTED,Yes,NO APPARENT INJURY,NOT DISTRACTED,MD,PASSENGER CAR,35,2016,KIA,SW
MCP2008000X,15012770,Montgomery County Police,Property Damage Crash,03/19/2015 07:12:00 PM,Maryland (State),WISCONSIN AVE,MONTGOMERY AVE,SINGLE VEHICLE,CLEAR,DRY,DARK LIGHTS ON,TRAFFIC SIGNAL,NONE DETECTED,Yes,NO APPARENT INJURY,NOT DISTRACTED,MD,PASSENGER CAR,25,2009,CHRYS,TOWN & COUNTY
MCP20460093,180050332,Montgomery County Police,Injury Crash,10-08-18 16:33,US (State),COLUMBIA PIKE,FAIRLAND RD,STRAIGHT MOVEMENT ANGLE,CLEAR,DRY,DAYLIGHT,TRAFFIC SIGNAL,NONE DETECTED,Yes,POSSIBLE INJURY,NOT DISTRACTED,MD,PASSENGER CAR,50,2018,BMW,430C
MCP11510080,180041629,Montgomery County Police,Property Damage Crash,08/21/2018 04:01:00 PM,County,RIDGE RD,OBSERVATION DR,SAME DIR REAR END,CLOUDY,WET,DAYLIGHT,TRAFFIC SIGNAL,NONE DETECTED,No,NO APPARENT INJURY,NOT DISTRACTED,MD,(SPORT) UTILITY VEHICLE,45,1999,LEXU,RX300
MCP137800RM,190033794,Montgomery County Police,Injury Crash,07/16/2019 05:34:00 PM,County,WALKERS CHOICE RD,MONTGOMERY VILLAGE AVE,SAME DIR REAR END,CLOUDY,DRY,DAYLIGHT,TRAFFIC SIGNAL,UNKNOWN,Yes,NO APPARENT INJURY,UNKNOWN,DC,PASSENGER CAR,25,1999,VOLKSWAGEN,JETTA
MCP2895000X,15010151,Montgomery County Police,Property Damage Crash,03-04-15 8:47,Maryland (State),FREDERICK RD,OXBRIDGE DR,HEAD ON LEFT TURN,,WET,DAYLIGHT,NO CONTROLS,NONE DETECTED,Yes,NO APPARENT INJURY,NOT DISTRACTED,VA,PASSENGER CAR,25,2005,TOYOTA,CAMRY
MCP3238000H,200011735,Montgomery County Police,Property Damage Crash,03-10-20 4:41,County,WHITE GROUNDS RD,OLD BUCKLODGE LA,SINGLE VEHICLE,CLEAR,DRY,DARK NO LIGHTS,NO CONTROLS,NONE DETECTED,Unknown,NO APPARENT INJURY,UNKNOWN,MD,PASSENGER CAR,30,2005,TOYOTA,MATRIX
MCP1027000L,16049902,Montgomery County Police,Injury Crash,09/28/2016 01:00:00 PM,Maryland (State),NEW HAMPSHIRE AVE,NOTLEY RD,SINGLE VEHICLE,,WET,DAYLIGHT,NO CONTROLS,NONE DETECTED,Yes,POSSIBLE INJURY,UNKNOWN,XX,PASSENGER CAR,40,2005,SUBARU,SEDAN
MCP3058005R,250039366,MONTGOMERY,Property Damage Crash,09-02-25 20:40,Municipality Route,ROLLINS AVE,,"Sideswipe, Opposite Direction",Clear,Dry,Dark - Lighted,No Controls,"Not Suspect of Alcohol Use, Not Suspect of Drug Use",No,No Apparent Injury,Not Distracted,MD,Passenger Car,30,2020,HONDA,CIVIC
MCP2496001M,200028264,Montgomery County Police,Injury Crash,07/20/2020 06:30:00 PM,Maryland (State),GEORGIA AVE,RAMP 4 FR MD 97 NB TO IS 495 EB,SINGLE VEHICLE,CLEAR,DRY,DUSK,NO CONTROLS,UNKNOWN,Yes,NO APPARENT INJURY,UNKNOWN,,,25,0,NISSAN,ALTIMA
MCP26890021,16038532,Montgomery County Police,Property Damage Crash,07/30/2016 08:02:00 AM,County,BOU AVE,ROCKVILLE PIKE,SAME DIR BOTH LEFT TURN,CLOUDY,DRY,DAYLIGHT,TRAFFIC SIGNAL,NONE DETECTED,No,NO APPARENT INJURY,LOOKED BUT DID NOT SEE,MD,PICKUP TRUCK,35,1997,FORD,F150
MCP27850030,170526143,Montgomery County Police,Property Damage Crash,08/22/2017 02:03:00 AM,US (State),COLUMBIA PIKE,RAMP 8 FR US 29 SB TO DUSTIN RD,SINGLE VEHICLE,CLEAR,DRY,DARK NO LIGHTS,,,Yes,NO APPARENT INJURY,INATTENTIVE OR LOST IN THOUGHT,MD,PASSENGER CAR,55,2012,VOLK,JETTA
MCP22980057,15017945,Montgomery County Police,Injury Crash,04/17/2015 11:19:00 AM,County,MIDDLEBROOK RD,ENT TO MIDDLEBROOK SQ SHOPPING CENTER,SAME DIR REAR END,CLEAR,DRY,DAYLIGHT,STOP SIGN,NONE DETECTED,No,NO APPARENT INJURY,NOT DISTRACTED,MD,STATION WAGON,40,2004,HOND,ODDSEY
MCP3180001B,200026847,Montgomery County Police,Property Damage Crash,07-10-20 19:10,,,,STRAIGHT MOVEMENT ANGLE,CLEAR,,DAYLIGHT,NO CONTROLS,NONE DETECTED,Yes,NO APPARENT INJURY,LOOKED BUT DID NOT SEE,MD,PASSENGER CAR,40,2000,MER BENX,E430SPT
MCP2910003K,170509524,Montgomery County Police,Injury Crash,04/24/2017 05:21:00 AM,Maryland (State),NEW HAMPSHIRE AVE,SHAW AVE E,STRAIGHT MOVEMENT ANGLE,CLOUDY,WET,OTHER,NO CONTROLS,NONE DETECTED,Yes,NO APPARENT INJURY,NOT DISTRACTED,MD,(SPORT) UTILITY VEHICLE,40,2010,HONDA,PILOT