Report Number,Local Case Number,Agency Name,ACRS Report Type,Crash Date/Time,Route Type,Road Name,Cross-Street Name,Collision Type,Weather,Surface Condition,Light,Traffic Control,Driver Substance Abuse,Driver At Fault,Injury Severity,Driver Distracted By,Drivers License State,Vehicle Body Type,Speed Limit,Vehicle Year,Vehicle Make,Vehicle Model
MCP15950030,250042439,MONTGOMERY,Injury Crash,09/20/2025 09:42:00 PM,Maryland (State) Route,UNIVERSITY BLVD W (WB/L),,Angle,Clear,Dry,Dark - Lighted,No Controls,"Suspect of Alcohol Use, Not Suspect of Drug Use",Yes,No Apparent Injury,Unknown,DC,Sport Utility Vehicle,35,2024,AUDI,Q5
MCP2298009S,16048136,Montgomery County Police,Property Damage Crash,09/19/2016 03:59:00 PM,County,FATHER HURLEY BLVD,RAMP 8 FR IS270 SB TO FATHER HURLEY BLVD,STRAIGHT MOVEMENT ANGLE,CLOUDY,WET,DAYLIGHT,TRAFFIC SIGNAL,NONE DETECTED,Yes,NO APPARENT INJURY,NOT DISTRACTED,MD,PASSENGER CAR,45,1996,HOND,ODYSSEY
MCP30500038,190016536,Montgomery County Police,Injury Crash,04-09-19 17:00,Maryland (State),VEIRS MILL RD,GRIDLEY RD,SAME DIR REAR END,CLEAR,DRY,DAYLIGHT,TRAFFIC SIGNAL,NONE DETECTED,Yes,POSSIBLE INJURY,NOT DISTRACTED,MD,PASSENGER CAR,35,2009,TOYOTA,4D
DD5620004K,190047599,Rockville Police Departme,Property Damage Crash,10-04-19 10:15,Maryland (State),W MONTGOMERY AVE,RAMP 6 FR MD 28 EB TO IS 270 SB,SAME DIRECTION SIDESWIPE,CLEAR,DRY,DAYLIGHT,,NONE DETECTED,Yes,NO APPARENT INJURY,NOT DISTRACTED,MD,PASSENGER CAR,40,2017,SUBARU,FORESTER
MCP15650033,180056027,Montgomery County Police,Property Damage Crash,11-08-18 7:15,County,BEL PRE RD,PARKER FARM WAY,SAME DIR REAR END,,DRY,DAWN,TRAFFIC SIGNAL,NONE DETECTED,Yes,NO APPARENT INJURY,UNKNOWN,MD,PICKUP TRUCK,35,1999,TOYOTA,TACOMA
MCP2399004M,210024112,Montgomery County Police,Property Damage Crash,06/23/2021 08:30:00 PM,County,FULKS FARM RD,OAK BLUFF DR,SAME DIR REAR END,CLEAR,DRY,DAYLIGHT,NO CONTROLS,NONE DETECTED,Yes,NO APPARENT INJURY,OTHER DISTRACTION,MD,PASSENGER CAR,25,2012,NISS,ALTIMA
MCP29690082,190059665,Montgomery County Police,Property Damage Crash,12-11-19 11:27,County,GRANDVIEW AVE,UNIVERSITY BLVD W,SAME DIRECTION SIDESWIPE,CLEAR,DRY,DAYLIGHT,NO CONTROLS,NONE DETECTED,Yes,NO APPARENT INJURY,NOT DISTRACTED,MD,PASSENGER CAR,25,1999,HONDA,ODYSSEY
MCP2564000X,16008039,Montgomery County Police,Property Damage Crash,02/17/2016 08:00:00 PM,County,WATKINS MILL RD,APPLE RIDGE RD,HEAD ON LEFT TURN,CLEAR,DRY,DARK LIGHTS ON,TRAFFIC SIGNAL,UNKNOWN,Yes,NO APPARENT INJURY,UNKNOWN,,,35,0,UNKNOWN,UNKNOWN
MCP235300C2,230032973,Montgomery County Police,Injury Crash,07-11-23 9:50,Interstate (State),NO NAME,WESTLAKE TERR,SAME DIR REAR END,CLOUDY,DRY,DAYLIGHT,NO CONTROLS,NONE DETECTED,No,NO APPARENT INJURY,NOT DISTRACTED,PA,PASSENGER CAR,55,2010,TOYOTA,PRIUS
MCP33130027,240043874,MONTGOMERY,Property Damage Crash,09/14/2024 11:01:00 PM,Maryland (State) Route,LAYHILL RD,,Single Vehicle,Clear,Dry,Dark - Lighted,No Controls,"Not Suspect of Alcohol Use, Not Suspect of Drug Use",Yes,No Apparent Injury,Not Distracted,MD,Passenger Car,35,2012,ACURA,MDX
MCP3280005K,240029450,MONTGOMERY,Property Damage Crash,06/21/2024 01:15:00 PM,US (State),COLUMBIA PIKE (SB/L),GREENCASTLE RD (NB/L),Front to Rear,Clear,Dry,Daylight,Traffic Control Signal,"Not Suspect of Alcohol Use, Not Suspect of Drug Use",Yes,No Apparent Injury,Not Distracted,MD,Passenger Car,50,2020,ACURA,MDX
MCP14000006,15032278,MONTGOMERY,Property Damage Crash,07-01-15 22:40,Maryland (State),GEORGIA AVE,QUEEN MARY DR,STRAIGHT MOVEMENT ANGLE,CLEAR,DRY,DARK NO LIGHTS,NO CONTROLS,NONE DETECTED,Yes,NO APPARENT INJURY,NOT DISTRACTED,MD,PASSENGER CAR,30,2012,HONDA,CRV
MCP2539002H,230050813,Montgomery County Police,Property Damage Crash,08/23/2023 02:39:00 AM,County,RALSTON RD,TUCKERMAN LA,SINGLE VEHICLE,CLEAR,DRY,DARK LIGHTS ON,NO CONTROLS,NONE DETECTED,Yes,NO APPARENT INJURY,INATTENTIVE OR LOST IN THOUGHT,MD,PASSENGER CAR,25,2015,HYUNDAI,SONATA
MCP1148002F,180020609,Montgomery County Police,Property Damage Crash,04/25/2018 11:00:00 AM,,,,OTHER,CLEAR,,DAYLIGHT,NO CONTROLS,UNKNOWN,Yes,NO APPARENT INJURY,UNKNOWN,,PASSENGER CAR,15,2015,MINI,BLACK
MCP133400C2,220001663,Montgomery County Police,Property Damage Crash,01/14/2022 09:20:00 AM,Maryland (State),FREDERICK RD,S WESTLAND DR,SAME DIR REAR END,CLOUDY,DRY,DAYLIGHT,TRAFFIC SIGNAL,NONE DETECTED,No,NO APPARENT INJURY,NOT DISTRACTED,MD,(SPORT) UTILITY VEHICLE,40,2014,HYUNDAI,TK
MCP0973000R,180008644,Montgomery County Police,Property Damage Crash,02/19/2018 04:48:00 PM,Maryland (State),WISCONSIN AVE,MIDDLETON LA,SAME DIR REND LEFT TURN,CLOUDY,WET,DAYLIGHT,NO CONTROLS,NONE DETECTED,Yes,NO APPARENT INJURY,NOT DISTRACTED,MD,PASSENGER CAR,25,2000,TOYT,COROLLA
MCP2780000W,15002301,Montgomery County Police,Property Damage Crash,01/15/2015 08:39:00 AM,Maryland (State),CLOPPER RD,WARING STATION RD,SINGLE VEHICLE,CLEAR,ICE,DAYLIGHT,NO CONTROLS,NONE DETECTED,Yes,NO APPARENT INJURY,NOT DISTRACTED,MD,PASSENGER CAR,30,2010,TOYOTA,COROLLA
MCP30860090,230025080,Montgomery County Police,Property Damage Crash,05/25/2023 01:13:00 PM,County,MILLER FALL RD,MIDCOUNTY HWY,ANGLE MEETS LEFT TURN,CLEAR,DRY,DAYLIGHT,STOP SIGN,NONE DETECTED,Yes,NO APPARENT INJURY,LOOKED BUT DID NOT SEE,MD,PASSENGER CAR,25,2017,TOYT,4S
MCP10640072,180002635,Montgomery County Police,Property Damage Crash,01/17/2018 07:28:00 AM,County,FIELDCREST RD,OLNEY LAYTONSVILLE RD,SINGLE VEHICLE,CLOUDY,SNOW,DAWN,,,Yes,NO APPARENT INJURY,NOT DISTRACTED,VA,PASSENGER CAR,50,2000,PONTIAC,SUNFIRE
MCP2848003R,16066737,Montgomery County Police,Property Damage Crash,12/28/2016 10:27:00 AM,County,PARKLAWN DR,BOILING BROOK PKWY,SAME DIRECTION SIDESWIPE,CLEAR,DRY,DAYLIGHT,NO CONTROLS,NONE DETECTED,No,NO APPARENT INJURY,NOT DISTRACTED,MD,PASSENGER CAR,30,2011,HONDA,CIVIC
MCP0405000W,190046312,Montgomery County Police,Injury Crash,09/27/2019 09:03:00 AM,County,CRYSTAL ROCK DR,CLOVERLEAF CENTER DR,STRAIGHT MOVEMENT ANGLE,CLEAR,DRY,DAYLIGHT,STOP SIGN,NONE DETECTED,Yes,NO APPARENT INJURY,NOT DISTRACTED,FL,PASSENGER CAR,35,2012,HONDA,CRV
MCP913000GN,230054184,Montgomery County Police,Injury Crash,09-11-23 8:07,Maryland (State),PINEY BRANCH RD,UNIVERSITY BLVD E,STRAIGHT MOVEMENT ANGLE,CLOUDY,WET,DAYLIGHT,NO CONTROLS,NONE DETECTED,Yes,NO APPARENT INJURY,NOT DISTRACTED,MD,PASSENGER CAR,30,2003,TOYOTA,COROLLA
MCP3105002S,190056761,Montgomery County Police,Property Damage Crash,11/24/2019 11:47:00 AM,,,,STRAIGHT MOVEMENT ANGLE,CLEAR,,DAYLIGHT,,NONE DETECTED,Yes,NO APPARENT INJURY,INATTENTIVE OR LOST IN THOUGHT,MD,PASSENGER CAR,0,2015,TOYOTA,PRIUS
MCP3027001L,180023851,Montgomery County Police,Injury Crash,05/16/2018 06:38:00 AM,Maryland (State),GEORGIA AVE,COLESVILLE RD,HEAD ON LEFT TURN,CLOUDY,WET,DARK LIGHTS ON,NO CONTROLS,,Yes,NO APPARENT INJURY,UNKNOWN,MD,PASSENGER CAR,35,2016,FORD,4S
MCP2689004T,180035742,Montgomery County Police,Injury Crash,07/17/2018 09:20:00 AM,Maryland (State),QUINCE ORCHARD RD,BOOTH ST,STRAIGHT MOVEMENT ANGLE,CLEAR,DRY,DAYLIGHT,STOP SIGN,UNKNOWN,No,POSSIBLE INJURY,NOT DISTRACTED,MD,PASSENGER CAR,35,2008,MERCEDES-BENZ,C300
MCP26560016,16007130,Montgomery County Police,Injury Crash,02-11-16 17:21,Maryland (State),OLD COLUMBIA PIKE,SPUR TO RAMP 6 FR MD 198 EB TO US 29 SB,STRAIGHT MOVEMENT ANGLE,CLEAR,,DAYLIGHT,TRAFFIC SIGNAL,,No,NO APPARENT INJURY,NOT DISTRACTED,MD,PASSENGER CAR,30,2013,DODGE,DART
DD5598001G,170503007,Rockville Police Departme,Property Damage Crash,04/19/2017 05:14:00 PM,Maryland (State),VEIRS MILL RD,BROADWOOD DR,SAME DIR REAR END,CLOUDY,DRY,DAYLIGHT,TRAFFIC SIGNAL,,No,NO APPARENT INJURY,NOT DISTRACTED,MD,PASSENGER CAR,40,2001,AUDI,A6
MCP137800H3,170513228,Montgomery County Police,Injury Crash,06-12-17 14:49,Maryland (State),MUNCASTER MILL RD,MILLCREST DR,SAME DIR REAR END,CLEAR,DRY,DAYLIGHT,OTHER,NONE DETECTED,Yes,NO APPARENT INJURY,UNKNOWN,MD,(SPORT) UTILITY VEHICLE,35,2007,FORD,ESCAPE
MCP33720031,240047092,MONTGOMERY,Property Damage Crash,10-02-24 18:39,County Route,CONNECTICUT AVE (SB/L),,"Sideswipe, Same Direction",Clear,Dry,Daylight,No Controls,"Not Suspect of Alcohol Use, Not Suspect of Drug Use",No,No Apparent Injury,Unknown,MD,Single-Unit Truck,35,2013,FORD,E-450
EJ78650043,190010493,Gaithersburg Police Depar,Property Damage Crash,03-06-19 17:00,Municipality,E DIAMOND AVE,STRUC #15056,STRAIGHT MOVEMENT ANGLE,CLEAR,DRY,DAYLIGHT,NO CONTROLS,NONE DETECTED,No,NO APPARENT INJURY,NOT DISTRACTED,MD,PASSENGER CAR,25,2016,TOYOTA,RAV4
MCP3069001D,190035675,Montgomery County Police,Property Damage Crash,07/26/2019 09:52:00 PM,Maryland (State),ROCKVILLE PIKE,NICHOLSON LA,STRAIGHT MOVEMENT ANGLE,CLEAR,DRY,DARK LIGHTS ON,TRAFFIC SIGNAL,NONE DETECTED,Yes,NO APPARENT INJURY,INATTENTIVE OR LOST IN THOUGHT,MD,PASSENGER CAR,35,2006,TOYT,4S
MCP1121000Y,15041197,MONTGOMERY,Property Damage Crash,08/17/2015 09:01:00 PM,County,GOSHEN RD,EMORY GROVE RD,HEAD ON LEFT TURN,CLEAR,DRY,DARK LIGHTS ON,NO CONTROLS,NONE DETECTED,No,NO APPARENT INJURY,NOT DISTRACTED,MD,PASSENGER CAR,35,2001,TOYOTA,COROLLA
MCP2916002J,180054929,Montgomery County Police,Property Damage Crash,11-02-18 6:45,US (State),COLUMBIA PIKE,CHERRY HILL RD,SAME DIR REAR END,CLEAR,DRY,DARK LIGHTS ON,NO CONTROLS,NONE DETECTED,No,NO APPARENT INJURY,NOT DISTRACTED,MD,(SPORT) UTILITY VEHICLE,50,2013,MAZDA,TK
MCP2936003K,200004039,Montgomery County Police,Property Damage Crash,01/24/2020 06:15:00 PM,Maryland (State),OLD GEORGETOWN RD,CHESHIRE DR,HEAD ON LEFT TURN,CLEAR,DRY,DARK LIGHTS ON,TRAFFIC SIGNAL,NONE DETECTED,No,NO APPARENT INJURY,NOT DISTRACTED,FL,(SPORT) UTILITY VEHICLE,35,2013,TOYOTA,4RUNNER
MCP1580008M,180018868,Montgomery County Police,Injury Crash,04/18/2018 07:45:00 AM,County,SNOUFFERS SCHOOL RD,MALLORY PL,SAME DIR REAR END,,DRY,DAYLIGHT,NO CONTROLS,NONE DETECTED,No,POSSIBLE INJURY,NOT DISTRACTED,FL,PASSENGER CAR,40,2016,CHEVY,CRUZE
MCP2995000S,16037555,Montgomery County Police,Property Damage Crash,07/24/2016 09:38:00 PM,County,VEIRS MILL RD,GAYNOR RD,SAME DIR REAR END,CLEAR,DRY,DARK LIGHTS ON,TRAFFIC SIGNAL,,No,NO APPARENT INJURY,NOT DISTRACTED,MD,PASSENGER CAR,45,2015,TOYOTA,CAMRY
MCP29390072,250000535,MONTGOMERY,Injury Crash,01-04-25 18:39,Maryland (State) Route,FREDERICK RD,RIDGE RD (SB/L),Front to Front,Clear,Dry,Dark - Lighted,Traffic Control Signal,"Not Suspect of Alcohol Use, Not Suspect of Drug Use",Yes,No Apparent Injury,"Other Action (looking away from task, etc.)",MD,Passenger Car,40,2005,TOYOTA,HIGHLANDER
MCP3091001V,190029167,Montgomery County Police,Property Damage Crash,06/18/2019 05:58:00 PM,County,PINEY MEETINGHOUSE RD,DEERCREST LA,ANGLE MEETS LEFT TURN,CLOUDY,DRY,DAYLIGHT,STOP SIGN,,No,NO APPARENT INJURY,NOT DISTRACTED,MD,PASSENGER CAR,35,2019,FORD,MUSTANG
MCP3391001R,250011460,MONTGOMERY,Property Damage Crash,03/16/2025 02:40:00 AM,Maryland (State) Route,GEORGIA AVE,HICKERSON DR,Angle,Clear,Dry,Dark - Lighted,No Controls,"Not Suspect of Alcohol Use, Not Suspect of Drug Use",No,No Apparent Injury,Not Distracted,MD,Passenger Car,25,2018,HONDA,ACCORD
MCP31610067,240001199,MONTGOMERY,Property Damage Crash,01-08-24 15:57,Maryland (State) Route,CONNECTICUT AVE,,Front to Rear,Clear,Dry,Daylight,No Controls,"Not Suspect of Alcohol Use, Not Suspect of Drug Use",No,No Apparent Injury,Unknown,IN,Passenger Car,35,2002,MAZDA,MPV
DD5582001R,190009759,Rockville Police Departme,Injury Crash,03-01-19 22:18,Municipality,E GUDE DR,TAFT ST,STRAIGHT MOVEMENT ANGLE,RAINING,WET,DARK LIGHTS ON,TRAFFIC SIGNAL,NONE DETECTED,No,POSSIBLE INJURY,UNKNOWN,MD,PASSENGER CAR,40,2018,TOYOTA,CORALLA
MCP33900026,250030400,MONTGOMERY,Property Damage Crash,07-08-25 17:54,Maryland (State) Route,,,Front to Rear,Rain,Wet,Daylight,No Controls,"Unknown, Unknown",No,,,,Passenger Car,40,2011,HONDA,ACCORD
MCP12100044,190052656,Montgomery County Police,Injury Crash,11-01-19 16:06,County,SHADY GROVE RD,OAKMONT AVE,HEAD ON LEFT TURN,CLEAR,DRY,DAYLIGHT,TRAFFIC SIGNAL,NONE DETECTED,No,NO APPARENT INJURY,UNKNOWN,DC,VAN,25,2014,GMC,SAVANA
MCP229800GV,170547220,Montgomery County Police,Injury Crash,12-07-17 17:40,County,CENTURY BLVD,MIDDLEBROOK RD,HEAD ON LEFT TURN,CLEAR,DRY,DARK LIGHTS ON,TRAFFIC SIGNAL,NONE DETECTED,Yes,POSSIBLE INJURY,NOT DISTRACTED,MD,MOTORCYCLE,25,2017,HONDA,250 MOTOR CYCLE
MCP2937000Y,15040567,MONTGOMERY,Injury Crash,08/14/2015 01:28:00 PM,,,,SAME DIR REAR END,CLEAR,,DAYLIGHT,NO CONTROLS,NONE DETECTED,No,SUSPECTED MINOR INJURY,NOT DISTRACTED,MD,PASSENGER CAR,0,2006,CHRY,CN
MCP27670023,16055372,Montgomery County Police,Property Damage Crash,10/27/2016 07:31:00 PM,County,AMHERST AVE,BLUERIDGE AVE,SINGLE VEHICLE,CLEAR,DRY,DARK LIGHTS ON,NO CONTROLS,NONE DETECTED,No,NO APPARENT INJURY,NOT DISTRACTED,MD,PASSENGER CAR,25,2004,TOYT,4S
EJ7818001C,190061070,Gaithersburg Police Depar,Property Damage Crash,12/18/2019 11:50:00 PM,,,,SINGLE VEHICLE,CLEAR,,DARK NO LIGHTS,,ALCOHOL PRESENT,Yes,NO APPARENT INJURY,NOT DISTRACTED,MD,PASSENGER CAR,5,2015,SUBARU,LEGECY
MCP2674002T,220008916,Montgomery County Police,Injury Crash,03-01-22 19:32,Maryland (State),FREDERICK RD,GUNNERS BRANCH RD,SAME DIR REAR END,CLEAR,DRY,DARK LIGHTS ON,NO CONTROLS,NONE DETECTED,Yes,NO APPARENT INJURY,NOT DISTRACTED,MD,PASSENGER CAR,40,2020,DODG,SD
MCP3295003Z,240008039,MONTGOMERY,Injury Crash,02/18/2024 06:44:00 PM,County Route,CHERRY HILL RD,,Other,Clear,Dry,Dark - Lighted,No Controls,"Not Suspect of Alcohol Use, Not Suspect of Drug Use",No,No Apparent Injury,Not Distracted,MD,Passenger Car,40,2022,TESLA,MODEL Y
MCP2848006Z,180030400,Montgomery County Police,Property Damage Crash,06/20/2018 08:58:00 AM,Maryland (State),OLD GEORGETOWN RD,GLENBROOK RD,STRAIGHT MOVEMENT ANGLE,CLEAR,DRY,DAYLIGHT,STOP SIGN,NONE DETECTED,Yes,NO APPARENT INJURY,LOOKED BUT DID NOT SEE,MD,PASSENGER CAR,25,2011,FORD,EDGE
MCP2675001W,180049926,Montgomery County Police,Property Damage Crash,10-06-18 23:40,County,JANET RD,CRISFIELD RD,SAME DIRECTION SIDESWIPE,CLEAR,DRY,DARK LIGHTS ON,NO CONTROLS,NONE DETECTED,No,NO APPARENT INJURY,NOT DISTRACTED,MD,PASSENGER CAR,25,2015,TOYOTA,COROLLA
MCP3003004Q,190055552,Montgomery County Police,Injury Crash,11/18/2019 05:16:00 AM,County,WESTLAKE DR,WESTLAKE TERR,STRAIGHT MOVEMENT ANGLE,CLEAR,WET,DARK LIGHTS ON,TRAFFIC SIGNAL,NONE DETECTED,No,NO APPARENT INJURY,NOT DISTRACTED,MD,PASSENGER CAR,30,2008,CHEVROLET,IMPALA
MCP3181002Z,250051808,MONTGOMERY,Property Damage Crash,11/19/2025 12:15:00 AM,County Route,BEL PRE RD,,Front to Rear,Rain,Wet,Dark - Lighted,No Controls,"Not Suspect of Alcohol Use, Not Suspect of Drug Use",Yes,No Apparent Injury,Unknown,MD,Passenger Car,35,2025,TOYOTA,RAV4 PRIME
MCP28710030,16020198,Montgomery County Police,Property Damage Crash,04/24/2016 04:06:00 PM,,,,STRAIGHT MOVEMENT ANGLE,,,OTHER,STOP SIGN,NONE DETECTED,Yes,NO APPARENT INJURY,LOOKED BUT DID NOT SEE,MD,PASSENGER CAR,15,2012,FORD,EXPLORER
MCP13090040,210044253,Montgomery County Police,Property Damage Crash,11-02-21 10:03,County,SNOWDEN FARM PKWY,GRAND ELM ST,SINGLE VEHICLE,RAINING,WET,DAYLIGHT,TRAFFIC SIGNAL,NONE DETECTED,Yes,NO APPARENT INJURY,INATTENTIVE OR LOST IN THOUGHT,MD,PASSENGER CAR,40,2007,NISS,ALTIMA
MCP1378010P,220007586,Montgomery County Police,Property Damage Crash,02/21/2022 01:30:00 PM,County,CHERRY HILL RD,BROADBIRCH DR,STRAIGHT MOVEMENT ANGLE,CLEAR,DRY,DAYLIGHT,TRAFFIC SIGNAL,NONE DETECTED,Yes,NO APPARENT INJURY,NOT DISTRACTED,MD,PASSENGER CAR,30,2012,TOYT,CAMRY
MCP3113007L,250047034,MONTGOMERY,Property Damage Crash,10/19/2025 09:00:00 PM,US (State),COLUMBIA PIKE (SB/L),,"Sideswipe, Same Direction",Clear,Dry,Dark - Lighted,No Controls,"Not Suspect of Alcohol Use, Not Suspect of Drug Use",No,No Apparent Injury,Not Distracted,MD,Passenger Car,40,2013,TOYOTA,COROLLA
MCP2827000Z,15009920,Montgomery County Police,Property Damage Crash,03-02-15 19:42,Maryland (State),SPENCERVILLE RD,GOOD HOPE RD,SAME DIR REAR END,CLEAR,DRY,DARK LIGHTS ON,NO CONTROLS,NONE DETECTED,No,NO APPARENT INJURY,NOT DISTRACTED,MD,PASSENGER CAR,45,2009,TOYOTA,CAMRY
MCP00360037,15060145,MONTGOMERY,Property Damage Crash,11/24/2015 06:30:00 PM,Interstate (State),EISENHOWER MEMORIAL HWY,RAMP 2 FR MD 118 WB TO IS 270 NB,SAME DIR REAR END,CLEAR,DRY,DARK LIGHTS ON,,NONE DETECTED,No,NO APPARENT INJURY,NOT DISTRACTED,MD,PASSENGER CAR,55,2016,AUDI,4DR
MCP2936003L,200004650,Montgomery County Police,Property Damage Crash,01/28/2020 03:00:00 PM,Maryland (State),ROCKVILLE PIKE,MARINELLI RD,STRAIGHT MOVEMENT ANGLE,CLEAR,DRY,DAYLIGHT,NO CONTROLS,NONE DETECTED,No,NO APPARENT INJURY,NOT DISTRACTED,MD,(SPORT) UTILITY VEHICLE,35,2014,CURA,MDX
MCP3037007N,250051777,MONTGOMERY,Property Damage Crash,11/18/2025 07:28:00 PM,,,,Angle,Rain,,Dark - Lighted,,"Not Suspect of Alcohol Use, Not Suspect of Drug Use",No,No Apparent Injury,Not Distracted,MD,Passenger Car,0,2015,NISSAN,ALTIMA
MCP2798005L,230006125,Montgomery County Police,Injury Crash,02-06-23 21:50,County,WATERS LANDING DR,PICKERING PL,SINGLE VEHICLE,CLEAR,DRY,DARK LIGHTS ON,NO CONTROLS,UNKNOWN,Yes,SUSPECTED MINOR INJURY,NOT DISTRACTED,MD,PASSENGER CAR,30,2019,KIA,OPTIMA
MCP31930020,200048926,Montgomery County Police,Property Damage Crash,12-11-20 22:40,County,RANDOLPH RD,LINDELL ST,SAME DIR REAR END,CLEAR,DRY,DARK -- UNKNOWN LIGHTING,OTHER,NONE DETECTED,Yes,NO APPARENT INJURY,OTHER DISTRACTION,MD,"OTHER LIGHT TRUCKS (10,000LBS (4,536KG) OR LESS)",40,2018,FORD,TK
MCP3246001Q,230021886,Montgomery County Police,Property Damage Crash,05-07-23 21:29,Maryland (State),NEW HAMPSHIRE AVE,GOOD HOPE RD,OTHER,RAINING,WET,DARK LIGHTS ON,,NONE DETECTED,No,NO APPARENT INJURY,NOT DISTRACTED,MD,PASSENGER CAR,45,1999,CHEVY,CORVETTE
MCP2539000V,170504607,Montgomery County Police,Property Damage Crash,04/27/2017 09:52:00 PM,Maryland (State),WISCONSIN AVE,HAMPDEN LA,SAME DIR REAR END,CLEAR,DRY,DARK LIGHTS ON,NO CONTROLS,NONE DETECTED,Yes,NO APPARENT INJURY,NOT DISTRACTED,DC,PASSENGER CAR,25,2016,DODGE,DART
MCP3084001D,180021487,Montgomery County Police,Property Damage Crash,05-02-18 12:00,,,,SINGLE VEHICLE,CLEAR,,OTHER,NO CONTROLS,NONE DETECTED,Yes,NO APPARENT INJURY,LOOKED BUT DID NOT SEE,MD,AMBULANCE/EMERGENCY,5,2013,FORD,TK
MCP2513000V,180006597,Montgomery County Police,Injury Crash,02-07-18 21:48,US (State),COLESVILLE RD,DALE DR,SAME DIR REAR END,CLEAR,DRY,DARK LIGHTS ON,TRAFFIC SIGNAL,NONE DETECTED,No,NO APPARENT INJURY,NOT DISTRACTED,MD,PASSENGER CAR,35,2012,FORD,F150
MCP2934002F,17015738,Montgomery County Police,Property Damage Crash,03/28/2017 07:17:00 AM,Maryland (State),ROCKVILLE PIKE,ENT TO MID-PIKE PLAZA,SAME DIR REAR END,CLEAR,WET,DAYLIGHT,TRAFFIC SIGNAL,NONE DETECTED,No,NO APPARENT INJURY,NOT DISTRACTED,MD,PASSENGER CAR,40,2009,FORD,ESCAPE
MCP28700022,16066789,Montgomery County Police,Property Damage Crash,12/28/2016 03:31:00 PM,,,,OTHER,CLEAR,,DAYLIGHT,,NONE DETECTED,No,NO APPARENT INJURY,NOT DISTRACTED,MD,POLICE VEHICLE/EMERGENCY,10,2013,FORD,EXPLORER
MCP27100037,200005194,Montgomery County Police,Injury Crash,01/31/2020 05:46:00 PM,Maryland (State),S FREDERICK RD,N WESTLAND DR,SAME DIR REAR END,,DRY,DARK LIGHTS ON,,NONE DETECTED,Yes,POSSIBLE INJURY,UNKNOWN,MD,PASSENGER CAR,45,2014,NISSAN,4S
MCP2372006Z,240049774,MONTGOMERY,Injury Crash,10/18/2024 05:51:00 AM,Maryland (State) Route,RIVER RD (WB/L),WILSON LA,Other,Clear,Dry,Dark - Lighted,Traffic Control Signal,"Not Suspect of Alcohol Use, Not Suspect of Drug Use",No,No Apparent Injury,Unknown,VA,Pickup,35,2007,TOYOTA,TUNDRA
MCP3137001Y,240029024,MONTGOMERY,Injury Crash,06/18/2024 07:17:00 PM,County Route,CANBERRA ST,,"Sideswipe, Same Direction",Clear,Dry,Daylight,No Controls,"Not Suspect of Alcohol Use, Not Suspect of Drug Use",Yes,Possible Injury,"Other Action (looking away from task, etc.)",DC,Passenger Car,15,2020,HONDA,CIVIC
MCP3305002B,230031162,Montgomery County Police,Property Damage Crash,06/29/2023 10:32:00 PM,Maryland (State),NEW HAMPSHIRE AVE,ELTON RD,SAME DIR REAR END,,,DARK LIGHTS ON,TRAFFIC SIGNAL,NONE DETECTED,Yes,NO APPARENT INJURY,LOOKED BUT DID NOT SEE,MD,PASSENGER CAR,45,2014,SUBARU,FORESTER
MCP9321000W,16028169,Montgomery County Police,Property Damage Crash,06-05-16 5:00,County,VALLEYWOOD DR,ANDREW ST,SAME DIR REAR END,,DRY,DARK LIGHTS ON,NO CONTROLS,UNKNOWN,Yes,NO APPARENT INJURY,UNKNOWN,MD,PASSENGER CAR,20,2005,HONDA,4 DOOR
MCP2016004W,190059483,Montgomery County Police,Property Damage Crash,12-06-19 15:30,,,,OTHER,,,DAYLIGHT,,UNKNOWN,Yes,NO APPARENT INJURY,UNKNOWN,,PASSENGER CAR,10,2017,TOYOTA,4S
MCP261700B4,220015160,Montgomery County Police,Property Damage Crash,04-09-22 21:00,County,CHERRY HILL RD,PLUM ORCHARD DR,HEAD ON LEFT TURN,CLEAR,DRY,DARK LIGHTS ON,TRAFFIC SIGNAL,NONE DETECTED,No,NO APPARENT INJURY,NOT DISTRACTED,MD,PASSENGER CAR,40,2011,HONDA,ACCORD
MCP3395004S,250058324,MONTGOMERY,Injury Crash,01-06-26 13:03,County Route,NICHOLSON LA,WHITE FLINT MALL ENT,"Sideswipe, Same Direction",Cloudy,Dry,Daylight,Traffic Control Signal,"Not Suspect of Alcohol Use, Not Suspect of Drug Use",No,No Apparent Injury,Unknown,MD,Sport Utility Vehicle,25,2020,HONDA,CR-V
MCP1323001L,210049043,Montgomery County Police,Property Damage Crash,12-03-21 8:34,US (State),COLESVILLE RD,FENTON ST,STRAIGHT MOVEMENT ANGLE,,DRY,DAYLIGHT,TRAFFIC SIGNAL,NONE DETECTED,Yes,NO APPARENT INJURY,NOT DISTRACTED,MD,PASSENGER CAR,35,2008,MERCURY,MARINE
MCP1531000S,200038701,Montgomery County Police,Injury Crash,10-01-20 22:14,County,GLEN RD,S GLEN RD,HEAD ON,RAINING,WET,DARK NO LIGHTS,NO CONTROLS,NONE DETECTED,Yes,NO APPARENT INJURY,NOT DISTRACTED,MD,PASSENGER CAR,30,2003,DODG,DAKOTA