Report Number,Local Case Number,Agency Name,ACRS Report Type,Crash Date/Time,Route Type,Road Name,Cross-Street Name,Collision Type,Weather,Surface Condition,Light,Traffic Control,Driver Substance Abuse,Driver At Fault,Injury Severity,Driver Distracted By,Drivers License State,Vehicle Body Type,Speed Limit,Vehicle Year,Vehicle Make,Vehicle Model
MCP31390019,190027254,Montgomery County Police,Property Damage Crash,06-07-19 15:19,County,RUPPERT RD,GATEWOOD AVE,SINGLE VEHICLE,CLEAR,,DAYLIGHT,,,Unknown,NO APPARENT INJURY,NOT DISTRACTED,MD,SCHOOL BUS,25,2013,THOMAS,BUS
MCP2927000H,15036355,MONTGOMERY,Property Damage Crash,07/23/2015 05:34:00 PM,Maryland (State),GEORGIA AVE,AUGUST DR,SAME DIR REAR END,CLEAR,DRY,DAYLIGHT,NO CONTROLS,NONE DETECTED,Yes,NO APPARENT INJURY,LOOKED BUT DID NOT SEE,MD,PASSENGER CAR,35,1997,DODGE,VN
MCP2966007D,240022797,MONTGOMERY,Property Damage Crash,05/14/2024 06:07:00 PM,Maryland (State) Route,,RUNNING BROOK DR,Front to Rear,Rain,Wet,Daylight,Pedestrian Crossing Sign,"Not Suspect of Alcohol Use, Not Suspect of Drug Use",No,No Apparent Injury,Not Distracted,MD,Passenger Car,40,2010,LEXUS,LS
MCP25150016,17016615,Montgomery County Police,Property Damage Crash,04-01-17 18:10,County,FIELDCREST RD,WOODFIELD RD,SAME DIR REAR END,CLEAR,DRY,DAYLIGHT,TRAFFIC SIGNAL,NONE DETECTED,No,NO APPARENT INJURY,NOT DISTRACTED,MD,PASSENGER CAR,50,2002,HOND,4S
MCP2950000C,15025048,Montgomery County Police,Property Damage Crash,05/30/2015 10:46:00 PM,Maryland (State),GREAT SENECA HWY,CLOPPER RD,SAME DIR REAR END,CLEAR,DRY,DARK LIGHTS ON,TRAFFIC SIGNAL,NONE DETECTED,No,NO APPARENT INJURY,NOT DISTRACTED,MD,PASSENGER CAR,40,2010,TOYOTA,COROLLA
MCP21420001,15048105,MONTGOMERY,Property Damage Crash,09/22/2015 02:30:00 PM,,,,UNKNOWN,CLEAR,,DAYLIGHT,NO CONTROLS,UNKNOWN,Yes,NO APPARENT INJURY,UNKNOWN,,UNKNOWN,10,0,UU,UU
EJ7781003D,220014752,Gaithersburg Police Depar,Injury Crash,04-07-22 9:10,Municipality,W DEER PARK RD,SUNNYSIDE CT,SAME DIRECTION SIDESWIPE,RAINING,WET,DAYLIGHT,NO CONTROLS,NONE DETECTED,No,POSSIBLE INJURY,NOT DISTRACTED,MD,PASSENGER CAR,25,2009,NISS,ALTIMA
MCP2984000F,16004990,Montgomery County Police,Property Damage Crash,01/30/2016 10:36:00 PM,County,MIDDLEBROOK RD,LOCBURY DR,ANGLE MEETS LEFT TURN,CLEAR,DRY,DARK LIGHTS ON,STOP SIGN,,No,NO APPARENT INJURY,NOT DISTRACTED,MD,PASSENGER CAR,35,2014,BUICK,VERANO
MCP32700007,200031587,Montgomery County Police,Property Damage Crash,08/13/2020 07:53:00 PM,,,,OTHER,CLEAR,,DAYLIGHT,,,No,NO APPARENT INJURY,NOT DISTRACTED,MD,PASSENGER CAR,5,2007,BMW,4S
MCP24360067,180051404,Montgomery County Police,Injury Crash,10/14/2018 07:37:00 AM,County,E WAYNE AVE,FLOWER AVE,STRAIGHT MOVEMENT ANGLE,CLEAR,DRY,DAYLIGHT,TRAFFIC SIGNAL,NONE DETECTED,Yes,POSSIBLE INJURY,UNKNOWN,MD,PASSENGER CAR,30,2013,VW,PASSAT
MCP2469000C,15003386,Montgomery County Police,Property Damage Crash,01/21/2015 01:06:00 PM,US (State),COLUMBIA PIKE,BRIGGS CHANEY RD,STRAIGHT MOVEMENT ANGLE,BLOWING SNOW,SNOW,DAYLIGHT,TRAFFIC SIGNAL,NONE DETECTED,No,NO APPARENT INJURY,NOT DISTRACTED,NC,PASSENGER CAR,35,2003,HONDA,ELEMENT
MCP1260001H,240044564,MONTGOMERY,Property Damage Crash,09/18/2024 07:16:00 PM,Maryland (State) Route,GERMANTOWN RD (SB/L),,Front to Rear,Cloudy,Wet,Dark - Lighted,Traffic Control Signal,"Not Suspect of Alcohol Use, Not Suspect of Drug Use",No,No Apparent Injury,Not Distracted,MD,Passenger Car,40,2024,TESLA,32
MCP26110018,16020046,Montgomery County Police,Property Damage Crash,04/23/2016 06:41:00 PM,,,,OTHER,CLEAR,,DAYLIGHT,NO CONTROLS,UNKNOWN,Yes,NO APPARENT INJURY,UNKNOWN,MD,PASSENGER CAR,15,2005,PONT,4D
MCP3398000J,240008317,MONTGOMERY,Property Damage Crash,02/20/2024 12:30:00 PM,County Route,GOSHEN RD,,Front to Rear,Clear,Dry,Daylight,Traffic Control Signal,"Not Suspect of Alcohol Use, Not Suspect of Drug Use",No,No Apparent Injury,Not Distracted,MD,Passenger Car,40,2022,MAZDA,CX-5
MCP3264001Y,210031706,Montgomery County Police,Injury Crash,08/15/2021 11:53:00 AM,County,FENTON ST,ALLEY,STRAIGHT MOVEMENT ANGLE,CLEAR,DRY,DAYLIGHT,NO CONTROLS,NONE DETECTED,Yes,NO APPARENT INJURY,LOOKED BUT DID NOT SEE,MD,PASSENGER CAR,25,2012,HONDA,ACCORD
DM8490003L,250045480,TAKOMA,Injury Crash,10-09-25 19:47,Maryland (State) Route,UNIVERSITY BLVD,,"Sideswipe, Same Direction",Clear,Dry,Dark - Lighted,No Controls,"Not Suspect of Alcohol Use, Not Suspect of Drug Use",No,Suspected Minor Injury,Unknown,,Unknown,25,2024,YAMAHA,MTN320 (MT-03)
MCP2843002S,250020638,MONTGOMERY,Property Damage Crash,05-10-25 15:37,Local Route,BOARDWALK PL,,Front to Rear,Clear,Dry,Daylight,No Controls,"Not Suspect of Alcohol Use, Not Suspect of Drug Use",No,No Apparent Injury,Not Distracted,MD,Passenger Car,25,2014,LEXUS,ES
MCP2889002Z,17054899,Montgomery County Police,Injury Crash,12/16/2017 06:47:00 PM,Maryland (State),VEIRS MILL RD,PENDLETON DR,OTHER,CLEAR,DRY,DARK LIGHTS ON,,ALCOHOL PRESENT,Yes,NO APPARENT INJURY,NOT DISTRACTED,MD,PASSENGER CAR,35,2005,CHRY,TOWN/COUNTRY
DD5638001T,200028602,Rockville Police Departme,Property Damage Crash,07/23/2020 01:30:00 PM,Municipality,SEVEN LOCKS RD,FORTUNE TERR,SAME DIR REAR END,CLEAR,DRY,DAYLIGHT,TRAFFIC SIGNAL,,Yes,NO APPARENT INJURY,LOOKED BUT DID NOT SEE,MD,PASSENGER CAR,35,2009,MITS,GALANT
MCP3022002W,190030747,Montgomery County Police,Property Damage Crash,06/27/2019 09:21:00 PM,Maryland (State),RIDGE RD,BETHESDA CHURCH RD,OTHER,CLEAR,DRY,DARK LIGHTS ON,TRAFFIC SIGNAL,,Yes,NO APPARENT INJURY,UNKNOWN,MD,PASSENGER CAR,30,2006,HONDA,4S
MCP3198003B,210046108,Montgomery County Police,Property Damage Crash,11/13/2021 08:31:00 PM,County,ELKIN ST,AMHERST AVE,SAME DIR REAR END,CLEAR,DRY,DARK LIGHTS ON,STOP SIGN,ALCOHOL PRESENT,Yes,NO APPARENT INJURY,UNKNOWN,MD,PASSENGER CAR,25,2016,HONDA,CIVIC
MCP1213007R,230027800,Montgomery County Police,Property Damage Crash,06-09-23 16:45,Maryland (State),NEW HAMPSHIRE AVE,CLOVERLY ST,STRAIGHT MOVEMENT ANGLE,CLEAR,DRY,DAYLIGHT,STOP SIGN,NONE DETECTED,No,NO APPARENT INJURY,NOT DISTRACTED,MD,(SPORT) UTILITY VEHICLE,40,2016,HYUN,UT
MCP3066000C,170534811,Montgomery County Police,Injury Crash,10-04-17 22:21,County,MACARTHUR BLVD,CLARA BARTON PKWY,SAME DIR REAR END,CLEAR,DRY,DARK LIGHTS ON,STOP SIGN,,Yes,NO APPARENT INJURY,OTHER ELECTRONIC DEVICE (NAVIGATIONAL PALM PILOT),MD,PASSENGER CAR,35,2009,GMC,YUKON
MCP2832009R,240042582,MONTGOMERY,Injury Crash,09-08-24 11:45,Maryland (State) Route,ROCKVILLE PIKE,,Front to Rear,Clear,Dry,Daylight,No Controls,"Not Suspect of Alcohol Use, Not Suspect of Drug Use",Yes,Suspected Minor Injury,"Other Action (looking away from task, etc.)",MD,Passenger Car,45,2014,HONDA,ACCORD
MCP30910033,210045081,Montgomery County Police,Property Damage Crash,11-07-21 11:25,County,REDLAND RD,ENT SHADY GROVE METRO STATION,HEAD ON LEFT TURN,CLEAR,DRY,DAYLIGHT,TRAFFIC SIGNAL,,No,NO APPARENT INJURY,NOT DISTRACTED,MD,TRANSIT BUS,40,2019,GILG,BUS
MCP29740039,200042721,Montgomery County Police,Injury Crash,10/29/2020 07:00:00 PM,Maryland (State),NEW HAMPSHIRE AVE,HEARTFIELDS DR,SAME DIR REAR END,RAINING,WET,DARK LIGHTS ON,TRAFFIC SIGNAL,,Yes,NO APPARENT INJURY,UNKNOWN,MD,PASSENGER CAR,40,2014,SUBA,OUTBACK
MCP2827001L,15052030,MONTGOMERY,Property Damage Crash,10/13/2015 08:07:00 PM,Maryland (State),SPENCERVILLE RD,STABLER LA,SAME DIR REAR END,CLEAR,DRY,DARK LIGHTS ON,NO CONTROLS,NONE DETECTED,No,NO APPARENT INJURY,NOT DISTRACTED,MD,PASSENGER CAR,40,2012,NISS,4S
MCP20880007,170521788,Montgomery County Police,Injury Crash,07/29/2017 07:55:00 AM,Maryland (State),RIDGE RD,DAVIS MILL RD,HEAD ON LEFT TURN,CLOUDY,DRY,DAYLIGHT,NO CONTROLS,NONE DETECTED,No,SUSPECTED SERIOUS INJURY,NOT DISTRACTED,MA,(SPORT) UTILITY VEHICLE,40,2000,MERCURY,MOUNTAINEER
EJ7870004Y,210045502,Gaithersburg Police Depar,Injury Crash,11-10-21 7:43,Maryland (State),W DIAMOND AVE,KING JAMES WAY,SAME DIRECTION SIDESWIPE,CLEAR,DRY,DAYLIGHT,NO CONTROLS,NONE DETECTED,No,POSSIBLE INJURY,NOT DISTRACTED,MD,PASSENGER CAR,35,2016,ACUR,4S
MCP2871004S,170541354,Montgomery County Police,Property Damage Crash,11-06-17 19:50,Maryland (State),MONTROSE PKWY,MONTROSE PKWY (BACK),HEAD ON LEFT TURN,CLEAR,WET,DARK LIGHTS ON,TRAFFIC SIGNAL,NONE DETECTED,Yes,NO APPARENT INJURY,NOT DISTRACTED,VA,VAN,35,2010,CHEVY,EXPRESS VAN
MCP0613000F,15027169,Montgomery County Police,Property Damage Crash,06-05-15 6:33,Maryland (State),GEORGIA AVE,BORDLY DR,SINGLE VEHICLE,RAINING,WET,DAYLIGHT,NO CONTROLS,NONE DETECTED,Yes,NO APPARENT INJURY,NOT DISTRACTED,MD,PASSENGER CAR,40,2014,HYUN,SONATA
MCP2773001R,16018521,Montgomery County Police,Injury Crash,04/15/2016 07:06:00 PM,,,,OTHER,CLEAR,,DAYLIGHT,NO CONTROLS,NONE DETECTED,No,NO APPARENT INJURY,NOT DISTRACTED,MD,PASSENGER CAR,5,1995,MAZD,4S
EJ7863000B,16038423,Gaithersburg Police Depar,Property Damage Crash,07/29/2016 06:28:00 PM,County,ODENDHAL AVE,GOSHEN RD,SAME DIRECTION RIGHT TURN,CLEAR,DRY,DAYLIGHT,,NONE DETECTED,Yes,NO APPARENT INJURY,LOOKED BUT DID NOT SEE,MD,PASSENGER CAR,30,2012,CHEV,4S
MCP3158002X,200043692,Montgomery County Police,Property Damage Crash,11-05-20 15:20,County,WASHINGTON GROVE LA,EMORY GROVE RD,OTHER,CLEAR,DRY,DAYLIGHT,TRAFFIC SIGNAL,NONE DETECTED,No,NO APPARENT INJURY,NOT DISTRACTED,MD,PASSENGER CAR,35,2011,DODGE,SD
MCP2975000P,15045689,MONTGOMERY,Injury Crash,09-10-15 7:57,County,GRIDLEY RD,VEIRS MILL RD,HEAD ON LEFT TURN,CLEAR,DRY,DAYLIGHT,TRAFFIC SIGNAL,NONE DETECTED,No,NO APPARENT INJURY,NOT DISTRACTED,MD,PASSENGER CAR,35,2014,TOYOTA,COROLLA
MCP30390080,250045631,MONTGOMERY,Injury Crash,10-10-25 17:51,Maryland (State) Route,GEORGIA AVE,FENWICK LA,Angle,Clear,Dry,Daylight,No Controls,"Not Suspect of Alcohol Use, Not Suspect of Drug Use",Yes,Possible Injury,Not Distracted,MD,Passenger Car,35,2025,TOYOTA,COROLLA
MCP2411006Q,210015947,Montgomery County Police,Injury Crash,04/29/2021 10:31:00 AM,Maryland (State),HUNGERFORD DR,COLLEGE PKWY,SAME DIR REAR END,CLEAR,DRY,DAYLIGHT,TRAFFIC SIGNAL,NONE DETECTED,No,SUSPECTED MINOR INJURY,NOT DISTRACTED,MD,PASSENGER CAR,40,2013,HYUNDAI,ELANTRA
MCP2080000G,180010661,Montgomery County Police,Property Damage Crash,03-01-18 17:45,County,RANDOLPH RD,NEW HAMPSHIRE AVE,HEAD ON LEFT TURN,RAINING,WET,DARK LIGHTS ON,TRAFFIC SIGNAL,NONE DETECTED,No,NO APPARENT INJURY,NOT DISTRACTED,MD,PASSENGER CAR,45,2006,INFINIT,G35X
MCP2970003F,170543727,Montgomery County Police,Property Damage Crash,11/19/2017 02:41:00 PM,Maryland (State),UNIVERSITY BLVD W,AMHERST AVE,SAME DIR REAR END,CLEAR,DRY,DAYLIGHT,TRAFFIC SIGNAL,,Yes,NO APPARENT INJURY,NOT DISTRACTED,XX,POLICE VEHICLE/EMERGENCY,40,1998,HOND,ACCORD
MCP3207001M,210015556,Montgomery County Police,Injury Crash,04/26/2021 03:23:00 PM,County,BROADBIRCH DR,CHERRY HILL RD,SAME DIR REAR END,CLEAR,DRY,DAYLIGHT,TRAFFIC SIGNAL,NONE DETECTED,No,POSSIBLE INJURY,NOT DISTRACTED,MD,PASSENGER CAR,35,2012,NISSAN,ATIMA
MCP2549005Q,170500137,Montgomery County Police,Property Damage Crash,04-03-17 9:30,County,WILMETT RD,WILMETT CT,SAME DIRECTION SIDESWIPE,CLEAR,DRY,DAYLIGHT,,NONE DETECTED,Yes,NO APPARENT INJURY,NOT DISTRACTED,MD,SCHOOL BUS,25,2008,FRIEGHTLINER,SCHOOL BUS
MCP1202004K,200025414,Montgomery County Police,Property Damage Crash,06/30/2020 11:20:00 AM,,,,OTHER,CLEAR,,DAYLIGHT,,NONE DETECTED,Yes,NO APPARENT INJURY,DISTRACTED BY OUTSIDE PERSON OBJECT OR EVENT,MD,PASSENGER CAR,5,2016,TOYOTA,SCION TC
MCP30260037,180044327,Montgomery County Police,Property Damage Crash,09-05-18 14:40,Interstate (State),CAPITAL BELTWAY,EXIT #33,SAME DIRECTION SIDESWIPE,CLEAR,DRY,DAYLIGHT,,NONE DETECTED,Yes,NO APPARENT INJURY,LOOKED BUT DID NOT SEE,MD,PASSENGER CAR,55,2016,CHEVY,IMPALA
MCP157500D4,220003033,Montgomery County Police,Property Damage Crash,01/24/2022 08:59:00 AM,,,,SAME DIRECTION SIDESWIPE,CLEAR,,DAYLIGHT,NO CONTROLS,NONE DETECTED,No,NO APPARENT INJURY,NOT DISTRACTED,MD,POLICE VEHICLE/NON EMERGENCY,40,2013,DODG,CARAVAN
MCP3014001C,180006769,Montgomery County Police,Injury Crash,02-08-18 22:31,County,RANDOLPH RD,DALEWOOD DR,SAME DIR REAR END,CLEAR,DRY,DARK LIGHTS ON,,NONE DETECTED,Yes,SUSPECTED MINOR INJURY,UNKNOWN,VA,PASSENGER CAR,35,2011,HYUNDAI,SONATA
MCP137800F6,16061522,Montgomery County Police,Injury Crash,11/30/2016 05:23:00 PM,Maryland (State),DARNESTOWN RD,ENT TO POTOMAC VALLEY SHOPPING CTR,STRAIGHT MOVEMENT ANGLE,RAINING,WET,DARK LIGHTS ON,TRAFFIC SIGNAL,NONE DETECTED,No,NO APPARENT INJURY,NOT DISTRACTED,MD,(SPORT) UTILITY VEHICLE,30,2015,AUDI,Q5
MCP2678004Y,240042993,MONTGOMERY,Property Damage Crash,09-10-24 12:59,Maryland (State) Route,UNIVERSITY BLVD W (WB/L),,"Sideswipe, Same Direction",Clear,Dry,Daylight,No Controls,"Not Suspect of Alcohol Use, Not Suspect of Drug Use",No,No Apparent Injury,Not Distracted,,Other Trucks,35,2006,KENWORTH,T800
MCP2756001G,16032568,Montgomery County Police,Property Damage Crash,06/27/2016 05:38:00 PM,Maryland (State),UNIVERSITY BLVD W,GRANDVIEW AVE,SAME DIRECTION SIDESWIPE,CLOUDY,DRY,DAYLIGHT,NO CONTROLS,NONE DETECTED,No,NO APPARENT INJURY,NOT DISTRACTED,MD,VAN,10,2001,HONDA,ODYSEY
DD55980004,15045098,ROCKVILLE,Injury Crash,09-07-15 12:11,Maryland (State),HUNGERFORD DR,PARK RD,STRAIGHT MOVEMENT ANGLE,CLEAR,DRY,DAYLIGHT,TRAFFIC SIGNAL,,No,POSSIBLE INJURY,NOT DISTRACTED,MD,PASSENGER CAR,35,2010,CHEVROLET,4S
MCP06850043,180012380,Montgomery County Police,Injury Crash,03-12-18 9:12,Maryland (State),DARNESTOWN RD,BERRYVILLE RD,SAME DIR REAR END,CLEAR,DRY,DAYLIGHT,NO CONTROLS,NONE DETECTED,Yes,NO APPARENT INJURY,NOT DISTRACTED,MD,PASSENGER CAR,50,2009,KIA,4S
MCP2077002J,180044872,Montgomery County Police,Property Damage Crash,09-08-18 11:20,County,BITTERROOT WAY,DELPHINIUM LA,OTHER,CLOUDY,DRY,DAYLIGHT,,NONE DETECTED,Yes,NO APPARENT INJURY,LOOKED BUT DID NOT SEE,MD,FIRE VEHICLE/NON EMERGENCY,25,2009,GMC,TK
DD5611005R,190009549,Rockville Police Departme,Injury Crash,02/28/2019 05:00:00 PM,Municipality,COLLEGE PKWY,YALE PL,SAME DIR REAR END,CLEAR,DRY,DAYLIGHT,NO CONTROLS,NONE DETECTED,No,POSSIBLE INJURY,NOT DISTRACTED,MD,PASSENGER CAR,25,2006,TOYT,TK
MCP3149002B,210021574,Montgomery County Police,Injury Crash,06-07-21 8:58,US (State),COLESVILLE RD,RAMP 8 FR US 29 SB TO IS 495 WB,SAME DIR REAR END,CLEAR,DRY,DAYLIGHT,,NONE DETECTED,No,SUSPECTED MINOR INJURY,NOT DISTRACTED,MD,(SPORT) UTILITY VEHICLE,35,2018,HYUNDAI,SANTA FE
MCP3379000K,240013963,MONTGOMERY,Injury Crash,03/24/2024 02:50:00 PM,County Route,ARORA HILLS DR,SKYLARK RD,Angle,Clear,Dry,Daylight,Stop Sign,"Not Suspect of Alcohol Use, Not Suspect of Drug Use",Yes,Possible Injury,Unknown,MD,Passenger Car,25,2006,CHEVROLET,MALIBU
MCP27380025,17013761,Montgomery County Police,Injury Crash,03/17/2017 05:18:00 PM,US (State),COLUMBIA PIKE,STEWART LA,SAME DIR REAR END,CLEAR,DRY,DAYLIGHT,TRAFFIC SIGNAL,,No,NO APPARENT INJURY,NOT DISTRACTED,MD,PASSENGER CAR,50,2016,TOYOTA,4S
MCP1301000M,16024265,Montgomery County Police,Property Damage Crash,05/16/2016 09:43:00 AM,County,E GUDE DR,CALHOUN DR,SAME DIR REAR END,CLEAR,DRY,DAYLIGHT,FLASHING TRAFFIC SIGNAL,NONE DETECTED,Yes,NO APPARENT INJURY,NOT DISTRACTED,MD,(SPORT) UTILITY VEHICLE,40,2003,STRN,TK
MCP2586002N,17011666,Montgomery County Police,Injury Crash,03-05-17 15:53,US (State),COLUMBIA PIKE,FAIRLAND RD,SAME DIR REAR END,CLEAR,DRY,DAYLIGHT,TRAFFIC SIGNAL,NONE DETECTED,Yes,NO APPARENT INJURY,UNKNOWN,MD,PASSENGER CAR,50,2007,CHEVROLET,IMPALA
DD5636002Y,200031420,Rockville Police Departme,Property Damage Crash,08-12-20 18:14,Municipality,EDMONSTON DR,ROCKVILLE PIKE,HEAD ON,RAINING,WET,DAYLIGHT,TRAFFIC SIGNAL,NONE DETECTED,Yes,NO APPARENT INJURY,LOOKED BUT DID NOT SEE,MD,PASSENGER CAR,25,2016,DODGE,JOURNEY
DM83390001,15012356,Takoma Park Police Depart,Injury Crash,03/17/2015 06:38:00 PM,Maryland (State),EAST WEST HWY,RED TOP RD,STRAIGHT MOVEMENT ANGLE,CLEAR,DRY,DAYLIGHT,,NONE DETECTED,No,NO APPARENT INJURY,NOT DISTRACTED,MD,PASSENGER CAR,30,1983,CHEV,MONTE CARLO
EJ7894004Y,240043555,GAITHERSBURG,Property Damage Crash,09/13/2024 10:59:00 AM,County Route,MUDDY BRANCH RD (SB/L),GREAT SENECA HWY (SB/L),Front to Rear,Cloudy,Dry,Daylight,Traffic Control Signal,"Not Suspect of Alcohol Use, Not Suspect of Drug Use",No,No Apparent Injury,Not Distracted,MD,Passenger Car,50,2011,HONDA,UNKNOWN
MCP1433004Z,230017319,Montgomery County Police,Property Damage Crash,04-11-23 18:10,,,,SAME DIR REAR END,CLEAR,,DAYLIGHT,NO CONTROLS,NONE DETECTED,No,NO APPARENT INJURY,NOT DISTRACTED,MD,PASSENGER CAR,15,2019,VOLKSWAGON,JETTA
MCP1212001N,190023688,Montgomery County Police,Injury Crash,05/19/2019 01:45:00 PM,County,CLARKSBURG RD,STRUC #M0011 LITTLE BENNETT CREEK,SAME DIRECTION LEFT TURN,CLEAR,DRY,DAYLIGHT,NO CONTROLS,NONE DETECTED,No,NO APPARENT INJURY,LOOKED BUT DID NOT SEE,MD,PASSENGER CAR,30,1997,HONDA,4S
MCP2845002W,170517256,Montgomery County Police,Property Damage Crash,07-04-17 12:35,Maryland (State),NEW HAMPSHIRE AVE,RAMP 4 FR MD 650 NB TO IS 495 EB,SAME DIR REAR END,CLEAR,DRY,DAYLIGHT,NO CONTROLS,UNKNOWN,Yes,NO APPARENT INJURY,UNKNOWN,,PASSENGER CAR,40,2004,NISSAN,SENTRA
MCP2824001D,15042666,MONTGOMERY,Injury Crash,08/25/2015 06:24:00 PM,County,TRAVILAH RD,POTOMAC EDGE WAY,ANGLE MEETS LEFT TURN,,DRY,DAYLIGHT,STOP SIGN,,Yes,NO APPARENT INJURY,NOT DISTRACTED,MD,PASSENGER CAR,30,2010,HYUN,4S
MCP1382002H,15051886,MONTGOMERY,Property Damage Crash,10/13/2015 07:28:00 AM,County,FENTON ST,KING ST,SAME DIR REAR END,CLEAR,DRY,DAYLIGHT,NO CONTROLS,NONE DETECTED,Yes,NO APPARENT INJURY,NOT DISTRACTED,MD,PASSENGER CAR,25,2005,TOYOTA,4S COROLLA
MCP2412001B,200007653,Montgomery County Police,Injury Crash,02/15/2020 03:27:00 AM,Maryland (State),UNIVERSITY BLVD E,PINEY BRANCH RD,SAME DIR REAR END,,DRY,DARK LIGHTS ON,TRAFFIC SIGNAL,NONE DETECTED,No,NO APPARENT INJURY,NOT DISTRACTED,XX,PASSENGER CAR,35,2019,BMW,X5
DD5658001F,230064534,Rockville Police Departme,Property Damage Crash,11-05-23 12:05,,GLENN MILL ROAD,WOTTON PARKWAY,OTHER,CLEAR,DRY,DAYLIGHT,NO CONTROLS,,Yes,NO APPARENT INJURY,UNKNOWN,MD,PASSENGER CAR,25,2008,LEXU,4S
MCP3053009J,250056604,MONTGOMERY,Property Damage Crash,12/18/2025 05:51:00 PM,Maryland (State) Route,VEIRS MILL RD (WB/L),CONNECTICUT AVE (SB/L),Front to Front,Clear,Dry,Dark - Lighted,Traffic Control Signal,"Not Suspect of Alcohol Use, Not Suspect of Drug Use",Yes,No Apparent Injury,Not Distracted,MD,Passenger Car,30,2023,FREIGHTLINER,MT 45G FRONT GASOLINE ENGINE WALK IN VAN
MCP3133004W,230060013,Montgomery County Police,Injury Crash,10-12-23 8:46,Maryland (State),NORBECK RD,RADWICK LA,SAME DIR REAR END,CLEAR,DRY,DAYLIGHT,NO CONTROLS,NONE DETECTED,No,POSSIBLE INJURY,NOT DISTRACTED,MD,PASSENGER CAR,40,2020,TOYOTA,COROLLA
DD5626000P,180044322,Rockville Police Departme,Injury Crash,09-05-18 14:34,Service Road,W CAMPUS DR,SPUR FR N CAMPUS DR,HEAD ON LEFT TURN,CLEAR,DRY,DAYLIGHT,YIELD SIGN,NONE DETECTED,Yes,SUSPECTED MINOR INJURY,UNKNOWN,MD,PASSENGER CAR,15,2013,BMW,4S
MCP2693001Q,16063822,Montgomery County Police,Property Damage Crash,12-12-16 19:42,Maryland (State),CONNECTICUT AVE,CROSSOVER,ANGLE MEETS LEFT TURN,CLEAR,DRY,DARK LIGHTS ON,NO CONTROLS,NONE DETECTED,No,NO APPARENT INJURY,NOT DISTRACTED,MD,PASSENGER CAR,45,2013,LEXUS,LS300
HA23680002,15000776,MCPARK,Property Damage Crash,07/23/2015 09:06:00 AM,Maryland (State),ROCKVILLE PIKE,TUCKERMAN LA,SAME DIR REAR END,CLEAR,DRY,DAYLIGHT,TRAFFIC SIGNAL,NONE DETECTED,Yes,NO APPARENT INJURY,NOT DISTRACTED,MD,PASSENGER CAR,35,2005,SAAB,4DR
DM8504000F,220004100,Takoma Park Police Depart,Property Damage Crash,01/31/2022 08:46:00 AM,Municipality,GRANT AVE,HANCOCK AVE,SAME DIRECTION SIDESWIPE,CLEAR,DRY,DAYLIGHT,NO CONTROLS,NONE DETECTED,Yes,NO APPARENT INJURY,NOT DISTRACTED,MD,SCHOOL BUS,25,2019,FRHT,BU
MCP158000DX,210021044,Montgomery County Police,Property Damage Crash,06-03-21 11:25,Municipality,S SUMMIT AVE,OLDE TOWNE AVE,STRAIGHT MOVEMENT ANGLE,,DRY,DAYLIGHT,NO CONTROLS,NONE DETECTED,No,NO APPARENT INJURY,NOT DISTRACTED,MD,(SPORT) UTILITY VEHICLE,25,2020,KIA,SORENTO
MCP1389001J,180014421,Montgomery County Police,Property Damage Crash,03/23/2018 05:36:00 PM,Maryland (State),MUNCASTER MILL RD,SNOUFFERS SCHOOL RD (BACK),SAME DIR REAR END,,DRY,DAYLIGHT,TRAFFIC SIGNAL,NONE DETECTED,No,NO APPARENT INJURY,NOT DISTRACTED,MD,(SPORT) UTILITY VEHICLE,40,2005,TOYOTA,RAV4
MCP2823002F,17010235,Montgomery County Police,Injury Crash,02/25/2017 06:34:00 PM,County,SELFRIDGE RD,RANDOLPH RD,SAME DIR REAR END,CLEAR,DRY,DARK LIGHTS ON,,ALCOHOL PRESENT,Yes,NO APPARENT INJURY,UNKNOWN,MD,PASSENGER CAR,30,2004,VOLKSWAGON,PASSAT
MCP1151008Q,180061201,Montgomery County Police,Injury Crash,12-07-18 11:15,Interstate (State),EISENHOWER MEMORIAL HWY,RAMP 1 FR IS 270 NB TO MIDDLEBROOK RD WB,SAME DIR REAR END,CLEAR,DRY,DAYLIGHT,,NONE DETECTED,Yes,NO APPARENT INJURY,LOOKED BUT DID NOT SEE,MD,PASSENGER CAR,55,2003,NISS,ALTIMA
DD5680000T,250016927,ROCKVILLE,Property Damage Crash,04/18/2025 06:07:00 PM,,,,Single Vehicle,Clear,,Daylight,,"Not Suspect of Alcohol Use, Not Suspect of Drug Use",Yes,No Apparent Injury,Unknown,MD,Passenger Car,0,2021,NISSAN,ALTIMA
MCP2469000D,15007107,Montgomery County Police,Property Damage Crash,02-12-15 11:11,,,,HEAD ON LEFT TURN,CLEAR,,DAYLIGHT,NO CONTROLS,NONE DETECTED,No,NO APPARENT INJURY,NOT DISTRACTED,MD,PASSENGER CAR,15,2006,TOYOTA,SEQUOIA
DM83520003,180029926,Takoma Park Police Depart,Property Damage Crash,06/17/2018 01:47:00 PM,Maryland (State),UNIVERSITY BLVD E,ALLEY,SAME DIR REAR END,,DRY,DAYLIGHT,,NONE DETECTED,No,NO APPARENT INJURY,NOT DISTRACTED,MD,PASSENGER CAR,25,2002,CHEVY,TRAIL BLAZ