Report Number,Local Case Number,Agency Name,ACRS Report Type,Crash Date/Time,Route Type,Road Name,Cross-Street Name,Collision Type,Weather,Surface Condition,Light,Traffic Control,Driver Substance Abuse,Driver At Fault,Injury Severity,Driver Distracted By,Drivers License State,Vehicle Body Type,Speed Limit,Vehicle Year,Vehicle Make,Vehicle Model
MCP2867001G,15039062,MONTGOMERY,Property Damage Crash,08-06-15 12:29,US (State),COLESVILLE RD,LANARK WAY,SAME DIR REAR END,CLOUDY,DRY,DAYLIGHT,NO CONTROLS,NONE DETECTED,No,NO APPARENT INJURY,NOT DISTRACTED,MD,PICKUP TRUCK,40,2009,DODG,TK
MCP3094004B,240021367,MONTGOMERY,Injury Crash,05-06-24 20:14,County Route,SNOUFFERS SCHOOL RD,,Single Vehicle,Clear,Dry,Dark - Lighted,No Controls,"Not Suspect of Alcohol Use, Not Suspect of Drug Use",No,No Apparent Injury,Not Distracted,MD,Motorcycle - 2 Wheeled,40,2000,HARLEY DAVIDSON,SPORTSTER 883
MCP93990027,240026083,MONTGOMERY,Property Damage Crash,06-01-24 22:22,County Route,TRAVILAH RD,,Single Vehicle,Clear,Dry,Dark - Lighted,No Controls,"Not Suspect of Alcohol Use, Not Suspect of Drug Use",No,No Apparent Injury,"Manually Operating (dialing, playing game, etc.)",MD,Passenger Car,30,2016,MAZDA,CX-5
MCP23560011,180048365,Montgomery County Police,Property Damage Crash,09/27/2018 07:22:00 PM,County,SHADY GROVE RD,CRABBS BRANCH WAY,HEAD ON LEFT TURN,RAINING,WET,DARK -- UNKNOWN LIGHTING,TRAFFIC SIGNAL,NONE DETECTED,No,NO APPARENT INJURY,NOT DISTRACTED,MD,AMBULANCE/EMERGENCY,45,2018,NISSAN,VERSA
MCP93860080,200050158,Montgomery County Police,Property Damage Crash,12/21/2020 12:50:00 PM,County,WHITTIER BLVD,LANDON LA,STRAIGHT MOVEMENT ANGLE,CLEAR,DRY,DAYLIGHT,STOP SIGN,NONE DETECTED,Yes,NO APPARENT INJURY,UNKNOWN,MD,PASSENGER CAR,30,2014,HYUNDAI,SONATA
MCP23960037,190027721,Montgomery County Police,Property Damage Crash,05/14/2019 01:00:00 PM,,,,STRAIGHT MOVEMENT ANGLE,CLOUDY,,DAYLIGHT,NO CONTROLS,NONE DETECTED,Yes,NO APPARENT INJURY,LOOKED BUT DID NOT SEE,MD,PASSENGER CAR,5,2006,ACURA,TL
MCP27170035,15049991,MONTGOMERY,Property Damage Crash,10-02-15 16:10,Maryland (State),ROCKVILLE PIKE,CEDAR LA,SAME DIRECTION SIDESWIPE,RAINING,WET,DAYLIGHT,TRAFFIC SIGNAL,NONE DETECTED,Yes,NO APPARENT INJURY,UNKNOWN,MD,VAN,35,2011,TOYOTA,SIENNA
MCP23110057,180063722,Montgomery County Police,Property Damage Crash,12/21/2018 06:57:00 AM,County,EAST VILLAGE AVE,HARRON VALLEY WAY,SAME DIR REAR END,RAINING,WET,DAWN,,,No,NO APPARENT INJURY,NOT DISTRACTED,MD,PASSENGER CAR,35,2000,HOND,VAN
MCP2094009H,170546952,Montgomery County Police,Injury Crash,12-06-17 12:52,Maryland (State),ROCKVILLE PIKE,BROAD BROOK DR,SAME DIR REAR END,CLEAR,DRY,DAYLIGHT,NO CONTROLS,NONE DETECTED,Yes,NO APPARENT INJURY,NOT DISTRACTED,MD,VAN,35,2002,DODGE,RAM2500
MCP20940080,17010672,Montgomery County Police,Injury Crash,02/28/2017 10:37:00 AM,Maryland (State),OLD GEORGETOWN RD,CORDELL AVE,STRAIGHT MOVEMENT ANGLE,CLEAR,DRY,DAYLIGHT,STOP SIGN,NONE DETECTED,No,NO APPARENT INJURY,NOT DISTRACTED,NC,(SPORT) UTILITY VEHICLE,25,2013,FORD,EXPLORER
MCP2914005J,170538173,Montgomery County Police,Injury Crash,10/22/2017 04:04:00 PM,Maryland (State),NEW HAMPSHIRE AVE,DILSTON RD,SAME DIR REAR END,CLEAR,,DAYLIGHT,TRAFFIC SIGNAL,,No,POSSIBLE INJURY,NOT DISTRACTED,MD,PASSENGER CAR,40,2003,MITS,4S
MCP2776003D,200026427,Montgomery County Police,Injury Crash,07-07-20 22:50,County,BEL PRE RD,CONNECTICUT AVE,SAME DIR REAR END,CLEAR,DRY,DARK LIGHTS ON,TRAFFIC SIGNAL,UNKNOWN,No,POSSIBLE INJURY,NOT DISTRACTED,MD,(SPORT) UTILITY VEHICLE,35,2016,LAND ROVER,RANGE ROVER
MCP2345000T,220056330,Montgomery County Police,Property Damage Crash,12/20/2022 12:00:00 AM,Maryland (State),FALLS RD,VICTORY LA,OTHER,CLEAR,DRY,DARK LIGHTS ON,,NONE DETECTED,Yes,NO APPARENT INJURY,OTHER DISTRACTION,MD,PASSENGER CAR,35,2022,LEXUS,UNK
MCP22870009,250026895,MONTGOMERY,Property Damage Crash,06/16/2025 04:49:00 PM,County Route,RANDOLPH RD,,Front to Rear,Rain,Wet,Daylight,Intersection Ahead Warning Sign,"Not Suspect of Alcohol Use, Not Suspect of Drug Use",Yes,No Apparent Injury,Not Distracted,MD,Sport Utility Vehicle,40,2017,LEXUS,NX
MCP29460061,230063754,Montgomery County Police,Property Damage Crash,10/25/2023 10:15:00 AM,County,FATHER HURLEY BLVD,RAMP 8 FR IS270 SB TO FATHER HURLEY BLVD,SAME DIRECTION SIDESWIPE,CLEAR,DRY,DAYLIGHT,YIELD SIGN,NONE DETECTED,No,NO APPARENT INJURY,NOT DISTRACTED,MD,PASSENGER CAR,40,2014,HONDA,CIVIC
EJ78290055,180054474,Gaithersburg Police Depar,Property Damage Crash,10/30/2018 08:45:00 PM,Municipality,SCHOOL DR,MUDDY BRANCH RD,SAME DIRECTION SIDESWIPE,CLEAR,DRY,DARK NO LIGHTS,NO CONTROLS,NONE DETECTED,Unknown,NO APPARENT INJURY,NOT DISTRACTED,MD,PASSENGER CAR,25,2016,HONDA,TK
MCP2664003J,170525167,Montgomery County Police,Injury Crash,08/16/2017 02:50:00 PM,Maryland (State),GEORGIA AVE,HERMITAGE AVE,SAME DIR REAR END,CLEAR,DRY,DAYLIGHT,NO CONTROLS,NONE DETECTED,No,POSSIBLE INJURY,UNKNOWN,MD,PASSENGER CAR,35,2006,HOND,CRV
MCP2830004C,190015178,Montgomery County Police,Property Damage Crash,04-02-19 6:00,Maryland (State),GEORGIA AVE,INTERCOUNTY CONNECTOR,STRAIGHT MOVEMENT ANGLE,,DRY,DARK NO LIGHTS,FLASHING TRAFFIC SIGNAL,UNKNOWN,Yes,NO APPARENT INJURY,UNKNOWN,,PASSENGER CAR,50,2009,SUBARU,4S
MCP26170058,180006275,Montgomery County Police,Injury Crash,02-06-18 7:15,Maryland (State),NEW HAMPSHIRE AVE,WINDSWEPT LA,HEAD ON,CLEAR,DRY,DAWN,NO CONTROLS,NONE DETECTED,Yes,SUSPECTED SERIOUS INJURY,NOT DISTRACTED,MD,PASSENGER CAR,35,2010,FORD,ESCAPE
MCP3075004G,240014536,MONTGOMERY,Property Damage Crash,03/27/2024 08:31:00 PM,County Route,CENTURY BLVD,,Rear To Side,Rain,Wet,Dark - Lighted,Stop Sign,"Not Suspect of Alcohol Use, Not Suspect of Drug Use",No,No Apparent Injury,Not Distracted,MD,Sport Utility Vehicle,30,2020,VOLKSWAGEN,TIGUAN
MCP3091004S,240028963,MONTGOMERY,Injury Crash,06/18/2024 12:46:00 PM,Municipality Route,WATKINS POND BLVD (EB/L),W GUDE DR (WB/L),Front to Rear,Clear,Dry,Daylight,Traffic Control Signal,"Not Suspect of Alcohol Use, Not Suspect of Drug Use",No,No Apparent Injury,Not Distracted,CA,Passenger Car,40,2003,HUMMER,H2
DM8421000P,16047289,Takoma Park Police Depart,Property Damage Crash,09/15/2016 07:16:00 AM,Maryland (State),PHILADELPHIA AVE,MAPLE AVE,SINGLE VEHICLE,CLEAR,DRY,DARK LIGHTS ON,TRAFFIC SIGNAL,NONE DETECTED,Yes,NO APPARENT INJURY,NOT DISTRACTED,DC,OTHER,25,2011,TOYOTA,COROLLA
DD5637001N,200023909,Rockville Police Departme,Property Damage Crash,06/18/2020 06:30:00 PM,Maryland (State),W MONTGOMERY AVE,HURLEY AVE,SAME DIRECTION RIGHT TURN,CLEAR,DRY,DAYLIGHT,NO CONTROLS,NONE DETECTED,No,NO APPARENT INJURY,NOT DISTRACTED,XX,(SPORT) UTILITY VEHICLE,45,2016,TOYOTA,HIGHLANDER
DM84210031,220027058,Takoma Park Police Depart,Injury Crash,06/23/2022 11:24:00 AM,Maryland (State),UNIVERSITY BLVD E,MERRIMAC DR,SAME DIR REAR END,RAINING,WET,DAYLIGHT,TRAFFIC SIGNAL,NONE DETECTED,Yes,NO APPARENT INJURY,NOT DISTRACTED,AK,PASSENGER CAR,30,2014,JEEP,4X4
MCP30080014,170531078,Montgomery County Police,Property Damage Crash,09/17/2017 05:24:00 AM,US (State),COLUMBIA PIKE,STEWART LA,STRAIGHT MOVEMENT ANGLE,,DRY,DARK LIGHTS ON,TRAFFIC SIGNAL,NONE DETECTED,No,NO APPARENT INJURY,NOT DISTRACTED,MD,PASSENGER CAR,50,2003,MAZDA,VN
MCP28050022,16052161,Montgomery County Police,Property Damage Crash,10-10-16 19:47,,,,HEAD ON LEFT TURN,CLEAR,,DARK LIGHTS ON,NO CONTROLS,NONE DETECTED,Yes,NO APPARENT INJURY,LOOKED BUT DID NOT SEE,MD,PASSENGER CAR,15,1998,TOYT,CAMRY
MCP2291002D,170548589,Montgomery County Police,Injury Crash,12/14/2017 03:47:00 PM,Maryland (State),CONNECTICUT AVE,RAYMOND ST,SINGLE VEHICLE,CLEAR,DRY,DAYLIGHT,NO CONTROLS,NONE DETECTED,Yes,SUSPECTED MINOR INJURY,NOT DISTRACTED,DC,STATION WAGON,30,2017,VOLKSWAGON,STATION WAGON
MCP3257008X,250036805,MONTGOMERY,Property Damage Crash,08/17/2025 10:00:00 PM,Maryland (State) Route,16TH ST (SB/L),,Front to Rear,Clear,Wet,Dark - Lighted,Traffic Control Signal,"Unknown, Unknown",No,,,,Sport Utility Vehicle,25,0,,
MCP2947000S,15042543,MONTGOMERY,Injury Crash,08/25/2015 06:59:00 AM,County,RANDOLPH RD,GLENMONT CIR #1,SAME DIR REAR END,CLEAR,DRY,DAWN,TRAFFIC SIGNAL,NONE DETECTED,Yes,NO APPARENT INJURY,UNKNOWN,MD,(SPORT) UTILITY VEHICLE,30,2000,DODGE,DAKOTA
MCP2116006W,170525207,Montgomery County Police,Injury Crash,08/16/2017 06:16:00 PM,County,SHADY GROVE RD,CRABBS BRANCH WAY,STRAIGHT MOVEMENT ANGLE,CLEAR,DRY,DAYLIGHT,TRAFFIC SIGNAL,NONE DETECTED,No,POSSIBLE INJURY,NOT DISTRACTED,MD,PASSENGER CAR,40,2012,HOND,TK
MCP2617006N,180063180,Montgomery County Police,Property Damage Crash,12/18/2018 03:20:00 PM,Maryland (State),GEORGIA AVE,BATCHELLORS FOREST RD,SAME DIR REAR END,CLEAR,DRY,DAYLIGHT,NO CONTROLS,NONE DETECTED,No,NO APPARENT INJURY,NOT DISTRACTED,MD,PASSENGER CAR,50,2011,TOYOTA,SEQUOIA
MCP137800CX,16050315,Montgomery County Police,Injury Crash,09/30/2016 04:54:00 PM,County,GOSHEN RD,SNOUFFERS SCHOOL RD,STRAIGHT MOVEMENT ANGLE,RAINING,WET,DAYLIGHT,TRAFFIC SIGNAL,NONE DETECTED,No,POSSIBLE INJURY,NOT DISTRACTED,MD,PASSENGER CAR,30,1995,TOYT,CAMRY
DD5583008Q,240016054,ROCKVILLE,Property Damage Crash,04-06-24 12:40,Maryland (State) Route,W MONTGOMERY AVE (WB/L),,Front to Rear,Clear,Dry,Daylight,Traffic Control Signal,"Not Suspect of Alcohol Use, Not Suspect of Drug Use",No,No Apparent Injury,Not Distracted,MD,Sport Utility Vehicle,40,2012,AUDI,Q5
MCP1366009H,190031276,Montgomery County Police,Property Damage Crash,07-01-19 8:40,Maryland (State),DARNESTOWN RD,SPRING MEADOWS DR,SAME DIR REAR END,CLEAR,DRY,DAYLIGHT,TRAFFIC SIGNAL,NONE DETECTED,Yes,NO APPARENT INJURY,INATTENTIVE OR LOST IN THOUGHT,MD,PASSENGER CAR,40,2008,HOND,TK
MCP1378011P,220030439,Montgomery County Police,Property Damage Crash,07/15/2022 02:42:00 PM,Maryland (State),VEIRS MILL RD,NORRIS DR,SAME DIR REAR END,CLEAR,DRY,DAYLIGHT,TRAFFIC SIGNAL,NONE DETECTED,No,NO APPARENT INJURY,NOT DISTRACTED,MD,PASSENGER CAR,35,2002,LEXUS,ES
MCP3198002S,210013446,Montgomery County Police,Property Damage Crash,04-10-21 20:25,Maryland (State),GEORGIA AVE,RANDOLPH RD,SAME DIRECTION RIGHT TURN,,DRY,DARK LIGHTS ON,,NONE DETECTED,No,NO APPARENT INJURY,NOT DISTRACTED,MD,TRANSIT BUS,35,2006,NEW FLYER,DE40LF
MCP9392001L,230071191,Montgomery County Police,Property Damage Crash,12-11-23 23:03,County,WATKINS MILL RD,APPLE RIDGE RD,OPPOSITE DIRECTION SIDESWIPE,CLEAR,DRY,DARK LIGHTS ON,TRAFFIC SIGNAL,NONE DETECTED,Yes,NO APPARENT INJURY,NOT DISTRACTED,XX,PASSENGER CAR,35,2016,HYUNDAI,SONATA
MCP2031001R,190003338,Montgomery County Police,Injury Crash,01/22/2019 09:54:00 AM,Maryland (State),RIDGE RD,HAWKES RD,ANGLE MEETS RIGHT TURN,CLEAR,DRY,DAYLIGHT,NO CONTROLS,NONE DETECTED,No,NO APPARENT INJURY,NOT DISTRACTED,MD,PASSENGER CAR,40,2012,TOYOTA,TACOMA
MCP26780059,250015949,MONTGOMERY,Injury Crash,04-12-25 11:27,Maryland (State) Route,GEORGIA AVE (SB/L),,Other,Cloudy,Wet,Daylight,No Controls,"Not Suspect of Alcohol Use, Not Suspect of Drug Use",No,Suspected Minor Injury,Not Distracted,VA,Passenger Car,25,2022,TOYOTA,CAMRY
MCP3386002D,250006705,MONTGOMERY,Property Damage Crash,02/14/2025 05:11:00 PM,Maryland (State) Route,,,"Sideswipe, Same Direction",Clear,Dry,Daylight,Traffic Control Signal,"Not Suspect of Alcohol Use, Not Suspect of Drug Use",No,No Apparent Injury,Not Distracted,MD,Passenger Car,35,2015,SUBARU,XV CROSSTREK
MCP27300033,220054207,Montgomery County Police,Property Damage Crash,12-08-22 8:10,County,MIDDLEBROOK RD,DIRECTIONAL CROSSOVER,SAME DIR REAR END,CLEAR,WET,DAYLIGHT,TRAFFIC SIGNAL,,Yes,NO APPARENT INJURY,LOOKED BUT DID NOT SEE,MD,PASSENGER CAR,35,2013,CHEVY,MALIBU
MCP2608000S,15008407,Montgomery County Police,Property Damage Crash,02/20/2015 07:08:00 PM,Interstate (State),CAPITAL BELTWAY,EXIT #30,SAME DIR REAR END,CLEAR,DRY,DARK LIGHTS ON,NO CONTROLS,NONE DETECTED,Yes,NO APPARENT INJURY,NOT DISTRACTED,MD,PASSENGER CAR,55,1999,HONDA,CRV
MCP23530038,16062989,Montgomery County Police,Property Damage Crash,12-08-16 10:17,,,,SAME DIRECTION SIDESWIPE,CLEAR,,DAYLIGHT,NO CONTROLS,NONE DETECTED,Yes,NO APPARENT INJURY,LOOKED BUT DID NOT SEE,PA,"MEDIUM/HEAVY TRUCKS 3 AXLES (OVER 10,000LBS (4,536KG))",15,2006,INTERNATIONAL,TK
MCP3450001J,250046245,MONTGOMERY,Property Damage Crash,10/14/2025 06:30:00 PM,County Route,BROADBIRCH DR,,"Sideswipe, Same Direction",Clear,Dry,Daylight,No Controls,"Not Suspect of Alcohol Use, Not Suspect of Drug Use",No,No Apparent Injury,Not Distracted,MD,Passenger Car,30,2014,HONDA,ACCORD
MCP3000005C,250016041,MONTGOMERY,Injury Crash,04-12-25 23:43,Maryland (State) Route,GERMANTOWN RD (SB/L),MIDDLEBROOK RD (WB/L),Other,Clear,Wet,Dark - Lighted,Traffic Control Signal,"Not Suspect of Alcohol Use, Not Suspect of Drug Use",No,No Apparent Injury,Not Distracted,MD,Sport Utility Vehicle,35,2015,TOYOTA,RAV4
MCP3268001B,210043953,Montgomery County Police,Property Damage Crash,10/31/2021 12:29:00 PM,County,E RANDOLPH RD,TOURMALINE CT,SAME DIR REAR END,CLEAR,DRY,DAYLIGHT,NO CONTROLS,,Yes,NO APPARENT INJURY,NOT DISTRACTED,MD,PASSENGER CAR,30,2011,HONDA,ACCORD
MCP2780003L,180002874,Montgomery County Police,Property Damage Crash,01/18/2018 12:47:00 PM,County,FATHER HURLEY BLVD,RAMP 6 FR FATHER HURLEY BLVD TO IS270 SB,SAME DIR REAR END,CLEAR,DRY,DAYLIGHT,NO CONTROLS,NONE DETECTED,Yes,NO APPARENT INJURY,LOOKED BUT DID NOT SEE,MD,(SPORT) UTILITY VEHICLE,40,2015,JEEP,4X4
MCP2107001V,180037269,Montgomery County Police,Property Damage Crash,07/27/2018 02:00:00 PM,Maryland (State),GREAT SENECA HWY,FOUNTAIN CLUB DR,SINGLE VEHICLE,CLEAR,DRY,DAYLIGHT,STOP SIGN,,Yes,NO APPARENT INJURY,UNKNOWN,,PASSENGER CAR,25,2016,HONDA,CRV
MCP22460020,210006689,Montgomery County Police,Injury Crash,02/21/2021 03:15:00 PM,County,JOHNSON DR,BETHESDA CHURCH RD,HEAD ON LEFT TURN,CLEAR,DRY,DAYLIGHT,NO CONTROLS,NONE DETECTED,Yes,POSSIBLE INJURY,LOOKED BUT DID NOT SEE,MD,(SPORT) UTILITY VEHICLE,40,2021,HONDA,CRV
MCP3174002X,200049782,Montgomery County Police,Property Damage Crash,12/18/2020 03:36:00 PM,County,RAINBOWVIEW PL,DOUBLELAND RD,STRAIGHT MOVEMENT ANGLE,CLEAR,DRY,DAYLIGHT,STOP SIGN,NONE DETECTED,Yes,NO APPARENT INJURY,LOOKED BUT DID NOT SEE,MD,VAN,25,2017,TOYT,VN
MCP1378004K,15007875,Montgomery County Police,Injury Crash,02/17/2015 05:19:00 PM,Maryland (State),CLOPPER RD,W WATKINS MILL RD,STRAIGHT MOVEMENT ANGLE,CLOUDY,WET,DUSK,NO CONTROLS,NONE DETECTED,Yes,POSSIBLE INJURY,NOT DISTRACTED,MD,PASSENGER CAR,35,1995,HONDA,ACCORD
MCP2844006P,230048806,Montgomery County Police,Property Damage Crash,08-10-23 19:00,Maryland (State),NEW HAMPSHIRE AVE,HAWLINGS RD,OTHER,CLEAR,DRY,DAYLIGHT,NO CONTROLS,NONE DETECTED,Yes,NO APPARENT INJURY,LOOKED BUT DID NOT SEE,MD,PASSENGER CAR,30,2022,HYUN,ELANTRA
MCP33750011,240058585,MONTGOMERY,Injury Crash,12-07-24 18:30,Private Route,,,Other,Clear,Dry,Dark - Lighted,No Controls,"Unknown, Unknown",No,,,,Passenger Car,30,2019,HONDA,CIVIC
MCP2659001B,16061570,Montgomery County Police,Injury Crash,11/30/2016 10:00:00 PM,Interstate (State),CAPITAL BELTWAY,CONNECTICUT AVE,SAME DIRECTION SIDESWIPE,RAINING,WATER(STANDING/MOVING),DARK LIGHTS ON,NO CONTROLS,NONE DETECTED,No,POSSIBLE INJURY,NOT DISTRACTED,MD,PASSENGER CAR,55,2008,HONDA,ACCORD
MCP0899003D,180051486,Montgomery County Police,Injury Crash,10/14/2018 07:37:00 PM,,,,ANGLE MEETS RIGHT TURN,CLOUDY,,DARK LIGHTS ON,NO CONTROLS,NONE DETECTED,Yes,NO APPARENT INJURY,LOOKED BUT DID NOT SEE,VA,PASSENGER CAR,0,2008,MERCURY,GRAND MARQUIS
MCP2914008R,190019077,Montgomery County Police,Property Damage Crash,04/23/2019 06:07:00 PM,County,OVERLOOK DR,NEW HAMPSHIRE AVE,OTHER,CLEAR,,DAYLIGHT,,,Yes,NO APPARENT INJURY,UNKNOWN,,,25,0,UNKNOWN,UNKNOWN
MCP3193004D,230023505,Montgomery County Police,Property Damage Crash,05/16/2023 04:15:00 PM,County,LESTER ST,WINDHAM LA,OPPOSITE DIRECTION SIDESWIPE,RAINING,WET,,NO CONTROLS,NONE DETECTED,Yes,NO APPARENT INJURY,LOOKED BUT DID NOT SEE,MD,SCHOOL BUS,25,2013,THOMAS,BUS
MCP3426001H,250014071,MONTGOMERY,Property Damage Crash,03/31/2025 07:54:00 PM,County Route,,,Angle,Rain,Wet,Dark - Lighted,Traffic Control Signal,"Not Suspect of Alcohol Use, Not Suspect of Drug Use",No,No Apparent Injury,Not Distracted,VA,Passenger Car,25,2009,HONDA,FIT
MCP2962009J,240051761,MONTGOMERY,Property Damage Crash,10/29/2024 09:10:00 AM,Private Route,,,Other,Clear,Dry,Daylight,No Controls,"Not Suspect of Alcohol Use, Not Suspect of Drug Use",Yes,No Apparent Injury,Not Distracted,MD,Bus - School,15,2015,FREIGHTLINER,B2 BUS CHASSIS
MCP3045001W,190009342,Montgomery County Police,Property Damage Crash,02/27/2019 01:43:00 PM,Maryland (State),RIVER RD,ACCORD DR,ANGLE MEETS LEFT TURN,CLEAR,DRY,DAYLIGHT,STOP SIGN,NONE DETECTED,No,NO APPARENT INJURY,NOT DISTRACTED,MD,PASSENGER CAR,35,2015,FORD,ESCAPE
MCP26070069,220016796,Montgomery County Police,Injury Crash,04/20/2022 03:00:00 PM,County,SHADY GROVE RD,RAMP 3 FR SHADY GROVE RD WB TO MD200A NB,SAME DIRECTION SIDESWIPE,CLEAR,DRY,DAYLIGHT,NO CONTROLS,NONE DETECTED,Yes,POSSIBLE INJURY,UNKNOWN,MD,PASSENGER CAR,45,2015,HOND,4S
MCP3064004S,220054956,Montgomery County Police,Property Damage Crash,11-09-22 11:00,County,OLD RANDOLPH RD,KEMP MILL RD,OTHER,CLEAR,DRY,DAYLIGHT,,NONE DETECTED,Unknown,NO APPARENT INJURY,UNKNOWN,MD,PASSENGER CAR,35,2003,HOND,SD
MCP28750069,220039109,Montgomery County Police,Property Damage Crash,09-08-22 20:27,County,FIELDCREST RD,MANOR VIEW DR,SINGLE VEHICLE,CLEAR,DRY,DARK NO LIGHTS,NO CONTROLS,NONE DETECTED,No,NO APPARENT INJURY,NOT DISTRACTED,MD,PASSENGER CAR,50,2015,NISSAN,ALTIMA
MCP2936005Q,220051721,Montgomery County Police,Injury Crash,11/22/2022 06:40:00 PM,Ramp,RAMP 6 FR IS 495 EB TO MD 355 SB,ROCKVILLE PIKE,SAME DIRECTION LEFT TURN,CLEAR,DRY,DARK LIGHTS ON,TRAFFIC SIGNAL,NONE DETECTED,No,SUSPECTED MINOR INJURY,NOT DISTRACTED,NY,(SPORT) UTILITY VEHICLE,35,2019,GMC,TERRAIN
MCP2436005R,180035794,Montgomery County Police,Property Damage Crash,07/19/2018 05:45:00 PM,US (State),COLUMBIA PIKE,BLACKBURN RD,SAME DIR REAR END,CLEAR,DRY,DAYLIGHT,NO CONTROLS,NONE DETECTED,No,NO APPARENT INJURY,NOT DISTRACTED,MD,(SPORT) UTILITY VEHICLE,55,2010,ACURA,4DR
MCP29390049,190052253,Montgomery County Police,Property Damage Crash,10/30/2019 03:46:00 PM,Maryland (State),WOODFIELD RD,DEANNA DR,SAME DIR REAR END,,DRY,DAYLIGHT,NO CONTROLS,,Yes,NO APPARENT INJURY,INATTENTIVE OR LOST IN THOUGHT,MD,PASSENGER CAR,45,2006,PONT,4S
MCP2231008Q,250031898,MONTGOMERY,Injury Crash,07/17/2025 10:05:00 AM,Maryland (State) Route,,PHEASANT RUN DR W WATKINS MILL RD,Angle,Clear,Dry,Daylight,Traffic Control Signal,"Not Suspect of Alcohol Use, Not Suspect of Drug Use",No,Suspected Minor Injury,Not Distracted,MD,Passenger Car,35,2009,NISSAN,ROGUE
MCP3240003H,240034209,MONTGOMERY,Injury Crash,07/20/2024 12:35:00 AM,County Route,STREAM VALLEY DR,FIELDCREST RD MANOR VIEW DR,Front to Rear,Clear,Dry,Dark - Not Lighted,Stop Sign,"Not Suspect of Alcohol Use, Not Suspect of Drug Use",No,Possible Injury,Not Distracted,,Passenger Car,50,2022,TESLA,MODEL Y
MCP285900FM,230071650,Montgomery County Police,Injury Crash,12/14/2023 09:30:00 AM,Municipality,FIRSTFIELD RD,QUINCE ORCHARD BLVD,HEAD ON LEFT TURN,CLEAR,DRY,DAYLIGHT,NO CONTROLS,NONE DETECTED,Yes,NO APPARENT INJURY,OTHER DISTRACTION,MD,PASSENGER CAR,30,2011,JEEP,WRANGLER
MCP2867004W,170543540,Montgomery County Police,Injury Crash,11/18/2017 06:05:00 AM,Maryland (State),UNIVERSITY BLVD E,COLESVILLE RD,STRAIGHT MOVEMENT ANGLE,CLEAR,DRY,DARK NO LIGHTS,TRAFFIC SIGNAL,NONE DETECTED,Unknown,NO APPARENT INJURY,UNKNOWN,MD,PASSENGER CAR,40,1999,CHEVY,VAN
MCP2800006G,240058496,MONTGOMERY,Injury Crash,12-07-24 5:08,Maryland (State) Route,STRATHMORE AVE,ROCKVILLE PIKE (SB/L),Front to Rear,Clear,Dry,Dark - Lighted,Traffic Control Signal,"Not Suspect of Alcohol Use, Not Suspect of Drug Use",Yes,Suspected Minor Injury,Unknown,MD,Passenger Car,40,2003,INFINITI,FX35
MCP3193002K,210033643,Montgomery County Police,Property Damage Crash,08/28/2021 06:20:00 PM,County,EPPING CT,DENLEY RD,SAME DIRECTION SIDESWIPE,CLEAR,DRY,DAYLIGHT,NO CONTROLS,NONE DETECTED,Yes,NO APPARENT INJURY,INATTENTIVE OR LOST IN THOUGHT,MD,PASSENGER CAR,25,2016,NISSAN,4S
MCP29050079,250032835,MONTGOMERY,Property Damage Crash,07/23/2025 09:08:00 AM,Maryland (State) Route,,,Front to Rear,Cloudy,Dry,Daylight,No Controls,"Not Suspect of Alcohol Use, Not Suspect of Drug Use",No,No Apparent Injury,Not Distracted,MD,Pickup,35,2017,FORD,F-250
DD5624001X,190001380,Rockville Police Departme,Injury Crash,01-09-19 9:31,Municipality,WOOTTON PKWY,TOWER OAKS BLVD,HEAD ON LEFT TURN,CLEAR,DRY,DAYLIGHT,TRAFFIC SIGNAL,NONE DETECTED,No,SUSPECTED MINOR INJURY,NOT DISTRACTED,MD,PASSENGER CAR,40,2012,HOND,2S
MCP32690046,250020384,MONTGOMERY,Property Damage Crash,05-08-25 21:23,Ramp,RAMP 5 FR US 29 SB TO BRIGGS CHANEY RD,,Front to Rear,Clear,Dry,Dark - Lighted,Traffic Control Signal,"Not Suspect of Alcohol Use, Not Suspect of Drug Use",No,No Apparent Injury,,,Passenger Car,15,2011,CHEVROLET,IMPALA
MCP23580096,220004282,Montgomery County Police,Property Damage Crash,02-01-22 8:30,Maryland (State),ROCKVILLE PIKE,GROSVENOR LA,SAME DIR REAR END,CLEAR,DRY,DAYLIGHT,NO CONTROLS,UNKNOWN,Yes,NO APPARENT INJURY,UNKNOWN,,,35,0,UNKNOWN,UNKNOWN
MCP1113003Q,210022468,Montgomery County Police,Injury Crash,06-12-21 13:53,Maryland (State),LAYTONSVILLE RD,HAWKINS CREAMERY RD,STRAIGHT MOVEMENT ANGLE,CLOUDY,DRY,DAYLIGHT,STOP SIGN,NONE DETECTED,No,NO APPARENT INJURY,NOT DISTRACTED,MD,VAN,50,2018,TOYOTA,SIENNA
MCP21160077,170534470,Montgomery County Police,Property Damage Crash,10-03-17 9:20,Municipality,COLLEGE PKWY,HUNGERFORD DR,SAME DIR REAR END,CLEAR,DRY,DAYLIGHT,TRAFFIC SIGNAL,NONE DETECTED,Yes,NO APPARENT INJURY,OTHER DISTRACTION,MD,SCHOOL BUS,25,2008,THOMAS,BUS