Report Number,Local Case Number,Agency Name,ACRS Report Type,Crash Date/Time,Route Type,Road Name,Cross-Street Name,Collision Type,Weather,Surface Condition,Light,Traffic Control,Driver Substance Abuse,Driver At Fault,Injury Severity,Driver Distracted By,Drivers License State,Vehicle Body Type,Speed Limit,Vehicle Year,Vehicle Make,Vehicle Model
MCP27660039,170509626,Montgomery County Police,Injury Crash,05/24/2017 03:18:00 PM,,,,OTHER,,,DAYLIGHT,NO CONTROLS,NONE DETECTED,Yes,POSSIBLE INJURY,OTHER DISTRACTION,MD,PASSENGER CAR,5,2011,TOYOTA,CAMRY
MCP3006007H,220032724,Montgomery County Police,Property Damage Crash,07/30/2022 11:00:00 AM,County,CLARIDGE RD,MOLINE RD,STRAIGHT MOVEMENT ANGLE,CLEAR,DRY,DAYLIGHT,STOP SIGN,UNKNOWN,Yes,NO APPARENT INJURY,UNKNOWN,,PASSENGER CAR,35,2007,LEXUS,ES350
MCP31390032,220012592,Montgomery County Police,Property Damage Crash,03/23/2022 09:30:00 PM,Maryland (State),SPENCERVILLE RD,BURTONSVILLE DR,SINGLE VEHICLE,RAINING,WET,DARK LIGHTS ON,NO CONTROLS,,Yes,NO APPARENT INJURY,UNKNOWN,MD,PASSENGER CAR,40,2002,NISSAN,ALTIMA
MCP29190075,200028347,Montgomery County Police,Property Damage Crash,07/21/2020 07:02:00 PM,Maryland (State),PINEY BRANCH RD,UNIVERSITY BLVD E,ANGLE MEETS LEFT TURN,,DRY,DAYLIGHT,,NONE DETECTED,Yes,NO APPARENT INJURY,LOOKED BUT DID NOT SEE,MD,PASSENGER CAR,35,2011,TOYOTA,SCION
MCP24450059,230067810,Montgomery County Police,Injury Crash,11/22/2023 12:18:00 PM,Maryland (State),FREDERICK RD,APPLEDOWRE WAY,STRAIGHT MOVEMENT ANGLE,CLEAR,DRY,DAYLIGHT,NO CONTROLS,NONE DETECTED,Yes,NO APPARENT INJURY,UNKNOWN,MD,PICKUP TRUCK,40,2015,FORD,F250
MCP3444000J,250029142,MONTGOMERY,Injury Crash,06/30/2025 05:38:00 PM,Maryland (State) Route,UNIVERSITY BLVD E (WB/L),,"Sideswipe, Same Direction",Clear,Dry,Daylight,No Controls,"Not Suspect of Alcohol Use, Not Suspect of Drug Use",No,Possible Injury,Not Distracted,MD,Pickup,30,2008,FORD,F-150
MCP3262004D,240033126,MONTGOMERY,Injury Crash,07/13/2024 09:30:00 PM,Maryland (State) Route,NEW HAMPSHIRE AVE,,Single Vehicle,Clear,Dry,Dark - Lighted,No Controls,"Not Suspect of Alcohol Use, Not Suspect of Drug Use",Yes,Suspected Serious Injury,Unknown,MD,Passenger Car,5,2016,TOYOTA,RAV4
MCP3240003B,240011625,MONTGOMERY,Property Damage Crash,03-11-24 1:42,Maryland (State) Route,CLOPPER RD,,Single Vehicle,Clear,Dry,Dark - Not Lighted,No Controls,"Not Suspect of Alcohol Use, Not Suspect of Drug Use",No,No Apparent Injury,Not Distracted,MD,Passenger Car,35,2012,TOYOTA,COROLLA
MCP3164005D,220012082,Montgomery County Police,Injury Crash,03/21/2022 06:15:00 AM,Maryland (State),VEIRS MILL RD,ANDREW ST,SAME DIR REAR END,CLEAR,DRY,,NO CONTROLS,NONE DETECTED,Yes,NO APPARENT INJURY,NOT DISTRACTED,MD,(SPORT) UTILITY VEHICLE,35,2000,FORD,EXPEDITION
MCP1119006V,190008317,Montgomery County Police,Property Damage Crash,02/21/2019 01:23:00 PM,Maryland (State),GEORGIA AVE,OLNEY SANDY SPRING RD,SAME DIR REAR END,,WET,DAYLIGHT,,UNKNOWN,Yes,NO APPARENT INJURY,UNKNOWN,,UNKNOWN,30,0,UNKNOWN,UNKNOWN
MCP9321001V,180001085,Montgomery County Police,Property Damage Crash,01-08-18 9:09,Maryland (State),UNIVERSITY BLVD W,ELKIN ST,SAME DIR REAR END,CLEAR,DRY,DAYLIGHT,NO CONTROLS,NONE DETECTED,Yes,NO APPARENT INJURY,NOT DISTRACTED,MD,PASSENGER CAR,30,2013,HONDA,CIVIC
MCP2737000S,15000818,Montgomery County Police,Property Damage Crash,01-06-15 0:30,,,,OTHER,CLEAR,,DARK LIGHTS ON,NO CONTROLS,NONE DETECTED,No,NO APPARENT INJURY,NOT DISTRACTED,MD,PASSENGER CAR,5,2009,CHEVY,IMPALA
MCP2102004V,250014837,MONTGOMERY,Injury Crash,04-05-25 10:44,Maryland (State) Route,WOODFIELD RD,WARFIELD RD,Single Vehicle,Rain,Wet,Daylight,Traffic Control Signal,"Not Suspect of Alcohol Use, Not Suspect of Drug Use",Yes,Suspected Minor Injury,Unknown,MD,Motorcycle - 2 Wheeled,35,2009,YAMAHA,XVS1300 (V STAR 1300)
MCP26170013,15050882,MONTGOMERY,Property Damage Crash,10-07-15 17:42,County,ARLINGTON RD,HAMPDEN LA,SAME DIR REAR END,CLEAR,DRY,DAYLIGHT,NO CONTROLS,NONE DETECTED,No,NO APPARENT INJURY,NOT DISTRACTED,MD,PASSENGER CAR,30,2015,LEXUS,300
MCP3191000L,190017529,Montgomery County Police,Property Damage Crash,04/15/2019 03:16:00 AM,County,GAITHER RD,SHADY GROVE RD,SAME DIRECTION RIGHT TURN,RAINING,WET,DARK LIGHTS ON,NO CONTROLS,,No,NO APPARENT INJURY,NOT DISTRACTED,VA,TRUCK TRACTOR,40,2005,CXN612,TRUCK
MCP91280005,15035135,MONTGOMERY,Property Damage Crash,07/17/2015 10:04:00 AM,County,WELLER RD,GEORGIA AVE,SAME DIR BOTH LEFT TURN,CLEAR,DRY,DAYLIGHT,STOP SIGN,NONE DETECTED,No,NO APPARENT INJURY,NOT DISTRACTED,MD,PICKUP TRUCK,25,2006,DODG,RAM
MCP3162003B,200000430,Montgomery County Police,Property Damage Crash,01-03-20 14:40,County,OLD COLUMBIA PIKE,ENT TO PAINT BRANCH HIGH SCHOOL,SAME DIRECTION SIDESWIPE,CLEAR,DRY,DAYLIGHT,NO CONTROLS,NONE DETECTED,Yes,NO APPARENT INJURY,NOT DISTRACTED,MD,SCHOOL BUS,15,2020,THOMS,BUS
MCP3030008J,250055708,MONTGOMERY,Property Damage Crash,12-12-25 20:27,County Route,CARLTON LA,,"Sideswipe, Opposite Direction",Clear,Dry,Dark - Lighted,No Controls,"Not Suspect of Alcohol Use, Not Suspect of Drug Use",Yes,No Apparent Injury,Unknown,MD,Other,25,2023,FREIGHTLINER,M2
MCP20160059,200027769,Montgomery County Police,Property Damage Crash,07/17/2020 11:55:00 AM,County,CHAPMAN AVE,ROLLINS AVE,STRAIGHT MOVEMENT ANGLE,CLEAR,DRY,DAYLIGHT,NO CONTROLS,,Yes,NO APPARENT INJURY,NOT DISTRACTED,MD,PASSENGER CAR,35,2018,JEEP,TK
MCP27830011,16049996,Montgomery County Police,Property Damage Crash,09/28/2016 09:37:00 PM,County,NOTLEY RD,BONIFANT RD,SINGLE VEHICLE,RAINING,WET,,NO CONTROLS,,Yes,NO APPARENT INJURY,UNKNOWN,MD,POLICE VEHICLE/EMERGENCY,30,2006,BMW,4D
MCP2976002R,170534822,Montgomery County Police,Property Damage Crash,10-04-17 23:33,County,NEWELL ST,KENNETT ST,OTHER,CLEAR,DRY,DARK NO LIGHTS,NO CONTROLS,NONE DETECTED,Yes,NO APPARENT INJURY,UNKNOWN,DC,PASSENGER CAR,35,1998,TOYOTA,CAMRY
MCP3221002K,230055426,Montgomery County Police,Property Damage Crash,09/17/2023 08:38:00 PM,County,DARNESTOWN RD,GREAT SENECA HWY,HEAD ON LEFT TURN,RAINING,WET,DARK LIGHTS ON,TRAFFIC SIGNAL,NONE DETECTED,No,NO APPARENT INJURY,NOT DISTRACTED,MD,PASSENGER CAR,40,2018,TOYOTA,CAMRY
MCP3201004C,230035036,Montgomery County Police,Property Damage Crash,07/23/2023 12:10:00 PM,County,CRYSTAL ROCK DR,WATERS LANDING DR,STRAIGHT MOVEMENT ANGLE,CLEAR,DRY,DAYLIGHT,NO CONTROLS,NONE DETECTED,No,NO APPARENT INJURY,NOT DISTRACTED,MD,PASSENGER CAR,40,2008,TOYT,4S
MCP2582004K,230016730,Montgomery County Police,Property Damage Crash,04-08-23 4:56,County,RANDOLPH RD,GLENALLAN AVE,STRAIGHT MOVEMENT ANGLE,,DRY,DARK LIGHTS ON,FLASHING TRAFFIC SIGNAL,NONE DETECTED,No,NO APPARENT INJURY,NOT DISTRACTED,MD,PASSENGER CAR,35,2020,CHEVY,EQUINOX
MCP2848008P,190052945,Montgomery County Police,Injury Crash,11-03-19 13:11,Maryland (State),FALLS RD,BELLS MILL RD,SAME DIR REAR END,CLEAR,DRY,DAYLIGHT,TRAFFIC SIGNAL,NONE DETECTED,Yes,NO APPARENT INJURY,INATTENTIVE OR LOST IN THOUGHT,MD,PASSENGER CAR,30,2017,HONDA,CIVIC
MCP32950036,230054495,Montgomery County Police,Injury Crash,09-12-23 16:55,County,TANLEY RD,NEW HAMPSHIRE AVE,STRAIGHT MOVEMENT ANGLE,CLEAR,DRY,DAYLIGHT,STOP SIGN,NONE DETECTED,Unknown,NO APPARENT INJURY,LOOKED BUT DID NOT SEE,MD,PASSENGER CAR,25,2020,VOLV0,XC60
EJ7875005C,240049895,GAITHERSBURG,Injury Crash,10/18/2024 04:58:00 PM,Maryland (State) Route,S FREDERICK RD (SB/L),,Front to Rear,Clear,Dry,Daylight,Traffic Control Signal,"Not Suspect of Alcohol Use, Not Suspect of Drug Use",Yes,No Apparent Injury,Unknown,MD,Passenger Car,35,2016,HONDA,CR-V
MCP3249004X,230018727,Montgomery County Police,Property Damage Crash,04/19/2023 03:45:00 PM,County,BRIGGS CHANEY RD,OLD COLUMBIA PIKE,SAME DIR REAR END,CLEAR,DRY,DAYLIGHT,NO CONTROLS,NONE DETECTED,No,NO APPARENT INJURY,NOT DISTRACTED,MD,PICKUP TRUCK,35,2021,RAM,PK
MCP1305003M,190061384,Montgomery County Police,Injury Crash,12/20/2019 06:36:00 PM,Maryland (State),WOODFIELD RD,FLOWER HILL WAY,STRAIGHT MOVEMENT ANGLE,CLEAR,DRY,DARK LIGHTS ON,TRAFFIC SIGNAL,NONE DETECTED,Yes,SUSPECTED MINOR INJURY,UNKNOWN,MD,PASSENGER CAR,35,1995,HOND,4S
MCP2192002T,180048658,Montgomery County Police,Injury Crash,09/29/2018 06:54:00 AM,Maryland (State),NEW HAMPSHIRE AVE,NORWOOD RD,SINGLE VEHICLE,CLEAR,DRY,DARK LIGHTS ON,,UNKNOWN,Yes,SUSPECTED MINOR INJURY,UNKNOWN,MD,PICKUP TRUCK,45,2000,CHEVROLET,2500
MCP30890022,190011598,Montgomery County Police,Property Damage Crash,03/13/2019 09:42:00 AM,,,,SAME DIR REAR END,,,,,UNKNOWN,Yes,NO APPARENT INJURY,LOOKED BUT DID NOT SEE,,UNKNOWN,5,0,UNKNOWN,UNKNOWN
MCP1151002T,15018824,Montgomery County Police,Property Damage Crash,04/22/2015 06:03:00 AM,Maryland (State),WOODFIELD RD,BETHESDA CHURCH RD,STRAIGHT MOVEMENT ANGLE,CLEAR,DRY,DUSK,STOP SIGN,NONE DETECTED,Yes,NO APPARENT INJURY,LOOKED BUT DID NOT SEE,MD,PICKUP TRUCK,30,2002,CHEV,SILVERADO
MCP2043001N,190018250,Montgomery County Police,Property Damage Crash,04/18/2019 10:41:00 PM,Maryland (State),KEY WEST AVE,GREAT SENECA HWY,STRAIGHT MOVEMENT ANGLE,CLEAR,DRY,DARK LIGHTS ON,TRAFFIC SIGNAL,NONE DETECTED,No,NO APPARENT INJURY,NOT DISTRACTED,VA,PASSENGER CAR,50,2009,TOYOTA,PRIUS
MCP3289003G,240036016,MONTGOMERY,Property Damage Crash,07/31/2024 09:30:00 AM,Maryland (State) Route,GEORGIA AVE (SB/L),,Front to Rear,Clear,Dry,Daylight,No Controls,"Not Suspect of Alcohol Use, Not Suspect of Drug Use",No,No Apparent Injury,Not Distracted,MD,Passenger Car,30,2009,FORD,UNKNOWN
MCP28990020,170530686,Montgomery County Police,Property Damage Crash,09/15/2017 01:34:00 AM,US (State),COLUMBIA PIKE,BLACKBURN RD,SAME DIR REAR END,CLEAR,DRY,DARK LIGHTS ON,TRAFFIC SIGNAL,ALCOHOL PRESENT,Yes,NO APPARENT INJURY,INATTENTIVE OR LOST IN THOUGHT,MD,PASSENGER CAR,55,2017,TOYOTA,COROLLA
MCP2181002N,190031036,Montgomery County Police,Property Damage Crash,06/29/2019 03:06:00 PM,Other Public Roadway,STRINGTOWN RD,GATEWAY CENTER DR,SAME DIR REAR END,CLEAR,DRY,DAYLIGHT,,,Yes,NO APPARENT INJURY,NOT DISTRACTED,MD,PASSENGER CAR,35,2013,HYUNDAI,SANTE FE
MCP2767008W,210001651,Montgomery County Police,Property Damage Crash,01/13/2021 06:49:00 PM,Maryland (State),CONNECTICUT AVE,VEIRS MILL RD,SAME DIRECTION SIDESWIPE,CLEAR,DRY,DARK LIGHTS ON,TRAFFIC SIGNAL,UNKNOWN,Yes,NO APPARENT INJURY,UNKNOWN,,,40,0,UNKNOWN,UNKNOWN
MCP3164001C,190015795,Montgomery County Police,Property Damage Crash,04-05-19 8:20,Maryland (State),VEIRS MILL RD,ENNALLS AVE,SAME DIRECTION SIDESWIPE,RAINING,WET,DAYLIGHT,NO CONTROLS,,No,NO APPARENT INJURY,NOT DISTRACTED,MD,VAN,35,2006,CHEVROLET,EXPRESS
DD5642001Q,200042083,Rockville Police Departme,Injury Crash,10/25/2020 11:50:00 AM,Maryland (State),ROCKVILLE PIKE,FIRST ST,HEAD ON LEFT TURN,RAINING,WET,DAYLIGHT,TRAFFIC SIGNAL,NONE DETECTED,No,SUSPECTED MINOR INJURY,NOT DISTRACTED,MD,PASSENGER CAR,40,2001,BMW,330
MCP2617006H,180057484,Montgomery County Police,Property Damage Crash,11/16/2018 12:30:00 PM,County,JEFFRY ST,ATHERTON DR,OTHER,CLEAR,WET,DAYLIGHT,NO CONTROLS,NONE DETECTED,Yes,NO APPARENT INJURY,INATTENTIVE OR LOST IN THOUGHT,MD,PASSENGER CAR,25,2011,TOYOTA,COROLLA
MCP28320024,16029584,Montgomery County Police,Property Damage Crash,06-12-16 14:10,Maryland (State),ROCKVILLE PIKE,CEDAR LA,HEAD ON LEFT TURN,CLEAR,DRY,DAYLIGHT,TRAFFIC SIGNAL,NONE DETECTED,Yes,NO APPARENT INJURY,UNKNOWN,NY,PASSENGER CAR,30,2006,NISS,MAXIMA
MCP29450009,15022794,Montgomery County Police,Property Damage Crash,05/13/2015 02:28:00 PM,Maryland (State),UNIVERSITY BLVD W,ARCOLA AVE,SAME DIR REAR END,CLEAR,DRY,DAYLIGHT,NO CONTROLS,NONE DETECTED,Yes,NO APPARENT INJURY,NOT DISTRACTED,MD,PASSENGER CAR,40,2014,CHEVROLET,CRUZE
MCP3283000M,210015903,Montgomery County Police,Property Damage Crash,04/28/2021 08:37:00 PM,County,GLEN RD,GLEN CT,SINGLE VEHICLE,CLEAR,DRY,DARK NO LIGHTS,NO CONTROLS,NONE DETECTED,Yes,NO APPARENT INJURY,NOT DISTRACTED,MD,PASSENGER CAR,30,2018,HONDA,ODYSSEY
MCP2946003D,190037801,Montgomery County Police,Property Damage Crash,08-04-19 15:00,,,,UNKNOWN,UNKNOWN,,DAYLIGHT,,,Yes,NO APPARENT INJURY,UNKNOWN,,(SPORT) UTILITY VEHICLE,0,2017,INFINITI,QX60
MCP291700BY,230025284,Montgomery County Police,Property Damage Crash,05/26/2023 12:25:00 PM,,,,HEAD ON,CLEAR,,DAYLIGHT,NO CONTROLS,NONE DETECTED,Unknown,NO APPARENT INJURY,LOOKED BUT DID NOT SEE,MD,"OTHER LIGHT TRUCKS (10,000LBS (4,536KG) OR LESS)",15,2016,FORD,F250
MCP3382001Q,250009777,MONTGOMERY,Property Damage Crash,03-06-25 7:30,Maryland (State) Route,,,"Sideswipe, Same Direction",Clear,Dry,Daylight,No Controls,"Not Suspect of Alcohol Use, Not Suspect of Drug Use",Yes,No Apparent Injury,Not Distracted,MD,Passenger Car,35,2006,CHEVROLET,SILVERADO
DD56120008,17013707,Rockville Police Departme,Property Damage Crash,03/17/2017 12:09:00 PM,Municipality,W EDMONSTON DR,WOOTTON PKWY,SINGLE VEHICLE,CLEAR,DRY,DAYLIGHT,YIELD SIGN,,Yes,NO APPARENT INJURY,NOT DISTRACTED,MD,PASSENGER CAR,30,1994,JEEP,TK
DD55820017,170509513,Rockville Police Departme,Property Damage Crash,05/23/2017 10:50:00 PM,Municipality,WOOD LA,N WASHINGTON ST,SINGLE VEHICLE,RAINING,WET,DARK LIGHTS ON,,NONE DETECTED,Yes,NO APPARENT INJURY,UNKNOWN,MD,POLICE VEHICLE/NON EMERGENCY,25,2013,CHEVROLET,IMPALA
MCP28270047,180039970,Montgomery County Police,Property Damage Crash,08-11-18 18:00,County,SPARTAN RD,OLNEY SANDY SPRING RD,SAME DIR REAR END,CLEAR,DRY,DAYLIGHT,TRAFFIC SIGNAL,NONE DETECTED,No,NO APPARENT INJURY,NOT DISTRACTED,MD,PASSENGER CAR,30,2004,HONDA,CIVIC
MCP3011002Y,220044279,Montgomery County Police,Injury Crash,10-10-22 14:44,Maryland (State),WOODFIELD RD,SNOUFFERS SCHOOL RD,SAME DIRECTION SIDESWIPE,CLEAR,DRY,DAYLIGHT,OTHER,NONE DETECTED,No,NO APPARENT INJURY,NOT DISTRACTED,DC,TRANSIT BUS,40,2009,GILLIG,BUS
MCP3457000D,250017845,MONTGOMERY,Injury Crash,04/24/2025 05:07:00 PM,County Route,BROOKVILLE RD,,Front to Rear,Clear,Dry,Daylight,No Controls,"Not Suspect of Alcohol Use, Not Suspect of Drug Use",No,No Apparent Injury,Not Distracted,WA,Pickup,25,2017,NISSAN,TITAN
MCP3123007D,240035304,MONTGOMERY,Injury Crash,07/26/2024 02:24:00 PM,County Route,PLUM ORCHARD DR,CHERRY HILL RD CLOVER PATCH DR,Rear To Side,Clear,Dry,Daylight,Traffic Control Signal,"Not Suspect of Alcohol Use, Not Suspect of Drug Use",No,Suspected Minor Injury,Not Distracted,MD,Sport Utility Vehicle,35,2023,NISSAN,ROGUE
MCP2974002H,190022580,Montgomery County Police,Injury Crash,05/13/2019 04:25:00 PM,Maryland (State),UNIVERSITY BLVD E,PATTON DR,SAME DIR REAR END,RAINING,WET,,,NONE DETECTED,Yes,NO APPARENT INJURY,UNKNOWN,MD,PASSENGER CAR,35,2015,CHRY,4S
MCP3096002F,190060328,Montgomery County Police,Injury Crash,12/14/2019 05:59:00 PM,,,,STRAIGHT MOVEMENT ANGLE,CLEAR,,DUSK,NO CONTROLS,NONE DETECTED,Yes,NO APPARENT INJURY,NOT DISTRACTED,MD,PASSENGER CAR,25,2006,TOYT,4S
MCP1438005L,170549682,Montgomery County Police,Property Damage Crash,12/20/2017 09:56:00 AM,Maryland (State),GREAT SENECA HWY,MUDDY BRANCH RD,SAME DIR REAR END,CLOUDY,DRY,DAYLIGHT,TRAFFIC SIGNAL,NONE DETECTED,No,NO APPARENT INJURY,NOT DISTRACTED,MD,PICKUP TRUCK,50,2014,FORD,TK
MCP27230011,15054760,MONTGOMERY,Property Damage Crash,10/28/2015 12:48:00 PM,Maryland (State),OLNEY SANDY SPRING RD,PORTER RD,STRAIGHT MOVEMENT ANGLE,RAINING,WET,DAYLIGHT,NO CONTROLS,,No,NO APPARENT INJURY,NOT DISTRACTED,MD,PASSENGER CAR,30,2013,JEEP,WRANGLER
MCP34020045,250037340,MONTGOMERY,Injury Crash,08/21/2025 10:57:00 AM,US (State),COLUMBIA PIKE (SB/L),,Front to Rear,Clear,Dry,Daylight,No Controls,"Not Suspect of Alcohol Use, Not Suspect of Drug Use",No,Suspected Minor Injury,Not Distracted,MD,Pickup,55,2013,FORD,F-250
DM8514001V,240060459,TAKOMA,Property Damage Crash,12/14/2024 07:21:00 PM,,,,Front to Rear,Clear,,Dark - Lighted,,"Not Suspect of Alcohol Use, Not Suspect of Drug Use",No,No Apparent Injury,Not Distracted,,Passenger Car,0,2024,TOYOTA,TACOMA
MCP3231000G,200019016,Montgomery County Police,Property Damage Crash,05-11-20 19:28,County,DREWS CT,RIVER RD,STRAIGHT MOVEMENT ANGLE,CLEAR,DRY,DAYLIGHT,STOP SIGN,NONE DETECTED,Yes,NO APPARENT INJURY,OTHER ELECTRONIC DEVICE (NAVIGATIONAL PALM PILOT),MD,PASSENGER CAR,50,2003,CHEV,SONIC
MCP3331000L,220041086,Montgomery County Police,Injury Crash,09/21/2022 10:22:00 AM,Maryland (State),VEIRS MILL RD,NEWPORT MILL RD,SAME DIR REAR END,CLEAR,DRY,DAYLIGHT,TRAFFIC SIGNAL,NONE DETECTED,No,POSSIBLE INJURY,NOT DISTRACTED,MD,PASSENGER CAR,35,2018,SUBARU,FORESTER
MCP3258000T,210008462,Montgomery County Police,Property Damage Crash,03-06-21 12:39,County,HANNES ST,FOXGLOVE LA,SAME DIRECTION SIDESWIPE,CLEAR,DRY,DAYLIGHT,NO CONTROLS,NONE DETECTED,No,NO APPARENT INJURY,NOT DISTRACTED,MD,VAN,25,2020,POSTAL,VAN
MCP2286000M,15049386,MONTGOMERY,Property Damage Crash,09/29/2015 03:39:00 PM,County,SEVEN LOCKS RD,MONTROSE RD,SAME DIR REAR END,RAINING,WET,DAYLIGHT,TRAFFIC SIGNAL,NONE DETECTED,Yes,NO APPARENT INJURY,LOOKED BUT DID NOT SEE,MD,PASSENGER CAR,35,2005,TOYT,4S COROLLA
MCP271700R9,190058127,Montgomery County Police,Property Damage Crash,12-02-19 19:30,County,TUCKERMAN LA,SEVEN LOCKS RD,ANGLE MEETS RIGHT TURN,CLEAR,WET,DARK LIGHTS ON,TRAFFIC SIGNAL,NONE DETECTED,No,NO APPARENT INJURY,NOT DISTRACTED,MD,PICKUP TRUCK,35,2014,FORD,F150
MCP2961004N,250026842,MONTGOMERY,Injury Crash,06/16/2025 01:22:00 PM,Maryland (State) Route,,,Single Vehicle,Rain,Wet,Daylight,No Controls,"Not Suspect of Alcohol Use, Not Suspect of Drug Use",Yes,Suspected Minor Injury,Unknown,MD,Passenger Car,35,2021,CADILLAC,ESCALADE
MCP2857001J,17000852,Montgomery County Police,Injury Crash,01-05-17 18:46,County,SAM EIG HWY,GREAT SENECA HWY,SAME DIR REAR END,CLEAR,DRY,DARK LIGHTS ON,,,No,NO APPARENT INJURY,NOT DISTRACTED,MD,PASSENGER CAR,30,2013,TOYT,CAMRY
MCP30290035,200034261,Montgomery County Police,Property Damage Crash,09-01-20 21:16,US (State),COLUMBIA PIKE,STEWART LA,SAME DIRECTION SIDESWIPE,CLEAR,DRY,DARK LIGHTS ON,TRAFFIC SIGNAL,UNKNOWN,Yes,NO APPARENT INJURY,UNKNOWN,,PASSENGER CAR,50,2017,TOYOTA,TRUCK
MCP3218003B,220046126,Montgomery County Police,Property Damage Crash,10/20/2022 06:35:00 PM,Maryland (State),UNIVERSITY BLVD W,REEDIE DR,SAME DIR REAR END,CLEAR,DRY,DARK LIGHTS ON,TRAFFIC SIGNAL,NONE DETECTED,Yes,NO APPARENT INJURY,UNKNOWN,MD,PASSENGER CAR,35,2010,CHEVROLET,TRAVERSE
MCP2789005Y,200051275,Montgomery County Police,Property Damage Crash,12/29/2020 09:35:00 PM,Maryland (State),UNIVERSITY BLVD E,COLESVILLE RD,SAME DIRECTION RIGHT TURN,CLEAR,DRY,DARK LIGHTS ON,NO CONTROLS,,No,NO APPARENT INJURY,NOT DISTRACTED,MD,PASSENGER CAR,35,2013,TOYOTA,4D
MCP2754001R,170540980,Montgomery County Police,Injury Crash,11-04-17 20:30,Maryland (State),PINEY BRANCH RD,ARLISS ST,SAME DIR REAR END,RAINING,WET,DARK LIGHTS ON,TRAFFIC SIGNAL,ALCOHOL PRESENT,Yes,NO APPARENT INJURY,UNKNOWN,MD,PASSENGER CAR,35,2006,FORD,E250
MCP2436005N,180034827,Montgomery County Police,Property Damage Crash,07/14/2018 12:15:00 PM,US (State),COLESVILLE RD,LORAIN AVE,STRAIGHT MOVEMENT ANGLE,CLEAR,DRY,DAYLIGHT,NO CONTROLS,NONE DETECTED,Yes,NO APPARENT INJURY,UNKNOWN,MD,(SPORT) UTILITY VEHICLE,35,2012,VOLKS,TOUAREG
DD5637001Q,200024743,Rockville Police Departme,Property Damage Crash,06/24/2020 07:50:00 PM,Other Public Roadway,W GUDE DR,HUNGERFORD DR,SAME DIR REAR END,CLEAR,DRY,DAYLIGHT,,NONE DETECTED,No,NO APPARENT INJURY,NOT DISTRACTED,MD,(SPORT) UTILITY VEHICLE,35,2001,HOND,SW
MCP32280020,210026410,Montgomery County Police,Property Damage Crash,07-09-21 13:42,US (State),COLESVILLE RD,SPRING ST,SAME DIRECTION SIDESWIPE,CLOUDY,DRY,DAYLIGHT,TRAFFIC SIGNAL,NONE DETECTED,Yes,NO APPARENT INJURY,LOOKED BUT DID NOT SEE,MD,PASSENGER CAR,35,2020,VOLKSWAGEN,PASAT
MCP3000003G,210015368,Montgomery County Police,Property Damage Crash,04/25/2021 03:45:00 AM,County,PLUMMER DR,WHEATFIELD DR,SINGLE VEHICLE,RAINING,WET,DARK LIGHTS ON,STOP SIGN,NONE DETECTED,Yes,NO APPARENT INJURY,NOT DISTRACTED,XX,PICKUP TRUCK,25,2014,TOYOTA,TUNDRA
MCP2766005C,190052653,Montgomery County Police,Property Damage Crash,11-01-19 15:46,Maryland (State),LAYHILL RD,CHAPEL HILL RD,SAME DIR REAR END,CLEAR,DRY,DAYLIGHT,,NONE DETECTED,Yes,NO APPARENT INJURY,OTHER DISTRACTION,MD,PASSENGER CAR,35,2006,BMW,330I
MCP3358000J,230023595,Montgomery County Police,Property Damage Crash,05/17/2023 05:30:00 AM,County,TUCKERMAN LA,ROCKVILLE PIKE,,,DRY,DAWN,TRAFFIC SIGNAL,UNKNOWN,Yes,NO APPARENT INJURY,UNKNOWN,MD,"MEDIUM/HEAVY TRUCKS 3 AXLES (OVER 10,000LBS (4,536KG))",30,2020,VOLVO,TK
MCP27770034,16063071,Montgomery County Police,Injury Crash,12-08-16 18:02,Maryland (State),BRADLEY BLVD,DURBIN RD,SAME DIR REAR END,CLEAR,DRY,DARK NO LIGHTS,NO CONTROLS,NONE DETECTED,Yes,NO APPARENT INJURY,NOT DISTRACTED,MD,PASSENGER CAR,30,2011,BMW,4S
MCP13090034,190062160,Montgomery County Police,Property Damage Crash,12/26/2019 02:09:00 PM,Maryland (State),FREDERICK RD,BRINK RD,OPPOSITE DIRECTION SIDESWIPE,CLEAR,DRY,DAYLIGHT,NO CONTROLS,NONE DETECTED,Yes,NO APPARENT INJURY,INATTENTIVE OR LOST IN THOUGHT,TN,PASSENGER CAR,30,2020,CHEVROLET,MALIBU
MCP2622002K,210013360,Montgomery County Police,Property Damage Crash,04-10-21 7:48,County,BRIGGS CHANEY RD,GENTRY RIDGE CT,HEAD ON LEFT TURN,FOGGY,DRY,DAYLIGHT,TRAFFIC SIGNAL,NONE DETECTED,No,NO APPARENT INJURY,NOT DISTRACTED,XX,(SPORT) UTILITY VEHICLE,45,2007,FORD,TK
MCP3019001R,180017466,Montgomery County Police,Property Damage Crash,04-10-18 17:15,County,SEVEN LOCKS RD,GLENNON DR,SAME DIR REAR END,CLEAR,DRY,DAYLIGHT,NO CONTROLS,NONE DETECTED,Yes,NO APPARENT INJURY,INATTENTIVE OR LOST IN THOUGHT,MD,(SPORT) UTILITY VEHICLE,40,2004,CADILLAC,ESCALADE