Report Number,Local Case Number,Agency Name,ACRS Report Type,Crash Date/Time,Route Type,Road Name,Cross-Street Name,Collision Type,Weather,Surface Condition,Light,Traffic Control,Driver Substance Abuse,Driver At Fault,Injury Severity,Driver Distracted By,Drivers License State,Vehicle Body Type,Speed Limit,Vehicle Year,Vehicle Make,Vehicle Model
MCP2914004P,170513441,Montgomery County Police,Injury Crash,06/13/2017 04:08:00 PM,Maryland (State),NEW HAMPSHIRE AVE,OAKLAWN DR,OTHER,CLEAR,,DAYLIGHT,NO CONTROLS,,Yes,NO APPARENT INJURY,NOT DISTRACTED,MD,PASSENGER CAR,40,2011,DODGE,NITRO
DD559500CY,230011440,Rockville Police Departme,Property Damage Crash,03-08-23 16:16,Maryland (State),W MONTGOMERY AVE,ADCLARE RD,OTHER,CLEAR,DRY,DAYLIGHT,NO CONTROLS,,No,NO APPARENT INJURY,UNKNOWN,MD,PASSENGER CAR,35,2016,BUICK,ENCORE
MCP2866002K,16037014,Montgomery County Police,Injury Crash,07/21/2016 07:58:00 PM,County,NORWOOD RD,EDNOR RD,STRAIGHT MOVEMENT ANGLE,CLEAR,DRY,DAYLIGHT,TRAFFIC SIGNAL,NONE DETECTED,No,SUSPECTED MINOR INJURY,NOT DISTRACTED,DC,PASSENGER CAR,35,1991,LEXUS,4 DR
MCP29760014,15048212,MONTGOMERY,Injury Crash,09/23/2015 11:50:00 AM,Maryland (State),PINEY BRANCH RD,BARRON ST,SAME DIR REAR END,CLEAR,DRY,DAYLIGHT,TRAFFIC SIGNAL,NONE DETECTED,No,POSSIBLE INJURY,NOT DISTRACTED,MD,(SPORT) UTILITY VEHICLE,35,2015,TOYOTA,RAV4
MCP29870045,180046585,Montgomery County Police,Injury Crash,09/18/2018 09:27:00 AM,US (State),COLESVILLE RD,UNIVERSITY BLVD E,STRAIGHT MOVEMENT ANGLE,RAINING,WET,DAYLIGHT,TRAFFIC SIGNAL,NONE DETECTED,Yes,NO APPARENT INJURY,LOOKED BUT DID NOT SEE,MD,PASSENGER CAR,35,2008,FORD,EXPLORER
MCP2231004H,180064142,Montgomery County Police,Property Damage Crash,12/23/2018 09:49:00 AM,Maryland (State),DARNESTOWN RD,ENT TO BUSINESS,STRAIGHT MOVEMENT ANGLE,CLEAR,DRY,DAYLIGHT,TRAFFIC SIGNAL,NONE DETECTED,Yes,NO APPARENT INJURY,UNKNOWN,NC,PASSENGER CAR,40,2008,FORD,EDGE
DD5653003B,240020223,ROCKVILLE,Property Damage Crash,04/30/2024 07:26:00 PM,Maryland (State) Route,ROCKVILLE PIKE,TEMPLETON PL (EB/L),Other,Cloudy,Dry,Dusk,Traffic Control Signal,"Not Suspect of Alcohol Use, Not Suspect of Drug Use",No,No Apparent Injury,Unknown,MD,Passenger Car,35,2003,HONDA,ACCORD
MCP3200008D,230024879,Montgomery County Police,Property Damage Crash,05/24/2023 10:05:00 AM,County,VORLICH LA,BARR RD,OTHER,CLEAR,DRY,DAYLIGHT,NO CONTROLS,NONE DETECTED,Yes,NO APPARENT INJURY,UNKNOWN,MD,PASSENGER CAR,25,2006,SUBARU,OUTBACK
EJ78580069,210052890,Gaithersburg Police Depar,Injury Crash,12/28/2021 08:01:00 AM,County,MUDDY BRANCH RD,WEST SIDE DR,OTHER,CLOUDY,DRY,DAYLIGHT,NO CONTROLS,NONE DETECTED,No,POSSIBLE INJURY,NOT DISTRACTED,MD,PASSENGER CAR,10,2018,TOYOTA,CAMRY
MCP271700HY,180028871,Montgomery County Police,Property Damage Crash,06-11-18 16:30,County,BRUNETT AVE,BRUCE DR,SINGLE VEHICLE,CLEAR,DRY,DAYLIGHT,NO CONTROLS,NONE DETECTED,Yes,NO APPARENT INJURY,UNKNOWN,MD,PASSENGER CAR,25,2008,HONDA,ACCORD
MCP2487003G,240027521,MONTGOMERY,Injury Crash,06-10-24 7:00,Maryland (State) Route,WHITES FERRY RD,MORROW DR,"Sideswipe, Opposite Direction",Clear,Dry,Daylight,No Controls,"Not Suspect of Alcohol Use, Not Suspect of Drug Use",Yes,No Apparent Injury,Not Distracted,MD,Passenger Car,40,1999,TOYOTA,CAMRY
MCP32000086,230020112,Montgomery County Police,Injury Crash,04/27/2023 10:48:00 AM,County,EXECUTIVE BLVD,CROSSOVER,HEAD ON LEFT TURN,CLOUDY,DRY,DAYLIGHT,PERSON,NONE DETECTED,Yes,NO APPARENT INJURY,UNKNOWN,MD,(SPORT) UTILITY VEHICLE,30,2021,HONDA,PILOT
MCP33010026,240020060,MONTGOMERY,Property Damage Crash,04/29/2024 09:15:00 PM,County Route,BRIGGS CHANEY RD,FAIRDALE RD,Angle,Clear,Dry,Dark - Lighted,Traffic Control Signal,"Not Suspect of Alcohol Use, Not Suspect of Drug Use",Yes,No Apparent Injury,Unknown,MD,Passenger Car,35,2011,FORD,FUSION
MCP2330000M,16008264,Montgomery County Police,Property Damage Crash,02/19/2016 01:00:00 AM,Maryland (State),GEORGIA AVE,LAYHILL RD,OTHER,,DRY,DARK LIGHTS ON,TRAFFIC SIGNAL,UNKNOWN,Yes,NO APPARENT INJURY,UNKNOWN,,,35,0,UNKNOWN,UNKNOWN
MCP3144002L,240016014,MONTGOMERY,Property Damage Crash,04-06-24 3:30,County Route,MOTOR CITY DR,,Front to Rear,Clear,Dry,Dark - Lighted,No Controls,"Not Suspect of Alcohol Use, Not Suspect of Drug Use",No,No Apparent Injury,Not Distracted,MD,Passenger Car,25,2014,DODGE,CHARGER
MCP32720010,210036821,Montgomery County Police,Property Damage Crash,09/18/2021 01:00:00 PM,Maryland (State),NEW HAMPSHIRE AVE,NORTHAMPTON DR,STRAIGHT MOVEMENT ANGLE,CLEAR,DRY,DAYLIGHT,NO CONTROLS,NONE DETECTED,Yes,NO APPARENT INJURY,LOOKED BUT DID NOT SEE,MD,PICKUP TRUCK,35,2012,CHEVY,COLORADO
MCP2611000R,15042485,MONTGOMERY,Property Damage Crash,08/24/2015 05:30:00 PM,County,OLD COLUMBIA PIKE,CLIFTONDALE DR,STRAIGHT MOVEMENT ANGLE,CLEAR,DRY,DAYLIGHT,NO CONTROLS,NONE DETECTED,Yes,NO APPARENT INJURY,LOOKED BUT DID NOT SEE,MD,PASSENGER CAR,25,2014,FORD,EDGE
MCP2946004Q,220046689,Montgomery County Police,Injury Crash,10/24/2022 05:51:00 PM,County,MATENY RD,EAGLES ROOST DR,HEAD ON LEFT TURN,CLEAR,DRY,DUSK,NO CONTROLS,NONE DETECTED,No,POSSIBLE INJURY,NOT DISTRACTED,MD,PASSENGER CAR,30,2019,NISSAN,VERSA
MCP137801DH,250042965,MONTGOMERY,Injury Crash,09/24/2025 01:45:00 PM,County Route,SHADY GROVE RD,,Front to Rear,Cloudy,Dry,Daylight,No Controls,"Not Suspect of Alcohol Use, Not Suspect of Drug Use",Yes,No Apparent Injury,Not Distracted,MD,Van - Passenger (&lt;9 Seats),40,2015,HONDA,ODYSSEY
MCP1334007F,190004728,Montgomery County Police,Injury Crash,01/30/2019 12:30:00 PM,Municipality,N SUMMIT AVE,BROOKS AVE,SAME DIR REAR END,SNOW,WET,DAYLIGHT,TRAFFIC SIGNAL,NONE DETECTED,No,SUSPECTED MINOR INJURY,NOT DISTRACTED,MD,PASSENGER CAR,25,2003,HONDA,2D
MCP25520067,230024163,Montgomery County Police,Property Damage Crash,07/18/2023 10:44:00 AM,County,SHADY GROVE RD,CORPORATE BLVD,SAME DIRECTION SIDESWIPE,CLEAR,DRY,DAYLIGHT,NO CONTROLS,,Unknown,NO APPARENT INJURY,NOT DISTRACTED,MD,"MEDIUM/HEAVY TRUCKS 3 AXLES (OVER 10,000LBS (4,536KG))",40,2017,KENWORTH,DUMP TRUCK
MCP30060077,220017368,Montgomery County Police,Property Damage Crash,04/24/2022 09:00:00 AM,Maryland (State),GEORGIA AVE,SHOREFIELD RD,ANGLE MEETS LEFT TURN,CLEAR,DRY,DAYLIGHT,TRAFFIC SIGNAL,NONE DETECTED,Yes,NO APPARENT INJURY,UNKNOWN,MD,PASSENGER CAR,35,2001,LEXUS,IS300
MCP1417003Z,15050756,MONTGOMERY,Property Damage Crash,10-07-15 6:55,County,SHADY GROVE RD,BRIARDALE RD,SAME DIR REAR END,CLEAR,DRY,DAWN,NO CONTROLS,NONE DETECTED,Yes,NO APPARENT INJURY,UNKNOWN,MD,VAN,40,2011,TOYOTA,SIENNA
MCP28270039,170528234,Montgomery County Police,Injury Crash,09-01-17 21:17,Maryland (State),GEORGIA AVE,EMORY CHURCH RD,SAME DIR REAR END,RAINING,WET,DARK LIGHTS ON,NO CONTROLS,NONE DETECTED,Yes,POSSIBLE INJURY,LOOKED BUT DID NOT SEE,MD,PASSENGER CAR,50,2012,JEEP,LIBERTY
MCP3388001Y,250022445,MONTGOMERY,Property Damage Crash,05/21/2025 05:37:00 AM,Maryland (State) Route,PHILADELPHIA AVE (WB/L),,Rear To Side,Rain,Wet,Daylight,No Controls,"Unknown, Unknown",No,,,,Passenger Car,25,2011,TOYOTA,CAMRY
MCP2466001T,17002281,Montgomery County Police,Property Damage Crash,01/13/2017 04:31:00 PM,County,EDNOR RD,HAW LA,SAME DIR REAR END,CLEAR,WET,DAYLIGHT,NO CONTROLS,NONE DETECTED,No,NO APPARENT INJURY,NOT DISTRACTED,MD,PICKUP TRUCK,35,2012,NISS,FRONTIER TK
DM8498000H,220031655,Takoma Park Police Depart,Property Damage Crash,07/22/2022 11:15:00 PM,County,PHILADELPHIA AVE,NO NAME,HEAD ON LEFT TURN,CLEAR,DRY,DARK LIGHTS ON,NO CONTROLS,NONE DETECTED,No,NO APPARENT INJURY,NOT DISTRACTED,MD,AMBULANCE/EMERGENCY,15,2016,AMB,EMG
EJ7844001R,240008004,GAITHERSBURG,Property Damage Crash,02/18/2024 02:30:00 PM,Maryland (State) Route,QUINCE ORCHARD RD,,Front to Rear,Clear,Dry,Daylight,No Controls,"Not Suspect of Alcohol Use, Not Suspect of Drug Use",No,No Apparent Injury,Not Distracted,MD,Passenger Car,40,2018,CHRYSLER,PACIFICA
MCP3061001C,190026792,Montgomery County Police,Property Damage Crash,06-05-19 1:04,County,FATHER HURLEY BLVD,MIDDLEBROOK RD,SINGLE VEHICLE,CLEAR,DRY,DARK LIGHTS ON,FLASHING TRAFFIC SIGNAL,NONE DETECTED,Yes,NO APPARENT INJURY,UNKNOWN,MD,PASSENGER CAR,35,2004,HONDA,ACCORD
MCP2054000V,220041642,Montgomery County Police,Injury Crash,09/24/2022 02:30:00 PM,US (State),COLUMBIA PIKE,FAIRLAND RD,SAME DIR REAR END,CLEAR,DRY,DAYLIGHT,TRAFFIC SIGNAL,NONE DETECTED,Yes,NO APPARENT INJURY,DISTRACTED BY OUTSIDE PERSON OBJECT OR EVENT,MD,PASSENGER CAR,50,2018,MAZDA,SEDAN
MCP2970004S,180054990,Montgomery County Police,Property Damage Crash,11-02-18 12:15,Maryland (State),GEORGIA AVE,RANDOLPH RD,SAME DIRECTION SIDESWIPE,CLOUDY,DRY,DAYLIGHT,TRAFFIC SIGNAL,UNKNOWN,Yes,NO APPARENT INJURY,UNKNOWN,MD,PASSENGER CAR,35,2002,TOYOTA,CAMRY
MCP2693001J,16035531,Montgomery County Police,Injury Crash,07/13/2016 07:24:00 PM,Maryland (State),VEIRS MILL RD,TURKEY BRANCH PKWY,SINGLE VEHICLE,CLEAR,DRY,DAYLIGHT,FLASHING TRAFFIC SIGNAL,NONE DETECTED,Yes,NO APPARENT INJURY,LOOKED BUT DID NOT SEE,MD,PASSENGER CAR,45,2005,TOYOTA,COROLLA
MCP2983000M,15059893,MONTGOMERY,Property Damage Crash,11/23/2015 03:44:00 PM,,,,SINGLE VEHICLE,CLEAR,,DAYLIGHT,,NONE DETECTED,Yes,NO APPARENT INJURY,NOT DISTRACTED,MD,PASSENGER CAR,0,1993,LEXUS,ES300
MCP12210045,170542719,Montgomery County Police,Property Damage Crash,11/14/2017 12:03:00 PM,,,,SAME DIRECTION SIDESWIPE,CLOUDY,,DAYLIGHT,NO CONTROLS,NONE DETECTED,Yes,NO APPARENT INJURY,OTHER ELECTRONIC DEVICE (NAVIGATIONAL PALM PILOT),MD,PASSENGER CAR,25,2011,TOYOTA,PRIUS
MCP3009008W,250033434,MONTGOMERY,Injury Crash,07/27/2025 01:00:00 PM,County Route,WATKINS MILL RD,,"Sideswipe, Opposite Direction",Rain,Wet,Daylight,No Controls,"Not Suspect of Alcohol Use, Not Suspect of Drug Use",Yes,No Apparent Injury,Not Distracted,MD,Sport Utility Vehicle,35,2020,VOLVO,XC90
MCP2353007X,190062267,Montgomery County Police,Injury Crash,12/27/2019 05:56:00 AM,Interstate (State),CAPITAL BELTWAY,END BRIDGE,SAME DIRECTION RIGHT TURN,CLEAR,WET,DARK LIGHTS ON,NO CONTROLS,NONE DETECTED,No,POSSIBLE INJURY,NOT DISTRACTED,MD,TRUCK TRACTOR,55,2020,VOLVO,TRACTOR
MCP27080060,200001758,Montgomery County Police,Property Damage Crash,01-10-20 21:45,US (State),COLESVILLE RD,LORAIN AVE,SAME DIR REAR END,CLOUDY,WET,DARK LIGHTS ON,NO CONTROLS,NONE DETECTED,No,NO APPARENT INJURY,NOT DISTRACTED,MD,(SPORT) UTILITY VEHICLE,35,2008,ACURA,MDX
MCP2532000F,250015288,MONTGOMERY,Property Damage Crash,04-06-25 2:00,County Route,SAM EIG HWY,,Single Vehicle,Cloudy,Dry,Dark - Unknown Lighting,No Controls,"Not Suspect of Alcohol Use, Not Suspect of Drug Use",No,No Apparent Injury,Not Distracted,MD,Passenger Car,55,2005,VOLKSWAGEN,PASSENGER
MCP2485001J,200033120,Montgomery County Police,Injury Crash,08/24/2020 08:07:00 PM,,,,OTHER,CLEAR,,DARK LIGHTS ON,,UNKNOWN,Yes,SUSPECTED SERIOUS INJURY,NOT DISTRACTED,MD,PASSENGER CAR,5,2005,SCION,2S
MCP3261001P,250051333,MONTGOMERY,Property Damage Crash,11/15/2025 11:27:00 PM,Maryland (State) Route,W DIAMOND AVE (WB/L),CHESTNUT ST MUDDY BRANCH RD MUDDY BRANCH RD (SB/L),Front to Front,Clear,Dry,Dark - Lighted,Traffic Control Signal,"Not Suspect of Alcohol Use, Not Suspect of Drug Use",No,No Apparent Injury,Not Distracted,MD,Passenger Car,35,2008,HONDA,CIVIC
MCP31650010,190007948,Montgomery County Police,Injury Crash,02/19/2019 08:15:00 AM,US (State),COLUMBIA PIKE,GREENCASTLE RD,SAME DIR REAR END,CLEAR,DRY,DAYLIGHT,,,No,NO APPARENT INJURY,NOT DISTRACTED,MD,PASSENGER CAR,50,2014,VOLK,TK
MCP003600DR,200045714,Montgomery County Police,Property Damage Crash,11/19/2020 01:40:00 PM,Maryland (State),OLD HUNDRED RD,FREDERICK RD,SAME DIR REAR END,CLEAR,DRY,DAYLIGHT,NO CONTROLS,NONE DETECTED,No,NO APPARENT INJURY,NOT DISTRACTED,MD,PASSENGER CAR,30,2020,HYUNDAI,ELANTRA
MCP2868001T,16005104,Montgomery County Police,Property Damage Crash,01/31/2016 04:22:00 PM,County,WHITTIER BLVD,HIGHBORO DR,OPPOSITE DIRECTION SIDESWIPE,CLEAR,WET,DAYLIGHT,NO CONTROLS,ALCOHOL PRESENT,Yes,NO APPARENT INJURY,OTHER DISTRACTION,MD,(SPORT) UTILITY VEHICLE,30,2011,DODGE,4D
MCP301000B9,240048726,MONTGOMERY,Property Damage Crash,10-12-24 8:04,Maryland (State) Route,ROCKVILLE PIKE,,Front to Rear,Clear,Dry,Daylight,Traffic Control Signal,"Not Suspect of Alcohol Use, Not Suspect of Drug Use",No,No Apparent Injury,Not Distracted,MD,Passenger Car,35,2014,TOYOTA,RAV4
MCP1119006K,190004584,Montgomery County Police,Property Damage Crash,01/29/2019 02:42:00 PM,Maryland (State),GEORGIA AVE,HILLCREST AVE,STRAIGHT MOVEMENT ANGLE,SNOW,WET,DAYLIGHT,STOP SIGN,NONE DETECTED,No,NO APPARENT INJURY,NOT DISTRACTED,MD,(SPORT) UTILITY VEHICLE,30,2013,FORD,EXPLORER
MCP2546001Y,16053045,Montgomery County Police,Property Damage Crash,10/15/2016 03:48:00 PM,Maryland (State),GEORGIA AVE,CONNECTICUT AVE,STRAIGHT MOVEMENT ANGLE,CLEAR,DRY,DAYLIGHT,NO CONTROLS,NONE DETECTED,No,NO APPARENT INJURY,NOT DISTRACTED,MD,(SPORT) UTILITY VEHICLE,0,2014,KIA,SPORTAGE
MCP2610001Q,190013126,Montgomery County Police,Property Damage Crash,03/21/2019 09:00:00 PM,Maryland (State),W DIAMOND AVE,RAMP 6 FR MD 117 EB TO IS 270 SB,HEAD ON LEFT TURN,RAINING,WET,DARK LIGHTS ON,NO CONTROLS,NONE DETECTED,No,NO APPARENT INJURY,NOT DISTRACTED,MD,(SPORT) UTILITY VEHICLE,35,2005,TOYOTA,TK
DD562000C2,250013550,ROCKVILLE,Property Damage Crash,03/28/2025 12:50:00 PM,,,,Single Vehicle,Clear,,Daylight,,"Not Suspect of Alcohol Use, Not Suspect of Drug Use",Yes,No Apparent Injury,Not Distracted,MD,Passenger Car,0,2013,NISSAN,ALTIMA
MCP2689009J,230021838,Montgomery County Police,Injury Crash,05-07-23 14:13,County,SEVEN LOCKS RD,TUCKERMAN LA,SAME DIR REAR END,CLOUDY,DRY,DAYLIGHT,NO CONTROLS,NONE DETECTED,No,NO APPARENT INJURY,NOT DISTRACTED,MD,PASSENGER CAR,35,2005,HONDA,ODYSSEY
MCP27830052,230054284,Montgomery County Police,Injury Crash,09-11-23 17:07,County,NORBECK RD,NEW HAMPSHIRE AVE,HEAD ON,CLEAR,DRY,DAYLIGHT,NO CONTROLS,NONE DETECTED,Yes,SUSPECTED MINOR INJURY,UNKNOWN,MD,PASSENGER CAR,40,2008,LEXUS,4D
MCP2016000T,15056570,MONTGOMERY,Property Damage Crash,11-06-15 14:23,County,MONTROSE RD,TILDENWOOD DR,HEAD ON,,DRY,DAYLIGHT,TRAFFIC SIGNAL,NONE DETECTED,No,NO APPARENT INJURY,NOT DISTRACTED,MD,TRUCK TRACTOR,35,2004,FRHT,TRUCK
MCP1235001V,190015526,Montgomery County Police,Property Damage Crash,04-03-19 20:19,US (State),COLESVILLE RD,LANARK WAY,SAME DIR REAR END,CLEAR,DRY,DARK NO LIGHTS,NO CONTROLS,NONE DETECTED,No,NO APPARENT INJURY,NOT DISTRACTED,MD,PASSENGER CAR,40,2014,LEXUX,RX350
MCP2539001R,210031144,Montgomery County Police,Property Damage Crash,08-10-21 22:01,County,CEDAR LA,SUMMIT AVE,SINGLE VEHICLE,CLOUDY,WET,DARK LIGHTS ON,NO CONTROLS,NONE DETECTED,Yes,NO APPARENT INJURY,NOT DISTRACTED,MD,POLICE VEHICLE/EMERGENCY,30,2014,DODGE,CHARGER
MCP2466005V,250009725,MONTGOMERY,Injury Crash,03-05-25 17:00,County Route,BROAD GREEN DR,,Other,Clear,Wet,Daylight,No Controls,"Unknown, Unknown",No,,,,Pickup,30,2022,RAM,5500
MCP2473001C,170528743,Montgomery County Police,Property Damage Crash,09-05-17 9:11,US (State),COLUMBIA PIKE,PRELUDE DR,SAME DIR REAR END,CLEAR,DRY,DAYLIGHT,,,No,NO APPARENT INJURY,NOT DISTRACTED,MD,PASSENGER CAR,45,2014,MITS,LANCER
MCP3295001Q,220027822,Montgomery County Police,Injury Crash,06/28/2022 03:00:00 PM,Maryland (State),NEW HAMPSHIRE AVE,OAKVIEW DR,SAME DIR REAR END,CLEAR,DRY,DAYLIGHT,NO CONTROLS,NONE DETECTED,No,POSSIBLE INJURY,NOT DISTRACTED,IL,PASSENGER CAR,40,2019,CHEVY,EQUINOX
MCP3168004F,220031774,Montgomery County Police,Property Damage Crash,07/23/2022 07:20:00 PM,County,RANDOLPH RD,PARKLAWN DR,SAME DIR REAR END,CLEAR,DRY,DAYLIGHT,TRAFFIC SIGNAL,NONE DETECTED,No,NO APPARENT INJURY,NOT DISTRACTED,MD,VAN,35,2021,TOYOTA,SIENNA
MCP3148008B,250039694,MONTGOMERY,Property Damage Crash,09-04-25 17:50,County Route,,E PARKHILL DR,Angle,Cloudy,Dry,Daylight,No Controls,"Not Suspect of Alcohol Use, Not Suspect of Drug Use",No,No Apparent Injury,Unknown,MD,Passenger Car,30,2024,TOYOTA,GR COROLLA
MCP1565002L,170544054,Montgomery County Police,Injury Crash,11/21/2017 08:30:00 AM,Maryland (State),GEORGIA AVE,RAMP 5 FR MD 97 SB TO RP 4 (TO MD200 EB),SAME DIRECTION LEFT TURN,CLEAR,DRY,DAYLIGHT,TRAFFIC SIGNAL,NONE DETECTED,No,NO APPARENT INJURY,NOT DISTRACTED,DE,TRUCK TRACTOR,50,2015,FREIGHTLINER,TRACTOR
MCP2766000V,15000735,Montgomery County Police,Property Damage Crash,01-05-15 15:23,County,RANDOLPH RD,SELFRIDGE RD,STRAIGHT MOVEMENT ANGLE,CLEAR,DRY,DAYLIGHT,TRAFFIC SIGNAL,NONE DETECTED,No,NO APPARENT INJURY,NOT DISTRACTED,MD,"OTHER LIGHT TRUCKS (10,000LBS (4,536KG) OR LESS)",25,1992,GRUMMAN ALLIED,LLV-A
MCP2805001H,15043776,MONTGOMERY,Injury Crash,08/31/2015 05:41:00 PM,Maryland (State),QUINCE ORCHARD RD,RAMP 7 FR MD 124 WB TO IS 270 SB,SAME DIR REAR END,CLEAR,DRY,,NO CONTROLS,NONE DETECTED,No,POSSIBLE INJURY,NOT DISTRACTED,MD,PASSENGER CAR,35,2013,BMW,335
MCP3008000B,16004982,Montgomery County Police,Property Damage Crash,01/30/2016 09:00:00 PM,County,WAYNE AVE,CEDAR ST,SAME DIR REAR END,CLEAR,,DARK LIGHTS ON,,ALCOHOL PRESENT,No,NO APPARENT INJURY,OTHER DISTRACTION,GA,PASSENGER CAR,30,2009,CHEVROLET,COBALT
MCP2863003G,240059949,MONTGOMERY,Property Damage Crash,12/15/2024 05:15:00 PM,County Route,WASHINGTON GROVE LA (SB/L),,Front to Front,Freezing Rain Or Freezing Drizzle,Wet,Dark - Not Lighted,Traffic Control Signal,"Not Suspect of Alcohol Use, Not Suspect of Drug Use",No,No Apparent Injury,Not Distracted,MD,Passenger Car,25,2023,SUBARU,WRX
DM8522001T,240017878,TAKOMA,Property Damage Crash,04/17/2024 09:33:00 AM,Maryland (State) Route,NEW HAMPSHIRE AVE (SB/L),ALLEY #4,Other,Clear,Dry,Daylight,Traffic Control Signal,"Unknown, Unknown",No,,,,Passenger Car,35,2012,HONDA,CIVIC
MCP2531000T,170525769,Montgomery County Police,Property Damage Crash,08/19/2017 08:02:00 PM,County,MUDDY BRANCH RD,DIAMONDBACK DR,SAME DIR REAR END,CLEAR,OTHER,DARK LIGHTS ON,TRAFFIC SIGNAL,,Yes,NO APPARENT INJURY,NOT DISTRACTED,MD,POLICE VEHICLE/NON EMERGENCY,35,2013,CHEV,SUBURBAN
MCP93210010,16041694,Montgomery County Police,Injury Crash,08/17/2016 08:14:00 AM,Maryland (State),UNIVERSITY BLVD W,EISNER ST,STRAIGHT MOVEMENT ANGLE,CLEAR,DRY,DAYLIGHT,NO CONTROLS,NONE DETECTED,Yes,NO APPARENT INJURY,NOT DISTRACTED,MD,PASSENGER CAR,40,1996,TOYOTA,AVALON
EJ7856009L,210031631,Gaithersburg Police Depar,Property Damage Crash,08/14/2021 05:12:00 PM,Municipality,CHESTNUT ST,FREDERICK RD,OPPOSITE DIRECTION SIDESWIPE,CLEAR,DRY,DAYLIGHT,,,Yes,NO APPARENT INJURY,LOOKED BUT DID NOT SEE,MD,"MEDIUM/HEAVY TRUCKS 3 AXLES (OVER 10,000LBS (4,536KG))",25,2018,FREIGHTLINER,TOW TRUCK
MCP3290000M,210017946,Montgomery County Police,Property Damage Crash,05/13/2021 02:25:00 AM,US (State),COLUMBIA PIKE,END BRIDGE,SINGLE VEHICLE,CLEAR,DRY,DARK NO LIGHTS,NO CONTROLS,,Unknown,NO APPARENT INJURY,UNKNOWN,NY,PASSENGER CAR,55,2017,NISSAN,ROGUE
MCP3123000P,180024524,Montgomery County Police,Injury Crash,05/18/2018 11:53:00 PM,County,SHADY GROVE RD,RAMP 9 FR IS 370 EB TO SHADY GROVE RD,HEAD ON LEFT TURN,RAINING,WET,DARK LIGHTS ON,TRAFFIC SIGNAL,NONE DETECTED,Yes,POSSIBLE INJURY,NOT DISTRACTED,MD,PASSENGER CAR,35,2016,CHEVROLET,SILVERADO
MCP2569000Z,180029071,Montgomery County Police,Property Damage Crash,06-12-18 15:12,County,GLEN RD,PINEY MEETINGHOUSE RD,SINGLE VEHICLE,CLEAR,DRY,DAYLIGHT,,NONE DETECTED,Yes,NO APPARENT INJURY,NOT DISTRACTED,MD,FIRE VEHICLE/NON EMERGENCY,30,2008,SPAR,TK
MCP28920073,190053143,Montgomery County Police,Property Damage Crash,11-04-19 17:43,County,DENNIS AVE,GEORGIA AVE,SAME DIRECTION LEFT TURN,CLEAR,DRY,DARK LIGHTS ON,NO CONTROLS,NONE DETECTED,Yes,NO APPARENT INJURY,LOOKED BUT DID NOT SEE,MD,PASSENGER CAR,25,2003,VOLK,4S
MCP15500060,250014491,MONTGOMERY,Injury Crash,04-03-25 11:55,Maryland (State) Route,GOLDSBORO RD (SB/L),BRADLEY BLVD,Angle,Clear,Dry,Daylight,Traffic Control Signal,"Not Suspect of Alcohol Use, Not Suspect of Drug Use",No,Suspected Minor Injury,Not Distracted,MD,Passenger Car,35,2011,NISSAN,VERSA
MCP1221002D,16044132,Montgomery County Police,Injury Crash,08/30/2016 07:35:00 AM,Maryland (State),KEY WEST AVE,BROSCHART RD,SINGLE VEHICLE,CLEAR,DRY,DAYLIGHT,NO CONTROLS,NONE DETECTED,Yes,SUSPECTED MINOR INJURY,UNKNOWN,MD,PASSENGER CAR,35,2008,HYUN,ELANTRA
MCP31340014,190004351,Montgomery County Police,Property Damage Crash,01/28/2019 07:04:00 AM,Maryland (State),UNIVERSITY BLVD E,INDIAN SPRING DR,SAME DIR REAR END,CLEAR,DRY,DUSK,NO CONTROLS,,No,NO APPARENT INJURY,NOT DISTRACTED,MD,PICKUP TRUCK,35,2017,FORD,TRUCK
MCP209400Q6,250055382,MONTGOMERY,Injury Crash,12-11-25 7:06,County Route,,,Front to Rear,Clear,Dry,Dawn,No Controls,"Not Suspect of Alcohol Use, Not Suspect of Drug Use",Yes,No Apparent Injury,Unknown,MD,Passenger Car,35,2013,FORD,ESCAPE
MCP3254000G,200040933,Montgomery County Police,Injury Crash,10/17/2020 12:58:00 PM,County,BRANDERMILL DR,STONEY POINT WAY,HEAD ON,CLEAR,DRY,DAYLIGHT,NO CONTROLS,NONE DETECTED,Yes,SUSPECTED MINOR INJURY,INATTENTIVE OR LOST IN THOUGHT,MD,VAN,25,2005,HONDA,ODDESSEY
DD5605004F,170536910,Rockville Police Departme,Property Damage Crash,10/16/2017 07:30:00 AM,County,SHADY GROVE RD,CORPORATE BLVD,STRAIGHT MOVEMENT ANGLE,CLOUDY,WET,DAYLIGHT,TRAFFIC SIGNAL,NONE DETECTED,Yes,NO APPARENT INJURY,NOT DISTRACTED,MD,PASSENGER CAR,40,2014,NISS,4S
MCP27280034,17006557,Montgomery County Police,Property Damage Crash,02-06-17 19:55,County,LANGLEY DR,GLENVILLE RD,SAME DIRECTION SIDESWIPE,,DRY,DARK -- UNKNOWN LIGHTING,NO CONTROLS,,Yes,NO APPARENT INJURY,UNKNOWN,MD,PICKUP TRUCK,25,2004,CHEVY,SILVERADO