Report Number,Local Case Number,Agency Name,ACRS Report Type,Crash Date/Time,Route Type,Road Name,Cross-Street Name,Collision Type,Weather,Surface Condition,Light,Traffic Control,Driver Substance Abuse,Driver At Fault,Injury Severity,Driver Distracted By,Drivers License State,Vehicle Body Type,Speed Limit,Vehicle Year,Vehicle Make,Vehicle Model
MCP2052003Y,240041409,MONTGOMERY,Property Damage Crash,09-01-24 12:00,Ramp,RAMP 5 FR IS 270 SB TO SHADY GROVE RD,,Front to Rear,Clear,Dry,Daylight,No Controls,"Suspect of Alcohol Use, Not Suspect of Drug Use",Yes,No Apparent Injury,Unknown,MD,Sport Utility Vehicle,55,2002,MERCEDES-BENZ,M-CLASS
MCP2658001G,16063078,Montgomery County Police,Property Damage Crash,12-08-16 18:30,,,,OTHER,CLEAR,,DARK LIGHTS ON,,,Yes,NO APPARENT INJURY,UNKNOWN,MD,VAN,15,2008,DODGE,VAN
DM84920018,220052770,Takoma Park Police Depart,Injury Crash,11/30/2022 12:20:00 AM,Maryland (State),NEW HAMPSHIRE AVE,ETHAN ALLEN AVE,SAME DIR REAR END,CLEAR,DRY,DARK LIGHTS ON,,,No,POSSIBLE INJURY,NOT DISTRACTED,MD,OTHER BUS,45,2009,GILLIG,LOW FLOOR BUS
MCP23850022,200043601,Montgomery County Police,Property Damage Crash,11-05-20 0:40,County,SUNDOWN RD,ZION RD,SINGLE VEHICLE,CLEAR,DRY,DARK NO LIGHTS,NO CONTROLS,NONE DETECTED,No,NO APPARENT INJURY,NOT DISTRACTED,MD,PASSENGER CAR,40,2020,TOYOTA,COROLLA
MCP2339003Q,180043981,Montgomery County Police,Injury Crash,09-03-18 18:10,Maryland (State),FREDERICK RD,REDLAND BLVD,SAME DIRECTION LEFT TURN,CLEAR,DRY,DAYLIGHT,NO CONTROLS,NONE DETECTED,No,NO APPARENT INJURY,NOT DISTRACTED,MD,PASSENGER CAR,40,2002,HONDA,CIVIC
DM8374001P,170551069,Takoma Park Police Depart,Property Damage Crash,12/28/2017 03:47:00 PM,Maryland (State),UNIVERSITY BLVD E,ALLEY,HEAD ON LEFT TURN,CLEAR,DRY,DAYLIGHT,TRAFFIC SIGNAL,NONE DETECTED,No,NO APPARENT INJURY,NOT DISTRACTED,MD,PASSENGER CAR,35,1995,HONDA,CIVIC
MCP2962004J,190044172,Montgomery County Police,Injury Crash,09/15/2019 10:01:00 AM,County,FATHER HURLEY BLVD,WYNNFIELD DR,STRAIGHT MOVEMENT ANGLE,CLEAR,DRY,DAYLIGHT,TRAFFIC SIGNAL,NONE DETECTED,No,NO APPARENT INJURY,NOT DISTRACTED,MD,OTHER,25,2018,CHEVROLET,COLORADO
MCP0942003H,220015655,Montgomery County Police,Property Damage Crash,04/13/2022 10:41:00 AM,County,ARLINGTON RD,OLD GEORGETOWN RD,SAME DIR REAR END,CLEAR,DRY,DAYLIGHT,TRAFFIC SIGNAL,NONE DETECTED,No,NO APPARENT INJURY,NOT DISTRACTED,MD,"MEDIUM/HEAVY TRUCKS 3 AXLES (OVER 10,000LBS (4,536KG))",25,2020,HINO,195
MCP2298003V,15000779,Montgomery County Police,Injury Crash,01-05-15 19:29,Maryland (State),GREAT SENECA HWY,LEAMAN FARM RD,STRAIGHT MOVEMENT ANGLE,CLEAR,DRY,DARK -- UNKNOWN LIGHTING,STOP SIGN,NONE DETECTED,Yes,SUSPECTED MINOR INJURY,NOT DISTRACTED,MD,PASSENGER CAR,40,2012,TOYOTA,COROLLA
MCP2399000R,16017177,Montgomery County Police,Property Damage Crash,04-08-16 15:15,Maryland (State),MONTGOMERY VILLAGE AVE,SPUR FR LOST KNIFE RD,SAME DIRECTION LEFT TURN,CLEAR,DRY,DAYLIGHT,YIELD SIGN,UNKNOWN,Yes,NO APPARENT INJURY,UNKNOWN,,PASSENGER CAR,35,0,UNKNOWN,UNKNOWN
MCP30930040,220041355,Montgomery County Police,Property Damage Crash,09/19/2022 10:30:00 PM,,,,OTHER,UNKNOWN,,UNKNOWN,,UNKNOWN,Yes,NO APPARENT INJURY,UNKNOWN,,PASSENGER CAR,0,2011,HONDA,CIV
MCP2358005S,180062205,Montgomery County Police,Property Damage Crash,12/13/2018 10:42:00 AM,Maryland (State),ROCKVILLE PIKE,CEDAR LA,SAME DIR REAR END,CLEAR,DRY,DAYLIGHT,TRAFFIC SIGNAL,NONE DETECTED,No,NO APPARENT INJURY,NOT DISTRACTED,MD,PASSENGER CAR,35,2014,DODGE,CARAVAN
DM8505002S,250043606,TAKOMA,Property Damage Crash,09/28/2025 10:11:00 AM,,,,Rear To Side,Clear,,Daylight,,"Unknown, Unknown",No,,,,Passenger Car,0,2012,HONDA,CIVIC
MCP3208004K,230028727,Montgomery County Police,Injury Crash,06/15/2023 04:14:00 AM,Maryland (State),GEORGIA AVE,SEMINARY RD,STRAIGHT MOVEMENT ANGLE,CLEAR,DRY,DARK LIGHTS ON,TRAFFIC SIGNAL,NONE DETECTED,No,SUSPECTED MINOR INJURY,NOT DISTRACTED,MD,PASSENGER CAR,35,2016,HONDA,ACCORD
MCP229800LK,180055518,Montgomery County Police,Injury Crash,11-05-18 17:26,Maryland (State),CLOPPER RD,WARING STATION RD,SAME DIR REAR END,RAINING,WET,DARK NO LIGHTS,NO CONTROLS,NONE DETECTED,Yes,NO APPARENT INJURY,NOT DISTRACTED,MD,(SPORT) UTILITY VEHICLE,45,2018,FORD,ESCAPE
MCP2159003H,250031722,MONTGOMERY,Property Damage Crash,07/16/2025 12:42:00 PM,County Route,PRESCOTT RD,,Single Vehicle,Cloudy,Dry,Daylight,No Controls,"Not Suspect of Alcohol Use, Not Suspect of Drug Use",No,No Apparent Injury,Unknown,MD,Truck Tractor,25,2021,FREIGHTLINER,CASCADIA
MCP2717009P,17008605,Montgomery County Police,Injury Crash,02/17/2017 11:13:00 AM,Maryland (State),WISCONSIN AVE,MIDDLETON LA,OTHER,CLEAR,DRY,DAYLIGHT,NO CONTROLS,NONE DETECTED,Yes,NO APPARENT INJURY,NOT DISTRACTED,MD,"CARGO VAN/LIGHT TRUCK 2 AXLES (OVER 10,000LBS (4,536 KG))",25,2005,CHEVROLET,WORK TRUCK
MCP0113000Z,16049313,Montgomery County Police,Injury Crash,09/25/2016 11:43:00 AM,Municipality,KENSINGTON PKWY,MONTROSE DR,STRAIGHT MOVEMENT ANGLE,CLEAR,DRY,DAYLIGHT,STOP SIGN,NONE DETECTED,No,SUSPECTED MINOR INJURY,NOT DISTRACTED,MD,PASSENGER CAR,25,2014,HONDA,CIVIC
MCP3402001Y,240036723,MONTGOMERY,Property Damage Crash,08-04-24 9:23,Maryland (State) Route,PINEY BRANCH RD (SB/L),,"Sideswipe, Same Direction",Clear,Dry,Daylight,No Controls,"Unknown, Unknown",Yes,,,,,40,0,,
MCP229800BB,16059287,Montgomery County Police,Property Damage Crash,11/17/2016 06:38:00 PM,Maryland (State),GERMANTOWN RD,WISTERIA DR,SAME DIR REAR END,CLEAR,DRY,DARK LIGHTS ON,NO CONTROLS,NONE DETECTED,No,NO APPARENT INJURY,NOT DISTRACTED,MD,TRANSIT BUS,40,2016,GILL,BUS
DD5529000V,15033226,ROCKVILLE,Property Damage Crash,07-07-15 15:28,Maryland (State),E JEFFERSON ST,MONROE ST,OTHER,CLEAR,DRY,DAYLIGHT,TRAFFIC SIGNAL,NONE DETECTED,No,NO APPARENT INJURY,NOT DISTRACTED,MD,PASSENGER CAR,25,2007,CHEV,SILVERADO
MCP3283001K,220025620,Montgomery County Police,Property Damage Crash,06/14/2022 04:02:00 PM,,,,OTHER,CLEAR,,DAYLIGHT,NO CONTROLS,UNKNOWN,Yes,NO APPARENT INJURY,UNKNOWN,,PASSENGER CAR,0,2013,MAZDA,3
MCP2072006P,230018234,Montgomery County Police,Injury Crash,04/17/2023 06:48:00 AM,Maryland (State),FREDERICK RD,SHAKESPEARE BLVD,STRAIGHT MOVEMENT ANGLE,CLEAR,DRY,DAYLIGHT,TRAFFIC SIGNAL,NONE DETECTED,No,SUSPECTED SERIOUS INJURY,NOT DISTRACTED,MD,PASSENGER CAR,35,2021,TOYT,CAMRY
MCP136600BZ,230003214,Montgomery County Police,Property Damage Crash,01/20/2023 10:16:00 AM,County,SHADY GROVE RD,OAKMONT AVE,SAME DIRECTION SIDESWIPE,CLEAR,DRY,DAYLIGHT,TRAFFIC SIGNAL,UNKNOWN,Yes,NO APPARENT INJURY,LOOKED BUT DID NOT SEE,,UNKNOWN,40,2023,UNKNOWN,UNKNOWN
MCP27980013,15044806,MONTGOMERY,Property Damage Crash,09-05-15 17:15,County,OLD COLUMBIA PIKE,BRIGGS CHANEY RD,HEAD ON LEFT TURN,CLEAR,DRY,DAYLIGHT,NO CONTROLS,NONE DETECTED,No,NO APPARENT INJURY,NOT DISTRACTED,MD,(SPORT) UTILITY VEHICLE,35,2004,FORD,EXPLORER
MCP00360072,170540371,Montgomery County Police,Property Damage Crash,11-02-17 6:57,County,GUNNERS BRANCH RD,FREDERICK RD,STRAIGHT MOVEMENT ANGLE,CLEAR,DRY,DARK LIGHTS ON,NO CONTROLS,NONE DETECTED,No,NO APPARENT INJURY,NOT DISTRACTED,MD,PASSENGER CAR,30,2014,TOYOTA,COROLLA
MCP2594006B,200024005,Montgomery County Police,Property Damage Crash,06/19/2020 12:43:00 PM,County,GOOD HOPE RD,UPLAND DR,STRAIGHT MOVEMENT ANGLE,CLEAR,DRY,DAYLIGHT,STOP SIGN,NONE DETECTED,Yes,NO APPARENT INJURY,LOOKED BUT DID NOT SEE,MD,PASSENGER CAR,25,2008,TOYOTA,4 RUNNER
MCP1563002M,16039720,Montgomery County Police,Property Damage Crash,08-05-16 19:10,Maryland (State),EAST WEST HWY,ENT TO BUSINESS,OTHER,CLOUDY,DRY,DUSK,NO CONTROLS,NONE DETECTED,No,NO APPARENT INJURY,NOT DISTRACTED,MD,PASSENGER CAR,35,2008,HYUNDAI,SONATA
MCP3292001B,220027340,Montgomery County Police,Property Damage Crash,06/25/2022 02:49:00 AM,Maryland (State),S FREDERICK RD,ROSEMONT DR,SINGLE VEHICLE,CLEAR,,DARK LIGHTS ON,NO CONTROLS,UNKNOWN,Yes,NO APPARENT INJURY,OTHER DISTRACTION,MD,PASSENGER CAR,35,2013,BMW,4H
DM84530010,170530166,Takoma Park Police Depart,Injury Crash,09-12-17 17:44,Maryland (State),PHILADELPHIA AVE,PINEY BRANCH RD,,CLEAR,DRY,DAYLIGHT,TRAFFIC SIGNAL,NONE DETECTED,Yes,SUSPECTED MINOR INJURY,UNKNOWN,XX,OTHER,25,2017,XX,XX
MCP2954005X,180041425,Montgomery County Police,Property Damage Crash,08/20/2018 04:00:00 PM,,,,SAME DIRECTION SIDESWIPE,CLEAR,,DAYLIGHT,NO CONTROLS,NONE DETECTED,Yes,NO APPARENT INJURY,UNKNOWN,MD,PASSENGER CAR,5,2015,TOYOTA,TK
DM8497001C,220019286,Takoma Park Police Depart,Property Damage Crash,05-06-22 13:00,Maryland (State),PHILADELPHIA AVE,BALTIMORE AVE,HEAD ON,RAINING,WET,DAYLIGHT,,,No,NO APPARENT INJURY,NOT DISTRACTED,MD,PASSENGER CAR,25,2006,TOYOTA,CAMRY
MCP3192000D,190049192,Montgomery County Police,Property Damage Crash,10/13/2019 04:09:00 PM,Maryland (State),SPENCERVILLE RD,KRUHM RD,OTHER,CLEAR,DRY,DAYLIGHT,,NONE DETECTED,Yes,NO APPARENT INJURY,UNKNOWN,MD,PASSENGER CAR,40,2015,FORD,F-250
MCP26170057,180004473,Montgomery County Police,Injury Crash,01/26/2018 02:20:00 PM,Maryland (State),CONNECTICUT AVE,WELLER RD,SAME DIR REAR END,CLEAR,DRY,,TRAFFIC SIGNAL,NONE DETECTED,No,SUSPECTED MINOR INJURY,NOT DISTRACTED,MD,PASSENGER CAR,35,2004,NISSAN,QUEST
MCP2930004D,240019683,MONTGOMERY,Injury Crash,04/27/2024 03:42:00 PM,County Route,WELLER RD,CONNECTICUT AVE (SB/L),Front to Front,Clear,Wet,Daylight,Traffic Control Signal,"Not Suspect of Alcohol Use, Not Suspect of Drug Use",No,Suspected Minor Injury,Not Distracted,MD,Sport Utility Vehicle,30,2016,NISSAN,PATHFINDER
MCP2800006Z,250041824,MONTGOMERY,Property Damage Crash,09-11-25 8:00,County Route,JONES MILL RD,BEACH DR EAST WEST HWY,Front to Rear,Clear,Dry,Daylight,Traffic Control Signal,"Not Suspect of Alcohol Use, Not Suspect of Drug Use",Yes,No Apparent Injury,Unknown,MD,Passenger Car,30,2011,HONDA,ACCORD
MCP2765003J,17000435,Montgomery County Police,Property Damage Crash,01-03-17 17:35,County,SHADY GROVE RD,RESEARCH BLVD,SAME DIRECTION RIGHT TURN,RAINING,WET,DARK LIGHTS ON,TRAFFIC SIGNAL,NONE DETECTED,No,NO APPARENT INJURY,NOT DISTRACTED,MD,PASSENGER CAR,35,2014,ACUR,MDX
MCP1378007Z,15049775,MONTGOMERY,Property Damage Crash,10-01-15 14:38,County,RAILROAD ST,RIDGE RD,OPPOSITE DIRECTION SIDESWIPE,RAINING,WET,DAYLIGHT,NO CONTROLS,NONE DETECTED,Yes,NO APPARENT INJURY,NOT DISTRACTED,MD,PASSENGER CAR,25,2003,HONDA,ACCORD
MCP3005004P,190039767,Montgomery County Police,Injury Crash,08/20/2019 11:00:00 AM,Maryland (State),UNIVERSITY BLVD W,ARCOLA AVE,ANGLE MEETS LEFT TURN,CLEAR,DRY,DAYLIGHT,TRAFFIC SIGNAL,NONE DETECTED,Unknown,NO APPARENT INJURY,UNKNOWN,MD,PASSENGER CAR,35,2005,TOYOTA,CAMRY
MCP209400H6,210009830,Montgomery County Police,Property Damage Crash,03/16/2021 11:51:00 AM,County,HAMPDEN LA,ARLINGTON RD,OTHER,CLOUDY,DRY,DAYLIGHT,,NONE DETECTED,Yes,NO APPARENT INJURY,UNKNOWN,MD,PICKUP TRUCK,25,2011,FORD,F250
MCP22910036,180049439,Montgomery County Police,Property Damage Crash,10-03-18 15:09,County,JONES BRIDGE RD,WALNUT HILL RD,SAME DIRECTION SIDESWIPE,CLEAR,DRY,DAYLIGHT,NO CONTROLS,NONE DETECTED,No,NO APPARENT INJURY,NOT DISTRACTED,DC,PASSENGER CAR,25,2007,NISSAN,PICK UP
MCP26890084,210046837,Montgomery County Police,Property Damage Crash,11/18/2021 02:27:00 PM,,HILL TOP ASCENT LA,POTOMAC HEIGHTS LA,OPPOSITE DIRECTION SIDESWIPE,CLEAR,DRY,DAYLIGHT,NO CONTROLS,NONE DETECTED,Unknown,NO APPARENT INJURY,UNKNOWN,MD,PICKUP TRUCK,25,2008,FORD,F-250
MCP25590047,200041491,Montgomery County Police,Injury Crash,10/21/2020 06:25:00 AM,County,GAME PRESERVE RD,R/R #CSX 140 513 J,SINGLE VEHICLE,FOGGY,WET,DARK NO LIGHTS,WARNING SIGN,,Yes,SUSPECTED MINOR INJURY,NOT DISTRACTED,MD,PASSENGER CAR,15,2016,HONDA,CIVIC
MCP31140018,190016567,Montgomery County Police,Injury Crash,04-09-19 19:12,US (State),COLUMBIA PIKE,STEWART LA,SAME DIR REAR END,,,DAYLIGHT,TRAFFIC SIGNAL,,Yes,NO APPARENT INJURY,LOOKED BUT DID NOT SEE,MD,VAN,45,2002,FORD,VAN
MCP26670039,16065718,Montgomery County Police,Property Damage Crash,12/22/2016 02:34:00 PM,County,SHADY GROVE RD,MILL RUN DR,HEAD ON LEFT TURN,CLEAR,DRY,DAYLIGHT,TRAFFIC SIGNAL,NONE DETECTED,No,NO APPARENT INJURY,NOT DISTRACTED,MD,PASSENGER CAR,35,2007,VOLV,SUV
MCP29700028,17000728,Montgomery County Police,Injury Crash,01-05-17 6:39,Maryland (State),UNIVERSITY BLVD W,AMHERST AVE,STRAIGHT MOVEMENT ANGLE,CLEAR,DRY,DAWN,TRAFFIC SIGNAL,,No,POSSIBLE INJURY,NOT DISTRACTED,MD,PICKUP TRUCK,35,2015,RAM,TK
MCP2992000Q,16034619,Montgomery County Police,Property Damage Crash,07-08-16 16:34,Maryland (State),NORBECK RD,NADINE DR,SAME DIR REAR END,CLEAR,,DAYLIGHT,NO CONTROLS,NONE DETECTED,No,NO APPARENT INJURY,NOT DISTRACTED,VA,(SPORT) UTILITY VEHICLE,45,2004,FORD,EXPIDITION
MCP28770074,190034762,Montgomery County Police,Property Damage Crash,07/22/2019 09:19:00 AM,Interstate (State),CAPITAL BELTWAY,EXIT #31,SAME DIRECTION SIDESWIPE,CLEAR,DRY,DAYLIGHT,NO CONTROLS,NONE DETECTED,No,NO APPARENT INJURY,NOT DISTRACTED,NC,TRUCK TRACTOR,55,2019,VOLVO,TRACTOR
HA24510002,18001296,Maryland-National Capital,Property Damage Crash,09/24/2018 05:15:00 PM,Government,BEACH DR,KNOWLES AVE,STRAIGHT MOVEMENT ANGLE,RAINING,WET,DAYLIGHT,TRAFFIC SIGNAL,,Unknown,NO APPARENT INJURY,NOT DISTRACTED,MD,PASSENGER CAR,30,2016,JEEP,WRANGLER
MCP11190056,180012436,Montgomery County Police,Property Damage Crash,03-12-18 14:15,County,RANDOLPH RD,CONNECTICUT AVE,OTHER,CLOUDY,DRY,DAYLIGHT,TRAFFIC SIGNAL,NONE DETECTED,Yes,NO APPARENT INJURY,NOT DISTRACTED,MD,TRANSIT BUS,35,2014,GILLAG,BUS
MCP32550049,220050505,Montgomery County Police,Property Damage Crash,11/15/2022 04:00:00 PM,Municipality,CHESTNUT ST,FREDERICK RD,SAME DIR REAR END,RAINING,WET,DARK LIGHTS ON,TRAFFIC SIGNAL,,No,NO APPARENT INJURY,NOT DISTRACTED,MD,PASSENGER CAR,35,2016,NISSAN,SUV
DM8499000C,210027240,Takoma Park Police Depart,Injury Crash,07/14/2021 09:18:00 PM,Maryland (State),NEW HAMPSHIRE AVE,MERWOOD DR,HEAD ON LEFT TURN,CLEAR,DRY,DARK LIGHTS ON,TRAFFIC SIGNAL,,No,NO APPARENT INJURY,NOT DISTRACTED,DC,PASSENGER CAR,35,2014,TOYOTA,CAMRY
MCP28860023,17001195,Montgomery County Police,Property Damage Crash,01-07-17 16:36,County,RANDOLPH RD,VEIRS MILL RD,STRAIGHT MOVEMENT ANGLE,CLEAR,WET,DAYLIGHT,TRAFFIC SIGNAL,NONE DETECTED,Yes,NO APPARENT INJURY,NOT DISTRACTED,MD,PASSENGER CAR,40,2002,HONDA,ODYSSEY
MCP23470056,250005037,MONTGOMERY,Property Damage Crash,02-04-25 7:41,County Route,BRIGGS CHANEY RD,,"Sideswipe, Same Direction",Clear,Dry,Daylight,No Controls,"Not Suspect of Alcohol Use, Not Suspect of Drug Use",No,No Apparent Injury,Not Distracted,MD,Passenger Car,35,2013,CHEVROLET,MALIBU
MCP33190033,250003218,MONTGOMERY,Property Damage Crash,01/23/2025 01:08:00 PM,Maryland (State) Route,GEORGIA AVE,,Angle,Clear,Dry,Daylight,No Controls,"Not Suspect of Alcohol Use, Not Suspect of Drug Use",No,No Apparent Injury,Not Distracted,MD,Passenger Car,30,1990,BMW,325IS
MCP3299001V,220017225,Montgomery County Police,Property Damage Crash,04/23/2022 06:04:00 AM,Maryland (State),NEW HAMPSHIRE AVE,MIDLAND RD,SAME DIR REAR END,CLEAR,DRY,DAWN,TRAFFIC SIGNAL,NONE DETECTED,Yes,NO APPARENT INJURY,LOOKED BUT DID NOT SEE,MD,PASSENGER CAR,45,2015,FORD,F550
MCP2516000F,15020700,Montgomery County Police,Property Damage Crash,05-02-15 5:36,Interstate (State),NO NAME,RAMP 9 FR IS 370 EB TO SHADY GROVE RD SB,SINGLE VEHICLE,,DRY,DAWN,,NONE DETECTED,Yes,NO APPARENT INJURY,NOT DISTRACTED,MD,PASSENGER CAR,50,1999,TOYOTA,CAMRY
MCP2931006Z,240025311,MONTGOMERY,Property Damage Crash,05/28/2024 04:45:00 PM,Maryland (State) Route,OLD GEORGETOWN RD,,Front to Rear,Clear,Dry,Daylight,Traffic Control Signal,"Not Suspect of Alcohol Use, Not Suspect of Drug Use",No,No Apparent Injury,Not Distracted,MD,Passenger Car,35,2016,TOYOTA,RAV4
MCP2591000Q,170503631,Montgomery County Police,Property Damage Crash,04/22/2017 08:47:00 PM,Interstate (State),EISENHOWER MEMORIAL HWY,EXIT #4,SINGLE VEHICLE,,WET,DARK LIGHTS ON,,NONE DETECTED,Yes,NO APPARENT INJURY,NOT DISTRACTED,MD,PASSENGER CAR,35,1999,FORD,TAURUS
MCP27710030,230071259,Montgomery County Police,Property Damage Crash,12-12-23 10:49,Maryland (State),NORBECK RD,BAILEYS LA,SAME DIR REAR END,CLEAR,DRY,DAYLIGHT,,,Yes,NO APPARENT INJURY,NOT DISTRACTED,MD,TRUCK TRACTOR,40,2011,INTL,PROSTAR PREMIUM
MCP271700K6,180042721,Montgomery County Police,Injury Crash,08/27/2018 07:10:00 PM,US (State),COLUMBIA PIKE,ENT TO BURNT MILLS SHOPPING CENTER,OTHER,CLEAR,DRY,DAYLIGHT,TRAFFIC SIGNAL,NONE DETECTED,No,NO APPARENT INJURY,NOT DISTRACTED,MD,PASSENGER CAR,35,2003,FORD,SW
MCP3121003Q,200043120,Montgomery County Police,Property Damage Crash,11-01-20 18:09,County,CLUB HOUSE RD,RIDGELINE DR,HEAD ON LEFT TURN,,DRY,DARK LIGHTS ON,NO CONTROLS,NONE DETECTED,No,NO APPARENT INJURY,NOT DISTRACTED,MD,PASSENGER CAR,30,2002,FORD,EXPLORER
MCP291400DK,230020545,Montgomery County Police,Injury Crash,04/30/2023 11:46:00 PM,US (State),GEORGIA AVE,BLAIR RD,OTHER,CLEAR,DRY,DARK LIGHTS ON,TRAFFIC SIGNAL,,Yes,NO APPARENT INJURY,UNKNOWN,,,30,0,UNKNOWN,UNKNOWN
MCP1022006F,17009495,Montgomery County Police,Injury Crash,02/22/2017 09:31:00 AM,Maryland (State),GREAT SENECA HWY,WISTERIA DR,SAME DIR REND RIGHT TURN,CLEAR,DRY,DAYLIGHT,TRAFFIC SIGNAL,NONE DETECTED,Yes,SUSPECTED MINOR INJURY,NOT DISTRACTED,MD,STATION WAGON,30,2009,PONT,VIBE
MCP2531000B,15051480,MONTGOMERY,Property Damage Crash,10-10-15 17:40,Maryland (State),QUINCE ORCHARD RD,KENTLANDS BLVD,SAME DIR REAR END,CLEAR,DRY,DAYLIGHT,TRAFFIC SIGNAL,,No,NO APPARENT INJURY,NOT DISTRACTED,MD,POLICE VEHICLE/EMERGENCY,35,2007,CHEV,IMPALA
MCP3134001Z,190033011,Montgomery County Police,Property Damage Crash,07-11-19 18:40,County,DALE DR,GRACE CHURCH RD,STRAIGHT MOVEMENT ANGLE,RAINING,WET,DAYLIGHT,NO CONTROLS,,Yes,NO APPARENT INJURY,LOOKED BUT DID NOT SEE,MD,PASSENGER CAR,30,2015,AUDI,TK
MCP271700GS,180016514,Montgomery County Police,Injury Crash,04-05-18 12:30,Maryland (State),GOLDSBORO RD,RADNOR RD,OTHER,CLEAR,DRY,DAYLIGHT,OTHER,NONE DETECTED,No,SUSPECTED MINOR INJURY,NOT DISTRACTED,MD,OTHER,30,2016,TORO,WORKMAN
MCP3112005X,220009948,Montgomery County Police,Injury Crash,03-08-22 12:00,Maryland (State),BRADLEY LA,WISCONSIN AVE,HEAD ON LEFT TURN,CLEAR,DRY,DAYLIGHT,TRAFFIC SIGNAL,NONE DETECTED,No,POSSIBLE INJURY,NOT DISTRACTED,MD,(SPORT) UTILITY VEHICLE,25,2021,TOYOTA,C-HR
MCP2905005D,220015636,Montgomery County Police,Injury Crash,04/13/2022 06:26:00 AM,County,PARKLAWN DR,BOILING BROOK PKWY,SAME DIR REAR END,CLEAR,DRY,DAWN,TRAFFIC SIGNAL,,No,SUSPECTED MINOR INJURY,NOT DISTRACTED,MD,PASSENGER CAR,30,2004,PONTIAC,4S
MCP3329002W,240026196,MONTGOMERY,Property Damage Crash,06-02-24 18:28,County Route,LAURIE DR,MONTCLAIR DR,Front to Front,Clear,Dry,Daylight,Stop Sign,"Not Suspect of Alcohol Use, Not Suspect of Drug Use",No,No Apparent Injury,Not Distracted,MD,Passenger Car,20,1992,TOYOTA,CAMRY
MCP26560070,230034245,Montgomery County Police,Property Damage Crash,07/18/2023 05:00:00 PM,County,MIDDLEBROOK RD,WARING STATION RD,OTHER,,DRY,DAYLIGHT,,,Unknown,NO APPARENT INJURY,LOOKED BUT DID NOT SEE,MD,PASSENGER CAR,45,2014,HOND,SD
EJ7866009Y,210005159,Gaithersburg Police Depar,Property Damage Crash,02-09-21 13:55,Municipality,APPLESEED WAY,MEADOW GRASS CT,OTHER,CLOUDY,DRY,DAYLIGHT,NO CONTROLS,NONE DETECTED,Yes,NO APPARENT INJURY,LOOKED BUT DID NOT SEE,MD,VAN,25,2012,CHEV,VAN
MCP2592002B,220028657,Montgomery County Police,Injury Crash,07-04-22 9:40,County,EMORY GROVE RD,STRAWBERRY KNOLL RD,HEAD ON LEFT TURN,CLEAR,DRY,DAYLIGHT,,NONE DETECTED,Yes,POSSIBLE INJURY,LOOKED BUT DID NOT SEE,MD,PASSENGER CAR,30,2018,HYUNDAI,SUV
MCP3084000P,17059921,Montgomery County Police,Injury Crash,10/31/2017 06:55:00 AM,Maryland (State),ROCKVILLE PIKE,OLD GEORGETOWN RD,HEAD ON LEFT TURN,CLEAR,DRY,DUSK,TRAFFIC SIGNAL,NONE DETECTED,Yes,NO APPARENT INJURY,LOOKED BUT DID NOT SEE,MD,PASSENGER CAR,35,2016,HONDA,CIVIC
MCP3429001V,250054445,MONTGOMERY,Property Damage Crash,12-05-25 12:23,County Route,ASPEN HILL RD,PARKLAND DR,Angle,Sleet Or Hail,Wet,Daylight,Traffic Control Signal,"Not Suspect of Alcohol Use, Not Suspect of Drug Use",Yes,No Apparent Injury,Not Distracted,MD,Other,25,2019,PIERCE MANUFACTURING,PUMPER
MCP3060002D,190014094,Montgomery County Police,Property Damage Crash,04/30/2019 02:10:00 AM,County,POMONA DR,CARNEGIE DR,OTHER,,DRY,DARK LIGHTS ON,NO CONTROLS,,Yes,NO APPARENT INJURY,NOT DISTRACTED,MD,POLICE VEHICLE/EMERGENCY,30,2014,DODGE,CHARGER
MCP2820001Q,15054000,MONTGOMERY,Property Damage Crash,10/24/2015 10:51:00 AM,,,,OTHER,,,DAYLIGHT,NO CONTROLS,UNKNOWN,Yes,NO APPARENT INJURY,UNKNOWN,MD,PASSENGER CAR,15,2001,DODGE,VAN
MCP12020047,190058346,Montgomery County Police,Property Damage Crash,12-04-19 7:17,Maryland (State),RIVER RD,BEECH TREE RD,SAME DIR REAR END,CLOUDY,WET,DAYLIGHT,NO CONTROLS,NONE DETECTED,Yes,NO APPARENT INJURY,NOT DISTRACTED,WI,PASSENGER CAR,35,2013,VOLKSWAGEN,JETTA
MCP2937004V,230021056,Montgomery County Police,Property Damage Crash,05-02-23 22:00,Maryland (State),OLD COLUMBIA PIKE,ENT TO BURTONSVILLE SHOPPING CENTER,HEAD ON LEFT TURN,CLEAR,DRY,DARK LIGHTS ON,TRAFFIC SIGNAL,NONE DETECTED,Yes,NO APPARENT INJURY,NOT DISTRACTED,MD,PASSENGER CAR,15,2011,HONDA,PILOT
MCP08330011,180046132,Montgomery County Police,Injury Crash,09/15/2018 02:10:00 PM,County,HOWARD CHAPEL RD,DAMASCUS RD,STRAIGHT MOVEMENT ANGLE,CLEAR,DRY,DAYLIGHT,STOP SIGN,NONE DETECTED,Yes,POSSIBLE INJURY,UNKNOWN,MD,VAN,30,2004,TOYOTA,SIENNA
EJ7876004T,220036108,Gaithersburg Police Depar,Property Damage Crash,08/21/2022 04:45:00 PM,Municipality,OLDE TOWNE AVE,ENT TO PARKING,SAME DIRECTION SIDESWIPE,CLEAR,DRY,DAYLIGHT,STOP SIGN,NONE DETECTED,No,NO APPARENT INJURY,NOT DISTRACTED,MD,PASSENGER CAR,10,2008,SCION,XB