Report Number,Local Case Number,Agency Name,ACRS Report Type,Crash Date/Time,Route Type,Road Name,Cross-Street Name,Collision Type,Weather,Surface Condition,Light,Traffic Control,Driver Substance Abuse,Driver At Fault,Injury Severity,Driver Distracted By,Drivers License State,Vehicle Body Type,Speed Limit,Vehicle Year,Vehicle Make,Vehicle Model
MCP1483000D,180038142,Montgomery County Police,Property Damage Crash,08-01-18 14:05,Maryland (State),FREDERICK RD,REDLAND RD,SAME DIR REAR END,CLEAR,DRY,DAYLIGHT,TRAFFIC SIGNAL,NONE DETECTED,Yes,NO APPARENT INJURY,BY MOVING OBJECT IN VEHICLE,MD,PASSENGER CAR,40,2017,KIA,FORTE
MCP3115004J,200047654,Montgomery County Police,Injury Crash,12-03-20 14:20,Maryland (State),NEW HAMPSHIRE AVE,RAMP 5 FR MD 650 SB TO US 29 EB,STRAIGHT MOVEMENT ANGLE,CLEAR,DRY,DAYLIGHT,TRAFFIC SIGNAL,,No,POSSIBLE INJURY,NOT DISTRACTED,MD,PASSENGER CAR,40,2011,CHEVY,HHR
MCP29210055,240026397,MONTGOMERY,Property Damage Crash,06-03-24 18:54,County Route,CENTURY BLVD,MIDDLEBROOK RD,Rear To Side,Clear,Dry,Daylight,Traffic Control Signal,"Not Suspect of Alcohol Use, Not Suspect of Drug Use",Yes,No Apparent Injury,Not Distracted,XX,Passenger Car,30,2022,CHRYSLER,PACIFICA
MCP25920020,210010609,Montgomery County Police,Property Damage Crash,03/21/2021 11:35:00 AM,,,,SINGLE VEHICLE,CLEAR,,DAYLIGHT,,NONE DETECTED,Yes,NO APPARENT INJURY,UNKNOWN,MD,PASSENGER CAR,15,2020,TOYT,CAMRY
MCP3021002H,180011755,Montgomery County Police,Property Damage Crash,03-08-18 11:00,County,RANDOLPH RD,CONNECTICUT AVE,SAME DIR REAR END,CLEAR,DRY,DAYLIGHT,TRAFFIC SIGNAL,,Yes,NO APPARENT INJURY,UNKNOWN,,(SPORT) UTILITY VEHICLE,35,2011,TOYOTA,HIGHLANDER
DD5615000C,15047085,ROCKVILLE,Injury Crash,09/17/2015 12:30:00 PM,Municipality,W GUDE DR,FREDERICK RD,SAME DIR REAR END,CLEAR,DRY,DAYLIGHT,,NONE DETECTED,No,POSSIBLE INJURY,NOT DISTRACTED,MD,PASSENGER CAR,40,1994,HOND,CP
EJ78840059,220054712,Gaithersburg Police Depar,Property Damage Crash,12-11-22 0:43,Maryland (State),FREDERICK RD,WATKINS MILL RD,SINGLE VEHICLE,CLEAR,DRY,DARK NO LIGHTS,NO CONTROLS,ALCOHOL PRESENT,Yes,NO APPARENT INJURY,OTHER DISTRACTION,XX,PASSENGER CAR,35,2008,BMW,4S
MCP3084005C,220003531,Montgomery County Police,Property Damage Crash,01/27/2022 07:46:00 AM,Maryland (State),EAST WEST HWY,MONTGOMERY AVE,SINGLE VEHICLE,CLEAR,,DAYLIGHT,NO CONTROLS,NONE DETECTED,Yes,NO APPARENT INJURY,LOOKED BUT DID NOT SEE,MD,PASSENGER CAR,30,2011,HONDA,ACCORD
DD56210017,170517971,Rockville Police Departme,Injury Crash,07-08-17 12:16,Municipality,PARK RD,GRANDIN AVE,SAME DIR REAR END,CLEAR,DRY,DAYLIGHT,PERSON,NONE DETECTED,No,SUSPECTED MINOR INJURY,NOT DISTRACTED,MD,PASSENGER CAR,25,2008,HYUNDAI,SUV
MCP3008001C,180006271,Montgomery County Police,Property Damage Crash,02-06-18 4:00,County,SOUTHAMPTON DR,BEACON RD,SINGLE VEHICLE,CLEAR,DRY,DARK LIGHTS ON,NO CONTROLS,NONE DETECTED,Yes,NO APPARENT INJURY,NOT DISTRACTED,MD,POLICE VEHICLE/NON EMERGENCY,25,2013,FORD,EXPLORER
MCP3012005N,200000400,Montgomery County Police,Property Damage Crash,01-03-20 11:54,Maryland (State),NEW HAMPSHIRE AVE,E RANDOLPH RD,SAME DIR REAR END,CLOUDY,WET,DAYLIGHT,NO CONTROLS,NONE DETECTED,No,NO APPARENT INJURY,NOT DISTRACTED,MD,(SPORT) UTILITY VEHICLE,45,2019,TOYOTA,CHR
MCP2953000D,15034110,MONTGOMERY,Injury Crash,07-11-15 21:22,County,DENNIS AVE,CLINTON AVE,SAME DIR REAR END,CLEAR,DRY,DARK NO LIGHTS,NO CONTROLS,NONE DETECTED,Yes,NO APPARENT INJURY,UNKNOWN,MD,PASSENGER CAR,30,2003,NISSAN,ALTIMA
MCP05390034,170530293,Montgomery County Police,Property Damage Crash,09/13/2017 09:17:00 AM,Maryland (State),GEORGIA AVE,EMORY CHURCH RD,SAME DIR REAR END,CLOUDY,WET,DAYLIGHT,TRAFFIC SIGNAL,NONE DETECTED,Yes,NO APPARENT INJURY,NOT DISTRACTED,MD,RECREATIONAL VEHICLE,50,2015,NISSAN,PATHFINDER
MCP3161004R,220057449,Montgomery County Police,Property Damage Crash,12/27/2022 05:48:00 PM,County,TUCKERMAN LA,ROCKVILLE PIKE,SAME DIR BOTH LEFT TURN,CLEAR,DRY,DARK LIGHTS ON,TRAFFIC SIGNAL,NONE DETECTED,Yes,NO APPARENT INJURY,UNKNOWN,MD,TRANSIT BUS,35,2016,GILLIC,TRANSIT BUS
DD55950059,170548525,Rockville Police Departme,Property Damage Crash,12/14/2017 11:30:00 AM,Municipality,W MIDDLE LA,N VAN BUREN ST,SAME DIRECTION LEFT TURN,CLOUDY,DRY,DAYLIGHT,NO CONTROLS,UNKNOWN,Yes,NO APPARENT INJURY,UNKNOWN,MD,PASSENGER CAR,25,2006,FORD,CROWN VICTORIA
MCP25520081,250029655,MONTGOMERY,Property Damage Crash,07-03-25 16:47,Maryland (State) Route,FREDERICK RD,SHADY GROVE RD (SB/L),Angle,Clear,Dry,Daylight,Traffic Control Signal,"Not Suspect of Alcohol Use, Not Suspect of Drug Use",No,No Apparent Injury,Not Distracted,MD,Passenger Car,40,2013,HONDA,ACCORD
MCP28000064,230074243,Montgomery County Police,Property Damage Crash,12/30/2023 03:47:00 AM,Maryland (State),ROCKVILLE PIKE,ENT TO NATIONAL NAVAL MEDICAL CTR,SINGLE VEHICLE,CLEAR,DRY,DARK LIGHTS ON,TRAFFIC SIGNAL,ALCOHOL CONTRIBUTED,Yes,NO APPARENT INJURY,LOOKED BUT DID NOT SEE,MD,PASSENGER CAR,35,1999,JEEP,UT
MCP22390031,250028284,MONTGOMERY,Property Damage Crash,06/25/2025 09:14:00 AM,Bicycle Route,,,Unknown,Clear,Dry,Daylight,No Controls,"Not Suspect of Alcohol Use, Not Suspect of Drug Use",Yes,No Apparent Injury,"Other Action (looking away from task, etc.)",FL,Passenger Car,35,2012,BMW,328I
MCP3255004C,220054679,Montgomery County Police,Injury Crash,12-10-22 19:50,County,SNOUFFERS SCHOOL RD,BONANZA WAY,HEAD ON LEFT TURN,CLEAR,,DARK LIGHTS ON,NO CONTROLS,,No,POSSIBLE INJURY,NOT DISTRACTED,MD,PASSENGER CAR,35,1997,TOYOTA,TACOMA
MCP3348002K,240015094,MONTGOMERY,Injury Crash,03/31/2024 09:14:00 PM,Maryland (State) Route,VEIRS MILL RD (WB/L),,Front to Rear,Clear,Dry,Dark - Not Lighted,Traffic Control Signal,"Not Suspect of Alcohol Use, Not Suspect of Drug Use",No,No Apparent Injury,Unknown,MD,Passenger Car,35,2006,HONDA,CIVIC
MCP1417004Z,16016912,Montgomery County Police,Injury Crash,04-07-16 8:59,Maryland (State),MONTGOMERY VILLAGE AVE,RUSSELL AVE,HEAD ON LEFT TURN,RAINING,WET,DAYLIGHT,TRAFFIC SIGNAL,NONE DETECTED,Yes,SUSPECTED MINOR INJURY,UNKNOWN,MD,PASSENGER CAR,35,2001,NISSAN,ALTIMA
MCP1205009Z,230065307,Montgomery County Police,Property Damage Crash,11-09-23 9:42,County,JONES MILL RD,FARMINGTON DR,OPPOSITE DIRECTION SIDESWIPE,CLEAR,DRY,DAYLIGHT,NO CONTROLS,NONE DETECTED,No,NO APPARENT INJURY,NOT DISTRACTED,MD,PASSENGER CAR,25,2000,HONDA,CIVIC
MCP2504000Q,15033034,MONTGOMERY,Injury Crash,07-06-15 16:03,Maryland (State),FALLS RD,MONTROSE RD,SAME DIR REAR END,RAINING,WET,DAYLIGHT,TRAFFIC SIGNAL,NONE DETECTED,Yes,SUSPECTED MINOR INJURY,USING OTHER DEVICE CONTROLS INTEGRAL TO VEHICLE,MD,PASSENGER CAR,35,2000,BMW,M5
MCP2676002Q,170515223,Montgomery County Police,Injury Crash,06/22/2017 06:26:00 PM,County,SNOUFFERS SCHOOL RD,BONANZA WAY,HEAD ON LEFT TURN,CLEAR,DRY,DAYLIGHT,NO CONTROLS,,No,POSSIBLE INJURY,NOT DISTRACTED,MD,PASSENGER CAR,40,2004,CHEVY,IMPALA
DD56170012,170522370,Rockville Police Departme,Injury Crash,08-01-17 18:21,Maryland (State),FREDERICK RD,E GUDE DR,SAME DIR REAR END,CLEAR,DRY,DAYLIGHT,NO CONTROLS,NONE DETECTED,Yes,NO APPARENT INJURY,UNKNOWN,MD,(SPORT) UTILITY VEHICLE,40,2011,TOYT,TK
MCP2902004L,200043093,Montgomery County Police,Property Damage Crash,11-01-20 13:51,County,RIDGE RD,VALLEY RD,SAME DIR REAR END,RAINING,WET,DAYLIGHT,TRAFFIC SIGNAL,,Yes,NO APPARENT INJURY,UNKNOWN,MD,PASSENGER CAR,45,2003,GMC,TK
MCP2535002R,230074196,Montgomery County Police,Property Damage Crash,12/29/2023 06:15:00 PM,Maryland (State),RIVER RD,SEVEN LOCKS RD,STRAIGHT MOVEMENT ANGLE,CLEAR,WET,DUSK,TRAFFIC SIGNAL,NONE DETECTED,Yes,NO APPARENT INJURY,INATTENTIVE OR LOST IN THOUGHT,MD,PASSENGER CAR,40,2010,SUBARU,FORESTER
MCP2939002S,180044397,Montgomery County Police,Injury Crash,09-05-18 20:22,Maryland (State),CLOPPER RD,MATENY RD,SAME DIR REAR END,CLEAR,DRY,DARK LIGHTS ON,NO CONTROLS,NONE DETECTED,Yes,POSSIBLE INJURY,INATTENTIVE OR LOST IN THOUGHT,MD,PASSENGER CAR,45,2012,ACURA,TL
EJ7888004W,230051337,Gaithersburg Police Depar,Property Damage Crash,08/25/2023 05:30:00 PM,Maryland (State),W DIAMOND AVE,RAMP 1 FR IS 270 NB TO MD 117 WB,SAME DIR REAR END,CLEAR,DRY,DAYLIGHT,TRAFFIC SIGNAL,NONE DETECTED,No,NO APPARENT INJURY,NOT DISTRACTED,MD,PASSENGER CAR,35,2012,FORD,4DR
MCP3129005F,220051768,Montgomery County Police,Property Damage Crash,11/23/2022 06:01:00 AM,Maryland (State),LAYHILL RD,GEORGIA AVE,SAME DIRECTION RIGHT TURN,CLEAR,DRY,DAWN,NO CONTROLS,NONE DETECTED,Yes,NO APPARENT INJURY,LOOKED BUT DID NOT SEE,MD,PASSENGER CAR,40,2015,JEEP,4H
MCP3320000T,220020866,Montgomery County Police,Property Damage Crash,05/16/2022 04:09:00 PM,County,SLIGO AVE,VALLEY ST,SAME DIRECTION SIDESWIPE,CLEAR,DRY,DAYLIGHT,NO CONTROLS,NONE DETECTED,No,NO APPARENT INJURY,NOT DISTRACTED,MD,TRANSIT BUS,30,2009,GILL,LOWFLOOR
MCP33840018,250012047,MONTGOMERY,Injury Crash,03/19/2025 02:20:00 PM,Maryland (State) Route,COLESVILLE RD,WMATA ENT,Single Vehicle,Clear,Dry,Daylight,Flashing Traffic Control Signal,"Unknown, Unknown",No,,,,,35,0,,
MCP30740057,220020454,Montgomery County Police,Property Damage Crash,05/13/2022 06:43:00 PM,US (State),GEORGIA AVE,SPUR TO MD 410,SAME DIR REAR END,CLEAR,DRY,DAYLIGHT,TRAFFIC SIGNAL,UNKNOWN,Yes,NO APPARENT INJURY,OTHER DISTRACTION,GA,UNKNOWN,25,0,UNKNOWN,UNKNOWN
MCP13340060,18001230,Montgomery County Police,Property Damage Crash,01-09-18 7:00,Municipality,W WATKINS MILL RD,CLOPPER RD,SAME DIRECTION SIDESWIPE,,ICE,DAWN,WARNING SIGN,NONE DETECTED,Yes,NO APPARENT INJURY,NOT DISTRACTED,VA,PASSENGER CAR,30,2006,TOYOTA,COROLLA
MCP2969004S,180025249,Montgomery County Police,Property Damage Crash,05/23/2018 08:30:00 AM,Maryland (State),NEW HAMPSHIRE AVE,EXIT #13 (MD 200),SAME DIR REAR END,CLEAR,DRY,DAYLIGHT,TRAFFIC SIGNAL,NONE DETECTED,Yes,NO APPARENT INJURY,NOT DISTRACTED,MD,PASSENGER CAR,35,2011,MAZDA,MAZDA3
MCP3307001N,220030640,Montgomery County Police,Injury Crash,07/17/2022 02:10:00 AM,Maryland (State),NEW HAMPSHIRE AVE,SPENCERVILLE RD,SAME DIR REAR END,CLEAR,DRY,DARK NO LIGHTS,TRAFFIC SIGNAL,NONE DETECTED,No,POSSIBLE INJURY,NOT DISTRACTED,MD,PASSENGER CAR,45,2015,TOYOTA,COROLLA
MCP3253000N,200041031,Montgomery County Police,Property Damage Crash,10/18/2020 12:50:00 AM,Municipality,S SUMMIT AVE,S FREDERICK RD,STRAIGHT MOVEMENT ANGLE,CLEAR,DRY,DARK LIGHTS ON,TRAFFIC SIGNAL,NONE DETECTED,Yes,NO APPARENT INJURY,LOOKED BUT DID NOT SEE,MD,PASSENGER CAR,35,2004,HONDA,ACCORD
MCP2631001B,170506352,Montgomery County Police,Property Damage Crash,05-06-17 16:00,,,,OTHER,RAINING,,UNKNOWN,,UNKNOWN,Yes,NO APPARENT INJURY,UNKNOWN,,PASSENGER CAR,0,2016,MERZ,4H
MCP3124005H,220017736,Montgomery County Police,Injury Crash,04/26/2022 03:51:00 PM,County,RANDOLPH RD,BUSHEY DR,STRAIGHT MOVEMENT ANGLE,RAINING,WET,DAYLIGHT,STOP SIGN,NONE DETECTED,No,SUSPECTED MINOR INJURY,NOT DISTRACTED,MD,PASSENGER CAR,35,2016,HONDA,TK
MCP3396002P,250053491,MONTGOMERY,Property Damage Crash,11/29/2025 09:26:00 PM,Maryland (State) Route,CONNECTICUT AVE,,Angle,Clear,Dry,Dark - Lighted,No Controls,"Not Suspect of Alcohol Use, Not Suspect of Drug Use",No,No Apparent Injury,Not Distracted,MD,Passenger Car,35,2015,MAZDA,CX-5
MCP1512001H,180031005,Montgomery County Police,Property Damage Crash,06/23/2018 04:19:00 PM,Maryland (State),CLOPPER RD,GAME PRESERVE RD,SAME DIR REAR END,,DRY,DAYLIGHT,NO CONTROLS,NONE DETECTED,Yes,NO APPARENT INJURY,NOT DISTRACTED,MD,PASSENGER CAR,35,2013,NISSAN,ALTIMA
MCP3125003D,210041212,Montgomery County Police,Injury Crash,10/14/2021 04:30:00 PM,County,TUCKERMAN LA,GAINSBOROUGH RD,HEAD ON,CLEAR,DRY,DAYLIGHT,NO CONTROLS,NONE DETECTED,No,POSSIBLE INJURY,NOT DISTRACTED,MD,PASSENGER CAR,40,2004,HONDA,ODYSSEY
MCP31340054,240038797,MONTGOMERY,Property Damage Crash,08/16/2024 06:50:00 PM,County Route,WEXHALL DR,,"Sideswipe, Opposite Direction",Clear,Dry,Daylight,No Controls,"Not Suspect of Alcohol Use, Not Suspect of Drug Use",No,No Apparent Injury,Not Distracted,MD,Pickup,45,2012,HONDA,RIDGELINE
MCP3328000Z,220034075,Montgomery County Police,Property Damage Crash,08-08-22 18:25,County,RANDOLPH RD,FULLER ST,SAME DIRECTION SIDESWIPE,CLEAR,DRY,DAYLIGHT,NO CONTROLS,NONE DETECTED,Unknown,NO APPARENT INJURY,UNKNOWN,MD,PASSENGER CAR,30,2017,KIA,SOLL
MCP2286001R,170528030,Montgomery County Police,Property Damage Crash,08/31/2017 05:50:00 PM,County,SOUTHLAWN LA,E GUDE DR,SAME DIR REAR END,CLEAR,DRY,DAYLIGHT,,NONE DETECTED,Yes,NO APPARENT INJURY,LOOKED BUT DID NOT SEE,MD,PASSENGER CAR,30,2005,ACURA,4DR RL
MCP27040021,240010310,MONTGOMERY,Property Damage Crash,03-03-24 2:46,Maryland (State) Route,GEORGIA AVE,,"Sideswipe, Same Direction",Clear,Dry,Dark - Lighted,Stop Sign,"Not Suspect of Alcohol Use, Not Suspect of Drug Use",No,No Apparent Injury,Not Distracted,MD,Passenger Car,30,2013,TOYOTA,COROLLA
MCP33980018,240025824,MONTGOMERY,Property Damage Crash,05/31/2024 08:00:00 AM,,,,"Sideswipe, Same Direction",Clear,,Daylight,,"Not Suspect of Alcohol Use, Not Suspect of Drug Use",Yes,No Apparent Injury,Not Distracted,MD,Sport Utility Vehicle,0,2023,KIA,SPORTAGE
MCP2724000Q,15047265,MONTGOMERY,Injury Crash,09/18/2015 07:23:00 AM,Maryland (State),NEW HAMPSHIRE AVE,NORTHAMPTON DR,SAME DIRECTION RIGHT TURN,CLEAR,DRY,DAYLIGHT,,,Yes,POSSIBLE INJURY,OTHER DISTRACTION,MD,PASSENGER CAR,40,2013,HONDA,ACCORD
EJ7858000X,170501180,Gaithersburg Police Depar,Injury Crash,04-09-17 3:08,Maryland (State),W DIAMOND AVE,RAMP 1 FR IS 270 NB TO MD 117 WB,STRAIGHT MOVEMENT ANGLE,CLEAR,DRY,DARK LIGHTS ON,TRAFFIC SIGNAL,NONE DETECTED,No,SUSPECTED MINOR INJURY,NOT DISTRACTED,MD,PASSENGER CAR,35,2006,HONDA,ACCORD
MCP2546001C,16005469,Montgomery County Police,Property Damage Crash,02-02-16 15:15,Maryland (State),GEORGIA AVE,INTERNATIONAL DR,SAME DIRECTION SIDESWIPE,CLEAR,SNOW,DAYLIGHT,TRAFFIC SIGNAL,NONE DETECTED,Yes,NO APPARENT INJURY,NOT DISTRACTED,MD,AMBULANCE/EMERGENCY,50,2007,FREIGHTLINER,AMBULANCE
MCP2722004X,230057038,Montgomery County Police,Property Damage Crash,09/26/2023 08:07:00 PM,Maryland (State),GEORGIA AVE,RANDOLPH RD,SAME DIRECTION SIDESWIPE,RAINING,WET,DARK LIGHTS ON,NO CONTROLS,NONE DETECTED,Yes,NO APPARENT INJURY,NOT DISTRACTED,MD,PASSENGER CAR,35,2015,TOYOTA,HIGHLANDER
MCP268900BQ,240044857,MONTGOMERY,Injury Crash,09/20/2024 11:39:00 AM,Maryland (State) Route,,,Angle,Clear,Dry,Daylight,No Controls,"Not Suspect of Alcohol Use, Not Suspect of Drug Use",Yes,No Apparent Injury,Unknown,MD,Passenger Car,35,2019,HONDA,ODYSSEY
MCP3170003B,230034937,Montgomery County Police,Property Damage Crash,07/22/2023 04:05:00 PM,County,CENTURY BLVD,MIDDLEBROOK RD,SAME DIR REAR END,CLEAR,DRY,DAYLIGHT,TRAFFIC SIGNAL,UNKNOWN,Yes,NO APPARENT INJURY,UNKNOWN,,PASSENGER CAR,25,2011,HYUNDAI,TK
MCP2879000Y,15060850,MONTGOMERY,Property Damage Crash,11/28/2015 08:24:00 PM,County,DUFIEF MILL RD,QUINCE ORCHARD RD,UNKNOWN,UNKNOWN,UNKNOWN,DARK -- UNKNOWN LIGHTING,NO CONTROLS,UNKNOWN,Yes,NO APPARENT INJURY,UNKNOWN,,PASSENGER CAR,40,1999,DODGE,TRUCK
MCP3311002P,240044177,MONTGOMERY,Injury Crash,09/16/2024 06:18:00 PM,Local Route,METRORAIL TRACK B2 RAIL,,Front to Rear,Clear,Dry,Daylight,No Controls,"Not Suspect of Alcohol Use, Not Suspect of Drug Use",No,Suspected Minor Injury,Not Distracted,MD,Passenger Car,35,2025,HONDA,CIVIC
MCP31090053,210001747,Montgomery County Police,Injury Crash,01/14/2021 02:45:00 PM,Maryland (State),16TH ST,GRACE CHURCH RD,SAME DIRECTION SIDESWIPE,CLEAR,DRY,DAYLIGHT,NO CONTROLS,UNKNOWN,Yes,NO APPARENT INJURY,LOOKED BUT DID NOT SEE,MD,PASSENGER CAR,35,2006,BMW,X3
MCP2914004D,170504756,Montgomery County Police,Property Damage Crash,04/28/2017 04:20:00 PM,Maryland (State),NEW HAMPSHIRE AVE,OAKVIEW DR,OTHER,CLEAR,,DAYLIGHT,TRAFFIC SIGNAL,,No,NO APPARENT INJURY,NOT DISTRACTED,MD,TRANSIT BUS,40,2008,NEW FLYER,BUS
MCP29470017,15058123,MONTGOMERY,Property Damage Crash,11/14/2015 10:52:00 AM,Maryland (State),LAYHILL RD,LONGMEAD CROSSING DR,SAME DIR REAR END,CLEAR,DRY,DAYLIGHT,TRAFFIC SIGNAL,NONE DETECTED,No,NO APPARENT INJURY,NOT DISTRACTED,MD,PASSENGER CAR,40,2008,LEXS,SU
MCP3208006T,250013487,MONTGOMERY,Property Damage Crash,03/28/2025 12:17:00 AM,County Route,PHILADELPHIA AVE,,Front to Rear,Clear,Dry,Dark - Lighted,No Controls,"Unknown, Unknown",No,,,,Sport Utility Vehicle,10,2021,TOYOTA,4-RUNNER
MCP3154002K,210041498,Montgomery County Police,Injury Crash,10/16/2021 09:34:00 AM,County,FATHER HURLEY BLVD,CRYSTAL ROCK DR,STRAIGHT MOVEMENT ANGLE,CLEAR,DRY,DAYLIGHT,TRAFFIC SIGNAL,NONE DETECTED,Yes,NO APPARENT INJURY,OTHER ELECTRONIC DEVICE (NAVIGATIONAL PALM PILOT),MD,PASSENGER CAR,35,2006,TOYT,TK
MCP9311003C,210047558,Montgomery County Police,Injury Crash,11/23/2021 08:18:00 AM,County,GREENTREE RD,RIDGE PL,ANGLE MEETS LEFT TURN,CLEAR,DRY,DAYLIGHT,STOP SIGN,NONE DETECTED,Yes,SUSPECTED MINOR INJURY,LOOKED BUT DID NOT SEE,MD,"CARGO VAN/LIGHT TRUCK 2 AXLES (OVER 10,000LBS (4,536 KG))",20,2017,GMC,SAVANA
MCP229800L5,180052014,Montgomery County Police,Property Damage Crash,10/17/2018 01:27:00 PM,County,WISTERIA DR,WALTER JOHNSON RD,SAME DIR REAR END,CLEAR,DRY,DAYLIGHT,STOP SIGN,ALCOHOL PRESENT,Yes,NO APPARENT INJURY,LOOKED BUT DID NOT SEE,IA,PASSENGER CAR,25,2013,CHEVY,CAMARO
MCP31390020,200016982,Montgomery County Police,Injury Crash,04/23/2020 06:00:00 PM,Maryland (State),UNIVERSITY BLVD E,COLESVILLE RD,OTHER,RAINING,WET,DUSK,TRAFFIC SIGNAL,NONE DETECTED,Yes,NO APPARENT INJURY,UNKNOWN,MD,(SPORT) UTILITY VEHICLE,40,2007,KIA,SORENTO
MCP2620002P,230067847,Montgomery County Police,Injury Crash,11/22/2023 04:05:00 PM,County,ARLINGTON RD,HAMPDEN LA,HEAD ON,CLEAR,DRY,DAYLIGHT,NO CONTROLS,NONE DETECTED,Yes,POSSIBLE INJURY,NOT DISTRACTED,MD,(SPORT) UTILITY VEHICLE,35,2013,VOLVO,X90
MCP2889002V,170541710,Montgomery County Police,Injury Crash,11-08-17 17:42,County,RANDOLPH RD,LIVINGSTON ST,SAME DIR REAR END,,,DARK LIGHTS ON,,NONE DETECTED,No,POSSIBLE INJURY,NOT DISTRACTED,MD,PASSENGER CAR,30,2005,LEXU,TK
MCP28720026,170538249,Montgomery County Police,Property Damage Crash,10/23/2017 06:40:00 AM,County,CENTERWAY RD,HARKNESS LA,SAME DIRECTION SIDESWIPE,FOGGY,WET,DARK NO LIGHTS,NO CONTROLS,UNKNOWN,Yes,NO APPARENT INJURY,NOT DISTRACTED,,,35,0,UNKNOWN,UNKNOWN
MCP2849002G,17015468,Montgomery County Police,Property Damage Crash,03/26/2017 06:01:00 PM,Maryland (State),GEORGIA AVE,NORBECK RD,SAME DIRECTION SIDESWIPE,CLOUDY,DRY,DAYLIGHT,NO CONTROLS,NONE DETECTED,Yes,NO APPARENT INJURY,NOT DISTRACTED,MD,SNOWMOBILE,50,2005,FORD,EXCURSION
MCP29830002,15017110,Montgomery County Police,Property Damage Crash,04/13/2015 04:08:00 PM,Maryland (State),EAST WEST HWY,BLAIR MILL WAY,SAME DIRECTION SIDESWIPE,,DRY,DAYLIGHT,NO CONTROLS,UNKNOWN,Yes,NO APPARENT INJURY,UNKNOWN,MD,PASSENGER CAR,40,2015,UNKNOWN,PICK UP
MCP1438005X,180007953,Montgomery County Police,Injury Crash,02/15/2018 02:20:00 PM,County,SHADY GROVE RD,RAMP 1 FR IS 270 NB TO SHADY GROVE RD WB,STRAIGHT MOVEMENT ANGLE,CLOUDY,DRY,DAYLIGHT,TRAFFIC SIGNAL,NONE DETECTED,No,POSSIBLE INJURY,NOT DISTRACTED,MD,(SPORT) UTILITY VEHICLE,40,2003,TOYT,TK
MCP2278002F,180060709,Montgomery County Police,Property Damage Crash,12-05-18 10:15,County,BULLS RUN PKWY,NOWELL DR,OTHER,CLEAR,DRY,DAYLIGHT,NO CONTROLS,NONE DETECTED,Yes,NO APPARENT INJURY,UNKNOWN,MD,"OTHER LIGHT TRUCKS (10,000LBS (4,536KG) OR LESS)",25,2013,GILL,BUS
MCP2846009L,240040231,MONTGOMERY,Injury Crash,08/25/2024 04:58:00 PM,Maryland (State) Route,GEORGIA AVE (SB/L),,Front to Rear,Clear,Dry,Daylight,No Controls,"Suspect of Alcohol Use, Not Suspect of Drug Use",Yes,No Apparent Injury,Unknown,MD,Pickup,35,2010,FORD,F-150
MCP2891006B,180034836,Montgomery County Police,Injury Crash,07/14/2018 12:43:00 PM,Ramp,RAMP 2 FR IS 495 WB TO MD 97 NB,GEORGIA AVE,SAME DIR REAR END,CLEAR,DRY,DAYLIGHT,,NONE DETECTED,No,POSSIBLE INJURY,NOT DISTRACTED,MD,PASSENGER CAR,25,2015,NISSAN,ALTIMA
EJ78580033,190006253,Gaithersburg Police Depar,Injury Crash,02-08-19 12:36,Maryland (State),W DIAMOND AVE,BUREAU DR,SAME DIR REAR END,CLEAR,DRY,DAYLIGHT,TRAFFIC SIGNAL,NONE DETECTED,Yes,NO APPARENT INJURY,OTHER DISTRACTION,MD,PASSENGER CAR,35,2015,CHEVY,EQUINOX
MCP3115002M,190018336,Montgomery County Police,Property Damage Crash,04/19/2019 12:39:00 PM,County,INDUSTRIAL PKWY,TECH RD,STRAIGHT MOVEMENT ANGLE,CLEAR,,DAYLIGHT,,,Yes,NO APPARENT INJURY,LOOKED BUT DID NOT SEE,MD,PASSENGER CAR,25,2010,NISS,ALTIMA
MCP2047000M,16033917,Montgomery County Police,Property Damage Crash,07-05-16 6:18,Maryland (State),NORBECK RD,BALTIMORE RD,HEAD ON LEFT TURN,RAINING,WET,DARK LIGHTS ON,TRAFFIC SIGNAL,NONE DETECTED,Yes,NO APPARENT INJURY,NOT DISTRACTED,MD,PASSENGER CAR,45,2010,TOYT,COROLLA
MCP30960035,210048795,Montgomery County Police,Property Damage Crash,12-01-21 17:10,County,E GUDE DR,DOVER RD,SAME DIR REAR END,CLEAR,DRY,DUSK,NO CONTROLS,NONE DETECTED,No,NO APPARENT INJURY,NOT DISTRACTED,MD,PASSENGER CAR,40,2019,SUBU,IMPREZA
MCP1378009G,16022035,Montgomery County Police,Property Damage Crash,05-04-16 14:09,Maryland (State),W DIAMOND AVE,MEEM AVE,OTHER,CLOUDY,DRY,DAYLIGHT,STOP SIGN,NONE DETECTED,Yes,NO APPARENT INJURY,NOT DISTRACTED,MD,FIRE VEHICLE/EMERGENCY,30,2007,PIERCE,TOWER
MCP2845009C,250006649,MONTGOMERY,Property Damage Crash,02/14/2025 12:11:00 PM,Maryland (State) Route,NEW HAMPSHIRE AVE (SB/L),,Front to Rear,Clear,Dry,Daylight,No Controls,"Not Suspect of Alcohol Use, Not Suspect of Drug Use",Yes,No Apparent Injury,Not Distracted,MD,Passenger Car,40,2011,HONDA,ACCORD
MCP2726002D,170535599,Montgomery County Police,Property Damage Crash,10-09-17 10:21,Municipality,WOOTTON PKWY,TOWER OAKS BLVD,HEAD ON LEFT TURN,RAINING,WET,DAYLIGHT,TRAFFIC SIGNAL,,No,NO APPARENT INJURY,NOT DISTRACTED,MD,PASSENGER CAR,40,2014,ACURA,4S