Report Number,Local Case Number,Agency Name,ACRS Report Type,Crash Date/Time,Route Type,Road Name,Cross-Street Name,Collision Type,Weather,Surface Condition,Light,Traffic Control,Driver Substance Abuse,Driver At Fault,Injury Severity,Driver Distracted By,Drivers License State,Vehicle Body Type,Speed Limit,Vehicle Year,Vehicle Make,Vehicle Model
MCP1202002B,170515960,Montgomery County Police,Injury Crash,06/27/2017 08:29:00 AM,Maryland (State),GOLDSBORO RD,MASSACHUSETTS AVE,SAME DIR REAR END,CLEAR,DRY,DAYLIGHT,TRAFFIC SIGNAL,NONE DETECTED,No,NO APPARENT INJURY,NOT DISTRACTED,MD,TRUCK TRACTOR,30,2002,VOLVO,TT
MCP2816002N,200030450,Montgomery County Police,Property Damage Crash,08-05-20 22:00,Municipality,CLAGETT DR,CRAWFORD DR,SINGLE VEHICLE,,DRY,DARK LIGHTS ON,,ALCOHOL PRESENT,Yes,NO APPARENT INJURY,NOT DISTRACTED,CT,PASSENGER CAR,25,2004,SUBARU,LEGACY
MCP30110010,16040966,Montgomery County Police,Injury Crash,08-12-16 18:17,County,DEMOCRACY BLVD,SWANSONG WAY,SAME DIRECTION LEFT TURN,CLEAR,DRY,DAYLIGHT,TRAFFIC SIGNAL,NONE DETECTED,Yes,NO APPARENT INJURY,NOT DISTRACTED,NY,PASSENGER CAR,35,2008,HONDA,CRV
MCP3319002Q,240040051,MONTGOMERY,Injury Crash,08/24/2024 12:05:00 PM,County Route,BLAIR MILL RD,,Angle,Clear,Dry,Daylight,No Controls,"Not Suspect of Alcohol Use, Not Suspect of Drug Use",Yes,No Apparent Injury,Not Distracted,VT,Passenger Car,25,2019,HONDA,FIT
MCP2710001G,17001678,Montgomery County Police,Injury Crash,01-10-17 17:40,County,MUDDY BRANCH RD,MISSION DR,HEAD ON LEFT TURN,,DRY,DARK LIGHTS ON,NO CONTROLS,NONE DETECTED,Yes,POSSIBLE INJURY,UNKNOWN,MD,PASSENGER CAR,40,2002,BMW,325XI
MCP93550003,190022289,Montgomery County Police,Property Damage Crash,05-11-19 19:20,County,ODENDHAL AVE,LOST KNIFE RD,STRAIGHT MOVEMENT ANGLE,RAINING,WET,DUSK,,NONE DETECTED,Yes,NO APPARENT INJURY,NOT DISTRACTED,MD,(SPORT) UTILITY VEHICLE,35,2016,KIA,SPORTAGE
DM8490002M,230009844,Takoma Park Police Depart,Property Damage Crash,02/27/2023 06:13:00 PM,County,NEW HAMPSHIRE AVE SER RD,NEW HAMPSHIRE AVE,SAME DIR REAR END,RAINING,WET,DAWN,TRAFFIC SIGNAL,,No,NO APPARENT INJURY,NOT DISTRACTED,MD,PASSENGER CAR,30,2007,TOYOTA,CAMRY
MCP2601000X,210039028,Montgomery County Police,Property Damage Crash,10-01-21 18:12,Maryland (State),NEW HAMPSHIRE AVE,MCCENEY AVE,SAME DIR REAR END,,DRY,,NO CONTROLS,,Yes,NO APPARENT INJURY,UNKNOWN,MD,PASSENGER CAR,40,2016,HONDA,CIVIC
MCP30260060,210021892,Montgomery County Police,Property Damage Crash,01/19/2021 09:45:00 AM,US (State),COLESVILLE RD,DALE DR,SAME DIR REAR END,CLEAR,DRY,DAYLIGHT,TRAFFIC SIGNAL,NONE DETECTED,No,NO APPARENT INJURY,NOT DISTRACTED,MD,PASSENGER CAR,35,2017,TOYOTA,RAV4
MCP28950011,16010181,MONTGOMERY,Property Damage Crash,03-03-16 0:32,Interstate (State),EISENHOWER MEMORIAL HWY,EXIT #13,SINGLE VEHICLE,CLEAR,DRY,DARK LIGHTS ON,NO CONTROLS,ALCOHOL CONTRIBUTED,Yes,NO APPARENT INJURY,NOT DISTRACTED,MD,PASSENGER CAR,25,2006,LEXUS,ES330
MCP32440030,240023612,MONTGOMERY,Property Damage Crash,05/19/2024 12:15:00 PM,Maryland (State) Route,GEORGIA AVE (SB/L),,Front to Rear,Clear,Dry,Daylight,No Controls,"Not Suspect of Alcohol Use, Not Suspect of Drug Use",No,No Apparent Injury,Not Distracted,MD,Passenger Car,30,2017,TOYOTA,HIGHLANDER
MCP2370002Y,170505507,Montgomery County Police,Injury Crash,05-02-17 17:41,County,BROADBIRCH DR,BOURNEFIELD WAY,SAME DIR REAR END,CLEAR,DRY,DAYLIGHT,NO CONTROLS,NONE DETECTED,No,POSSIBLE INJURY,NOT DISTRACTED,MD,"OTHER LIGHT TRUCKS (10,000LBS (4,536KG) OR LESS)",30,1998,FORD,RANGER
MCP2855004R,230058598,Montgomery County Police,Injury Crash,10-04-23 22:00,US (State),COLUMBIA PIKE,PRELUDE DR,SAME DIR REAR END,CLEAR,DRY,DARK LIGHTS ON,TRAFFIC SIGNAL,NONE DETECTED,No,POSSIBLE INJURY,NOT DISTRACTED,MD,PASSENGER CAR,40,2015,HOND,SD
MCP3226002Z,220035983,Montgomery County Police,Property Damage Crash,08/20/2022 03:13:00 PM,Maryland (State),GEORGIA AVE,HINES RD,SAME DIR REAR END,CLEAR,DRY,DAYLIGHT,NO CONTROLS,NONE DETECTED,No,NO APPARENT INJURY,NOT DISTRACTED,MD,PASSENGER CAR,40,2004,HONDA,4S
EJ7837002M,180021747,Gaithersburg Police Depar,Property Damage Crash,05-03-18 16:00,Maryland (State),QUINCE ORCHARD RD,KENTLANDS BLVD,SAME DIR REAR END,,DRY,DAYLIGHT,TRAFFIC SIGNAL,UNKNOWN,Yes,NO APPARENT INJURY,UNKNOWN,MD,PASSENGER CAR,35,2016,FORD,TK
MCP2008001Y,16012829,MONTGOMERY,Property Damage Crash,03/15/2016 06:21:00 PM,County,EXECUTIVE BLVD,OLD GEORGETOWN RD,SAME DIR REAR END,CLEAR,DRY,DAYLIGHT,,NONE DETECTED,No,NO APPARENT INJURY,NOT DISTRACTED,MD,PASSENGER CAR,30,2007,SUBA,IMPREZA
MCP11230013,16008823,Montgomery County Police,Property Damage Crash,02/22/2016 09:47:00 AM,Maryland (State),GEORGIA AVE,EMORY CHURCH RD,SAME DIR REAR END,CLEAR,WET,DAYLIGHT,TRAFFIC SIGNAL,NONE DETECTED,Yes,NO APPARENT INJURY,NOT DISTRACTED,MD,"CARGO VAN/LIGHT TRUCK 2 AXLES (OVER 10,000LBS (4,536 KG))",50,2008,FORD,TK
MCP27270016,16053529,Montgomery County Police,Injury Crash,10/18/2016 10:35:00 AM,Maryland (State),RIDGE RD,MAIN ST,SAME DIR REND LEFT TURN,CLEAR,DRY,DAYLIGHT,TRAFFIC SIGNAL,NONE DETECTED,No,POSSIBLE INJURY,NOT DISTRACTED,MD,PICKUP TRUCK,30,2010,TOYOTA,TACOMA
MCP2181004N,220037992,Montgomery County Police,Property Damage Crash,09-02-22 5:29,County,FATHER HURLEY BLVD,EISENHOWER MEMORIAL HWY,SAME DIR REAR END,CLEAR,DRY,DARK LIGHTS ON,FLASHING TRAFFIC SIGNAL,,No,NO APPARENT INJURY,NOT DISTRACTED,MD,(SPORT) UTILITY VEHICLE,40,2016,TOYOTA,RAV4
MCP2798002Z,170508322,Montgomery County Police,Property Damage Crash,05/17/2017 04:00:00 PM,Maryland (State),NEW HAMPSHIRE AVE,THOMAS DR,STRAIGHT MOVEMENT ANGLE,CLEAR,DRY,DAYLIGHT,STOP SIGN,NONE DETECTED,No,NO APPARENT INJURY,NOT DISTRACTED,MD,PASSENGER CAR,40,1998,CADI,4S
MCP1417006D,17003446,Montgomery County Police,Injury Crash,01/20/2017 09:07:00 AM,County,AIRPARK RD,STRATOS LA,SINGLE VEHICLE,RAINING,WET,DAYLIGHT,NO CONTROLS,NONE DETECTED,Yes,SUSPECTED MINOR INJURY,UNKNOWN,MD,(SPORT) UTILITY VEHICLE,40,2004,JEEP,GRAND CHEREKEE
MCP32260038,220051531,Montgomery County Police,Property Damage Crash,11/21/2022 05:53:00 PM,Maryland (State),NEW HAMPSHIRE AVE,MIDLAND RD,SAME DIR REAR END,CLEAR,DRY,DARK LIGHTS ON,,NONE DETECTED,Yes,NO APPARENT INJURY,LOOKED BUT DID NOT SEE,MD,(SPORT) UTILITY VEHICLE,40,2012,CHEV,UT
MCP20160091,250039221,MONTGOMERY,Property Damage Crash,09-02-25 9:11,County Route,PARKVALE RD,BALTIMORE RD,Angle,Clear,Dry,Daylight,Stop Sign,"Not Suspect of Alcohol Use, Not Suspect of Drug Use",No,No Apparent Injury,Not Distracted,MD,Passenger Car,15,2011,HONDA,ACCORD
MCP3289004G,250047111,MONTGOMERY,Property Damage Crash,10/21/2025 01:08:00 PM,,,,Rear To Rear,Clear,,Daylight,,"Not Suspect of Alcohol Use, Not Suspect of Drug Use",No,No Apparent Injury,Not Distracted,,Passenger Car,0,2012,CHEVROLET,EQUINOX
EJ7873003K,200051485,Gaithersburg Police Depar,Property Damage Crash,12/31/2020 02:24:00 PM,,,,OTHER,CLOUDY,,DAYLIGHT,NO CONTROLS,ALCOHOL CONTRIBUTED,Yes,NO APPARENT INJURY,UNKNOWN,MD,PICKUP TRUCK,20,2011,DODGE,RAM
MCP1119007K,190045923,Montgomery County Police,Injury Crash,09/25/2019 08:46:00 AM,Maryland (State),LAYHILL RD,BEL PRE RD,SAME DIR REAR END,CLEAR,DRY,DAYLIGHT,,NONE DETECTED,Yes,POSSIBLE INJURY,NOT DISTRACTED,MD,PASSENGER CAR,40,1999,HONDA,ACCORD
MCP29690063,190006820,Montgomery County Police,Injury Crash,02-12-19 12:25,Maryland (State),OLNEY SANDY SPRING RD,PRINCE PHILIP DR,HEAD ON LEFT TURN,RAINING,WET,DAYLIGHT,TRAFFIC SIGNAL,NONE DETECTED,Yes,NO APPARENT INJURY,UNKNOWN,MD,PASSENGER CAR,40,2018,HYUN,SONATA
MCP2853004Q,180015961,Montgomery County Police,Property Damage Crash,04-02-18 16:45,Maryland (State),GEORGIA AVE,ARCOLA AVE,SAME DIRECTION SIDESWIPE,CLOUDY,DRY,DAYLIGHT,,,No,NO APPARENT INJURY,NOT DISTRACTED,MD,PASSENGER CAR,35,2017,FORD,350
MCP2594000J,15003329,Montgomery County Police,Property Damage Crash,01/21/2015 08:30:00 AM,Maryland (State),GEORGIA AVE,SPUR TO/FR THISTLEBRIDGE DR,STRAIGHT MOVEMENT ANGLE,CLEAR,DRY,DAYLIGHT,NO CONTROLS,NONE DETECTED,Yes,NO APPARENT INJURY,LOOKED BUT DID NOT SEE,MD,PASSENGER CAR,50,2006,CEVY,MAILBU
MCP2047003W,210002995,Montgomery County Police,Property Damage Crash,01/24/2021 02:04:00 PM,Maryland (State),FREDERICK RD,ENT TO SHOPPING CENTER,SAME DIR REAR END,CLEAR,DRY,DAYLIGHT,NO CONTROLS,NONE DETECTED,Yes,NO APPARENT INJURY,NOT DISTRACTED,MD,RECREATIONAL VEHICLE,40,2012,HONDA,PILOT
MCP106400C1,210051177,Montgomery County Police,Property Damage Crash,12/16/2021 01:19:00 PM,County,SOUTHLAWN LA,E GUDE DR,ANGLE MEETS RIGHT TURN,CLEAR,DRY,DAYLIGHT,TRAFFIC SIGNAL,,No,NO APPARENT INJURY,NOT DISTRACTED,MD,PASSENGER CAR,30,2007,HOND,4S ACCORD
MCP2877001X,15059301,MONTGOMERY,Property Damage Crash,11/20/2015 01:30:00 PM,US (State),GEORGIA AVE,ELLSWORTH DR,SAME DIRECTION SIDESWIPE,CLEAR,DRY,DAYLIGHT,NO CONTROLS,NONE DETECTED,Yes,NO APPARENT INJURY,NOT DISTRACTED,MD,PASSENGER CAR,35,2006,HONDA,CRV
MCP1305004Y,210032859,Montgomery County Police,Property Damage Crash,08/23/2021 12:12:00 PM,County,SHADY GROVE RD,MUNCASTER MILL RD,OTHER,CLEAR,DRY,DAYLIGHT,TRAFFIC SIGNAL,NONE DETECTED,Yes,NO APPARENT INJURY,LOOKED BUT DID NOT SEE,MD,PICKUP TRUCK,45,2018,FORD,TK
MCP3022003W,210020396,Montgomery County Police,Injury Crash,05/29/2021 06:35:00 PM,,SERVICEBERRY DR,AURORA HILLS DR,STRAIGHT MOVEMENT ANGLE,RAINING,WET,DAYLIGHT,STOP SIGN,,No,NO APPARENT INJURY,LOOKED BUT DID NOT SEE,MD,PASSENGER CAR,25,2012,TOYOTA,4S
MCP2686000Q,15028399,Montgomery County Police,Injury Crash,06-11-15 16:07,Maryland (State),FREDERICK RD,CROGHAN RD,SAME DIR REAR END,CLEAR,DRY,DAYLIGHT,,,No,NO APPARENT INJURY,NOT DISTRACTED,MD,PICKUP TRUCK,30,2006,NISSAN,TRUCK
MCP2821001B,180025592,Montgomery County Police,Property Damage Crash,05/24/2018 03:00:00 PM,County,AIRPARK RD,MUNCASTER MILL RD,SAME DIRECTION SIDESWIPE,,DRY,DAYLIGHT,NO CONTROLS,NONE DETECTED,No,NO APPARENT INJURY,NOT DISTRACTED,US,PASSENGER CAR,35,2010,GMC,ACADIA
MCP2365000V,170532959,Montgomery County Police,Injury Crash,09/25/2017 08:07:00 AM,Other Public Roadway,CALVERTON BLVD,CHERRY HILL RD,HEAD ON LEFT TURN,CLEAR,DRY,DAYLIGHT,TRAFFIC SIGNAL,NONE DETECTED,No,NO APPARENT INJURY,NOT DISTRACTED,MD,PASSENGER CAR,40,2014,KIA,TK
MCP211600CY,210007390,Montgomery County Police,Injury Crash,02/26/2021 03:23:00 PM,County,REDLAND RD,NEEDWOOD RD,SINGLE VEHICLE,CLOUDY,DRY,DAYLIGHT,NO CONTROLS,ALCOHOL CONTRIBUTED,Yes,SUSPECTED SERIOUS INJURY,UNKNOWN,MD,PASSENGER CAR,35,2010,NISSAN,ALTIMA
MCP1575004Y,170507207,Montgomery County Police,Injury Crash,05-11-17 12:11,Maryland (State),VEIRS MILL RD,ROCKVILLE PIKE,SAME DIR REAR END,RAINING,WET,DAYLIGHT,YIELD SIGN,NONE DETECTED,No,POSSIBLE INJURY,NOT DISTRACTED,MD,PASSENGER CAR,35,2000,MAZD,4S
DD5645001F,210039553,Rockville Police Departme,Property Damage Crash,10-05-21 7:39,Maryland (State),ROCKVILLE PIKE,WOOTTON PKWY,SAME DIRECTION SIDESWIPE,CLEAR,,DAYLIGHT,NO CONTROLS,,No,NO APPARENT INJURY,NOT DISTRACTED,MD,PASSENGER CAR,35,2016,HOND,SD
MCP12330011,16020793,Montgomery County Police,Injury Crash,04/27/2016 06:25:00 PM,Maryland (State),CONNECTICUT AVE,RAMP 3 FR IS 495 EB TO MD 185 NB,SAME DIR REAR END,CLEAR,DRY,DAYLIGHT,YIELD SIGN,NONE DETECTED,No,SUSPECTED MINOR INJURY,NOT DISTRACTED,MD,VAN,35,2015,GMC,VAN
MCP30300058,230014639,Montgomery County Police,Injury Crash,03/26/2023 05:05:00 PM,County,PERSIMMON TREE RD,OAKLYN DR,STRAIGHT MOVEMENT ANGLE,CLEAR,DRY,DAYLIGHT,STOP SIGN,,No,NO APPARENT INJURY,NOT DISTRACTED,MD,PASSENGER CAR,35,2022,HYUNDAI,TUCSON
MCP24870019,190028411,Montgomery County Police,Property Damage Crash,06/14/2019 11:30:00 AM,County,GLEN RD,ROBERTS GLEN CT,SAME DIR REAR END,CLEAR,DRY,DAYLIGHT,NO CONTROLS,NONE DETECTED,No,NO APPARENT INJURY,NOT DISTRACTED,MD,"MEDIUM/HEAVY TRUCKS 3 AXLES (OVER 10,000LBS (4,536KG))",30,2018,FORD,TK
MCP3020000Y,170522495,Montgomery County Police,Property Damage Crash,08-02-17 11:25,,,,SAME DIR REAR END,CLEAR,,DAYLIGHT,NO CONTROLS,NONE DETECTED,Yes,NO APPARENT INJURY,LOOKED BUT DID NOT SEE,MD,PASSENGER CAR,25,2006,CHEVY,EXPRESS
MCP1379005F,190013064,Montgomery County Police,Property Damage Crash,03/21/2019 03:26:00 PM,Maryland (State),NORBECK RD,MUNCASTER MILL RD,OPPOSITE DIRECTION SIDESWIPE,RAINING,WET,DAYLIGHT,NO CONTROLS,NONE DETECTED,No,NO APPARENT INJURY,NOT DISTRACTED,MD,SCHOOL BUS,40,2011,THOM,SCHOOL BUS
MCP2358009K,220020053,Montgomery County Police,Property Damage Crash,05-11-22 14:30,County,SANGAMORE RD,WALHONDING RD,STRAIGHT MOVEMENT ANGLE,CLEAR,DRY,DAYLIGHT,STOP SIGN,NONE DETECTED,No,NO APPARENT INJURY,NOT DISTRACTED,MD,PASSENGER CAR,30,2010,LEXUS,ES350
MCP2607002Q,170527346,Montgomery County Police,Property Damage Crash,08/28/2017 03:41:00 PM,Maryland (State),FREDERICK RD,MONTGOMERY AVE,STRAIGHT MOVEMENT ANGLE,CLEAR,DRY,DAYLIGHT,NO CONTROLS,NONE DETECTED,No,NO APPARENT INJURY,NOT DISTRACTED,MD,PASSENGER CAR,35,2000,HOND,TK
MCP13050034,190032203,Montgomery County Police,Injury Crash,07-06-19 21:12,Maryland (State),MUNCASTER MILL RD,BOWIE MILL RD,SAME DIR REAR END,RAINING,WET,DARK LIGHTS ON,TRAFFIC SIGNAL,NONE DETECTED,Yes,NO APPARENT INJURY,LOOKED BUT DID NOT SEE,MD,PASSENGER CAR,35,2000,HONDA,ACCORD
DD5527000G,16031182,Rockville Police Departme,Property Damage Crash,06/20/2016 02:58:00 PM,Municipality,E GUDE DR,REDGATE FARMS CT,SAME DIR REAR END,CLEAR,DRY,DAYLIGHT,NO CONTROLS,NONE DETECTED,Yes,NO APPARENT INJURY,NOT DISTRACTED,MD,PASSENGER CAR,40,1997,HONDA,ACCORD
MCP3078003Z,210029984,Montgomery County Police,Injury Crash,08-02-21 17:21,Maryland (State),ASHTON RD,TUCKER LA,HEAD ON,CLEAR,DRY,DAYLIGHT,NO CONTROLS,NONE DETECTED,Yes,NO APPARENT INJURY,LOOKED BUT DID NOT SEE,MD,PASSENGER CAR,30,2012,HONDA,SD
MCP2973002P,17011758,Montgomery County Police,Injury Crash,03-06-17 8:26,County,RANDOLPH RD,LIVINGSTON ST,SAME DIR REAR END,CLEAR,DRY,DAYLIGHT,OTHER,NONE DETECTED,No,POSSIBLE INJURY,NOT DISTRACTED,MD,PASSENGER CAR,30,2017,TOYOTA,TK
MCP1301000B,15027519,MONTGOMERY,Injury Crash,06-07-15 0:12,County,GOSHEN RD,EMORY GROVE RD,HEAD ON LEFT TURN,CLEAR,DRY,DARK LIGHTS ON,TRAFFIC SIGNAL,NONE DETECTED,Unknown,SUSPECTED MINOR INJURY,NOT DISTRACTED,MD,(SPORT) UTILITY VEHICLE,35,2015,JEEP,CHEROKEE SPORT
MCP29050051,210039974,Montgomery County Police,Injury Crash,10-07-21 9:40,Maryland (State),CAPITOL VIEW AVE,MEREDITH AVE,SINGLE VEHICLE,CLOUDY,"MUD, DIRT, GRAVEL",DAYLIGHT,NO CONTROLS,,No,SUSPECTED MINOR INJURY,LOOKED BUT DID NOT SEE,MD,MOPED,25,2008,XY,XY150T-7
MCP2522001L,220042516,Montgomery County Police,Property Damage Crash,09/29/2022 03:18:00 PM,Maryland (State),GOLDSBORO RD,NO NAME,OPPOSITE DIRECTION SIDESWIPE,CLEAR,DRY,DAYLIGHT,,NONE DETECTED,Yes,NO APPARENT INJURY,UNKNOWN,US,PASSENGER CAR,30,2015,CHEV,EQUINOX
MCP13780071,15034964,MONTGOMERY,Injury Crash,07/16/2015 01:11:00 PM,County,MONTGOMERY VILLAGE AVE,ASPENWOOD LA,SAME DIR REND RIGHT TURN,CLEAR,DRY,DAYLIGHT,NO CONTROLS,NONE DETECTED,No,SUSPECTED SERIOUS INJURY,NOT DISTRACTED,MD,PASSENGER CAR,35,2010,INFINITI,M35X
MCP15640016,16014697,MONTGOMERY,Injury Crash,03/25/2016 01:48:00 PM,Maryland (State),GEORGIA AVE,HINES RD,SAME DIR REAR END,CLEAR,DRY,DAYLIGHT,TRAFFIC SIGNAL,NONE DETECTED,Yes,NO APPARENT INJURY,LOOKED BUT DID NOT SEE,MD,PASSENGER CAR,30,2013,MAZDA,CX5
MCP3050005B,210038530,Montgomery County Police,Property Damage Crash,09/29/2021 08:30:00 AM,Maryland (State),GEORGIA AVE,ENT TO BUSINESS,STRAIGHT MOVEMENT ANGLE,CLEAR,DRY,DAYLIGHT,NO CONTROLS,NONE DETECTED,Yes,NO APPARENT INJURY,LOOKED BUT DID NOT SEE,MD,PASSENGER CAR,45,2015,KIA,RIO
MCP2586005G,200041736,Montgomery County Police,Property Damage Crash,10/22/2020 01:15:00 PM,,,,OTHER,CLEAR,,DAYLIGHT,,,Yes,NO APPARENT INJURY,UNKNOWN,,PASSENGER CAR,15,2008,MERCURY,GRAND MARQUIS
MCP209400H7,210010163,Montgomery County Police,Property Damage Crash,03/18/2021 12:48:00 PM,,,,OTHER,RAINING,,DAYLIGHT,,NONE DETECTED,Yes,NO APPARENT INJURY,UNKNOWN,MD,VAN,5,2018,DODGE,RAM
MCP93220008,15050530,MONTGOMERY,Property Damage Crash,10-06-15 2:05,Maryland (State),LAYHILL RD,HATHAWAY DR,SINGLE VEHICLE,CLEAR,DRY,DARK LIGHTS ON,NO CONTROLS,,No,NO APPARENT INJURY,NOT DISTRACTED,MD,POLICE VEHICLE/EMERGENCY,40,2008,DODGE,CHARGER
MCP2825000L,15017408,Montgomery County Police,Property Damage Crash,04/14/2015 10:52:00 PM,Municipality,MT VERNON PL,BLANDFORD ST,OTHER,RAINING,WET,DARK NO LIGHTS,NO CONTROLS,NONE DETECTED,Yes,NO APPARENT INJURY,NOT DISTRACTED,MD,POLICE VEHICLE/EMERGENCY,25,2009,CHEV,TK
MCP32400038,230073400,Montgomery County Police,Property Damage Crash,12/23/2023 11:05:00 PM,County,MIDDLEBROOK RD,CENTURY BLVD,SAME DIRECTION SIDESWIPE,CLEAR,DRY,DARK LIGHTS ON,TRAFFIC SIGNAL,,Yes,NO APPARENT INJURY,LOOKED BUT DID NOT SEE,MD,PASSENGER CAR,30,2016,HONDA,ACCORD
MCP3165000G,180047970,Montgomery County Police,Property Damage Crash,09/25/2018 08:55:00 PM,US (State),COLUMBIA PIKE,GREENCASTLE RD,SAME DIR REAR END,CLEAR,DRY,DARK LIGHTS ON,TRAFFIC SIGNAL,NONE DETECTED,Yes,NO APPARENT INJURY,OTHER DISTRACTION,MD,PASSENGER CAR,50,2010,TOYOTA,COROLLA
MCP2964000P,15037944,MONTGOMERY,Injury Crash,07/31/2015 05:30:00 PM,County,WISTERIA DR,GERMANTOWN RD,HEAD ON LEFT TURN,CLEAR,,DAYLIGHT,,NONE DETECTED,No,SUSPECTED MINOR INJURY,NOT DISTRACTED,MD,PASSENGER CAR,30,1999,FORD,ESCORT
MCP30060066,210018996,Montgomery County Police,Injury Crash,05/20/2021 09:00:00 AM,County,BEL PRE RD,GEORGIA AVE,SAME DIR REAR END,CLEAR,DRY,DAYLIGHT,YIELD SIGN,NONE DETECTED,Yes,NO APPARENT INJURY,LOOKED BUT DID NOT SEE,MD,PASSENGER CAR,45,2016,CHRYSLER,200
MCP9419004H,230046144,Montgomery County Police,Property Damage Crash,07/26/2023 09:04:00 AM,County,SHADY GROVE RD,SPUR TO MD 355,SAME DIR REAR END,CLEAR,DRY,DAYLIGHT,TRAFFIC SIGNAL,NONE DETECTED,No,NO APPARENT INJURY,NOT DISTRACTED,MD,PICKUP TRUCK,40,2017,FORD,F250
MCP27990067,210027053,Montgomery County Police,Property Damage Crash,07/13/2021 07:00:00 PM,County,E RANDOLPH RD,NEW HAMPSHIRE AVE,SAME DIR REAR END,CLEAR,DRY,DAYLIGHT,NO CONTROLS,NONE DETECTED,No,NO APPARENT INJURY,NOT DISTRACTED,MD,PASSENGER CAR,15,2016,JEEP,TK
MCP3209001Y,200048547,Montgomery County Police,Property Damage Crash,12-09-20 16:48,,,,OTHER,CLEAR,,DARK LIGHTS ON,NO CONTROLS,,No,NO APPARENT INJURY,NOT DISTRACTED,MD,PASSENGER CAR,0,2012,HYUN,4S
MCP3244000M,200038517,Montgomery County Police,Property Damage Crash,09/30/2020 06:25:00 PM,Maryland (State),SANDY SPRING RD,COLUMBIA PIKE,STRAIGHT MOVEMENT ANGLE,CLEAR,DRY,DUSK,TRAFFIC SIGNAL,NONE DETECTED,No,NO APPARENT INJURY,NOT DISTRACTED,MD,PASSENGER CAR,40,2013,TOYOTA,PRIUS
MCP2877002K,16041348,Montgomery County Police,Injury Crash,08/15/2016 12:12:00 PM,US (State),COLESVILLE RD,FRANKLIN AVE,SINGLE VEHICLE,CLEAR,DRY,DAYLIGHT,NO CONTROLS,NONE DETECTED,Yes,SUSPECTED MINOR INJURY,NOT DISTRACTED,VA,MOTORCYCLE,35,2003,SUZUKI,SV650
MCP3403000X,240025945,MONTGOMERY,Injury Crash,06-01-24 2:16,Maryland (State) Route,E RANDOLPH RD (WB/L),OLD COLUMBIA PIKE,Angle,Clear,Dry,Dark - Lighted,Flashing Traffic Control Signal,"Not Suspect of Alcohol Use, Not Suspect of Drug Use",Yes,Suspected Minor Injury,Unknown,MD,Sport Utility Vehicle,35,2013,TOYOTA,RAV4
MCP2348004K,190001848,Montgomery County Police,Injury Crash,01-11-19 20:30,,,,SINGLE VEHICLE,CLEAR,,DARK LIGHTS ON,NO CONTROLS,NONE DETECTED,No,NO APPARENT INJURY,NOT DISTRACTED,MD,PICKUP TRUCK,0,2018,FORD,F150 XLT
MCP3051002S,190008071,Montgomery County Police,Property Damage Crash,02/19/2019 05:25:00 PM,,,,OTHER,CLEAR,,DAYLIGHT,NO CONTROLS,UNKNOWN,Yes,NO APPARENT INJURY,UNKNOWN,MD,"CARGO VAN/LIGHT TRUCK 2 AXLES (OVER 10,000LBS (4,536 KG))",25,2003,CHEVY,TK
MCP9422000Z,170550741,Montgomery County Police,Injury Crash,12/26/2017 01:20:00 PM,US (State),COLUMBIA PIKE,GREENCASTLE RD,SAME DIR REAR END,CLEAR,DRY,DAYLIGHT,TRAFFIC SIGNAL,NONE DETECTED,No,NO APPARENT INJURY,NOT DISTRACTED,MD,PASSENGER CAR,55,2002,HONDA,ACCORD
MCP21770018,16060727,Montgomery County Police,Property Damage Crash,11/26/2016 10:30:00 AM,,,,SINGLE VEHICLE,CLOUDY,,DAYLIGHT,,,Yes,NO APPARENT INJURY,NOT DISTRACTED,MD,AMBULANCE/EMERGENCY,5,2016,FREIGHTLINER,TK
MCP2425005J,15043681,MONTGOMERY,Property Damage Crash,08/31/2015 08:44:00 AM,County,CHERRY HILL RD,PLUM ORCHARD DR,STRAIGHT MOVEMENT ANGLE,CLEAR,DRY,DAYLIGHT,TRAFFIC SIGNAL,NONE DETECTED,Yes,NO APPARENT INJURY,NOT DISTRACTED,MD,PICKUP TRUCK,40,2010,FORD,TRUCK
MCP3170003T,230074035,Montgomery County Police,Property Damage Crash,12/28/2023 03:01:00 PM,County,LOCBURY DR,WATERS LANDING DR,SAME DIR REAR END,CLEAR,DRY,DAYLIGHT,STOP SIGN,UNKNOWN,Yes,NO APPARENT INJURY,UNKNOWN,,PASSENGER CAR,30,2017,TOYOTA,RAV4
MCP2940007T,250010824,MONTGOMERY,Property Damage Crash,03-12-25 11:30,County Route,DEMOCRACY BLVD,,"Sideswipe, Same Direction",Clear,Dry,Daylight,No Controls,"Not Suspect of Alcohol Use, Not Suspect of Drug Use",No,No Apparent Injury,Unknown,MD,Sport Utility Vehicle,35,2024,AUDI,Q3
MCP28460022,16034193,Montgomery County Police,Property Damage Crash,07-06-16 12:59,Maryland (State),UNIVERSITY BLVD W,REEDIE DR,SAME DIR REAR END,CLEAR,DRY,DAYLIGHT,FLASHING TRAFFIC SIGNAL,NONE DETECTED,Yes,NO APPARENT INJURY,OTHER DISTRACTION,MD,PASSENGER CAR,40,2010,HOND,4S
MCP285900GV,240027912,MONTGOMERY,Property Damage Crash,06-12-24 8:40,Interstate (State),NO NAME,,Front to Rear,Clear,Dry,Daylight,No Controls,"Not Suspect of Alcohol Use, Not Suspect of Drug Use",Yes,No Apparent Injury,Unknown,MD,Passenger Car,55,2013,HONDA,CIVIC