Report Number,Local Case Number,Agency Name,ACRS Report Type,Crash Date/Time,Route Type,Road Name,Cross-Street Name,Collision Type,Weather,Surface Condition,Light,Traffic Control,Driver Substance Abuse,Driver At Fault,Injury Severity,Driver Distracted By,Drivers License State,Vehicle Body Type,Speed Limit,Vehicle Year,Vehicle Make,Vehicle Model
MCP31480013,190008589,Montgomery County Police,Injury Crash,02/22/2019 08:08:00 PM,County,PARKLAWN DR,BOILING BROOK PKWY,OTHER,CLEAR,DRY,DARK LIGHTS ON,TRAFFIC SIGNAL,NONE DETECTED,Yes,NO APPARENT INJURY,LOOKED BUT DID NOT SEE,MD,PASSENGER CAR,25,2009,HYUNDAI,SONATA
MCP2339006W,220015044,Montgomery County Police,Property Damage Crash,04-08-22 20:43,County,ASPEN HILL RD,ARCTIC AVE,ANGLE MEETS RIGHT TURN,,,DARK LIGHTS ON,TRAFFIC SIGNAL,,Yes,NO APPARENT INJURY,UNKNOWN,MD,PASSENGER CAR,40,2020,VOLKSWAGEN,GOLF
MCP27360028,15021805,Montgomery County Police,Injury Crash,05-07-15 18:41,Maryland (State),ROCKVILLE PIKE,ELSMERE AVE,SAME DIR REAR END,CLEAR,DRY,DAYLIGHT,NO CONTROLS,NONE DETECTED,No,NO APPARENT INJURY,NOT DISTRACTED,PA,PASSENGER CAR,35,2014,HOND,4D
MCP1182002X,190049584,Montgomery County Police,Property Damage Crash,10/16/2019 10:18:00 AM,County,CEDAR LA,CYPRESS AVE,STRAIGHT MOVEMENT ANGLE,CLOUDY,DRY,DAYLIGHT,STOP SIGN,,No,NO APPARENT INJURY,NOT DISTRACTED,MD,PASSENGER CAR,30,2011,NISSAN,ALTIMA
MCP2107003T,220044777,Montgomery County Police,Injury Crash,10/13/2022 07:24:00 AM,Maryland (State),FREDERICK RD,ROSECREST DR,SAME DIR REAR END,RAINING,WET,DAYLIGHT,NO CONTROLS,NONE DETECTED,No,SUSPECTED MINOR INJURY,NOT DISTRACTED,MD,PASSENGER CAR,35,2017,NISSAN,ROGUE
MCP2358003N,170521078,Montgomery County Police,Property Damage Crash,07/25/2017 02:56:00 PM,Maryland (State),BRADLEY BLVD,RAYBURN RD,STRAIGHT MOVEMENT ANGLE,CLEAR,DRY,DAYLIGHT,STOP SIGN,NONE DETECTED,No,NO APPARENT INJURY,NOT DISTRACTED,MD,PASSENGER CAR,35,1997,LEXUS,ES 300
EJ7884006Y,250001492,GAITHERSBURG,Property Damage Crash,01-12-25 3:10,Maryland (State) Route,W DIAMOND AVE (WB/L),,Front to Rear,Clear,Dry,Dark - Not Lighted,Flashing Traffic Control Signal,"Not Suspect of Alcohol Use, Not Suspect of Drug Use",No,No Apparent Injury,Not Distracted,MD,Passenger Car,35,2024,ACURA,INTEGRA
MCP3090006Y,230018050,Montgomery County Police,Property Damage Crash,04/15/2023 09:00:00 PM,Maryland (State),ROCKVILLE PIKE,VEIRS MILL RD,SAME DIRECTION SIDESWIPE,CLEAR,DRY,DARK LIGHTS ON,,,No,NO APPARENT INJURY,NOT DISTRACTED,MD,(SPORT) UTILITY VEHICLE,40,2021,HONDA,CRV
MCP2535001B,180009698,Montgomery County Police,Injury Crash,02/25/2018 03:04:00 AM,Maryland (State),GEORGIA AVE,ENNALLS AVE,SAME DIR REND LEFT TURN,RAINING,WET,DARK LIGHTS ON,NO CONTROLS,ALCOHOL PRESENT,Yes,NO APPARENT INJURY,NOT DISTRACTED,MD,(SPORT) UTILITY VEHICLE,35,1999,FORD,EXPEDITION
EJ78330079,220035832,Gaithersburg Police Depar,Property Damage Crash,08/19/2022 02:03:00 PM,Municipality,KNOLL MIST LA,SOUTHERN KNIGHT LA,STRAIGHT MOVEMENT ANGLE,CLEAR,DRY,DAYLIGHT,NO CONTROLS,NONE DETECTED,Yes,NO APPARENT INJURY,NOT DISTRACTED,MD,POLICE VEHICLE/NON EMERGENCY,10,2018,FORD,EXPLORER
MCP2861003X,190021053,Montgomery County Police,Property Damage Crash,05-04-19 18:08,Maryland (State),OLD GEORGETOWN RD,ROSELAND DR,ANGLE MEETS RIGHT TURN,CLEAR,DRY,DAYLIGHT,NO CONTROLS,COMBINED SUBSTANCE PRESENT,Unknown,NO APPARENT INJURY,INATTENTIVE OR LOST IN THOUGHT,MD,PASSENGER CAR,40,2018,CHEVY,CAMERO
MCP3178002J,210013244,Montgomery County Police,Property Damage Crash,04-09-21 11:54,County,MORNINGWOOD DR,BANTRY WAY,OTHER,CLOUDY,DRY,DAYLIGHT,,NONE DETECTED,Yes,NO APPARENT INJURY,LOOKED BUT DID NOT SEE,MD,VAN,15,2019,FORD,VAN
DD5616000N,16004066,Rockville Police Departme,Property Damage Crash,01/24/2016 08:33:00 AM,Municipality,EDMONSTON DR,VEIRS MILL SERV RD,OPPOSITE DIRECTION SIDESWIPE,CLEAR,SNOW,DAYLIGHT,,NONE DETECTED,No,NO APPARENT INJURY,NOT DISTRACTED,MD,TRUCK TRACTOR,25,2007,CHEVROLET,C8500
MCP2437004X,230007537,Montgomery County Police,Injury Crash,02/14/2023 04:15:00 PM,County,REDLAND RD,ENT SHADY GROVE METRO STATION,HEAD ON LEFT TURN,CLEAR,DRY,DAYLIGHT,TRAFFIC SIGNAL,NONE DETECTED,Yes,SUSPECTED MINOR INJURY,NOT DISTRACTED,MD,(SPORT) UTILITY VEHICLE,35,2009,HONDA,CRV
EJ7846003M,190002265,Gaithersburg Police Depar,Property Damage Crash,01/15/2019 11:40:00 AM,Municipality,ODENDHAL AVE,FREDERICK RD,HEAD ON LEFT TURN,CLEAR,DRY,DAYLIGHT,TRAFFIC SIGNAL,NONE DETECTED,Yes,NO APPARENT INJURY,NOT DISTRACTED,MD,PASSENGER CAR,35,2004,TOYT,4S
MCP137800YR,210041037,Montgomery County Police,Injury Crash,10/13/2021 04:59:00 PM,Maryland (State),FREDERICK RD,KING FARM BLVD,SAME DIRECTION SIDESWIPE,CLOUDY,DRY,DAYLIGHT,TRAFFIC SIGNAL,NONE DETECTED,Unknown,SUSPECTED MINOR INJURY,NOT DISTRACTED,MD,PASSENGER CAR,40,2001,TOYOTA,CELICA
MCP31050022,190025695,Montgomery County Police,Property Damage Crash,05/31/2019 01:00:00 PM,,,,SAME DIRECTION SIDESWIPE,CLEAR,,DAYLIGHT,,NONE DETECTED,Yes,NO APPARENT INJURY,NOT DISTRACTED,MD,SCHOOL BUS,0,2008,THOMAS,BUS
MCP1174005S,230004197,Montgomery County Police,Property Damage Crash,01/26/2023 06:15:00 AM,Maryland (State),EAST WEST HWY,MONTGOMERY AVE,SAME DIRECTION RIGHT TURN,CLEAR,DRY,DARK LIGHTS ON,YIELD SIGN,NONE DETECTED,No,NO APPARENT INJURY,NOT DISTRACTED,DC,PASSENGER CAR,25,2003,TOYOTA,CAMRY
MCP1291003J,210048334,Montgomery County Police,Injury Crash,11/28/2021 08:30:00 PM,Maryland (State),W DIAMOND AVE,RAMP 6 FR MD 117 EB TO IS 270 SB,HEAD ON LEFT TURN,CLEAR,DRY,DARK LIGHTS ON,NO CONTROLS,NONE DETECTED,Yes,SUSPECTED MINOR INJURY,NOT DISTRACTED,MD,PASSENGER CAR,40,2010,TOYT,4S
MCP23350016,190052891,Montgomery County Police,Property Damage Crash,11-03-19 2:42,Maryland (State),GREAT SENECA HWY,WISTERIA DR,STRAIGHT MOVEMENT ANGLE,,DRY,DARK LIGHTS ON,TRAFFIC SIGNAL,NONE DETECTED,No,NO APPARENT INJURY,NOT DISTRACTED,MD,PASSENGER CAR,45,2006,INFI,4S
MCP2871003D,16044018,Montgomery County Police,Injury Crash,08/29/2016 03:35:00 PM,County,SEVEN LOCKS RD,DWIGHT DR,OTHER,CLEAR,DRY,DAYLIGHT,NO CONTROLS,NONE DETECTED,No,NO APPARENT INJURY,LOOKED BUT DID NOT SEE,MD,PASSENGER CAR,35,2002,HOND,CIVIC
MCP3400002R,250042066,MONTGOMERY,Property Damage Crash,09/18/2025 05:03:00 PM,US (State),COLUMBIA PIKE,,Front to Rear,Clear,Dry,Daylight,Traffic Control Signal,"Not Suspect of Alcohol Use, Not Suspect of Drug Use",No,No Apparent Injury,Not Distracted,MD,Passenger Car,45,2017,HONDA,CR-V
MCP3271001Z,220019315,Montgomery County Police,Property Damage Crash,05-06-22 16:00,County,MACARTHUR BLVD,WALHONDING RD,SINGLE VEHICLE,RAINING,WET,DAYLIGHT,NO CONTROLS,NONE DETECTED,Yes,NO APPARENT INJURY,UNKNOWN,VA,PASSENGER CAR,35,2007,MITSUBISHI,ECLIPSE
MCP2965002D,170530554,Montgomery County Police,Property Damage Crash,09/14/2017 02:45:00 PM,Maryland (State),OLNEY SANDY SPRING RD,SKYMEADOW WAY,SAME DIR REAR END,CLEAR,DRY,DAYLIGHT,NO CONTROLS,NONE DETECTED,No,NO APPARENT INJURY,NOT DISTRACTED,MD,PASSENGER CAR,30,2015,HYUN,4S
DM8522002V,240042805,TAKOMA,Property Damage Crash,09-09-24 15:34,Maryland (State) Route,NEW HAMPSHIRE AVE (SB/L),ETHAN ALLEN AVE (WB/L),Front to Rear,Clear,Dry,Daylight,Traffic Control Signal,"Not Suspect of Alcohol Use, Not Suspect of Drug Use",Yes,No Apparent Injury,Unknown,MD,Motorcycle - 2 Wheeled,25,2003,VESPA,PRIMAVERA / SPRINT 150
MCP3090001N,180058921,Montgomery County Police,Property Damage Crash,11/24/2018 02:00:00 PM,,,,OTHER,RAINING,,DAYLIGHT,NO CONTROLS,,Yes,NO APPARENT INJURY,UNKNOWN,MD,POLICE VEHICLE/EMERGENCY,5,2005,CHEVY,TK
MCP3269002X,240003065,MONTGOMERY,Injury Crash,01/20/2024 11:00:00 AM,County Route,LOCKWOOD DR,NORTHWEST DR,Angle,Snow,Wet,Daylight,No Controls,"Not Suspect of Alcohol Use, Not Suspect of Drug Use",No,Suspected Minor Injury,Not Distracted,MD,Passenger Car,25,2005,HONDA,ACCORD
MCP2970001D,16000404,Montgomery County Police,Property Damage Crash,01-03-16 10:33,County,WHITEHALL RD,ORANGE DR,OPPOSITE DIRECTION SIDESWIPE,CLEAR,DRY,DAYLIGHT,NO CONTROLS,UNKNOWN,Yes,NO APPARENT INJURY,UNKNOWN,MD,PICKUP TRUCK,30,2016,FORD,TK
MCP25130013,190007338,Montgomery County Police,Property Damage Crash,02/15/2019 04:52:00 AM,County,FLOWER AVE,E WAYNE AVE,STRAIGHT MOVEMENT ANGLE,CLEAR,DRY,UNKNOWN,TRAFFIC SIGNAL,NONE DETECTED,No,NO APPARENT INJURY,NOT DISTRACTED,DC,PASSENGER CAR,30,2005,MAZDA,MAZDA 3
MCP2855002L,180045579,Montgomery County Police,Property Damage Crash,09-12-18 16:33,Maryland (State),OLD COLUMBIA PIKE,E RANDOLPH RD,STRAIGHT MOVEMENT ANGLE,CLOUDY,DRY,DAYLIGHT,TRAFFIC SIGNAL,NONE DETECTED,Yes,NO APPARENT INJURY,UNKNOWN,MD,PASSENGER CAR,40,2010,VOLK,4S
MCP9404000R,16054561,Montgomery County Police,Property Damage Crash,10/23/2016 01:26:00 PM,Municipality,RIO BLVD,FIELDS RD,STRAIGHT MOVEMENT ANGLE,CLEAR,DRY,DAYLIGHT,NO CONTROLS,NONE DETECTED,Yes,NO APPARENT INJURY,NOT DISTRACTED,MD,PASSENGER CAR,25,2013,LEXUS,4S
MCP2789004Z,180034066,Montgomery County Police,Injury Crash,07-10-18 15:20,US (State),GEORGIA AVE,13TH ST,HEAD ON LEFT TURN,,DRY,,TRAFFIC SIGNAL,,Yes,NO APPARENT INJURY,LOOKED BUT DID NOT SEE,DC,PASSENGER CAR,35,2013,HONDA,4D
MCP2094009V,180003573,Montgomery County Police,Injury Crash,01/22/2018 08:22:00 AM,Maryland (State),WISCONSIN AVE,MILLER AVE,SAME DIR REAR END,CLOUDY,WET,DAYLIGHT,NO CONTROLS,NONE DETECTED,Yes,NO APPARENT INJURY,OTHER DISTRACTION,MD,PASSENGER CAR,25,2016,MAZDA,MIATA
MCP3106000P,180042215,Montgomery County Police,Property Damage Crash,08/24/2018 02:15:00 PM,Maryland (State),BRADLEY BLVD,VERNON PL,SAME DIR REAR END,CLEAR,DRY,DAYLIGHT,NO CONTROLS,UNKNOWN,Yes,NO APPARENT INJURY,UNKNOWN,,PASSENGER CAR,30,2001,HONDA,CIVIC
MCP26010011,210053344,Montgomery County Police,Property Damage Crash,12/31/2021 02:58:00 PM,County,BONIFANT ST,FENTON ST,OTHER,,DRY,DAYLIGHT,,UNKNOWN,Yes,NO APPARENT INJURY,UNKNOWN,,PASSENGER CAR,30,2012,KIA,SORRENTO
MCP2788002J,210035694,Montgomery County Police,Property Damage Crash,09-10-21 22:56,County,RENN ST,LOREE LA,OTHER,CLEAR,DRY,DARK LIGHTS ON,NO CONTROLS,NONE DETECTED,Yes,NO APPARENT INJURY,UNKNOWN,MD,PICKUP TRUCK,20,2017,FORD,F150
MCP292300B5,230065919,Montgomery County Police,Injury Crash,11-11-23 14:30,,,,OTHER,,,DAYLIGHT,NO CONTROLS,UNKNOWN,Yes,NO APPARENT INJURY,UNKNOWN,,,5,0,UNKNOWN,UNKNOWN
MCP2902001K,15059881,Montgomery County Police,Property Damage Crash,11/21/2016 01:28:00 PM,,,,OTHER,CLEAR,,DAYLIGHT,,,Yes,NO APPARENT INJURY,LOOKED BUT DID NOT SEE,MD,PASSENGER CAR,10,2010,MERZ,TK
MCP2228002C,250024678,MONTGOMERY,Injury Crash,06-03-25 14:09,Local Route,RETAIL PL,CLUB HOUSE RD RIDGELINE DR,Angle,Clear,Dry,Daylight,No Controls,"Not Suspect of Alcohol Use, Not Suspect of Drug Use",No,Possible Injury,Not Distracted,MD,Passenger Car,25,2016,MITSUBISHI,OUTLANDER SPORT
MCP31340031,210041235,Montgomery County Police,Injury Crash,10/14/2021 06:26:00 PM,US (State),COLUMBIA PIKE,GREENCASTLE RD,HEAD ON LEFT TURN,CLEAR,DRY,DAYLIGHT,TRAFFIC SIGNAL,,No,NO APPARENT INJURY,NOT DISTRACTED,MD,PASSENGER CAR,40,2019,HYUN,SONATA
MCP0704000F,15006634,Montgomery County Police,Injury Crash,02-09-15 20:20,County,WOODMONT AVE,HAMPDEN LA,SINGLE VEHICLE,RAINING,WET,DARK LIGHTS ON,,NONE DETECTED,Yes,NO APPARENT INJURY,NOT DISTRACTED,DC,(SPORT) UTILITY VEHICLE,25,2012,HONDA,CRV
MCP32130014,210031669,Montgomery County Police,Property Damage Crash,08/14/2021 10:31:00 PM,County,BRIGGS CHANEY RD,FAIRDALE RD,SAME DIRECTION LEFT TURN,,DRY,DARK LIGHTS ON,NO CONTROLS,NONE DETECTED,Yes,NO APPARENT INJURY,NOT DISTRACTED,MD,PASSENGER CAR,35,2016,CHEV,4S
MCP2464000L,16019060,Montgomery County Police,Property Damage Crash,04/18/2016 06:27:00 PM,County,MONTAUK AVE,LONE OAK DR,STRAIGHT MOVEMENT ANGLE,CLEAR,DRY,DAYLIGHT,STOP SIGN,,Yes,NO APPARENT INJURY,NOT DISTRACTED,MD,PASSENGER CAR,25,2011,LEXU,TK
MCP29620061,210043792,Montgomery County Police,Injury Crash,10/30/2021 09:23:00 AM,Maryland (State),GERMANTOWN RD,CLOPPER RD,SAME DIR REAR END,RAINING,WET,DAYLIGHT,NO CONTROLS,NONE DETECTED,No,NO APPARENT INJURY,NOT DISTRACTED,MD,PASSENGER CAR,40,2006,VOLK,JETTA
MCP2766003D,170548413,Montgomery County Police,Property Damage Crash,12/13/2017 08:03:00 PM,County,BONIFANT RD,LAYHILL RD,SAME DIR REAR END,SNOW,SNOW,DARK LIGHTS ON,,NONE DETECTED,Yes,NO APPARENT INJURY,LOOKED BUT DID NOT SEE,MD,(SPORT) UTILITY VEHICLE,35,2005,HONDA,PILOT
MCP2437001T,16028844,Montgomery County Police,Property Damage Crash,06-08-16 18:32,,,,STRAIGHT MOVEMENT ANGLE,CLEAR,,DAYLIGHT,NO CONTROLS,NONE DETECTED,Yes,NO APPARENT INJURY,LOOKED BUT DID NOT SEE,MD,PASSENGER CAR,0,2002,MITSUBISHI,LANCER
MCP2919005C,180051808,Montgomery County Police,Property Damage Crash,10/16/2018 03:10:00 PM,,,,HEAD ON LEFT TURN,CLOUDY,,DAYLIGHT,,NONE DETECTED,No,NO APPARENT INJURY,NOT DISTRACTED,MD,"OTHER LIGHT TRUCKS (10,000LBS (4,536KG) OR LESS)",20,2018,RAM,4500
DD5636002J,200025310,Rockville Police Departme,Property Damage Crash,06/15/2020 01:25:00 AM,,,,SAME DIRECTION SIDESWIPE,CLEAR,,DUSK,NO CONTROLS,,No,NO APPARENT INJURY,LOOKED BUT DID NOT SEE,,PASSENGER CAR,15,2007,TOYOTA,RAV4
MCP2840000S,16034444,Montgomery County Police,Injury Crash,07-07-16 18:00,County,FAIRLAND RD,OLD COLUMBIA PIKE,STRAIGHT MOVEMENT ANGLE,CLEAR,DRY,DAYLIGHT,,,No,NO APPARENT INJURY,NOT DISTRACTED,MD,PASSENGER CAR,30,2011,NISS,4S
MCP2783006D,250012622,MONTGOMERY,Injury Crash,03/22/2025 06:30:00 PM,County Route,,,Front to Rear,Clear,Dry,Daylight,Traffic Control Signal,"Not Suspect of Alcohol Use, Not Suspect of Drug Use",Yes,No Apparent Injury,Unknown,MD,Passenger Car,35,2015,FORD,EXPLORER
MCP2789005F,190000636,Montgomery County Police,Injury Crash,01-04-19 15:25,US (State),GEORGIA AVE,PHILADELPHIA AVE,HEAD ON LEFT TURN,,DRY,DAYLIGHT,NO CONTROLS,,Yes,NO APPARENT INJURY,LOOKED BUT DID NOT SEE,MD,PASSENGER CAR,35,2015,HONDA,PILOT
MCP3271006N,250052472,MONTGOMERY,Property Damage Crash,11/22/2025 06:00:00 PM,County Route,MANOR RD,CONNECTICUT AVE,Angle,Clear,Dry,Dark - Lighted,Traffic Control Signal,"Not Suspect of Alcohol Use, Not Suspect of Drug Use",No,No Apparent Injury,Not Distracted,MD,Passenger Car,30,2009,HONDA,ACCORD
DM84780032,240059583,TAKOMA,Injury Crash,12/13/2024 10:40:00 AM,Maryland (State) Route,,,Front to Front,Clear,Dry,Daylight,No Controls,"Not Suspect of Alcohol Use, Not Suspect of Drug Use",No,No Apparent Injury,Not Distracted,MD,Passenger Car,20,2008,HONDA,PILOT
MCP3053006M,230046073,Montgomery County Police,Property Damage Crash,07/25/2023 07:29:00 PM,Maryland (State),GEORGIA AVE,SHOREFIELD RD,SAME DIR REAR END,CLEAR,DRY,DAYLIGHT,TRAFFIC SIGNAL,,Yes,NO APPARENT INJURY,INATTENTIVE OR LOST IN THOUGHT,,PASSENGER CAR,25,2015,VOLKS,JETTA
MCP31640019,190012333,Montgomery County Police,Injury Crash,03/17/2019 01:30:00 PM,Maryland (State),GEORGIA AVE,BLUERIDGE AVE,SAME DIR REAR END,CLEAR,,DAYLIGHT,NO CONTROLS,,No,NO APPARENT INJURY,NOT DISTRACTED,DC,PASSENGER CAR,35,2014,NISSAN,ALTIMA
MCP1366003X,15063033,MONTGOMERY,Property Damage Crash,12-10-15 7:15,County,CRABBS BRANCH WAY,HIAWATHA LA,STRAIGHT MOVEMENT ANGLE,CLOUDY,DRY,DAYLIGHT,STOP SIGN,NONE DETECTED,Yes,NO APPARENT INJURY,LOOKED BUT DID NOT SEE,MD,PASSENGER CAR,35,2006,TOYOTA,PRIUS
MCP2934004F,220003819,Montgomery County Police,Property Damage Crash,01/28/2022 05:46:00 PM,County,ROCKLEDGE DR,ROCK SPRING DR,HEAD ON LEFT TURN,SNOW,WET,DARK LIGHTS ON,TRAFFIC SIGNAL,NONE DETECTED,Yes,NO APPARENT INJURY,LOOKED BUT DID NOT SEE,WA,(SPORT) UTILITY VEHICLE,30,2014,KIA,SOUL
DM84560006,16023419,Takoma Park Police Depart,Injury Crash,05-11-16 17:15,Maryland (State),EAST WEST HWY,KENTLAND AVE,STRAIGHT MOVEMENT ANGLE,RAINING,WET,DAYLIGHT,STOP SIGN,NONE DETECTED,No,SUSPECTED MINOR INJURY,NOT DISTRACTED,MD,PASSENGER CAR,30,2007,MITSUBISHI,GALANT
MCP32580050,250013572,MONTGOMERY,Property Damage Crash,03/28/2025 02:21:00 PM,Maryland (State) Route,VEIRS MILL RD,,Front to Rear,Clear,Dry,Daylight,No Controls,"Not Suspect of Alcohol Use, Not Suspect of Drug Use",No,No Apparent Injury,Not Distracted,MD,Pickup,25,2024,CHEVROLET,SILVERADO
MCP3019000G,17011093,Montgomery County Police,Injury Crash,03-02-17 13:31,Maryland (State),OLD GEORGETOWN RD,RAMP 6 FR IS 495 EB TO MD 187 SB,SAME DIR REAR END,,DRY,DAYLIGHT,TRAFFIC SIGNAL,,No,NO APPARENT INJURY,NOT DISTRACTED,DC,PASSENGER CAR,45,2013,JEEP,TRUCK
DM84920013,220019598,Takoma Park Police Depart,Injury Crash,05-08-22 22:35,Maryland (State),UNIVERSITY BLVD E,MERRIMAC DR,STRAIGHT MOVEMENT ANGLE,CLEAR,DRY,DARK LIGHTS ON,NO CONTROLS,,No,POSSIBLE INJURY,NOT DISTRACTED,MD,PASSENGER CAR,30,2010,TOYT,4S
MCP2987008P,240033835,MONTGOMERY,Property Damage Crash,07/17/2024 06:02:00 PM,County Route,CHERRY HILL RD,GRACEFIELD RD,Front to Rear,Rain,Wet,Daylight,No Controls,"Not Suspect of Alcohol Use, Not Suspect of Drug Use",No,No Apparent Injury,Not Distracted,,Passenger Car,40,2004,HONDA,ODYSSEY
MCP3007003B,180059871,Montgomery County Police,Property Damage Crash,11/30/2018 12:30:00 PM,,,,ANGLE MEETS LEFT HEAD ON,RAINING,,DAYLIGHT,NO CONTROLS,,Yes,NO APPARENT INJURY,NOT DISTRACTED,MD,PASSENGER CAR,15,2004,ACURA,TK
MCP3295001R,220027840,Montgomery County Police,Property Damage Crash,06/28/2022 10:00:00 AM,County,OAKVIEW DR,NEW HAMPSHIRE AVE,SAME DIR REAR END,CLEAR,DRY,DAYLIGHT,NO CONTROLS,UNKNOWN,Yes,NO APPARENT INJURY,UNKNOWN,,PASSENGER CAR,25,2012,TOYOTA,CAMERY
MCP23610026,220041507,Montgomery County Police,Property Damage Crash,09/23/2022 03:41:00 PM,Maryland (State),MIDCOUNTY HWY,PIER POINT PL,STRAIGHT MOVEMENT ANGLE,CLEAR,DRY,DAYLIGHT,STOP SIGN,NONE DETECTED,Yes,NO APPARENT INJURY,NOT DISTRACTED,MD,"CARGO VAN/LIGHT TRUCK 2 AXLES (OVER 10,000LBS (4,536 KG))",45,2013,CHEVY,CG
MCP28460040,180015960,Montgomery County Police,Property Damage Crash,04-02-18 16:27,Maryland (State),VEIRS MILL RD,ENNALLS AVE,SAME DIRECTION SIDESWIPE,CLOUDY,DRY,DAYLIGHT,NO CONTROLS,NONE DETECTED,No,NO APPARENT INJURY,NOT DISTRACTED,MD,TRANSIT BUS,40,2006,NWFL,BUS
MCP2456005P,210043949,Montgomery County Police,Property Damage Crash,10/31/2021 12:20:00 PM,Maryland (State),NEW HAMPSHIRE AVE,OAKVIEW DR,SAME DIR REAR END,CLEAR,DRY,DAYLIGHT,NO CONTROLS,NONE DETECTED,Yes,NO APPARENT INJURY,NOT DISTRACTED,MD,PASSENGER CAR,40,2017,DODGE,JOURNEY
MCP1400000S,180003554,Montgomery County Police,Injury Crash,01/23/2018 01:52:00 AM,Maryland (State),NEW HAMPSHIRE AVE,TUCKER LA,SINGLE VEHICLE,CLEAR,DRY,DARK LIGHTS ON,NO CONTROLS,NONE DETECTED,Yes,SUSPECTED MINOR INJURY,NOT DISTRACTED,MD,PICKUP TRUCK,40,2003,DODGE,TRUCK
MCP2603002J,190001805,Montgomery County Police,Property Damage Crash,01-11-19 16:20,Maryland (State),MONTGOMERY VILLAGE AVE,CHRISTOPHER AVE,STRAIGHT MOVEMENT ANGLE,CLEAR,DRY,DAYLIGHT,TRAFFIC SIGNAL,,No,NO APPARENT INJURY,NOT DISTRACTED,MD,PASSENGER CAR,35,2003,SUZU,TK
MCP31630045,220005159,Montgomery County Police,Property Damage Crash,02-06-22 15:53,Maryland (State),BRADLEY BLVD,LELAND ST,SAME DIR REAR END,CLEAR,DRY,DAYLIGHT,TRAFFIC SIGNAL,,No,NO APPARENT INJURY,NOT DISTRACTED,MD,PASSENGER CAR,25,2010,NISS,ALTIMA
MCP2666001M,16067056,Montgomery County Police,Injury Crash,12/29/2016 11:07:00 PM,County,OLD COLUMBIA PIKE,GREENCASTLE RD,SINGLE VEHICLE,CLEAR,DRY,DARK LIGHTS ON,NO CONTROLS,ALCOHOL PRESENT,Yes,SUSPECTED MINOR INJURY,NOT DISTRACTED,MD,PASSENGER CAR,35,1998,TOYOTA,CAMRY
MCP2857000T,15007581,Montgomery County Police,Injury Crash,02/15/2015 08:42:00 AM,Maryland (State),MIDCOUNTY HWY,PIER POINT PL,HEAD ON,CLEAR,ICE,DAYLIGHT,,NONE DETECTED,Yes,NO APPARENT INJURY,NOT DISTRACTED,MD,PASSENGER CAR,50,1998,TOYOTA,COROLLA
MCP23140046,250000760,MONTGOMERY,Injury Crash,01-06-25 20:33,County Route,TRAVILAH RD,,Front to Front,Snow,Wet,Dark - Lighted,No Controls,"Not Suspect of Alcohol Use, Not Suspect of Drug Use",No,Possible Injury,Not Distracted,MD,Pickup,30,2016,FORD,F-450
MCP29230036,170523478,Montgomery County Police,Injury Crash,08-07-17 12:44,Maryland (State),VEIRS MILL RD,GAIL ST,SAME DIR REAR END,RAINING,WET,DAYLIGHT,NO CONTROLS,NONE DETECTED,Yes,NO APPARENT INJURY,NOT DISTRACTED,MD,(SPORT) UTILITY VEHICLE,35,2011,TOYOTA,RAV4
MCP30730028,180049434,Montgomery County Police,Property Damage Crash,10-03-18 15:25,County,NADINE DR,NORBECK RD,SAME DIR REAR END,,,DAYLIGHT,NO CONTROLS,,No,NO APPARENT INJURY,UNKNOWN,MD,PASSENGER CAR,45,2017,LEXUS,ES350
MCP2436004C,170545000,Montgomery County Police,Injury Crash,11/26/2017 02:25:00 PM,County,PLYMOUTH ST,FLOWER AVE,OTHER,CLEAR,DRY,DAYLIGHT,STOP SIGN,NONE DETECTED,Yes,NO APPARENT INJURY,UNKNOWN,MD,PASSENGER CAR,30,2009,HYUNDAI,ELANTRA
MCP3040006R,240050938,MONTGOMERY,Property Damage Crash,10/24/2024 02:40:00 PM,Maryland (State) Route,NEW HAMPSHIRE AVE,E RANDOLPH RD (WB/L),Angle,Clear,Dry,Daylight,Traffic Control Signal,"Not Suspect of Alcohol Use, Not Suspect of Drug Use",No,No Apparent Injury,Not Distracted,MD,Passenger Car,35,2020,TOYOTA,COROLLA
MCP2658000Z,15043232,MONTGOMERY,Property Damage Crash,08/28/2015 03:57:00 PM,Maryland (State),SPENCERVILLE RD,ENT TO BUSINESS,SAME DIR REAR END,CLEAR,DRY,DAYLIGHT,TRAFFIC SIGNAL,NONE DETECTED,Yes,NO APPARENT INJURY,UNKNOWN,MD,(SPORT) UTILITY VEHICLE,35,2006,JEEP,TK
MCP2710001C,16059651,Montgomery County Police,Injury Crash,11/19/2016 05:40:00 PM,County,GOSHEN RD,MIDCOUNTY HWY,OTHER,RAINING,WET,DARK NO LIGHTS,,NONE DETECTED,No,NO APPARENT INJURY,NOT DISTRACTED,MD,PASSENGER CAR,35,2001,TOYOTA,4RUNNER
MCP209400BH,180022954,Montgomery County Police,Injury Crash,05-10-18 7:56,Maryland (State),RIVER RD,BRAEBURN PKWY,SAME DIR REAR END,CLEAR,DRY,DAYLIGHT,NO CONTROLS,NONE DETECTED,No,NO APPARENT INJURY,NOT DISTRACTED,MD,SNOWMOBILE,45,2012,CADILAC,CTS