Report Number,Local Case Number,Agency Name,ACRS Report Type,Crash Date/Time,Route Type,Road Name,Cross-Street Name,Collision Type,Weather,Surface Condition,Light,Traffic Control,Driver Substance Abuse,Driver At Fault,Injury Severity,Driver Distracted By,Drivers License State,Vehicle Body Type,Speed Limit,Vehicle Year,Vehicle Make,Vehicle Model
MCP2677000S,16037559,Montgomery County Police,Injury Crash,07/24/2016 09:45:00 PM,Maryland (State),GERMANTOWN RD,FATHER HURLEY BLVD,SAME DIR REAR END,RAINING,WET,DARK LIGHTS ON,NO CONTROLS,,Yes,NO APPARENT INJURY,UNKNOWN,MD,PASSENGER CAR,45,2011,HONDA,4D
MCP29740046,220015499,Montgomery County Police,Injury Crash,04-12-22 11:40,Maryland (State),OLD COLUMBIA PIKE,ENT TO BUSINESS,SAME DIR REAR END,CLEAR,DRY,DAYLIGHT,NO CONTROLS,NONE DETECTED,No,NO APPARENT INJURY,NOT DISTRACTED,MD,PASSENGER CAR,30,2015,TOYOTA,COROLLA
MCP2952000H,15024714,Montgomery County Police,Injury Crash,05/22/2015 09:55:00 PM,County,DILSTON RD,AVENEL RD,OTHER,CLEAR,DRY,DARK NO LIGHTS,NO CONTROLS,NONE DETECTED,No,SUSPECTED MINOR INJURY,NOT DISTRACTED,MD,PASSENGER CAR,30,2003,HONDA,CIVIC
MCP2656003V,190009551,Montgomery County Police,Property Damage Crash,02/28/2019 03:00:00 PM,Maryland (State),NEW HAMPSHIRE AVE,LOCKWOOD DR,UNKNOWN,CLEAR,DRY,DAYLIGHT,,,Yes,NO APPARENT INJURY,UNKNOWN,,,15,0,UNKNOWN,UNKNOWN
MCP2866007R,220016845,Montgomery County Police,Property Damage Crash,04/20/2022 06:50:00 PM,County,SEVEN LOCKS RD,POSTOAK RD,OPPOSITE DIRECTION SIDESWIPE,CLEAR,DRY,DAYLIGHT,TRAFFIC SIGNAL,NONE DETECTED,No,NO APPARENT INJURY,NOT DISTRACTED,MD,PASSENGER CAR,35,2019,FORD,EXPEDITION
MCP22980083,16015962,Montgomery County Police,Injury Crash,04-01-16 17:15,Interstate (State),EISENHOWER MEMORIAL HWY,END BRIDGE,SINGLE VEHICLE,CLOUDY,DRY,DAYLIGHT,,NONE DETECTED,Yes,SUSPECTED MINOR INJURY,NOT DISTRACTED,MD,PASSENGER CAR,55,2009,TOYT,MATRIX
DM8504000P,220021067,Takoma Park Police Depart,Property Damage Crash,05/15/2022 10:30:00 PM,,,,SAME DIRECTION SIDESWIPE,CLEAR,,DARK -- UNKNOWN LIGHTING,NO CONTROLS,,No,NO APPARENT INJURY,NOT DISTRACTED,MD,PASSENGER CAR,0,2014,HONDA,CIVIC
MCP32590046,240008940,MONTGOMERY,Property Damage Crash,02/23/2024 05:06:00 PM,Maryland (State) Route,BRADLEY BLVD (SB/L),,"Sideswipe, Same Direction",Clear,Dry,Daylight,No Controls,"Not Suspect of Alcohol Use, Not Suspect of Drug Use",No,No Apparent Injury,Unknown,MD,Van - Cargo,30,2018,RAM,PROMASTER 3500
DD5653000W,220003647,Rockville Police Departme,Injury Crash,01/27/2022 06:11:00 PM,Maryland (State),ROCKVILLE PIKE,EDMONSTON DR,SAME DIR REAR END,CLOUDY,,DARK LIGHTS ON,NO CONTROLS,,Yes,SUSPECTED SERIOUS INJURY,UNKNOWN,MD,(SPORT) UTILITY VEHICLE,50,2006,CHEVROLET,EQUINOX
MCP24110014,170509697,Montgomery County Police,Property Damage Crash,05/24/2017 08:55:00 PM,,,,OTHER,CLEAR,,DARK LIGHTS ON,,UNKNOWN,Yes,NO APPARENT INJURY,UNKNOWN,,PASSENGER CAR,5,2002,CHEVROLET,SEDAN
MCP157500C3,200045474,Montgomery County Police,Property Damage Crash,11/18/2020 05:25:00 AM,Maryland (State),RIDGE RD,OAK DR,SINGLE VEHICLE,CLEAR,DRY,DARK -- UNKNOWN LIGHTING,TRAFFIC SIGNAL,NONE DETECTED,No,NO APPARENT INJURY,NOT DISTRACTED,MD,POLICE VEHICLE/NON EMERGENCY,40,2010,HONDA,ACCORD
MCP29390029,180004112,Montgomery County Police,Injury Crash,01/24/2018 06:29:00 PM,Maryland (State),GREAT SENECA HWY,DAWSON FARM RD,STRAIGHT MOVEMENT ANGLE,,DRY,DARK LIGHTS ON,TRAFFIC SIGNAL,NONE DETECTED,Yes,NO APPARENT INJURY,INATTENTIVE OR LOST IN THOUGHT,MD,PASSENGER CAR,50,2017,ACURA,4S
MCP29460029,17014505,Montgomery County Police,Property Damage Crash,03/21/2017 06:38:00 PM,County,CANTERFIELD WAY,FREDERICK RD,SAME DIR REAR END,CLEAR,DRY,DAYLIGHT,STOP SIGN,NONE DETECTED,No,NO APPARENT INJURY,NOT DISTRACTED,MD,(SPORT) UTILITY VEHICLE,25,2014,MERC,ML350
MCP3290003R,240055224,MONTGOMERY,Injury Crash,11/18/2024 05:52:00 AM,Local Route,METRORAIL TRACK B2 RAIL,FOREST GLEN RD (WB/L),Angle,Clear,Dry,Dark - Lighted,Traffic Control Signal,"Not Suspect of Alcohol Use, Not Suspect of Drug Use",No,Suspected Minor Injury,Unknown,MD,Passenger Car,35,2007,PONTIAC,G6
MCP3057001Q,190037800,Montgomery County Police,Property Damage Crash,08-08-19 10:21,Maryland (State),CLOPPER RD,CINNAMON DR,STRAIGHT MOVEMENT ANGLE,CLEAR,DRY,DAYLIGHT,STOP SIGN,NONE DETECTED,Yes,NO APPARENT INJURY,NOT DISTRACTED,MD,PASSENGER CAR,25,2010,HONDA,CIVIC
MCP27550013,170549029,Montgomery County Police,Property Damage Crash,12/16/2017 11:04:00 PM,County,ARCOLA AVE,UNIVERSITY BLVD W,SINGLE VEHICLE,CLEAR,,DARK -- UNKNOWN LIGHTING,,ALCOHOL PRESENT,Yes,NO APPARENT INJURY,OTHER DISTRACTION,MD,PASSENGER CAR,35,2004,NISSAN,FRONTIER
MCP271700XZ,230057508,Montgomery County Police,Injury Crash,09/29/2023 03:15:00 PM,Maryland (State),QUINCE ORCHARD RD,BOOTH ST,ANGLE MEETS LEFT TURN,CLEAR,DRY,DAYLIGHT,STOP SIGN,NONE DETECTED,Yes,SUSPECTED MINOR INJURY,LOOKED BUT DID NOT SEE,MD,VAN,25,2016,HONDA,VAN
MCP21590004,15014868,Montgomery County Police,Property Damage Crash,03/31/2015 10:09:00 PM,County,FENTON ST,PHILADELPHIA AVE,SAME DIR REAR END,CLEAR,DRY,DARK -- UNKNOWN LIGHTING,YIELD SIGN,NONE DETECTED,Yes,NO APPARENT INJURY,NOT DISTRACTED,MD,POLICE VEHICLE/NON EMERGENCY,25,2009,CHEVROLET,IMPALA
MCP2948003H,190026032,Montgomery County Police,Injury Crash,05/31/2019 06:00:00 PM,Maryland (State),GEORGIA AVE,ARCOLA AVE,SAME DIR REAR END,CLEAR,DRY,DAYLIGHT,,NONE DETECTED,No,SUSPECTED MINOR INJURY,NOT DISTRACTED,MD,PASSENGER CAR,25,2014,TOYT,4S
DD5603009Q,230020013,Rockville Police Departme,Property Damage Crash,04/26/2023 05:00:00 PM,Maryland (State),HUNGERFORD DR,N WASHINGTON ST,OTHER,CLEAR,DRY,DAYLIGHT,TRAFFIC SIGNAL,NONE DETECTED,No,NO APPARENT INJURY,NOT DISTRACTED,MD,OTHER,35,2015,JEEP,SUV
MCP34020030,250012369,MONTGOMERY,Property Damage Crash,03/21/2025 08:12:00 AM,US (State),COLUMBIA PIKE (SB/L),,Front to Rear,Clear,Dry,Daylight,No Controls,"Not Suspect of Alcohol Use, Not Suspect of Drug Use",No,No Apparent Injury,Not Distracted,MD,Passenger Car,35,2023,TOYOTA,COROLLA
MCP2835002Q,210048098,Montgomery County Police,Property Damage Crash,11/26/2021 10:12:00 PM,County,PORTER RD,LEONARD DR,STRAIGHT MOVEMENT ANGLE,CLEAR,DRY,DARK LIGHTS ON,STOP SIGN,NONE DETECTED,Yes,NO APPARENT INJURY,LOOKED BUT DID NOT SEE,VA,PASSENGER CAR,15,2014,TOYOTA,COROLLA
MCP3328004N,250011925,MONTGOMERY,Property Damage Crash,03/18/2025 12:00:00 PM,,,,Angle,Clear,,Daylight,,"Unknown, Unknown",Yes,,,,Passenger Car,0,2012,SUBARU,FORESTER
MCP27220033,190005955,Montgomery County Police,Injury Crash,02-06-19 18:45,County,CONNECTICUT AVE,GEORGIA AVE,SINGLE VEHICLE,RAINING,WET,DARK LIGHTS ON,TRAFFIC SIGNAL,,Yes,NO APPARENT INJURY,UNKNOWN,,,45,0,UNKNOWN,UNKNOWN
MCP2534000R,15031482,Montgomery County Police,Injury Crash,06/27/2015 09:04:00 PM,Maryland (State),UNIVERSITY BLVD W,BRUNETT AVE,SAME DIRECTION SIDESWIPE,RAINING,WET,DARK LIGHTS ON,NO CONTROLS,NONE DETECTED,No,NO APPARENT INJURY,NOT DISTRACTED,MD,PASSENGER CAR,40,2003,CHEVROLET,CAVALIER
MCP29050039,170541857,Montgomery County Police,Injury Crash,11-09-17 13:28,County,TUCKERMAN LA,GROSVENOR PL,SAME DIR REAR END,CLOUDY,WET,DAYLIGHT,OTHER,,No,POSSIBLE INJURY,NOT DISTRACTED,MD,PASSENGER CAR,45,2017,BMW,TK
MCP263900B6,200046689,Montgomery County Police,Property Damage Crash,11/26/2020 10:28:00 AM,County,CONNECTICUT AVE,GRAND PRE RD,SAME DIR REAR END,CLOUDY,WET,DAYLIGHT,OTHER,NONE DETECTED,No,NO APPARENT INJURY,NOT DISTRACTED,NC,PICKUP TRUCK,30,2003,TOYOTA,TRUCK
MCP29660029,16034217,Montgomery County Police,Injury Crash,07-06-16 15:39,Maryland (State),VEIRS MILL RD,RANDOLPH RD,SAME DIR REAR END,CLEAR,DRY,,PERSON,NONE DETECTED,Yes,NO APPARENT INJURY,OTHER DISTRACTION,MD,PASSENGER CAR,45,2014,TOYOTA,SUPRA
MCP9128000C,15066368,MONTGOMERY,Property Damage Crash,12/27/2015 05:27:00 AM,Maryland (State),LAYHILL RD,GEORGIA AVE,SAME DIR BOTH LEFT TURN,FOGGY,WET,DARK LIGHTS ON,TRAFFIC SIGNAL,NONE DETECTED,No,NO APPARENT INJURY,NOT DISTRACTED,MD,PASSENGER CAR,35,2010,TOYOTA,COROLLA
MCP23540013,180000327,Montgomery County Police,Injury Crash,01-02-18 22:17,Maryland (State),OLD GEORGETOWN RD,RAMP 6 FR RAMP 10 (FR IS270) TO MD 187,STRAIGHT MOVEMENT ANGLE,CLEAR,DRY,DARK LIGHTS ON,TRAFFIC SIGNAL,NONE DETECTED,No,POSSIBLE INJURY,NOT DISTRACTED,MD,PASSENGER CAR,40,2015,AUDI,A3
MCP2837002L,190015317,Montgomery County Police,Property Damage Crash,01/14/2019 12:08:00 PM,Maryland (State),FREDERICK RD,ENT TO SHADY GROVE METRO STATION,HEAD ON LEFT TURN,,WET,DAYLIGHT,TRAFFIC SIGNAL,NONE DETECTED,Yes,NO APPARENT INJURY,LOOKED BUT DID NOT SEE,MD,(SPORT) UTILITY VEHICLE,40,2018,VOLK,TK
MCP2948007P,250000224,MONTGOMERY,Injury Crash,01-02-25 17:58,Maryland (State) Route,CONNECTICUT AVE,,Angle,Clear,Dry,Dark - Lighted,Traffic Control Signal,"Not Suspect of Alcohol Use, Not Suspect of Drug Use",No,Suspected Minor Injury,Unknown,MD,Passenger Car,45,2009,TOYOTA,CAMRY
MCP13850003,170500490,Montgomery County Police,Property Damage Crash,04-05-17 10:58,Maryland (State),GERMANTOWN RD,CLOPPER RD,HEAD ON LEFT TURN,CLEAR,DRY,DAYLIGHT,TRAFFIC SIGNAL,,No,NO APPARENT INJURY,NOT DISTRACTED,MD,(SPORT) UTILITY VEHICLE,45,2017,CHEV,TRAX
MCP2761003V,220044887,Montgomery County Police,Property Damage Crash,10/13/2022 03:26:00 PM,County,WARING STATION RD,CLOPPER RD,SINGLE VEHICLE,CLOUDY,WET,DAYLIGHT,NO CONTROLS,NONE DETECTED,Yes,NO APPARENT INJURY,NOT DISTRACTED,MD,SCHOOL BUS,45,2017,THOM,BU
MCP1564001J,16044607,Montgomery County Police,Property Damage Crash,09-01-16 9:59,Maryland (State),NEW HAMPSHIRE AVE,COLUMBIA PIKE,SAME DIRECTION LEFT TURN,RAINING,WET,DAYLIGHT,NO CONTROLS,,Yes,NO APPARENT INJURY,NOT DISTRACTED,MD,PASSENGER CAR,40,2010,HONDA,CIVIC
MCP243600DY,210045063,Montgomery County Police,Injury Crash,11-07-21 9:10,Maryland (State),UNIVERSITY BLVD E,RAMP 7 FR RP 2 (FR IS495 WB) TO 193,STRAIGHT MOVEMENT ANGLE,CLEAR,DRY,DAYLIGHT,TRAFFIC SIGNAL,NONE DETECTED,No,NO APPARENT INJURY,NOT DISTRACTED,MD,PASSENGER CAR,35,2013,FORD,FUSION
HA2484000M,21002363,Maryland-National Capital,Property Damage Crash,12-09-21 11:15,County,WOODMONT AVE,NORFOLK AVE,SAME DIRECTION RIGHT TURN,CLEAR,DRY,DAYLIGHT,TRAFFIC SIGNAL,NONE DETECTED,No,NO APPARENT INJURY,NOT DISTRACTED,MD,PASSENGER CAR,25,2010,TOYOTA,4S
MCP12270021,230063063,Montgomery County Police,Fatal Crash,10/28/2023 12:15:00 PM,Ramp,RAMP 8 FR US 29 SB TO DUSTIN RD,DUSTIN RD,SINGLE VEHICLE,CLEAR,DRY,DAYLIGHT,YIELD SIGN,NONE DETECTED,Yes,FATAL INJURY,UNKNOWN,MD,PASSENGER CAR,30,2009,HYUNDAI,ELANTRA
MCP2765004L,180033036,Montgomery County Police,Property Damage Crash,07-04-18 18:00,County,DECLARATION LA,SEVEN LOCKS RD,SINGLE VEHICLE,CLEAR,DRY,DAYLIGHT,NO CONTROLS,UNKNOWN,Yes,NO APPARENT INJURY,UNKNOWN,,PASSENGER CAR,25,9999,CADILLAC,SUV
MCP3367000S,230029210,Montgomery County Police,Injury Crash,06/17/2023 07:57:00 PM,Maryland (State),COLESVILLE RD,WAYNE AVE,SINGLE VEHICLE,CLEAR,DRY,DAYLIGHT,,,No,NO APPARENT INJURY,NOT DISTRACTED,MD,TRANSIT BUS,35,2016,GILLIG,LOW ROOK
MCP2048000H,15016988,Montgomery County Police,Property Damage Crash,04-12-15 21:42,County,OLD COLUMBIA PIKE,STEWART LA,SINGLE VEHICLE,CLEAR,DRY,DARK LIGHTS ON,STOP SIGN,NONE DETECTED,Yes,NO APPARENT INJURY,NOT DISTRACTED,MD,PASSENGER CAR,25,2015,TOYOTA,CORROLA
MCP1417004K,16003445,Montgomery County Police,Property Damage Crash,01/19/2016 02:48:00 PM,Municipality,WEST SIDE DR,MUDDY BRANCH RD,ANGLE MEETS RIGHT TURN,CLEAR,DRY,DAYLIGHT,NO CONTROLS,NONE DETECTED,Yes,NO APPARENT INJURY,UNKNOWN,MD,PASSENGER CAR,25,2006,HYUNDAI,SONATA
MCP271700DK,170536484,Montgomery County Police,Property Damage Crash,10/13/2017 04:40:00 PM,Maryland (State),RIVER RD,COUNSELMAN RD,OTHER,RAINING,WET,DAYLIGHT,NO CONTROLS,NONE DETECTED,Yes,NO APPARENT INJURY,UNKNOWN,MD,PASSENGER CAR,40,2015,MERCEDES BENZ,C300
MCP156300C8,250056159,MONTGOMERY,Injury Crash,12/16/2025 09:08:00 AM,Maryland (State) Route,OLD GEORGETOWN RD (SB/L),,Rear To Rear,Clear,Dry,Daylight,No Controls,"Not Suspect of Alcohol Use, Not Suspect of Drug Use",No,Possible Injury,Not Distracted,MD,Sport Utility Vehicle,35,2014,HONDA,PILOT
MCP2981001G,170503259,Montgomery County Police,Injury Crash,04/20/2017 11:43:00 PM,County,MACARTHUR BLVD,WASH DC LINE,HEAD ON,,WET,DARK LIGHTS ON,NO CONTROLS,NONE DETECTED,No,SUSPECTED MINOR INJURY,NOT DISTRACTED,DC,(SPORT) UTILITY VEHICLE,30,2014,HONDA,RIDGELINE
MCP3164005V,220029719,Montgomery County Police,Property Damage Crash,07-11-22 8:45,Maryland (State),VEIRS MILL RD,UNIVERSITY BLVD W,SAME DIRECTION SIDESWIPE,,DRY,,FLASHING TRAFFIC SIGNAL,NONE DETECTED,No,NO APPARENT INJURY,NOT DISTRACTED,MD,"CARGO VAN/LIGHT TRUCK 2 AXLES (OVER 10,000LBS (4,536 KG))",25,2016,FORD,F150
MCP32350020,230007193,Montgomery County Police,Property Damage Crash,02/13/2023 12:03:00 AM,County,SPRING ST,FIRST AVE,STRAIGHT MOVEMENT ANGLE,RAINING,WET,DARK LIGHTS ON,NO CONTROLS,NONE DETECTED,Yes,NO APPARENT INJURY,LOOKED BUT DID NOT SEE,MD,PASSENGER CAR,25,2010,ACURA,TL
MCP3197002K,210038007,Montgomery County Police,Property Damage Crash,09/25/2021 07:46:00 PM,Maryland (State),GEORGIA AVE,HATHAWAY DR,STRAIGHT MOVEMENT ANGLE,CLEAR,DRY,DARK LIGHTS ON,TRAFFIC SIGNAL,NONE DETECTED,No,NO APPARENT INJURY,NOT DISTRACTED,FL,PASSENGER CAR,35,2011,HYUNDAI,ELANTRA
MCP1438003Q,16061656,Montgomery County Police,Property Damage Crash,12-01-16 11:54,Maryland (State),CLOPPER RD,TWELVE OAKS DR,SAME DIR REAR END,CLEAR,DRY,DAYLIGHT,TRAFFIC SIGNAL,NONE DETECTED,Yes,NO APPARENT INJURY,NOT DISTRACTED,MD,PASSENGER CAR,40,2008,TOYT,2S
EJ7881000Z,210009230,Gaithersburg Police Depar,Property Damage Crash,03-11-21 21:05,Maryland (State),W DIAMOND AVE,RAMP 7 FR MD 117 WB TO RAMP 6 (TO IS270),STRAIGHT MOVEMENT ANGLE,CLEAR,,DARK LIGHTS ON,NO CONTROLS,NONE DETECTED,No,NO APPARENT INJURY,NOT DISTRACTED,MD,PASSENGER CAR,35,2014,HOND,TK
MCP2617004F,170541676,Montgomery County Police,Property Damage Crash,11-08-17 15:15,County,SEVEN LOCKS RD,BRADLEY BLVD,STRAIGHT MOVEMENT ANGLE,CLOUDY,DRY,DUSK,STOP SIGN,NONE DETECTED,No,NO APPARENT INJURY,NOT DISTRACTED,MD,PASSENGER CAR,35,2014,FORD,EXPLORER
MCP33510032,250024287,MONTGOMERY,Property Damage Crash,06-01-25 0:51,,,,Angle,Clear,,Dark - Lighted,,"Unknown, Unknown",No,,,,Van - Passenger (&lt;9 Seats),0,2002,CHEVROLET,EXPRESS
MCP9113007C,210018128,Montgomery County Police,Injury Crash,05/14/2021 11:44:00 AM,Maryland (State),GEORGIA AVE,ROSSMOOR BLVD,STRAIGHT MOVEMENT ANGLE,CLEAR,DRY,DAYLIGHT,TRAFFIC SIGNAL,NONE DETECTED,Yes,SUSPECTED MINOR INJURY,NOT DISTRACTED,MD,PASSENGER CAR,45,2020,FORD,FUSION
MCP3213000P,190055931,Montgomery County Police,Property Damage Crash,11/19/2019 08:48:00 PM,Maryland (State),16TH ST,ELKHART ST,OTHER,CLEAR,DRY,DARK LIGHTS ON,UNKNOWN,UNKNOWN,Unknown,NO APPARENT INJURY,UNKNOWN,,,35,0,UNKNOWN,UNKNOWN
MCP21210027,210026537,Montgomery County Police,Injury Crash,07-10-21 12:50,Maryland (State),DARNESTOWN RD,PEACH TREE RD,OTHER,CLEAR,DRY,DAYLIGHT,NO CONTROLS,NONE DETECTED,No,POSSIBLE INJURY,NOT DISTRACTED,MD,MOTORCYCLE,50,2002,HONDA,VTX1800
DD5607001S,15036231,ROCKVILLE,Property Damage Crash,07/23/2015 01:59:00 AM,Maryland (State),ROCKVILLE PIKE,RICHARD MONTGOMERY DR,SINGLE VEHICLE,CLEAR,OTHER,DARK LIGHTS ON,FLASHING TRAFFIC SIGNAL,NONE DETECTED,Yes,NO APPARENT INJURY,LOOKED BUT DID NOT SEE,MD,"MEDIUM/HEAVY TRUCKS 3 AXLES (OVER 10,000LBS (4,536KG))",30,2001,PETERBUILT,TK
MCP2464001W,200025770,Montgomery County Police,Injury Crash,07-02-20 22:08,County,DALE DR,WOODLAND DR,STRAIGHT MOVEMENT ANGLE,,DRY,DARK LIGHTS ON,NO CONTROLS,ALCOHOL PRESENT,Yes,SUSPECTED MINOR INJURY,NOT DISTRACTED,MD,PASSENGER CAR,35,2014,HONDA,CIVIC
MCP3230000N,200013061,Montgomery County Police,Property Damage Crash,03/17/2020 06:45:00 PM,County,RANDOLPH RD,VEIRS MILL RD,SAME DIR REAR END,CLEAR,DRY,DAYLIGHT,TRAFFIC SIGNAL,NONE DETECTED,Yes,NO APPARENT INJURY,UNKNOWN,MD,PASSENGER CAR,35,2006,TOYOTA,CAMRY
MCP2961002X,180022853,Montgomery County Police,Property Damage Crash,05-09-18 16:40,County,AMHERST AVE,BLUERIDGE AVE,SAME DIRECTION SIDESWIPE,CLEAR,DRY,DAYLIGHT,NO CONTROLS,NONE DETECTED,No,NO APPARENT INJURY,NOT DISTRACTED,MD,PASSENGER CAR,35,2009,TOYT,4S
MCP3200007B,230001676,Montgomery County Police,Property Damage Crash,01-11-23 9:47,County,MONTROSE RD,E JEFFERSON ST,SAME DIR REAR END,CLEAR,DRY,DAYLIGHT,TRAFFIC SIGNAL,NONE DETECTED,No,NO APPARENT INJURY,NOT DISTRACTED,MD,PASSENGER CAR,35,2016,TOYOTA,CAMRY
MCP2081000R,180001928,Montgomery County Police,Property Damage Crash,01-12-18 18:44,Maryland (State),GEORGIA AVE,WEISMAN RD,SAME DIR REAR END,RAINING,WET,DARK LIGHTS ON,,NONE DETECTED,No,NO APPARENT INJURY,NOT DISTRACTED,MD,PASSENGER CAR,35,1998,TOYOTA,4S
MCP3171002N,250014297,MONTGOMERY,Injury Crash,04-02-25 9:30,Ramp,RAMP 5 FR RAMP 8 TO FATHER HURLEY BLVD,FATHER HURLEY BLVD,Angle,Clear,Dry,Daylight,Traffic Control Signal,"Not Suspect of Alcohol Use, Not Suspect of Drug Use",Yes,Suspected Minor Injury,Unknown,MD,Passenger Car,40,2019,HYUNDAI,TUCSON
MCP31560026,220038858,Montgomery County Police,Property Damage Crash,09-07-22 13:35,US (State),COLESVILLE RD,DALE DR,SAME DIRECTION SIDESWIPE,CLOUDY,DRY,DAYLIGHT,NO CONTROLS,NONE DETECTED,No,NO APPARENT INJURY,NOT DISTRACTED,MD,TRANSIT BUS,35,2014,GILLG,LOW FLOOR
MCP1151007R,180029588,Montgomery County Police,Injury Crash,06/15/2018 02:50:00 PM,Maryland (State),GERMANTOWN RD,SENECA MEADOWS PKWY,SINGLE VEHICLE,CLEAR,DRY,DAYLIGHT,TRAFFIC SIGNAL,NONE DETECTED,Yes,POSSIBLE INJURY,LOOKED BUT DID NOT SEE,MD,(SPORT) UTILITY VEHICLE,45,2004,HONDA,PILOT
MCP3193000R,190055854,Montgomery County Police,Property Damage Crash,11/19/2019 01:30:00 PM,Maryland (State),GEORGIA AVE,INTERCOUNTY CONNECTOR,STRAIGHT MOVEMENT ANGLE,CLEAR,DRY,DAYLIGHT,TRAFFIC SIGNAL,NONE DETECTED,Yes,NO APPARENT INJURY,LOOKED BUT DID NOT SEE,MD,PASSENGER CAR,45,2015,RAM,TK
MCP2791001P,15060807,MONTGOMERY,Property Damage Crash,11/28/2015 04:09:00 PM,County,OLD COLUMBIA PIKE,BRIGGS CHANEY RD,HEAD ON LEFT TURN,CLEAR,DRY,DAYLIGHT,TRAFFIC SIGNAL,NONE DETECTED,Yes,NO APPARENT INJURY,NOT DISTRACTED,MD,PASSENGER CAR,40,1999,MERZ,S320
MCP3329004J,250037581,MONTGOMERY,Injury Crash,08/22/2025 04:46:00 PM,US (State),COLUMBIA PIKE,,Front to Rear,Clear,Dry,Daylight,No Controls,"Not Suspect of Alcohol Use, Not Suspect of Drug Use",No,No Apparent Injury,Not Distracted,DC,Passenger Car,50,2023,TOYOTA,HIGHLANDER
MCP2782005K,250041301,MONTGOMERY,Property Damage Crash,09/14/2025 02:29:00 PM,Maryland (State) Route,OLNEY LAYTONSVILLE RD,,"Sideswipe, Same Direction",Clear,Dry,Daylight,No Controls,"Not Suspect of Alcohol Use, Not Suspect of Drug Use",No,No Apparent Injury,Not Distracted,MD,Sport Utility Vehicle,30,2016,CHEVROLET,SUBURBAN
DD5623000D,170529183,Rockville Police Departme,Injury Crash,09-07-17 13:13,Maryland (State),VEIRS MILL RD,ARDENNES AVE,SINGLE VEHICLE,,DRY,DAYLIGHT,NO CONTROLS,NONE DETECTED,No,NO APPARENT INJURY,NOT DISTRACTED,MD,PASSENGER CAR,40,2013,MERZ,C300
MCP3231001C,240028574,MONTGOMERY,Injury Crash,06/15/2024 10:45:00 PM,County Route,ELM ST,ARLINGTON RD,Single Vehicle,Clear,Dry,Dark - Lighted,Traffic Control Signal,"Unknown, Unknown",No,,Unknown,,Moped Or motorized bicycle,25,0,,
MCP3123001C,190028581,Montgomery County Police,Property Damage Crash,06/15/2019 05:36:00 AM,Maryland (State),FREDERICK RD,E GUDE DR,SINGLE VEHICLE,CLEAR,DRY,DAWN,,ALCOHOL PRESENT,Yes,NO APPARENT INJURY,NOT DISTRACTED,MD,PASSENGER CAR,40,2006,HONDA,VAN
MCP3008000G,16015425,Montgomery County Police,Injury Crash,03/29/2016 05:57:00 PM,US (State),COLESVILLE RD,SPRING ST,HEAD ON,CLEAR,DRY,DAYLIGHT,NO CONTROLS,NONE DETECTED,Yes,SUSPECTED MINOR INJURY,INATTENTIVE OR LOST IN THOUGHT,MD,PASSENGER CAR,35,1999,TOYOTA,AVALON
MCP3042000H,17013488,Montgomery County Police,Injury Crash,03/16/2017 07:25:00 AM,Maryland (State),GEORGIA AVE,PARKER AVE,STRAIGHT MOVEMENT ANGLE,CLEAR,DRY,DAYLIGHT,STOP SIGN,NONE DETECTED,No,NO APPARENT INJURY,NOT DISTRACTED,MD,PASSENGER CAR,45,2007,HOND,VN
DD5607001K,15018164,Rockville Police Departme,Property Damage Crash,04/18/2015 01:23:00 PM,Maryland (State),ROCKVILLE PIKE,RICHARD MONTGOMERY DR,SAME DIR REAR END,CLEAR,OTHER,DAYLIGHT,TRAFFIC SIGNAL,NONE DETECTED,No,NO APPARENT INJURY,NOT DISTRACTED,MD,PASSENGER CAR,30,2014,TOYT,4S
MCP2528000F,240017994,MONTGOMERY,Property Damage Crash,04/17/2024 06:13:00 PM,County Route,MATENY RD,,Front to Front,Clear,Dry,Daylight,No Controls,"Not Suspect of Alcohol Use, Not Suspect of Drug Use",Yes,No Apparent Injury,Not Distracted,MD,Sport Utility Vehicle,35,2019,HYUNDAI,SANTA FE
MCP08990015,16018464,Montgomery County Police,Property Damage Crash,04/15/2016 03:10:00 PM,Municipality,LELAND ST,45TH ST,HEAD ON,CLEAR,DRY,DAYLIGHT,NO CONTROLS,NONE DETECTED,No,NO APPARENT INJURY,NOT DISTRACTED,MD,PASSENGER CAR,25,2006,TOYOTA,HIGHLANDER
MCP102200G3,210050588,Montgomery County Police,Property Damage Crash,12/13/2021 08:55:00 AM,Maryland (State),FREDERICK RD,REDLAND BLVD,SAME DIR REAR END,CLEAR,DRY,DAYLIGHT,TRAFFIC SIGNAL,NONE DETECTED,No,NO APPARENT INJURY,NOT DISTRACTED,MD,SCHOOL BUS,40,2021,FRHT,SCHOOL BUS
MCP2350000H,16041013,Montgomery County Police,Property Damage Crash,08/13/2016 12:15:00 AM,County,SOUTHLAWN LA,SOUTHLAWN CT,SINGLE VEHICLE,,DRY,DARK NO LIGHTS,,NONE DETECTED,Yes,NO APPARENT INJURY,NOT DISTRACTED,MD,(SPORT) UTILITY VEHICLE,35,2010,JEEP,PATRIOT
MCP3111006J,230008674,Montgomery County Police,Property Damage Crash,02/21/2023 11:18:00 AM,Maryland (State),OLD GEORGETOWN RD,SPUR TO EXECUTIVE BLVD,HEAD ON,CLEAR,DRY,DAYLIGHT,TRAFFIC SIGNAL,NONE DETECTED,Yes,NO APPARENT INJURY,BY OTHER OCCUPANTS,MD,PASSENGER CAR,40,2023,KIA,K5