Report Number,Local Case Number,Agency Name,ACRS Report Type,Crash Date/Time,Route Type,Road Name,Cross-Street Name,Collision Type,Weather,Surface Condition,Light,Traffic Control,Driver Substance Abuse,Driver At Fault,Injury Severity,Driver Distracted By,Drivers License State,Vehicle Body Type,Speed Limit,Vehicle Year,Vehicle Make,Vehicle Model
EJ7903005L,250048890,GAITHERSBURG,Property Damage Crash,10/31/2025 01:20:00 PM,Ramp,RAMP 8 FR IS 270 SB TO WATKINS MILL RD,,Front to Rear,Clear,Dry,Daylight,Traffic Control Signal,"Not Suspect of Alcohol Use, Not Suspect of Drug Use",No,No Apparent Injury,Not Distracted,MD,Passenger Car,20,2017,HONDA,ACCORD
MCP320000GQ,250045360,MONTGOMERY,Injury Crash,10-09-25 9:30,Interstate (State),CAPITAL BELTWAY,,Front to Rear,Clear,Dry,Daylight,No Controls,"Not Suspect of Alcohol Use, Not Suspect of Drug Use",No,Possible Injury,Not Distracted,MD,Sport Utility Vehicle,55,2015,TOYOTA,HIGHLANDER
MCP1575009D,190045509,Montgomery County Police,Injury Crash,09/23/2019 06:15:00 AM,County,MUDDY BRANCH RD,DIAMONDBACK DR,STRAIGHT MOVEMENT ANGLE,CLEAR,DRY,DARK LIGHTS ON,TRAFFIC SIGNAL,NONE DETECTED,Yes,NO APPARENT INJURY,NOT DISTRACTED,MD,(SPORT) UTILITY VEHICLE,45,2019,CHEV,TRAVERSE
MCP3229001Z,240009199,MONTGOMERY,Property Damage Crash,02/25/2024 01:15:00 PM,Maryland (State) Route,MASSACHUSETTS AVE,,"Sideswipe, Same Direction",Clear,Dry,Daylight,"Other Pavement Marking (excluding edgelines, centerlines, or lane lines)","Not Suspect of Alcohol Use, Not Suspect of Drug Use",No,No Apparent Injury,Not Distracted,MD,Passenger Car,30,2012,VOLVO,S60
DD5686000M,250028126,ROCKVILLE,Property Damage Crash,06/24/2025 12:14:00 PM,Municipality Route,E JEFFERSON ST,ROLLINS AVE,Rear To Side,Clear,Dry,Daylight,Traffic Control Signal,"Not Suspect of Alcohol Use, Not Suspect of Drug Use",No,No Apparent Injury,Unknown,MD,Passenger Car,25,2022,TOYOTA,CAMRY
MCP26310010,16063874,Montgomery County Police,Injury Crash,12/13/2016 03:41:00 AM,Government,LITTLE FALLS PKWY,ENT TO WASHINGTON EPISCOPAL SCHOOL,SINGLE VEHICLE,CLOUDY,DRY,DARK LIGHTS ON,,NONE DETECTED,Yes,SUSPECTED MINOR INJURY,DISTRACTED BY OUTSIDE PERSON OBJECT OR EVENT,MD,PASSENGER CAR,35,2013,MERCEDES,GLK350
MCP29300054,250002040,MONTGOMERY,Property Damage Crash,01/15/2025 05:20:00 PM,,,,Rear To Side,Clear,,Dark - Lighted,,"Unknown, Unknown",No,,,,Passenger Car,0,2000,HONDA,ACCORD
DD5665002C,240032383,ROCKVILLE,Property Damage Crash,07-09-24 19:45,Municipality Route,HELEN HENEGHAN WAY,E MIDDLE LA,"Sideswipe, Same Direction",Clear,Dry,Daylight,Stop Sign,"Not Suspect of Alcohol Use, Not Suspect of Drug Use",Yes,No Apparent Injury,Not Distracted,MD,Passenger Car,30,2015,KIA,SOUL
MCP2898003T,230022550,Montgomery County Police,Property Damage Crash,05-11-23 9:20,Maryland (State),GERMANTOWN RD,CRYSTAL ROCK DR,SAME DIRECTION SIDESWIPE,CLEAR,DRY,DAYLIGHT,TRAFFIC SIGNAL,,Yes,NO APPARENT INJURY,LOOKED BUT DID NOT SEE,MD,(SPORT) UTILITY VEHICLE,40,2018,MERZ,UT
DM83700017,180027957,Takoma Park Police Depart,Property Damage Crash,06-06-18 20:51,,,,OTHER,,,DARK LIGHTS ON,NO CONTROLS,,Yes,NO APPARENT INJURY,NOT DISTRACTED,,PASSENGER CAR,5,2004,TOYOTA,SEDAN
MCP2082002X,240012607,MONTGOMERY,Injury Crash,03/16/2024 05:26:00 AM,County Route,ENNALLS AVE,VEIRS MILL RD,Angle,Clear,Dry,Dark - Lighted,Stop Sign,"Not Suspect of Alcohol Use, Not Suspect of Drug Use",Yes,Possible Injury,Unknown,MD,Passenger Car,35,2018,BMW,X5
MCP3039001M,170537814,Montgomery County Police,Property Damage Crash,10/20/2017 12:00:00 PM,,,,OTHER,CLEAR,,DAYLIGHT,NO CONTROLS,UNKNOWN,Yes,NO APPARENT INJURY,UNKNOWN,,PASSENGER CAR,15,2005,TOYOTA,CAMRY
MCP3133003M,220026726,Montgomery County Police,Property Damage Crash,06/21/2022 02:13:00 PM,County,RANDOLPH RD,VEIRS MILL RD,SAME DIR REAR END,CLEAR,DRY,DAYLIGHT,TRAFFIC SIGNAL,NONE DETECTED,No,NO APPARENT INJURY,NOT DISTRACTED,MD,PASSENGER CAR,35,2011,AUDI,Q7
MCP15550013,16065027,Montgomery County Police,Property Damage Crash,12/19/2016 12:46:00 PM,County,MUSGROVE RD,COLUMBIA PIKE,HEAD ON LEFT TURN,CLOUDY,DRY,DAYLIGHT,TRAFFIC SIGNAL,,Unknown,NO APPARENT INJURY,NOT DISTRACTED,MD,PASSENGER CAR,50,1992,CHEVY,CORVETTE
MCP33000021,220034635,Montgomery County Police,Property Damage Crash,08-12-22 0:09,Maryland (State),LAYHILL RD,HATHAWAY DR,OTHER,CLEAR,DRY,DARK LIGHTS ON,TRAFFIC SIGNAL,NONE DETECTED,No,NO APPARENT INJURY,UNKNOWN,MD,PASSENGER CAR,40,2008,MAZDA,3
MCP3168000S,190023721,Montgomery County Police,Injury Crash,05/19/2019 05:32:00 PM,County,BOILING BROOK PKWY,ROCKING HORSE RD,STRAIGHT MOVEMENT ANGLE,CLEAR,DRY,DAYLIGHT,STOP SIGN,NONE DETECTED,No,SUSPECTED MINOR INJURY,NOT DISTRACTED,MD,PASSENGER CAR,35,2013,TOYOTA,COROLLA
MCP27220022,16062227,Montgomery County Police,Property Damage Crash,12-04-16 0:20,County,LITTLETON ST,BARBARA RD,OTHER,,DRY,DARK NO LIGHTS,NO CONTROLS,,Yes,NO APPARENT INJURY,NOT DISTRACTED,MD,PASSENGER CAR,25,2009,INFINITI,G37XS
DM8504000C,220003547,Takoma Park Police Depart,Property Damage Crash,01/27/2022 09:54:00 AM,Maryland (State),CARROLL AVE,LINCOLN AVE,OPPOSITE DIRECTION SIDESWIPE,CLEAR,DRY,DAYLIGHT,NO CONTROLS,NONE DETECTED,No,NO APPARENT INJURY,NOT DISTRACTED,MD,PASSENGER CAR,25,2003,TOYOTA,CAMRY
MCP10150011,170523439,Montgomery County Police,Property Damage Crash,08-07-17 8:36,Maryland (State),GERMANTOWN RD,RAMP 4 FR IS 270 NB TO MD 118 EB,SAME DIR REAR END,RAINING,WET,DAYLIGHT,NO CONTROLS,NONE DETECTED,Yes,NO APPARENT INJURY,NOT DISTRACTED,MD,(SPORT) UTILITY VEHICLE,45,2008,CHEV,EQUIN
MCP2851001Q,16024932,Montgomery County Police,Injury Crash,05/19/2016 05:30:00 PM,County,MIDDLEBROOK RD,WARING STATION RD,STRAIGHT MOVEMENT ANGLE,CLEAR,DRY,DAYLIGHT,TRAFFIC SIGNAL,NONE DETECTED,No,SUSPECTED MINOR INJURY,NOT DISTRACTED,MD,PASSENGER CAR,45,2004,BMW,TK
MCP26670070,200011296,Montgomery County Police,Property Damage Crash,03-07-20 13:00,County,GOSHEN RD,EMORY GROVE RD,SAME DIR REAR END,CLEAR,DRY,DAYLIGHT,,NONE DETECTED,No,NO APPARENT INJURY,NOT DISTRACTED,MD,PASSENGER CAR,30,2019,SUBA,SW
MCP2420000S,15009942,Montgomery County Police,Property Damage Crash,03-03-15 21:20,Maryland (State),GEORGIA AVE,GREGG RD,SINGLE VEHICLE,WINTRY MIX,ICE,DARK LIGHTS ON,NO CONTROLS,,Yes,NO APPARENT INJURY,NOT DISTRACTED,MD,"OTHER LIGHT TRUCKS (10,000LBS (4,536KG) OR LESS)",40,2000,HONDA,ACCORD
MCP30630029,200003270,Montgomery County Police,Injury Crash,01/20/2020 04:54:00 PM,County,RANDOLPH RD,LOCKSLEY LA,STRAIGHT MOVEMENT ANGLE,CLEAR,DRY,DAYLIGHT,TRAFFIC SIGNAL,NONE DETECTED,Yes,SUSPECTED MINOR INJURY,LOOKED BUT DID NOT SEE,MD,PASSENGER CAR,40,2010,TOYOTA,CAMRY
MCP2826000P,15000938,Montgomery County Police,Property Damage Crash,01-06-15 15:58,Maryland (State),FLOWER AVE,HUDSON AVE,STRAIGHT MOVEMENT ANGLE,SNOW,SLUSH,DAYLIGHT,STOP SIGN,NONE DETECTED,Yes,NO APPARENT INJURY,LOOKED BUT DID NOT SEE,MD,"MEDIUM/HEAVY TRUCKS 3 AXLES (OVER 10,000LBS (4,536KG))",30,2000,CHEV,TK
MCP0113001T,170539125,Montgomery County Police,Property Damage Crash,10/27/2017 09:22:00 AM,Municipality,HOWARD AVE,MONTGOMERY AVE,OTHER,CLEAR,DRY,DAYLIGHT,NO CONTROLS,NONE DETECTED,No,NO APPARENT INJURY,NOT DISTRACTED,MD,TRANSIT BUS,25,2009,GILLIG,BUS
MCP2987006M,210043377,Montgomery County Police,Property Damage Crash,10/27/2021 04:17:00 PM,Maryland (State),NEW HAMPSHIRE AVE,RAMP 4 FR MD 650 NB TO IS 495 EB,SAME DIR REAR END,CLEAR,DRY,DAYLIGHT,NO CONTROLS,UNKNOWN,Yes,NO APPARENT INJURY,UNKNOWN,,PASSENGER CAR,45,2002,HONDA,4S
MCP24440013,15024057,Montgomery County Police,Property Damage Crash,05/19/2015 06:45:00 PM,Maryland (State),ROCKVILLE PIKE,CEDAR CROFT DR,SAME DIR REAR END,CLEAR,DRY,DAYLIGHT,,NONE DETECTED,Yes,NO APPARENT INJURY,UNKNOWN,PA,PASSENGER CAR,35,2014,VOLKSWAGEN,JETTA
MCP21770039,180023534,Montgomery County Police,Property Damage Crash,05-12-18 20:12,County,OVER RIDGE RD,OVER RIDGE CT,SINGLE VEHICLE,CLOUDY,DRY,DUSK,NO CONTROLS,,Yes,NO APPARENT INJURY,UNKNOWN,,,25,0,UNKNOWN,UNKNOWN
MCP33820017,240027266,MONTGOMERY,Property Damage Crash,06-08-24 13:00,County Route,FRANKFORT DR,ASPEN HILL RD GRENOBLE DR,Angle,Clear,Dry,Daylight,Stop Sign,"Not Suspect of Alcohol Use, Not Suspect of Drug Use",Yes,No Apparent Injury,Unknown,,Passenger Car,25,2013,HONDA,CIVIC
MCP14910014,190018650,Montgomery County Police,Property Damage Crash,04/21/2019 09:53:00 AM,County,REDLAND RD,CRABBS BRANCH WAY,SAME DIR REAR END,CLEAR,DRY,DAYLIGHT,,NONE DETECTED,Yes,NO APPARENT INJURY,NOT DISTRACTED,MD,PICKUP TRUCK,35,2013,TOYT,TK
MCP9133000C,15041811,MONTGOMERY,Injury Crash,08/21/2015 07:45:00 AM,Maryland (State),RIDGE RD,BRINK RD,ANGLE MEETS LEFT TURN,CLEAR,DRY,DAYLIGHT,NO CONTROLS,NONE DETECTED,Yes,POSSIBLE INJURY,UNKNOWN,MD,"OTHER LIGHT TRUCKS (10,000LBS (4,536KG) OR LESS)",45,2008,SCION,TC
DD5607005B,240019293,ROCKVILLE,Property Damage Crash,04/25/2024 11:30:00 AM,Maryland (State) Route,ROCKVILLE PIKE,,Front to Rear,Clear,Dry,Daylight,No Controls,"Not Suspect of Alcohol Use, Not Suspect of Drug Use",No,No Apparent Injury,Not Distracted,MD,Passenger Car,40,2006,HONDA,ACCORD
MCP1534000J,220015327,Montgomery County Police,Property Damage Crash,04-10-22 17:18,County,RICHTER FARM RD,GREAT SENECA HWY,SINGLE VEHICLE,CLEAR,DRY,DAYLIGHT,NO CONTROLS,UNKNOWN,Yes,NO APPARENT INJURY,UNKNOWN,,,15,0,UNKNOWN,UNKNOWN
MCP30540019,180017906,Montgomery County Police,Injury Crash,04-12-18 18:05,Interstate (State),EISENHOWER MEMORIAL HWY,RAMP 1 FR IS 270 NB TO SHADY GROVE RD WB,SAME DIR REAR END,CLEAR,DRY,DAYLIGHT,,NONE DETECTED,Yes,SUSPECTED MINOR INJURY,UNKNOWN,MD,PASSENGER CAR,55,2010,TOYT,TK
DD5595008R,200011138,Rockville Police Departme,Property Damage Crash,03-06-20 14:14,County,TWINBROOK PKWY,VEIRS MILL RD,OTHER,CLOUDY,DRY,DAYLIGHT,TRAFFIC SIGNAL,NONE DETECTED,Yes,NO APPARENT INJURY,NOT DISTRACTED,DC,"CARGO VAN/LIGHT TRUCK 2 AXLES (OVER 10,000LBS (4,536 KG))",30,2014,CHEVY,TK
MCP1119006R,190007224,Montgomery County Police,Injury Crash,02/14/2019 01:49:00 PM,Maryland (State),NEW HAMPSHIRE AVE,SAPLING RIDGE LA,SINGLE VEHICLE,CLEAR,DRY,DAYLIGHT,,NONE DETECTED,Yes,SUSPECTED MINOR INJURY,NOT DISTRACTED,MD,PASSENGER CAR,30,2008,PONTIAC,G6
MCP2059005D,180046255,Montgomery County Police,Property Damage Crash,09/16/2018 10:24:00 AM,,,,OTHER,CLOUDY,,DAYLIGHT,NO CONTROLS,UNKNOWN,Yes,NO APPARENT INJURY,UNKNOWN,,PASSENGER CAR,10,2018,TOYOTA,CAMRY
MCP9113000P,15018916,Montgomery County Police,Property Damage Crash,04/22/2015 04:01:00 PM,County,NORWOOD RD,EDNOR RD,SAME DIR REAR END,CLEAR,DRY,DAYLIGHT,TRAFFIC SIGNAL,NONE DETECTED,Yes,NO APPARENT INJURY,NOT DISTRACTED,MD,PASSENGER CAR,35,2009,HYUN,SONATA
MCP2970001C,16000260,Montgomery County Police,Property Damage Crash,01-02-16 14:58,Maryland (State),GEORGIA AVE,LINDELL ST,SAME DIR REAR END,CLEAR,DRY,DAYLIGHT,,,No,NO APPARENT INJURY,NOT DISTRACTED,MD,PASSENGER CAR,35,2013,NISS,SW
DD5598001G,170503007,Rockville Police Departme,Property Damage Crash,04/19/2017 05:14:00 PM,Maryland (State),VEIRS MILL RD,BROADWOOD DR,SAME DIR REAR END,CLOUDY,DRY,DAYLIGHT,TRAFFIC SIGNAL,,Yes,NO APPARENT INJURY,INATTENTIVE OR LOST IN THOUGHT,DC,PASSENGER CAR,40,2015,TOYOTA,CAMRY
DM8374001X,180020962,Takoma Park Police Depart,Property Damage Crash,04/29/2018 04:46:00 PM,Municipality,MERWOOD DR,NEW HAMPSHIRE AVE SERV RD,STRAIGHT MOVEMENT ANGLE,CLEAR,DRY,DAYLIGHT,TRAFFIC SIGNAL,,No,NO APPARENT INJURY,NOT DISTRACTED,MD,PASSENGER CAR,25,2012,FORD,FUSION
MCP3003000B,16026806,Montgomery County Police,Injury Crash,05/29/2016 05:27:00 PM,Maryland (State),RIDGE RD,HAWKES RD,HEAD ON LEFT TURN,CLEAR,DRY,DAYLIGHT,NO CONTROLS,NONE DETECTED,Yes,NO APPARENT INJURY,UNKNOWN,MD,PASSENGER CAR,40,2012,CHRYSLER,200
MCP2674006H,250035216,MONTGOMERY,Property Damage Crash,08-07-25 18:12,Maryland (State) Route,KEMPTOWN RD,,Angle,Clear,Dry,Daylight,No Controls,"Not Suspect of Alcohol Use, Not Suspect of Drug Use",Yes,No Apparent Injury,Not Distracted,MD,Passenger Car,40,2008,HONDA,ACCORD
MCP243600GW,230031673,Montgomery County Police,Property Damage Crash,04-06-23 1:07,County,SUTHERLAND RD,LORAIN AVE,HEAD ON,CLEAR,DRY,DARK -- UNKNOWN LIGHTING,,UNKNOWN,Yes,NO APPARENT INJURY,UNKNOWN,,,30,0,UNKNOWN,UNKNOWN
MCP3268006B,250054211,MONTGOMERY,Property Damage Crash,12-04-25 7:28,US (State),COLUMBIA PIKE (SB/L),,Front to Rear,Clear,Dry,Daylight,No Controls,"Not Suspect of Alcohol Use, Not Suspect of Drug Use",No,No Apparent Injury,Not Distracted,GA,Pickup,45,2023,FORD,F-150
DD559500C0,220040189,Rockville Police Departme,Property Damage Crash,09/15/2022 05:30:00 PM,Maryland (State),VEIRS MILL RD,BROADWOOD DR,SAME DIR REAR END,CLEAR,DRY,DAYLIGHT,TRAFFIC SIGNAL,NONE DETECTED,Yes,NO APPARENT INJURY,NOT DISTRACTED,MD,PASSENGER CAR,40,2012,MAZD,SD
MCP9322000M,17007760,Montgomery County Police,Property Damage Crash,02-06-17 21:30,,,,SINGLE VEHICLE,CLEAR,,DARK NO LIGHTS,NO CONTROLS,NONE DETECTED,Yes,NO APPARENT INJURY,LOOKED BUT DID NOT SEE,MD,POLICE VEHICLE/EMERGENCY,5,2016,FORD,TAURUS
MCP2348004L,190002326,Montgomery County Police,Property Damage Crash,01/15/2019 04:31:00 PM,County,KENSINGTON BLVD,FINLEY ST,STRAIGHT MOVEMENT ANGLE,,WET,DAYLIGHT,NO CONTROLS,NONE DETECTED,Yes,NO APPARENT INJURY,NOT DISTRACTED,DC,VAN,25,2019,FORD,TRANSIT
MCP1438005K,170549444,Montgomery County Police,Property Damage Crash,12/19/2017 08:55:00 AM,Maryland (State),MONTGOMERY VILLAGE AVE,FREDERICK RD,SAME DIRECTION SIDESWIPE,CLEAR,DRY,DAYLIGHT,NO CONTROLS,NONE DETECTED,No,NO APPARENT INJURY,NOT DISTRACTED,MD,PASSENGER CAR,35,2000,SUBA,SW
MCP3014003K,220011801,Montgomery County Police,Property Damage Crash,03/23/2022 01:02:00 AM,Maryland (State),VEIRS MILL RD,GEORGIA AVE,SAME DIR REAR END,CLEAR,DRY,DARK LIGHTS ON,TRAFFIC SIGNAL,ALCOHOL CONTRIBUTED,Yes,NO APPARENT INJURY,NOT DISTRACTED,MD,PASSENGER CAR,25,2006,CHEVROLETT,EXPRESS
MCP3325002J,230068225,Montgomery County Police,Injury Crash,11/25/2023 03:54:00 PM,County,RANDOLPH RD,LOCKSLEY LA,STRAIGHT MOVEMENT ANGLE,CLEAR,DRY,DAWN,TRAFFIC SIGNAL,NONE DETECTED,Unknown,POSSIBLE INJURY,NOT DISTRACTED,MD,PASSENGER CAR,40,2017,YOTA,CAMRY
MCP913000F6,230006623,Montgomery County Police,Injury Crash,02-09-23 12:58,Maryland (State),PINEY BRANCH RD,FLOWER AVE,SAME DIRECTION LEFT TURN,CLOUDY,DRY,DAYLIGHT,NO CONTROLS,UNKNOWN,No,NO APPARENT INJURY,NOT DISTRACTED,,,30,0,UNKNOWN,UNKNOWN
MCP2877009J,220008770,Montgomery County Police,Property Damage Crash,03-01-22 8:05,County,MARLYN DR,NAMAKAGAN RD,STRAIGHT MOVEMENT ANGLE,CLEAR,DRY,DAYLIGHT,STOP SIGN,NONE DETECTED,No,NO APPARENT INJURY,LOOKED BUT DID NOT SEE,MD,PASSENGER CAR,30,2015,TOYOTA,SIENNA
DM8493004W,250013940,TAKOMA,Property Damage Crash,03/31/2025 08:24:00 AM,,,,Single Vehicle,Clear,,Daylight,,"Not Suspect of Alcohol Use, Not Suspect of Drug Use",No,No Apparent Injury,Not Distracted,CA,Truck Tractor,0,2020,FREIGHTLINER,CASCADIA
MCP12270015,200028390,Montgomery County Police,Fatal Crash,07/22/2020 05:04:00 AM,Maryland (State),WOODFIELD RD,GARFIELD DR,SINGLE VEHICLE,CLEAR,DRY,DARK LIGHTS ON,NO CONTROLS,COMBINATION CONTRIBUTED,Yes,FATAL INJURY,UNKNOWN,MD,PASSENGER CAR,40,1998,HONDA,CIVIC
MCP33800020,240056709,MONTGOMERY,Injury Crash,11/26/2024 06:52:00 AM,County Route,SHOREFIELD RD,GEORGIA AVE,Angle,Rain,Wet,Dawn,Traffic Control Signal,"Not Suspect of Alcohol Use, Not Suspect of Drug Use",Yes,No Apparent Injury,Unknown,VA,Passenger Car,35,2016,JEEP,COMPASS
MCP13890025,190006746,Montgomery County Police,Property Damage Crash,02-11-19 21:20,County,CONTOUR RD,TUNSTALL DR,STRAIGHT MOVEMENT ANGLE,CLOUDY,WET,DARK LIGHTS ON,STOP SIGN,ALCOHOL PRESENT,Yes,NO APPARENT INJURY,NOT DISTRACTED,MD,PASSENGER CAR,25,2005,TOYOTA,PRUIS
MCP2469000D,15007107,Montgomery County Police,Property Damage Crash,02-12-15 11:11,,,,HEAD ON LEFT TURN,CLEAR,,DAYLIGHT,NO CONTROLS,NONE DETECTED,Yes,NO APPARENT INJURY,NOT DISTRACTED,MD,PASSENGER CAR,15,2009,MAZDA,4DR
MCP25860050,190045637,Montgomery County Police,Injury Crash,09/23/2019 07:29:00 PM,County,FATHER HURLEY BLVD,CRYSTAL ROCK DR,SAME DIR REAR END,RAINING,WET,DARK LIGHTS ON,TRAFFIC SIGNAL,NONE DETECTED,Yes,NO APPARENT INJURY,OTHER DISTRACTION,MD,PASSENGER CAR,40,2011,FORD,FOCUS
MCP30630018,180058244,Montgomery County Police,Property Damage Crash,11/20/2018 04:18:00 PM,Maryland (State),OLD COLUMBIA PIKE,ENT TO OLD COLUMBIA SHOPPING CENTER,OTHER,CLEAR,,DAYLIGHT,TRAFFIC SIGNAL,,No,NO APPARENT INJURY,NOT DISTRACTED,MD,PASSENGER CAR,45,2011,HOND,4S
MCP1123002N,190026822,Montgomery County Police,Injury Crash,06-05-19 8:15,Maryland (State),OLNEY LAYTONSVILLE RD,VOLUNTEER DR,HEAD ON,CLEAR,,DAYLIGHT,NO CONTROLS,MEDICATION CONTRIBUTED,Yes,SUSPECTED SERIOUS INJURY,NOT DISTRACTED,MD,PASSENGER CAR,40,2016,CHEV,MALIBU
DM8500000Y,220027960,Takoma Park Police Depart,Property Damage Crash,06/29/2022 01:36:00 PM,Maryland (State),CARROLL AVE,GRANT AVE,,,DRY,DAYLIGHT,NO CONTROLS,,No,NO APPARENT INJURY,NOT DISTRACTED,DC,PASSENGER CAR,20,2011,BMW,SD
MCP2690001Q,16038413,Montgomery County Police,Property Damage Crash,07/29/2016 05:41:00 PM,County,MUNCASTER RD,WINEGROVE CT,SINGLE VEHICLE,CLEAR,DRY,DAYLIGHT,NO CONTROLS,UNKNOWN,Yes,NO APPARENT INJURY,UNKNOWN,MD,STATION WAGON,35,2013,KIA,SOUL
MCP2358004S,180023208,Montgomery County Police,Property Damage Crash,05-11-18 15:41,Maryland (State),BRADLEY BLVD,DURBIN RD,SAME DIR REAR END,CLEAR,DRY,DAYLIGHT,NO CONTROLS,NONE DETECTED,Yes,NO APPARENT INJURY,UNKNOWN,MD,PASSENGER CAR,30,2002,BMW,325I
MCP2298016H,240043131,MONTGOMERY,Injury Crash,09-11-24 7:41,Maryland (State) Route,FREDERICK RD,SHAKESPEARE BLVD SHAKESPEARE BLVD (WB/L),Front to Front,Clear,Dry,Daylight,Traffic Control Signal,"Not Suspect of Alcohol Use, Not Suspect of Drug Use",No,Suspected Minor Injury,Not Distracted,MD,Passenger Car,40,2014,MAZDA,CX-9
MCP271700R6,190056300,Montgomery County Police,Property Damage Crash,11/21/2019 05:20:00 PM,,INTERSTATE 270 (N/B),RAMP FOR ROCKLEDGE DR,SAME DIR REAR END,CLEAR,DRY,DARK LIGHTS ON,NO CONTROLS,NONE DETECTED,No,NO APPARENT INJURY,NOT DISTRACTED,MD,(SPORT) UTILITY VEHICLE,55,2013,FORD,EDGE
MCP2689007B,200039107,Montgomery County Police,Injury Crash,10-05-20 7:49,Maryland (State),KEY WEST AVE,DARNESTOWN RD,STRAIGHT MOVEMENT ANGLE,CLEAR,WET,DAYLIGHT,TRAFFIC SIGNAL,NONE DETECTED,Yes,POSSIBLE INJURY,UNKNOWN,MD,PASSENGER CAR,40,2014,TOYOTA,CAMRY
MCP29950049,190009380,Montgomery County Police,Property Damage Crash,02/27/2019 04:58:00 PM,County,BEL PRE RD,BEAVERWOOD LA,OTHER,CLOUDY,DRY,DAYLIGHT,NO CONTROLS,NONE DETECTED,No,NO APPARENT INJURY,NOT DISTRACTED,MD,PASSENGER CAR,35,2010,FORD,CROWN VICTORIA
EJ7898007M,260001516,GAITHERSBURG,Property Damage Crash,01-10-26 12:10,Ramp,RAMP 6 FR MD 117 EB TO IS 270 SB,,Angle,Rain,Wet,Daylight,No Controls,"Not Suspect of Alcohol Use, Not Suspect of Drug Use",No,No Apparent Injury,Not Distracted,MD,Passenger Car,25,2022,JEEP,COMPASS
MCP2798002P,17016594,Montgomery County Police,Property Damage Crash,04-01-17 16:19,US (State),COLUMBIA PIKE,RAMP 6 FR US 29 EB TO MD 650 SB,SAME DIR REAR END,CLEAR,DRY,DAYLIGHT,NO CONTROLS,NONE DETECTED,No,NO APPARENT INJURY,NOT DISTRACTED,MD,PASSENGER CAR,50,2014,KIA,2S
MCP28850033,210038687,Montgomery County Police,Injury Crash,09/29/2021 08:20:00 PM,Maryland (State),LAYHILL RD,GLENALLAN AVE,HEAD ON LEFT TURN,CLEAR,DRY,DARK LIGHTS ON,TRAFFIC SIGNAL,NONE DETECTED,No,SUSPECTED MINOR INJURY,NOT DISTRACTED,DC,PASSENGER CAR,40,2012,ACURA,TL
MCP2786003H,220000110,Montgomery County Police,Property Damage Crash,01-01-22 22:45,Interstate (State),CAPITAL BELTWAY,GEORGIA AVE,SINGLE VEHICLE,RAINING,WET,DARK LIGHTS ON,NO CONTROLS,NONE DETECTED,Yes,NO APPARENT INJURY,NOT DISTRACTED,MD,PASSENGER CAR,55,2019,TOYT,CAMRY
MCP31790017,200032967,Montgomery County Police,Property Damage Crash,08/23/2020 06:20:00 AM,County,CLARKSBURG RD,BARNES RD,SINGLE VEHICLE,,DRY,DAWN,NO CONTROLS,NONE DETECTED,No,NO APPARENT INJURY,NOT DISTRACTED,MD,POLICE VEHICLE/NON EMERGENCY,35,2018,FORD,TAURUS
MCP29650029,170528795,Montgomery County Police,Property Damage Crash,09-05-17 13:55,Maryland (State),NEW HAMPSHIRE AVE,MIDLAND RD,HEAD ON LEFT TURN,CLEAR,DRY,DAYLIGHT,TRAFFIC SIGNAL,NONE DETECTED,No,NO APPARENT INJURY,NOT DISTRACTED,MD,PASSENGER CAR,40,2006,MERC,4S
MCP2682000F,15063665,MONTGOMERY,Property Damage Crash,12/13/2015 09:03:00 AM,County,WIGHTMAN RD,STRATH HAVEN DR,SAME DIR REAR END,CLEAR,DRY,DAYLIGHT,,,No,NO APPARENT INJURY,NOT DISTRACTED,MD,PASSENGER CAR,35,2014,HOND,CRV
MCP2866000S,15003062,Montgomery County Police,Property Damage Crash,01/19/2015 07:28:00 PM,County,TUCKERMAN LA,GROSVENOR PL,SAME DIR REAR END,CLEAR,DRY,DARK LIGHTS ON,NO CONTROLS,NONE DETECTED,Yes,NO APPARENT INJURY,NOT DISTRACTED,MD,PASSENGER CAR,35,2010,HONDA,CIVIC
MCP3258002G,220037811,Montgomery County Police,Injury Crash,09-01-22 7:03,Maryland (State),UNIVERSITY BLVD W,GEORGIA AVE,SAME DIR REAR END,CLEAR,DRY,DAYLIGHT,TRAFFIC SIGNAL,NONE DETECTED,Yes,NO APPARENT INJURY,NOT DISTRACTED,MD,PASSENGER CAR,35,2014,JEEP,CHEROKEE
MCP3358003M,250041146,MONTGOMERY,Injury Crash,09/13/2025 01:21:00 PM,Maryland (State) Route,BRADLEY BLVD (SB/L),,"Sideswipe, Same Direction",Clear,Dry,Daylight,No Controls,"Unknown, Unknown",No,,,,Passenger Car,35,0,,
MCP31070038,250022365,MONTGOMERY,Property Damage Crash,05/20/2025 04:44:00 PM,County Route,AVERY RD,,Front to Rear,Clear,Dry,Daylight,No Controls,"Not Suspect of Alcohol Use, Not Suspect of Drug Use",No,No Apparent Injury,Not Distracted,MD,Passenger Car,25,2008,TOYOTA,CAMRY
MCP3060001N,180041411,Montgomery County Police,Property Damage Crash,08/20/2018 02:30:00 PM,Maryland (State),WISCONSIN AVE,MONTGOMERY AVE,SAME DIR REAR END,CLEAR,DRY,DAYLIGHT,UNKNOWN,,Yes,NO APPARENT INJURY,NOT DISTRACTED,MD,POLICE VEHICLE/EMERGENCY,35,2010,CHEVY,IMPALA