Report Number,Local Case Number,Agency Name,ACRS Report Type,Crash Date/Time,Route Type,Road Name,Cross-Street Name,Collision Type,Weather,Surface Condition,Light,Traffic Control,Driver Substance Abuse,Driver At Fault,Injury Severity,Driver Distracted By,Drivers License State,Vehicle Body Type,Speed Limit,Vehicle Year,Vehicle Make,Vehicle Model
EJ7878002X,210027202,Gaithersburg Police Depar,Property Damage Crash,07/14/2021 05:45:00 PM,County,MUDDY BRANCH RD,SUFFIELD DR,STRAIGHT MOVEMENT ANGLE,CLEAR,DRY,DAYLIGHT,OTHER,,No,NO APPARENT INJURY,NOT DISTRACTED,MD,PASSENGER CAR,45,2008,CHEVY,4D
EJ7852008J,23005661,Gaithersburg Police Depar,Property Damage Crash,09/24/2023 05:34:00 PM,Maryland (State),GREAT SENECA HWY,LONGDRAFT RD,STRAIGHT MOVEMENT ANGLE,RAINING,WET,DAYLIGHT,TRAFFIC SIGNAL,NONE DETECTED,Unknown,NO APPARENT INJURY,UNKNOWN,MD,PASSENGER CAR,25,2015,KIA,TK
MCP32820018,220018297,Montgomery County Police,Injury Crash,04/29/2022 09:53:00 PM,Maryland (State),GERMANTOWN RD,CRYSTAL ROCK DR,HEAD ON LEFT TURN,CLEAR,DRY,DARK LIGHTS ON,TRAFFIC SIGNAL,NONE DETECTED,Yes,NO APPARENT INJURY,LOOKED BUT DID NOT SEE,MD,PASSENGER CAR,40,2005,NISS,PATHFINDER
MCP2116003Y,16012775,MONTGOMERY,Injury Crash,03/15/2016 02:54:00 PM,County,SHADY GROVE RD,CHOKE CHERRY RD,STRAIGHT MOVEMENT ANGLE,CLEAR,DRY,DAYLIGHT,TRAFFIC SIGNAL,,Yes,SUSPECTED MINOR INJURY,LOOKED BUT DID NOT SEE,MD,PASSENGER CAR,35,2006,VOLV,TK
MCP3026008L,220047622,Montgomery County Police,Property Damage Crash,10/30/2022 07:20:00 AM,Municipality,THORNAPPLE ST,MEADOW LA,OTHER,CLEAR,DRY,DAWN,NO CONTROLS,NONE DETECTED,Yes,NO APPARENT INJURY,NOT DISTRACTED,VA,PASSENGER CAR,15,2013,DODGE,JOURNEY
DD5603007V,190049473,Rockville Police Departme,Property Damage Crash,10/15/2019 03:45:00 PM,Municipality,ELMCROFT BLVD,REDLAND BLVD,OTHER,CLEAR,DRY,DAYLIGHT,NO CONTROLS,NONE DETECTED,Yes,NO APPARENT INJURY,LOOKED BUT DID NOT SEE,MD,SCHOOL BUS,15,2011,THOM,BUS
MCP0899003S,190013967,Montgomery County Police,Property Damage Crash,03/26/2019 03:11:00 PM,Maryland (State),OLD GEORGETOWN RD,BATTERY LA,SAME DIRECTION SIDESWIPE,CLOUDY,DRY,DAYLIGHT,OTHER,UNKNOWN,Yes,NO APPARENT INJURY,LOOKED BUT DID NOT SEE,,PASSENGER CAR,30,9999,HONDA,ACCORD
DD55940037,180025631,Rockville Police Departme,Property Damage Crash,05/25/2018 06:30:00 AM,Maryland (State),FIRST ST,VEIRS MILL RD,STRAIGHT MOVEMENT ANGLE,CLEAR,DRY,DAYLIGHT,TRAFFIC SIGNAL,NONE DETECTED,No,NO APPARENT INJURY,NOT DISTRACTED,MD,PASSENGER CAR,35,2014,NISSAN,4 DOOR
MCP2814004W,250014521,MONTGOMERY,Property Damage Crash,04-03-25 14:00,Private Route,,CORPORATE BLVD EXECUTIVE CENTER ENT,Front to Rear,Clear,Dry,Daylight,Stop Sign,"Not Suspect of Alcohol Use, Not Suspect of Drug Use",No,No Apparent Injury,Not Distracted,MD,Passenger Car,15,2023,HYUNDAI,IONIQ 5
MCP2756004G,220033177,Montgomery County Police,Property Damage Crash,08-02-22 13:06,Maryland (State),GEORGIA AVE,HICKERSON DR,ANGLE MEETS RIGHT TURN,CLEAR,DRY,DAYLIGHT,NO CONTROLS,UNKNOWN,Yes,NO APPARENT INJURY,UNKNOWN,XX,PASSENGER CAR,25,2003,TOYOTA,TUNDRA
MCP2059004P,170549514,Montgomery County Police,Injury Crash,12/19/2017 02:01:00 PM,Maryland (State),CONNECTICUT AVE,MANOR RD,HEAD ON LEFT TURN,CLEAR,DRY,DAYLIGHT,TRAFFIC SIGNAL,NONE DETECTED,Yes,NO APPARENT INJURY,UNKNOWN,MD,PASSENGER CAR,35,2006,TOYOTA,PRIUS
MCP2717008R,16061755,Montgomery County Police,Injury Crash,12-01-16 19:00,Maryland (State),RIVER RD,ROYAL DOMINION DR,SAME DIR REAR END,CLEAR,DRY,DARK LIGHTS ON,NO CONTROLS,NONE DETECTED,Yes,NO APPARENT INJURY,UNKNOWN,VA,PASSENGER CAR,45,2004,FORD,MUSTANG
MCP3055003Y,230033364,Montgomery County Police,Property Damage Crash,07/13/2023 12:30:00 PM,Maryland (State),GEORGIA AVE,LOTTE PLAZA,STRAIGHT MOVEMENT ANGLE,CLEAR,DRY,DAYLIGHT,NO CONTROLS,,No,NO APPARENT INJURY,NOT DISTRACTED,MD,PASSENGER CAR,35,2020,CHEVROLET,CAMARO
MCP1465003B,180009275,Montgomery County Police,Injury Crash,02/22/2018 04:35:00 PM,Maryland (State),DARNESTOWN RD,EDEN ROCK CT,SAME DIR REAR END,RAINING,WET,DAYLIGHT,NO CONTROLS,NONE DETECTED,No,POSSIBLE INJURY,NOT DISTRACTED,MD,PASSENGER CAR,40,2017,HONDA,CIVIC
MCP23580050,180029925,Montgomery County Police,Property Damage Crash,06/17/2018 01:40:00 PM,Maryland (State),CONNECTICUT AVE,PERRY AVE,STRAIGHT MOVEMENT ANGLE,CLEAR,DRY,DAYLIGHT,TRAFFIC SIGNAL,NONE DETECTED,Unknown,NO APPARENT INJURY,NOT DISTRACTED,NY,PASSENGER CAR,40,2012,HYUNDAI,SONATA
MCP2974000Q,15061037,MONTGOMERY,Injury Crash,11/29/2015 10:58:00 PM,County,CHERRY HILL RD,GRACEFIELD RD,SAME DIR REAR END,CLEAR,DRY,DARK LIGHTS ON,,UNKNOWN,Yes,POSSIBLE INJURY,UNKNOWN,MD,PASSENGER CAR,35,2015,NISSAN,ROGUE
MCP2821002B,210024296,Montgomery County Police,Property Damage Crash,06/24/2021 11:17:00 PM,County,FLOWER HILL WAY,CALYPSO LA,OTHER,CLEAR,DRY,DARK LIGHTS ON,NO CONTROLS,ALCOHOL PRESENT,Yes,NO APPARENT INJURY,UNKNOWN,MD,PASSENGER CAR,25,2003,STRN,4S
MCP3178001R,200011936,Montgomery County Police,Injury Crash,03-11-20 6:31,Maryland (State),SPENCERVILLE RD,GOOD HOPE RD,STRAIGHT MOVEMENT ANGLE,CLEAR,DRY,DARK NO LIGHTS,STOP SIGN,NONE DETECTED,Yes,SUSPECTED MINOR INJURY,LOOKED BUT DID NOT SEE,MD,PASSENGER CAR,30,2018,FORD,ESCAPE
MCP31380048,220018505,Montgomery County Police,Injury Crash,05-01-22 14:04,County,BRIMSTONE ACADEMY DR,ST FLORENCE TERR,ANGLE MEETS RIGHT TURN,RAINING,WET,DAYLIGHT,NO CONTROLS,NONE DETECTED,No,POSSIBLE INJURY,NOT DISTRACTED,MD,PASSENGER CAR,30,2017,TOYOTA,CAMRY
MCP2039007W,220039185,Montgomery County Police,Injury Crash,09-09-22 12:58,County,ROSSMOOR BLVD,GEORGIA AVE,HEAD ON LEFT TURN,CLEAR,DRY,DAYLIGHT,,,Yes,NO APPARENT INJURY,DISTRACTED BY OUTSIDE PERSON OBJECT OR EVENT,MD,PASSENGER CAR,25,2006,HONDA,PILOT
MCP3141000F,180044834,Montgomery County Police,Property Damage Crash,09-08-18 1:29,County,FAIRLAND RD,BEETHOVEN BLVD,SINGLE VEHICLE,CLEAR,WET,DARK LIGHTS ON,NO CONTROLS,ALCOHOL PRESENT,Yes,NO APPARENT INJURY,DISTRACTED BY OUTSIDE PERSON OBJECT OR EVENT,MD,PASSENGER CAR,30,2013,FIAT,500
MCP28000024,15027983,Montgomery County Police,Property Damage Crash,06-09-15 15:50,County,RANDOLPH RD,HUNTERS LA,SAME DIR REAR END,CLEAR,DRY,DAYLIGHT,NO CONTROLS,NONE DETECTED,No,NO APPARENT INJURY,NOT DISTRACTED,MD,PASSENGER CAR,35,2013,FORD,TK
MCP04050002,15004622,Montgomery County Police,Property Damage Crash,01/29/2015 07:58:00 AM,Maryland (State),GERMANTOWN RD,MIDDLEBROOK RD,SINGLE VEHICLE,CLEAR,DRY,DAYLIGHT,TRAFFIC SIGNAL,,Yes,NO APPARENT INJURY,NOT DISTRACTED,MD,PASSENGER CAR,35,2014,HYUNDAI,ELANTRA
MCP3294001G,230021745,Montgomery County Police,Injury Crash,05-06-23 19:15,County,MONTGOMERY VILLAGE AVE,MIDCOUNTY HWY,SAME DIR REAR END,CLEAR,DRY,DAYLIGHT,TRAFFIC SIGNAL,NONE DETECTED,No,NO APPARENT INJURY,NOT DISTRACTED,MD,OTHER BUS,35,2013,GILL,BU
MCP2851002X,190002175,Montgomery County Police,Property Damage Crash,01/14/2019 05:43:00 PM,Maryland (State),CLOPPER RD,METZ DR,SAME DIR REAR END,,DRY,DARK NO LIGHTS,NO CONTROLS,NONE DETECTED,No,NO APPARENT INJURY,NOT DISTRACTED,MD,PASSENGER CAR,45,2010,HONDA,4S
MCP2946007G,240052015,MONTGOMERY,Property Damage Crash,10/30/2024 12:40:00 PM,County Route,WATERCRESS CIR,,Angle,Clear,Dry,Daylight,No Controls,"Unknown, Unknown",No,,,,Passenger Car,25,2006,DODGE,CHARGER
MCP9301004V,230071048,Montgomery County Police,Property Damage Crash,12-11-23 10:00,County,DIAMONDBACK DR,DECOVERLY DR,STRAIGHT MOVEMENT ANGLE,,WET,DAYLIGHT,NO CONTROLS,,No,NO APPARENT INJURY,NOT DISTRACTED,MD,PASSENGER CAR,30,2024,TOYOTA,COROLLA
MCP3138004T,220043322,Montgomery County Police,Property Damage Crash,10-04-22 18:07,Maryland (State),OLNEY SANDY SPRING RD,PRINCE PHILIP DR,HEAD ON LEFT TURN,RAINING,WET,DAYLIGHT,TRAFFIC SIGNAL,UNKNOWN,Yes,NO APPARENT INJURY,UNKNOWN,,UNKNOWN,30,0,UNKNOWN,UNKNOWN
MCP32300028,210027634,Montgomery County Police,Property Damage Crash,07/17/2021 03:10:00 PM,Maryland (State),VEIRS MILL RD,TURKEY BRANCH PKWY,SAME DIR REAR END,RAINING,WET,DAYLIGHT,TRAFFIC SIGNAL,NONE DETECTED,No,NO APPARENT INJURY,NOT DISTRACTED,MD,PASSENGER CAR,40,2015,NISSAN,ALTIMA
MCP3225003H,230006899,Montgomery County Police,Property Damage Crash,02-10-23 20:10,Maryland (State),NORBECK RD,BAUER DR,OTHER,CLEAR,DRY,DARK LIGHTS ON,TRAFFIC SIGNAL,NONE DETECTED,Yes,NO APPARENT INJURY,NOT DISTRACTED,MD,(SPORT) UTILITY VEHICLE,45,2010,TOYOYTA,FJ CRUISER
MCP9311000J,15063783,MONTGOMERY,Property Damage Crash,12/14/2015 07:39:00 AM,Maryland (State),MONTROSE PKWY,RANDOLPH RD (AHEAD),SAME DIRECTION RIGHT TURN,CLOUDY,WET,DAWN,,NONE DETECTED,Yes,NO APPARENT INJURY,NOT DISTRACTED,VA,PASSENGER CAR,35,1998,TOYOTA,CAMRY
MCP2853000V,15010258,Montgomery County Police,Injury Crash,03-04-15 22:08,County,CURRAN RD,E FRANKLIN AVE,SAME DIR REAR END,RAINING,WET,DARK LIGHTS ON,NO CONTROLS,,No,NO APPARENT INJURY,NOT DISTRACTED,CA,PASSENGER CAR,0,2008,MERCEDES,2DR
DD5640000D,200009416,Rockville Police Departme,Injury Crash,02/25/2020 06:39:00 PM,Maryland (State),HUNGERFORD DR,N WASHINGTON ST,SAME DIR REAR END,CLOUDY,DRY,DARK LIGHTS ON,NO CONTROLS,NONE DETECTED,No,NO APPARENT INJURY,NOT DISTRACTED,MD,PASSENGER CAR,35,2015,CHEVROLET,SONIC
MCP94420005,15018850,Montgomery County Police,Injury Crash,04/22/2015 09:15:00 AM,Municipality,CHRISTOPHER AVE,RUSSELL AVE,SAME DIR REAR END,CLEAR,DRY,DAYLIGHT,TRAFFIC SIGNAL,NONE DETECTED,Yes,NO APPARENT INJURY,NOT DISTRACTED,MD,PASSENGER CAR,35,2015,TOYOTA,COROLLA
MCP3348000Y,230050642,Montgomery County Police,Injury Crash,08/22/2023 06:56:00 AM,County,RANDOLPH RD,DALEWOOD DR,SAME DIR REAR END,CLEAR,DRY,DAYLIGHT,NO CONTROLS,NONE DETECTED,Yes,SUSPECTED MINOR INJURY,UNKNOWN,MD,PASSENGER CAR,35,2006,HONDA,ELEMENT
MCP28610061,230050611,Montgomery County Police,Property Damage Crash,08/21/2023 08:53:00 PM,Maryland (State),OLD GEORGETOWN RD,BEECH AVE,STRAIGHT MOVEMENT ANGLE,CLEAR,DRY,DARK LIGHTS ON,TRAFFIC SIGNAL,NONE DETECTED,Yes,NO APPARENT INJURY,INATTENTIVE OR LOST IN THOUGHT,MD,PASSENGER CAR,25,2018,MAZDA,TK
MCP2923003R,170542056,Montgomery County Police,Property Damage Crash,11-10-17 13:18,County,BILLMAN LA,HEURICH RD,OTHER,CLEAR,DRY,DAYLIGHT,NO CONTROLS,NONE DETECTED,No,NO APPARENT INJURY,NOT DISTRACTED,MD,(SPORT) UTILITY VEHICLE,25,2017,MINI,COOPER
MCP2984000T,16055243,Montgomery County Police,Injury Crash,10/27/2016 07:41:00 AM,County,MIDDLEBROOK RD,WARING STATION RD,HEAD ON LEFT TURN,CLOUDY,DRY,DARK LIGHTS ON,TRAFFIC SIGNAL,,No,SUSPECTED MINOR INJURY,NOT DISTRACTED,MD,PASSENGER CAR,40,2008,HONDA,CIVIC
MCP21920010,15009989,Montgomery County Police,Property Damage Crash,03-03-15 9:12,Maryland (State),GEORGIA AVE,PLYERS MILL RD,SAME DIR REAR END,CLEAR,DRY,DAYLIGHT,,,No,NO APPARENT INJURY,NOT DISTRACTED,MD,(SPORT) UTILITY VEHICLE,35,2003,ACURA,MDX
MCP3263004L,240020013,MONTGOMERY,Property Damage Crash,04/29/2024 05:25:00 PM,County Route,DEMOCRACY BLVD,BELLS MILL RD,Front to Rear,Clear,Dry,Daylight,Pedestrian Crossing Sign,"Not Suspect of Alcohol Use, Not Suspect of Drug Use",No,No Apparent Injury,Not Distracted,MD,Passenger Car,35,2015,DODGE,DURANGO
MCP2869001V,17006082,Montgomery County Police,Property Damage Crash,02-04-17 1:54,County,BEL PRE RD,CONNECTICUT AVE,SINGLE VEHICLE,,DRY,,NO CONTROLS,UNKNOWN,Yes,NO APPARENT INJURY,UNKNOWN,,PASSENGER CAR,35,2006,CADILLAC,STS
MCP23290033,240038306,MONTGOMERY,Property Damage Crash,08/14/2024 07:50:00 AM,County Route,ARROWHEAD RD,MONTGOMERY VILLAGE AVE,Front to Front,Clear,Dry,Daylight,Traffic Control Signal,"Not Suspect of Alcohol Use, Not Suspect of Drug Use",No,No Apparent Injury,Unknown,MD,Passenger Car,35,2015,NISSAN,SENTRA
MCP3392001F,240049676,MONTGOMERY,Property Damage Crash,10/17/2024 02:04:00 PM,Maryland (State) Route,GEORGIA AVE,HICKERSON DR,Angle,Clear,Dry,Daylight,No Controls,"Not Suspect of Alcohol Use, Not Suspect of Drug Use",No,No Apparent Injury,Not Distracted,MD,Passenger Car,25,2019,CHEVROLET,CAMARO
EJ7869003B,220004545,Gaithersburg Police Depar,Injury Crash,02-02-22 15:00,,,,OTHER,CLEAR,,DAYLIGHT,,NONE DETECTED,No,NO APPARENT INJURY,NOT DISTRACTED,MD,PASSENGER CAR,5,2018,FORD,SD
MCP2674003B,220036021,Montgomery County Police,Property Damage Crash,08/20/2022 08:35:00 PM,,,,STRAIGHT MOVEMENT ANGLE,CLEAR,,DARK LIGHTS ON,NO CONTROLS,NONE DETECTED,No,NO APPARENT INJURY,NOT DISTRACTED,MD,(SPORT) UTILITY VEHICLE,15,2019,FORD,EXPLORER
MCP1575003F,15061399,MONTGOMERY,Injury Crash,12-01-15 18:22,Maryland (State),HUNGERFORD DR,COLLEGE PKWY,HEAD ON LEFT TURN,CLOUDY,WET,DARK LIGHTS ON,TRAFFIC SIGNAL,NONE DETECTED,No,POSSIBLE INJURY,NOT DISTRACTED,MD,PASSENGER CAR,40,2015,ACURA,TLX
MCP2961001M,16062378,Montgomery County Police,Property Damage Crash,12-04-16 15:00,Maryland (State),GEORGIA AVE,BLUERIDGE AVE,SINGLE VEHICLE,CLEAR,DRY,DAYLIGHT,TRAFFIC SIGNAL,NONE DETECTED,Yes,NO APPARENT INJURY,NOT DISTRACTED,DC,AUTOCYCLE,35,2015,INTL,AMBO
DD5610001G,15058694,ROCKVILLE,Property Damage Crash,11/17/2015 02:32:00 PM,Maryland (State),HUNGERFORD DR,N CAMPUS DR,STRAIGHT MOVEMENT ANGLE,CLEAR,DRY,DAYLIGHT,NO CONTROLS,,No,NO APPARENT INJURY,NOT DISTRACTED,MD,PASSENGER CAR,15,2004,TOYT,4S
MCP31500005,180012322,Montgomery County Police,Property Damage Crash,03-11-18 20:02,,,,SAME DIR REAR END,CLEAR,,DARK LIGHTS ON,NO CONTROLS,NONE DETECTED,No,NO APPARENT INJURY,NOT DISTRACTED,MD,PASSENGER CAR,0,2017,FORD,ESCAPE
MCP9386009R,230066642,Montgomery County Police,Property Damage Crash,11/16/2023 09:15:00 AM,County,NORTHAMPTON DR,NEW HAMPSHIRE AVE,SAME DIR REAR END,CLEAR,DRY,DAYLIGHT,TRAFFIC SIGNAL,NONE DETECTED,No,NO APPARENT INJURY,NOT DISTRACTED,MD,(SPORT) UTILITY VEHICLE,15,2003,JEEP,UT
DD5628001T,190007552,Rockville Police Departme,Property Damage Crash,02/16/2019 07:15:00 AM,,,,OTHER,CLEAR,,DAYLIGHT,PERSON,NONE DETECTED,Yes,NO APPARENT INJURY,LOOKED BUT DID NOT SEE,WV,FIRE VEHICLE/EMERGENCY,0,2000,EMON,FIRE TRK
MCP24600024,250034196,MONTGOMERY,Injury Crash,08-01-25 5:32,Maryland (State) Route,,MUNCASTER RD REDLAND RD,Other,Clear,Dry,Dark - Lighted,Traffic Control Signal,"Not Suspect of Alcohol Use, Not Suspect of Drug Use",Yes,Possible Injury,Unknown,MD,Passenger Car,35,2016,HONDA,ACCORD
DD5624003V,200006667,Rockville Police Departme,Property Damage Crash,02-09-20 18:25,Municipality,BRADLEY AVE,BROADWOOD DR,OTHER,CLEAR,DRY,DARK NO LIGHTS,NO CONTROLS,ALCOHOL CONTRIBUTED,Yes,NO APPARENT INJURY,UNKNOWN,MD,PASSENGER CAR,15,2004,CHEVY,TRAILBLAZER
MCP1205005F,190044033,Montgomery County Police,Injury Crash,09/14/2019 12:19:00 PM,County,LYTTONSVILLE RD,LYTTONSVILLE PL,STRAIGHT MOVEMENT ANGLE,CLOUDY,DRY,DAYLIGHT,NO CONTROLS,NONE DETECTED,No,POSSIBLE INJURY,NOT DISTRACTED,MD,PASSENGER CAR,25,2013,HONDA,CIVIC
MCP32130018,210047980,Montgomery County Police,Property Damage Crash,11/28/2021 03:24:00 AM,Maryland (State),UNIVERSITY BLVD E,PINEY BRANCH RD,STRAIGHT MOVEMENT ANGLE,RAINING,WET,DARK LIGHTS ON,,NONE DETECTED,No,NO APPARENT INJURY,NOT DISTRACTED,DC,PASSENGER CAR,35,2010,DODGE,JOURNEY
MCP3312000K,220011124,Montgomery County Police,Injury Crash,03/15/2022 12:40:00 PM,US (State),COLESVILLE RD,SLIGO CREEK PKWY,SAME DIR REAR END,CLEAR,DRY,DAYLIGHT,TRAFFIC SIGNAL,,No,SUSPECTED MINOR INJURY,NOT DISTRACTED,MD,PASSENGER CAR,35,2005,TOYOTA,CORROLLA
MCP1113001J,170527966,Montgomery County Police,Property Damage Crash,08/31/2017 01:07:00 PM,Maryland (State),WOODFIELD RD,ROLLING FORK DR,SINGLE VEHICLE,CLEAR,DRY,DAYLIGHT,SCHOOL ZONE SIGN DEVICE,NONE DETECTED,Yes,NO APPARENT INJURY,NOT DISTRACTED,MD,PASSENGER CAR,30,2014,NISSAN,ALTIMA
MCP3199000R,190050216,Montgomery County Police,Property Damage Crash,10/19/2019 04:06:00 PM,Maryland (State),NORBECK RD,GEORGIA AVE,SAME DIR REAR END,CLEAR,DRY,DAYLIGHT,,,No,NO APPARENT INJURY,NOT DISTRACTED,MD,PASSENGER CAR,40,2014,NISSAN,4S
MCP32800017,210032816,Montgomery County Police,Injury Crash,08/23/2021 07:07:00 AM,Maryland (State),PINEY BRANCH RD,KODIAK DR,SINGLE VEHICLE,CLEAR,DRY,DAYLIGHT,OTHER,NONE DETECTED,Unknown,NO APPARENT INJURY,UNKNOWN,MD,PASSENGER CAR,5,2003,HONDA,ACCORD
DD56030083,190061372,Rockville Police Departme,Property Damage Crash,12/20/2019 05:00:00 PM,Maryland (State),VEIRS MILL RD,FIRST ST,OTHER,CLEAR,,DARK LIGHTS ON,NO CONTROLS,NONE DETECTED,Yes,NO APPARENT INJURY,LOOKED BUT DID NOT SEE,MD,PASSENGER CAR,30,2017,CHEV,4S
MCP30400049,190056309,Montgomery County Police,Property Damage Crash,11/21/2019 06:00:00 PM,Maryland (State),GEORGIA AVE,OWENS RD,STRAIGHT MOVEMENT ANGLE,CLEAR,DRY,DARK NO LIGHTS,STOP SIGN,,No,NO APPARENT INJURY,NOT DISTRACTED,TN,PASSENGER CAR,40,2010,TOYT,COROLLA
MCP2936000Y,16020732,Montgomery County Police,Injury Crash,04/27/2016 02:14:00 PM,Maryland (State),EAST WEST HWY (W/B COUPLET),WAVERLY ST,SAME DIR REAR END,CLOUDY,WET,DAYLIGHT,TRAFFIC SIGNAL,NONE DETECTED,Yes,NO APPARENT INJURY,INATTENTIVE OR LOST IN THOUGHT,MD,(SPORT) UTILITY VEHICLE,25,2011,BUIC,TK
MCP2612003V,200026230,Montgomery County Police,Property Damage Crash,07-06-20 15:30,County,BONIFANT RD,LAYHILL RD,SAME DIRECTION RIGHT TURN,CLEAR,DRY,DAYLIGHT,TRAFFIC SIGNAL,NONE DETECTED,Unknown,NO APPARENT INJURY,UNKNOWN,MD,PASSENGER CAR,35,2011,HONDA,CRV
MCP235800DB,250001507,MONTGOMERY,Property Damage Crash,01-12-25 8:30,Interstate (State),CABIN JOHN PKWY (SB/L),,Single Vehicle,Clear,Ice/Frost,Daylight,No Controls,"Not Suspect of Alcohol Use, Not Suspect of Drug Use",Yes,No Apparent Injury,Not Distracted,MD,Passenger Car,35,2005,TOYOTA,PRIUS
MCP2472001J,15064073,MONTGOMERY,Property Damage Crash,12/15/2015 02:51:00 PM,Maryland (State),NORBECK RD,GEORGIA AVE,SAME DIRECTION SIDESWIPE,CLEAR,DRY,DAYLIGHT,TRAFFIC SIGNAL,NONE DETECTED,No,NO APPARENT INJURY,NOT DISTRACTED,MD,TRUCK TRACTOR,35,2006,INTERNATIONAL,TRUCK
MCP2425006R,16022946,Montgomery County Police,Injury Crash,05-09-16 8:44,US (State),COLUMBIA PIKE,PRELUDE DR,SAME DIR REAR END,CLEAR,DRY,DAYLIGHT,NO CONTROLS,NONE DETECTED,Yes,NO APPARENT INJURY,OTHER DISTRACTION,MD,PASSENGER CAR,45,2012,LEXUS,LS460
EJ7846001X,16065097,Gaithersburg Police Depar,Property Damage Crash,12/19/2016 06:24:00 PM,Maryland (State),W DIAMOND AVE,MUDDY BRANCH RD,SAME DIRECTION SIDESWIPE,CLEAR,DRY,DARK LIGHTS ON,TRAFFIC SIGNAL,NONE DETECTED,No,NO APPARENT INJURY,NOT DISTRACTED,MD,PASSENGER CAR,35,1998,FORD,F150
MCP2588004Q,180043200,Montgomery County Police,Injury Crash,08/30/2018 07:08:00 AM,County,RANDOLPH RD,SELFRIDGE RD,HEAD ON LEFT TURN,CLEAR,DRY,DAYLIGHT,TRAFFIC SIGNAL,NONE DETECTED,No,SUSPECTED MINOR INJURY,NOT DISTRACTED,MD,PICKUP TRUCK,35,2013,FORD,F150
MCP34100010,250012515,MONTGOMERY,Property Damage Crash,03/21/2025 11:01:00 PM,County Route,WEISMAN RD,KENDALL ST,Angle,Clear,Dry,Dark - Lighted,No Controls,"Not Suspect of Alcohol Use, Not Suspect of Drug Use",No,No Apparent Injury,Unknown,MD,Passenger Car,25,2015,TOYOTA,HIGHLANDER
MCP2269002F,230018630,Montgomery County Police,Property Damage Crash,04/19/2023 07:57:00 AM,Maryland (State),FREDERICK RD,RAMP 8 FR MD 355 SB TO IS 370 WB,SAME DIR REAR END,CLEAR,DRY,DAYLIGHT,,,Yes,NO APPARENT INJURY,NOT DISTRACTED,MD,PASSENGER CAR,45,2008,NISS,SD
MCP04870015,16057354,Montgomery County Police,Property Damage Crash,11-07-16 7:53,County,SNOUFFERS SCHOOL RD,FLOWER HILL WAY,SAME DIRECTION SIDESWIPE,CLEAR,DRY,DAYLIGHT,NO CONTROLS,NONE DETECTED,Yes,NO APPARENT INJURY,NOT DISTRACTED,MD,PASSENGER CAR,40,2010,ACURA,4DR
MCP2658001P,17013781,Montgomery County Police,Property Damage Crash,03/17/2017 07:44:00 PM,US (State),COLUMBIA PIKE,STEWART LA,SAME DIR REAR END,RAINING,WET,DARK LIGHTS ON,NO CONTROLS,NONE DETECTED,Yes,NO APPARENT INJURY,UNKNOWN,DC,PASSENGER CAR,50,2003,TOYT,4S
MCP30750037,210035686,Montgomery County Police,Property Damage Crash,09-10-21 22:30,County,MIDDLEBROOK RD,WHITESADDLE DR,SAME DIRECTION SIDESWIPE,CLEAR,DRY,DARK LIGHTS ON,NO CONTROLS,UNKNOWN,Yes,NO APPARENT INJURY,NOT DISTRACTED,MD,PASSENGER CAR,15,2018,TOYOTA,C-HR
MCP1475002P,210007098,Montgomery County Police,Property Damage Crash,02/24/2021 01:10:00 PM,County,ODENDHAL AVE,ROYAL BONNET CIR,HEAD ON LEFT TURN,CLEAR,DRY,DAYLIGHT,STOP SIGN,,Yes,NO APPARENT INJURY,LOOKED BUT DID NOT SEE,MD,PASSENGER CAR,15,2006,TOYOTA,CAMRY
MCP93180025,220003964,Montgomery County Police,Injury Crash,01/29/2022 09:19:00 PM,Maryland (State),NEW HAMPSHIRE AVE,SCHINDLER DR,SAME DIRECTION SIDESWIPE,CLEAR,DRY,DARK LIGHTS ON,NO CONTROLS,NONE DETECTED,No,POSSIBLE INJURY,NOT DISTRACTED,MD,PASSENGER CAR,40,2013,HYUNDAI,ELANTRA
MCP2425006J,16015870,Montgomery County Police,Property Damage Crash,04-01-16 8:30,US (State),COLUMBIA PIKE,FAIRLAND RD,SAME DIR REAR END,CLOUDY,DRY,DAYLIGHT,TRAFFIC SIGNAL,NONE DETECTED,Yes,NO APPARENT INJURY,UNKNOWN,MD,PASSENGER CAR,55,2003,MAZDA,PROTEGE
MCP30050056,200037843,Montgomery County Police,Property Damage Crash,09/26/2020 11:20:00 AM,Maryland (State),GEORGIA AVE,GEORGIAN WOODS PL,SAME DIRECTION SIDESWIPE,,DRY,DAYLIGHT,NO CONTROLS,NONE DETECTED,Unknown,NO APPARENT INJURY,NOT DISTRACTED,MD,PASSENGER CAR,35,2013,NISS,TK
MCP29620024,170547722,Montgomery County Police,Injury Crash,12-10-17 13:20,Maryland (State),CLOPPER RD,GREAT SENECA HWY,SAME DIR REAR END,CLOUDY,DRY,DAYLIGHT,,NONE DETECTED,Yes,NO APPARENT INJURY,LOOKED BUT DID NOT SEE,MD,PASSENGER CAR,45,2017,FORD,ESCAPE
HA2389000N,17000457,Maryland-National Capital,Property Damage Crash,04-02-17 17:00,,,,UNKNOWN,CLEAR,,DAYLIGHT,,UNKNOWN,Unknown,NO APPARENT INJURY,UNKNOWN,,,5,0,UNKNOWN,UNKNOWN