Report Number,Local Case Number,Agency Name,ACRS Report Type,Crash Date/Time,Route Type,Road Name,Cross-Street Name,Collision Type,Weather,Surface Condition,Light,Traffic Control,Driver Substance Abuse,Driver At Fault,Injury Severity,Driver Distracted By,Drivers License State,Vehicle Body Type,Speed Limit,Vehicle Year,Vehicle Make,Vehicle Model
MCP2906001X,180046170,Montgomery County Police,Injury Crash,09/15/2018 07:00:00 PM,Municipality,WASHINGTONIAN BLVD,BOARDWALK PL,STRAIGHT MOVEMENT ANGLE,CLEAR,DRY,DAYLIGHT,,,Yes,NO APPARENT INJURY,LOOKED BUT DID NOT SEE,MD,PASSENGER CAR,15,2017,TOYOTA,COROLLA
MCP27030021,180015584,Montgomery County Police,Property Damage Crash,03/31/2018 12:00:00 AM,US (State),COLUMBIA PIKE,NEW HAMPSHIRE AVE,OTHER,,DRY,DARK LIGHTS ON,NO CONTROLS,,Yes,NO APPARENT INJURY,LOOKED BUT DID NOT SEE,NY,OTHER,45,2016,SUBAR,4DSD
MCP2776003C,200025777,Montgomery County Police,Property Damage Crash,07-02-20 23:03,County,WELLER RD,JINGLE LA,SAME DIR REAR END,CLEAR,DRY,DARK LIGHTS ON,NO CONTROLS,ALCOHOL PRESENT,Yes,NO APPARENT INJURY,UNKNOWN,MD,PASSENGER CAR,30,2018,HONDA,CIVIC
MCP23480064,210048494,Montgomery County Police,Fatal Crash,11/29/2021 07:52:00 PM,County,MIDCOUNTY HWY,SAYBROOKE OAKS BLVD,STRAIGHT MOVEMENT ANGLE,CLEAR,DRY,DARK LIGHTS ON,TRAFFIC SIGNAL,NONE DETECTED,No,FATAL INJURY,NOT DISTRACTED,MD,PASSENGER CAR,50,2018,HOND,CRV
MCP29520022,16027591,Montgomery County Police,Injury Crash,06-02-16 14:53,,,,OTHER,CLEAR,,DAYLIGHT,NO CONTROLS,NONE DETECTED,Yes,NO APPARENT INJURY,LOOKED BUT DID NOT SEE,DC,PASSENGER CAR,30,2015,HONDA,CIVIC
MCP3031003R,200044023,Montgomery County Police,Property Damage Crash,11-08-20 3:20,Maryland (State),INTERCOUNTY CONNECTOR,MUNCASTER MILL RD,SINGLE VEHICLE,CLEAR,DRY,DARK LIGHTS ON,,NONE DETECTED,No,NO APPARENT INJURY,NOT DISTRACTED,MD,POLICE VEHICLE/NON EMERGENCY,60,2018,FORD,TARUS
MCP3397000V,250004056,MONTGOMERY,Property Damage Crash,01/28/2025 04:38:00 PM,US (State),COLUMBIA PIKE,,Front to Rear,Clear,Dry,Daylight,No Controls,"Not Suspect of Alcohol Use, Not Suspect of Drug Use",No,No Apparent Injury,Not Distracted,MD,Passenger Car,50,2020,HONDA,CIVIC
HA2449000J,19000944,Maryland-National Capital,Property Damage Crash,04/25/2019 12:11:00 PM,Maryland (State),CONNECTICUT AVE,WOODBINE ST,UNKNOWN,CLOUDY,,DAYLIGHT,OTHER,,Unknown,NO APPARENT INJURY,NOT DISTRACTED,MD,PICKUP TRUCK,30,2017,FORD,F150
MCP3064000K,170546913,Montgomery County Police,Property Damage Crash,12-06-17 11:00,County,AMHERST AVE,UNIVERSITY BLVD W,SAME DIR REAR END,CLEAR,DRY,DAYLIGHT,,,No,NO APPARENT INJURY,NOT DISTRACTED,MD,VAN,35,2017,FORD,VN
MCP2656000S,15047601,MONTGOMERY,Property Damage Crash,09/19/2015 09:35:00 PM,County,GREENCASTLE RD,PRINCE GEORGES CO/L,SAME DIR REAR END,CLEAR,,DARK LIGHTS ON,,NONE DETECTED,No,NO APPARENT INJURY,NOT DISTRACTED,MD,PASSENGER CAR,30,2010,MINI,2 DR
MCP3069001Z,200034059,Montgomery County Police,Property Damage Crash,08/31/2020 04:30:00 PM,Other Public Roadway,MONTROSE PKWY,HOYA ST,SAME DIR REAR END,RAINING,WET,DAYLIGHT,TRAFFIC SIGNAL,NONE DETECTED,No,NO APPARENT INJURY,NOT DISTRACTED,MD,,35,2020,KIA,SOUL
MCP2914003K,16051186,Montgomery County Police,Property Damage Crash,10-05-16 15:13,Maryland (State),NEW HAMPSHIRE AVE,NORTHAMPTON DR,SAME DIR REAR END,CLEAR,DRY,,TRAFFIC SIGNAL,,Yes,NO APPARENT INJURY,NOT DISTRACTED,MD,PASSENGER CAR,40,2007,HONDA,ODYSSEY
MCP2394000Y,15004550,Montgomery County Police,Property Damage Crash,01/28/2015 06:29:00 PM,Maryland (State),PINEY BRANCH RD,CARROLL AVE,SAME DIRECTION LEFT TURN,CLEAR,,DUSK,,UNKNOWN,Yes,NO APPARENT INJURY,UNKNOWN,MD,PASSENGER CAR,40,2005,SUBARU,SW
DD5611001C,16020727,Rockville Police Departme,Injury Crash,04/27/2016 01:43:00 PM,Maryland (State),W MONTGOMERY AVE,RAMP 5 FR IS 270 SB TO MD 28 EB,SAME DIR REAR END,CLEAR,DRY,DAYLIGHT,TRAFFIC SIGNAL,NONE DETECTED,Yes,NO APPARENT INJURY,NOT DISTRACTED,MD,PASSENGER CAR,40,2015,AUDI,DS
EJ78700061,230004462,Gaithersburg Police Depar,Property Damage Crash,01/27/2023 01:13:00 PM,Municipality,N SUMMIT AVE,E DIAMOND AVE,HEAD ON LEFT TURN,CLOUDY,DRY,DAYLIGHT,STOP SIGN,NONE DETECTED,No,NO APPARENT INJURY,NOT DISTRACTED,MD,PASSENGER CAR,25,2018,NISS,SENTRA
MCP29870021,170520124,Montgomery County Police,Injury Crash,07/20/2017 10:05:00 AM,Maryland (State),NEW HAMPSHIRE AVE,NORTHAMPTON DR,SAME DIR REAR END,CLEAR,DRY,DAYLIGHT,,NONE DETECTED,Yes,NO APPARENT INJURY,LOOKED BUT DID NOT SEE,MD,PASSENGER CAR,40,2006,NISSAN,ALTIMA
MCP2512003Q,180053718,Montgomery County Police,Property Damage Crash,10/26/2018 05:45:00 PM,Maryland (State),QUINCE ORCHARD RD,W DIAMOND AVE,SAME DIR REAR END,RAINING,WET,DAYLIGHT,YIELD SIGN,NONE DETECTED,Yes,NO APPARENT INJURY,OTHER DISTRACTION,MD,PASSENGER CAR,35,2011,HONDA,ACCORD
MCP2952007N,180060750,Montgomery County Police,Property Damage Crash,12-05-18 6:04,Maryland (State),GEORGIA AVE,AUGUST DR,SAME DIR REAR END,CLOUDY,DRY,DARK LIGHTS ON,,NONE DETECTED,No,NO APPARENT INJURY,NOT DISTRACTED,MD,(SPORT) UTILITY VEHICLE,35,2016,HONDA,CRV
DD5621002Z,190018582,Rockville Police Departme,Property Damage Crash,04/20/2019 09:40:00 PM,Maryland (State),ROCKVILLE PIKE,CONGRESSIONAL LA,HEAD ON LEFT TURN,CLEAR,DRY,DARK LIGHTS ON,NO CONTROLS,NONE DETECTED,Yes,NO APPARENT INJURY,INATTENTIVE OR LOST IN THOUGHT,MD,PASSENGER CAR,45,2011,CHEV,4S
MCP26710031,220001316,Montgomery County Police,Injury Crash,01-11-22 18:35,Maryland (State),COLESVILLE RD,EAST WEST HWY,STRAIGHT MOVEMENT ANGLE,CLEAR,DRY,DARK LIGHTS ON,TRAFFIC SIGNAL,NONE DETECTED,Yes,POSSIBLE INJURY,LOOKED BUT DID NOT SEE,MD,PASSENGER CAR,35,2001,DODGE,STRATUS
DM8522004D,250022312,TAKOMA,Property Damage Crash,05/20/2025 12:35:00 PM,Maryland (State) Route,NEW HAMPSHIRE AVE (SB/L),,"Sideswipe, Same Direction",Clear,Dry,Daylight,No Controls,"Not Suspect of Alcohol Use, Not Suspect of Drug Use",No,No Apparent Injury,Not Distracted,MD,Passenger Car,35,2009,GILLIG,LOW FLOOR BUS
MCP26740057,240027061,MONTGOMERY,Property Damage Crash,06-07-24 7:28,County Route,OXBRIDGE DR,FREDERICK RD (SB/L),Angle,Clear,Dry,Daylight,No Controls,"Not Suspect of Alcohol Use, Not Suspect of Drug Use",No,No Apparent Injury,Not Distracted,MD,Pickup,40,2013,FORD,F-350
MCP2298015Z,240033487,MONTGOMERY,Property Damage Crash,07/16/2024 06:30:00 AM,Maryland (State) Route,CONNECTICUT AVE,,Front to Rear,Clear,Dry,Daylight,No Controls,"Not Suspect of Alcohol Use, Not Suspect of Drug Use",No,No Apparent Injury,Not Distracted,MD,Pickup,35,2015,FORD,F-150
MCP102200FH,210007202,Montgomery County Police,Injury Crash,02/25/2021 09:16:00 AM,Maryland (State),RIDGE RD,BRINK RD,STRAIGHT MOVEMENT ANGLE,CLEAR,DRY,DAYLIGHT,TRAFFIC SIGNAL,NONE DETECTED,Unknown,SUSPECTED MINOR INJURY,NOT DISTRACTED,MD,PICKUP TRUCK,40,2016,FORD,F-150
MCP27730016,15008682,Montgomery County Police,Property Damage Crash,02/23/2015 08:39:00 AM,US (State),GEORGIA AVE,KING ST,STRAIGHT MOVEMENT ANGLE,CLOUDY,WET,DAYLIGHT,NO CONTROLS,NONE DETECTED,No,NO APPARENT INJURY,NOT DISTRACTED,DC,PASSENGER CAR,35,1991,BMW,M5
MCP3014000F,16006495,Montgomery County Police,Property Damage Crash,02-08-16 8:47,County,DENFELD AVE,WOODSON AVE,SAME DIR REAR END,CLEAR,DRY,DAYLIGHT,STOP SIGN,NONE DETECTED,Yes,NO APPARENT INJURY,LOOKED BUT DID NOT SEE,MD,(SPORT) UTILITY VEHICLE,25,2009,TOYT,TK
DD5652004P,240034052,ROCKVILLE,Property Damage Crash,07/19/2024 07:37:00 AM,Municipality Route,BALTIMORE RD,,Front to Rear,Clear,Dry,Daylight,Stop Sign,"Not Suspect of Alcohol Use, Not Suspect of Drug Use",No,No Apparent Injury,Not Distracted,MD,Passenger Car,25,2021,FORD,F-150
DD5571000H,250015693,ROCKVILLE,Property Damage Crash,04-10-25 17:15,Municipality Route,WOOTTON PKWY (EB/L),,Front to Front,Freezing Rain Or Freezing Drizzle,Wet,Daylight,Stop Sign,"Not Suspect of Alcohol Use, Not Suspect of Drug Use",Yes,No Apparent Injury,Unknown,MD,Passenger Car,10,2003,TOYOTA,COROLLA
MCP93850006,15040686,MONTGOMERY,Property Damage Crash,08/14/2015 11:56:00 AM,Municipality,FALLSGROVE DR,BLACKWELL RD,SAME DIRECTION SIDESWIPE,,DRY,DARK LIGHTS ON,NO CONTROLS,UNKNOWN,Yes,NO APPARENT INJURY,NOT DISTRACTED,MD,PASSENGER CAR,25,2001,HOND,ACC
MCP3127003Z,240060684,MONTGOMERY,Injury Crash,12/19/2024 04:52:00 PM,Maryland (State) Route,ROCKVILLE PIKE,,Front to Rear,Clear,Dry,Dusk,No Controls,"Not Suspect of Alcohol Use, Not Suspect of Drug Use",Yes,No Apparent Injury,"Other Action (looking away from task, etc.)",MD,Sport Utility Vehicle,40,2015,MERCEDES-BENZ,ML-CLASS
MCP1465001P,15054751,MONTGOMERY,Injury Crash,10/28/2015 11:51:00 AM,Maryland (State),FREDERICK RD,REDLAND RD,OTHER,RAINING,WET,DAYLIGHT,,NONE DETECTED,No,NO APPARENT INJURY,NOT DISTRACTED,MD,TRUCK TRACTOR,40,2007,INTERNATIONAL,TK
MCP9399000Y,170521384,Montgomery County Police,Property Damage Crash,07/27/2017 01:20:00 AM,County,S GLEN RD,NORTON RD,STRAIGHT MOVEMENT ANGLE,CLEAR,DRY,DARK LIGHTS ON,STOP SIGN,NONE DETECTED,No,NO APPARENT INJURY,NOT DISTRACTED,MD,PASSENGER CAR,35,2000,MERZ,4S
EJ7873004T,210042644,Gaithersburg Police Depar,Injury Crash,10/23/2021 12:37:00 PM,Maryland (State),MONTGOMERY VILLAGE AVE,FREDERICK RD,SAME DIR REAR END,CLOUDY,DRY,DAYLIGHT,YIELD SIGN,NONE DETECTED,No,NO APPARENT INJURY,NOT DISTRACTED,MD,PASSENGER CAR,35,2009,CHEV,HB
DD56380041,220042997,Rockville Police Departme,Property Damage Crash,10-02-22 19:12,Maryland (State),ROCKVILLE PIKE,CROSSOVER,STRAIGHT MOVEMENT ANGLE,RAINING,WET,DARK LIGHTS ON,NO CONTROLS,,Yes,NO APPARENT INJURY,LOOKED BUT DID NOT SEE,MD,PASSENGER CAR,35,2016,VOLVO,XC90
MCP3268001R,220014906,Montgomery County Police,Property Damage Crash,04-08-22 8:15,US (State),COLUMBIA PIKE,STEWART LA,SAME DIR REAR END,CLEAR,WET,DAYLIGHT,NO CONTROLS,NONE DETECTED,No,NO APPARENT INJURY,NOT DISTRACTED,MD,PASSENGER CAR,35,2016,HONDA,ACCORD
MCP3138007W,250027114,MONTGOMERY,Property Damage Crash,06/18/2025 06:57:00 AM,Maryland (State) Route,NEW HAMPSHIRE AVE (SB/L),RANDOLPH RD,"Sideswipe, Same Direction","Fog, Smog, Smoke",Wet,Daylight,Traffic Control Signal,"Not Suspect of Alcohol Use, Not Suspect of Drug Use",No,No Apparent Injury,Unknown,MD,Other Trucks,40,2018,RAM,5500
MCP0617001Q,170521796,Montgomery County Police,Property Damage Crash,07/29/2017 10:30:00 AM,Maryland (State),OLNEY SANDY SPRING RD,MARDEN LA,SAME DIR REAR END,CLOUDY,DRY,DAYLIGHT,NO CONTROLS,NONE DETECTED,Yes,NO APPARENT INJURY,NOT DISTRACTED,MD,(SPORT) UTILITY VEHICLE,30,2003,TOYOTA,4RUNNER
EJ7871005P,220025488,Gaithersburg Police Depar,Property Damage Crash,06/13/2022 10:11:00 PM,County,FIELDS RD,CASE ST,STRAIGHT MOVEMENT ANGLE,CLEAR,DRY,DARK LIGHTS ON,STOP SIGN,NONE DETECTED,No,NO APPARENT INJURY,NOT DISTRACTED,MD,PASSENGER CAR,35,2002,MECURY,4D
MCP25390023,220040221,Montgomery County Police,Injury Crash,09/15/2022 03:39:00 PM,Maryland (State),RIVER RD,GOLDSBORO RD,SAME DIR REAR END,CLEAR,DRY,DAYLIGHT,TRAFFIC SIGNAL,NONE DETECTED,No,POSSIBLE INJURY,NOT DISTRACTED,MD,(SPORT) UTILITY VEHICLE,45,2020,BMW,X3
MCP22310056,190049939,Montgomery County Police,Property Damage Crash,10/18/2019 07:44:00 AM,Maryland (State),FREDERICK RD,DALAMAR ST,SAME DIR REAR END,CLEAR,DRY,DAYLIGHT,OTHER,NONE DETECTED,No,NO APPARENT INJURY,NOT DISTRACTED,MD,PASSENGER CAR,30,2013,FORD,FUSION
MCP3198002K,210009614,Montgomery County Police,Property Damage Crash,03/14/2021 08:23:00 PM,Maryland (State),GEORGIA AVE,ARCOLA AVE,SAME DIR REAR END,CLEAR,DRY,DARK LIGHTS ON,TRAFFIC SIGNAL,ALCOHOL PRESENT,Yes,NO APPARENT INJURY,OTHER DISTRACTION,XX,PASSENGER CAR,35,2007,NISS,XTERRA
MCP2832001Z,16011917,MONTGOMERY,Injury Crash,03-10-16 14:46,County,DEMOCRACY BLVD,FERNWOOD RD,SAME DIR BOTH LEFT TURN,CLEAR,DRY,DAYLIGHT,TRAFFIC SIGNAL,NONE DETECTED,Yes,SUSPECTED MINOR INJURY,UNKNOWN,VA,PASSENGER CAR,35,2011,JAGUAR,XF
MCP32150010,200021894,Montgomery County Police,Property Damage Crash,06-03-20 11:37,County,HUNTINGTON PKWY,OLD GEORGETOWN RD,SAME DIRECTION SIDESWIPE,CLEAR,DRY,DAYLIGHT,TRAFFIC SIGNAL,,No,NO APPARENT INJURY,NOT DISTRACTED,MD,PICKUP TRUCK,30,1994,TOYT,TK
MCP3429000S,250030795,MONTGOMERY,Injury Crash,07-10-25 19:45,Maryland (State) Route,VEIRS MILL RD (WB/L),GALT AVE,Angle,Clear,Dry,Daylight,No Controls,"Not Suspect of Alcohol Use, Not Suspect of Drug Use",Yes,No Apparent Injury,Unknown,MD,Passenger Car,35,2020,TOYOTA,HIGHLANDER
MCP1022007V,170533172,Montgomery County Police,Injury Crash,09/26/2017 07:57:00 AM,Ramp,RAMP 4 FR IS 270 NB TO RIDGE RD EB,RIDGE RD,SINGLE VEHICLE,CLEAR,DRY,DAYLIGHT,WARNING SIGN,NONE DETECTED,Yes,SUSPECTED SERIOUS INJURY,NOT DISTRACTED,MD,TRANSIT BUS,45,2005,ORION,BUS
MCP2977003J,180018235,Montgomery County Police,Property Damage Crash,04/14/2018 11:15:00 AM,Maryland (State),UNIVERSITY BLVD E,SEPTEMBER LA,SAME DIR REAR END,CLEAR,DRY,DAYLIGHT,NO CONTROLS,,Yes,NO APPARENT INJURY,UNKNOWN,MD,VAN,35,2007,CHEV,EXPRESS
DM8456001X,180031645,Takoma Park Police Depart,Injury Crash,06/27/2018 02:00:00 PM,Maryland (State),NEW HAMPSHIRE AVE,HOLTON LA,SAME DIR REAR END,CLEAR,WET,DAYLIGHT,TRAFFIC SIGNAL,NONE DETECTED,No,SUSPECTED MINOR INJURY,NOT DISTRACTED,DC,PASSENGER CAR,35,2006,INFINITI,NISMO G35
MCP1465003G,180028024,Montgomery County Police,Injury Crash,06-07-18 8:45,County,MUDDY BRANCH RD,STONEBRIDGE VIEW DR,SAME DIR REAR END,CLEAR,DRY,DAYLIGHT,NO CONTROLS,NONE DETECTED,Yes,SUSPECTED MINOR INJURY,OTHER CELLULAR PHONE RELATED,MD,PASSENGER CAR,35,2012,VOLK,GOLF
MCP22150011,200007605,Montgomery County Police,Injury Crash,02/14/2020 07:29:00 PM,County,PRICES DISTILLERY RD,CLARKSBURG RD,SINGLE VEHICLE,CLOUDY,DRY,DARK NO LIGHTS,NO CONTROLS,NONE DETECTED,Yes,SUSPECTED MINOR INJURY,NOT DISTRACTED,MD,(SPORT) UTILITY VEHICLE,30,2010,TOYOTA,RAV4
MCP137800BL,16039644,Montgomery County Police,Injury Crash,08-05-16 13:12,Ramp,RAMP 6 FR MD 117 EB TO IS 270 SB,W DIAMOND AVE,STRAIGHT MOVEMENT ANGLE,CLOUDY,DRY,DAYLIGHT,NO CONTROLS,NONE DETECTED,No,NO APPARENT INJURY,NOT DISTRACTED,VA,PASSENGER CAR,35,2016,HYUNDAI,ACCENT
MCP3038006P,230068573,Montgomery County Police,Property Damage Crash,11/27/2023 05:22:00 PM,County,FENTON ST,SILVER SPRING AVE,SAME DIRECTION SIDESWIPE,CLEAR,DRY,DUSK,TRAFFIC SIGNAL,NONE DETECTED,No,NO APPARENT INJURY,NOT DISTRACTED,MD,(SPORT) UTILITY VEHICLE,30,2019,MAZDA,CX5
MCP241100B0,230004465,Montgomery County Police,Injury Crash,01/27/2023 01:51:00 PM,County,SHADY GROVE RD,CRABBS BRANCH WAY,SAME DIR REAR END,CLEAR,DRY,DAYLIGHT,TRAFFIC SIGNAL,NONE DETECTED,Yes,NO APPARENT INJURY,OTHER DISTRACTION,MD,PASSENGER CAR,40,2013,HONDA,ODYSSEY
MCP2345000Q,220044071,Montgomery County Police,Property Damage Crash,10-09-22 0:40,County,GLEN RD,LANTERN HOLLOW DR,STRAIGHT MOVEMENT ANGLE,,DRY,DARK LIGHTS ON,NO CONTROLS,UNKNOWN,Yes,NO APPARENT INJURY,UNKNOWN,,PASSENGER CAR,35,2019,JEEP,CHEROKEE
MCP28120058,190038311,Montgomery County Police,Injury Crash,08-11-19 15:11,Maryland (State),GEORGIA AVE,FOREST GLEN RD,SAME DIR REAR END,,DRY,DAYLIGHT,TRAFFIC SIGNAL,,No,NO APPARENT INJURY,NOT DISTRACTED,MD,(SPORT) UTILITY VEHICLE,35,2016,TOYT,TK
MCP2710001P,170549776,Montgomery County Police,Property Damage Crash,12/20/2017 06:20:00 AM,Maryland (State),QUINCE ORCHARD RD,W DIAMOND AVE,HEAD ON LEFT TURN,,DRY,DARK LIGHTS ON,,NONE DETECTED,Yes,NO APPARENT INJURY,UNKNOWN,MD,PASSENGER CAR,45,2014,HONDA,CIVIC
MCP33340018,230020029,Montgomery County Police,Property Damage Crash,04/26/2023 06:40:00 PM,US (State),COLESVILLE RD,FRANKLIN AVE,SAME DIRECTION SIDESWIPE,CLEAR,DRY,DAYLIGHT,TRAFFIC SIGNAL,NONE DETECTED,No,NO APPARENT INJURY,NOT DISTRACTED,DC,TRANSIT BUS,35,2013,NEW FLYER,TBU
MCP9130004N,180002270,Montgomery County Police,Injury Crash,01/15/2018 06:22:00 AM,Maryland (State),PINEY BRANCH RD,CARROLL AVE,STRAIGHT MOVEMENT ANGLE,CLEAR,DRY,DARK LIGHTS ON,NO CONTROLS,NONE DETECTED,No,POSSIBLE INJURY,NOT DISTRACTED,MD,PASSENGER CAR,30,2012,HONDA,ACCORD
MCP2796003B,16021082,Montgomery County Police,Injury Crash,04/29/2016 10:30:00 AM,Maryland (State),MUNCASTER MILL RD,ENT TO CHURCH,SAME DIR REND LEFT TURN,CLOUDY,WET,DAYLIGHT,NO CONTROLS,NONE DETECTED,Yes,SUSPECTED MINOR INJURY,NOT DISTRACTED,MD,PASSENGER CAR,40,2003,HONDA,CIVIC
MCP33130018,220046927,Montgomery County Police,Injury Crash,10/25/2022 11:41:00 PM,Maryland (State),GEORGIA AVE,ROSSMOOR BLVD,SAME DIR REAR END,CLEAR,DRY,DARK LIGHTS ON,TRAFFIC SIGNAL,UNKNOWN,Yes,NO APPARENT INJURY,UNKNOWN,,UNKNOWN,45,0,UNKNOWN,UNKNOWN
MCP2329000V,16049159,Montgomery County Police,Property Damage Crash,09/24/2016 01:29:00 PM,Maryland (State),QUINCE ORCHARD RD,EISENHOWER MEMORIAL HWY,SAME DIR REAR END,CLOUDY,DRY,DAYLIGHT,,,No,NO APPARENT INJURY,NOT DISTRACTED,MD,(SPORT) UTILITY VEHICLE,35,2007,HONDA,TK
MCP2192003T,210000490,Montgomery County Police,Property Damage Crash,01-05-21 8:02,Maryland (State),GEORGIA AVE,HINES RD,SINGLE VEHICLE,CLOUDY,DRY,DAYLIGHT,,NONE DETECTED,No,NO APPARENT INJURY,UNKNOWN,MD,PASSENGER CAR,45,2014,HONDA,CIVIC
MCP33350030,240040632,MONTGOMERY,Property Damage Crash,08/27/2024 08:18:00 PM,Maryland (State) Route,UNIVERSITY BLVD E (WB/L),NAVAHOE DR,"Sideswipe, Opposite Direction",Clear,Dry,Dark - Lighted,No Controls,"Not Suspect of Alcohol Use, Not Suspect of Drug Use",No,No Apparent Injury,Not Distracted,MD,Pickup,30,2024,TOYOTA,TUNDRA
MCP3053002F,180034228,Montgomery County Police,Property Damage Crash,07-11-18 11:15,,,,OTHER,CLEAR,,DAYLIGHT,NO CONTROLS,,Yes,NO APPARENT INJURY,INATTENTIVE OR LOST IN THOUGHT,MD,PASSENGER CAR,10,2006,NISSAN,SENTRA
MCP2844004Y,210013300,Montgomery County Police,Property Damage Crash,04-09-21 16:30,County,RANDOLPH RD,BLUHILL RD,STRAIGHT MOVEMENT ANGLE,,DRY,DAYLIGHT,NO CONTROLS,NONE DETECTED,No,NO APPARENT INJURY,NOT DISTRACTED,MD,PASSENGER CAR,35,2010,TOYOTA,CAMRY
MCP2286003Z,220002076,Montgomery County Police,Injury Crash,01/17/2022 05:40:00 PM,Maryland (State),FREDERICK RD,REDLAND RD,SAME DIRECTION SIDESWIPE,CLEAR,ICE,DARK LIGHTS ON,NO CONTROLS,NONE DETECTED,Yes,POSSIBLE INJURY,NOT DISTRACTED,MD,PASSENGER CAR,40,2010,NISSAN,SENTRA
MCP25560013,16065745,Montgomery County Police,Property Damage Crash,12/22/2016 03:59:00 PM,County,CENTRAL AVE,PARADISE CT,SAME DIR REAR END,CLEAR,DRY,DAYLIGHT,NO CONTROLS,NONE DETECTED,No,NO APPARENT INJURY,NOT DISTRACTED,MD,PASSENGER CAR,35,1998,INFINITI,TK
MCP15340013,250018145,MONTGOMERY,Property Damage Crash,04/26/2025 01:44:00 PM,County Route,ANNAPOLIS ROCK RD,,Angle,Clear,Dry,Daylight,No Controls,"Not Suspect of Alcohol Use, Not Suspect of Drug Use",No,No Apparent Injury,Not Distracted,MD,Passenger Car,35,2017,HONDA,ACCORD
MCP3197003G,230022454,Montgomery County Police,Property Damage Crash,05-10-23 17:08,Maryland (State),GEORGIA AVE,BEL PRE RD,SAME DIR REAR END,CLEAR,DRY,DAYLIGHT,TRAFFIC SIGNAL,NONE DETECTED,Yes,NO APPARENT INJURY,LOOKED BUT DID NOT SEE,MD,PASSENGER CAR,40,2018,CHEVY,EQUINOX
MCP2987001B,16061247,Montgomery County Police,Injury Crash,11/29/2016 03:11:00 PM,County,VALLEY BROOK DR,NEW HAMPSHIRE AVE,STRAIGHT MOVEMENT ANGLE,RAINING,WET,DAYLIGHT,NO CONTROLS,NONE DETECTED,No,POSSIBLE INJURY,NOT DISTRACTED,MD,PASSENGER CAR,25,2014,TOYOTA,CAMRY
MCP2610000H,16013212,MONTGOMERY,Property Damage Crash,03/17/2016 06:02:00 PM,County,WASHINGTONIAN BLVD,BEGIN BRIDGE,SAME DIRECTION LEFT TURN,CLEAR,DRY,DAYLIGHT,NO CONTROLS,NONE DETECTED,No,NO APPARENT INJURY,LOOKED BUT DID NOT SEE,MD,PASSENGER CAR,30,2015,CHEV,2S
MCP2965001P,17012585,Montgomery County Police,Injury Crash,03-10-17 8:44,Maryland (State),GEORGIA AVE,DAMASCUS RD,SAME DIR REAR END,SNOW,WET,DAYLIGHT,NO CONTROLS,NONE DETECTED,Yes,NO APPARENT INJURY,NOT DISTRACTED,MD,PICKUP TRUCK,45,2016,CHEVROLET,SILVERADO
MCP32150039,220031345,Montgomery County Police,Property Damage Crash,07/21/2022 02:39:00 PM,Maryland (State),CONNECTICUT AVE,RAMP 3 FR IS 495 EB TO MD 185 NB,STRAIGHT MOVEMENT ANGLE,CLEAR,DRY,DAYLIGHT,TRAFFIC SIGNAL,NONE DETECTED,No,NO APPARENT INJURY,NOT DISTRACTED,MD,(SPORT) UTILITY VEHICLE,35,2013,FORD,EXPOLORER
DD5527004D,220049731,Rockville Police Departme,Property Damage Crash,11-10-22 18:37,,,,OTHER,CLEAR,,DARK LIGHTS ON,NO CONTROLS,NONE DETECTED,Yes,NO APPARENT INJURY,LOOKED BUT DID NOT SEE,MD,PASSENGER CAR,5,2016,CADI,UT
DD5674000D,240046144,ROCKVILLE,Property Damage Crash,09/27/2024 11:50:00 AM,Municipality Route,MT VERNON PL,ROCKVILLE PIKE,Angle,Cloudy,Wet,Daylight,No Controls,"Not Suspect of Alcohol Use, Not Suspect of Drug Use",Yes,No Apparent Injury,Unknown,MD,Passenger Car,25,2024,BUICK,ENVISTA
MCP3360001Q,240009243,MONTGOMERY,Property Damage Crash,02/25/2024 07:33:00 PM,Crossover,,LOST KNIFE RD,Front to Rear,Clear,Dry,Dark - Lighted,Traffic Control Signal,"Not Suspect of Alcohol Use, Not Suspect of Drug Use",No,No Apparent Injury,Not Distracted,MD,Bus - Transit,30,2016,GILLIG,CITY TRANSIT BUS
MCP32150026,210041494,Montgomery County Police,Injury Crash,10/16/2021 08:47:00 AM,Other Public Roadway,MONTROSE PKWY,E JEFFERSON ST,SAME DIR REAR END,CLEAR,DRY,DAYLIGHT,NO CONTROLS,NONE DETECTED,No,POSSIBLE INJURY,NOT DISTRACTED,NY,PASSENGER CAR,35,2008,HONDA,ACCORD
MCP20010006,15010842,Montgomery County Police,Fatal Crash,03-09-15 7:39,Maryland (State),DARNESTOWN RD,MARTINSBURG RD,HEAD ON,,SLUSH,DAYLIGHT,,UNKNOWN,Yes,POSSIBLE INJURY,UNKNOWN,MD,PICKUP TRUCK,50,1997,FORD,F250
MCP2886000W,15053863,MONTGOMERY,Injury Crash,10/23/2015 04:47:00 PM,Maryland (State),VEIRS MILL RD,ASPEN HILL RD,SAME DIR REAR END,CLEAR,,DAYLIGHT,,NONE DETECTED,Yes,POSSIBLE INJURY,OTHER DISTRACTION,MD,PASSENGER CAR,45,2002,CHRYSLER,PT CRUISER
MCP15750053,170512674,Montgomery County Police,Injury Crash,06-09-17 12:24,County,CRABBS BRANCH WAY,REDLAND RD,SAME DIRECTION LEFT TURN,CLEAR,DRY,DAYLIGHT,NO CONTROLS,NONE DETECTED,No,POSSIBLE INJURY,NOT DISTRACTED,MD,PASSENGER CAR,35,2016,NISSAN,NV200