Report Number,Local Case Number,Agency Name,ACRS Report Type,Crash Date/Time,Route Type,Road Name,Cross-Street Name,Collision Type,Weather,Surface Condition,Light,Traffic Control,Driver Substance Abuse,Driver At Fault,Injury Severity,Driver Distracted By,Drivers License State,Vehicle Body Type,Speed Limit,Vehicle Year,Vehicle Make,Vehicle Model
MCP3016000J,16013533,Montgomery County Police,Injury Crash,03/19/2016 08:02:00 AM,County,SUNDOWN RD,DAMASCUS RD,SINGLE VEHICLE,CLEAR,DRY,DAYLIGHT,,NONE DETECTED,Yes,SUSPECTED MINOR INJURY,NOT DISTRACTED,MD,PASSENGER CAR,40,2006,FORD,MUSTANG
MCP31410019,190045416,Montgomery County Police,Injury Crash,09/22/2019 12:45:00 PM,Maryland (State),NEW HAMPSHIRE AVE,ELDRID DR,SINGLE VEHICLE,,DRY,DAYLIGHT,NO CONTROLS,NONE DETECTED,No,POSSIBLE INJURY,LOOKED BUT DID NOT SEE,VA,MOTORCYCLE,45,2005,YAMAHA,XV1700
MCP211600G6,240053048,MONTGOMERY,Injury Crash,11-05-24 7:45,County Route,MEDWAY ST,,"Sideswipe, Same Direction",Clear,Dry,Daylight,No Controls,"Not Suspect of Alcohol Use, Not Suspect of Drug Use",No,No Apparent Injury,Not Distracted,MD,Passenger Car,25,2014,NISSAN,PATHFINDER
MCP20160074,230020161,Montgomery County Police,Injury Crash,04/27/2023 02:42:00 PM,Municipality,E JEFFERSON ST,MT VERNON PL,HEAD ON LEFT TURN,CLEAR,DRY,DAYLIGHT,NO CONTROLS,NONE DETECTED,Yes,NO APPARENT INJURY,NOT DISTRACTED,MD,PASSENGER CAR,15,2009,TOYT,4S
MCP1022005N,16049863,Montgomery County Police,Injury Crash,09/28/2016 08:10:00 AM,Maryland (State),RIDGE RD,BRINK RD,HEAD ON LEFT TURN,CLOUDY,DRY,DAYLIGHT,TRAFFIC SIGNAL,NONE DETECTED,Yes,NO APPARENT INJURY,NOT DISTRACTED,MD,PASSENGER CAR,40,2013,TESLA,S
MCP1174002S,170549251,Montgomery County Police,Injury Crash,12/18/2017 11:02:00 AM,County,WOODMONT AVE,ELM ST,OTHER,CLOUDY,DRY,DAYLIGHT,TRAFFIC SIGNAL,NONE DETECTED,Yes,NO APPARENT INJURY,LOOKED BUT DID NOT SEE,MD,PASSENGER CAR,25,2016,HONDA,CIVIC
MCP3165001T,190060753,Montgomery County Police,Injury Crash,12/17/2019 01:50:00 PM,Maryland (State),SANDY SPRING RD,US 29 (SB/L),SAME DIR REAR END,RAINING,WET,DAYLIGHT,TRAFFIC SIGNAL,NONE DETECTED,No,NO APPARENT INJURY,NOT DISTRACTED,MD,PASSENGER CAR,40,2000,MITS,4S
MCP27710020,230018633,Montgomery County Police,Property Damage Crash,04/19/2023 08:50:00 AM,Maryland (State),CONNECTICUT AVE,ENT TO BUSINESS,STRAIGHT MOVEMENT ANGLE,CLEAR,DRY,DAYLIGHT,STOP SIGN,,No,NO APPARENT INJURY,NOT DISTRACTED,MD,PASSENGER CAR,35,2009,TOYT,YARIS
MCP2055002D,180001796,Montgomery County Police,Injury Crash,01-12-18 8:00,Maryland (State),GREAT SENECA HWY,LONGDRAFT RD,STRAIGHT MOVEMENT ANGLE,RAINING,WET,DAYLIGHT,TRAFFIC SIGNAL,NONE DETECTED,Yes,POSSIBLE INJURY,NOT DISTRACTED,MD,(SPORT) UTILITY VEHICLE,50,2015,HOND,TK
MCP3280005N,240032898,MONTGOMERY,Property Damage Crash,07-12-24 13:05,,,,Angle,Clear,,Daylight,,"Not Suspect of Alcohol Use, Not Suspect of Drug Use",No,No Apparent Injury,Not Distracted,MD,Passenger Car,0,2018,CHRYSLER,PACIFICA
MCP3093005Z,250023501,MONTGOMERY,Property Damage Crash,05/27/2025 02:23:00 PM,,,,Front to Rear,Rain,,Daylight,,"Not Suspect of Alcohol Use, Not Suspect of Drug Use",No,No Apparent Injury,Not Distracted,VA,Passenger Car,0,2015,TOYOTA,COROLLA
MCP28710027,15056212,MONTGOMERY,Injury Crash,11-04-15 16:23,Maryland (State),OLD GEORGETOWN RD,RAMP 4 FR MD 187 NB TO IS 270 EB,STRAIGHT MOVEMENT ANGLE,CLEAR,DRY,DAYLIGHT,TRAFFIC SIGNAL,NONE DETECTED,Yes,NO APPARENT INJURY,LOOKED BUT DID NOT SEE,MD,PASSENGER CAR,35,2008,VOLK,PASSAT
MCP2977007G,200029393,Montgomery County Police,Property Damage Crash,07/29/2020 07:50:00 AM,Maryland (State),UNIVERSITY BLVD E,NAVAHOE DR,SAME DIRECTION SIDESWIPE,CLEAR,DRY,DAYLIGHT,WARNING SIGN,,No,NO APPARENT INJURY,NOT DISTRACTED,MD,PICKUP TRUCK,35,2007,FORD,F250
MCP1575006G,180011793,Montgomery County Police,Property Damage Crash,03-08-18 16:36,,,,OPPOSITE DIRECTION SIDESWIPE,CLEAR,,DAYLIGHT,NO CONTROLS,NONE DETECTED,Yes,NO APPARENT INJURY,NOT DISTRACTED,MD,PASSENGER CAR,0,1997,CHEVY,CAVALIER
MCP28370040,210048737,Montgomery County Police,Injury Crash,12-01-21 12:24,Maryland (State),ROCKVILLE PIKE,BOU AVE,HEAD ON LEFT TURN,CLEAR,DRY,DAYLIGHT,TRAFFIC SIGNAL,,Yes,POSSIBLE INJURY,LOOKED BUT DID NOT SEE,MD,PASSENGER CAR,40,2019,NISSAN,SENTRA
MCP2162005G,230018731,Montgomery County Police,Injury Crash,04/19/2023 03:48:00 PM,Maryland (State),UNIVERSITY BLVD E,PINEY BRANCH RD,SAME DIR REAR END,CLEAR,DRY,DAYLIGHT,NO CONTROLS,,No,POSSIBLE INJURY,NOT DISTRACTED,MD,PASSENGER CAR,35,2012,HONDA,CRV
MCP2565002R,16017675,Montgomery County Police,Injury Crash,04-11-16 12:41,Interstate (State),EISENHOWER MEMORIAL HWY,RAMP 2 FR IS 270 TO RAMP 9 (TO MD 187B),SAME DIR REAR END,CLEAR,DRY,DAYLIGHT,NO CONTROLS,NONE DETECTED,Yes,SUSPECTED MINOR INJURY,NOT DISTRACTED,MD,PASSENGER CAR,35,2009,LEXUS,ES 350
MCP28430017,170535399,Montgomery County Police,Property Damage Crash,10-07-17 23:16,Municipality,E DIAMOND AVE,E DIAMOND AVE,OPPOSITE DIRECTION SIDESWIPE,CLEAR,,DARK -- UNKNOWN LIGHTING,,ALCOHOL PRESENT,Yes,NO APPARENT INJURY,NOT DISTRACTED,MD,PASSENGER CAR,30,2013,TOYOTA,4D
MCP26650012,15026310,Montgomery County Police,Property Damage Crash,05/31/2015 05:04:00 PM,,,,SAME DIR REAR END,CLEAR,,DAYLIGHT,NO CONTROLS,,Yes,NO APPARENT INJURY,LOOKED BUT DID NOT SEE,MD,PASSENGER CAR,10,2001,CHRY,4S
MCP22280003,16066105,Montgomery County Police,Property Damage Crash,12/24/2016 01:13:00 AM,Municipality,N WASHINGTON ST,WOOD LA,STRAIGHT MOVEMENT ANGLE,CLEAR,DRY,DARK LIGHTS ON,STOP SIGN,ALCOHOL PRESENT,Yes,NO APPARENT INJURY,UNKNOWN,MD,OTHER,25,2010,MERCURY,MILAN
EJ7876004Y,220039813,Gaithersburg Police Depar,Property Damage Crash,09/13/2022 04:00:00 PM,Maryland (State),GREAT SENECA HWY,MUDDY BRANCH RD,SAME DIR REAR END,CLEAR,DRY,DAYLIGHT,TRAFFIC SIGNAL,,Yes,NO APPARENT INJURY,NOT DISTRACTED,MD,PASSENGER CAR,50,2019,DODGE,DURANGO
MCP3221002H,230053029,Montgomery County Police,Property Damage Crash,09-03-23 22:42,Maryland (State),ROCKVILLE PIKE,ROSE AVE,ANGLE MEETS LEFT TURN,CLEAR,DRY,DARK LIGHTS ON,TRAFFIC SIGNAL,UNKNOWN,Yes,NO APPARENT INJURY,UNKNOWN,,(SPORT) UTILITY VEHICLE,40,2016,JEEP,GRAND CHEROKEE
MCP1202000L,15037674,MONTGOMERY,Property Damage Crash,07/30/2015 09:04:00 AM,Maryland (State),WISCONSIN AVE,FAIRMONT AVE,SAME DIR REAR END,CLEAR,DRY,DAYLIGHT,NO CONTROLS,NONE DETECTED,Yes,NO APPARENT INJURY,NOT DISTRACTED,DC,(SPORT) UTILITY VEHICLE,25,2003,HONDA,PILOT
MCP2965005X,220021951,Montgomery County Police,Injury Crash,05/23/2022 01:20:00 PM,Maryland (State),OLNEY LAYTONSVILLE RD,QUEEN ELIZABETH DR,SAME DIR REAR END,CLEAR,DRY,DAYLIGHT,NO CONTROLS,NONE DETECTED,No,NO APPARENT INJURY,NOT DISTRACTED,MD,PASSENGER CAR,40,2020,TOYT,SD
MCP312900C6,250010822,MONTGOMERY,Property Damage Crash,03-12-25 10:54,Maryland (State) Route,VEIRS MILL RD (WB/L),GALT AVE,Angle,Clear,Dry,Daylight,No Controls,"Not Suspect of Alcohol Use, Not Suspect of Drug Use",No,No Apparent Injury,Not Distracted,MD,Passenger Car,35,2018,HYUNDAI,SONATA
MCP3037000S,170501443,Montgomery County Police,Property Damage Crash,04-10-17 16:39,,,,STRAIGHT MOVEMENT ANGLE,CLEAR,,DAYLIGHT,NO CONTROLS,UNKNOWN,Yes,NO APPARENT INJURY,UNKNOWN,MD,PASSENGER CAR,25,2008,CHEVY,IMPALA
MCP2723001W,16045090,Montgomery County Police,Injury Crash,09-03-16 11:23,County,BRIGGS RD,LAYHILL RD,ANGLE MEETS RIGHT TURN,CLEAR,DRY,DAYLIGHT,TRAFFIC SIGNAL,ALCOHOL PRESENT,Yes,NO APPARENT INJURY,UNKNOWN,MD,PASSENGER CAR,30,2003,CADILLAC,TRK
MCP2738005R,250042569,MONTGOMERY,Property Damage Crash,09/22/2025 02:51:00 AM,Ramp,RAMP 9 FR RAMP 1 TO BRIGGS CHANEY RD EB,,Front to Rear,Clear,Dry,Dark - Lighted,Traffic Control Signal,"Unknown, Unknown",No,,,,Passenger Car,25,2016,MERCEDES-BENZ,C-CLASS
MCP28440074,230065773,Montgomery County Police,Property Damage Crash,11-11-23 11:40,Maryland (State),GEORGIA AVE,CONNECTICUT AVE,SAME DIRECTION RIGHT TURN,CLEAR,DRY,DAYLIGHT,OTHER,NONE DETECTED,Yes,NO APPARENT INJURY,NOT DISTRACTED,MD,PASSENGER CAR,35,2020,C-HR,TOYOTA
MCP3104001N,190031829,Montgomery County Police,Property Damage Crash,07-04-19 3:24,Maryland (State),NEW HAMPSHIRE AVE,OAKVIEW DR,SAME DIR REAR END,CLEAR,DRY,DARK LIGHTS ON,TRAFFIC SIGNAL,ALCOHOL CONTRIBUTED,Yes,NO APPARENT INJURY,UNKNOWN,MD,PASSENGER CAR,40,2005,FORD,E250
MCP2717006B,16029798,Montgomery County Police,Property Damage Crash,06/13/2016 03:00:00 PM,County,FRANKLIN ST,CEDAR LA,OTHER,CLEAR,DRY,DAYLIGHT,STOP SIGN,NONE DETECTED,Yes,NO APPARENT INJURY,LOOKED BUT DID NOT SEE,MD,SCHOOL BUS,25,2014,THOMAS,SCHOOL BUS
MCP2800006Q,250026208,MONTGOMERY,Property Damage Crash,06-12-25 13:41,County Route,DEMOCRACY BLVD (EB/L),MAYFIELD DR,Front to Rear,Clear,Dry,Daylight,Stop Sign,"Not Suspect of Alcohol Use, Not Suspect of Drug Use",Yes,No Apparent Injury,Unknown,MD,Pickup,35,2016,NISSAN,FRONTIER
DD5603002W,16027098,Rockville Police Departme,Injury Crash,05/31/2016 12:12:00 PM,Maryland (State),VEIRS MILL RD,EDMONSTON DR,SAME DIR REAR END,CLEAR,DRY,DAYLIGHT,TRAFFIC SIGNAL,NONE DETECTED,Yes,NO APPARENT INJURY,LOOKED BUT DID NOT SEE,MD,PASSENGER CAR,35,2012,TOYOTA,4S
MCP3065001Y,180035280,Montgomery County Police,Injury Crash,07/17/2018 06:49:00 AM,Maryland (State),UNIVERSITY BLVD E,COLESVILLE RD,OTHER,CLEAR,DRY,DAYLIGHT,TRAFFIC SIGNAL,NONE DETECTED,Unknown,NO APPARENT INJURY,NOT DISTRACTED,MD,PASSENGER CAR,35,2018,TOYOTA,RAV4
MCP3339004Z,250005462,MONTGOMERY,Property Damage Crash,02-06-25 14:30,,,,"Sideswipe, Same Direction",Clear,,Daylight,,"Not Suspect of Alcohol Use, Not Suspect of Drug Use",No,No Apparent Injury,Not Distracted,MD,Bus - School,0,2021,FREIGHTLINER,B2 BUS CHASSIS
MCP30370056,230032089,Montgomery County Police,Property Damage Crash,07-05-23 18:54,Maryland (State),FREDERICK RD,MIDDLEBROOK RD,HEAD ON LEFT TURN,CLEAR,DRY,DAYLIGHT,TRAFFIC SIGNAL,NONE DETECTED,No,NO APPARENT INJURY,NOT DISTRACTED,MD,PASSENGER CAR,35,2012,HONDA,CIVIC
MCP1477000H,190047633,Montgomery County Police,Property Damage Crash,10-04-19 12:50,Maryland (State),SANDY SPRING RD,COLUMBIA PIKE,STRAIGHT MOVEMENT ANGLE,CLEAR,DRY,DAYLIGHT,TRAFFIC SIGNAL,,Yes,NO APPARENT INJURY,NOT DISTRACTED,,ALL TERRAIN VEHICLE (ATV),50,0,UNKNOWN,UNKNOWN
MCP2967006J,250006789,MONTGOMERY,Property Damage Crash,02/15/2025 01:19:00 PM,County Route,DEMOCRACY BLVD,,"Sideswipe, Same Direction",Rain,Wet,Daylight,Traffic Control Signal,"Not Suspect of Alcohol Use, Not Suspect of Drug Use",No,No Apparent Injury,Not Distracted,MD,Sport Utility Vehicle,35,2021,ACURA,RDX
MCP3244001R,220016140,Montgomery County Police,Injury Crash,04/16/2022 12:22:00 PM,Maryland (State),UNIVERSITY BLVD E,E FRANKLIN AVE,SAME DIR REAR END,CLEAR,DRY,DAYLIGHT,,NONE DETECTED,Yes,NO APPARENT INJURY,NOT DISTRACTED,MD,PASSENGER CAR,35,2019,KIA,SOUL
DD55140003,170536937,Rockville Police Departme,Property Damage Crash,10/16/2017 10:00:00 AM,,W MONTGOMERY,NELSON,SINGLE VEHICLE,CLOUDY,WET,DAYLIGHT,YIELD SIGN,NONE DETECTED,Yes,NO APPARENT INJURY,NOT DISTRACTED,PA,PICKUP TRUCK,35,2001,FORD,RANGER
MCP31950030,210045964,Montgomery County Police,Property Damage Crash,11-12-21 19:34,County,E RANDOLPH RD,TAMARACK RD,STRAIGHT MOVEMENT ANGLE,CLEAR,DRY,DARK LIGHTS ON,STOP SIGN,NONE DETECTED,Yes,NO APPARENT INJURY,LOOKED BUT DID NOT SEE,MA,PASSENGER CAR,35,2011,TOYOTA,RAV4
MCP229800R2,200010640,Montgomery County Police,Injury Crash,03-03-20 18:36,,,,SINGLE VEHICLE,RAINING,,DARK LIGHTS ON,STOP SIGN,NONE DETECTED,Unknown,NO APPARENT INJURY,LOOKED BUT DID NOT SEE,MD,PASSENGER CAR,10,2007,HOND,2S
MCP1453001N,15034708,MONTGOMERY,Injury Crash,07/15/2015 07:36:00 AM,Maryland (State),QUINCE ORCHARD RD,EISENHOWER MEMORIAL HWY,SAME DIR REAR END,CLEAR,DRY,DAYLIGHT,NO CONTROLS,NONE DETECTED,No,NO APPARENT INJURY,NOT DISTRACTED,DC,PASSENGER CAR,35,2010,TOYOTA,CAMRY
EJ7847003G,250052524,GAITHERSBURG,Injury Crash,11/23/2025 01:02:00 AM,Municipality Route,,FREDERICK RD (SB/L),Front to Rear,Clear,Dry,Dark - Lighted,Traffic Control Signal,"Suspect of Alcohol Use, Not Suspect of Drug Use",Yes,No Apparent Injury,Unknown,MD,Passenger Car,45,2009,ACURA,TL
MCP26330035,230020018,Montgomery County Police,Property Damage Crash,04/26/2023 05:38:00 PM,Maryland (State),DARNESTOWN RD,MUDDY BRANCH RD,SAME DIR REAR END,CLEAR,DRY,DAYLIGHT,NO CONTROLS,,No,NO APPARENT INJURY,UNKNOWN,MD,PASSENGER CAR,45,2012,HOND,TK
MCP3220003Z,230026702,Montgomery County Police,Property Damage Crash,06-03-23 18:05,Municipality,WASHINGTONIAN BLVD,CROSSOVER,STRAIGHT MOVEMENT ANGLE,CLEAR,DRY,DAYLIGHT,STOP SIGN,NONE DETECTED,Yes,NO APPARENT INJURY,UNKNOWN,MD,PASSENGER CAR,15,2006,TOYT,TK
MCP3114002S,220055785,Montgomery County Police,Property Damage Crash,12/16/2022 05:33:00 PM,Maryland (State),NEW HAMPSHIRE AVE,OAKLAWN DR,SAME DIR REAR END,CLEAR,DRY,DARK LIGHTS ON,,,No,NO APPARENT INJURY,NOT DISTRACTED,,,40,0,UNKNOWN,UNKNOWN
MCP9110000L,16003868,Montgomery County Police,Property Damage Crash,01/21/2016 05:50:00 PM,Interstate (State),EISENHOWER MEMORIAL HWY,GERMANTOWN RD,SAME DIR REAR END,CLEAR,DRY,DARK LIGHTS ON,NO CONTROLS,NONE DETECTED,Yes,NO APPARENT INJURY,NOT DISTRACTED,MD,PASSENGER CAR,55,1994,MERZ,E320
MCP003600CR,200001370,Montgomery County Police,Injury Crash,01-08-20 18:09,Maryland (State),WOODFIELD RD,NEW CHURCH ST,SAME DIR REAR END,CLEAR,DRY,DARK LIGHTS ON,NO CONTROLS,NONE DETECTED,No,POSSIBLE INJURY,NOT DISTRACTED,MD,VAN,30,2015,HONDA,ODYSSEY
MCP2455000L,15003530,Montgomery County Police,Property Damage Crash,01/22/2015 11:07:00 AM,Maryland (State),FREDERICK RD,REDLAND BLVD,HEAD ON LEFT TURN,CLEAR,WET,DAYLIGHT,TRAFFIC SIGNAL,,No,NO APPARENT INJURY,UNKNOWN,MD,"CARGO VAN/LIGHT TRUCK 2 AXLES (OVER 10,000LBS (4,536 KG))",40,1993,CHEV,VN
MCP94220005,16003755,Montgomery County Police,Injury Crash,01/21/2016 01:36:00 AM,Maryland (State),WISCONSIN AVE,CHELTENHAM DR,SAME DIRECTION LEFT TURN,CLEAR,SNOW,DARK LIGHTS ON,NO CONTROLS,NONE DETECTED,No,NO APPARENT INJURY,NOT DISTRACTED,MD,PASSENGER CAR,25,2013,FORD,ESCAPE
MCP2622000L,15034947,MONTGOMERY,Property Damage Crash,07/16/2015 12:04:00 PM,County,MONTCLAIR DR,HOLLYWOOD AVE,ANGLE MEETS LEFT HEAD ON,CLEAR,DRY,DAYLIGHT,STOP SIGN,NONE DETECTED,Yes,NO APPARENT INJURY,LOOKED BUT DID NOT SEE,MD,(SPORT) UTILITY VEHICLE,30,2008,TOYT,SU
MCP3037002C,180060641,Montgomery County Police,Injury Crash,12-04-18 15:09,Maryland (State),WOODFIELD RD,ROSEWOOD MANOR LA,STRAIGHT MOVEMENT ANGLE,CLOUDY,DRY,DAYLIGHT,STOP SIGN,NONE DETECTED,Yes,SUSPECTED MINOR INJURY,LOOKED BUT DID NOT SEE,MD,(SPORT) UTILITY VEHICLE,25,2017,GMC,TERRAIN
MCP32570066,230019160,Montgomery County Police,Property Damage Crash,04/21/2023 09:55:00 PM,County,RANDOLPH RD,ROCKING HORSE RD,SAME DIRECTION SIDESWIPE,CLEAR,DRY,DARK LIGHTS ON,NO CONTROLS,NONE DETECTED,No,NO APPARENT INJURY,LOOKED BUT DID NOT SEE,VA,TRANSIT BUS,30,2019,NFLY,548
MCP2402000R,200041768,Montgomery County Police,Property Damage Crash,10/22/2020 07:39:00 PM,County,SAM EIG HWY,GREAT SENECA HWY,SAME DIR REAR END,CLEAR,DRY,DUSK,TRAFFIC SIGNAL,UNKNOWN,Yes,NO APPARENT INJURY,UNKNOWN,MD,VAN,50,1993,PLYMOUTH,VOYAGER
MCP2898005W,250011941,MONTGOMERY,Property Damage Crash,03/18/2025 08:44:00 PM,Maryland (State) Route,FREDERICK RD (SB/L),GUNNERS BRANCH RD,Angle,Clear,Dry,Dark - Lighted,Traffic Control Signal,"Not Suspect of Alcohol Use, Not Suspect of Drug Use",No,No Apparent Injury,Not Distracted,MD,Passenger Car,45,2017,VOLKSWAGEN,JETTA
MCP29870055,190020667,Montgomery County Police,Property Damage Crash,05-01-19 21:30,,,,OTHER,,,DARK LIGHTS ON,NO CONTROLS,UNKNOWN,Yes,NO APPARENT INJURY,LOOKED BUT DID NOT SEE,MD,,5,0,UNKNOWN,UNKNOWN
MCP1152000Q,190024557,Montgomery County Police,Property Damage Crash,05/23/2019 04:00:00 PM,Maryland (State),CLARKSBURG RD,RAMP 4 FR IS 270 NB TO MD 121 EB,SAME DIRECTION LEFT TURN,RAINING,WET,DAYLIGHT,NO CONTROLS,,Yes,NO APPARENT INJURY,LOOKED BUT DID NOT SEE,MD,"OTHER LIGHT TRUCKS (10,000LBS (4,536KG) OR LESS)",35,2008,KENW,T300
MCP3010007J,220050408,Montgomery County Police,Property Damage Crash,11/15/2022 07:12:00 AM,County,MARINELLI RD,ROCKVILLE PIKE,SAME DIRECTION SIDESWIPE,CLEAR,DRY,DAWN,,,No,NO APPARENT INJURY,NOT DISTRACTED,MD,"OTHER LIGHT TRUCKS (10,000LBS (4,536KG) OR LESS)",30,2008,STLG,DS
MCP3067000G,170531598,Montgomery County Police,Injury Crash,09/19/2017 04:15:00 PM,Maryland (State),FREDERICK RD,ODENDHAL AVE,SAME DIR REAR END,CLEAR,DRY,DAYLIGHT,NO CONTROLS,NONE DETECTED,No,NO APPARENT INJURY,NOT DISTRACTED,MD,PASSENGER CAR,30,1999,HONDA,ACCORD
MCP9134001G,190056843,Montgomery County Police,Property Damage Crash,11/25/2019 01:57:00 AM,County,SILVER SPRING AVE,MAYOR LA,SAME DIRECTION SIDESWIPE,CLEAR,DRY,DARK LIGHTS ON,NO CONTROLS,,Yes,NO APPARENT INJURY,NOT DISTRACTED,VA,PASSENGER CAR,30,2010,VOLKSWAGEN,PASSAT
MCP3133004X,230062643,Montgomery County Police,Property Damage Crash,10/26/2023 09:57:00 AM,County,ZION RD,BROOKEVILLE RD,STRAIGHT MOVEMENT ANGLE,CLEAR,DRY,DAYLIGHT,STOP SIGN,NONE DETECTED,Yes,NO APPARENT INJURY,NOT DISTRACTED,MD,PASSENGER CAR,40,2023,KIA,FORTE
MCP29050037,170540687,Montgomery County Police,Property Damage Crash,11-03-17 13:48,County,WESTLAKE DR,DEMOCRACY BLVD,STRAIGHT MOVEMENT ANGLE,CLOUDY,DRY,DAYLIGHT,NO CONTROLS,,No,NO APPARENT INJURY,NOT DISTRACTED,MD,TRANSIT BUS,30,2013,GILL,BU
MCP3255002K,210049758,Montgomery County Police,Property Damage Crash,12-07-21 18:03,County,SNOUFFERS SCHOOL RD,WIGHTMAN RD (BACK),SAME DIR REAR END,CLEAR,DRY,,NO CONTROLS,,Yes,NO APPARENT INJURY,LOOKED BUT DID NOT SEE,MD,(SPORT) UTILITY VEHICLE,35,2020,HYUNDAI,SANTA FE
EJ7888001F,210047555,Gaithersburg Police Depar,Injury Crash,11/23/2021 07:45:00 AM,Maryland (State),S FREDERICK RD,E DEER PARK DR,STRAIGHT MOVEMENT ANGLE,CLEAR,DRY,DAYLIGHT,TRAFFIC SIGNAL,NONE DETECTED,No,SUSPECTED SERIOUS INJURY,NOT DISTRACTED,MD,PASSENGER CAR,35,2017,TOYT,TK
MCP2823001H,15044386,MONTGOMERY,Injury Crash,09-03-15 17:41,County,RANDOLPH RD,CHARLES RD,STRAIGHT MOVEMENT ANGLE,CLEAR,DRY,DAYLIGHT,NO CONTROLS,NONE DETECTED,No,SUSPECTED MINOR INJURY,NOT DISTRACTED,WA,PASSENGER CAR,35,2014,KIA,RIO
EJ7871006L,230055449,Gaithersburg Police Depar,Property Damage Crash,09/18/2023 02:59:00 AM,Municipality,W WATKINS MILL RD,ROAD END,SINGLE VEHICLE,RAINING,WET,DARK LIGHTS ON,TRAFFIC SIGNAL,ALCOHOL PRESENT,Yes,NO APPARENT INJURY,LOOKED BUT DID NOT SEE,MD,PASSENGER CAR,35,2020,MERCEDES BENZ,CLA 250
MCP2195004V,220011830,Montgomery County Police,Property Damage Crash,03/19/2022 08:31:00 AM,Government,MEADOWSIDE LA,MUNCASTER MILL RD,SAME DIR REAR END,CLEAR,DRY,DAYLIGHT,NO CONTROLS,NONE DETECTED,Yes,NO APPARENT INJURY,INATTENTIVE OR LOST IN THOUGHT,XX,PICKUP TRUCK,40,1995,GMC,TK
MCP31690032,200030646,Montgomery County Police,Injury Crash,08-07-20 10:06,Maryland (State),NEW HAMPSHIRE AVE,ADELPHI RD,HEAD ON LEFT TURN,CLEAR,DRY,DAYLIGHT,TRAFFIC SIGNAL,,No,POSSIBLE INJURY,NOT DISTRACTED,MD,(SPORT) UTILITY VEHICLE,35,2017,KIA,SORENTO
MCP25860011,15013610,Montgomery County Police,Property Damage Crash,03/24/2015 04:58:00 PM,County,FAIRLAND RD,FAIRLAND PARK DR,SAME DIR REAR END,CLEAR,DRY,DAYLIGHT,NO CONTROLS,NONE DETECTED,Yes,NO APPARENT INJURY,UNKNOWN,MD,PASSENGER CAR,40,1999,TOYOTA,CAMRY
MCP29000013,15031692,Montgomery County Police,Property Damage Crash,06/29/2015 01:35:00 AM,Maryland (State),QUINCE ORCHARD RD,RAMP 4 FR IS 270 NB TO MD 124 EB,SINGLE VEHICLE,CLEAR,DRY,DARK NO LIGHTS,NO CONTROLS,NONE DETECTED,No,NO APPARENT INJURY,NOT DISTRACTED,MD,PASSENGER CAR,35,2006,FORD,CROWN VICTORIA
MCP2347001W,180042016,Montgomery County Police,Property Damage Crash,08/23/2018 02:30:00 PM,Maryland (State),SANDY SPRING RD,MCKNEW RD,STRAIGHT MOVEMENT ANGLE,CLEAR,DRY,DAYLIGHT,TRAFFIC SIGNAL,NONE DETECTED,No,NO APPARENT INJURY,NOT DISTRACTED,MD,PASSENGER CAR,40,2014,DODGE,CHALLENGER
MCP30360013,170524099,Montgomery County Police,Property Damage Crash,08-10-17 13:22,County,GOSHEN RD,ROTHBURY DR,ANGLE MEETS LEFT TURN,CLEAR,DRY,DAYLIGHT,TRAFFIC SIGNAL,NONE DETECTED,Yes,NO APPARENT INJURY,UNKNOWN,MD,PASSENGER CAR,30,2002,MERCEDES,C230
MCP9301001K,170525509,Montgomery County Police,Property Damage Crash,08/18/2017 12:50:00 PM,County,MUDDY BRANCH RD,SUFFIELD DR,STRAIGHT MOVEMENT ANGLE,,DRY,DAYLIGHT,NO CONTROLS,,No,NO APPARENT INJURY,NOT DISTRACTED,MD,PASSENGER CAR,45,2010,MERC,TK
EJ78880088,250047534,GAITHERSBURG,Property Damage Crash,10/22/2025 05:53:00 PM,Municipality Route,WATKINS MILL RD (SB/L),TRAVIS AVE,Front to Rear,Clear,Dry,Dusk,Stop Sign,"Unknown, Unknown",No,,,,Passenger Car,30,0,,
MCP3396001F,240050462,MONTGOMERY,Property Damage Crash,10/21/2024 10:14:00 PM,Maryland (State) Route,CONNECTICUT AVE (SB/L),,Front to Rear,Clear,Dry,Dark - Not Lighted,No Controls,"Not Suspect of Alcohol Use, Not Suspect of Drug Use",Yes,No Apparent Injury,Not Distracted,DC,Passenger Car,40,2014,HONDA,CIVIC
MCP94190003,15010006,Montgomery County Police,Property Damage Crash,02/22/2015 01:00:00 PM,,,,OTHER,CLEAR,,DAYLIGHT,,,No,NO APPARENT INJURY,NOT DISTRACTED,MD,(SPORT) UTILITY VEHICLE,0,2009,HONDA,CRV
MCP2552006C,230049632,Montgomery County Police,Injury Crash,08/15/2023 06:21:00 PM,County,REDLAND RD,CRABBS BRANCH WAY,HEAD ON LEFT TURN,RAINING,WET,DAYLIGHT,TRAFFIC SIGNAL,,Yes,SUSPECTED MINOR INJURY,NOT DISTRACTED,MD,PASSENGER CAR,35,2018,TOYOTA,YARIS
MCP2946003C,190019538,Montgomery County Police,Injury Crash,04/26/2019 10:06:00 AM,County,BRINK RD,COG WHEEL WAY,SAME DIR REAR END,CLOUDY,WET,DAYLIGHT,,NONE DETECTED,No,NO APPARENT INJURY,NOT DISTRACTED,MD,(SPORT) UTILITY VEHICLE,40,2018,TOYOTA,HIGHLANDER
MCP3030005P,230069844,Montgomery County Police,Injury Crash,12-04-23 17:50,Maryland (State),BRADLEY BLVD,KENNEDY DR,SAME DIR REAR END,CLEAR,DRY,DARK LIGHTS ON,NO CONTROLS,,Yes,NO APPARENT INJURY,NOT DISTRACTED,MD,PASSENGER CAR,35,2014,PORS,4H