Report Number,Local Case Number,Agency Name,ACRS Report Type,Crash Date/Time,Route Type,Road Name,Cross-Street Name,Collision Type,Weather,Surface Condition,Light,Traffic Control,Driver Substance Abuse,Driver At Fault,Injury Severity,Driver Distracted By,Drivers License State,Vehicle Body Type,Speed Limit,Vehicle Year,Vehicle Make,Vehicle Model
MCP2348000T,15011636,Montgomery County Police,Property Damage Crash,03/13/2015 03:56:00 PM,County,AMHERST AVE,PRICHARD RD,SAME DIR REAR END,CLEAR,DRY,DAYLIGHT,NO CONTROLS,NONE DETECTED,Yes,NO APPARENT INJURY,UNKNOWN,MD,PASSENGER CAR,25,2008,LEXU,4S
MCP20390083,220047620,Montgomery County Police,Property Damage Crash,10/30/2022 07:10:00 AM,County,CONNECTICUT AVE,BEL PRE RD,STRAIGHT MOVEMENT ANGLE,CLEAR,DRY,,,,Yes,NO APPARENT INJURY,LOOKED BUT DID NOT SEE,MD,PASSENGER CAR,35,2013,HYUNDAI,ACCENT
EJ78520030,190057865,Gaithersburg Police Depar,Property Damage Crash,12-01-19 17:35,Maryland (State),FREDERICK RD,TRAVIS AVE,OTHER,,WET,DARK LIGHTS ON,,NONE DETECTED,No,NO APPARENT INJURY,NOT DISTRACTED,MD,PASSENGER CAR,40,2014,HONDA,CIVIC
MCP3184002N,220043387,Montgomery County Police,Injury Crash,10-05-22 5:19,Maryland (State),UNIVERSITY BLVD E,LANGLEY DR,STRAIGHT MOVEMENT ANGLE,RAINING,WET,DAWN,STOP SIGN,NONE DETECTED,No,NO APPARENT INJURY,NOT DISTRACTED,MD,VAN,35,1999,CHEVROLET,EXPRESS
MCP2894004R,180024394,Montgomery County Police,Injury Crash,05/18/2018 10:35:00 AM,Maryland (State),OLD GEORGETOWN RD,ROCKVILLE PIKE,STRAIGHT MOVEMENT ANGLE,RAINING,WET,DAYLIGHT,TRAFFIC SIGNAL,NONE DETECTED,No,NO APPARENT INJURY,NOT DISTRACTED,MD,PASSENGER CAR,40,2016,INFI,TK
MCP3192004M,240002563,MONTGOMERY,Injury Crash,01-11-24 20:32,County Route,RANDOLPH RD,CONNECTICUT AVE,Front to Front,Clear,Dry,Dark - Lighted,Lane Use Control Signal,"Not Suspect of Alcohol Use, Not Suspect of Drug Use",No,Suspected Minor Injury,Not Distracted,MD,Passenger Car,35,2018,HONDA,CIVIC
MCP31610036,210040112,Montgomery County Police,Property Damage Crash,10-07-21 21:20,Maryland (State),ROCKVILLE PIKE,JONES BRIDGE RD,SAME DIRECTION SIDESWIPE,CLEAR,DRY,DARK LIGHTS ON,NO CONTROLS,NONE DETECTED,No,NO APPARENT INJURY,NOT DISTRACTED,MD,PASSENGER CAR,35,2007,HOND,TK
MCP2845001H,16000942,Montgomery County Police,Property Damage Crash,01-06-16 12:50,US (State),COLUMBIA PIKE,HILLWOOD DR,SAME DIRECTION SIDESWIPE,CLEAR,DRY,DAYLIGHT,NO CONTROLS,NONE DETECTED,Yes,NO APPARENT INJURY,LOOKED BUT DID NOT SEE,MD,PASSENGER CAR,40,2001,MERZ,4S
MCP2298019X,250056510,MONTGOMERY,Property Damage Crash,12/18/2025 10:57:00 AM,County Route,CLARKSBURG RD,,Single Vehicle,Clear,Dry,Daylight,No Controls,"Not Suspect of Alcohol Use, Not Suspect of Drug Use",No,No Apparent Injury,"Other Action (looking away from task, etc.)",MD,Sport Utility Vehicle,35,2012,TOYOTA,HIGHLANDER
MCP26200023,220007020,Montgomery County Police,Property Damage Crash,02/17/2022 05:15:00 PM,County,DEAN RD,CONNECTICUT AVE,SAME DIR REAR END,,DRY,DAYLIGHT,STOP SIGN,NONE DETECTED,Yes,NO APPARENT INJURY,NOT DISTRACTED,MD,PASSENGER CAR,25,2006,BUICK,LUCERNE
MCP3010007C,220046781,Montgomery County Police,Property Damage Crash,10/25/2022 09:43:00 AM,Maryland (State),OLD GEORGETOWN RD,SEDGEWICK LA,SAME DIRECTION SIDESWIPE,CLEAR,DRY,DAYLIGHT,NO CONTROLS,,Yes,NO APPARENT INJURY,LOOKED BUT DID NOT SEE,MD,TRANSIT BUS,35,2010,T,BUS
DD5651000L,210038101,Rockville Police Departme,Injury Crash,09/26/2021 03:55:00 PM,Maryland (State),FREDERICK RD,REDLAND BLVD,HEAD ON LEFT TURN,CLEAR,DRY,DAYLIGHT,TRAFFIC SIGNAL,NONE DETECTED,No,SUSPECTED MINOR INJURY,NOT DISTRACTED,MD,PASSENGER CAR,30,2016,TOYOTA,COROLLA
MCP2991007C,220043586,Montgomery County Police,Injury Crash,10-06-22 9:45,County,RANDOLPH RD,BREGMAN RD,STRAIGHT MOVEMENT ANGLE,CLEAR,DRY,DAYLIGHT,NO CONTROLS,NONE DETECTED,Yes,NO APPARENT INJURY,LOOKED BUT DID NOT SEE,MD,PASSENGER CAR,40,2017,SUBURU,OUTBACK
MCP3040006H,240041449,MONTGOMERY,Property Damage Crash,09-01-24 18:20,County Route,NORBECK RD,,Angle,Clear,Dry,Daylight,Traffic Control Signal,"Not Suspect of Alcohol Use, Not Suspect of Drug Use",No,No Apparent Injury,Not Distracted,MD,Passenger Car,45,2017,AUDI,A4
MCP2347002G,190060598,Montgomery County Police,Injury Crash,12/16/2019 02:21:00 PM,US (State),COLUMBIA PIKE,FAIRLAND RD,SAME DIR REAR END,WINTRY MIX,ICE,DAYLIGHT,TRAFFIC SIGNAL,NONE DETECTED,Yes,POSSIBLE INJURY,NOT DISTRACTED,MD,PASSENGER CAR,40,2017,HYUNDAI,TUCSON
MCP3125001L,190032173,Montgomery County Police,Property Damage Crash,07-06-19 16:47,,,,OTHER,CLEAR,,DAYLIGHT,,UNKNOWN,Yes,NO APPARENT INJURY,UNKNOWN,,PASSENGER CAR,25,2013,DODGE,CHALLENGER
MCP2737002P,170536154,Montgomery County Police,Injury Crash,10-11-17 23:35,Maryland (State),GEORGIA AVE,RAMP 3 FR MD 200 EB TO MD 97 NB,SAME DIR REAR END,RAINING,WET,DARK LIGHTS ON,TRAFFIC SIGNAL,NONE DETECTED,Yes,NO APPARENT INJURY,UNKNOWN,DC,PASSENGER CAR,50,1999,VW,PASSAT
MCP3386001G,240035645,MONTGOMERY,Property Damage Crash,07/29/2024 12:00:00 PM,,,,Angle,Clear,,Daylight,,"Unknown, Unknown",No,,,,Passenger Car,0,2020,LEXUS,NX
MCP2671003Q,240001047,MONTGOMERY,Property Damage Crash,01-07-24 17:10,Maryland (State) Route,,,"Sideswipe, Same Direction",Clear,Dry,Dark - Lighted,Traffic Control Signal,"Not Suspect of Alcohol Use, Not Suspect of Drug Use",No,No Apparent Injury,Not Distracted,US,Sport Utility Vehicle,30,2017,NISSAN,MURANO
MCP235300BN,230019030,Montgomery County Police,Injury Crash,04/21/2023 11:15:00 AM,Maryland (State),WILSON LA,GLENBROOK RD,STRAIGHT MOVEMENT ANGLE,CLEAR,DRY,DAYLIGHT,NO CONTROLS,NONE DETECTED,Yes,SUSPECTED MINOR INJURY,UNKNOWN,MD,PASSENGER CAR,25,2021,CHEVROLET,MALIBU
DM83700018,180032485,Takoma Park Police Depart,Property Damage Crash,07-01-18 21:10,Municipality,POPLAR AVE,ELM AVE,SAME DIR REAR END,CLEAR,DRY,DARK LIGHTS ON,NO CONTROLS,,Yes,NO APPARENT INJURY,NOT DISTRACTED,,PASSENGER CAR,25,2018,TOYOTA,SEDAN
MCP31990040,220029884,Montgomery County Police,Property Damage Crash,07-12-22 9:53,County,ASPEN HILL RD,CONNECTICUT AVE,STRAIGHT MOVEMENT ANGLE,CLEAR,DRY,DAYLIGHT,,NONE DETECTED,No,NO APPARENT INJURY,NOT DISTRACTED,MD,PICKUP TRUCK,30,2014,FORD,F250
MCP2899001G,17011003,Montgomery County Police,Injury Crash,03-01-17 22:41,US (State),COLUMBIA PIKE,RAMP 2 FR BRIGGS CHANEY RD TO US 29 NB,SAME DIR REAR END,CLEAR,DRY,DARK LIGHTS ON,NO CONTROLS,ALCOHOL PRESENT,Yes,SUSPECTED MINOR INJURY,OTHER DISTRACTION,MD,(SPORT) UTILITY VEHICLE,55,2005,CADILLAC,ESCALADE
MCP3112005N,210047404,Montgomery County Police,Property Damage Crash,11/22/2021 10:00:00 AM,County,MACARTHUR BLVD,SANGAMORE RD,HEAD ON LEFT TURN,CLEAR,WET,DAYLIGHT,TRAFFIC SIGNAL,NONE DETECTED,No,NO APPARENT INJURY,NOT DISTRACTED,MD,PICKUP TRUCK,30,2007,CHEVROLET,SILVERADO
MCP33870039,250039409,MONTGOMERY,Property Damage Crash,09-03-25 8:31,County Route,LORAIN AVE,UNIVERSITY BLVD W,Angle,Clear,Dry,Daylight,Stop Sign,"Not Suspect of Alcohol Use, Not Suspect of Drug Use",No,No Apparent Injury,Not Distracted,MD,Passenger Car,25,2024,FREIGHTLINER,M2
MCP1575002B,15012653,Montgomery County Police,Property Damage Crash,03/19/2015 10:34:00 AM,,,,SINGLE VEHICLE,CLEAR,,DAYLIGHT,NO CONTROLS,NONE DETECTED,Yes,NO APPARENT INJURY,NOT DISTRACTED,MD,FIRE VEHICLE/NON EMERGENCY,0,2015,CHEV,TK
MCP2420006B,250036421,MONTGOMERY,Injury Crash,08/15/2025 09:40:00 AM,County Route,BONIFANT RD,LAYHILL RD,Angle,Clear,Dry,Daylight,Other Signal,"Not Suspect of Alcohol Use, Not Suspect of Drug Use",No,No Apparent Injury,Not Distracted,MD,Other Trucks,40,2003,CHEVROLET,C6
MCP93790021,180050891,Montgomery County Police,Property Damage Crash,09/22/2018 10:45:00 AM,,,,UNKNOWN,CLEAR,,DAYLIGHT,NO CONTROLS,,Yes,NO APPARENT INJURY,NOT DISTRACTED,MD,(SPORT) UTILITY VEHICLE,5,2017,MERZ,GLS450
MCP2954001V,16030417,Montgomery County Police,Property Damage Crash,06/16/2016 10:06:00 AM,Maryland (State),GEORGIA AVE,LOCUST GROVE RD,SAME DIRECTION LEFT TURN,CLOUDY,DRY,DAYLIGHT,,NONE DETECTED,Yes,NO APPARENT INJURY,LOOKED BUT DID NOT SEE,MD,PASSENGER CAR,35,2005,TOYT,TK
MCP3034000H,170500805,Montgomery County Police,Property Damage Crash,04-06-17 23:30,,,,OTHER,CLEAR,,DARK LIGHTS ON,,UNKNOWN,Yes,NO APPARENT INJURY,NOT DISTRACTED,,PASSENGER CAR,15,2002,LINCOLN,4S
MCP211600GC,250013095,MONTGOMERY,Property Damage Crash,03/25/2025 06:09:00 PM,County Route,TURKEY BRANCH PKWY,,"Sideswipe, Same Direction",Cloudy,Dry,Daylight,No Controls,"Not Suspect of Alcohol Use, Not Suspect of Drug Use",No,No Apparent Injury,Not Distracted,MD,Passenger Car,25,2016,MAZDA,CX-5
MCP3192005K,240060884,MONTGOMERY,Property Damage Crash,12/20/2024 03:24:00 PM,County Route,DAYTON ST,UNIVERSITY BLVD W,Single Vehicle,Clear,Wet,Daylight,Stop Sign,"Not Suspect of Alcohol Use, Not Suspect of Drug Use",Yes,No Apparent Injury,Unknown,MD,Passenger Car,35,2020,TESLA,MODEL 3
MCP2358007J,200026536,Montgomery County Police,Property Damage Crash,07-08-20 13:00,,,,OTHER,CLEAR,,DAYLIGHT,NO CONTROLS,,Yes,NO APPARENT INJURY,UNKNOWN,,PASSENGER CAR,15,2017,HYUNDAI,TK
MCP2875005G,220007399,Montgomery County Police,Property Damage Crash,01/19/2022 11:30:00 PM,Maryland (State),WOODFIELD RD,VALLEY PARK DR,SAME DIRECTION SIDESWIPE,CLEAR,DRY,DARK LIGHTS ON,NO CONTROLS,NONE DETECTED,Yes,NO APPARENT INJURY,UNKNOWN,MD,(SPORT) UTILITY VEHICLE,30,2007,CHEVROLET,TAHOE
MCP21080026,250001877,MONTGOMERY,Injury Crash,01/14/2025 05:00:00 PM,County Route,TWINBROOK PKWY,,Front to Rear,Clear,Dry,Daylight,No Controls,"Not Suspect of Alcohol Use, Not Suspect of Drug Use",No,Possible Injury,Not Distracted,MD,Sport Utility Vehicle,35,2009,HONDA,PILOT
MCP1257000K,15063840,MONTGOMERY,Injury Crash,12/14/2015 01:09:00 PM,Maryland (State),GREAT SENECA HWY,COTTAGE GARDEN DR,STRAIGHT MOVEMENT ANGLE,CLOUDY,DRY,DAYLIGHT,TRAFFIC SIGNAL,NONE DETECTED,Yes,NO APPARENT INJURY,NOT DISTRACTED,MD,PASSENGER CAR,45,2010,HYUND,ELANTRA
MCP20590064,200003985,Montgomery County Police,Property Damage Crash,01/24/2020 01:30:00 PM,,,,OTHER,CLOUDY,,DAYLIGHT,NO CONTROLS,NONE DETECTED,No,NO APPARENT INJURY,NOT DISTRACTED,MD,PASSENGER CAR,10,2009,NISSAN,ALTIMA
MCP2689008G,220018353,Montgomery County Police,Property Damage Crash,04/30/2022 09:49:00 AM,Municipality,SEVEN LOCKS RD,FORTUNE TERR,SAME DIR REAR END,CLEAR,DRY,DAYLIGHT,NO CONTROLS,NONE DETECTED,No,NO APPARENT INJURY,NOT DISTRACTED,MD,PASSENGER CAR,35,2015,SUBARU,FORESTER
MCP2651003F,190046677,Montgomery County Police,Injury Crash,09/29/2019 01:23:00 PM,US (State),COLESVILLE RD,SOUTHWOOD AVE,STRAIGHT MOVEMENT ANGLE,CLEAR,DRY,DAYLIGHT,TRAFFIC SIGNAL,,Yes,POSSIBLE INJURY,NOT DISTRACTED,MD,(SPORT) UTILITY VEHICLE,40,2018,NISSAN,ROUGE
MCP2937005G,240024864,MONTGOMERY,Property Damage Crash,05/25/2024 10:30:00 PM,US (State),COLUMBIA PIKE,,"Sideswipe, Same Direction",Clear,Dry,Dark - Lighted,No Controls,"Not Suspect of Alcohol Use, Not Suspect of Drug Use",Yes,No Apparent Injury,Not Distracted,MD,Passenger Car,40,2016,HYUNDAI,SONATA
MCP2970004R,180054790,Montgomery County Police,Property Damage Crash,11-01-18 13:40,,,,SAME DIR REAR END,CLEAR,,DAYLIGHT,,UNKNOWN,Yes,NO APPARENT INJURY,LOOKED BUT DID NOT SEE,MD,"CARGO VAN/LIGHT TRUCK 2 AXLES (OVER 10,000LBS (4,536 KG))",30,2009,FORD,U-HAUL TK
MCP3277002W,230027980,Montgomery County Police,Property Damage Crash,06-10-23 20:09,,,,OTHER,CLEAR,,DAYLIGHT,NO CONTROLS,NONE DETECTED,No,NO APPARENT INJURY,NOT DISTRACTED,CA,PASSENGER CAR,0,2022,TOYOTA,RAV4
MCP2724000G,15021682,Montgomery County Police,Property Damage Crash,05-07-15 10:28,Maryland (State),UNIVERSITY BLVD E,BUCKINGHAM DR,SAME DIR REAR END,CLEAR,DRY,DAYLIGHT,TRAFFIC SIGNAL,,Yes,NO APPARENT INJURY,INATTENTIVE OR LOST IN THOUGHT,MD,(SPORT) UTILITY VEHICLE,40,2014,JEEP,GRANK CHEROKEE
DD5646000N,200048770,Rockville Police Departme,Injury Crash,12-11-20 5:55,Municipality,RESEARCH BLVD,W GUDE DR,STRAIGHT MOVEMENT ANGLE,CLEAR,DRY,DARK LIGHTS ON,FLASHING TRAFFIC SIGNAL,NONE DETECTED,Yes,SUSPECTED MINOR INJURY,UNKNOWN,MD,PASSENGER CAR,35,2016,NISSAN,350Z
MCP1565001Z,16009016,Montgomery County Police,Property Damage Crash,02/23/2016 08:35:00 AM,County,GOODHILL RD,FARTHING DR,OTHER,RAINING,WET,DAYLIGHT,NO CONTROLS,NONE DETECTED,Yes,NO APPARENT INJURY,NOT DISTRACTED,MD,VAN,25,2004,TOYOTA,SIENNA
EJ786600FB,240040102,GAITHERSBURG,Injury Crash,08/24/2024 06:05:00 PM,Maryland (State) Route,,RAMP 7 FR MD 117 WB TO RAMP 6 (TO IS270),Rear To Side,Clear,Dry,Daylight,No Controls,"Not Suspect of Alcohol Use, Not Suspect of Drug Use",No,Suspected Minor Injury,Unknown,MD,Sport Utility Vehicle,35,2005,TOYOTA,4-RUNNER
EJ7884001S,2100010186,Gaithersburg Police Depar,Property Damage Crash,03/18/2021 02:55:00 PM,Maryland (State),QUINCE ORCHARD RD,RAMP 7 FR MD 124 WB TO IS 270 SB,SAME DIR REAR END,RAINING,WET,DAYLIGHT,,,Yes,NO APPARENT INJURY,LOOKED BUT DID NOT SEE,MD,PASSENGER CAR,35,2017,TOYOTA,SIENNA
EJ7852002P,190048727,Gaithersburg Police Depar,Injury Crash,10-10-19 18:00,Maryland (State),QUINCE ORCHARD RD,RAMP 8 FR IS 270 SB TO MD 124 WB,SAME DIR REAR END,,DRY,DAYLIGHT,NO CONTROLS,NONE DETECTED,No,SUSPECTED MINOR INJURY,NOT DISTRACTED,MD,PASSENGER CAR,40,2016,HYUNDAI,SEDAN
EJ7899001G,250001328,GAITHERSBURG,Property Damage Crash,01-06-25 2:59,Maryland (State) Route,FREDERICK RD,W DIAMOND AVE,Single Vehicle,Blowing Snow,Snow,Dark - Lighted,No Controls,"Not Suspect of Alcohol Use, Not Suspect of Drug Use",No,No Apparent Injury,Not Distracted,MD,Single-Unit Truck,35,2007,PETERBILT,379
MCP28460063,200027826,Montgomery County Police,Injury Crash,07/17/2020 08:15:00 PM,County,ELNORA ST,BLUERIDGE AVE,SINGLE VEHICLE,CLEAR,DRY,DAYLIGHT,STOP SIGN,NONE DETECTED,No,NO APPARENT INJURY,NOT DISTRACTED,MD,PASSENGER CAR,25,2020,TOYT,COROLLA
MCP1366009P,190039938,Montgomery County Police,Property Damage Crash,08/21/2019 09:40:00 AM,Interstate (State),EISENHOWER MEMORIAL HWY,RAMP 8 FR IS 270 SB TO MD 189 WB,SAME DIR REAR END,CLEAR,DRY,DAYLIGHT,NO CONTROLS,NONE DETECTED,Yes,NO APPARENT INJURY,UNKNOWN,MD,VAN,55,2005,HOND,VN
MCP3074005B,220046551,Montgomery County Police,Property Damage Crash,10/23/2022 08:52:00 PM,County,NORMANDY DR,LAWNDALE DR,STRAIGHT MOVEMENT ANGLE,RAINING,WET,DARK LIGHTS ON,STOP SIGN,NONE DETECTED,Yes,NO APPARENT INJURY,LOOKED BUT DID NOT SEE,MD,PASSENGER CAR,25,2012,MAZDA,MAZDA3
MCP2788003W,250025475,MONTGOMERY,Injury Crash,06-08-25 4:07,Spur,,,Single Vehicle,Clear,Dry,Dark - Lighted,Traffic Control Signal,"Not Suspect of Alcohol Use, Not Suspect of Drug Use",Yes,No Apparent Injury,Not Distracted,MD,Sport Utility Vehicle,40,2014,TOYOTA,HIGHLANDER
MCP9133000Y,16041224,Montgomery County Police,Property Damage Crash,08/14/2016 01:27:00 PM,,,,HEAD ON LEFT TURN,CLEAR,,DAYLIGHT,NO CONTROLS,NONE DETECTED,No,NO APPARENT INJURY,NOT DISTRACTED,MD,PASSENGER CAR,0,2013,CHEVROLET,CRUZ
MCP271700F6,170546798,Montgomery County Police,Injury Crash,12-05-17 18:45,Maryland (State),OLD GEORGETOWN RD,OAKMONT AVE,OTHER,RAINING,WET,DARK LIGHTS ON,TRAFFIC SIGNAL,NONE DETECTED,No,NO APPARENT INJURY,NOT DISTRACTED,MD,PASSENGER CAR,35,2012,MERCEDEZ BENZ,C300
MCP31330055,240029083,MONTGOMERY,Property Damage Crash,06/19/2024 06:51:00 AM,County Route,E RANDOLPH RD (WB/L),,Front to Rear,Clear,Dry,Daylight,Traffic Control Signal,"Not Suspect of Alcohol Use, Not Suspect of Drug Use",No,No Apparent Injury,Not Distracted,MD,Passenger Car,40,2019,NISSAN,SENTRA
MCP1220009N,230017089,Montgomery County Police,Injury Crash,04-10-23 16:14,Interstate (State),EISENHOWER MEMORIAL HWY,GAME PRESERVE RD,SAME DIR REAR END,CLEAR,DRY,DAYLIGHT,NO CONTROLS,NONE DETECTED,Yes,SUSPECTED MINOR INJURY,UNKNOWN,MD,PASSENGER CAR,55,2014,TOYT,CAMRY
MCP3044007T,240048259,MONTGOMERY,Property Damage Crash,10-09-24 17:07,County Route,BROADBIRCH DR,,Front to Front,Clear,Dry,Daylight,No Controls,"Not Suspect of Alcohol Use, Not Suspect of Drug Use",Yes,No Apparent Injury,Not Distracted,MD,Sport Utility Vehicle,25,2011,MAZDA,CX-7
MCP3238003L,250036045,MONTGOMERY,Property Damage Crash,08/13/2025 06:28:00 AM,,,,Front to Front,Clear,,Daylight,,"Suspect of Alcohol Use, Not Suspect of Drug Use",Yes,No Apparent Injury,Unknown,MD,Passenger Car,0,2007,MERCEDES-BENZ,EQS-CLASS SEDAN
DD5625002V,190045620,Rockville Police Departme,Injury Crash,09/23/2019 06:39:00 PM,Municipality,BROADWOOD DR,BRADLEY AVE,HEAD ON LEFT TURN,CLEAR,DRY,DAYLIGHT,NO CONTROLS,NONE DETECTED,Yes,NO APPARENT INJURY,LOOKED BUT DID NOT SEE,MD,PASSENGER CAR,25,2006,HOND,2S
MCP31790011,200000522,Montgomery County Police,Property Damage Crash,01-03-20 21:50,Maryland (State),DR BIRD RD,OLNEY SANDY SPRING RD,SINGLE VEHICLE,RAINING,WET,DARK NO LIGHTS,NO CONTROLS,ALCOHOL PRESENT,Yes,NO APPARENT INJURY,UNKNOWN,MD,PASSENGER CAR,30,2015,HONDA,ACCORD
MCP26710044,240060888,MONTGOMERY,Property Damage Crash,12/20/2024 03:30:00 PM,County Route,SILVER SPRING AVE,,Front to Rear,Rain,Wet,Daylight,Traffic Control Signal,"Unknown, Unknown",No,,,,Unknown,35,0,,
MCP2637000Y,16021586,Montgomery County Police,Property Damage Crash,05-02-16 10:35,Maryland (State),FALLS RD,CROSSOVER,SAME DIR BOTH LEFT TURN,CLOUDY,WET,DAYLIGHT,TRAFFIC SIGNAL,NONE DETECTED,Yes,NO APPARENT INJURY,NOT DISTRACTED,VA,PICKUP TRUCK,35,2006,TOYOTA,TACOMA
MCP2849002H,170504618,Montgomery County Police,Property Damage Crash,04/27/2017 10:52:00 PM,Maryland (State),LAYHILL RD,BONIFANT RD,SAME DIRECTION SIDESWIPE,RAINING,WET,DARK LIGHTS ON,,NONE DETECTED,Yes,NO APPARENT INJURY,LOOKED BUT DID NOT SEE,DE,PASSENGER CAR,40,2007,HONDA,CIVIC
MCP235300C0,230028845,Montgomery County Police,Injury Crash,06/15/2023 03:47:00 PM,County,SEVEN LOCKS RD,DEMOCRACY BLVD,STRAIGHT MOVEMENT ANGLE,CLOUDY,DRY,DAYLIGHT,TRAFFIC SIGNAL,NONE DETECTED,No,NO APPARENT INJURY,NOT DISTRACTED,MD,(SPORT) UTILITY VEHICLE,35,2022,VOLKSWAGON,TAOS
MCP3095003H,220019142,Montgomery County Police,Property Damage Crash,05-05-22 15:53,County,NORCROSS WAY,NEW HAMPSHIRE AVE,HEAD ON LEFT TURN,CLEAR,DRY,DAYLIGHT,NO CONTROLS,NONE DETECTED,No,NO APPARENT INJURY,NOT DISTRACTED,MD,PASSENGER CAR,40,2013,FORD,FUSION
MCP2260001V,170537659,Montgomery County Police,Property Damage Crash,10/19/2017 08:30:00 PM,Maryland (State),ROCKVILLE PIKE,EDMONSTON DR,OTHER,,DRY,DARK LIGHTS ON,NO CONTROLS,,Yes,NO APPARENT INJURY,UNKNOWN,MD,PASSENGER CAR,35,2009,TOYOTA,COROLLA
MCP05390034,170530293,Montgomery County Police,Property Damage Crash,09/13/2017 09:17:00 AM,Maryland (State),GEORGIA AVE,EMORY CHURCH RD,SAME DIR REAR END,CLOUDY,WET,DAYLIGHT,TRAFFIC SIGNAL,NONE DETECTED,No,NO APPARENT INJURY,NOT DISTRACTED,MD,RECREATIONAL VEHICLE,50,2015,MERZ,GL450
MCP31930035,220012253,Montgomery County Police,Property Damage Crash,03/21/2022 09:29:00 PM,County,WESTCHESTER DR,UNIVERSITY BLVD W,SAME DIR REAR END,CLEAR,DRY,DARK LIGHTS ON,NO CONTROLS,NONE DETECTED,Yes,NO APPARENT INJURY,LOOKED BUT DID NOT SEE,MD,PASSENGER CAR,15,2017,TOYOTA,SIENNA
DD56100088,230049781,Rockville Police Departme,Property Damage Crash,08/16/2023 02:47:00 PM,Maryland (State),VEIRS MILL RD,ATLANTIC AVE,OTHER,CLEAR,DRY,DAYLIGHT,NO CONTROLS,,Yes,NO APPARENT INJURY,UNKNOWN,MD,PASSENGER CAR,5,2007,TOYOTA,PRIUS
MCP2635003X,170509096,Montgomery County Police,Injury Crash,05/21/2017 07:19:00 PM,Maryland (State),NEW HAMPSHIRE AVE,GREENBRIDGE RD,OPPOSITE DIRECTION SIDESWIPE,CLEAR,DRY,DAYLIGHT,NO CONTROLS,ALCOHOL CONTRIBUTED,Yes,NO APPARENT INJURY,UNKNOWN,MD,PASSENGER CAR,40,2007,AUDI,A6
EJ7829005V,190019096,Gaithersburg Police Depar,Injury Crash,04/23/2019 09:30:00 PM,Maryland (State),W DIAMOND AVE,BUREAU DR,SAME DIR REAR END,CLEAR,DRY,DARK LIGHTS ON,NO CONTROLS,NONE DETECTED,No,POSSIBLE INJURY,NOT DISTRACTED,XX,PASSENGER CAR,40,2004,ACURA,4D
MCP2934002X,170540613,Montgomery County Police,Property Damage Crash,11-03-17 8:27,,,,SAME DIRECTION SIDESWIPE,CLEAR,,DAYLIGHT,NO CONTROLS,NONE DETECTED,Yes,NO APPARENT INJURY,LOOKED BUT DID NOT SEE,MD,"CARGO VAN/LIGHT TRUCK 2 AXLES (OVER 10,000LBS (4,536 KG))",10,1996,FORD,TRUCK
MCP3130001D,190021013,Montgomery County Police,Property Damage Crash,05-04-19 13:30,,,,SAME DIR REAR END,,,DAYLIGHT,NO CONTROLS,NONE DETECTED,No,NO APPARENT INJURY,NOT DISTRACTED,MD,PASSENGER CAR,0,2009,TOYOTA,CORROLA
MCP3144000B,180047805,Montgomery County Police,Injury Crash,09/25/2018 12:08:00 AM,County,OLD GEORGETOWN RD,NEBEL ST,SINGLE VEHICLE,RAINING,WET,DARK LIGHTS ON,STOP SIGN,NONE DETECTED,Yes,POSSIBLE INJURY,OTHER DISTRACTION,MD,PASSENGER CAR,35,2002,HONDA,ACCORD EX
MCP10150024,180050268,Montgomery County Police,Property Damage Crash,10-08-18 10:35,Maryland (State),CLARKSBURG RD,RAMP 3 FR MD 121 EB TO IS 270 NB,SAME DIR REAR END,CLEAR,DRY,DAYLIGHT,TRAFFIC SIGNAL,NONE DETECTED,Yes,NO APPARENT INJURY,NOT DISTRACTED,MD,OTHER,40,2008,TOYOTA,SCION
MCP91180019,180020884,Montgomery County Police,Injury Crash,04/29/2018 02:23:00 AM,Maryland (State),VEIRS MILL RD,VALLEYWOOD DR,STRAIGHT MOVEMENT ANGLE,CLEAR,DRY,DARK LIGHTS ON,STOP SIGN,NONE DETECTED,No,POSSIBLE INJURY,NOT DISTRACTED,MD,(SPORT) UTILITY VEHICLE,40,2007,HUMMER,H3
MCP3105000B,180010898,Montgomery County Police,Property Damage Crash,03-03-18 9:22,County,FATHER HURLEY BLVD,WISTERIA DR,STRAIGHT MOVEMENT ANGLE,CLEAR,DRY,DAYLIGHT,TRAFFIC SIGNAL,NONE DETECTED,No,NO APPARENT INJURY,NOT DISTRACTED,MD,PASSENGER CAR,35,2012,HOND,4S
DD55950027,16005371,Rockville Police Departme,Property Damage Crash,02-02-16 7:43,Maryland (State),W MONTGOMERY AVE,NELSON ST,SAME DIRECTION LEFT TURN,CLEAR,ICE,DAYLIGHT,TRAFFIC SIGNAL,NONE DETECTED,Yes,NO APPARENT INJURY,NOT DISTRACTED,MD,PASSENGER CAR,30,2007,LEXUS,ES350