Report Number,Local Case Number,Agency Name,ACRS Report Type,Crash Date/Time,Route Type,Road Name,Cross-Street Name,Collision Type,Weather,Surface Condition,Light,Traffic Control,Driver Substance Abuse,Driver At Fault,Injury Severity,Driver Distracted By,Drivers License State,Vehicle Body Type,Speed Limit,Vehicle Year,Vehicle Make,Vehicle Model
MCP2330000R,16061981,Montgomery County Police,Injury Crash,12-02-16 20:55,Maryland (State),UNIVERSITY BLVD W,VEIRS MILL RD,OTHER,CLEAR,DRY,DARK LIGHTS ON,TRAFFIC SIGNAL,NONE DETECTED,No,NO APPARENT INJURY,NOT DISTRACTED,MD,PASSENGER CAR,35,1999,HONDA,CIVIC
MCP1433000N,16051439,Montgomery County Police,Property Damage Crash,10-06-16 17:52,County,SHADY GROVE RD,CHOKE CHERRY RD,SAME DIR REAR END,CLEAR,DRY,DAYLIGHT,,NONE DETECTED,Yes,NO APPARENT INJURY,BY MOVING OBJECT IN VEHICLE,MD,PASSENGER CAR,45,2010,TOYT,YARIS
MCP3138000W,180058961,Montgomery County Police,Injury Crash,11/25/2018 02:42:00 PM,County,EDNOR RD,DONORA RD,SINGLE VEHICLE,CLEAR,DRY,DAYLIGHT,,,Yes,SUSPECTED MINOR INJURY,USING DEVICE OBJECT BROUGHT INTO VEHICLE,MD,PASSENGER CAR,35,2002,TOYOTA,COROLLA
DD5605004R,170549220,Rockville Police Departme,Property Damage Crash,12/18/2017 09:00:00 AM,Municipality,W EDMONSTON DR,ROCKVILLE PIKE,STRAIGHT MOVEMENT ANGLE,CLEAR,DRY,DAYLIGHT,TRAFFIC SIGNAL,NONE DETECTED,Yes,NO APPARENT INJURY,INATTENTIVE OR LOST IN THOUGHT,MD,PASSENGER CAR,25,2014,FORD,4S
MCP3200003G,210033726,Montgomery County Police,Injury Crash,08/29/2021 01:12:00 PM,County,BELLS MILL RD,DEBORAH DR,STRAIGHT MOVEMENT ANGLE,CLOUDY,DRY,DAYLIGHT,STOP SIGN,NONE DETECTED,Unknown,NO APPARENT INJURY,UNKNOWN,MD,PASSENGER CAR,25,2018,AUDI,A3
MCP3126000J,180021611,Montgomery County Police,Property Damage Crash,05-03-18 20:50,,,,SAME DIRECTION SIDESWIPE,,,DARK LIGHTS ON,NO CONTROLS,UNKNOWN,Yes,NO APPARENT INJURY,UNKNOWN,,,5,0,UNKNOWN,UNKNOWN
MCP1378018B,240020382,MONTGOMERY,Property Damage Crash,05-01-24 17:35,Government Route,CENTER DR,ROCKVILLE PIKE (SB/L),Front to Rear,Clear,Dry,Daylight,Traffic Control Signal,"Not Suspect of Alcohol Use, Not Suspect of Drug Use",No,No Apparent Injury,Not Distracted,MD,Bus - Transit,35,2007,GILLIG,LOW FLOOR BUS
MCP2975002X,190031918,Montgomery County Police,Property Damage Crash,07-04-19 23:08,Maryland (State),LAYHILL RD,SPUR TO NORWOOD RD,SAME DIR REAR END,CLEAR,DRY,DARK LIGHTS ON,TRAFFIC SIGNAL,ALCOHOL PRESENT,Yes,NO APPARENT INJURY,UNKNOWN,MD,PASSENGER CAR,40,2010,TOYOTA,PRIUS
MCP14530068,180055397,Montgomery County Police,Property Damage Crash,11-05-18 6:57,County,CRYSTAL ROCK DR,FATHER HURLEY BLVD,SAME DIRECTION SIDESWIPE,RAINING,WET,DAWN,TRAFFIC SIGNAL,NONE DETECTED,No,NO APPARENT INJURY,NOT DISTRACTED,MD,PASSENGER CAR,40,2016,FORD,CMAX
MCP2335000Y,17510298,Montgomery County Police,Injury Crash,05/27/2017 09:45:00 PM,Maryland (State),GREAT SENECA HWY,DAIRYMAID DR,SINGLE VEHICLE,CLEAR,DRY,DARK LIGHTS ON,NO CONTROLS,NONE DETECTED,Yes,NO APPARENT INJURY,LOOKED BUT DID NOT SEE,MD,PASSENGER CAR,35,2007,TOYOTA,COROLLA
MCP31110039,210010877,Montgomery County Police,Injury Crash,03/23/2021 09:04:00 AM,Interstate (State),CABIN JOHN PKWY,CLARA BARTON PKWY,SINGLE VEHICLE,CLEAR,DRY,DAYLIGHT,NO CONTROLS,NONE DETECTED,Yes,POSSIBLE INJURY,UNKNOWN,MD,"CARGO VAN/LIGHT TRUCK 2 AXLES (OVER 10,000LBS (4,536 KG))",50,2019,FREIGHTLINER,TK
MCP2844007Z,240049555,MONTGOMERY,Property Damage Crash,10/16/2024 08:30:00 PM,Maryland (State) Route,GEORGIA AVE,,Front to Rear,Clear,Dry,Dark - Lighted,No Controls,"Unknown, Unknown",No,,,,Other,15,2006,FORD,E-250
MCP24200067,250030711,MONTGOMERY,Property Damage Crash,07-10-25 13:20,County Route,STONEGATE DR,NEW HAMPSHIRE AVE WINDRIDGE ACRES CT,Angle,Clear,Dry,Daylight,No Controls,"Not Suspect of Alcohol Use, Not Suspect of Drug Use",No,No Apparent Injury,Not Distracted,MD,Passenger Car,40,2018,TOYOTA,COROLLA
MCP04780001,190019160,Montgomery County Police,Property Damage Crash,04/24/2019 09:07:00 AM,Maryland (State),OLD GEORGETOWN RD,LINCOLN DR,STRAIGHT MOVEMENT ANGLE,CLEAR,DRY,DAYLIGHT,TRAFFIC SIGNAL,NONE DETECTED,No,NO APPARENT INJURY,NOT DISTRACTED,MD,PASSENGER CAR,40,2008,TOYOTA,RAV 4
EJ7781004V,240002610,GAITHERSBURG,Property Damage Crash,01/17/2024 09:13:00 AM,Local Route,COPLEY PL,DIAMONDBACK DR,Front to Rear,Clear,Ice/Frost,Daylight,Yield Sign,"Not Suspect of Alcohol Use, Not Suspect of Drug Use",No,No Apparent Injury,Not Distracted,MD,Passenger Car,25,2019,AUDI,A4
MCP2396003K,200031312,Montgomery County Police,Property Damage Crash,08-11-20 22:15,US (State),GEORGIA AVE,THAYER AVE,SAME DIRECTION SIDESWIPE,CLEAR,DRY,DARK LIGHTS ON,NO CONTROLS,ALCOHOL PRESENT,Yes,NO APPARENT INJURY,UNKNOWN,MD,(SPORT) UTILITY VEHICLE,30,2003,HONDA,PILOT
MCP29620075,230009490,Montgomery County Police,Injury Crash,02/25/2023 01:14:00 PM,Maryland (State),FREDERICK RD,CLARKSBURG RD,SAME DIR REAR END,RAINING,WET,DAYLIGHT,NO CONTROLS,NONE DETECTED,No,NO APPARENT INJURY,NOT DISTRACTED,MD,PASSENGER CAR,25,2006,HONDA,CIVIC
MCP3308002H,240016407,MONTGOMERY,Property Damage Crash,04-08-24 19:00,Maryland (State) Route,VEIRS MILL RD (WB/L),,Angle,Clear,Dry,Daylight,Traffic Control Signal,"Not Suspect of Alcohol Use, Not Suspect of Drug Use",No,No Apparent Injury,Not Distracted,MD,Bus - Transit,35,2019,GILLIG,CITY TRANSIT BUS
MCP2866003K,170500408,Montgomery County Police,Property Damage Crash,04-04-17 19:15,Maryland (State),NEW HAMPSHIRE AVE,NOTLEY RD,SAME DIR REAR END,CLEAR,DRY,DAYLIGHT,NO CONTROLS,NONE DETECTED,Yes,NO APPARENT INJURY,UNKNOWN,MD,PASSENGER CAR,45,2012,FORD,FUSION
MCP31630013,180062428,Montgomery County Police,Property Damage Crash,12/14/2018 10:47:00 AM,Maryland (State),RIVER RD,CAPITAL BELTWAY,SAME DIR REAR END,,DRY,DAYLIGHT,TRAFFIC SIGNAL,UNKNOWN,Yes,NO APPARENT INJURY,UNKNOWN,,UNKNOWN,35,0,UNKNOWN,UNKNOWN
MCP3288001L,210038607,Montgomery County Police,Property Damage Crash,09/29/2021 01:43:00 PM,County,SNOUFFERS SCHOOL RD,GOSHEN RD,HEAD ON LEFT TURN,CLEAR,DRY,DAYLIGHT,TRAFFIC SIGNAL,NONE DETECTED,No,NO APPARENT INJURY,NOT DISTRACTED,MD,(SPORT) UTILITY VEHICLE,35,2017,HOND,CRV
MCP0539004S,180035481,Montgomery County Police,Injury Crash,07/18/2018 07:20:00 AM,Maryland (State),LAYHILL RD,BEL PRE RD,SAME DIRECTION SIDESWIPE,CLEAR,DRY,DAYLIGHT,NO CONTROLS,NONE DETECTED,Unknown,POSSIBLE INJURY,UNKNOWN,MD,PASSENGER CAR,40,2015,NISSAN,SENTRA
DD55230004,15050208,ROCKVILLE,Property Damage Crash,10-04-15 1:15,Interstate (State),EISENHOWER MEMORIAL HWY,W MONTGOMERY AVE,SINGLE VEHICLE,RAINING,WET,DARK LIGHTS ON,,ALCOHOL PRESENT,Yes,NO APPARENT INJURY,DISTRACTED BY OUTSIDE PERSON OBJECT OR EVENT,VA,PASSENGER CAR,55,2004,HONDA,ELEMENT
MCP31090086,230034491,Montgomery County Police,Injury Crash,07/20/2023 07:30:00 AM,US (State),COLESVILLE RD,LANARK WAY,SAME DIR REAR END,CLEAR,DRY,DAYLIGHT,TRAFFIC SIGNAL,UNKNOWN,No,NO APPARENT INJURY,UNKNOWN,,UNKNOWN,35,0,UNKNOWN,UNKNOWN
MCP26870016,15064325,MONTGOMERY,Injury Crash,12/16/2015 07:28:00 PM,Maryland (State),ROCKVILLE PIKE,GLENBROOK PKWY,SAME DIR REAR END,CLEAR,DRY,,NO CONTROLS,NONE DETECTED,No,SUSPECTED MINOR INJURY,NOT DISTRACTED,MD,PASSENGER CAR,25,2004,ACURA,TL
MCP115100C9,210004064,Montgomery County Police,Injury Crash,02-01-21 12:50,Interstate (State),EISENHOWER MEMORIAL HWY,RAMP 6 FR MIDDLEBROOK RD EB TO IS 270 SB,SINGLE VEHICLE,SLEET,SLUSH,DAYLIGHT,,NONE DETECTED,Yes,SUSPECTED MINOR INJURY,LOOKED BUT DID NOT SEE,MD,(SPORT) UTILITY VEHICLE,55,2017,FORD,EXPEDITION
MCP12200068,170549436,Montgomery County Police,Property Damage Crash,12/19/2017 07:26:00 AM,Maryland (State),BURLINGTON AVE,GEORGIA AVE,SAME DIR REAR END,CLEAR,DRY,DAYLIGHT,TRAFFIC SIGNAL,NONE DETECTED,No,NO APPARENT INJURY,NOT DISTRACTED,MD,PASSENGER CAR,35,2015,TOYOTA,PRIUS
DD5644001K,210036500,Rockville Police Departme,Property Damage Crash,09/16/2021 11:18:00 AM,Municipality,W MIDDLE LA,N WASHINGTON ST,SAME DIR REAR END,CLEAR,DRY,DAYLIGHT,,NONE DETECTED,Yes,NO APPARENT INJURY,LOOKED BUT DID NOT SEE,MD,OTHER,25,2000,USPS,MAIL TRUCK
HA25560004,25000937,MCPARK,Injury Crash,05/22/2025 12:05:00 PM,Spur,,RIVER RD,Other,Cloudy,Dry,Daylight,No Controls,"Not Suspect of Alcohol Use, Not Suspect of Drug Use",No,No Apparent Injury,Not Distracted,VA,Passenger Car,35,2018,TOYOTA,COROLLA
MCP2939001S,170526060,Montgomery County Police,Injury Crash,08/21/2017 04:29:00 PM,County,MIDDLEBROOK RD,OBSERVATION DR,SAME DIR REAR END,CLEAR,DRY,DAYLIGHT,NO CONTROLS,NONE DETECTED,Yes,NO APPARENT INJURY,INATTENTIVE OR LOST IN THOUGHT,MD,PASSENGER CAR,40,2011,HYUN,4S
MCP31540022,210014861,Montgomery County Police,Property Damage Crash,04/21/2021 02:25:00 PM,County,MIDDLEBROOK RD,GERMANTOWN RD,OPPOSITE DIR BOTH LEFT TURN,CLEAR,DRY,DAYLIGHT,,NONE DETECTED,No,NO APPARENT INJURY,NOT DISTRACTED,MD,PASSENGER CAR,40,2021,TOYT,SUPRA
MCP2598001Z,180048112,Montgomery County Police,Property Damage Crash,09/26/2018 03:28:00 PM,Maryland (State),PHILADELPHIA AVE,CHICAGO AVE,STRAIGHT MOVEMENT ANGLE,CLEAR,DRY,DAYLIGHT,NO CONTROLS,NONE DETECTED,No,NO APPARENT INJURY,NOT DISTRACTED,DC,PASSENGER CAR,35,2010,MAZDA,6
MCP2456000L,15012444,Montgomery County Police,Injury Crash,03/18/2015 08:58:00 AM,Maryland (State),NEW HAMPSHIRE AVE,DILSTON RD,SAME DIR REAR END,CLEAR,DRY,DAYLIGHT,TRAFFIC SIGNAL,NONE DETECTED,No,SUSPECTED MINOR INJURY,NOT DISTRACTED,VA,PASSENGER CAR,40,2011,MERCURY,4 DOOR
MCP2656005N,210045247,Montgomery County Police,Property Damage Crash,11-08-21 16:00,County,DAIRYMAID DR,METZ DR,SAME DIR REAR END,CLEAR,DRY,DAYLIGHT,,,No,NO APPARENT INJURY,NOT DISTRACTED,MD,SCHOOL BUS,10,2016,FORD,BUS
DD5601003S,180025341,Rockville Police Departme,Property Damage Crash,05/23/2018 05:00:00 PM,County,MONTROSE RD,NORTH FARM LA,SAME DIR REAR END,CLEAR,DRY,DAYLIGHT,NO CONTROLS,,Yes,NO APPARENT INJURY,UNKNOWN,MD,PASSENGER CAR,40,2001,HONDA,CRV
MCP2871002L,15063169,Montgomery County Police,Property Damage Crash,01-01-16 17:34,,,,OTHER,CLEAR,,UNKNOWN,NO CONTROLS,,Yes,NO APPARENT INJURY,UNKNOWN,MD,PASSENGER CAR,15,2002,ACURA,4S
MCP2617001H,15065341,Montgomery County Police,Injury Crash,12/21/2015 06:15:00 PM,Maryland (State),MASSACHUSETTS AVE,CROMWELL DR,SAME DIR REAR END,CLEAR,DRY,DARK NO LIGHTS,TRAFFIC SIGNAL,ALCOHOL PRESENT,Yes,NO APPARENT INJURY,UNKNOWN,VA,PASSENGER CAR,35,2012,FORD,MUSTANG
MCP1174003R,190039979,Montgomery County Police,Injury Crash,08/21/2019 01:13:00 PM,,,,SINGLE VEHICLE,CLEAR,,DAYLIGHT,NO CONTROLS,NONE DETECTED,Yes,NO APPARENT INJURY,NOT DISTRACTED,MD,PASSENGER CAR,0,2018,TOYOTA,RAV4
MCP3111008Z,250012010,MONTGOMERY,Property Damage Crash,03/19/2025 11:35:00 AM,,,,Single Vehicle,Clear,,Daylight,,"Not Suspect of Alcohol Use, Not Suspect of Drug Use",Yes,No Apparent Injury,Unknown,MD,Passenger Car,0,2010,CHEVROLET,TRAVERSE
MCP3308002G,240015771,MONTGOMERY,Property Damage Crash,04-04-24 16:00,County Route,REPUBLIC RD,,"Sideswipe, Opposite Direction",Clear,Dry,Daylight,No Controls,"Not Suspect of Alcohol Use, Not Suspect of Drug Use",No,No Apparent Injury,"Other Action (looking away from task, etc.)",MD,Other Trucks,25,2002,FORD,UNKNOWN
MCP27180030,180001722,Montgomery County Police,Property Damage Crash,01-11-18 18:00,County,TWINBROOK PKWY,PARKLAWN DR,SAME DIR BOTH LEFT TURN,CLEAR,DRY,DARK LIGHTS ON,TRAFFIC SIGNAL,,Yes,NO APPARENT INJURY,UNKNOWN,,PASSENGER CAR,35,2007,FORD,TRUCK
MCP3065001D,180006106,Montgomery County Police,Injury Crash,02-05-18 8:23,Maryland (State),PINEY BRANCH RD,GARLAND AVE,SAME DIR REAR END,CLEAR,ICE,DAYLIGHT,,NONE DETECTED,No,NO APPARENT INJURY,NOT DISTRACTED,MD,PASSENGER CAR,35,2010,TOYT,4S
DM8445001G,17512778,Takoma Park Police Depart,Property Damage Crash,06/15/2017 05:30:00 PM,,,,OTHER,,,,,UNKNOWN,Unknown,NO APPARENT INJURY,UNKNOWN,,VAN,15,2006,FORD,VAN
MCP2231002K,16058668,Montgomery County Police,Property Damage Crash,11/14/2016 02:51:00 PM,Maryland (State),ROCKVILLE PIKE,LOCUST HILL RD,SAME DIR REAR END,CLOUDY,DRY,DAYLIGHT,NO CONTROLS,NONE DETECTED,No,NO APPARENT INJURY,NOT DISTRACTED,VA,PASSENGER CAR,35,2015,AUDI,A3
MCP102200FK,210008693,Montgomery County Police,Injury Crash,03-08-21 12:18,Maryland (State),RIDGE RD,SWEEPSTAKES RD,STRAIGHT MOVEMENT ANGLE,CLEAR,DRY,DAYLIGHT,TRAFFIC SIGNAL,NONE DETECTED,No,POSSIBLE INJURY,NOT DISTRACTED,MD,(SPORT) UTILITY VEHICLE,40,2011,HOND,CRV
MCP2455003P,200008569,Montgomery County Police,Property Damage Crash,02/20/2020 06:53:00 PM,County,PARKLAWN DR,PARKLAWN TERR,SAME DIRECTION SIDESWIPE,CLEAR,DRY,DARK LIGHTS ON,,,Yes,NO APPARENT INJURY,UNKNOWN,MD,PASSENGER CAR,30,2017,TOYOTA,CAMRY
MCP3352002S,250018954,MONTGOMERY,Property Damage Crash,04/30/2025 01:40:00 PM,County Route,MONTGOMERY VILLAGE AVE (SB/L),CENTER CT,Single Vehicle,Clear,Dry,Daylight,No Controls,"Unknown, Unknown",Yes,No Apparent Injury,Unknown,MD,Sport Utility Vehicle,30,2021,TOYOTA,RAV4
MCP1220002M,15047836,MONTGOMERY,Property Damage Crash,09/21/2015 01:30:00 PM,County,CAMERON ST,FENTON ST,,CLOUDY,DRY,DAYLIGHT,NO CONTROLS,NONE DETECTED,Yes,NO APPARENT INJURY,UNKNOWN,MD,"MEDIUM/HEAVY TRUCKS 3 AXLES (OVER 10,000LBS (4,536KG))",30,2015,FREIGHTLINER,BOX TRUCK
MCP30220026,180046157,Montgomery County Police,Property Damage Crash,09/15/2018 04:22:00 PM,Maryland (State),OLNEY LAYTONSVILLE RD,VOLUNTEER DR,SAME DIRECTION SIDESWIPE,CLEAR,DRY,DAYLIGHT,OTHER,,No,NO APPARENT INJURY,NOT DISTRACTED,MD,PASSENGER CAR,40,2016,CHEV,SW
EJ7895003K,230003189,Gaithersburg Police Depar,Injury Crash,01/20/2023 07:45:00 AM,Maryland (State),DARNESTOWN RD,ENT TO POTOMAC VALLEY SHOPPING CTR,STRAIGHT MOVEMENT ANGLE,CLEAR,DRY,DAYLIGHT,TRAFFIC SIGNAL,NONE DETECTED,Yes,POSSIBLE INJURY,LOOKED BUT DID NOT SEE,MD,PASSENGER CAR,30,2021,VOLKSWAGEN,JETTA
MCP93220029,250053138,MONTGOMERY,Property Damage Crash,11/26/2025 11:06:00 PM,County Route,OLD BALTIMORE RD,,Angle,Clear,Dry,Dark - Lighted,No Controls,"Unknown, Unknown",Yes,No Apparent Injury,Unknown,MD,Passenger Car,30,2022,AUDI,A3
MCP1604000J,15062151,MONTGOMERY,Property Damage Crash,12-05-15 13:04,County,MONTGOMERY VILLAGE AVE,CLUB HOUSE RD,STRAIGHT MOVEMENT ANGLE,CLEAR,DRY,DAYLIGHT,TRAFFIC SIGNAL,NONE DETECTED,No,NO APPARENT INJURY,NOT DISTRACTED,MD,VAN,30,2003,CHEVY,VAN
MCP2254001B,170530949,Montgomery County Police,Injury Crash,09/16/2017 01:00:00 PM,County,SNOWDEN FARM PKWY,FOREMAN BLVD,STRAIGHT MOVEMENT ANGLE,,DRY,DAYLIGHT,STOP SIGN,NONE DETECTED,No,NO APPARENT INJURY,LOOKED BUT DID NOT SEE,MD,PASSENGER CAR,35,2008,MERZ,TK
MCP2686003K,190034996,Montgomery County Police,Property Damage Crash,07/13/2019 09:45:00 AM,County,SCHAEFFER RD,CLOPPER RD,SAME DIRECTION SIDESWIPE,CLEAR,DRY,DAYLIGHT,STOP SIGN,,No,NO APPARENT INJURY,NOT DISTRACTED,MD,PASSENGER CAR,30,2013,NISSAN,ALTIMA
MCP2358003Q,170523163,Montgomery County Police,Property Damage Crash,08-05-17 11:25,,,,OTHER,CLEAR,,DAYLIGHT,NO CONTROLS,NONE DETECTED,Yes,NO APPARENT INJURY,NOT DISTRACTED,MD,PASSENGER CAR,25,2010,MERCEDES BENZ,E350
MCP1500001D,16046643,Montgomery County Police,Property Damage Crash,09-10-16 15:55,,,,SINGLE VEHICLE,CLEAR,,DAYLIGHT,,NONE DETECTED,Yes,NO APPARENT INJURY,UNKNOWN,DC,PASSENGER CAR,30,2001,VOLVO,S60
MCP34110028,250023746,MONTGOMERY,Property Damage Crash,05/28/2025 08:27:00 PM,County Route,WOODMONT AVE,,Angle,Rain,Wet,Daylight,Traffic Control Signal,"Not Suspect of Alcohol Use, Not Suspect of Drug Use",No,No Apparent Injury,Not Distracted,MD,Passenger Car,30,2023,DODGE,CHALLENGER
EJ7873002P,200014768,Gaithersburg Police Depar,Property Damage Crash,04-02-20 7:30,Municipality,WHETSTONE GLEN ST,END ROUNDABOUT,SINGLE VEHICLE,CLEAR,DRY,DAYLIGHT,NO CONTROLS,NONE DETECTED,Yes,NO APPARENT INJURY,BY MOVING OBJECT IN VEHICLE,MD,(SPORT) UTILITY VEHICLE,25,2018,KIA,TK
MCP28450088,230070603,Montgomery County Police,Property Damage Crash,12-08-23 13:11,Maryland (State),NEW HAMPSHIRE AVE,RAMP 4 FR MD 650 NB TO IS 495 EB,SAME DIR REAR END,CLEAR,DRY,DAYLIGHT,NO CONTROLS,NONE DETECTED,No,NO APPARENT INJURY,NOT DISTRACTED,MD,(SPORT) UTILITY VEHICLE,40,2011,FORD,EXPLORER
MCP1564007Y,240006470,MONTGOMERY,Property Damage Crash,02-09-24 9:30,Maryland (State) Route,GEORGIA AVE (SB/L),,Front to Rear,Clear,Dry,Daylight,Other Signal,"Not Suspect of Alcohol Use, Not Suspect of Drug Use",No,No Apparent Injury,"Other Action (looking away from task, etc.)",MD,Passenger Car,45,2013,BMW,328I
MCP1580002K,15005602,Montgomery County Police,Property Damage Crash,02-04-15 8:41,Maryland (State),MIDCOUNTY HWY,GOSHEN RD,SAME DIR REAR END,CLEAR,DRY,DAYLIGHT,TRAFFIC SIGNAL,NONE DETECTED,Yes,NO APPARENT INJURY,UNKNOWN,MD,PASSENGER CAR,45,2005,HONDA,ODYSSEY
HA25260006,24002416,MCPARK,Property Damage Crash,11/15/2024 12:15:00 PM,Maryland (State) Route,GEORGIA AVE (SB/L),,Other,Clear,Wet,Daylight,No Controls,"Not Suspect of Alcohol Use, Not Suspect of Drug Use",No,No Apparent Injury,Unknown,MA,Passenger Car,35,2024,HONDA,CR-V
MCP2456008G,240014910,MONTGOMERY,Injury Crash,03/30/2024 12:00:00 PM,Maryland (State) Route,NEW HAMPSHIRE AVE,OAKVIEW DR,Front to Rear,Clear,Dry,Daylight,Traffic Control Signal,"Not Suspect of Alcohol Use, Not Suspect of Drug Use",Yes,No Apparent Injury,Not Distracted,MD,Passenger Car,40,2010,TOYOTA,COROLLA
MCP10150014,170524082,Montgomery County Police,Property Damage Crash,08-10-17 12:12,,MEANDER COVE DRIVE,WALDORF DRIVE,OTHER,CLEAR,,DAYLIGHT,NO CONTROLS,NONE DETECTED,Yes,NO APPARENT INJURY,NOT DISTRACTED,MD,PASSENGER CAR,25,2010,TOYT,4S
MCP2723001D,16013783,MONTGOMERY,Injury Crash,03/21/2016 08:16:00 AM,Maryland (State),GEORGIA AVE,EMORY CHURCH RD,SAME DIR REAR END,CLEAR,DRY,DAYLIGHT,NO CONTROLS,,No,SUSPECTED MINOR INJURY,NOT DISTRACTED,MD,PASSENGER CAR,50,2011,CHEV,SUV
MCP2727002C,200039159,Montgomery County Police,Property Damage Crash,10-05-20 13:18,Maryland (State),CLOPPER RD,MATENEY RD,SAME DIRECTION RIGHT TURN,,,DAYLIGHT,STOP SIGN,NONE DETECTED,No,NO APPARENT INJURY,NOT DISTRACTED,MD,PASSENGER CAR,45,2011,JEEP,GRAND CHER
MCP3008001Y,190027155,Montgomery County Police,Injury Crash,06-06-19 23:13,County,OAKVIEW DR,BRADDOCK RD,OTHER,CLEAR,DRY,DARK LIGHTS ON,NO CONTROLS,UNKNOWN,Yes,NO APPARENT INJURY,UNKNOWN,,,25,0,UNKNOWN,UNKNOWN
MCP2623001X,15020724,Montgomery County Police,Injury Crash,05-02-15 10:29,County,SEMINARY RD,SECOND AVE,SAME DIR REAR END,CLEAR,DRY,DAYLIGHT,TRAFFIC SIGNAL,NONE DETECTED,No,SUSPECTED MINOR INJURY,NOT DISTRACTED,MD,PASSENGER CAR,30,2014,FORD,FIESTA
MCP242500D6,180063302,Montgomery County Police,Property Damage Crash,12/19/2018 07:12:00 AM,Maryland (State),GEORGIA AVE,AUGUST DR,SAME DIR REAR END,CLEAR,DRY,DUSK,TRAFFIC SIGNAL,NONE DETECTED,No,NO APPARENT INJURY,NOT DISTRACTED,MD,PASSENGER CAR,40,2000,HONDA,PASSPORT
MCP32280062,240032008,MONTGOMERY,Injury Crash,07-07-24 17:27,Maryland (State) Route,,COLESVILLE RD,Single Vehicle,Clear,Dry,Daylight,Traffic Control Signal,"Not Suspect of Alcohol Use, Not Suspect of Drug Use",No,No Apparent Injury,Not Distracted,MD,Passenger Car,35,2014,TOYOTA,COROLLA
MCP136600CL,240003655,MONTGOMERY,Injury Crash,01/24/2024 06:31:00 AM,County Route,EAST VILLAGE AVE,,Front to Front,Cloudy,Dry,Dark - Lighted,No Controls,"Not Suspect of Alcohol Use, Not Suspect of Drug Use",No,Suspected Minor Injury,Not Distracted,MD,Pickup,45,2022,TOYOTA,TACOMA
MCP25920015,190058420,Montgomery County Police,Property Damage Crash,12-04-19 13:51,Maryland (State),MONTGOMERY VILLAGE AVE,CHRISTOPHER AVE,SAME DIR REAR END,CLEAR,DRY,DAYLIGHT,TRAFFIC SIGNAL,UNKNOWN,Yes,NO APPARENT INJURY,UNKNOWN,,,35,0,UNKNOWN,UNKNOWN
MCP29760043,210023118,Montgomery County Police,Property Damage Crash,06/17/2021 04:19:00 AM,Maryland (State),OLD COLUMBIA PIKE,E RANDOLPH RD,STRAIGHT MOVEMENT ANGLE,,DRY,DARK LIGHTS ON,FLASHING TRAFFIC SIGNAL,NONE DETECTED,Yes,NO APPARENT INJURY,INATTENTIVE OR LOST IN THOUGHT,MD,PASSENGER CAR,35,2013,ACURA,TL
MCP32800070,250027291,MONTGOMERY,Injury Crash,06/19/2025 07:00:00 AM,Maryland (State) Route,NEW HAMPSHIRE AVE,LOCKWOOD DR,Angle,Clear,Dry,Daylight,Traffic Control Signal,"Not Suspect of Alcohol Use, Not Suspect of Drug Use",Yes,No Apparent Injury,Unknown,MD,Passenger Car,40,2013,ACURA,ILX
MCP9365001G,190044842,Montgomery County Police,Property Damage Crash,09/19/2019 08:31:00 AM,US (State),COLUMBIA PIKE,END BRIDGE,SAME DIR REAR END,CLEAR,DRY,DAYLIGHT,,NONE DETECTED,Yes,NO APPARENT INJURY,UNKNOWN,MD,VAN,50,2013,CHEVROLET,ECONOLINE
MCP2674004V,240018364,MONTGOMERY,Injury Crash,04/19/2024 06:00:00 PM,Maryland (State) Route,DAMASCUS RD,HIPSLEY MILL RD,Angle,Rain,Wet,Daylight,Stop Sign,"Not Suspect of Alcohol Use, Not Suspect of Drug Use",No,No Apparent Injury,Not Distracted,MD,Passenger Car,25,2017,SUBARU,WRX
MCP2594003Y,180024552,Montgomery County Police,Injury Crash,05/19/2018 08:33:00 AM,County,NOTLEY RD,BONIFANT RD,SAME DIR REAR END,RAINING,WET,DAYLIGHT,TRAFFIC SIGNAL,NONE DETECTED,No,SUSPECTED MINOR INJURY,NOT DISTRACTED,MD,PASSENGER CAR,35,2012,HYUNDAI,ACCENT
MCP2881006Z,250051102,MONTGOMERY,Property Damage Crash,11/14/2025 09:00:00 AM,,,,Front to Rear,Clear,,Daylight,,"Not Suspect of Alcohol Use, Not Suspect of Drug Use",Yes,No Apparent Injury,Not Distracted,MD,Passenger Car,0,2014,NISSAN,SENTRA
MCP29670021,170507459,Montgomery County Police,Injury Crash,05-12-17 19:35,County,DEMOCRACY BLVD,SEVEN LOCKS RD,SAME DIR REAR END,RAINING,WET,DAYLIGHT,TRAFFIC SIGNAL,,No,POSSIBLE INJURY,NOT DISTRACTED,MD,PASSENGER CAR,45,2006,LEXUS,ES330
MCP2192003S,200050896,Montgomery County Police,Injury Crash,12/27/2020 08:56:00 AM,County,OLD BALTIMORE RD,OLNEY SANDY SPRING RD,STRAIGHT MOVEMENT ANGLE,CLEAR,DRY,DAYLIGHT,TRAFFIC SIGNAL,NONE DETECTED,Yes,NO APPARENT INJURY,UNKNOWN,MD,PICKUP TRUCK,40,2016,CHEVROLET,SILVERADO