Report Number,Local Case Number,Agency Name,ACRS Report Type,Crash Date/Time,Route Type,Road Name,Cross-Street Name,Collision Type,Weather,Surface Condition,Light,Traffic Control,Driver Substance Abuse,Driver At Fault,Injury Severity,Driver Distracted By,Drivers License State,Vehicle Body Type,Speed Limit,Vehicle Year,Vehicle Make,Vehicle Model
DD558300BQ,250049690,ROCKVILLE,Property Damage Crash,11-05-25 14:55,Maryland (State) Route,NORBECK RD (WB/L),,Front to Rear,Clear,Dry,Daylight,No Controls,"Not Suspect of Alcohol Use, Not Suspect of Drug Use",Yes,No Apparent Injury,Not Distracted,MD,Station Wagon,40,2016,FORD,TRANSIT CONNECT
DD56210028,180018415,Rockville Police Departme,Property Damage Crash,04/15/2018 03:37:00 PM,County,E GUDE DR,DOVER RD,SAME DIR REAR END,RAINING,WET,DAYLIGHT,TRAFFIC SIGNAL,NONE DETECTED,No,NO APPARENT INJURY,NOT DISTRACTED,MD,PASSENGER CAR,40,2013,FORD,TK
EJ7856008C,200022141,Gaithersburg Police Depar,Injury Crash,06-05-20 10:13,Maryland (State),FREDERICK RD,CHRISTOPHER AVE,HEAD ON LEFT TURN,CLEAR,DRY,DAYLIGHT,TRAFFIC SIGNAL,,No,NO APPARENT INJURY,NOT DISTRACTED,MD,(SPORT) UTILITY VEHICLE,30,2018,SUBARU,FORRESTER
DD56300011,190000924,Rockville Police Departme,Property Damage Crash,01-06-19 12:35,Municipality,WOOTTON PKWY,PRESERVE PKWY,SAME DIR REAR END,CLEAR,DRY,DAYLIGHT,NO CONTROLS,NONE DETECTED,Yes,NO APPARENT INJURY,NOT DISTRACTED,MD,PASSENGER CAR,40,2016,AUDI,4S
MCP3090002M,190032712,Montgomery County Police,Injury Crash,07-10-19 10:30,County,GAITHER RD,INDUSTRIAL DR,SAME DIR REAR END,CLEAR,DRY,DAYLIGHT,STOP SIGN,,No,NO APPARENT INJURY,NOT DISTRACTED,MD,PASSENGER CAR,30,2011,TOYOTA,CAMRY
DM83380005,15030419,Takoma Park Police Depart,Property Damage Crash,06/22/2015 12:50:00 PM,,,,OTHER,CLEAR,,DAYLIGHT,,,No,NO APPARENT INJURY,NOT DISTRACTED,MD,OTHER,15,2009,AUTO,TRASH TRUCK
HA22210003,16000840,Maryland-National Capital,Property Damage Crash,07-04-16 17:32,County,CLARKSBURG RD,HYATTSTOWN MILL RD,SINGLE VEHICLE,RAINING,WET,DAYLIGHT,NO CONTROLS,NONE DETECTED,Yes,NO APPARENT INJURY,DISTRACTED BY OUTSIDE PERSON OBJECT OR EVENT,MD,PASSENGER CAR,35,2006,CHEV,COBALT LS
EJ7884006C,240005675,GAITHERSBURG,Property Damage Crash,02-04-24 20:56,Maryland (State) Route,S FREDERICK RD,,"Sideswipe, Same Direction",Clear,Dry,Dark - Lighted,Traffic Control Signal,"Suspect of Alcohol Use, Not Suspect of Drug Use",No,No Apparent Injury,Unknown,,Passenger Car,35,2016,FORD,ESCAPE
MCP137800F4,16061427,Montgomery County Police,Property Damage Crash,11/30/2016 12:32:00 PM,Interstate (State),EISENHOWER MEMORIAL HWY,RAMP 5 FR IS 270 SB TO SHADY GROVE RD,SINGLE VEHICLE,CLOUDY,WET,DAYLIGHT,,NONE DETECTED,Yes,NO APPARENT INJURY,NOT DISTRACTED,MD,(SPORT) UTILITY VEHICLE,55,1998,ISUZU,RODEO
MCP33420014,230047708,Montgomery County Police,Injury Crash,08-03-23 21:28,Maryland (State),GEORGIA AVE,PARKER AVE,SAME DIR REAR END,RAINING,WET,DARK NO LIGHTS,NO CONTROLS,NONE DETECTED,No,POSSIBLE INJURY,NOT DISTRACTED,MD,PASSENGER CAR,25,2013,HYUNDAI,ELANTRA
MCP3353002W,240036350,MONTGOMERY,Property Damage Crash,08-01-24 21:18,County Route,,,Rear To Side,Clear,Dry,Dark - Lighted,No Controls,"Suspect of Alcohol Use, Not Suspect of Drug Use",Yes,No Apparent Injury,"Manually Operating (dialing, playing game, etc.)",MD,Passenger Car,30,2015,ACURA,TLX
MCP3353001V,230064777,Montgomery County Police,Injury Crash,11-06-23 18:45,Maryland (State),GEORGIA AVE,BEL PRE RD,SAME DIR REAR END,,DRY,DARK LIGHTS ON,TRAFFIC SIGNAL,NONE DETECTED,Yes,NO APPARENT INJURY,NOT DISTRACTED,MD,PASSENGER CAR,45,2010,TOYOTA,COROLLA
MCP1148001S,170516606,Montgomery County Police,Property Damage Crash,06/30/2017 12:52:00 PM,County,EDGEMOOR LA,DENTON RD,ANGLE MEETS LEFT TURN,CLEAR,DRY,DAYLIGHT,STOP SIGN,NONE DETECTED,Yes,NO APPARENT INJURY,NOT DISTRACTED,MD,"MEDIUM/HEAVY TRUCKS 3 AXLES (OVER 10,000LBS (4,536KG))",25,2006,CHEV,TK
MCP31900027,210008533,Montgomery County Police,Property Damage Crash,03-06-21 22:06,Maryland (State),GEORGIA AVE,PRICE AVE,OTHER,CLEAR,,DARK LIGHTS ON,NO CONTROLS,NONE DETECTED,No,NO APPARENT INJURY,NOT DISTRACTED,MD,PICKUP TRUCK,25,2008,TOYOTA,TUNDRA
MCP2640000M,16064278,Montgomery County Police,Property Damage Crash,12/14/2016 09:02:00 PM,County,MONTGOMERY VILLAGE AVE,CENTERWAY RD,SAME DIRECTION SIDESWIPE,CLEAR,DRY,DARK LIGHTS ON,TRAFFIC SIGNAL,NONE DETECTED,No,NO APPARENT INJURY,NOT DISTRACTED,MD,PASSENGER CAR,35,2006,TOYOTA,SIENNA
MCP32400037,230059763,Montgomery County Police,Injury Crash,10-10-23 21:17,Maryland (State),GERMANTOWN RD,AIRCRAFT DR,SAME DIRECTION SIDESWIPE,CLEAR,DRY,DARK LIGHTS ON,NO CONTROLS,NONE DETECTED,No,SUSPECTED MINOR INJURY,NOT DISTRACTED,MD,PASSENGER CAR,40,2018,TOYOTA,CHR
DD5539001J,16042964,Rockville Police Departme,Injury Crash,08/24/2016 06:12:00 AM,Maryland (State),W MONTGOMERY AVE,RAMP 5 FR IS 270 SB TO MD 28 EB,STRAIGHT MOVEMENT ANGLE,CLEAR,DRY,DAWN,TRAFFIC SIGNAL,NONE DETECTED,Yes,NO APPARENT INJURY,UNKNOWN,VA,PASSENGER CAR,30,2012,VW,2
EJ7880000K,200024048,Gaithersburg Police Depar,Injury Crash,06/19/2020 06:00:00 PM,Maryland (State),FREDERICK RD,ODENDHAL AVE,SAME DIR REAR END,CLOUDY,WET,DAYLIGHT,TRAFFIC SIGNAL,NONE DETECTED,No,NO APPARENT INJURY,NOT DISTRACTED,MD,PASSENGER CAR,30,2010,MAZD,4S
MCP3334000J,220045686,Montgomery County Police,Injury Crash,10/18/2022 12:12:00 PM,US (State),GEORGIA AVE,NW EASTERN AVE (DC MAINT),SAME DIRECTION LEFT TURN,CLEAR,DRY,DAYLIGHT,NO CONTROLS,NONE DETECTED,Yes,POSSIBLE INJURY,UNKNOWN,MD,(SPORT) UTILITY VEHICLE,30,2020,TOYOTA,SIENNA
MCP28920096,210004364,Montgomery County Police,Property Damage Crash,02-03-21 15:21,,,,SAME DIRECTION SIDESWIPE,,,DAYLIGHT,NO CONTROLS,NONE DETECTED,Yes,NO APPARENT INJURY,NOT DISTRACTED,PA,FIRE VEHICLE/NON EMERGENCY,5,2007,PIER,TOWER
MCP22150019,200050688,Montgomery County Police,Injury Crash,12/24/2020 05:38:00 PM,County,MIDDLEBROOK RD,RAMP 6 FR MIDDLEBROOK RD EB TO IS 270 SB,ANGLE MEETS LEFT TURN,RAINING,WET,DARK LIGHTS ON,TRAFFIC SIGNAL,NONE DETECTED,Yes,NO APPARENT INJURY,NOT DISTRACTED,MD,PASSENGER CAR,45,2004,TOYT,TK
MCP9386009X,240011685,MONTGOMERY,Property Damage Crash,03-11-24 12:00,Maryland (State) Route,FREDERICK RD,,Angle,Clear,Dry,Daylight,No Controls,"Not Suspect of Alcohol Use, Not Suspect of Drug Use",No,No Apparent Injury,Unknown,MD,Sport Utility Vehicle,40,2023,TOYOTA,RAV4
MCP2991003X,190041366,Montgomery County Police,Property Damage Crash,08/29/2019 01:30:00 PM,County,FAIRLAND RD,HOBART DR,SAME DIR REAR END,CLEAR,DRY,DAYLIGHT,,NONE DETECTED,Yes,NO APPARENT INJURY,LOOKED BUT DID NOT SEE,VA,PASSENGER CAR,40,2015,NISSAN,ROGUE
MCP3022004K,220011181,Montgomery County Police,Injury Crash,03/15/2022 04:53:00 PM,Maryland (State),WOODFIELD RD,HAWKINS CREAMERY RD,SAME DIR REAR END,CLEAR,DRY,DAYLIGHT,TRAFFIC SIGNAL,,Yes,POSSIBLE INJURY,LOOKED BUT DID NOT SEE,MD,PASSENGER CAR,40,2005,HOND,TK
MCP263900CD,210022854,Montgomery County Police,Property Damage Crash,06/15/2021 11:42:00 AM,Maryland (State),NEW HAMPSHIRE AVE,RANDOLPH RD,HEAD ON LEFT TURN,CLEAR,DRY,DAYLIGHT,TRAFFIC SIGNAL,NONE DETECTED,No,NO APPARENT INJURY,NOT DISTRACTED,MD,PASSENGER CAR,35,2018,INFINITI,Q50
MCP33470018,230059522,Montgomery County Police,Property Damage Crash,10-09-23 17:30,,,,SAME DIR REAR END,CLEAR,,DAYLIGHT,NO CONTROLS,ALCOHOL PRESENT,Yes,NO APPARENT INJURY,USING OTHER DEVICE CONTROLS INTEGRAL TO VEHICLE,MD,PASSENGER CAR,0,2008,FORD,EXPLORER
DD56040010,15010997,Rockville Police Departme,Injury Crash,03-10-15 5:46,Maryland (State),VEIRS MILL RD,DODGE ST,STRAIGHT MOVEMENT ANGLE,CLEAR,DRY,DARK LIGHTS ON,NO CONTROLS,NONE DETECTED,No,SUSPECTED MINOR INJURY,NOT DISTRACTED,MD,PASSENGER CAR,30,1997,NISS,TK
MCP2380000G,230070479,Montgomery County Police,Injury Crash,12-07-23 19:23,Maryland (State),OLD GEORGETOWN RD,LINCOLN ST,SAME DIR REAR END,CLEAR,DRY,DARK LIGHTS ON,TRAFFIC SIGNAL,NONE DETECTED,No,POSSIBLE INJURY,NOT DISTRACTED,MD,POLICE VEHICLE/EMERGENCY,35,2012,DODGE,CHARGER
DD5621001D,170526155,Rockville Police Departme,Injury Crash,08/22/2017 07:26:00 AM,Interstate (State),EISENHOWER MEMORIAL HWY,RAMP 8 FR IS 270 SB TO MD 189 WB,SAME DIR REAR END,CLEAR,DRY,DAYLIGHT,NO CONTROLS,NONE DETECTED,No,SUSPECTED SERIOUS INJURY,UNKNOWN,MD,MOTORCYCLE,65,2005,HONDA,HONDA
MCP28920027,170503733,Montgomery County Police,Injury Crash,04/23/2017 04:38:00 PM,Maryland (State),GEORGIA AVE,BELVEDERE BLVD,SAME DIR REAR END,CLEAR,DRY,DAYLIGHT,NO CONTROLS,NONE DETECTED,No,POSSIBLE INJURY,NOT DISTRACTED,XX,PASSENGER CAR,40,2002,DODGE,2D
MCP3227001Q,200042554,Montgomery County Police,Property Damage Crash,10/28/2020 02:53:00 PM,US (State),COLUMBIA PIKE,ENT TO BUSINESS,SINGLE VEHICLE,CLEAR,DRY,DAYLIGHT,NO CONTROLS,NONE DETECTED,Yes,NO APPARENT INJURY,UNKNOWN,DC,PASSENGER CAR,40,2019,NISSAN,SENTRA
MCP2686007G,250032998,MONTGOMERY,Property Damage Crash,07/24/2025 12:37:00 PM,,,,"Sideswipe, Opposite Direction",Clear,,Daylight,,"Not Suspect of Alcohol Use, Not Suspect of Drug Use",Yes,No Apparent Injury,Not Distracted,MD,Passenger Car,0,2013,FORD,C-MAX
MCP10640098,190033891,Montgomery County Police,Property Damage Crash,07/17/2019 10:24:00 AM,County,COUNTRYSIDE DR,ROAD END,SINGLE VEHICLE,CLEAR,DRY,DAYLIGHT,,,Yes,NO APPARENT INJURY,NOT DISTRACTED,MD,SCHOOL BUS,25,2018,FREIGHT,BUS
MCP3334000Q,220053662,Montgomery County Police,Injury Crash,12-05-22 11:31,County,THAYER AVE,HARTFORD AVE,SAME DIRECTION RIGHT TURN,CLEAR,,DAYLIGHT,NO CONTROLS,NONE DETECTED,Yes,NO APPARENT INJURY,UNKNOWN,MD,(SPORT) UTILITY VEHICLE,35,2014,TOYOTA,TK
MCP2565002Y,16024539,Montgomery County Police,Property Damage Crash,05/17/2016 05:38:00 PM,County,PARKLAWN DR,PARKLAWN TERR,SAME DIRECTION RIGHT TURN,RAINING,WET,DAYLIGHT,NO CONTROLS,NONE DETECTED,No,NO APPARENT INJURY,NOT DISTRACTED,MD,PASSENGER CAR,35,2004,TOYOTA,COROLLA
MCP2890001C,220035998,Montgomery County Police,Property Damage Crash,08/20/2022 04:40:00 PM,,,,OTHER,CLEAR,,DAYLIGHT,NO CONTROLS,ALCOHOL PRESENT,Yes,NO APPARENT INJURY,UNKNOWN,MD,PASSENGER CAR,15,2021,HYUN,SONATA
MCP2432000M,220027011,Montgomery County Police,Injury Crash,06/23/2022 12:22:00 AM,County,MONTGOMERY VILLAGE AVE,CENTERWAY RD,STRAIGHT MOVEMENT ANGLE,RAINING,WET,DARK LIGHTS ON,TRAFFIC SIGNAL,NONE DETECTED,Yes,POSSIBLE INJURY,UNKNOWN,MD,(SPORT) UTILITY VEHICLE,35,2019,CHEVY,EQUINOX
MCP26390046,180035911,Montgomery County Police,Property Damage Crash,07/20/2018 09:11:00 AM,County,WOODMONT AVE,NORFOLK AVE,SAME DIRECTION SIDESWIPE,CLEAR,DRY,DAYLIGHT,NO CONTROLS,NONE DETECTED,Yes,NO APPARENT INJURY,NOT DISTRACTED,MD,TRANSIT BUS,25,2013,NEW FLYER,TBU
DD56070019,15010913,Rockville Police Departme,Property Damage Crash,03-09-15 16:37,Municipality,PARK RD,N STONESTREET AVE,OTHER,CLEAR,OTHER,DAYLIGHT,NO CONTROLS,NONE DETECTED,No,NO APPARENT INJURY,NOT DISTRACTED,DC,OTHER BUS,10,2008,GILLIG,BUS
MCP15500044,230004299,Montgomery County Police,Property Damage Crash,01/26/2023 02:06:00 PM,Maryland (State),OLD GEORGETOWN RD,ROCKVILLE PIKE,SAME DIR REAR END,CLOUDY,DRY,DAYLIGHT,NO CONTROLS,NONE DETECTED,No,NO APPARENT INJURY,NOT DISTRACTED,MD,PASSENGER CAR,40,2016,NISS,SENTRA
MCP2837001V,180024602,Montgomery County Police,Property Damage Crash,05/19/2018 01:51:00 PM,Maryland (State),FREDERICK RD,RIDGEMONT AVE,HEAD ON,CLEAR,,DAYLIGHT,TRAFFIC SIGNAL,NONE DETECTED,No,NO APPARENT INJURY,NOT DISTRACTED,MD,VAN,40,2006,TOYT,VN
MCP12020016,16013138,MONTGOMERY,Property Damage Crash,03/17/2016 12:25:00 PM,Government,LITTLE FALLS PKWY,RIVER RD,OTHER,CLEAR,DRY,DAYLIGHT,NO CONTROLS,NONE DETECTED,No,NO APPARENT INJURY,NOT DISTRACTED,FL,PASSENGER CAR,35,2006,HONDA,CRV
MCP29050022,16057501,Montgomery County Police,Property Damage Crash,11-07-16 20:31,Maryland (State),RIVER RD,BURDETTE RD,SAME DIR REAR END,CLEAR,DRY,DARK NO LIGHTS,NO CONTROLS,,No,NO APPARENT INJURY,NOT DISTRACTED,OH,PASSENGER CAR,45,2015,VOLKS,4S
MCP2829003C,170527658,Montgomery County Police,Property Damage Crash,08/29/2017 09:57:00 PM,,,,OTHER,CLOUDY,,DARK LIGHTS ON,NO CONTROLS,UNKNOWN,Yes,NO APPARENT INJURY,UNKNOWN,,"OTHER LIGHT TRUCKS (10,000LBS (4,536KG) OR LESS)",15,2003,FORD,TK
MCP2846004K,180051177,Montgomery County Police,Injury Crash,10-12-18 21:43,Maryland (State),GEORGIA AVE,SHOREFIELD RD,SAME DIRECTION SIDESWIPE,CLEAR,DRY,DARK LIGHTS ON,NO CONTROLS,NONE DETECTED,No,NO APPARENT INJURY,NOT DISTRACTED,MD,TRANSIT BUS,40,2008,NWFL,TBU
MCP29340067,250004077,MONTGOMERY,Property Damage Crash,01/28/2025 05:54:00 PM,Maryland (State) Route,ROCKVILLE PIKE,,Front to Rear,Clear,Dry,Dark - Not Lighted,No Controls,"Not Suspect of Alcohol Use, Not Suspect of Drug Use",No,No Apparent Injury,Not Distracted,MD,Passenger Car,35,2024,TESLA,MODEL 3
MCP28440085,240055014,MONTGOMERY,Property Damage Crash,11/16/2024 01:25:00 PM,County Route,JUDSON RD,,Unknown,Clear,Dry,Daylight,No Controls,"Not Suspect of Alcohol Use, Not Suspect of Drug Use",No,No Apparent Injury,Unknown,MD,"Construction Equipment (backhoe, bulldozer, etc.)",15,2021,KENWORTH,T4 SERIES
MCP3096002H,200002373,Montgomery County Police,Injury Crash,01/14/2020 05:45:00 PM,County,NEBEL ST,RANDOLPH RD,HEAD ON LEFT TURN,RAINING,WET,DUSK,TRAFFIC SIGNAL,NONE DETECTED,No,POSSIBLE INJURY,NOT DISTRACTED,MD,PASSENGER CAR,30,2018,VW,4D
MCP3262002W,230012833,Montgomery County Police,Property Damage Crash,03/16/2023 04:30:00 PM,Maryland (State),OLD COLUMBIA PIKE,ENT TO BURTONSVILLE SHOPPING CENTER,HEAD ON LEFT TURN,CLEAR,DRY,DAYLIGHT,TRAFFIC SIGNAL,NONE DETECTED,Unknown,NO APPARENT INJURY,LOOKED BUT DID NOT SEE,MD,PASSENGER CAR,40,2006,MERCARY,UT
MCP26410046,240022766,MONTGOMERY,Property Damage Crash,05/14/2024 03:00:00 PM,County Route,BLUEBELL LA,BOWIE MILL RD BREADY RD,Angle,Rain,Wet,Daylight,No Controls,"Not Suspect of Alcohol Use, Not Suspect of Drug Use",No,No Apparent Injury,Not Distracted,MD,Passenger Car,40,2002,NISSAN,ALTIMA
MCP2611000Q,15041165,MONTGOMERY,Property Damage Crash,08/17/2015 05:30:00 PM,County,E RANDOLPH RD,NEW HAMPSHIRE AVE,SAME DIR REAR END,CLEAR,DRY,DAYLIGHT,NO CONTROLS,NONE DETECTED,Yes,NO APPARENT INJURY,NOT DISTRACTED,MD,PASSENGER CAR,50,2004,CHEVY,SUBURBAN
DD55020010,15018647,Rockville Police Departme,Property Damage Crash,04/21/2015 07:55:00 AM,Municipality,N WASHINGTON ST,DAWSON AVE,SAME DIR REAR END,CLEAR,DRY,DAYLIGHT,NO CONTROLS,NONE DETECTED,Yes,NO APPARENT INJURY,NOT DISTRACTED,NC,TRANSIT BUS,30,2009,GILL,BU
MCP1119001V,16003394,Montgomery County Police,Injury Crash,01/19/2016 09:26:00 AM,Maryland (State),GEORGIA AVE,PRINCE PHILIP DR,SAME DIR REAR END,CLEAR,DRY,DAYLIGHT,,NONE DETECTED,Yes,NO APPARENT INJURY,NOT DISTRACTED,MD,OTHER BUS,40,2016,FREIGHTLINER,TRUCK
DD56200064,210002722,Rockville Police Departme,Property Damage Crash,01/22/2021 10:50:00 AM,Maryland (State),W MONTGOMERY AVE,FALLSGROVE DR,STRAIGHT MOVEMENT ANGLE,CLEAR,DRY,DAYLIGHT,TRAFFIC SIGNAL,NONE DETECTED,No,NO APPARENT INJURY,NOT DISTRACTED,MD,PASSENGER CAR,30,2020,AUDI,A7
MCP30940010,190017344,Montgomery County Police,Property Damage Crash,04/13/2019 10:19:00 PM,Maryland (State),QUINCE ORCHARD RD,RAMP 7 FR MD 124 WB TO IS 270 SB,SAME DIR REAR END,CLEAR,DRY,DARK LIGHTS ON,NO CONTROLS,NONE DETECTED,Yes,NO APPARENT INJURY,LOOKED BUT DID NOT SEE,VA,PASSENGER CAR,35,2004,TOYOTA,PRIUS
MCP3109004H,200023708,Montgomery County Police,Injury Crash,06/17/2020 08:45:00 AM,Maryland (State),GEORGIA AVE,FLORA LA,SAME DIRECTION SIDESWIPE,CLOUDY,DRY,DAYLIGHT,NO CONTROLS,NONE DETECTED,No,NO APPARENT INJURY,NOT DISTRACTED,MD,"CARGO VAN/LIGHT TRUCK 2 AXLES (OVER 10,000LBS (4,536 KG))",35,2006,ISUZU,TRUCK
MCP2515001F,180043091,Montgomery County Police,Property Damage Crash,08/29/2018 05:00:00 PM,County,OAK DR,KINGSTEAD RD,SAME DIRECTION RIGHT TURN,CLEAR,DRY,DAYLIGHT,NO CONTROLS,NONE DETECTED,No,NO APPARENT INJURY,NOT DISTRACTED,MD,PASSENGER CAR,30,2006,MERZ,4D
MCP9322000H,16037229,Montgomery County Police,Injury Crash,07/22/2016 11:02:00 PM,County,BROOKEVILLE RD,ZION RD,STRAIGHT MOVEMENT ANGLE,CLEAR,DRY,DARK LIGHTS ON,STOP SIGN,NONE DETECTED,No,NO APPARENT INJURY,NOT DISTRACTED,MD,PASSENGER CAR,30,2001,NISSAN,PATHFINDER
MCP29160011,15048992,MONTGOMERY,Property Damage Crash,09/27/2015 10:29:00 AM,County,PLUM ORCHARD DR,CHERRY HILL RD,STRAIGHT MOVEMENT ANGLE,CLEAR,DRY,DAYLIGHT,TRAFFIC SIGNAL,NONE DETECTED,Yes,NO APPARENT INJURY,NOT DISTRACTED,MD,PASSENGER CAR,35,1991,HOND,ACCORD
DD5527001J,180030643,Rockville Police Departme,Injury Crash,06/21/2018 01:22:00 PM,Municipality,WOOTTON PKWY,TOWER OAKS BLVD,STRAIGHT MOVEMENT ANGLE,CLEAR,DRY,DAYLIGHT,TRAFFIC SIGNAL,NONE DETECTED,No,NO APPARENT INJURY,NOT DISTRACTED,MD,PASSENGER CAR,40,2016,FERR,CN
MCP3358003G,250039123,MONTGOMERY,Property Damage Crash,09-01-25 14:09,Maryland (State) Route,WISCONSIN AVE,,Angle,Clear,Dry,Daylight,No Controls,"Unknown, Unknown",No,,,,Passenger Car,30,2021,TOYOTA,RAV4
MCP1145000M,15027441,Montgomery County Police,Injury Crash,06-06-15 16:31,County,LITTLE SENECA PKWY,CROSSOVER,STRAIGHT MOVEMENT ANGLE,CLEAR,DRY,DAYLIGHT,STOP SIGN,NONE DETECTED,Yes,NO APPARENT INJURY,LOOKED BUT DID NOT SEE,MD,PASSENGER CAR,30,2014,NISS,SENTRA
MCP06170044,220021954,Montgomery County Police,Property Damage Crash,05/23/2022 01:25:00 PM,Maryland (State),OLNEY SANDY SPRING RD,BROOKE RD,SAME DIR REAR END,CLOUDY,DRY,DAYLIGHT,TRAFFIC SIGNAL,UNKNOWN,Yes,NO APPARENT INJURY,UNKNOWN,,UNKNOWN,30,9999,UNKNOWN,UNKNOWN
MCP2107005L,240033354,MONTGOMERY,Injury Crash,07/15/2024 12:17:00 PM,Ramp,RAMP 6 FR MIDDLEBROOK RD EB TO IS 270 SB,,Front to Rear,Clear,Dry,Daylight,Other,"Not Suspect of Alcohol Use, Not Suspect of Drug Use",Yes,No Apparent Injury,Not Distracted,MD,Bus - School,45,2014,THOMAS BUILT,SCHOOL BUS
MCP2677001V,230069377,Montgomery County Police,Injury Crash,12-01-23 18:29,Maryland (State),RIDGE RD,FREDERICK RD,SAME DIRECTION LEFT TURN,OTHER,WET,DARK LIGHTS ON,,ALCOHOL PRESENT,Yes,POSSIBLE INJURY,UNKNOWN,MD,PASSENGER CAR,45,2015,CHEVY,4D
MCP3066000J,170548869,Montgomery County Police,Property Damage Crash,12/15/2017 10:23:00 PM,County,FRIENDSHIP BLVD,WASHINGTON DC/LINE,HEAD ON LEFT TURN,CLEAR,WET,DARK LIGHTS ON,TRAFFIC SIGNAL,,No,NO APPARENT INJURY,NOT DISTRACTED,MD,PASSENGER CAR,25,2006,FORD,ESCAPE
MCP2636000P,180023437,Montgomery County Police,Property Damage Crash,05-12-18 11:18,County,CHERRY HILL RD,GRACEFIELD RD,SAME DIR REAR END,,WET,DARK NO LIGHTS,,UNKNOWN,Yes,NO APPARENT INJURY,UNKNOWN,DC,PASSENGER CAR,35,2015,HYUNDAI,4S
MCP29740016,16058455,Montgomery County Police,Property Damage Crash,11-12-16 23:45,,,,OTHER,CLEAR,,DARK LIGHTS ON,NO CONTROLS,ALCOHOL CONTRIBUTED,Yes,NO APPARENT INJURY,UNKNOWN,MD,PASSENGER CAR,5,2002,MERCURY,SABLE
MCP2446000R,15003783,Montgomery County Police,Property Damage Crash,01/23/2015 04:36:00 PM,County,FATHER HURLEY BLVD,CRYSTAL ROCK DR,SAME DIR REAR END,CLOUDY,DRY,DUSK,TRAFFIC SIGNAL,NONE DETECTED,Yes,NO APPARENT INJURY,NOT DISTRACTED,MD,(SPORT) UTILITY VEHICLE,35,2007,JEEP,CHEROKEE
MCP30510074,230063471,Montgomery County Police,Property Damage Crash,10/30/2023 06:45:00 PM,Maryland (State),BRADLEY BLVD,GOLDSBORO RD,HEAD ON LEFT TURN,RAINING,WET,DARK LIGHTS ON,TRAFFIC SIGNAL,NONE DETECTED,No,NO APPARENT INJURY,NOT DISTRACTED,MD,(SPORT) UTILITY VEHICLE,25,2021,TESLA,MODEL Y
MCP3445000F,250022926,MONTGOMERY,Injury Crash,05/23/2025 05:56:00 PM,County Route,RANDOLPH RD,,Other,Clear,Dry,Daylight,No Controls,"Not Suspect of Alcohol Use, Not Suspect of Drug Use",No,Suspected Minor Injury,Not Distracted,MD,Passenger Car,35,2019,TOYOTA,PRIUS PRIME
MCP21980028,170500415,Montgomery County Police,Property Damage Crash,04-04-17 19:00,Maryland (State),W DIAMOND AVE,BUREAU DR,SINGLE VEHICLE,CLEAR,DRY,DAYLIGHT,,,No,NO APPARENT INJURY,NOT DISTRACTED,MD,PASSENGER CAR,35,2009,NISSAN,ALTIMA
MCP2919007X,210011417,Montgomery County Police,Injury Crash,03/26/2021 06:57:00 PM,Maryland (State),NEW HAMPSHIRE AVE,ELTON RD,SAME DIR REAR END,,DRY,DAYLIGHT,,NONE DETECTED,No,POSSIBLE INJURY,NOT DISTRACTED,MD,PASSENGER CAR,40,2003,TOYOTA,HATCHBACK
MCP9365000T,170525100,Montgomery County Police,Injury Crash,08/16/2017 06:22:00 AM,Maryland (State),NEW HAMPSHIRE AVE,TANLEY RD,SAME DIRECTION SIDESWIPE,FOGGY,DRY,DAWN,,NONE DETECTED,Yes,NO APPARENT INJURY,NOT DISTRACTED,MD,(SPORT) UTILITY VEHICLE,40,2006,NISSAN,XTERRA
MCP2859000T,15009763,Montgomery County Police,Property Damage Crash,03-01-15 13:19,County,FIELDS RD,RIO BLVD,OTHER,CLOUDY,WET,DAYLIGHT,NO CONTROLS,UNKNOWN,Yes,NO APPARENT INJURY,UNKNOWN,MD,PASSENGER CAR,15,2010,VOLK,4D
MCP25820046,220049943,Montgomery County Police,Property Damage Crash,11-12-22 0:44,County,EDNOR RD,OLD ORCHARD RD,SINGLE VEHICLE,RAINING,WET,DARK LIGHTS ON,NO CONTROLS,NONE DETECTED,Yes,NO APPARENT INJURY,UNKNOWN,MD,PASSENGER CAR,35,2007,MAZDA,3
MCP1417003F,15030577,Montgomery County Police,Property Damage Crash,06/23/2015 10:23:00 AM,Maryland (State),MONTGOMERY VILLAGE AVE,CHRISTOPHER AVE,SAME DIR REAR END,CLEAR,DRY,DAYLIGHT,TRAFFIC SIGNAL,NONE DETECTED,No,NO APPARENT INJURY,NOT DISTRACTED,MD,PASSENGER CAR,35,2011,SUBARU,LEGACY
MCP2881002D,170521702,Montgomery County Police,Property Damage Crash,07/28/2017 04:44:00 PM,Maryland (State),GERMANTOWN RD,AIRCRAFT DR,SAME DIR REAR END,RAINING,WET,DAYLIGHT,TRAFFIC SIGNAL,,Yes,NO APPARENT INJURY,NOT DISTRACTED,MD,PASSENGER CAR,40,2001,NISS,4S
EJ7829003K,170539273,Gaithersburg Police Depar,Property Damage Crash,10/27/2017 09:00:00 PM,,,,HEAD ON,CLEAR,,DARK LIGHTS ON,NO CONTROLS,NONE DETECTED,No,NO APPARENT INJURY,NOT DISTRACTED,MD,VAN,25,2012,TOYOTA,VAN