Report Number,Local Case Number,Agency Name,ACRS Report Type,Crash Date/Time,Route Type,Road Name,Cross-Street Name,Collision Type,Weather,Surface Condition,Light,Traffic Control,Driver Substance Abuse,Driver At Fault,Injury Severity,Driver Distracted By,Drivers License State,Vehicle Body Type,Speed Limit,Vehicle Year,Vehicle Make,Vehicle Model
MCP1113003H,200035141,Montgomery County Police,Injury Crash,09-08-20 9:15,Maryland (State),WOODFIELD RD,BISCAYNE LA,STRAIGHT MOVEMENT ANGLE,CLEAR,DRY,DAYLIGHT,STOP SIGN,NONE DETECTED,No,NO APPARENT INJURY,LOOKED BUT DID NOT SEE,MD,"CARGO VAN/LIGHT TRUCK 2 AXLES (OVER 10,000LBS (4,536 KG))",40,2015,VOLK,GOLF
MCP2082002K,220013169,Montgomery County Police,Injury Crash,03/27/2022 10:16:00 PM,Maryland (State),GEORGIA AVE,WINDHAM LA,ANGLE MEETS LEFT TURN,CLEAR,DRY,DARK LIGHTS ON,TRAFFIC SIGNAL,NONE DETECTED,No,NO APPARENT INJURY,NOT DISTRACTED,MD,PASSENGER CAR,35,2017,RANGE ROVER,SUV
MCP3243001C,230005507,Montgomery County Police,Injury Crash,02-02-23 20:58,Maryland (State),BRADLEY LA,WISCONSIN AVE,SINGLE VEHICLE,CLEAR,DRY,DARK LIGHTS ON,TRAFFIC SIGNAL,NONE DETECTED,Unknown,NO APPARENT INJURY,LOOKED BUT DID NOT SEE,DC,(SPORT) UTILITY VEHICLE,35,2017,LEXUS,UT
MCP3195003P,220025630,Montgomery County Police,Property Damage Crash,06/14/2022 04:55:00 PM,Maryland (State),NEW HAMPSHIRE AVE,MAHAN RD,SAME DIR REAR END,CLEAR,DRY,DAYLIGHT,TRAFFIC SIGNAL,NONE DETECTED,No,NO APPARENT INJURY,NOT DISTRACTED,MD,PASSENGER CAR,40,2010,HUYN,ELANTRA
MCP14910008,16044388,Montgomery County Police,Property Damage Crash,08/31/2016 10:20:00 AM,County,NEEDWOOD RD,BEACH DR,SAME DIR REAR END,CLEAR,DRY,DAYLIGHT,NO CONTROLS,NONE DETECTED,Yes,NO APPARENT INJURY,NOT DISTRACTED,MD,(SPORT) UTILITY VEHICLE,30,2015,INFINITY,QX60
MCP28630027,180063178,Montgomery County Police,Property Damage Crash,12/18/2018 03:00:00 PM,County,WATKINS MILL RD,APPLE RIDGE RD,STRAIGHT MOVEMENT ANGLE,CLEAR,DRY,DAYLIGHT,TRAFFIC SIGNAL,NONE DETECTED,Yes,NO APPARENT INJURY,INATTENTIVE OR LOST IN THOUGHT,MA,PASSENGER CAR,35,2005,INFINITY,FX35
MCP33220026,230065021,Montgomery County Police,Property Damage Crash,11-07-23 22:11,,DUNSINANE DR,BEL PRE RD,SAME DIRECTION RIGHT TURN,CLEAR,DRY,DARK LIGHTS ON,STOP SIGN,,Yes,NO APPARENT INJURY,UNKNOWN,,PASSENGER CAR,15,2019,TOYOTA,COROLLA
MCP32940022,240016715,MONTGOMERY,Injury Crash,04-10-24 16:45,Maryland (State) Route,MONTGOMERY VILLAGE AVE,,Front to Rear,Clear,Dry,Daylight,Traffic Control Signal,"Not Suspect of Alcohol Use, Not Suspect of Drug Use",Yes,Suspected Minor Injury,Not Distracted,MD,Passenger Car,35,2012,HONDA,PILOT
DD5567004J,240029298,ROCKVILLE,Property Damage Crash,06/20/2024 02:58:00 PM,Municipality Route,CHURCH ST (WB/L),MONROE PL,Angle,Clear,Dry,Daylight,Traffic Control Signal,"Not Suspect of Alcohol Use, Not Suspect of Drug Use",No,No Apparent Injury,Not Distracted,MD,Bus - Transit,35,2017,GILLIG,UNKNOWN
MCP91130029,17013325,Montgomery County Police,Property Damage Crash,03/15/2017 09:21:00 AM,County,FLACK ST,JUDSON RD,OTHER,CLEAR,DRY,DAYLIGHT,NO CONTROLS,UNKNOWN,Yes,NO APPARENT INJURY,UNKNOWN,,UNKNOWN,25,2017,UU,UU
MCP3372001F,230058567,Montgomery County Police,Property Damage Crash,10-04-23 19:14,Maryland (State),LAYHILL RD,GLENALLAN AVE,SAME DIRECTION SIDESWIPE,CLEAR,DRY,DARK LIGHTS ON,TRAFFIC SIGNAL,NONE DETECTED,Unknown,NO APPARENT INJURY,UNKNOWN,MD,PASSENGER CAR,35,2008,MITS,SD
MCP34290011,250038782,MONTGOMERY,Property Damage Crash,08/29/2025 08:48:00 PM,Maryland (State) Route,CONNECTICUT AVE (SB/L),GREENLY ST,Angle,Clear,Dry,Dark - Not Lighted,Stop Sign,"Not Suspect of Alcohol Use, Not Suspect of Drug Use",Yes,No Apparent Injury,Unknown,MD,Passenger Car,25,2005,FORD,MUSTANG
MCP22310016,15019552,Montgomery County Police,Property Damage Crash,04/25/2015 02:39:00 PM,County,DEMOCRACY BLVD,ROCKLEDGE DR,SAME DIRECTION LEFT TURN,CLOUDY,DRY,DAYLIGHT,NO CONTROLS,NONE DETECTED,No,NO APPARENT INJURY,NOT DISTRACTED,MD,(SPORT) UTILITY VEHICLE,35,2010,JEEP,COMPASS
MCP21950079,250020113,MONTGOMERY,Injury Crash,05-07-25 13:47,County Route,CATAWBA MANOR WAY,,Single Vehicle,Clear,Dry,Daylight,No Controls,"Not Suspect of Alcohol Use, Not Suspect of Drug Use",No,Suspected Minor Injury,Not Distracted,MD,Motorcycle - 2 Wheeled,15,2005,SUZUKI,GSX-R1000
EJ78860046,240060164,GAITHERSBURG,Property Damage Crash,12/17/2024 12:44:00 AM,Maryland (State) Route,QUINCE ORCHARD RD (SB/L),CLOPPER RD (WB/L),Rear To Side,Cloudy,Wet,Dark - Lighted,Traffic Control Signal,"Not Suspect of Alcohol Use, Not Suspect of Drug Use",Yes,No Apparent Injury,Unknown,PA,Passenger Car,35,2017,GMC,SAVANA
MCP24870039,230054462,Montgomery County Police,Injury Crash,09-12-23 13:50,County,RIVER RD,HUNTING QUARTER RD,HEAD ON LEFT TURN,CLEAR,DRY,DAYLIGHT,NO CONTROLS,NONE DETECTED,Yes,POSSIBLE INJURY,LOOKED BUT DID NOT SEE,MD,PASSENGER CAR,50,2004,HONDA,CIVIC
DD5527000F,16024451,Rockville Police Departme,Property Damage Crash,05/17/2016 08:57:00 AM,Municipality,MT VERNON PL,ROCKVILLE PIKE,STRAIGHT MOVEMENT ANGLE,RAINING,WET,DAYLIGHT,NO CONTROLS,NONE DETECTED,Yes,NO APPARENT INJURY,NOT DISTRACTED,MD,PASSENGER CAR,5,2016,DODGE,CHALLENGER
MCP3012003Y,180060329,Montgomery County Police,Injury Crash,12-03-18 7:09,Maryland (State),GEORGIA AVE,HEATHFIELD RD,SAME DIR REAR END,CLEAR,,DAWN,NO CONTROLS,NONE DETECTED,Yes,NO APPARENT INJURY,NOT DISTRACTED,MD,(SPORT) UTILITY VEHICLE,45,2009,JEEP,WRANGLER
MCP2450000L,16000562,Montgomery County Police,Property Damage Crash,01-04-16 13:06,,,,STRAIGHT MOVEMENT ANGLE,,,DAYLIGHT,NO CONTROLS,NONE DETECTED,Unknown,NO APPARENT INJURY,UNKNOWN,MD,PASSENGER CAR,5,1999,MERCEDEZ,E-CLASS
MCP2974003X,210051147,Montgomery County Police,Injury Crash,12/16/2021 10:59:00 AM,,,,OTHER,CLEAR,,DAYLIGHT,,NONE DETECTED,No,SUSPECTED MINOR INJURY,NOT DISTRACTED,MD,PASSENGER CAR,0,2008,HOND,ODYSSEY
MCP3137000G,180047616,Montgomery County Police,Injury Crash,09/23/2018 11:30:00 PM,Interstate (State),CAPITAL BELTWAY,CONNECTICUT AVE,SAME DIR REAR END,RAINING,WET,DARK LIGHTS ON,,,No,SUSPECTED MINOR INJURY,NOT DISTRACTED,MD,POLICE VEHICLE/NON EMERGENCY,55,2011,DODGE,CHARGER
MCP1099004L,220037462,Montgomery County Police,Property Damage Crash,08/30/2022 06:53:00 AM,County,MIDCOUNTY HWY,SHADY GROVE RD,HEAD ON LEFT TURN,,DRY,DAYLIGHT,TRAFFIC SIGNAL,NONE DETECTED,Yes,NO APPARENT INJURY,LOOKED BUT DID NOT SEE,MD,PASSENGER CAR,45,2011,HONDA,4S
MCP2895000S,15002871,Montgomery County Police,Property Damage Crash,01/18/2015 11:00:00 AM,County,MIDDLEBROOK RD,OBSERVATION DR,SAME DIR REAR END,CLOUDY,DRY,DAYLIGHT,,NONE DETECTED,Yes,NO APPARENT INJURY,NOT DISTRACTED,MD,PASSENGER CAR,40,1997,NISS,4S
MCP3233001M,210027642,Montgomery County Police,Property Damage Crash,07/17/2021 03:57:00 PM,County,DILSTON RD,NEW HAMPSHIRE AVE,SAME DIR REAR END,CLEAR,DRY,DAYLIGHT,NO CONTROLS,NONE DETECTED,No,NO APPARENT INJURY,NOT DISTRACTED,MD,PASSENGER CAR,40,2005,CHRY,VAN
MCP1475001K,180001837,Montgomery County Police,Property Damage Crash,01-12-18 11:37,,,,OTHER,CLOUDY,,DAYLIGHT,,NONE DETECTED,Yes,NO APPARENT INJURY,NOT DISTRACTED,CA,(SPORT) UTILITY VEHICLE,10,2005,HYUN,TK
EJ79000007,230064434,Gaithersburg Police Depar,Injury Crash,11-04-23 19:00,Municipality,LAKELANDS DR,GATESTONE ST,SINGLE VEHICLE,CLEAR,DRY,DARK LIGHTS ON,NO CONTROLS,NONE DETECTED,Yes,POSSIBLE INJURY,OTHER DISTRACTION,MD,PASSENGER CAR,25,2020,MAZD,UT
DM8421000D,15026464,Takoma Park Police Depart,Property Damage Crash,06-01-15 16:37,Maryland (State),CARROLL AVE,OLD CARROLL AVE,OPPOSITE DIRECTION SIDESWIPE,RAINING,WET,DAYLIGHT,,NONE DETECTED,Yes,NO APPARENT INJURY,UNKNOWN,MD,PASSENGER CAR,25,2000,LEXUS,GS300
MCP2683000Q,15009372,Montgomery County Police,Property Damage Crash,02/27/2015 07:38:00 AM,County,MIDCOUNTY HWY,SPUR TO SHADY GROVE RD,SAME DIR REAR END,CLEAR,DRY,DAYLIGHT,TRAFFIC SIGNAL,NONE DETECTED,No,NO APPARENT INJURY,NOT DISTRACTED,MD,PASSENGER CAR,40,2007,HUMM,SU
MCP2848005P,170548071,Montgomery County Police,Property Damage Crash,12-12-17 9:01,County,FALLS RD,OAKLYN DR,SAME DIR REAR END,CLEAR,DRY,DAYLIGHT,FLASHING TRAFFIC SIGNAL,NONE DETECTED,No,NO APPARENT INJURY,NOT DISTRACTED,MD,PASSENGER CAR,30,2016,MAZDA,MAZDA 6
MCP2726007X,230053622,Montgomery County Police,Property Damage Crash,09-07-23 12:15,,,,OTHER,CLEAR,,DAYLIGHT,,NONE DETECTED,No,NO APPARENT INJURY,NOT DISTRACTED,MD,PASSENGER CAR,15,2014,FORD,E35
MCP3162005R,250001669,MONTGOMERY,Property Damage Crash,01/13/2025 12:00:00 PM,Maryland (State) Route,,,"Sideswipe, Same Direction",Clear,Dry,Daylight,No Controls,"Not Suspect of Alcohol Use, Not Suspect of Drug Use",No,No Apparent Injury,Not Distracted,MD,Bus - Transit,30,2016,GILLIG,LOW FLOOR BUS
MCP23810001,15010005,Montgomery County Police,Property Damage Crash,03-03-15 12:30,County,MINSTREL TUNE DR,SOVEREIGN CT,SAME DIR BOTH LEFT TURN,CLEAR,DRY,DAYLIGHT,,,No,NO APPARENT INJURY,NOT DISTRACTED,MD,(SPORT) UTILITY VEHICLE,25,2008,TOYOTA,HIGHLANDER
MCP23940048,210008572,Montgomery County Police,Property Damage Crash,03-07-21 11:20,Maryland (State),HUNGERFORD DR,COLLEGE PKWY,SAME DIR REAR END,CLEAR,DRY,DAYLIGHT,TRAFFIC SIGNAL,NONE DETECTED,Yes,NO APPARENT INJURY,NOT DISTRACTED,MD,PASSENGER CAR,35,2016,HONDA,ACCORD
MCP22120020,17002412,Montgomery County Police,Injury Crash,01/14/2017 11:01:00 AM,US (State),COLUMBIA PIKE,STEWART LA,HEAD ON,RAINING,WET,DAYLIGHT,TRAFFIC SIGNAL,NONE DETECTED,No,NO APPARENT INJURY,NOT DISTRACTED,MD,PASSENGER CAR,40,2014,MERZ,ML 350
MCP3109001S,180063350,Montgomery County Police,Injury Crash,12/19/2018 11:45:00 AM,Maryland (State),EAST WEST HWY,16TH ST,SAME DIR REAR END,CLEAR,DRY,DAYLIGHT,TRAFFIC SIGNAL,NONE DETECTED,No,NO APPARENT INJURY,NOT DISTRACTED,MD,PASSENGER CAR,35,2007,VOLVO,S40
MCP1417002K,15006688,Montgomery County Police,Injury Crash,02-10-15 7:33,Maryland (State),QUINCE ORCHARD RD,LONGDRAFT RD,HEAD ON LEFT TURN,CLOUDY,WET,DAYLIGHT,TRAFFIC SIGNAL,NONE DETECTED,Yes,NO APPARENT INJURY,UNKNOWN,MD,PASSENGER CAR,35,2004,ACURA,TSX
MCP1465006J,250045525,MONTGOMERY,Property Damage Crash,10-10-25 6:56,Maryland (State) Route,VEIRS MILL RD,,Front to Rear,Clear,Dry,Dark - Lighted,Traffic Control Signal,"Not Suspect of Alcohol Use, Not Suspect of Drug Use",No,No Apparent Injury,Not Distracted,MD,Passenger Car,35,2008,TOYOTA,COROLLA
MCP3123005J,230022547,Montgomery County Police,Injury Crash,05-11-23 8:42,Interstate (State),EISENHOWER MEMORIAL HWY,RAMP 4 FR MD 187 NB TO IS 270 EB,SAME DIRECTION RIGHT TURN,CLEAR,DRY,DAYLIGHT,,,Yes,POSSIBLE INJURY,UNKNOWN,DC,PASSENGER CAR,55,2022,TOYOTA,RAV4
MCP211600CZ,210010110,Montgomery County Police,Property Damage Crash,03/18/2021 07:21:00 AM,County,SHADY GROVE RD,RESEARCH BLVD,HEAD ON LEFT TURN,RAINING,WET,DAWN,TRAFFIC SIGNAL,NONE DETECTED,Yes,NO APPARENT INJURY,LOOKED BUT DID NOT SEE,MD,PASSENGER CAR,40,2013,TOYT,TK
MCP31560035,240033688,MONTGOMERY,Property Damage Crash,07/17/2024 01:00:00 AM,County Route,LINTON ST,,Front to Rear,Clear,Dry,Dark - Lighted,No Controls,"Unknown, Unknown",No,,,,Passenger Car,25,2016,HONDA,CIVIC
MCP2107004S,240001853,MONTGOMERY,Property Damage Crash,01-12-24 7:09,Maryland (State) Route,,VALLEY PARK DR,Single Vehicle,Clear,Dry,Daylight,No Controls,"Not Suspect of Alcohol Use, Not Suspect of Drug Use",No,No Apparent Injury,Not Distracted,MD,Passenger Car,35,2000,GMC,JIMMY
MCP2892009X,210033369,Montgomery County Police,Property Damage Crash,08/26/2021 05:51:00 PM,US (State),COLESVILLE RD,WOODSIDE PKWY,SAME DIRECTION LEFT TURN,CLEAR,DRY,DAYLIGHT,NO CONTROLS,NONE DETECTED,No,NO APPARENT INJURY,NOT DISTRACTED,MD,TRANSIT BUS,35,2020,NOVB,BU
MCP3079001F,180058568,Montgomery County Police,Property Damage Crash,11/22/2018 06:21:00 PM,County,WATERS LANDING DR,SPINNING WHEEL DR,SINGLE VEHICLE,CLEAR,DRY,DARK LIGHTS ON,NO CONTROLS,ALCOHOL PRESENT,Yes,NO APPARENT INJURY,UNKNOWN,DC,PASSENGER CAR,30,2016,CHEVY,CRUZE
EJ7903000H,240006175,GAITHERSBURG,Property Damage Crash,02-07-24 15:36,Maryland (State) Route,GREAT SENECA HWY (SB/L),SIOUX LA,Front to Rear,Clear,Other,Daylight,Stop Sign,"Not Suspect of Alcohol Use, Not Suspect of Drug Use",No,No Apparent Injury,Not Distracted,MD,Sport Utility Vehicle,50,2013,FORD,EDGE
MCP21820039,240060053,MONTGOMERY,Property Damage Crash,12/15/2024 07:00:00 PM,Maryland (State) Route,PINEY BRANCH RD (SB/L),,"Sideswipe, Same Direction",Clear,Dry,Dark - Lighted,Traffic Control Signal,"Unknown, Unknown",No,No Apparent Injury,Not Distracted,,Moped Or motorized bicycle,35,2024,JIAJUE,JJ150T-16A
MCP16040012,170516155,Montgomery County Police,Property Damage Crash,06/28/2017 07:56:00 AM,County,SNOUFFERS SCHOOL RD,CHERRY LAUREL LA,STRAIGHT MOVEMENT ANGLE,CLEAR,DRY,DAYLIGHT,NO CONTROLS,NONE DETECTED,No,NO APPARENT INJURY,NOT DISTRACTED,MD,PASSENGER CAR,40,2003,AUDI,A4
MCP3356002N,250012618,MONTGOMERY,Property Damage Crash,03/22/2025 05:58:00 PM,Maryland (State) Route,GERMANTOWN RD (SB/L),CRYSTAL ROCK DR,Angle,Cloudy,Dry,Daylight,Traffic Control Signal,"Not Suspect of Alcohol Use, Not Suspect of Drug Use",Yes,No Apparent Injury,"Other Action (looking away from task, etc.)",MD,Passenger Car,45,2016,HONDA,ODYSSEY
MCP29700020,16057377,Montgomery County Police,Property Damage Crash,11-07-16 9:34,Maryland (State),CONNECTICUT AVE,ADAMS DR,STRAIGHT MOVEMENT ANGLE,CLEAR,DRY,DAYLIGHT,TRAFFIC SIGNAL,,Yes,NO APPARENT INJURY,INATTENTIVE OR LOST IN THOUGHT,MD,PASSENGER CAR,40,2009,CHEVY,MALIBU
MCP13780188,240020008,MONTGOMERY,Injury Crash,04/29/2024 04:50:00 PM,Maryland (State) Route,,BUTLER RD,Angle,Cloudy,Dry,Daylight,No Controls,"Not Suspect of Alcohol Use, Not Suspect of Drug Use",No,Suspected Minor Injury,Not Distracted,VA,Motorcycle - 2 Wheeled,35,2023,BMW,R 1250 GS
MCP22690019,200046934,Montgomery County Police,Injury Crash,11/28/2020 11:07:00 AM,County,GOSHEN RD,EMORY GROVE RD,SAME DIR REAR END,CLEAR,DRY,DAYLIGHT,TRAFFIC SIGNAL,NONE DETECTED,No,NO APPARENT INJURY,NOT DISTRACTED,MD,PASSENGER CAR,35,2018,NISSAN,4D
DD57060002,250041847,ROCKVILLE,Property Damage Crash,09/17/2025 03:29:00 PM,Crossover,,ROCKVILLE PIKE,Single Vehicle,Cloudy,Dry,Daylight,Traffic Control Signal,"Not Suspect of Alcohol Use, Not Suspect of Drug Use",Yes,No Apparent Injury,Unknown,MD,Passenger Car,15,2018,HYUNDAI,ELANTRA
MCP2900002Z,190029940,Montgomery County Police,Property Damage Crash,06/23/2019 01:44:00 AM,County,SHADY GROVE RD,INTERCOUNTY CONNECTOR,HEAD ON LEFT TURN,CLEAR,DRY,DARK LIGHTS ON,FLASHING TRAFFIC SIGNAL,,Yes,NO APPARENT INJURY,LOOKED BUT DID NOT SEE,MD,PASSENGER CAR,45,2005,TOYT,HIGHLANDER
MCP3410000G,240049209,MONTGOMERY,Property Damage Crash,10/15/2024 07:42:00 AM,County Route,RANDOLPH RD,,Front to Rear,Clear,Dry,Daylight,No Controls,"Not Suspect of Alcohol Use, Not Suspect of Drug Use",Yes,No Apparent Injury,Not Distracted,MD,Passenger Car,35,2016,TOYOTA,COROLLA
MCP29390014,16033634,Montgomery County Police,Property Damage Crash,07-03-16 4:18,Interstate (State),EISENHOWER MEMORIAL HWY,FATHER HURLEY BLVD,SINGLE VEHICLE,CLEAR,DRY,DARK LIGHTS ON,NO CONTROLS,ALCOHOL CONTRIBUTED,Yes,NO APPARENT INJURY,OTHER DISTRACTION,MD,PASSENGER CAR,55,2016,HONDA,ACCORD
MCP3208003Q,220040222,Montgomery County Police,Property Damage Crash,09/15/2022 10:21:00 PM,Maryland (State),GEORGIA AVE,FOREST GLEN RD,SAME DIR REAR END,CLEAR,DRY,DARK LIGHTS ON,TRAFFIC SIGNAL,ALCOHOL PRESENT,Yes,NO APPARENT INJURY,UNKNOWN,MD,VAN,35,2017,NISSAN,VN
MCP2726003K,190027220,Montgomery County Police,Injury Crash,06-07-19 12:27,Municipality,TOWER OAKS BLVD,PRESERVE PKWY,STRAIGHT MOVEMENT ANGLE,CLEAR,DRY,DAYLIGHT,NO CONTROLS,,No,SUSPECTED MINOR INJURY,NOT DISTRACTED,MD,PASSENGER CAR,35,2016,HONDA,TK
MCP1121001G,16044960,Montgomery County Police,Property Damage Crash,09-02-16 19:28,County,SNOUFFERS SCHOOL RD,WOODFIELD RD,STRAIGHT MOVEMENT ANGLE,CLOUDY,DRY,DAYLIGHT,NO CONTROLS,NONE DETECTED,Yes,NO APPARENT INJURY,LOOKED BUT DID NOT SEE,MD,(SPORT) UTILITY VEHICLE,20,2004,GMC,YUKON
DM85150012,240062365,TAKOMA,Property Damage Crash,12/31/2024 07:30:00 PM,Municipality Route,GREENWOOD AVE,,Other,Rain,Wet,Dark - Lighted,No Controls,"Not Suspect of Alcohol Use, Not Suspect of Drug Use",No,No Apparent Injury,Not Distracted,MD,Passenger Car,25,2004,CADILLAC,CTS
MCP158000D9,200039599,Montgomery County Police,Injury Crash,10-08-20 7:35,Maryland (State),CLOPPER RD,PHEASANT RUN DR,STRAIGHT MOVEMENT ANGLE,CLEAR,DRY,DAYLIGHT,TRAFFIC SIGNAL,NONE DETECTED,No,POSSIBLE INJURY,NOT DISTRACTED,MD,(SPORT) UTILITY VEHICLE,40,2013,TOYT,RAV4
MCP320000CS,240033894,MONTGOMERY,Injury Crash,07/18/2024 09:07:00 AM,County Route,ROCK SPRING DR (SB/L),ROCKLEDGE DR (SB/L),Other,Cloudy,Dry,Daylight,Traffic Control Signal,"Not Suspect of Alcohol Use, Not Suspect of Drug Use",No,Suspected Minor Injury,Not Distracted,MD,Sport Utility Vehicle,35,2017,HONDA,CR-V
DD56200027,180022656,Rockville Police Departme,Property Damage Crash,05-08-18 17:25,Maryland (State),ROCKVILLE PIKE,EDMONSTON DR,SAME DIR REAR END,CLEAR,DRY,DAYLIGHT,,NONE DETECTED,Yes,NO APPARENT INJURY,NOT DISTRACTED,MD,PASSENGER CAR,40,2010,KIA,SEDONA
MCP12130036,170540045,Montgomery County Police,Injury Crash,10/31/2017 05:20:00 PM,County,NORBECK RD,NEW HAMPSHIRE AVE,SAME DIR REAR END,CLEAR,DRY,DAYLIGHT,TRAFFIC SIGNAL,NONE DETECTED,Yes,NO APPARENT INJURY,NOT DISTRACTED,MD,"CARGO VAN/LIGHT TRUCK 2 AXLES (OVER 10,000LBS (4,536 KG))",40,2008,FRHT,DS
MCP2737004V,200044935,Montgomery County Police,Property Damage Crash,11/14/2020 04:05:00 AM,County,MORNINGWOOD DR,GOLDEN SPRING CT,SAME DIR REAR END,CLEAR,DRY,DARK LIGHTS ON,NO CONTROLS,NONE DETECTED,Yes,NO APPARENT INJURY,UNKNOWN,MD,PICKUP TRUCK,35,2020,CHEVY,SILVERADO
MCP3000000G,16004387,Montgomery County Police,Injury Crash,01/27/2016 01:58:00 PM,Maryland (State),OLD HUNDRED RD,RAMP 6 FR MD 109 EB TO IS 270 SB,STRAIGHT MOVEMENT ANGLE,CLEAR,WET,DAYLIGHT,STOP SIGN,NONE DETECTED,Yes,NO APPARENT INJURY,LOOKED BUT DID NOT SEE,MD,PASSENGER CAR,30,2009,CHEVY,HHR
MCP2931003F,190025606,Montgomery County Police,Property Damage Crash,05/29/2019 03:09:00 PM,County,MONTROSE RD,TILDENWOOD DR,SAME DIRECTION LEFT TURN,CLEAR,DRY,DAYLIGHT,,,Yes,NO APPARENT INJURY,UNKNOWN,MD,PASSENGER CAR,40,2006,SUBA,SW
MCP2636000V,190002883,Montgomery County Police,Property Damage Crash,01/18/2019 02:50:00 PM,Maryland (State),NEW HAMPSHIRE AVE,BREGMAN RD,SAME DIR REAR END,CLEAR,WET,DAYLIGHT,,NONE DETECTED,Yes,NO APPARENT INJURY,NOT DISTRACTED,MD,POLICE VEHICLE/NON EMERGENCY,40,2010,DODGE,CHARGER
MCP0899002P,180004109,Montgomery County Police,Injury Crash,01/24/2018 06:10:00 AM,Maryland (State),OLD GEORGETOWN RD,BATTERY LA,HEAD ON LEFT TURN,CLEAR,DRY,DARK LIGHTS ON,TRAFFIC SIGNAL,NONE DETECTED,Yes,NO APPARENT INJURY,LOOKED BUT DID NOT SEE,MD,PASSENGER CAR,30,2010,TOYT,4S
EJ7853001W,16032655,Gaithersburg Police Depar,Property Damage Crash,06/28/2016 03:39:00 AM,Interstate (State),EISENHOWER MEMORIAL HWY,RAMP 3 FR MD 124 EB TO IS 270 NB,SAME DIR REAR END,CLEAR,DRY,DARK NO LIGHTS,TRAFFIC SIGNAL,NONE DETECTED,No,NO APPARENT INJURY,NOT DISTRACTED,MD,PASSENGER CAR,35,2005,TAHOE,SUV
MCP2936004H,210016158,Montgomery County Police,Injury Crash,04/30/2021 05:00:00 PM,Maryland (State),ROCKVILLE PIKE,SECURITY LA,SAME DIR REAR END,SEVERE WINDS,DRY,,TRAFFIC SIGNAL,UNKNOWN,Yes,NO APPARENT INJURY,UNKNOWN,,,35,0,UNKNOWN,UNKNOWN
MCP2600001C,15046053,MONTGOMERY,Property Damage Crash,09-11-15 21:20,Maryland (State),NEW HAMPSHIRE AVE,OAKVIEW DR,SAME DIR REAR END,CLEAR,DRY,DARK LIGHTS ON,NO CONTROLS,ALCOHOL PRESENT,Yes,NO APPARENT INJURY,UNKNOWN,MD,PASSENGER CAR,40,2003,MITSUBISHI,SPYDER
MCP3094000N,180023448,Montgomery County Police,Injury Crash,05-12-18 21:48,Maryland (State),S FREDERICK RD,ROSEMONT DR,OTHER,CLEAR,DRY,DARK LIGHTS ON,NO CONTROLS,,No,NO APPARENT INJURY,NOT DISTRACTED,MD,PASSENGER CAR,30,2009,HONDA,4S
EJ78550027,170530808,Gaithersburg Police Depar,Injury Crash,09/15/2017 05:45:00 PM,Maryland (State),MONTGOMERY VILLAGE AVE,RUSSELL AVE,HEAD ON LEFT TURN,CLEAR,DRY,DAYLIGHT,TRAFFIC SIGNAL,NONE DETECTED,No,POSSIBLE INJURY,NOT DISTRACTED,MD,PASSENGER CAR,25,2005,NISSAN,SEDONA
MCP2422001W,17008738,Montgomery County Police,Property Damage Crash,02/17/2017 08:14:00 PM,County,STRAWBERRY KNOLL RD,CROSS COUNTRY LA,SAME DIRECTION SIDESWIPE,CLEAR,,DARK LIGHTS ON,NO CONTROLS,,No,NO APPARENT INJURY,NOT DISTRACTED,MD,PASSENGER CAR,25,2009,ACUR,4S
MCP2849001K,15046332,MONTGOMERY,Property Damage Crash,09/13/2015 03:14:00 PM,Maryland (State),LAYHILL RD,LONGMEAD CROSSING DR,OTHER,CLEAR,DRY,DAYLIGHT,NO CONTROLS,NONE DETECTED,Yes,NO APPARENT INJURY,LOOKED BUT DID NOT SEE,MD,PASSENGER CAR,40,2005,MERC,4S
MCP3036000T,170504742,Montgomery County Police,Injury Crash,04/28/2017 03:11:00 PM,Maryland (State),MONTGOMERY VILLAGE AVE,CHRISTOPHER AVE,SAME DIR REAR END,CLEAR,DRY,DAYLIGHT,TRAFFIC SIGNAL,NONE DETECTED,Yes,POSSIBLE INJURY,UNKNOWN,MD,PASSENGER CAR,35,2016,TOYOTA,HIGHLANDER
MCP2948007Z,250049062,MONTGOMERY,Property Damage Crash,11-01-25 15:06,Maryland (State) Route,GEORGIA AVE (SB/L),,"Sideswipe, Same Direction",Clear,Dry,Daylight,Traffic Control Signal,"Unknown, Unknown",No,,,,Pickup,35,0,,
MCP28130055,180037473,Montgomery County Police,Injury Crash,07/28/2018 06:00:00 PM,Maryland (State),VEIRS MILL RD,UNIVERSITY BLVD W,OTHER,CLEAR,DRY,DAYLIGHT,TRAFFIC SIGNAL,,Yes,NO APPARENT INJURY,LOOKED BUT DID NOT SEE,MD,PASSENGER CAR,20,2015,HONDA,CIVIC
MCP2314000J,16046620,Montgomery County Police,Property Damage Crash,09-11-16 19:23,Maryland (State),DARNESTOWN RD,GERMANTOWN RD,HEAD ON LEFT TURN,CLEAR,DRY,DUSK,TRAFFIC SIGNAL,NONE DETECTED,No,NO APPARENT INJURY,NOT DISTRACTED,MD,PICKUP TRUCK,40,2013,TOYOTA,TUNDRA