Report Number,Local Case Number,Agency Name,ACRS Report Type,Crash Date/Time,Route Type,Road Name,Cross-Street Name,Collision Type,Weather,Surface Condition,Light,Traffic Control,Driver Substance Abuse,Driver At Fault,Injury Severity,Driver Distracted By,Drivers License State,Vehicle Body Type,Speed Limit,Vehicle Year,Vehicle Make,Vehicle Model
MCP29810036,200001690,Montgomery County Police,Injury Crash,01-10-20 15:01,County,RANDOLPH RD,DALEWOOD DR,SAME DIR REAR END,,DRY,DAYLIGHT,TRAFFIC SIGNAL,NONE DETECTED,No,POSSIBLE INJURY,NOT DISTRACTED,MD,PASSENGER CAR,35,2005,TOYT,PRIUS
MCP2305002X,230046739,Montgomery County Police,Property Damage Crash,07/29/2023 01:22:00 AM,County,ANNAPOLIS ROCK RD,DAMASCUS RD,SINGLE VEHICLE,CLEAR,DRY,DARK LIGHTS ON,STOP SIGN,,Yes,NO APPARENT INJURY,UNKNOWN,PA,PASSENGER CAR,40,2015,MINI,COOPER
MCP3244002C,230015774,Montgomery County Police,Injury Crash,04-02-23 12:02,Interstate (State),CAPITAL BELTWAY,GEORGIA AVE,SAME DIR REAR END,CLEAR,DRY,DAYLIGHT,NO CONTROLS,NONE DETECTED,No,NO APPARENT INJURY,NOT DISTRACTED,MD,PASSENGER CAR,55,2022,HONDA,ACCORD
MCP28160013,15034451,MONTGOMERY,Property Damage Crash,07/13/2015 07:36:00 PM,Municipality,TWINBROOK PKWY,MEADOW HALL DR,OTHER,CLEAR,DRY,DAYLIGHT,NO CONTROLS,NONE DETECTED,Yes,NO APPARENT INJURY,OTHER DISTRACTION,MD,PICKUP TRUCK,25,2014,TOYOTA,TUNDRA
MCP2556000J,15059717,MONTGOMERY,Injury Crash,11/22/2015 04:31:00 PM,County,GOSHEN RD,WILLOW CREEK DR,SAME DIR REAR END,,DRY,DUSK,NO CONTROLS,NONE DETECTED,No,NO APPARENT INJURY,NOT DISTRACTED,MD,PASSENGER CAR,40,2011,HONDA,VAN
MCP2686005H,220027858,Montgomery County Police,Property Damage Crash,06/28/2022 08:17:00 PM,,,,SAME DIR REAR END,CLEAR,,DAYLIGHT,,ALCOHOL PRESENT,Yes,NO APPARENT INJURY,UNKNOWN,MD,(SPORT) UTILITY VEHICLE,5,2020,TOYOTA,RAV4
MCP2837006B,240039708,MONTGOMERY,Property Damage Crash,08/22/2024 12:52:00 PM,County Route,,,Front to Front,Clear,Dry,Daylight,No Controls,"Not Suspect of Alcohol Use, Not Suspect of Drug Use",No,No Apparent Injury,Unknown,MD,Passenger Car,30,2016,MERCEDES-BENZ,E-CLASS
MCP1554000R,15022926,Montgomery County Police,Property Damage Crash,05/13/2015 06:48:00 PM,Municipality,REDLAND BLVD,FREDERICK RD,SAME DIR REAR END,CLEAR,DRY,DAYLIGHT,TRAFFIC SIGNAL,NONE DETECTED,No,NO APPARENT INJURY,NOT DISTRACTED,MD,PASSENGER CAR,30,2011,JAGUAR,XK 2DR CN
DM8437001Q,170517625,Takoma Park Police Depart,Injury Crash,07-06-17 13:52,Maryland (State),PHILADELPHIA AVE,TAKOMA AVE,SAME DIR REAR END,RAINING,WET,DAYLIGHT,NO CONTROLS,NONE DETECTED,No,NO APPARENT INJURY,NOT DISTRACTED,MD,PASSENGER CAR,25,2012,SUBARU,OUTBACK
MCP14380063,180016096,Montgomery County Police,Injury Crash,04-03-18 14:53,Maryland (State),S FREDERICK RD,EDUCATION BLVD,SAME DIR REAR END,CLOUDY,WET,DAYLIGHT,TRAFFIC SIGNAL,NONE DETECTED,No,POSSIBLE INJURY,NOT DISTRACTED,MD,PASSENGER CAR,35,2004,BMW,CN
MCP2622004S,250019655,MONTGOMERY,Property Damage Crash,05-05-25 8:18,Maryland (State) Route,SPENCERVILLE RD,,Front to Rear,Clear,Dry,Daylight,No Controls,"Not Suspect of Alcohol Use, Not Suspect of Drug Use",No,No Apparent Injury,Not Distracted,MD,Passenger Car,30,2018,HONDA,CIVIC
MCP3232002D,220001294,Montgomery County Police,Property Damage Crash,01-11-22 16:28,County,NORWOOD RD,EDNOR RD,SAME DIR REND LEFT TURN,CLEAR,DRY,DAYLIGHT,TRAFFIC SIGNAL,NONE DETECTED,Yes,NO APPARENT INJURY,LOOKED BUT DID NOT SEE,MD,PASSENGER CAR,35,2013,CHEV,CRUZE
MCP20080053,180024266,Montgomery County Police,Injury Crash,05/17/2018 03:43:00 PM,County,FERNWOOD RD,STONEHAM RD,HEAD ON,RAINING,WET,DAYLIGHT,,NONE DETECTED,Yes,NO APPARENT INJURY,NOT DISTRACTED,MD,VAN,35,1993,FORD,VN
MCP22980112,220036438,Montgomery County Police,Property Damage Crash,08/23/2022 04:47:00 PM,County,DEMOCRACY BLVD,RAMP 3 FR DEMOCRACY BLVD TO IS 270Y NB,SAME DIR REAR END,CLEAR,DRY,DAYLIGHT,,NONE DETECTED,Yes,NO APPARENT INJURY,LOOKED BUT DID NOT SEE,MD,PASSENGER CAR,35,2017,SUBARU,2D
DD5653003N,240033656,ROCKVILLE,Property Damage Crash,07/16/2024 09:55:00 PM,Crossover,,VEIRS MILL RD,Angle,Rain,Wet,Dark - Lighted,No Controls,"Not Suspect of Alcohol Use, Not Suspect of Drug Use",No,No Apparent Injury,Unknown,MD,Passenger Car,35,2010,KIA,FORTE
MCP33900014,240045641,MONTGOMERY,Injury Crash,09/24/2024 08:16:00 PM,County Route,CRYSTAL ROCK DR,,Angle,Rain,Wet,Dark - Lighted,Stop Sign,"Not Suspect of Alcohol Use, Not Suspect of Drug Use",Yes,No Apparent Injury,Not Distracted,MD,Passenger Car,25,2021,TOYOTA,HIGHLANDER
MCP137800RW,190041042,Montgomery County Police,Property Damage Crash,08/27/2019 03:15:00 PM,Maryland (State),WOODFIELD RD,EAST VILLAGE AVE,SAME DIR REAR END,CLOUDY,DRY,DAYLIGHT,NO CONTROLS,NONE DETECTED,No,NO APPARENT INJURY,NOT DISTRACTED,MD,PASSENGER CAR,45,2015,TOYOTA,COROLLA
MCP133400BN,210026225,Montgomery County Police,Property Damage Crash,07-08-21 11:13,County,ODENDHAL AVE,LOST KNIFE RD,SAME DIRECTION SIDESWIPE,CLEAR,DRY,DAYLIGHT,TRAFFIC SIGNAL,NONE DETECTED,No,NO APPARENT INJURY,NOT DISTRACTED,MD,TRANSIT BUS,30,2014,GILLIG,BUS
MCP2588008R,240056590,MONTGOMERY,Property Damage Crash,11/25/2024 12:43:00 PM,County Route,NEWPORT MILL RD,MAPLE VIEW DR,"Sideswipe, Same Direction",Clear,Dry,Daylight,Stop Sign,"Not Suspect of Alcohol Use, Not Suspect of Drug Use",No,No Apparent Injury,Not Distracted,MD,Passenger Car,25,2023,TESLA,MODEL Y
MCP3065000W,170533358,Montgomery County Police,Injury Crash,09/27/2017 07:57:00 AM,Maryland (State),UNIVERSITY BLVD W,DENNIS AVE,OTHER,CLEAR,DRY,DAYLIGHT,TRAFFIC SIGNAL,NONE DETECTED,No,NO APPARENT INJURY,NOT DISTRACTED,MD,PASSENGER CAR,25,2003,HONDA,PILOT
MCP2986001B,17000551,Montgomery County Police,Injury Crash,01-04-17 11:06,Maryland (State),GEORGIA AVE,FOREST GLEN RD,SAME DIR REAR END,CLEAR,DRY,DAYLIGHT,TRAFFIC SIGNAL,NONE DETECTED,No,NO APPARENT INJURY,NOT DISTRACTED,MD,"OTHER LIGHT TRUCKS (10,000LBS (4,536KG) OR LESS)",35,2003,FREIGHT,TK
MCP3255005N,240022292,MONTGOMERY,Property Damage Crash,05-11-24 18:30,Bicycle Route,,,Single Vehicle,Rain,Wet,Daylight,Stop Sign,"Not Suspect of Alcohol Use, Not Suspect of Drug Use",No,No Apparent Injury,Not Distracted,MD,Passenger Car,15,2023,MERCEDES-BENZ,GL-CLASS
MCP102200G1,210047749,Montgomery County Police,Property Damage Crash,11/24/2021 11:13:00 AM,,,,HEAD ON,CLEAR,,DAYLIGHT,TRAFFIC SIGNAL,NONE DETECTED,No,NO APPARENT INJURY,NOT DISTRACTED,MD,PASSENGER CAR,0,2002,TOYT,COROLLA
MCP1064004F,16025580,Montgomery County Police,Property Damage Crash,05/23/2016 10:41:00 AM,Maryland (State),NEW HAMPSHIRE AVE,WOLF DR,HEAD ON LEFT TURN,CLOUDY,DRY,DAYLIGHT,TRAFFIC SIGNAL,,Yes,NO APPARENT INJURY,UNKNOWN,MD,PASSENGER CAR,40,2007,TOYT,COROLLA 4D
MCP287100BN,240053170,MONTGOMERY,Injury Crash,11-05-24 18:27,Maryland (State) Route,CONNECTICUT AVE,,Front to Rear,Clear,Dry,Dark - Lighted,No Controls,"Not Suspect of Alcohol Use, Not Suspect of Drug Use",No,Suspected Minor Injury,Not Distracted,MD,Pickup,35,2007,FORD,F-350
MCP3277001R,210044998,Montgomery County Police,Property Damage Crash,11-06-21 18:28,,,,OTHER,CLEAR,,DARK LIGHTS ON,NO CONTROLS,NONE DETECTED,Yes,NO APPARENT INJURY,NOT DISTRACTED,MD,PASSENGER CAR,5,2011,TOYOTA,CAMRY
MCP26560028,17053625,Montgomery County Police,Injury Crash,10/13/2017 07:43:00 PM,Maryland (State),SANDY SPRING RD,RIDING STABLE RD,SAME DIR REAR END,RAINING,WET,DARK LIGHTS ON,,,No,NO APPARENT INJURY,NOT DISTRACTED,MD,VAN,40,2010,HONDA,ODYSSEY
MCP30160007,15066457,MONTGOMERY,Injury Crash,12/27/2015 08:23:00 PM,Maryland (State),GERMANTOWN RD,GERMANTOWN PARK DR,SINGLE VEHICLE,CLOUDY,WET,DARK NO LIGHTS,NO CONTROLS,NONE DETECTED,Yes,SUSPECTED MINOR INJURY,ADJUSTING AUDIO AND OR CLIMATE CONTROLS,MD,PASSENGER CAR,45,2011,HYUNDIA,ELANTRA
MCP2910002L,16040525,Montgomery County Police,Property Damage Crash,08-10-16 13:39,Maryland (State),OLD COLUMBIA PIKE,ENT TO BURTONSVILLE SHOPPING CENTER,STRAIGHT MOVEMENT ANGLE,CLEAR,DRY,DAYLIGHT,NO CONTROLS,NONE DETECTED,Yes,NO APPARENT INJURY,LOOKED BUT DID NOT SEE,MD,UNKNOWN,30,2016,MAIL,TRUCK
MCP003600FC,210015958,Montgomery County Police,Injury Crash,04/29/2021 11:34:00 AM,Maryland (State),FREDERICK RD,RIDGE RD,SAME DIR REAR END,CLOUDY,DRY,DAYLIGHT,YIELD SIGN,NONE DETECTED,No,NO APPARENT INJURY,NOT DISTRACTED,MD,PASSENGER CAR,40,2016,MERCEDES,GLE350
MCP1519001L,16066181,Montgomery County Police,Injury Crash,12/24/2016 01:48:00 PM,County,OBSERVATION DR,RIDGE RD,HEAD ON LEFT TURN,RAINING,WET,DAYLIGHT,NO CONTROLS,NONE DETECTED,No,NO APPARENT INJURY,NOT DISTRACTED,MD,PASSENGER CAR,35,2004,NISSAN,FRONTIER
MCP3375000G,230028074,Montgomery County Police,Injury Crash,06-11-23 13:35,Maryland (State),GEORGIA AVE,GLENALLAN AVE,SAME DIRECTION SIDESWIPE,CLEAR,DRY,DAYLIGHT,NO CONTROLS,NONE DETECTED,No,NO APPARENT INJURY,NOT DISTRACTED,MD,PASSENGER CAR,35,2011,KIA,SORENTO
DD5610002Z,170521643,Rockville Police Departme,Injury Crash,07/28/2017 11:19:00 AM,Maryland (State),HUNGERFORD DR,FREDERICK AVE #2,SAME DIR REAR END,RAINING,WET,DAYLIGHT,TRAFFIC SIGNAL,NONE DETECTED,Yes,NO APPARENT INJURY,UNKNOWN,MD,PICKUP TRUCK,35,2004,FORD,TRUCK
MCP27560026,180008426,Montgomery County Police,Property Damage Crash,02/17/2018 08:30:00 PM,,,,OTHER,SNOW,,DARK LIGHTS ON,NO CONTROLS,UNKNOWN,Yes,NO APPARENT INJURY,UNKNOWN,MD,PASSENGER CAR,10,2012,CHEVY,MALIBU
MCP2722001T,16041073,Montgomery County Police,Property Damage Crash,08/13/2016 11:57:00 AM,Maryland (State),GEORGIA AVE,BEL PRE RD,STRAIGHT MOVEMENT ANGLE,CLEAR,DRY,DAYLIGHT,TRAFFIC SIGNAL,,No,NO APPARENT INJURY,NOT DISTRACTED,MD,PASSENGER CAR,45,2003,BMW,325
MCP291400BT,220003015,Montgomery County Police,Property Damage Crash,01/23/2022 11:22:00 PM,US (State),GEORGIA AVE,BURLINGTON AVE,OTHER,,,DARK LIGHTS ON,,NONE DETECTED,No,NO APPARENT INJURY,NOT DISTRACTED,MD,PASSENGER CAR,35,2017,LEXS,TK
MCP2987002S,18000084,Montgomery County Police,Property Damage Crash,01-01-18 14:50,US (State),COLUMBIA PIKE,ENT TO BURNT MILLS SHOPPING CENTER,SINGLE VEHICLE,,DRY,DAYLIGHT,NO CONTROLS,NONE DETECTED,Yes,NO APPARENT INJURY,INATTENTIVE OR LOST IN THOUGHT,MD,PASSENGER CAR,40,2011,BMW,M3
MCP242500G0,200009568,Montgomery County Police,Property Damage Crash,02/26/2020 02:48:00 PM,US (State),COLUMBIA PIKE,INDUSTRIAL PKWY,SAME DIRECTION SIDESWIPE,CLOUDY,WET,DAYLIGHT,TRAFFIC SIGNAL,NONE DETECTED,No,NO APPARENT INJURY,NOT DISTRACTED,MD,SCHOOL BUS,45,2020,THOMAS,BUS
MCP2785004B,210032485,Montgomery County Police,Injury Crash,08/20/2021 02:54:00 PM,County,MIDDLEBROOK RD,CELEBRATION WAY,SAME DIR REAR END,CLEAR,DRY,DAYLIGHT,,,No,POSSIBLE INJURY,NOT DISTRACTED,MD,PASSENGER CAR,40,2014,GILL,BUS
MCP1465005H,210012308,Montgomery County Police,Property Damage Crash,04-02-21 11:01,County,SHADY GROVE RD,RAMP 5 FR IS 270 SB TO SHADY GROVE RD,STRAIGHT MOVEMENT ANGLE,CLEAR,DRY,DAYLIGHT,TRAFFIC SIGNAL,NONE DETECTED,No,NO APPARENT INJURY,NOT DISTRACTED,MD,(SPORT) UTILITY VEHICLE,40,2006,TOYT,TK
MCP28140022,190003194,Montgomery County Police,Injury Crash,01/20/2019 11:36:00 PM,Maryland (State),WOODFIELD RD,EAST VILLAGE AVE,STRAIGHT MOVEMENT ANGLE,,DRY,DARK LIGHTS ON,STOP SIGN,ALCOHOL CONTRIBUTED,Yes,POSSIBLE INJURY,UNKNOWN,MD,PASSENGER CAR,35,2009,HONDA,CIVIC
MCP2402000Q,200033084,Montgomery County Police,Property Damage Crash,08/24/2020 12:00:00 AM,Municipality,DUVALL LA,CUL DE SAC,SAME DIR REAR END,CLEAR,DRY,UNKNOWN,NO CONTROLS,,Yes,NO APPARENT INJURY,UNKNOWN,,PASSENGER CAR,25,0,UNKNOWN,UNKNOWN
DM8492000J,210006395,Takoma Park Police Depart,Property Damage Crash,02/18/2021 05:45:00 PM,County,HOUSTON AVE,GREENWOOD AVE,OTHER,WINTRY MIX,SLUSH,DAYLIGHT,NO CONTROLS,,Yes,NO APPARENT INJURY,NOT DISTRACTED,DC,TRANSIT BUS,15,2019,PRTA,BA
MCP9365002J,240014579,MONTGOMERY,Injury Crash,03/28/2024 09:01:00 AM,County Route,,COLUMBIA PIKE (SB/L),Angle,Rain,Wet,Daylight,Traffic Control Signal,"Not Suspect of Alcohol Use, Not Suspect of Drug Use",No,No Apparent Injury,"Other Action (looking away from task, etc.)",MD,Passenger Car,55,2008,LEXUS,ES
MCP33810029,240062390,MONTGOMERY,Property Damage Crash,12/31/2024 11:51:00 PM,Maryland (State) Route,CONNECTICUT AVE (SB/L),,"Sideswipe, Same Direction",Clear,Dry,Dark - Lighted,Traffic Control Signal,"Unknown, Unknown",No,No Apparent Injury,Unknown,,Van - Passenger (&lt;9 Seats),30,2014,NISSAN,NV200
MCP2829003F,170532252,Montgomery County Police,Injury Crash,09/22/2017 08:56:00 PM,US (State),COLESVILLE RD,LANARK WAY,SAME DIR REAR END,CLOUDY,DRY,DARK LIGHTS ON,NO CONTROLS,NONE DETECTED,No,NO APPARENT INJURY,NOT DISTRACTED,XX,PASSENGER CAR,35,2006,VOLK,PASSAT
MCP2351002L,180053782,Montgomery County Police,Property Damage Crash,10/27/2018 08:46:00 AM,Maryland (State),DARNESTOWN RD,DUFIEF DR,STRAIGHT MOVEMENT ANGLE,RAINING,WET,DAYLIGHT,STOP SIGN,NONE DETECTED,Yes,NO APPARENT INJURY,NOT DISTRACTED,MD,PASSENGER CAR,40,2011,TOYOTA,RAV4
MCP102200B4,180060391,Montgomery County Police,Property Damage Crash,12-03-18 11:32,Maryland (State),GERMANTOWN RD,AIRCRAFT DR,SAME DIR REAR END,CLEAR,DRY,DAYLIGHT,TRAFFIC SIGNAL,NONE DETECTED,No,NO APPARENT INJURY,NOT DISTRACTED,MD,VAN,40,2015,TOYOTA,SIENNA
MCP3169006H,250056309,MONTGOMERY,Property Damage Crash,12/17/2025 07:00:00 AM,Maryland (State) Route,CLOPPER RD,,Front to Rear,Clear,Dry,Dawn,No Controls,"Not Suspect of Alcohol Use, Not Suspect of Drug Use",No,No Apparent Injury,Not Distracted,MD,Passenger Car,35,2021,AUDI,Q5
MCP2246000D,15005342,Montgomery County Police,Injury Crash,02-02-15 17:29,Maryland (State),GEORGIA AVE,FLORA LA,SAME DIR REAR END,CLEAR,DRY,DUSK,,NONE DETECTED,No,SUSPECTED MINOR INJURY,NOT DISTRACTED,PA,PASSENGER CAR,40,2005,NISS,MURANO
MCP291400BC,210035030,Montgomery County Police,Injury Crash,09-06-21 23:06,US (State),COLESVILLE RD,DALE DR,SAME DIR REAR END,CLEAR,,DARK LIGHTS ON,TRAFFIC SIGNAL,ALCOHOL PRESENT,Yes,NO APPARENT INJURY,NOT DISTRACTED,MD,PASSENGER CAR,35,2006,HYUNDAI,SONATA
MCP2986000M,16022813,Montgomery County Police,Injury Crash,05-08-16 10:26,County,RIDING STABLE RD,SANDY SPRING RD,SAME DIR REAR END,CLEAR,DRY,DAYLIGHT,NO CONTROLS,NONE DETECTED,Yes,NO APPARENT INJURY,LOOKED BUT DID NOT SEE,MD,PASSENGER CAR,45,2011,FORD,ESCAPE
MCP2662000X,16034310,Montgomery County Police,Property Damage Crash,07-06-16 22:42,County,IVY OAK DR,IVY OAK CT,SINGLE VEHICLE,CLEAR,UNKNOWN,UNKNOWN,UNKNOWN,ALCOHOL PRESENT,Yes,NO APPARENT INJURY,UNKNOWN,MD,PASSENGER CAR,35,2008,FORD,EDGE
MCP3051000H,170528943,Montgomery County Police,Property Damage Crash,09-06-17 8:41,Maryland (State),MASSACHUSETTS AVE,MOHICAN PL,STRAIGHT MOVEMENT ANGLE,CLOUDY,DRY,DAYLIGHT,STOP SIGN,NONE DETECTED,No,NO APPARENT INJURY,NOT DISTRACTED,VA,PASSENGER CAR,30,2017,TOYOTA,CAMRY
MCP2102002T,210021456,Montgomery County Police,Property Damage Crash,06-06-21 6:48,County,WARFIELD RD,SPUR FR MD 108,SINGLE VEHICLE,CLEAR,DRY,DAYLIGHT,NO CONTROLS,NONE DETECTED,No,NO APPARENT INJURY,NOT DISTRACTED,MD,PASSENGER CAR,30,2005,TOYT,COROLLA SD
MCP12200077,180049207,Montgomery County Police,Injury Crash,10-02-18 11:22,County,DALE DR,COLESVILLE RD,SAME DIR REAR END,CLEAR,DRY,DAYLIGHT,TRAFFIC SIGNAL,NONE DETECTED,No,POSSIBLE INJURY,NOT DISTRACTED,MD,PASSENGER CAR,35,2013,NISSAN,ALTIMA
MCP29340043,200031101,Montgomery County Police,Property Damage Crash,08-10-20 16:32,Maryland (State),OLD GEORGETOWN RD,RAMP 10 FR MD 187B TO MD 187 NB,HEAD ON LEFT TURN,CLEAR,DRY,DAYLIGHT,TRAFFIC SIGNAL,NONE DETECTED,Yes,NO APPARENT INJURY,LOOKED BUT DID NOT SEE,MD,PASSENGER CAR,35,2014,MERZ,4S
MCP3125003F,210042191,Montgomery County Police,Injury Crash,10/20/2021 05:00:00 PM,,,,SINGLE VEHICLE,CLEAR,,DAYLIGHT,NO CONTROLS,NONE DETECTED,Yes,POSSIBLE INJURY,DISTRACTED BY OUTSIDE PERSON OBJECT OR EVENT,MD,PASSENGER CAR,15,2020,HONDA,CRV
EJ79070028,250030260,GAITHERSBURG,Injury Crash,07-07-25 21:17,Maryland (State) Route,MONTGOMERY VILLAGE AVE,RUSSELL AVE,Angle,Clear,Dry,Dark - Lighted,Traffic Control Signal,"Not Suspect of Alcohol Use, Not Suspect of Drug Use",No,Suspected Minor Injury,Not Distracted,MD,Passenger Car,30,2009,NISSAN,ALTIMA
MCP26370010,16025410,Montgomery County Police,Property Damage Crash,05/22/2016 08:31:00 AM,Interstate (State),EISENHOWER MEMORIAL HWY,ROCKLEDGE BLVD,SINGLE VEHICLE,RAINING,WET,DAYLIGHT,,NONE DETECTED,No,NO APPARENT INJURY,NOT DISTRACTED,MD,PASSENGER CAR,65,1992,HOND,CIVIC
MCP31650047,220052196,Montgomery County Police,Property Damage Crash,11/26/2022 03:00:00 PM,US (State),COLUMBIA PIKE,RAMP 8 FR US 29 SB TO MD 200 WB,SINGLE VEHICLE,,DRY,DAYLIGHT,,NONE DETECTED,Yes,NO APPARENT INJURY,NOT DISTRACTED,MD,PASSENGER CAR,50,2004,HOND,4S
DD5623001P,180032052,Rockville Police Departme,Injury Crash,06/29/2018 11:18:00 AM,Municipality,N WASHINGTON ST,WOOD LA,STRAIGHT MOVEMENT ANGLE,CLEAR,DRY,DAYLIGHT,,NONE DETECTED,No,SUSPECTED MINOR INJURY,NOT DISTRACTED,MD,PASSENGER CAR,30,2014,CHEVROLET,IMPALA
MCP2676002Z,170527212,Montgomery County Police,Property Damage Crash,08/27/2017 07:00:00 PM,Maryland (State),MUNCASTER MILL RD,ENT TO SCHOOL,OPPOSITE DIRECTION SIDESWIPE,CLEAR,DRY,DAYLIGHT,NO CONTROLS,,No,NO APPARENT INJURY,NOT DISTRACTED,MD,OTHER,35,2010,HONDA,CR-V
MCP15800033,15020133,Montgomery County Police,Injury Crash,04/29/2015 06:58:00 AM,Maryland (State),MONTGOMERY VILLAGE AVE,RUSSELL AVE,SAME DIR REAR END,CLEAR,DRY,DAYLIGHT,,NONE DETECTED,No,NO APPARENT INJURY,NOT DISTRACTED,MD,PASSENGER CAR,35,2006,NISS,ALTIMA
MCP20520026,210021060,Montgomery County Police,Property Damage Crash,06-03-21 13:42,,,,SAME DIRECTION SIDESWIPE,,,DAYLIGHT,,UNKNOWN,Unknown,NO APPARENT INJURY,UNKNOWN,,,15,0,UNKNOWN,UNKNOWN
MCP1260001G,240043640,MONTGOMERY,Property Damage Crash,09/13/2024 04:56:00 PM,Ramp,RAMP 3 FR MD 109 EB TO RAMP 2 (TO IS270),OLD HUNDRED RD,Angle,Clear,Dry,Daylight,No Controls,"Not Suspect of Alcohol Use, Not Suspect of Drug Use",No,No Apparent Injury,Not Distracted,MD,Passenger Car,35,2005,MITSUBISHI,LANCER
MCP28230015,15013420,Montgomery County Police,Injury Crash,03/23/2015 06:26:00 PM,County,ASPEN HILL RD,CONNECTICUT AVE,STRAIGHT MOVEMENT ANGLE,CLEAR,DRY,DAYLIGHT,TRAFFIC SIGNAL,NONE DETECTED,No,NO APPARENT INJURY,NOT DISTRACTED,MD,PASSENGER CAR,40,2000,CHEVEROLET,TRACKER
MCP2717004Y,16008420,Montgomery County Police,Injury Crash,02/19/2016 04:45:00 PM,Ramp,RAMP 2 FR IS 495 WB TO MD 185 NB,CONNECTICUT AVE,SAME DIR REAR END,CLEAR,DRY,DARK LIGHTS ON,YIELD SIGN,NONE DETECTED,No,SUSPECTED MINOR INJURY,NOT DISTRACTED,MD,(SPORT) UTILITY VEHICLE,30,2009,BMW,X5
MCP2931005Y,220032620,Montgomery County Police,Property Damage Crash,07/29/2022 04:31:00 PM,Municipality,WOOTTON PKWY,W EDMONSTON DR,SAME DIR REAR END,CLEAR,DRY,DAYLIGHT,TRAFFIC SIGNAL,NONE DETECTED,No,NO APPARENT INJURY,NOT DISTRACTED,MD,PICKUP TRUCK,30,2012,FORD,F250
MCP3395004N,250057464,MONTGOMERY,Property Damage Crash,12/24/2025 11:20:00 AM,Maryland (State) Route,ROCKVILLE PIKE (SB/L),,Front to Rear,Clear,Dry,Daylight,Traffic Control Signal,"Not Suspect of Alcohol Use, Not Suspect of Drug Use",No,No Apparent Injury,Not Distracted,MD,Sport Utility Vehicle,35,2022,MERCEDES-BENZ,GLB-CLASS
MCP2717003F,15053214,MONTGOMERY,Property Damage Crash,10/20/2015 01:55:00 PM,Maryland (State),OLD GEORGETOWN RD,TUCKERMAN LA,SAME DIR REAR END,CLEAR,DRY,DAYLIGHT,NO CONTROLS,NONE DETECTED,No,NO APPARENT INJURY,NOT DISTRACTED,MD,PASSENGER CAR,40,2011,CADILLAC,CTS
MCP2978002D,180033889,Montgomery County Police,Injury Crash,07-09-18 17:11,Municipality,WOOTTON PKWY,FALLSMEAD WAY,SAME DIR REAR END,,DRY,DAYLIGHT,TRAFFIC SIGNAL,NONE DETECTED,Yes,SUSPECTED MINOR INJURY,UNKNOWN,MD,PASSENGER CAR,35,2017,VOLK,JETTA
HA24160006,17000001,Maryland-National Capital,Injury Crash,01-01-17 0:49,Government,SLIGO CREEK PKWY,SCHUYLER RD,SAME DIR REAR END,,DRY,DARK LIGHTS ON,STOP SIGN,NONE DETECTED,No,NO APPARENT INJURY,NOT DISTRACTED,MD,PASSENGER CAR,25,2015,SUBARU,TK
MCP137800DC,16053825,Montgomery County Police,Property Damage Crash,10/19/2016 03:35:00 PM,County,STEDWICK RD,WATKINS MILL RD,HEAD ON,CLEAR,DRY,DAYLIGHT,,NONE DETECTED,No,NO APPARENT INJURY,NOT DISTRACTED,MD,PASSENGER CAR,25,2013,FORD,CMAX
MCP1182000R,15045901,MONTGOMERY,Injury Crash,09-11-15 15:25,Maryland (State),RIVER RD,OGDEN RD,HEAD ON LEFT TURN,CLEAR,DRY,DAYLIGHT,NO CONTROLS,NONE DETECTED,No,NO APPARENT INJURY,NOT DISTRACTED,MD,VAN,40,2011,FORD,VAN
MCP25520071,240013234,MONTGOMERY,Property Damage Crash,03/19/2024 09:16:00 PM,County Route,SHADY GROVE RD,RAMP 3 FR SHADY GROVE RD WB TO MD200A NB,Front to Front,Clear,Dry,Dark - Lighted,Traffic Control Signal,"Not Suspect of Alcohol Use, Not Suspect of Drug Use",No,No Apparent Injury,Not Distracted,MD,Sport Utility Vehicle,45,2011,MERCEDES-BENZ,GL-CLASS
MCP1213002L,170509052,Montgomery County Police,Injury Crash,05/21/2017 03:09:00 PM,Maryland (State),NEW HAMPSHIRE AVE,STONEGATE DR,STRAIGHT MOVEMENT ANGLE,CLEAR,DRY,DAYLIGHT,STOP SIGN,NONE DETECTED,Yes,NO APPARENT INJURY,LOOKED BUT DID NOT SEE,TX,(SPORT) UTILITY VEHICLE,25,2013,FORD,EXP
MCP2707002W,230027751,Montgomery County Police,Property Damage Crash,06-09-23 12:10,,I-270,WATKINS MILL RD.,SAME DIR REAR END,CLEAR,DRY,DAYLIGHT,NO CONTROLS,NONE DETECTED,Yes,NO APPARENT INJURY,NOT DISTRACTED,MD,PASSENGER CAR,25,2012,HONDA,CRZ
MCP28770016,15019490,Montgomery County Police,Property Damage Crash,04/25/2015 09:18:00 AM,Maryland (State),COLESVILLE RD,EAST WEST HWY,SAME DIR REAR END,CLOUDY,DRY,DAYLIGHT,NO CONTROLS,UNKNOWN,Yes,NO APPARENT INJURY,UNKNOWN,,PASSENGER CAR,35,2004,DODGE,4D