Report Number,Local Case Number,Agency Name,ACRS Report Type,Crash Date/Time,Route Type,Road Name,Cross-Street Name,Collision Type,Weather,Surface Condition,Light,Traffic Control,Driver Substance Abuse,Driver At Fault,Injury Severity,Driver Distracted By,Drivers License State,Vehicle Body Type,Speed Limit,Vehicle Year,Vehicle Make,Vehicle Model
MCP2789004H,180021116,Montgomery County Police,Property Damage Crash,04/30/2018 03:35:00 PM,County,RAMSEY AVE,WAYNE AVE,SINGLE VEHICLE,,DRY,DAYLIGHT,NO CONTROLS,,Yes,NO APPARENT INJURY,LOOKED BUT DID NOT SEE,DC,TRANSIT BUS,35,2016,GILL,BUS
MCP3400000G,240006560,MONTGOMERY,Property Damage Crash,02-09-24 15:45,Maryland (State) Route,,,"Sideswipe, Opposite Direction",Clear,Dry,Daylight,No Controls,"Unknown, Unknown",No,,,,,35,0,,
MCP209400H9,210014670,Montgomery County Police,Injury Crash,04/20/2021 08:42:00 AM,County,KENTBURY DR,KENTBURY WAY,OTHER,CLEAR,DRY,DAYLIGHT,NO CONTROLS,NONE DETECTED,Yes,POSSIBLE INJURY,UNKNOWN,MD,PASSENGER CAR,5,2013,FORD,TAURUS
MCP3148004D,230004180,Montgomery County Police,Property Damage Crash,01/25/2023 05:45:00 PM,Maryland (State),WISCONSIN AVE,BRADLEY LA,SAME DIR REAR END,RAINING,UNKNOWN,DUSK,TRAFFIC SIGNAL,NONE DETECTED,No,NO APPARENT INJURY,NOT DISTRACTED,UT,PASSENGER CAR,25,2018,JEEP,COMPASS
MCP2456000J,15006038,Montgomery County Police,Property Damage Crash,02-06-15 11:25,County,KIMES ST,ROAD END,STRAIGHT MOVEMENT ANGLE,CLEAR,DRY,DAYLIGHT,,NONE DETECTED,Yes,NO APPARENT INJURY,NOT DISTRACTED,VA,PASSENGER CAR,15,2014,FORD,VAN
MCP2617007W,190044840,Montgomery County Police,Property Damage Crash,09/19/2019 08:20:00 AM,Maryland (State),NORBECK RD,LAUGHLIN LA,SINGLE VEHICLE,CLEAR,DRY,DAYLIGHT,NO CONTROLS,NONE DETECTED,Yes,NO APPARENT INJURY,UNKNOWN,DC,"MEDIUM/HEAVY TRUCKS 3 AXLES (OVER 10,000LBS (4,536KG))",40,2011,CRANE,TRUCK
MCP24360012,15062454,MONTGOMERY,Property Damage Crash,12-07-15 10:45,Maryland (State),UNIVERSITY BLVD E,BEGIN BRIDGE,SAME DIR REAR END,CLEAR,DRY,DAYLIGHT,TRAFFIC SIGNAL,UNKNOWN,Yes,NO APPARENT INJURY,UNKNOWN,,(SPORT) UTILITY VEHICLE,40,2006,INFINITI,FX35
MCP2536002Z,200026731,Montgomery County Police,Property Damage Crash,07-09-20 22:15,County,ARCTIC AVE,VISTA DR,OTHER,CLEAR,DRY,DARK LIGHTS ON,NO CONTROLS,NONE DETECTED,Yes,NO APPARENT INJURY,OTHER DISTRACTION,MD,PASSENGER CAR,25,2017,HOND,4S
MCP3200008N,230033531,Montgomery County Police,Injury Crash,07/14/2023 11:06:00 AM,Maryland (State),KNOWLES AVE,RALEIGH AVE,SAME DIR REAR END,CLEAR,DRY,DAYLIGHT,NO CONTROLS,NONE DETECTED,No,NO APPARENT INJURY,NOT DISTRACTED,MD,PASSENGER CAR,30,2011,SUBARU,OUTBACK
MCP2072005Q,220031368,Montgomery County Police,Property Damage Crash,07/21/2022 08:31:00 AM,County,OBSERVATION DR,MIDDLEBROOK RD,SAME DIRECTION SIDESWIPE,CLEAR,DRY,DAYLIGHT,NO CONTROLS,NONE DETECTED,No,NO APPARENT INJURY,NOT DISTRACTED,MD,PASSENGER CAR,25,2015,TOYOTA,COROLLA
MCP3404000D,240003869,MONTGOMERY,Property Damage Crash,01/25/2024 08:26:00 AM,Maryland (State) Route,UNIVERSITY BLVD E (WB/L),COLESVILLE RD,Rear To Side,Rain,Wet,Daylight,Traffic Control Signal,"Not Suspect of Alcohol Use, Not Suspect of Drug Use",No,No Apparent Injury,Not Distracted,MD,Passenger Car,35,2019,TOYOTA,RAV4
MCP2767007Z,200009630,Montgomery County Police,Property Damage Crash,02/26/2020 07:43:00 PM,Maryland (State),GEORGIA AVE,WINDHAM LA,SAME DIR REAR END,RAINING,WET,DARK LIGHTS ON,TRAFFIC SIGNAL,NONE DETECTED,No,NO APPARENT INJURY,NOT DISTRACTED,MD,STATION WAGON,35,2019,SUBARU,CROSSTREK
MCP3325002D,230062960,Montgomery County Police,Injury Crash,10/27/2023 08:04:00 PM,US (State),COLUMBIA PIKE,RAMP 5 FR US 29 SB TO BRIGGS CHANEY RD,SAME DIR REAR END,CLEAR,DRY,DARK LIGHTS ON,,NONE DETECTED,Unknown,NO APPARENT INJURY,LOOKED BUT DID NOT SEE,MD,PASSENGER CAR,50,2016,LINC,4H
MCP3063002Y,210030398,Montgomery County Police,Injury Crash,08-05-21 12:49,County,PERSHING DR,DALE DR,STRAIGHT MOVEMENT ANGLE,CLEAR,DRY,DAYLIGHT,STOP SIGN,NONE DETECTED,Yes,POSSIBLE INJURY,LOOKED BUT DID NOT SEE,PA,PASSENGER CAR,30,2020,TOYOTA,CAMRY
MCP3050001Q,170543740,Montgomery County Police,Property Damage Crash,11-06-17 18:45,Maryland (State),CONNECTICUT AVE,INDEPENDENCE ST,SAME DIRECTION RIGHT TURN,CLEAR,DRY,DAWN,TRAFFIC SIGNAL,UNKNOWN,Yes,NO APPARENT INJURY,UNKNOWN,DC,PASSENGER CAR,45,2006,CHEV,4S
MCP2752001Y,170526069,Montgomery County Police,Property Damage Crash,08/21/2017 02:30:00 PM,,,,OTHER,CLEAR,,DAYLIGHT,NO CONTROLS,,Yes,NO APPARENT INJURY,NOT DISTRACTED,MD,PASSENGER CAR,25,2002,MERZ,4DR
MCP2588001F,16013387,MONTGOMERY,Property Damage Crash,03/18/2016 02:56:00 PM,County,BEL PRE RD,GEORGIA AVE,SAME DIR REAR END,CLEAR,DRY,DAYLIGHT,YIELD SIGN,UNKNOWN,Yes,NO APPARENT INJURY,UNKNOWN,,,35,0,UNKNOWN,UNKNOWN
MCP2291008P,250024207,MONTGOMERY,Injury Crash,05/31/2025 01:43:00 PM,County Route,DEMOCRACY BLVD,,Front to Rear,Clear,Wet,Daylight,No Controls,"Not Suspect of Alcohol Use, Not Suspect of Drug Use",No,No Apparent Injury,Not Distracted,MD,Pickup,35,2019,RAM,1500
MCP2594003C,170545752,Montgomery County Police,Property Damage Crash,11/30/2017 08:50:00 AM,Maryland (State),NEW HAMPSHIRE AVE,NORWOOD RD,STRAIGHT MOVEMENT ANGLE,CLEAR,DRY,DAYLIGHT,TRAFFIC SIGNAL,NONE DETECTED,Yes,NO APPARENT INJURY,LOOKED BUT DID NOT SEE,MD,PASSENGER CAR,45,2003,INFINITI,G35
MCP1366008H,190001362,Montgomery County Police,Property Damage Crash,01-09-19 6:57,Maryland (State),ROCKVILLE PIKE,TWINBROOK PKWY,HEAD ON LEFT TURN,CLEAR,DRY,DARK LIGHTS ON,TRAFFIC SIGNAL,NONE DETECTED,No,NO APPARENT INJURY,NOT DISTRACTED,MD,(SPORT) UTILITY VEHICLE,40,2008,CADILLAC,ESCALADE
MCP9390001C,190024354,Montgomery County Police,Property Damage Crash,05/22/2019 04:19:00 PM,County,TOWNE CREST DR,LARCHMONT TERR,SINGLE VEHICLE,,DRY,DAYLIGHT,,,Yes,NO APPARENT INJURY,LOOKED BUT DID NOT SEE,MD,SCHOOL BUS,25,2008,THOM,BUS
MCP3096000B,180010058,Montgomery County Police,Property Damage Crash,02/27/2018 07:51:00 AM,County,SCOTT DR,OVERLEA DR,STRAIGHT MOVEMENT ANGLE,CLEAR,DRY,DAYLIGHT,STOP SIGN,,Yes,NO APPARENT INJURY,NOT DISTRACTED,MD,PASSENGER CAR,25,2008,TOYOTA,SEQOUIA
MCP25040014,16002218,Montgomery County Police,Injury Crash,01-12-16 17:54,Municipality,WOOTTON PKWY,FALLS RD,STRAIGHT MOVEMENT ANGLE,CLOUDY,DRY,DARK LIGHTS ON,TRAFFIC SIGNAL,UNKNOWN,Yes,NO APPARENT INJURY,UNKNOWN,,PASSENGER CAR,35,0,UNKNOWN,UNKNOWN
MCP2898005R,250004998,MONTGOMERY,Property Damage Crash,02-03-25 19:12,Maryland (State) Route,FREDERICK RD,MAGNOLIA DR,Rear To Side,Clear,Dry,Dark - Lighted,Stop Sign,"Not Suspect of Alcohol Use, Not Suspect of Drug Use",Yes,No Apparent Injury,Not Distracted,MD,Pickup,45,1998,FORD,F-150
MCP21210012,17514914,Montgomery County Police,Injury Crash,06/21/2017 10:43:00 AM,Maryland (State),DARNESTOWN RD,JERUSALEM RD,SAME DIR REAR END,CLEAR,DRY,DAYLIGHT,NO CONTROLS,NONE DETECTED,No,POSSIBLE INJURY,NOT DISTRACTED,MD,"MEDIUM/HEAVY TRUCKS 3 AXLES (OVER 10,000LBS (4,536KG))",40,1997,INTERNATINAL,CH600
MCP30440051,220009413,Montgomery County Police,Property Damage Crash,03-04-22 15:56,County,OLD COLUMBIA PIKE,OLD COLUMBIA PIKE,SAME DIRECTION SIDESWIPE,CLEAR,DRY,DAYLIGHT,NO CONTROLS,NONE DETECTED,Yes,NO APPARENT INJURY,LOOKED BUT DID NOT SEE,MD,(SPORT) UTILITY VEHICLE,25,2008,FORD,ESCAPE
EJ7853000N,15026653,Gaithersburg Police Depar,Injury Crash,06-02-15 15:30,,,,STRAIGHT MOVEMENT ANGLE,CLOUDY,,DAYLIGHT,NO CONTROLS,NONE DETECTED,Yes,NO APPARENT INJURY,LOOKED BUT DID NOT SEE,MD,PASSENGER CAR,5,2006,VOLKSWAGEN,TOUAREG
MCP285900HH,240053057,MONTGOMERY,Injury Crash,11-05-24 9:20,County Route,,SHADY GROVE RD,Angle,Clear,Dry,Daylight,Traffic Control Signal,"Not Suspect of Alcohol Use, Not Suspect of Drug Use",Yes,No Apparent Injury,Unknown,MD,Pickup,35,2013,CHEVROLET,SILVERADO
MCP33120028,220045809,Montgomery County Police,Injury Crash,10/19/2022 07:55:00 AM,County,VALLEY BROOK DR,GREENHILL DR,SINGLE VEHICLE,CLEAR,DRY,DAYLIGHT,NO CONTROLS,NONE DETECTED,No,NO APPARENT INJURY,NOT DISTRACTED,MD,PASSENGER CAR,35,2017,TOYT,UT
EJ78700014,190006094,Gaithersburg Police Depar,Injury Crash,02-07-19 14:39,Maryland (State),FREDERICK RD,ONEILL DR,STRAIGHT MOVEMENT ANGLE,CLEAR,DRY,DAYLIGHT,TRAFFIC SIGNAL,NONE DETECTED,No,NO APPARENT INJURY,NOT DISTRACTED,MD,PASSENGER CAR,40,2010,HONDA,CIVIC
MCP3220004G,230069349,Montgomery County Police,Property Damage Crash,12-01-23 16:34,Maryland (State),FREDERICK RD,S WESTLAND DR,SAME DIR REAR END,RAINING,WET,DARK LIGHTS ON,NO CONTROLS,NONE DETECTED,No,NO APPARENT INJURY,NOT DISTRACTED,MD,PASSENGER CAR,35,2013,NISSAN,ALTIMA
MCP2678001L,170534601,Montgomery County Police,Injury Crash,10-03-17 21:19,County,RANDOLPH RD,TIMBER VIEW CT,SAME DIR REAR END,CLEAR,DRY,DARK LIGHTS ON,NO CONTROLS,NONE DETECTED,No,NO APPARENT INJURY,NOT DISTRACTED,MD,PASSENGER CAR,45,2014,KIA,SEDONA
MCP1334004T,17010435,Montgomery County Police,Property Damage Crash,02/27/2017 07:48:00 AM,Maryland (State),WOODFIELD RD,SNOUFFERS SCHOOL RD,HEAD ON LEFT TURN,CLOUDY,DRY,DAYLIGHT,TRAFFIC SIGNAL,NONE DETECTED,No,NO APPARENT INJURY,NOT DISTRACTED,MD,PICKUP TRUCK,40,2006,FORD,F150
MCP2008009T,230008162,Montgomery County Police,Property Damage Crash,02/17/2023 07:50:00 PM,,,,OTHER,CLEAR,,DARK LIGHTS ON,,,No,NO APPARENT INJURY,NOT DISTRACTED,MD,POLICE VEHICLE/NON EMERGENCY,0,2017,FORD,INTERCEPTOR
MCP2059006L,210003857,Montgomery County Police,Property Damage Crash,01/30/2021 11:49:00 AM,,,,STRAIGHT MOVEMENT ANGLE,CLEAR,,DAYLIGHT,NO CONTROLS,UNKNOWN,Yes,NO APPARENT INJURY,UNKNOWN,,VAN,15,1999,FORD,E250
MCP2752005Q,230050975,Montgomery County Police,Property Damage Crash,08/23/2023 06:00:00 PM,Municipality,RIO BLVD,WASHINGTONIAN BLVD,STRAIGHT MOVEMENT ANGLE,,DRY,DAYLIGHT,STOP SIGN,,No,NO APPARENT INJURY,NOT DISTRACTED,MD,PASSENGER CAR,5,2008,LEXIS,IS250
MCP15750049,16060031,Montgomery County Police,Injury Crash,11/22/2016 09:56:00 AM,Interstate (State),EISENHOWER MEMORIAL HWY,RAMP 8 FR IS 270 SB TO MD 189 WB,SAME DIR REAR END,CLEAR,DRY,DAYLIGHT,NO CONTROLS,NONE DETECTED,Yes,NO APPARENT INJURY,NOT DISTRACTED,MD,POLICE VEHICLE/NON EMERGENCY,0,2016,FORD,INTERCEPTOR
MCP3005007Y,250021497,MONTGOMERY,Property Damage Crash,04/15/2025 03:46:00 PM,,,,Angle,Clear,,Daylight,,"Unknown, Unknown",Yes,No Apparent Injury,Unknown,MD,Passenger Car,0,2012,MAZDA,CX-9
MCP3031002G,180023891,Montgomery County Police,Property Damage Crash,05/15/2018 04:30:00 PM,Maryland (State),GEORGIA AVE,SANDY SPRING VFD,SAME DIR REAR END,,DRY,DAYLIGHT,TRAFFIC SIGNAL,NONE DETECTED,No,NO APPARENT INJURY,NOT DISTRACTED,MD,PASSENGER CAR,30,2011,NISSAN,SUB
MCP30400033,190008551,Montgomery County Police,Property Damage Crash,02/22/2019 03:03:00 PM,,,,SAME DIR REAR END,CLEAR,,DAYLIGHT,,,No,NO APPARENT INJURY,NOT DISTRACTED,MD,SCHOOL BUS,25,2010,THOM,BUS
MCP24060002,200021969,Montgomery County Police,Property Damage Crash,06-01-20 22:48,,,,SINGLE VEHICLE,CLEAR,,DARK LIGHTS ON,,NONE DETECTED,Yes,NO APPARENT INJURY,NOT DISTRACTED,MD,POLICE VEHICLE/NON EMERGENCY,0,2004,CHEVROLET,EXPRESS VAN
MCP2633001Y,210040061,Montgomery County Police,Property Damage Crash,10-07-21 15:15,,,,OTHER,CLEAR,,DAYLIGHT,NO CONTROLS,UNKNOWN,Yes,NO APPARENT INJURY,UNKNOWN,MD,PASSENGER CAR,5,2013,MERZ,4DR
MCP3165003X,220025774,Montgomery County Police,Injury Crash,06/15/2022 02:30:00 PM,Maryland (State),SPENCERVILLE RD,SANTINI RD,OTHER,CLEAR,DRY,DAYLIGHT,NO CONTROLS,NONE DETECTED,No,POSSIBLE INJURY,NOT DISTRACTED,MD,(SPORT) UTILITY VEHICLE,40,2016,LEXUS,SUV
MCP2077002G,180041113,Montgomery County Police,Property Damage Crash,08/18/2018 12:40:00 PM,County,KERSEY RD,ARCOLA AVE,SAME DIRECTION LEFT TURN,CLEAR,DRY,DAYLIGHT,NO CONTROLS,NONE DETECTED,Unknown,NO APPARENT INJURY,LOOKED BUT DID NOT SEE,MD,PASSENGER CAR,25,2015,NISSAN,VERSA
MCP32270067,250010226,MONTGOMERY,Property Damage Crash,03-08-25 19:04,Maryland (State) Route,PINEY BRANCH RD,FLOWER AVE,Front to Front,Clear,Dry,Dark - Lighted,Traffic Control Signal,"Not Suspect of Alcohol Use, Not Suspect of Drug Use",No,No Apparent Injury,Not Distracted,MD,Passenger Car,35,2017,HONDA,CIVIC
MCP2720001G,15040590,MONTGOMERY,Injury Crash,08/14/2015 03:22:00 PM,Maryland (State),GEORGIA AVE,NORBECK RD,SAME DIR REAR END,CLEAR,DRY,DAYLIGHT,TRAFFIC SIGNAL,,No,NO APPARENT INJURY,NOT DISTRACTED,MD,PASSENGER CAR,50,2010,MAZDA,6
MCP94160002,15006255,Montgomery County Police,Injury Crash,02-07-15 12:43,Maryland (State),QUINCE ORCHARD RD,RAMP 8 FR IS 270 SB TO MD 124 WB,SAME DIR REAR END,CLEAR,DRY,DAYLIGHT,YIELD SIGN,NONE DETECTED,Yes,NO APPARENT INJURY,NOT DISTRACTED,PA,(SPORT) UTILITY VEHICLE,35,2011,SUBA,FORESTER
MCP3009004G,220009762,Montgomery County Police,Property Damage Crash,03-07-22 8:50,Ramp,RAMP 7 FR FATHER HURLEY BLVD TO IS270 SB,FATHER HURLEY BLVD,SAME DIR REAR END,CLEAR,DRY,DAYLIGHT,NO CONTROLS,,Yes,NO APPARENT INJURY,NOT DISTRACTED,MD,VAN,55,2007,FORD,TK
MCP25680018,240010632,MONTGOMERY,Property Damage Crash,03-05-24 7:07,County Route,COMUS RD,,Single Vehicle,Rain,Wet,Dawn,No Controls,"Unknown, Unknown",No,,,,Sport Utility Vehicle,30,2018,MAZDA,CX-5
MCP137800PR,190007992,Montgomery County Police,Property Damage Crash,02/19/2019 12:14:00 PM,Maryland (State),RIDGE RD,GUE RD,SAME DIR REAR END,CLOUDY,DRY,DAYLIGHT,NO CONTROLS,NONE DETECTED,No,NO APPARENT INJURY,NOT DISTRACTED,MD,VAN,30,2009,GMC,SAVANNA
MCP2203003B,180043244,Montgomery County Police,Injury Crash,08/30/2018 12:15:00 PM,County,RANDOLPH RD,LINDELL ST,SAME DIRECTION SIDESWIPE,CLEAR,DRY,DAYLIGHT,NO CONTROLS,NONE DETECTED,Yes,POSSIBLE INJURY,NOT DISTRACTED,MD,PASSENGER CAR,35,2014,MERZ,CLA250
MCP15640032,180029364,Montgomery County Police,Property Damage Crash,06/14/2018 12:42:00 PM,Maryland (State),GEORGIA AVE,GREGG RD,SAME DIR REAR END,CLEAR,DRY,DAYLIGHT,NO CONTROLS,NONE DETECTED,No,NO APPARENT INJURY,NOT DISTRACTED,MD,PASSENGER CAR,45,2006,DODGE,RAM
MCP3394001Z,250043273,MONTGOMERY,Property Damage Crash,09/26/2025 08:35:00 AM,Interstate (State),CAPITAL BELTWAY (WB/L),,"Sideswipe, Same Direction",Clear,Dry,Daylight,No Controls,"Not Suspect of Alcohol Use, Not Suspect of Drug Use",No,No Apparent Injury,Not Distracted,MD,Passenger Car,55,2013,DODGE,CHARGER
MCP2739002M,190046639,Montgomery County Police,Property Damage Crash,09/29/2019 03:37:00 AM,Maryland (State),NEW HAMPSHIRE AVE,NORTHWEST DR,SINGLE VEHICLE,CLEAR,DRY,DARK LIGHTS ON,FLASHING TRAFFIC SIGNAL,ALCOHOL PRESENT,Yes,NO APPARENT INJURY,UNKNOWN,MD,PASSENGER CAR,40,2008,CHEVROLET,IMPALA
MCP2116002W,15055910,MONTGOMERY,Injury Crash,11-03-15 7:16,County,W HUNTER RD,DARNESTOWN RD,SINGLE VEHICLE,CLEAR,DRY,DAYLIGHT,NO CONTROLS,NONE DETECTED,Yes,SUSPECTED MINOR INJURY,LOOKED BUT DID NOT SEE,MD,(SPORT) UTILITY VEHICLE,35,2015,VOLKS,TIGUAN
DD5624000F,180011367,Rockville Police Departme,Property Damage Crash,03-06-18 12:26,Maryland (State),ROCKVILLE PIKE,TALBOTT ST,SAME DIR REAR END,CLEAR,DRY,DAYLIGHT,NO CONTROLS,NONE DETECTED,Yes,NO APPARENT INJURY,NOT DISTRACTED,MD,PASSENGER CAR,40,2003,HONDA,CRV
MCP2438003M,240003663,MONTGOMERY,Injury Crash,01/24/2024 07:54:00 AM,County Route,RANWORTH DR,STEEPLE RD,Angle,Cloudy,Wet,Daylight,Stop Sign,"Not Suspect of Alcohol Use, Not Suspect of Drug Use",Yes,No Apparent Injury,Not Distracted,VA,Passenger Car,30,2022,TOYOTA,HIGHLANDER
MCP1235002T,210010812,Montgomery County Police,Property Damage Crash,03/22/2021 06:18:00 PM,Maryland (State),NEW HAMPSHIRE AVE,POWDER MILL RD,SAME DIR REAR END,CLEAR,DRY,DAYLIGHT,NO CONTROLS,NONE DETECTED,Yes,NO APPARENT INJURY,NOT DISTRACTED,MD,TRANSIT BUS,40,2020,NEW FLYER,BUS
MCP1202001H,16035239,Montgomery County Police,Property Damage Crash,07-12-16 10:34,County,HAMPDEN LA,EDGEMOOR LA,OTHER,CLEAR,DRY,DAYLIGHT,,NONE DETECTED,Yes,NO APPARENT INJURY,NOT DISTRACTED,MD,(SPORT) UTILITY VEHICLE,25,2016,TOYOTA,LANDCRUISER
MCP33410053,250032043,MONTGOMERY,Property Damage Crash,07/18/2025 08:00:00 AM,Maryland (State) Route,VEIRS MILL RD (WB/L),ENNALLS AVE,Angle,Clear,Dry,Daylight,No Controls,"Not Suspect of Alcohol Use, Not Suspect of Drug Use",No,No Apparent Injury,Not Distracted,MD,Bus - Transit,35,2016,GILLIG,LOW FLOOR BUS
MCP3040008L,250045764,MONTGOMERY,Injury Crash,10-11-25 18:30,Maryland (State) Route,GEORGIA AVE (SB/L),,Angle,Clear,Dry,Dark - Lighted,Traffic Control Signal,"Not Suspect of Alcohol Use, Not Suspect of Drug Use",Yes,Suspected Minor Injury,Not Distracted,MD,Passenger Car,30,2026,TOYOTA,COROLLA CROSS
MCP20390092,230058435,Montgomery County Police,Property Damage Crash,10-04-23 8:11,County,KEATING ST,INDEPENDENCE ST,STRAIGHT MOVEMENT ANGLE,CLEAR,DRY,DAYLIGHT,NO CONTROLS,NONE DETECTED,Yes,NO APPARENT INJURY,LOOKED BUT DID NOT SEE,MD,PASSENGER CAR,25,2023,HONDA,CIVIC
MCP3429001G,250048160,MONTGOMERY,Property Damage Crash,10/27/2025 08:00:00 AM,County Route,,CONNECTICUT AVE,"Sideswipe, Same Direction",Clear,Dry,Daylight,Traffic Control Signal,"Unknown, Unknown",No,,,,Passenger Car,35,2014,FORD,F-150
MCP1465005M,210027107,Montgomery County Police,Injury Crash,07/14/2021 08:15:00 AM,Interstate (State),EISENHOWER MEMORIAL HWY,FALLS RD,SAME DIR REAR END,CLEAR,DRY,DAYLIGHT,NO CONTROLS,NONE DETECTED,No,NO APPARENT INJURY,NOT DISTRACTED,MD,PASSENGER CAR,55,2016,AUDI,4S
MCP32550079,250038900,MONTGOMERY,Property Damage Crash,08/30/2025 07:00:00 PM,County Route,HARMONY HALL RD,MUDDY BRANCH RD,Angle,Clear,Dry,Daylight,Traffic Control Signal,"Not Suspect of Alcohol Use, Not Suspect of Drug Use",No,No Apparent Injury,Not Distracted,NJ,Passenger Car,35,2023,TOYOTA,CAMRY
MCP28640038,190054805,Montgomery County Police,Property Damage Crash,11/13/2019 08:19:00 PM,Municipality,DUNSTER LA,SELWORTHY RD,SAME DIR REAR END,CLEAR,DRY,DARK NO LIGHTS,NO CONTROLS,NONE DETECTED,Yes,NO APPARENT INJURY,UNKNOWN,MD,"CARGO VAN/LIGHT TRUCK 2 AXLES (OVER 10,000LBS (4,536 KG))",25,2019,MERCEDEZ,SPRINTER
MCP3212001R,200026094,Montgomery County Police,Property Damage Crash,07-05-20 17:22,County,GARWOOD ST,FRANKLIN AVE,STRAIGHT MOVEMENT ANGLE,CLEAR,DRY,DAYLIGHT,STOP SIGN,NONE DETECTED,No,NO APPARENT INJURY,NOT DISTRACTED,MD,PASSENGER CAR,30,2020,NISSAN,ROUGE
EJ7854001M,170533807,Gaithersburg Police Depar,Property Damage Crash,09/29/2017 11:03:00 AM,County,N SUMMIT AVE,N SUMMIT AVE (BACK),STRAIGHT MOVEMENT ANGLE,CLEAR,DRY,DAYLIGHT,NO CONTROLS,UNKNOWN,Yes,NO APPARENT INJURY,UNKNOWN,,,30,0,UNKNOWN,UNKNOWN
MCP25270007,15009494,Montgomery County Police,Injury Crash,02/27/2015 04:18:00 PM,Ramp,RAMP 7 FR IS 370 WB TO IS 270 SB,NO NAME,SAME DIR REAR END,CLEAR,DRY,DAYLIGHT,OTHER,NONE DETECTED,Yes,SUSPECTED MINOR INJURY,OTHER ELECTRONIC DEVICE (NAVIGATIONAL PALM PILOT),MD,PASSENGER CAR,50,2014,HONDA,ACCORD
MCP2772001D,180038058,Montgomery County Police,Injury Crash,08-01-18 0:51,County,NEBEL ST,NICHOLSON LA,STRAIGHT MOVEMENT ANGLE,RAINING,WET,DARK LIGHTS ON,FLASHING TRAFFIC SIGNAL,NONE DETECTED,No,SUSPECTED MINOR INJURY,NOT DISTRACTED,MD,PASSENGER CAR,35,2005,FORD,CROWN VIC
MCP2298008Q,16023217,Montgomery County Police,Property Damage Crash,05-10-16 16:20,,,,OTHER,CLOUDY,,DAYLIGHT,,NONE DETECTED,Yes,NO APPARENT INJURY,LOOKED BUT DID NOT SEE,MD,POLICE VEHICLE/NON EMERGENCY,15,2007,DODGE,CHARGER
MCP2831000X,15052393,MONTGOMERY,Property Damage Crash,10/15/2015 03:30:00 PM,County,DAWSON FARM RD,GERMANTOWN RD,HEAD ON LEFT TURN,CLEAR,DRY,DAYLIGHT,TRAFFIC SIGNAL,NONE DETECTED,No,NO APPARENT INJURY,NOT DISTRACTED,MD,PASSENGER CAR,30,2003,LEXUS,ES300
MCP2162001H,16016431,Montgomery County Police,Property Damage Crash,04-04-16 15:45,Maryland (State),GEORGIA AVE,QUEEN MARY DR,STRAIGHT MOVEMENT ANGLE,RAINING,WET,DAYLIGHT,NO CONTROLS,,Yes,NO APPARENT INJURY,UNKNOWN,MD,PASSENGER CAR,30,2012,FORD,TAURUS
MCP30600026,190006971,Montgomery County Police,Injury Crash,02/13/2019 08:18:00 AM,Maryland (State),CONNECTICUT AVE,DENFELD AVE,SAME DIR REAR END,CLEAR,DRY,DAYLIGHT,NO CONTROLS,,No,NO APPARENT INJURY,NOT DISTRACTED,MD,PASSENGER CAR,35,2016,HYUN,SONATA
MCP2933001D,16066222,Montgomery County Police,Property Damage Crash,12/24/2016 06:02:00 PM,Maryland (State),OLD GEORGETOWN RD,CAPITAL BELTWAY,SAME DIR REAR END,CLEAR,WET,DARK LIGHTS ON,NO CONTROLS,NONE DETECTED,Yes,NO APPARENT INJURY,UNKNOWN,MD,PASSENGER CAR,40,1998,HONDA,CIVIC
MCP1563006B,200041964,Montgomery County Police,Property Damage Crash,10/24/2020 10:55:00 AM,Maryland (State),CONNECTICUT AVE,TAYLOR ST,SAME DIRECTION RIGHT TURN,CLOUDY,DRY,DAYLIGHT,NO CONTROLS,NONE DETECTED,No,NO APPARENT INJURY,NOT DISTRACTED,DC,PASSENGER CAR,30,2013,JEEP,GRAND CHEROKEE
MCP2651000W,17010416,Montgomery County Police,Property Damage Crash,02/27/2017 12:34:00 AM,County,CEDAR TREE DR,RED MAPLE CT,SAME DIRECTION SIDESWIPE,CLEAR,DRY,DARK LIGHTS ON,,NONE DETECTED,Yes,NO APPARENT INJURY,OTHER DISTRACTION,MD,PASSENGER CAR,25,2005,HOND,PILOT
MCP21770054,240032489,MONTGOMERY,Property Damage Crash,07-10-24 11:49,,,,Front to Rear,Cloudy,,Daylight,,"Unknown, Unknown",No,No Apparent Injury,Unknown,,Passenger Car,0,0,,
MCP3012000K,16007399,Montgomery County Police,Injury Crash,02/13/2016 07:09:00 AM,Maryland (State),VEIRS MILL RD,PARKLAND DR,SAME DIR REAR END,CLEAR,,DAWN,NO CONTROLS,NONE DETECTED,No,SUSPECTED MINOR INJURY,NOT DISTRACTED,MD,PASSENGER CAR,40,2008,INFINITI,G37
MCP11230025,180047153,Montgomery County Police,Injury Crash,09/21/2018 06:49:00 AM,Maryland (State),LAYHILL RD,MIDDLEVALE LA,SAME DIR REAR END,CLOUDY,DRY,DAWN,TRAFFIC SIGNAL,NONE DETECTED,No,NO APPARENT INJURY,NOT DISTRACTED,MD,"CARGO VAN/LIGHT TRUCK 2 AXLES (OVER 10,000LBS (4,536 KG))",40,2015,NISS,TK
MCP3067003L,250049847,MONTGOMERY,Property Damage Crash,11-06-25 12:30,County Route,WASHINGTON GROVE LA,,"Sideswipe, Opposite Direction",Clear,Dry,Daylight,No Controls,"Not Suspect of Alcohol Use, Not Suspect of Drug Use",Yes,No Apparent Injury,Not Distracted,MD,Passenger Car,30,2023,TESLA,MODEL 3