Report Number,Local Case Number,Agency Name,ACRS Report Type,Crash Date/Time,Route Type,Road Name,Cross-Street Name,Collision Type,Weather,Surface Condition,Light,Traffic Control,Driver Substance Abuse,Driver At Fault,Injury Severity,Driver Distracted By,Drivers License State,Vehicle Body Type,Speed Limit,Vehicle Year,Vehicle Make,Vehicle Model
MCP25820027,180033241,Montgomery County Police,Property Damage Crash,07-05-18 21:31,Maryland (State),GEORGIA AVE,WELLER RD,STRAIGHT MOVEMENT ANGLE,CLEAR,DRY,DARK LIGHTS ON,NO CONTROLS,NONE DETECTED,No,NO APPARENT INJURY,NOT DISTRACTED,MD,PASSENGER CAR,40,2008,HONDA,CIVIC
MCP33090029,240004901,MONTGOMERY,Injury Crash,01/31/2024 01:01:00 AM,County Route,,,Front to Front,Clear,Dry,Dark - Lighted,No Controls,"Not Suspect of Alcohol Use, Not Suspect of Drug Use",Yes,No Apparent Injury,Not Distracted,DE,Sport Utility Vehicle,40,2016,CHEVROLET,TAHOE
MCP29170086,210032034,Montgomery County Police,Injury Crash,08/17/2021 06:18:00 PM,Maryland (State),GEORGIA AVE,HEATHFIELD RD,STRAIGHT MOVEMENT ANGLE,CLEAR,DRY,DAYLIGHT,TRAFFIC SIGNAL,NONE DETECTED,No,POSSIBLE INJURY,LOOKED BUT DID NOT SEE,MD,PASSENGER CAR,45,2007,ACURA,MDX
MCP3356001F,240008354,MONTGOMERY,Property Damage Crash,02/20/2024 02:58:00 PM,County Route,WISTERIA DR,,Angle,Clear,Dry,Daylight,No Controls,"Not Suspect of Alcohol Use, Not Suspect of Drug Use",No,No Apparent Injury,Unknown,MD,Passenger Car,25,2020,TOYOTA,CAMRY
MCP3112001L,190001279,Montgomery County Police,Property Damage Crash,01-08-19 15:55,,,,ANGLE MEETS RIGHT TURN,CLEAR,,DAYLIGHT,PERSON,NONE DETECTED,No,NO APPARENT INJURY,NOT DISTRACTED,MD,PASSENGER CAR,0,2013,AUDI,A4
MCP3264004N,240052898,MONTGOMERY,Property Damage Crash,10/26/2024 01:33:00 AM,,,,Single Vehicle,Clear,,Dark - Lighted,,"Unknown, Unknown",No,,,,,0,0,,
MCP3178001P,200010713,Montgomery County Police,Injury Crash,03-04-20 9:12,Maryland (State),NEW HAMPSHIRE AVE,COLESVILLE MANOR DR,STRAIGHT MOVEMENT ANGLE,CLEAR,DRY,DAYLIGHT,NO CONTROLS,NONE DETECTED,Yes,NO APPARENT INJURY,LOOKED BUT DID NOT SEE,MD,PASSENGER CAR,45,2010,HOND,ODY
MCP2586006R,230060576,Montgomery County Police,Property Damage Crash,10/14/2023 08:59:00 PM,,,,SINGLE VEHICLE,CLEAR,,DARK NO LIGHTS,,NONE DETECTED,No,NO APPARENT INJURY,LOOKED BUT DID NOT SEE,MD,FIRE VEHICLE/EMERGENCY,0,2014,FIRE,TRUCK
MCP2723001V,16040124,Montgomery County Police,Injury Crash,08-08-16 9:19,,,,OPPOSITE DIRECTION SIDESWIPE,CLEAR,,DAYLIGHT,NO CONTROLS,,No,SUSPECTED MINOR INJURY,NOT DISTRACTED,MD,PASSENGER CAR,0,1994,HONDA,ACCORD
MCP1022003K,15056152,MONTGOMERY,Injury Crash,11-04-15 10:34,County,SENECA MEADOWS PKWY,CROSSOVER,STRAIGHT MOVEMENT ANGLE,CLEAR,DRY,DAYLIGHT,NO CONTROLS,NONE DETECTED,No,NO APPARENT INJURY,NOT DISTRACTED,MD,PASSENGER CAR,30,2000,HONDA,ACCORD
MCP2504001C,16018483,Montgomery County Police,Injury Crash,04/15/2016 04:15:00 PM,County,SHADY GROVE RD,WILLOW TREE DR,STRAIGHT MOVEMENT ANGLE,CLEAR,DRY,DAYLIGHT,STOP SIGN,NONE DETECTED,Yes,SUSPECTED SERIOUS INJURY,LOOKED BUT DID NOT SEE,MD,PASSENGER CAR,40,2015,FORD,FOCUS
MCP3299002G,230010490,Montgomery County Police,Property Damage Crash,03-03-23 7:05,Maryland (State),NEW HAMPSHIRE AVE,NORBECK RD,SAME DIR REAR END,CLEAR,DRY,DAYLIGHT,TRAFFIC SIGNAL,NONE DETECTED,Yes,NO APPARENT INJURY,NOT DISTRACTED,MD,PASSENGER CAR,45,2017,MITSUBISHI,OUTLANDER
MCP3134002D,200003849,Montgomery County Police,Injury Crash,01/23/2020 06:30:00 PM,Maryland (State),NEW HAMPSHIRE AVE,LOCKWOOD DR,SAME DIR REAR END,CLEAR,DRY,DARK -- UNKNOWN LIGHTING,NO CONTROLS,,No,SUSPECTED MINOR INJURY,NOT DISTRACTED,MD,PASSENGER CAR,45,2012,LEXS,15 250
MCP2971004P,190020087,Montgomery County Police,Property Damage Crash,04/29/2019 03:54:00 PM,County,SUMMER OAK DR,WARING STATION RD,SINGLE VEHICLE,CLEAR,DRY,DAYLIGHT,NO CONTROLS,NONE DETECTED,Yes,NO APPARENT INJURY,NOT DISTRACTED,MD,PASSENGER CAR,25,2003,KIA,SPECTRA
MCP2680002V,180057357,Montgomery County Police,Property Damage Crash,11/15/2018 04:06:00 PM,County,WAYNE AVE,RAMSEY AVE,OTHER,SNOW,SLUSH,DAYLIGHT,TRAFFIC SIGNAL,NONE DETECTED,No,NO APPARENT INJURY,NOT DISTRACTED,MD,TRANSIT BUS,25,2006,GILLIAN,BUS
MCP2932002H,180063284,Montgomery County Police,Injury Crash,12/19/2018 01:30:00 AM,Maryland (State),GEORGIA AVE,RAMP 4 FR MD 97 NB TO IS 495 EB,SAME DIRECTION LEFT TURN,CLEAR,,DARK LIGHTS ON,TRAFFIC SIGNAL,NONE DETECTED,No,POSSIBLE INJURY,NOT DISTRACTED,MD,PASSENGER CAR,35,2016,VOLKSWAGON,JETTA
MCP0613000Q,180002825,Montgomery County Police,Injury Crash,01/18/2018 08:48:00 AM,Maryland (State),OLNEY LAYTONSVILLE RD,QUEEN ELIZABETH DR,STRAIGHT MOVEMENT ANGLE,,DRY,DAYLIGHT,TRAFFIC SIGNAL,NONE DETECTED,Yes,NO APPARENT INJURY,NOT DISTRACTED,MD,(SPORT) UTILITY VEHICLE,40,2000,SUZUKI,VITARA
MCP1554005S,20011168,Montgomery County Police,Property Damage Crash,03-06-20 14:15,County,CRABBS BRANCH WAY,SHADY GROVE RD,SAME DIRECTION SIDESWIPE,RAINING,WET,DAYLIGHT,STOP SIGN,NONE DETECTED,No,NO APPARENT INJURY,NOT DISTRACTED,MD,SCHOOL BUS,35,2019,FRHT,BU
MCP3067000Q,180003402,Montgomery County Police,Property Damage Crash,01/21/2018 12:45:00 AM,County,SHADY GROVE RD,MIDCOUNTY HWY,STRAIGHT MOVEMENT ANGLE,CLEAR,DRY,DARK LIGHTS ON,FLASHING TRAFFIC SIGNAL,NONE DETECTED,Yes,NO APPARENT INJURY,LOOKED BUT DID NOT SEE,DC,PASSENGER CAR,40,2015,HONDA,ACCORD
MCP2160003H,250036766,MONTGOMERY,Property Damage Crash,08/17/2025 05:37:00 PM,County Route,BRINK RD (WB/L),HUNTMASTER RD,"Sideswipe, Same Direction",Clear,Dry,Daylight,No Controls,"Unknown, Unknown",No,No Apparent Injury,,,Sport Utility Vehicle,35,0,,
MCP9417001X,170509174,Montgomery County Police,Property Damage Crash,05/22/2017 08:30:00 AM,Maryland (State),CONNECTICUT AVE,RAMP 4 FR MD 185 NB TO IS 495 EB,SAME DIR REAR END,RAINING,WET,DAYLIGHT,NO CONTROLS,NONE DETECTED,No,NO APPARENT INJURY,NOT DISTRACTED,MD,PASSENGER CAR,40,2013,TOYOTA,CAMRY
HA24950002,22001948,Maryland-National Capital,Property Damage Crash,11-06-22 9:56,County,E WAYNE AVE,SLIGO CREEK PKWY,HEAD ON,CLEAR,DRY,DAYLIGHT,TRAFFIC SIGNAL,,Unknown,NO APPARENT INJURY,NOT DISTRACTED,MD,PASSENGER CAR,25,2012,NISS,4D
DD5607004Q,230070320,Rockville Police Departme,Property Damage Crash,12-07-23 6:45,Maryland (State),NORBECK RD,AVERY RD,HEAD ON LEFT TURN,CLEAR,DRY,DAWN,TRAFFIC SIGNAL,NONE DETECTED,Yes,NO APPARENT INJURY,LOOKED BUT DID NOT SEE,MD,PASSENGER CAR,45,2014,HOND,TK
EJ7884004Q,220032034,Gaithersburg Police Depar,Injury Crash,07/25/2022 03:28:00 PM,County,DIAMONDBACK DR,SAM EIG HWY,STRAIGHT MOVEMENT ANGLE,RAINING,WET,DAYLIGHT,OTHER,,Yes,NO APPARENT INJURY,LOOKED BUT DID NOT SEE,MD,PASSENGER CAR,30,2004,BMW,TK
MCP2411004N,200008122,Montgomery County Police,Property Damage Crash,02/18/2020 02:39:00 PM,Maryland (State),FREDERICK RD,REDLAND RD,SAME DIR REAR END,CLEAR,DRY,DAYLIGHT,,NONE DETECTED,No,NO APPARENT INJURY,NOT DISTRACTED,MD,PICKUP TRUCK,40,2016,FORD,F150
MCP3280001M,210045203,Montgomery County Police,Property Damage Crash,11-08-21 11:45,Interstate (State),CAPITAL BELTWAY,UNIVERSITY BLVD E,SAME DIR REAR END,CLEAR,DRY,DAYLIGHT,NO CONTROLS,NONE DETECTED,Yes,NO APPARENT INJURY,OTHER ELECTRONIC DEVICE (NAVIGATIONAL PALM PILOT),MD,PASSENGER CAR,35,2012,FORD,FIESTA
MCP2372005J,230002077,Montgomery County Police,Property Damage Crash,01/13/2023 12:03:00 PM,,,,OTHER,CLEAR,,DAYLIGHT,NO CONTROLS,UNKNOWN,Yes,NO APPARENT INJURY,UNKNOWN,,,15,0,UNKNOWN,UNKNOWN
DD5625001V,190006828,Rockville Police Departme,Property Damage Crash,02-12-19 16:00,Municipality,PICCARD DR,CURIE CT,STRAIGHT MOVEMENT ANGLE,RAINING,WET,DAYLIGHT,NO CONTROLS,NONE DETECTED,Yes,NO APPARENT INJURY,LOOKED BUT DID NOT SEE,MD,PASSENGER CAR,30,2013,FORD,4S
MCP27590015,16014787,MONTGOMERY,Injury Crash,03/25/2016 10:53:00 PM,Maryland (State),GEORGIA AVE,FOREST GLEN RD,SAME DIR REAR END,CLEAR,DRY,DARK LIGHTS ON,TRAFFIC SIGNAL,,No,SUSPECTED MINOR INJURY,NOT DISTRACTED,MD,PASSENGER CAR,35,2004,IZUZU,RODEO
MCP32180030,220015158,Montgomery County Police,Injury Crash,04-09-22 20:12,Maryland (State),VEIRS MILL RD,CONNECTICUT AVE,SAME DIR REAR END,CLEAR,DRY,DARK LIGHTS ON,TRAFFIC SIGNAL,NONE DETECTED,No,NO APPARENT INJURY,NOT DISTRACTED,MD,PASSENGER CAR,35,2016,HONDA,CRV
MCP3130006G,230031200,Montgomery County Police,Injury Crash,06/30/2023 08:51:00 AM,Maryland (State),CONNECTICUT AVE,ENT TO ASPEN HILLS SHOPPING CTR,STRAIGHT MOVEMENT ANGLE,CLOUDY,DRY,DAYLIGHT,NO CONTROLS,NONE DETECTED,Yes,NO APPARENT INJURY,LOOKED BUT DID NOT SEE,MD,PASSENGER CAR,35,2014,MNNI,HB
MCP30550009,170324314,Montgomery County Police,Property Damage Crash,08-11-17 13:00,Maryland (State),GEORGIA AVE,NORBECK RD,SAME DIRECTION RIGHT TURN,CLEAR,DRY,DAYLIGHT,,UNKNOWN,Yes,NO APPARENT INJURY,LOOKED BUT DID NOT SEE,,"MEDIUM/HEAVY TRUCKS 3 AXLES (OVER 10,000LBS (4,536KG))",40,2017,DUMP,TRUCK
DD56170005,16034780,Rockville Police Departme,Property Damage Crash,07-09-16 13:04,Maryland (State),ROCKVILLE PIKE,CONGRESSIONAL LA,SAME DIRECTION LEFT TURN,CLEAR,DRY,DAYLIGHT,,NONE DETECTED,No,NO APPARENT INJURY,NOT DISTRACTED,MD,(SPORT) UTILITY VEHICLE,40,2009,LEXUS,SUV
MCP2861001K,15063868,MONTGOMERY,Injury Crash,12/14/2015 03:30:00 PM,County,BULLS RUN PKWY,ADELAIDE DR,STRAIGHT MOVEMENT ANGLE,CLEAR,DRY,DAYLIGHT,NO CONTROLS,NONE DETECTED,No,NO APPARENT INJURY,NOT DISTRACTED,MD,PASSENGER CAR,25,2013,KIA,2D
MCP2031002R,200027580,Montgomery County Police,Injury Crash,07/16/2020 08:15:00 AM,Maryland (State),RIDGE RD,BLOOM DR,HEAD ON,CLOUDY,DRY,DAYLIGHT,,NONE DETECTED,No,SUSPECTED SERIOUS INJURY,NOT DISTRACTED,MD,PICKUP TRUCK,40,2006,CHEV,PICKUP
MCP3270001R,220025787,Montgomery County Police,Property Damage Crash,06/15/2022 03:32:00 PM,County,FENTON ST,WAYNE AVE,SAME DIRECTION LEFT TURN,CLEAR,DRY,DAYLIGHT,TRAFFIC SIGNAL,NONE DETECTED,Yes,NO APPARENT INJURY,LOOKED BUT DID NOT SEE,MD,PASSENGER CAR,30,2014,TOYT,RAV4
MCP27100045,220024661,Montgomery County Police,Injury Crash,06-08-22 19:50,County,LONGDRAFT RD,PHEASANT RUN DR,STRAIGHT MOVEMENT ANGLE,RAINING,WET,DAYLIGHT,,NONE DETECTED,No,NO APPARENT INJURY,NOT DISTRACTED,MD,PASSENGER CAR,40,2005,TOYOTA,CAMRY
MCP3301002X,250004732,MONTGOMERY,Property Damage Crash,02-01-25 21:45,Maryland (State) Route,CHERRY HILL RD,PROSPERITY DR,Front to Rear,Clear,Dry,Dark - Lighted,Traffic Control Signal,"Unknown, Unknown",No,,,,Passenger Car,40,2019,CHEVROLET,IMPALA
MCP15000029,230070684,Montgomery County Police,Injury Crash,12-08-23 18:15,Maryland (State),NEW HAMPSHIRE AVE,SPENCERVILLE RD,SAME DIR REAR END,CLEAR,DRY,DARK NO LIGHTS,TRAFFIC SIGNAL,NONE DETECTED,No,POSSIBLE INJURY,NOT DISTRACTED,MD,PASSENGER CAR,40,2020,NISSAN,MAXIMA
DD5527000J,16036888,Rockville Police Departme,Property Damage Crash,07/21/2016 09:25:00 AM,Maryland (State),FREDERICK RD,KING FARM BLVD,SAME DIR REAR END,CLEAR,DRY,DAYLIGHT,TRAFFIC SIGNAL,NONE DETECTED,Yes,NO APPARENT INJURY,NOT DISTRACTED,MD,POLICE VEHICLE/EMERGENCY,35,2010,FORD,CROWN VIC
EJ7884005R,230010825,Gaithersburg Police Depar,Property Damage Crash,03-05-23 15:59,,,,OTHER,CLEAR,,DAYLIGHT,NO CONTROLS,,Yes,NO APPARENT INJURY,UNKNOWN,,PASSENGER CAR,10,2007,FORD,EXPEDITION
MCP13820056,190045046,Montgomery County Police,Property Damage Crash,09/20/2019 09:18:00 AM,County,ELTON RD,NEW HAMPSHIRE AVE,SAME DIRECTION RIGHT TURN,CLEAR,DRY,DAYLIGHT,NO CONTROLS,NONE DETECTED,No,NO APPARENT INJURY,NOT DISTRACTED,MD,"CARGO VAN/LIGHT TRUCK 2 AXLES (OVER 10,000LBS (4,536 KG))",25,2010,INTERNATIONAL,TRUCK
MCP2848004V,170519741,Montgomery County Police,Injury Crash,07/18/2017 11:57:00 AM,County,EXECUTIVE BLVD,OLD GEORGETOWN RD,SAME DIR REAR END,CLEAR,DRY,DAYLIGHT,TRAFFIC SIGNAL,NONE DETECTED,Yes,NO APPARENT INJURY,LOOKED BUT DID NOT SEE,MD,PASSENGER CAR,30,2005,NISSAN,MAXIMA
MCP3085004J,240008772,MONTGOMERY,Injury Crash,02/22/2024 07:57:00 PM,Maryland (State) Route,CONNECTICUT AVE,EAST WEST HWY,Single Vehicle,Rain,Wet,Dark - Lighted,Traffic Control Signal,"Not Suspect of Alcohol Use, Not Suspect of Drug Use",No,No Apparent Injury,Not Distracted,MD,Passenger Car,25,2007,TOYOTA,CAMRY
MCP93860054,170544269,Montgomery County Police,Property Damage Crash,11/22/2017 09:00:00 AM,County,ROBISON RD,HONEYBEE LA,SINGLE VEHICLE,CLEAR,DRY,DAYLIGHT,NO CONTROLS,NONE DETECTED,Yes,NO APPARENT INJURY,UNKNOWN,MD,SCHOOL BUS,25,2013,THOMAS,BUS
MCP2973005W,220029636,Montgomery County Police,Injury Crash,07-10-22 17:14,County,MAY ST,HOLDRIDGE RD,STRAIGHT MOVEMENT ANGLE,CLEAR,DRY,DAYLIGHT,STOP SIGN,NONE DETECTED,No,POSSIBLE INJURY,NOT DISTRACTED,MD,PASSENGER CAR,25,2008,FORD,PICKUP
MCP93860081,210000693,Montgomery County Police,Property Damage Crash,01-06-21 14:05,Maryland (State),ROCKVILLE PIKE,POOKS HILL RD,SAME DIR REAR END,CLOUDY,DRY,DAYLIGHT,TRAFFIC SIGNAL,NONE DETECTED,No,NO APPARENT INJURY,NOT DISTRACTED,MD,PASSENGER CAR,35,2014,NISSAN,ROGUE
MCP25260016,170523049,Montgomery County Police,Property Damage Crash,08-04-17 19:14,Maryland (State),SENECA RD,ESWORTHY RD,SAME DIR REAR END,CLEAR,DRY,DAYLIGHT,NO CONTROLS,NONE DETECTED,No,NO APPARENT INJURY,NOT DISTRACTED,MD,(SPORT) UTILITY VEHICLE,30,2014,CHEVROLET,SUBURBAN
MCP3407000T,250004368,MONTGOMERY,Injury Crash,01/30/2025 02:38:00 PM,Maryland (State) Route,RIDGE RD,,Front to Front,Clear,Dry,Daylight,No Controls,"Not Suspect of Alcohol Use, Not Suspect of Drug Use",No,No Apparent Injury,Not Distracted,MD,Passenger Car,40,2004,ACURA,TSX
MCP24870024,210025559,Montgomery County Police,Property Damage Crash,07-03-21 13:20,County,SCHAEFFER RD,WHITE GROUNDS RD,SINGLE VEHICLE,CLEAR,DRY,DAYLIGHT,NO CONTROLS,NONE DETECTED,Yes,NO APPARENT INJURY,NOT DISTRACTED,MD,(SPORT) UTILITY VEHICLE,25,2019,FORD,ESCAPE
MCP1205000V,15001033,Montgomery County Police,Property Damage Crash,01-07-15 11:29,Maryland (State),EAST WEST HWY,SUNDALE DR,SAME DIRECTION RIGHT TURN,CLEAR,WET,DAYLIGHT,TRAFFIC SIGNAL,NONE DETECTED,Yes,NO APPARENT INJURY,NOT DISTRACTED,MD,PASSENGER CAR,35,2006,VOLKSWAGON,JETTA
EJ78870067,250050779,GAITHERSBURG,Property Damage Crash,11-12-25 12:30,,,,Other,Clear,,Daylight,,"Unknown, Unknown",No,,,,,0,0,,
MCP10640096,190030816,Montgomery County Police,Injury Crash,06/28/2019 11:39:00 AM,Maryland (State),UNIVERSITY BLVD E,BUCKINGHAM DR,SAME DIRECTION LEFT TURN,CLEAR,DRY,DAYLIGHT,TRAFFIC SIGNAL,,No,POSSIBLE INJURY,NOT DISTRACTED,MD,PASSENGER CAR,35,2009,PONT,4S G8
MCP25860028,16053853,Montgomery County Police,Property Damage Crash,10/19/2016 05:53:00 PM,US (State),COLUMBIA PIKE,BEGIN BRIDGE,SAME DIR REAR END,CLEAR,DRY,DAYLIGHT,NO CONTROLS,NONE DETECTED,No,NO APPARENT INJURY,NOT DISTRACTED,MD,PASSENGER CAR,55,2015,MAZDA,SIX
MCP32630056,250038612,MONTGOMERY,Property Damage Crash,08/29/2025 07:19:00 AM,Maryland (State) Route,RIVER RD (WB/L),,Angle,Clear,Dry,Daylight,No Controls,"Not Suspect of Alcohol Use, Not Suspect of Drug Use",No,No Apparent Injury,Unknown,MD,Other Trucks,35,2018,MACK,GU (GRANITE)
DM8451000X,16036773,Takoma Park Police Depart,Property Damage Crash,07/20/2016 05:49:00 PM,Municipality,KENNEWICK AVE,ANNE AVE,HEAD ON LEFT TURN,CLEAR,DRY,DAYLIGHT,NO CONTROLS,,No,NO APPARENT INJURY,NOT DISTRACTED,MD,PASSENGER CAR,25,2001,HOND,2S
MCP31230088,250030695,MONTGOMERY,Injury Crash,07-10-25 11:25,Other Public Roadway,HENDERSON CORNER RD,RIDGE RD,Angle,Cloudy,Dry,Daylight,Traffic Control Signal,"Not Suspect of Alcohol Use, Not Suspect of Drug Use",Yes,Suspected Minor Injury,Unknown,MD,Passenger Car,35,2016,NISSAN,ALTIMA
EJ7856006X,190029637,Gaithersburg Police Depar,Property Damage Crash,06/21/2019 10:42:00 AM,,,,OTHER,CLOUDY,,DAYLIGHT,,,No,NO APPARENT INJURY,NOT DISTRACTED,MD,PASSENGER CAR,15,1999,TOYT,4S
MCP2653000Z,16037408,Montgomery County Police,Property Damage Crash,07/24/2016 01:05:00 AM,Maryland (State),NEW HAMPSHIRE AVE,OAKVIEW DR,SAME DIR REAR END,CLEAR,DRY,DARK LIGHTS ON,TRAFFIC SIGNAL,ALCOHOL CONTRIBUTED,Yes,NO APPARENT INJURY,UNKNOWN,MD,PASSENGER CAR,40,2005,LINCOLN,NAVIGATOR
MCP2556002L,190006300,Montgomery County Police,Injury Crash,02-08-19 16:46,Maryland (State),FREDERICK RD,WATKINS MILL RD,SAME DIR REAR END,CLEAR,DRY,DAYLIGHT,TRAFFIC SIGNAL,NONE DETECTED,Yes,POSSIBLE INJURY,UNKNOWN,MD,PASSENGER CAR,40,2001,TOYOTA,CAMRY
MCP271700QN,190046857,Montgomery County Police,Injury Crash,09/30/2019 02:30:00 PM,Maryland (State),CONNECTICUT AVE,FRANKLIN ST,STRAIGHT MOVEMENT ANGLE,CLEAR,WET,DAYLIGHT,STOP SIGN,NONE DETECTED,Yes,NO APPARENT INJURY,LOOKED BUT DID NOT SEE,MD,PASSENGER CAR,40,2019,SUBARU,4S
DD5624002S,190029348,Rockville Police Departme,Property Damage Crash,06/19/2019 02:30:00 PM,Maryland (State),ROCKVILLE PIKE,EDMONSTON DR,SAME DIRECTION SIDESWIPE,CLEAR,DRY,DAYLIGHT,NO CONTROLS,UNKNOWN,Unknown,NO APPARENT INJURY,UNKNOWN,MD,PASSENGER CAR,35,2015,SCION,2H
DM84520008,15019618,Takoma Park Police Depart,Property Damage Crash,04/25/2015 11:55:00 PM,,,,STRAIGHT MOVEMENT ANGLE,RAINING,,DARK LIGHTS ON,,UNKNOWN,Yes,NO APPARENT INJURY,UNKNOWN,,PASSENGER CAR,5,2205,ACURA,4S
MCP3412000X,240057004,MONTGOMERY,Injury Crash,11/27/2024 06:09:00 PM,County Route,CLARIDGE RD,,Angle,Clear,Dry,Dark - Lighted,Traffic Control Signal,"Not Suspect of Alcohol Use, Not Suspect of Drug Use",Yes,Suspected Minor Injury,"Other Action (looking away from task, etc.)",MD,Passenger Car,35,2012,HONDA,CIVIC
MCP9386007H,200022263,Montgomery County Police,Property Damage Crash,06-06-20 9:20,,,,OPPOSITE DIRECTION SIDESWIPE,CLEAR,,DAYLIGHT,NO CONTROLS,UNKNOWN,Yes,NO APPARENT INJURY,UNKNOWN,,PASSENGER CAR,15,2011,HONDA,ACCORD
MCP33190010,220021906,Montgomery County Police,Injury Crash,05/23/2022 08:50:00 AM,County,WAYNE AVE,RAMSEY AVE,SAME DIRECTION LEFT TURN,CLEAR,DRY,DAYLIGHT,,,No,POSSIBLE INJURY,NOT DISTRACTED,DC,PASSENGER CAR,30,2015,HONDA,CIVIC
MCP3051008J,250023203,MONTGOMERY,Injury Crash,05/25/2025 03:50:00 PM,Government Route,CLARA BARTON PKWY (NB/L),,"Sideswipe, Same Direction",Clear,Dry,Daylight,Yield Sign,"Not Suspect of Alcohol Use, Not Suspect of Drug Use",No,Suspected Minor Injury,Not Distracted,KY,Passenger Car,35,2013,CHEVROLET,MALIBU
MCP2961000Z,16025320,Montgomery County Police,Property Damage Crash,05/21/2016 04:00:00 PM,Maryland (State),UNIVERSITY BLVD W,ARCOLA AVE,SAME DIR REAR END,RAINING,WET,DAYLIGHT,TRAFFIC SIGNAL,NONE DETECTED,Yes,NO APPARENT INJURY,UNKNOWN,MD,PASSENGER CAR,40,2011,NISSAN,ALTIMA
MCP2641004R,240054492,MONTGOMERY,Injury Crash,11/13/2024 11:42:00 AM,Maryland (State) Route,GEORGIA AVE (SB/L),WELLER RD,Angle,Clear,Dry,Daylight,No Controls,"Not Suspect of Alcohol Use, Not Suspect of Drug Use",No,Possible Injury,Not Distracted,MD,Pickup,35,2017,FORD,F-150
MCP30480076,210040586,Montgomery County Police,Property Damage Crash,10-11-21 8:35,County,PARKLAWN DR,RANDOLPH RD,SAME DIR REAR END,CLOUDY,DRY,DAYLIGHT,NO CONTROLS,,Yes,NO APPARENT INJURY,NOT DISTRACTED,MD,PASSENGER CAR,30,2002,NISSAN,PATHFINDER
DD5612005X,240047007,ROCKVILLE,Property Damage Crash,10-02-24 11:50,Municipality Route,WOOTTON PKWY (EB/L),,Single Vehicle,Rain,Wet,Daylight,No Controls,"Not Suspect of Alcohol Use, Not Suspect of Drug Use",Yes,No Apparent Injury,Not Distracted,MD,Other Trucks,30,2017,MACK,GU (GRANITE)
MCP29710046,180049879,Montgomery County Police,Property Damage Crash,10-05-18 15:50,,,,SINGLE VEHICLE,CLEAR,,DAYLIGHT,NO CONTROLS,NONE DETECTED,Yes,NO APPARENT INJURY,NOT DISTRACTED,MD,POLICE VEHICLE/NON EMERGENCY,5,2014,DODGE,CHARGER
MCP3037000N,17012448,Montgomery County Police,Property Damage Crash,03-09-17 16:04,Maryland (State),RIDGE RD,VALLEY PARK DR,ANGLE MEETS LEFT TURN,CLEAR,DRY,DAYLIGHT,STOP SIGN,NONE DETECTED,No,NO APPARENT INJURY,NOT DISTRACTED,MD,PASSENGER CAR,30,2003,FORD,FOCUS
MCP22280016,220025403,Montgomery County Police,Injury Crash,06/13/2022 02:50:00 PM,County,SHADY GROVE RD,MUNCASTER MILL RD,SAME DIR REAR END,CLEAR,DRY,DAYLIGHT,TRAFFIC SIGNAL,NONE DETECTED,Yes,NO APPARENT INJURY,UNKNOWN,MD,"CARGO VAN/LIGHT TRUCK 2 AXLES (OVER 10,000LBS (4,536 KG))",40,2022,INTERNATIONAL,CENTURY
MCP26030056,230031553,Montgomery County Police,Injury Crash,07-02-23 9:56,County,GOSHEN RD,STEWARTOWN RD,ANGLE MEETS LEFT HEAD ON,CLEAR,DRY,DAYLIGHT,NO CONTROLS,,Yes,NO APPARENT INJURY,INATTENTIVE OR LOST IN THOUGHT,MD,PASSENGER CAR,35,2015,TOYT,4S
MCP3080004H,240017240,MONTGOMERY,Property Damage Crash,04/13/2024 08:04:00 PM,Maryland (State) Route,GREAT SENECA HWY (SB/L),,Front to Rear,Clear,Dry,Dark - Lighted,Traffic Control Signal,"Suspect of Alcohol Use, Not Suspect of Drug Use",No,No Apparent Injury,Unknown,MD,All-Terrain Vehicle/All-Terrain Cycle (ATV/ATC),40,2017,SUBARU,OUTBACK
MCP2031001T,190010078,Montgomery County Police,Property Damage Crash,03-04-19 12:17,County,JARL DR,JONNIE LA,SINGLE VEHICLE,CLEAR,DRY,DAYLIGHT,NO CONTROLS,NONE DETECTED,Yes,NO APPARENT INJURY,NOT DISTRACTED,MD,SCHOOL BUS,25,2019,THMS,BU
MCP1323000F,16056898,Montgomery County Police,Injury Crash,11-04-16 14:48,US (State),COLESVILLE RD,N NOYES DR,SAME DIR REAR END,CLEAR,DRY,DAYLIGHT,NO CONTROLS,NONE DETECTED,Yes,SUSPECTED MINOR INJURY,INATTENTIVE OR LOST IN THOUGHT,MD,PASSENGER CAR,35,2016,HONDA,CIVIC
MCP30380067,230027017,Montgomery County Police,Property Damage Crash,06-05-23 16:31,,,,SAME DIR REAR END,CLEAR,,DAYLIGHT,NO CONTROLS,NONE DETECTED,Yes,NO APPARENT INJURY,LOOKED BUT DID NOT SEE,MD,SCHOOL BUS,0,2021,THOMAS,FREIGHTLINER
MCP2239002F,220053220,Montgomery County Police,Property Damage Crash,12-02-22 13:16,County,SHADY GROVE RD,RAMP 6 FR SHADY GROVE RD EB TO IS 270 SB,OTHER,CLEAR,DRY,DAYLIGHT,TRAFFIC SIGNAL,NONE DETECTED,Yes,NO APPARENT INJURY,LOOKED BUT DID NOT SEE,MD,PASSENGER CAR,35,2003,LINCOLN,4S