Report Number,Local Case Number,Agency Name,ACRS Report Type,Crash Date/Time,Route Type,Road Name,Cross-Street Name,Collision Type,Weather,Surface Condition,Light,Traffic Control,Driver Substance Abuse,Driver At Fault,Injury Severity,Driver Distracted By,Drivers License State,Vehicle Body Type,Speed Limit,Vehicle Year,Vehicle Make,Vehicle Model
MCP32180019,210007408,Montgomery County Police,Property Damage Crash,02/26/2021 06:25:00 PM,County,RANDOLPH RD,DENLEY RD,HEAD ON,CLEAR,DRY,DARK LIGHTS ON,STOP SIGN,NONE DETECTED,Yes,NO APPARENT INJURY,LOOKED BUT DID NOT SEE,MD,PASSENGER CAR,25,2017,GMC,TERRAIN
MCP2559001N,17009956,Montgomery County Police,Property Damage Crash,02/24/2017 08:02:00 AM,,,,OTHER,CLEAR,,DAYLIGHT,,,Yes,NO APPARENT INJURY,UNKNOWN,MD,PASSENGER CAR,25,2015,HYUN,TUCSON
MCP2986000X,16035594,Montgomery County Police,Property Damage Crash,07/14/2016 08:00:00 AM,Maryland (State),GEORGIA AVE,SEMINARY RD,SAME DIR REAR END,CLEAR,DRY,DAYLIGHT,TRAFFIC SIGNAL,NONE DETECTED,No,NO APPARENT INJURY,NOT DISTRACTED,MD,PASSENGER CAR,35,2005,SUBARU,LEGACY
MCP27560010,15056392,MONTGOMERY,Property Damage Crash,11-05-15 15:12,Maryland (State),UNIVERSITY BLVD W,CADDINGTON AVE,SAME DIR REAR END,CLEAR,DRY,DAYLIGHT,TRAFFIC SIGNAL,NONE DETECTED,No,NO APPARENT INJURY,NOT DISTRACTED,MD,PASSENGER CAR,40,2014,BUICK,LACROSSE
MCP16190012,15031004,Montgomery County Police,Property Damage Crash,06/25/2015 12:32:00 PM,Maryland (State),CONNECTICUT AVE,EAST WEST HWY,SAME DIR REAR END,CLEAR,DRY,DAYLIGHT,TRAFFIC SIGNAL,NONE DETECTED,No,NO APPARENT INJURY,NOT DISTRACTED,MD,PASSENGER CAR,30,2012,JEEP,4X4
MCP3402000D,240004372,MONTGOMERY,Property Damage Crash,01/27/2024 07:56:00 PM,Maryland (State) Route,PINEY BRANCH RD,,"Sideswipe, Same Direction",Clear,Dry,Dark - Lighted,No Controls,"Not Suspect of Alcohol Use, Not Suspect of Drug Use",Yes,No Apparent Injury,Unknown,DE,Passenger Car,40,2017,HONDA,ACCORD
MCP2934000Z,15053578,MONTGOMERY,Property Damage Crash,10/22/2015 09:58:00 AM,Maryland (State),RIVER RD,WILSON LA,SAME DIR REAR END,CLEAR,DRY,DAYLIGHT,TRAFFIC SIGNAL,NONE DETECTED,Yes,NO APPARENT INJURY,LOOKED BUT DID NOT SEE,CA,PASSENGER CAR,45,2010,LAND ROVER,LR2
MCP10220068,17005574,Montgomery County Police,Property Damage Crash,02-01-17 10:17,,,,OTHER,CLOUDY,,DAYLIGHT,NO CONTROLS,NONE DETECTED,Yes,NO APPARENT INJURY,LOOKED BUT DID NOT SEE,MD,PASSENGER CAR,25,2006,TOYOTA,TC
EJ78460056,200019669,Gaithersburg Police Depar,Property Damage Crash,05/16/2020 11:30:00 AM,Maryland (State),QUINCE ORCHARD RD,FIRSTFIELD RD,STRAIGHT MOVEMENT ANGLE,CLEAR,DRY,DAYLIGHT,STOP SIGN,UNKNOWN,Yes,NO APPARENT INJURY,UNKNOWN,,PASSENGER CAR,35,1998,TOYOTA,COROLLA
MCP3243001J,230016960,Montgomery County Police,Property Damage Crash,04-09-23 17:53,Maryland (State),MONTGOMERY AVE,WAVERLY ST,SAME DIRECTION LEFT TURN,CLEAR,DRY,DAYLIGHT,TRAFFIC SIGNAL,NONE DETECTED,Yes,NO APPARENT INJURY,NOT DISTRACTED,MD,(SPORT) UTILITY VEHICLE,20,2021,TOYTA,RAV4
MCP3307002X,250022616,MONTGOMERY,Property Damage Crash,05/22/2025 06:33:00 AM,County Route,GRAND PRE RD,,Front to Front,Rain,Wet,Daylight,No Controls,"Not Suspect of Alcohol Use, Not Suspect of Drug Use",No,No Apparent Injury,Not Distracted,MD,Sport Utility Vehicle,25,2024,TOYOTA,COROLLA CROSS
MCP2513001C,190027158,Montgomery County Police,Injury Crash,06-06-19 23:15,Maryland (State),NEW HAMPSHIRE AVE,NORTHAMPTON DR,SAME DIR REAR END,CLEAR,DRY,DARK LIGHTS ON,TRAFFIC SIGNAL,NONE DETECTED,No,SUSPECTED MINOR INJURY,NOT DISTRACTED,MD,PASSENGER CAR,40,2010,HONDA,CIVIC
DD56860005,250001239,ROCKVILLE,Property Damage Crash,01-10-25 9:21,,,,Other,Clear,,Daylight,,"Unknown, Not Suspect of Drug Use",No,No Apparent Injury,Unknown,MD,Sport Utility Vehicle,0,2001,DODGE,NEON
MCP30900073,230051408,Montgomery County Police,Property Damage Crash,08/26/2023 02:20:00 AM,Municipality,TEACHERS WAY,GIRARD ST,HEAD ON,CLEAR,DRY,DARK LIGHTS ON,,,Yes,NO APPARENT INJURY,INATTENTIVE OR LOST IN THOUGHT,MD,PASSENGER CAR,25,2020,TOYOTA,COROLLA
MCP31680056,230004648,Montgomery County Police,Property Damage Crash,01/28/2023 06:07:00 PM,County,SOUTHLAWN LA,SOUTHLAWN CT,STRAIGHT MOVEMENT ANGLE,CLEAR,DRY,DARK NO LIGHTS,NO CONTROLS,NONE DETECTED,Yes,NO APPARENT INJURY,LOOKED BUT DID NOT SEE,MD,(SPORT) UTILITY VEHICLE,35,2012,TOYOTA,HIGHLANDER
MCP30420038,210029201,Montgomery County Police,Property Damage Crash,07/28/2021 05:42:00 AM,,,,SAME DIRECTION SIDESWIPE,CLEAR,,DAWN,NO CONTROLS,NONE DETECTED,Yes,NO APPARENT INJURY,LOOKED BUT DID NOT SEE,MD,PASSENGER CAR,10,2016,ACUR,SD
MCP2952002M,16058525,Montgomery County Police,Property Damage Crash,11/13/2016 01:42:00 PM,Maryland (State),16TH ST,EAST WEST HWY,SAME DIR REAR END,CLEAR,DRY,DAYLIGHT,TRAFFIC SIGNAL,NONE DETECTED,Yes,NO APPARENT INJURY,NOT DISTRACTED,DC,PASSENGER CAR,35,2005,BUICK,LESABRE
MCP3055001T,180056034,Montgomery County Police,Injury Crash,11-08-18 7:30,County,RANDOLPH RD,GLENMONT CIR #1,OTHER,CLEAR,DRY,DAYLIGHT,TRAFFIC SIGNAL,,Yes,NO APPARENT INJURY,LOOKED BUT DID NOT SEE,MD,PASSENGER CAR,35,2001,VOLVO,4S
MCP229800PJ,190048328,Montgomery County Police,Injury Crash,10-08-19 15:14,Maryland (State),UNIVERSITY BLVD E,COLESVILLE RD,SAME DIR REAR END,CLOUDY,DRY,DAYLIGHT,NO CONTROLS,NONE DETECTED,No,POSSIBLE INJURY,NOT DISTRACTED,SC,PASSENGER CAR,15,2011,TOYOTA,COROLLA
MCP15500013,15017347,Montgomery County Police,Injury Crash,04/14/2015 04:30:00 PM,Maryland (State),CONNECTICUT AVE,SAUL RD,SAME DIR REAR END,RAINING,WET,DAYLIGHT,NO CONTROLS,NONE DETECTED,Yes,NO APPARENT INJURY,NOT DISTRACTED,MD,(SPORT) UTILITY VEHICLE,35,2004,TOYOTA,SEQUOIA
DD5650001C,220009976,Rockville Police Departme,Injury Crash,03-07-22 18:20,Municipality,N STONESTREET AVE,SPRING AVE,OTHER,UNKNOWN,UNKNOWN,DUSK,NO CONTROLS,UNKNOWN,Unknown,NO APPARENT INJURY,UNKNOWN,,,25,0,UNKNOWN,UNKNOWN
MCP3285000P,210010946,Montgomery County Police,Property Damage Crash,03/23/2021 02:38:00 PM,Maryland (State),FREDERICK RD,SHAKESPEARE BLVD,HEAD ON LEFT TURN,CLEAR,DRY,DAYLIGHT,TRAFFIC SIGNAL,,No,NO APPARENT INJURY,NOT DISTRACTED,MD,PASSENGER CAR,45,2013,HYUN,4S
MCP22980108,220027692,Montgomery County Police,Injury Crash,06/27/2022 05:44:00 PM,Maryland (State),FREDERICK ROAD,CLARKSBURG SQUARE RD,ANGLE MEETS LEFT TURN,CLEAR,DRY,DAYLIGHT,STOP SIGN,NONE DETECTED,Yes,NO APPARENT INJURY,LOOKED BUT DID NOT SEE,MD,(SPORT) UTILITY VEHICLE,30,2021,TOYT,RAV4
MCP29160019,16016059,Montgomery County Police,Injury Crash,04-02-16 6:57,County,CHERRY HILL RD,CALVERTON BLVD,SAME DIR REAR END,RAINING,WET,DAWN,NO CONTROLS,NONE DETECTED,No,NO APPARENT INJURY,NOT DISTRACTED,MD,PASSENGER CAR,35,2012,TOYOTA,CAMRY
MCP285900BY,220014023,Montgomery County Police,Injury Crash,04-02-22 10:50,County,MONTGOMERY VILLAGE AVE,WHETSTONE DR,OTHER,CLEAR,DRY,DAYLIGHT,WARNING SIGN,NONE DETECTED,Yes,NO APPARENT INJURY,UNKNOWN,MD,PASSENGER CAR,35,2015,JEEP,GRAND CHEROKEE
DD5644002K,220015363,Rockville Police Departme,Property Damage Crash,04-11-22 14:30,Maryland (State),FIRST ST,VEIRS MILL RD,SAME DIRECTION SIDESWIPE,CLEAR,DRY,DAYLIGHT,TRAFFIC SIGNAL,NONE DETECTED,No,NO APPARENT INJURY,NOT DISTRACTED,MD,PICKUP TRUCK,35,2020,FORD,PK
MCP3377003H,250045815,MONTGOMERY,Property Damage Crash,10-12-25 4:45,County Route,,MIDCOUNTY HWY (SB/L),Front to Rear,Rain,Wet,Dark - Lighted,Traffic Control Signal,"Not Suspect of Alcohol Use, Not Suspect of Drug Use",Yes,No Apparent Injury,Not Distracted,MD,Passenger Car,50,2007,MERCEDES-BENZ,M-CLASS
MCP2686006V,240004672,MONTGOMERY,Property Damage Crash,01/29/2024 05:13:00 PM,Maryland (State) Route,GERMANTOWN RD (SB/L),,Front to Rear,Clear,Dry,Dark - Lighted,Traffic Control Signal,"Not Suspect of Alcohol Use, Not Suspect of Drug Use",No,No Apparent Injury,Not Distracted,MD,Bus - Transit,40,2014,GILLIG,CITY TRANSIT BUS
MCP2950000S,16008249,Montgomery County Police,Property Damage Crash,02/18/2016 10:44:00 PM,Maryland (State),FREDERICK RD,GERMANTOWN RD,STRAIGHT MOVEMENT ANGLE,CLEAR,DRY,DARK LIGHTS ON,TRAFFIC SIGNAL,NONE DETECTED,Yes,NO APPARENT INJURY,INATTENTIVE OR LOST IN THOUGHT,MD,PASSENGER CAR,45,2014,HONDA,ACCORD
MCP32920020,240003142,MONTGOMERY,Property Damage Crash,01/20/2024 10:13:00 PM,,,,Front to Rear,Cloudy,,Dark - Lighted,No Controls,"Not Suspect of Alcohol Use, Not Suspect of Drug Use",No,No Apparent Injury,Not Distracted,MD,Passenger Car,0,2020,TOYOTA,CAMRY
MCP1512002S,200008753,Montgomery County Police,Property Damage Crash,02/21/2020 06:27:00 PM,Maryland (State),GREAT SENECA HWY,KENTLANDS BLVD,SAME DIR REAR END,CLEAR,DRY,DARK LIGHTS ON,TRAFFIC SIGNAL,NONE DETECTED,No,NO APPARENT INJURY,NOT DISTRACTED,MD,PASSENGER CAR,50,2016,TOYOTA,HIGHLANDER
MCP3053006Y,230065165,Montgomery County Police,Property Damage Crash,11-08-23 15:01,County,SHOREFIELD RD,GEORGIA AVE,OTHER,CLEAR,DRY,DAYLIGHT,TRAFFIC SIGNAL,,Yes,NO APPARENT INJURY,NOT DISTRACTED,MD,PASSENGER CAR,30,2023,TESLA,4D
MCP3121000T,180022322,Montgomery County Police,Property Damage Crash,05-06-18 21:23,County,ODENDHAL AVE,CONTOUR RD,SAME DIR REAR END,CLEAR,DRY,DARK LIGHTS ON,NO CONTROLS,NONE DETECTED,No,NO APPARENT INJURY,NOT DISTRACTED,MD,PASSENGER CAR,35,2015,JEEP,TRUCK
MCP2330001F,170547087,Montgomery County Police,Property Damage Crash,12-07-17 1:14,Maryland (State),GEORGIA AVE,SHOREFIELD RD,OTHER,CLEAR,DRY,DARK LIGHTS ON,FLASHING TRAFFIC SIGNAL,NONE DETECTED,Yes,NO APPARENT INJURY,LOOKED BUT DID NOT SEE,VA,PASSENGER CAR,30,2014,NISSAN,SENTRA
MCP1465004J,190037955,Montgomery County Police,Injury Crash,08-09-19 8:50,Maryland (State),DARNESTOWN RD,BERRYVILLE RD,SAME DIR REAR END,CLEAR,DRY,DAYLIGHT,NO CONTROLS,NONE DETECTED,No,NO APPARENT INJURY,NOT DISTRACTED,MD,(SPORT) UTILITY VEHICLE,50,2014,FORD,ESCAPE
MCP2329001X,230019388,Montgomery County Police,Injury Crash,03/27/2023 09:30:00 AM,County,WATKINS MILL RD,STEDWICK RD,SAME DIR BOTH LEFT TURN,CLEAR,DRY,DAYLIGHT,TRAFFIC SIGNAL,NONE DETECTED,No,NO APPARENT INJURY,NOT DISTRACTED,MD,PASSENGER CAR,35,2021,TOYT,UT
MCP3093000Q,180038737,Montgomery County Police,Injury Crash,08-04-18 19:14,Maryland (State),RIVER RD,RAMP 8 FR RAMP 5 (FR IS495) TO MD 190 WB,STRAIGHT MOVEMENT ANGLE,,DRY,DAYLIGHT,TRAFFIC SIGNAL,,Yes,POSSIBLE INJURY,LOOKED BUT DID NOT SEE,MD,PASSENGER CAR,35,2010,TOYT,4S
MCP25860042,180024110,Montgomery County Police,Injury Crash,05/16/2018 06:35:00 PM,County,OLD COLUMBIA PIKE,BURTONSVILLE SCH ACCESS RD (AHEAD),OTHER,CLOUDY,DRY,DAYLIGHT,NO CONTROLS,NONE DETECTED,Yes,POSSIBLE INJURY,UNKNOWN,MD,(SPORT) UTILITY VEHICLE,40,2016,HONDA,CRV
MCP2356004S,250039584,MONTGOMERY,Injury Crash,09-04-25 6:19,Bicycle Route,,,Front to Rear,Clear,Dry,Daylight,No Controls,"Not Suspect of Alcohol Use, Not Suspect of Drug Use",No,No Apparent Injury,Not Distracted,MD,Passenger Car,40,2021,BMW,X3
MCP2934004W,220037580,Montgomery County Police,Property Damage Crash,08/30/2022 05:03:00 PM,Interstate (State),EISENHOWER MEMORIAL HWY,RAMP 4 FR IS 270 NB TO MONTROSE RD EB,SAME DIRECTION SIDESWIPE,RAINING,WET,DAYLIGHT,NO CONTROLS,UNKNOWN,Yes,NO APPARENT INJURY,UNKNOWN,,PICKUP TRUCK,55,2015,FORD,TK
MCP26890012,15045487,MONTGOMERY,Property Damage Crash,09-09-15 8:51,Maryland (State),VEIRS MILL RD,CLAGETT DR,STRAIGHT MOVEMENT ANGLE,CLOUDY,DRY,DAYLIGHT,STOP SIGN,NONE DETECTED,Yes,NO APPARENT INJURY,DISTRACTED BY OUTSIDE PERSON OBJECT OR EVENT,VA,PASSENGER CAR,40,2011,NISSAN,ROGUE
MCP2857002K,190012047,Montgomery County Police,Injury Crash,03/15/2019 06:26:00 PM,County,WASHINGTON GROVE LA,AMITY DR,STRAIGHT MOVEMENT ANGLE,CLEAR,DRY,DAYLIGHT,STOP SIGN,NONE DETECTED,Yes,NO APPARENT INJURY,LOOKED BUT DID NOT SEE,MD,VAN,25,2016,FORD,TRANSIT
MCP30650023,180042160,Montgomery County Police,Injury Crash,08/24/2018 09:30:00 AM,US (State),COLESVILLE RD,UNIVERSITY BLVD E,SAME DIR REAR END,CLEAR,DRY,DAYLIGHT,,NONE DETECTED,Yes,NO APPARENT INJURY,NOT DISTRACTED,MD,PASSENGER CAR,40,2014,MERZ,2H
MCP13540015,190017513,Montgomery County Police,Property Damage Crash,04/14/2019 09:57:00 PM,Maryland (State),FISHER AVE,TOM FOX AVE,SINGLE VEHICLE,RAINING,WET,DARK LIGHTS ON,,NONE DETECTED,Yes,NO APPARENT INJURY,UNKNOWN,MD,PASSENGER CAR,30,2004,PONT,G6
MCP3115005T,220011115,Montgomery County Police,Property Damage Crash,03/15/2022 12:00:00 PM,,,,STRAIGHT MOVEMENT ANGLE,CLEAR,,DAYLIGHT,,,No,NO APPARENT INJURY,NOT DISTRACTED,MD,PASSENGER CAR,20,2015,MITS,UT
MCP3400000R,240011977,MONTGOMERY,Property Damage Crash,03-12-24 19:20,Maryland (State) Route,NEW HAMPSHIRE AVE,,Front to Rear,Clear,Dry,Dark - Lighted,No Controls,"Not Suspect of Alcohol Use, Not Suspect of Drug Use",Yes,No Apparent Injury,Unknown,MD,Passenger Car,45,2003,ACURA,MDX
MCP27080077,210043850,Montgomery County Police,Property Damage Crash,10/29/2021 05:30:00 PM,,,,OTHER,RAINING,,DAYLIGHT,NO CONTROLS,,Yes,NO APPARENT INJURY,UNKNOWN,,VAN,15,2021,FORD,TRANSIT
MCP3035002X,210027448,Montgomery County Police,Property Damage Crash,07/16/2021 01:00:00 AM,Maryland (State),MUNCASTER MILL RD,WOODFIELD RD,SINGLE VEHICLE,CLEAR,DRY,DARK LIGHTS ON,TRAFFIC SIGNAL,NONE DETECTED,Yes,NO APPARENT INJURY,OTHER DISTRACTION,PA,POLICE VEHICLE/NON EMERGENCY,35,2014,FORD,EXPLORER
MCP2603005S,230065059,Montgomery County Police,Injury Crash,11-08-23 8:19,County,MONTGOMERY VILLAGE AVE,MIDCOUNTY HWY,SAME DIR BOTH LEFT TURN,,DRY,DAYLIGHT,TRAFFIC SIGNAL,,No,NO APPARENT INJURY,NOT DISTRACTED,PA,PASSENGER CAR,45,2022,JEEP,SUV
MCP3021001K,170537151,Montgomery County Police,Property Damage Crash,10/17/2017 11:00:00 AM,,,,OTHER,CLEAR,,DAYLIGHT,,,Yes,NO APPARENT INJURY,NOT DISTRACTED,FL,PASSENGER CAR,0,2015,TOYOTA,CAMRY
HA2372001D,23000770,Maryland-National Capital,Property Damage Crash,04/26/2023 11:05:00 AM,Maryland (State),BUCKLODGE RD,WHITES STORE RD,HEAD ON,CLEAR,DRY,DAYLIGHT,,NONE DETECTED,No,NO APPARENT INJURY,NOT DISTRACTED,MD,PICKUP TRUCK,40,2020,FORD,PK
DD56420005,190049935,Rockville Police Departme,Property Damage Crash,10/18/2019 07:17:00 AM,Maryland (State),ROCKVILLE PIKE,ENT TO WOODMONT COUNTRY CLUB,SAME DIR REAR END,CLEAR,DRY,DAWN,NO CONTROLS,,Yes,NO APPARENT INJURY,UNKNOWN,MD,PASSENGER CAR,45,2013,KIA,TK
MCP2891006F,180035734,Montgomery County Police,Property Damage Crash,07/19/2018 12:15:00 PM,US (State),COLESVILLE RD,SPRING ST,SAME DIRECTION SIDESWIPE,CLEAR,DRY,DAYLIGHT,,UNKNOWN,Yes,NO APPARENT INJURY,UNKNOWN,,,35,0,UNKNOWN,UNKNOWN
MCP2569000X,180015726,Montgomery County Police,Property Damage Crash,04-01-18 1:06,Maryland (State),CONNECTICUT AVE,EAST WEST HWY,STRAIGHT MOVEMENT ANGLE,CLEAR,DRY,DARK LIGHTS ON,TRAFFIC SIGNAL,NONE DETECTED,Yes,NO APPARENT INJURY,NOT DISTRACTED,MD,POLICE VEHICLE/EMERGENCY,35,2013,CHEVY,TAHOE
MCP33070021,220052005,Montgomery County Police,Property Damage Crash,11/24/2022 10:37:00 PM,Maryland (State),GEORGIA AVE,LAYHILL RD,STRAIGHT MOVEMENT ANGLE,CLEAR,DRY,DARK LIGHTS ON,TRAFFIC SIGNAL,NONE DETECTED,Yes,NO APPARENT INJURY,NOT DISTRACTED,XX,PASSENGER CAR,25,2016,KIA,OPTIMA
DM8388000C,15001102,Takoma Park Police Depart,Property Damage Crash,01-07-15 17:15,Maryland (State),CARROLL AVE,WILDWOOD DR,SINGLE VEHICLE,SNOW,SNOW,DARK LIGHTS ON,OTHER,NONE DETECTED,Yes,NO APPARENT INJURY,NOT DISTRACTED,MD,PASSENGER CAR,25,2009,HONDA,ACCORD
MCP3123007Y,250011824,MONTGOMERY,Injury Crash,03/18/2025 11:19:00 AM,Local Route,PERRY AVE,CONNECTICUT AVE (SB/L),Other,Clear,Dry,Daylight,Traffic Control Signal,"Not Suspect of Alcohol Use, Not Suspect of Drug Use",Yes,Possible Injury,Unknown,DC,Passenger Car,40,2014,HONDA,CIVIC
MCP23530037,16061190,Montgomery County Police,Injury Crash,11/29/2016 09:41:00 AM,Interstate (State),CAPITAL BELTWAY,RIVER RD,SINGLE VEHICLE,RAINING,WET,DAYLIGHT,NO CONTROLS,NONE DETECTED,Yes,SUSPECTED MINOR INJURY,UNKNOWN,VA,"OTHER LIGHT TRUCKS (10,000LBS (4,536KG) OR LESS)",55,2001,FORD,EXPLORER
MCP2726001J,16050102,Montgomery County Police,Property Damage Crash,09/29/2016 01:28:00 PM,Maryland (State),ROCKVILLE PIKE,ENT TO TOWNE PLAZA,SAME DIR REAR END,RAINING,WET,DAYLIGHT,TRAFFIC SIGNAL,,No,NO APPARENT INJURY,NOT DISTRACTED,MD,PASSENGER CAR,40,2015,FORD,EDGE
MCP3073005N,210050233,Montgomery County Police,Property Damage Crash,12-10-21 17:24,Maryland (State),GEORGIA AVE,HEWITT AVE,SAME DIR REAR END,,,DARK LIGHTS ON,,NONE DETECTED,Yes,NO APPARENT INJURY,UNKNOWN,MD,PASSENGER CAR,35,2003,MERC,SD
MCP1148000S,15016399,Montgomery County Police,Property Damage Crash,04-09-15 8:35,County,MONTGOMERY LA,EAST LA,STRAIGHT MOVEMENT ANGLE,RAINING,WET,DAYLIGHT,TRAFFIC SIGNAL,NONE DETECTED,Yes,NO APPARENT INJURY,NOT DISTRACTED,MD,(SPORT) UTILITY VEHICLE,25,2007,HOND,TK
MCP33170045,250052916,MONTGOMERY,Property Damage Crash,11/25/2025 04:34:00 PM,County Route,HAMMONTON PL,RANDOLPH RD,Front to Rear,Rain,Wet,Dusk,Stop Sign,"Not Suspect of Alcohol Use, Not Suspect of Drug Use",No,No Apparent Injury,Not Distracted,MD,Sport Utility Vehicle,45,2019,JEEP,COMPASS
MCP2358002N,17000117,Montgomery County Police,Injury Crash,01-01-17 15:18,Maryland (State),WILSON LA,RIVER RD,STRAIGHT MOVEMENT ANGLE,CLEAR,DRY,DAYLIGHT,TRAFFIC SIGNAL,NONE DETECTED,Yes,POSSIBLE INJURY,NOT DISTRACTED,MD,PASSENGER CAR,35,2004,AUDI,A4
MCP1123002J,190005456,Montgomery County Police,Property Damage Crash,02-04-19 8:51,Maryland (State),GEORGIA AVE,OLNEY SANDY SPRING RD,SAME DIR REAR END,OTHER,WET,DAYLIGHT,TRAFFIC SIGNAL,NONE DETECTED,Yes,NO APPARENT INJURY,NOT DISTRACTED,MD,PASSENGER CAR,30,2007,TOYT,RAV4
MCP15630044,170525763,Montgomery County Police,Injury Crash,08/19/2017 06:56:00 PM,Maryland (State),EAST WEST HWY,CAREY LA,HEAD ON LEFT TURN,CLEAR,DRY,DAYLIGHT,NO CONTROLS,NONE DETECTED,No,POSSIBLE INJURY,NOT DISTRACTED,MD,PASSENGER CAR,35,2015,MERCEDES,E350
EJ77470023,16034886,Gaithersburg Police Depar,Property Damage Crash,07-10-16 4:22,Interstate (State),EISENHOWER MEMORIAL HWY,RAMP 3 FR IS 370 EB TO IS 270 NB,SINGLE VEHICLE,CLEAR,DRY,DARK LIGHTS ON,OTHER,NONE DETECTED,Yes,NO APPARENT INJURY,UNKNOWN,MD,PASSENGER CAR,55,2007,TOYOTA,CAMRY
MCP2682000H,16015156,Montgomery County Police,Injury Crash,03/28/2016 02:27:00 PM,County,WATKINS MILL RD,APPLE RIDGE RD,HEAD ON,CLEAR,DRY,DAYLIGHT,TRAFFIC SIGNAL,NONE DETECTED,No,NO APPARENT INJURY,NOT DISTRACTED,MD,PASSENGER CAR,35,2007,CHRYSTLER,4S
MCP2377000R,16033411,Montgomery County Police,Property Damage Crash,07-01-16 21:52,Maryland (State),FREDERICK RD,ODENDHAL AVE,STRAIGHT MOVEMENT ANGLE,CLEAR,DRY,DARK LIGHTS ON,NO CONTROLS,NONE DETECTED,Yes,NO APPARENT INJURY,NOT DISTRACTED,MD,(SPORT) UTILITY VEHICLE,30,2010,TOYT,RAV 4
MCP15500014,15017817,Montgomery County Police,Property Damage Crash,04/16/2015 07:06:00 PM,County,PARKLAWN DR,BOILING BROOK PKWY,SAME DIRECTION SIDESWIPE,CLEAR,DRY,DAYLIGHT,NO CONTROLS,NONE DETECTED,Yes,NO APPARENT INJURY,NOT DISTRACTED,MD,PASSENGER CAR,30,2013,HONDA,CIVIC
MCP296200BC,250035273,MONTGOMERY,Injury Crash,08-08-25 7:01,County Route,,,Angle,Clear,Dry,Daylight,No Controls,"Not Suspect of Alcohol Use, Not Suspect of Drug Use",Yes,Suspected Minor Injury,Not Distracted,MD,Passenger Car,35,2015,LEXUS,IS
MCP3075004V,250014921,MONTGOMERY,Property Damage Crash,04-05-25 22:16,Maryland (State) Route,,,"Sideswipe, Same Direction",Clear,Dry,Dark - Lighted,No Controls,"Unknown, Unknown",No,,,,Passenger Car,35,2015,HONDA,ACCORD
MCP3052003X,240038287,MONTGOMERY,Property Damage Crash,08/13/2024 06:44:00 PM,Maryland (State) Route,,,Front to Rear,Unknown,,Daylight,No Controls,"Not Suspect of Alcohol Use, Not Suspect of Drug Use",No,No Apparent Injury,Unknown,MD,Passenger Car,35,2012,JEEP,PATRIOT
MCP3126005K,240027633,MONTGOMERY,Property Damage Crash,06-10-24 16:25,County Route,ARISTA MANOR WAY,,Rear To Side,Clear,Dry,Daylight,No Controls,"Not Suspect of Alcohol Use, Not Suspect of Drug Use",Yes,No Apparent Injury,Unknown,MD,Passenger Car,25,2015,HONDA,ACCORD
MCP3137000F,180044791,Montgomery County Police,Injury Crash,09-07-18 18:54,US (State),COLUMBIA PIKE,FAIRLAND RD,SAME DIR REAR END,RAINING,WET,DUSK,TRAFFIC SIGNAL,NONE DETECTED,No,SUSPECTED MINOR INJURY,NOT DISTRACTED,MD,VAN,50,2007,HONDA,ODDYSSEY
MCP3105005H,240028829,MONTGOMERY,Injury Crash,06/17/2024 04:08:00 PM,Maryland (State) Route,WOODFIELD RD,,Front to Rear,Clear,Dry,Daylight,No Controls,"Not Suspect of Alcohol Use, Not Suspect of Drug Use",No,No Apparent Injury,Not Distracted,MD,Sport Utility Vehicle,50,2022,KIA,SORENTO
MCP291700C4,230031281,Montgomery County Police,Property Damage Crash,06/30/2023 03:47:00 PM,Maryland (State),GEORGIA AVE,KING WILLIAM DR,SAME DIR REAR END,RAINING,WET,DAYLIGHT,NO CONTROLS,NONE DETECTED,No,NO APPARENT INJURY,NOT DISTRACTED,MD,PASSENGER CAR,45,2014,NISSAN,ROGUE
MCP3290001N,220034822,Montgomery County Police,Property Damage Crash,08/14/2022 06:25:00 AM,Maryland (State),COLESVILLE RD,R/R CSX & METRO - STRUC OVERHEAD,SAME DIRECTION LEFT TURN,CLEAR,DRY,DAYLIGHT,TRAFFIC SIGNAL,NONE DETECTED,Yes,NO APPARENT INJURY,UNKNOWN,MD,PASSENGER CAR,35,2008,JEEP,4 DR
MCP137800GK,170503875,Montgomery County Police,Injury Crash,04/24/2017 12:05:00 PM,Municipality,ODENDHAL AVE,RUSSELL AVE,SAME DIR REAR END,CLOUDY,DRY,DAYLIGHT,TRAFFIC SIGNAL,NONE DETECTED,No,POSSIBLE INJURY,NOT DISTRACTED,MD,PASSENGER CAR,30,2016,HYUNDAI,ELANTRA
DD5611001D,16022947,Rockville Police Departme,Property Damage Crash,05-09-16 9:34,Municipality,WOOTTON PKWY,W EDMONSTON DR,HEAD ON LEFT TURN,CLEAR,DRY,DAYLIGHT,TRAFFIC SIGNAL,NONE DETECTED,No,NO APPARENT INJURY,NOT DISTRACTED,MD,PASSENGER CAR,35,2015,TOYT,SIENNA