Report Number,Local Case Number,Agency Name,ACRS Report Type,Crash Date/Time,Route Type,Road Name,Cross-Street Name,Collision Type,Weather,Surface Condition,Light,Traffic Control,Driver Substance Abuse,Driver At Fault,Injury Severity,Driver Distracted By,Drivers License State,Vehicle Body Type,Speed Limit,Vehicle Year,Vehicle Make,Vehicle Model
MCP3123000D,180011789,Montgomery County Police,Injury Crash,03-08-18 16:28,County,SEVEN LOCKS RD,CODDLE HARBOR LA,HEAD ON LEFT TURN,CLEAR,DRY,DAYLIGHT,NO CONTROLS,,No,SUSPECTED MINOR INJURY,UNKNOWN,MD,PASSENGER CAR,35,2010,MAZDA,CX-7
MCP2953001W,180005587,Montgomery County Police,Injury Crash,02-01-18 19:30,Maryland (State),NORBECK RD,ROCKING SPRING DR,SAME DIR REND RIGHT TURN,CLEAR,DRY,DARK LIGHTS ON,,NONE DETECTED,No,SUSPECTED SERIOUS INJURY,NOT DISTRACTED,MD,PASSENGER CAR,35,2009,KIA,RIO
MCP26740022,200048407,Montgomery County Police,Injury Crash,12-08-20 17:45,Maryland (State),GERMANTOWN RD,GOLDENROD LA,SAME DIR REAR END,CLEAR,DRY,DARK LIGHTS ON,NO CONTROLS,NONE DETECTED,No,NO APPARENT INJURY,NOT DISTRACTED,VA,VAN,40,2013,MAZDA,VAN
MCP3379000Y,240032338,MONTGOMERY,Property Damage Crash,07-09-24 16:00,County Route,DAIRYMAID DR,,Angle,Clear,Dry,Daylight,No Controls,"Not Suspect of Alcohol Use, Not Suspect of Drug Use",Yes,No Apparent Injury,Unknown,MD,Passenger Car,30,2023,MAZDA,CX-30
MCP2968005Z,25004951,MONTGOMERY,Property Damage Crash,09-12-25 8:55,Municipality Route,PICCARD DR,W GUDE DR (WB/L),Front to Rear,Clear,Dry,Daylight,Traffic Control Signal,"Not Suspect of Alcohol Use, Not Suspect of Drug Use",No,No Apparent Injury,Not Distracted,MD,Passenger Car,35,2019,HYUNDAI,ELANTRA
DD5607001N,15027163,Rockville Police Departme,Injury Crash,06-05-15 2:58,Maryland (State),ROCKVILLE PIKE,VEIRS MILL RD,STRAIGHT MOVEMENT ANGLE,RAINING,WET,DARK LIGHTS ON,TRAFFIC SIGNAL,NONE DETECTED,No,SUSPECTED MINOR INJURY,NOT DISTRACTED,MD,PASSENGER CAR,45,2009,MERCURY,4S
MCP2789002X,16060121,Montgomery County Police,Injury Crash,11/22/2016 05:30:00 PM,US (State),COLESVILLE RD,SLIGO CREEK PKWY,SAME DIR REAR END,,DRY,DARK LIGHTS ON,TRAFFIC SIGNAL,UNKNOWN,Yes,NO APPARENT INJURY,UNKNOWN,,,35,0,UNKNOWN,UNKNOWN
MCP235300D4,250019640,MONTGOMERY,Injury Crash,05-05-25 6:58,County Route,JONES MILL RD,,Front to Rear,Cloudy,Wet,Daylight,No Controls,"Not Suspect of Alcohol Use, Not Suspect of Drug Use",Yes,No Apparent Injury,Not Distracted,MD,Sport Utility Vehicle,30,2021,JEEP,GRAND CHEROKEE
MCP3076001L,180023793,Montgomery County Police,Injury Crash,05/15/2018 06:38:00 AM,County,BRUNSWICK AVE,DENNIS AVE,OTHER,CLEAR,WET,DAYLIGHT,STOP SIGN,NONE DETECTED,Yes,NO APPARENT INJURY,LOOKED BUT DID NOT SEE,MD,PASSENGER CAR,5,2005,TOYT,4S
MCP2875009B,240043040,MONTGOMERY,Property Damage Crash,09-10-24 16:40,Maryland (State) Route,RIDGE RD,HAWKES RD,Rear To Side,Clear,Dry,Daylight,No Controls,"Not Suspect of Alcohol Use, Not Suspect of Drug Use",No,No Apparent Injury,Not Distracted,MD,Passenger Car,40,2022,HONDA,CIVIC
DM84230021,190032811,Takoma Park Police Depart,Injury Crash,07-10-19 18:40,Municipality,TAKOMA AVE,NEW YORK AVE,,CLEAR,DRY,DAYLIGHT,NO CONTROLS,NONE DETECTED,Unknown,SUSPECTED MINOR INJURY,UNKNOWN,MD,MOPED,25,2019,ROCKET,49CC
DD561500GK,240024380,ROCKVILLE,Property Damage Crash,05/23/2024 10:45:00 AM,Municipality Route,SPRING AVE,,Other,Rain,Wet,Daylight,No Controls,"Not Suspect of Alcohol Use, Not Suspect of Drug Use",No,No Apparent Injury,Not Distracted,MD,Pickup,25,2004,CHEVROLET,SILVERADO HD
MCP26350070,210041041,Montgomery County Police,Injury Crash,10/13/2021 05:18:00 PM,Maryland (State),MUNCASTER MILL RD,SYCAMORE LA,STRAIGHT MOVEMENT ANGLE,CLEAR,DRY,DAYLIGHT,STOP SIGN,,No,POSSIBLE INJURY,NOT DISTRACTED,MD,PASSENGER CAR,40,2009,HONDA,ACCORD
MCP3386001V,240053154,MONTGOMERY,Injury Crash,11-05-24 17:02,County Route,,BETHESDA AVE,Single Vehicle,Clear,Dry,Dusk,Traffic Control Signal,"Not Suspect of Alcohol Use, Not Suspect of Drug Use",Yes,No Apparent Injury,Unknown,MD,Passenger Car,30,2024,VOLVO,XC40
MCP1378014D,230026116,Montgomery County Police,Property Damage Crash,05/31/2023 03:06:00 PM,Maryland (State),LAYTONSVILLE RD,BRINK RD,SAME DIR REAR END,CLEAR,DRY,DAYLIGHT,NO CONTROLS,NONE DETECTED,Yes,NO APPARENT INJURY,NOT DISTRACTED,MD,PASSENGER CAR,30,2010,TOYT,CAMRY
MCP3257006Q,230069579,Montgomery County Police,Property Damage Crash,12-03-23 2:50,Maryland (State),BRADLEY BLVD,OFFUTT LA,SAME DIR REAR END,RAINING,WET,DARK LIGHTS ON,NO CONTROLS,NONE DETECTED,Yes,NO APPARENT INJURY,LOOKED BUT DID NOT SEE,MD,PASSENGER CAR,25,2014,TOYOTA,CAMRY
MCP2556003P,200019209,Montgomery County Police,Injury Crash,05-12-20 17:02,County,GREAT SENECA HWY,KEY WEST AVE,SINGLE VEHICLE,,DRY,DAYLIGHT,NO CONTROLS,NONE DETECTED,Yes,POSSIBLE INJURY,NOT DISTRACTED,MD,PASSENGER CAR,50,2012,FORD,ESCAPE
MCP28180031,170528849,Montgomery County Police,Property Damage Crash,09-05-17 17:50,,,,OTHER,CLOUDY,,DAYLIGHT,,NONE DETECTED,Yes,NO APPARENT INJURY,NOT DISTRACTED,MD,"CARGO VAN/LIGHT TRUCK 2 AXLES (OVER 10,000LBS (4,536 KG))",15,2003,CHEVY,SILVERADO
MCP3060004F,230056435,Montgomery County Police,Injury Crash,09/23/2023 07:29:00 AM,Maryland (State),UNIVERSITY BLVD W,GEORGIA AVE,STRAIGHT MOVEMENT ANGLE,RAINING,WET,DAYLIGHT,TRAFFIC SIGNAL,NONE DETECTED,Yes,NO APPARENT INJURY,UNKNOWN,MD,PICKUP TRUCK,25,2013,TOYO,TACOMA
HA24360002,17000318,Maryland-National Capital,Injury Crash,03/24/2017 01:05:00 PM,Government,SLIGO CREEK PKWY,PINEY BRANCH RD,HEAD ON,CLEAR,WET,DAYLIGHT,NO CONTROLS,NONE DETECTED,Yes,POSSIBLE INJURY,NOT DISTRACTED,MD,PASSENGER CAR,25,2004,MAZDA,6
MCP28480032,16027760,Montgomery County Police,Injury Crash,06-03-16 12:03,County,EXECUTIVE BLVD,OLD GEORGETOWN RD,STRAIGHT MOVEMENT ANGLE,CLOUDY,DRY,DAYLIGHT,NO CONTROLS,NONE DETECTED,Yes,NO APPARENT INJURY,LOOKED BUT DID NOT SEE,VA,PASSENGER CAR,30,2008,TOYOTA,SCION
MCP1554004N,190034156,Montgomery County Police,Injury Crash,07/18/2019 04:36:00 PM,County,REDLAND RD,YELLOWSTONE WAY,HEAD ON LEFT TURN,CLEAR,DRY,DAYLIGHT,STOP SIGN,NONE DETECTED,Yes,NO APPARENT INJURY,NOT DISTRACTED,MD,(SPORT) UTILITY VEHICLE,35,2007,HYUN,VERACRUZ  SUV
MCP1378015S,230058160,Montgomery County Police,Property Damage Crash,09/29/2023 06:21:00 PM,County,FOUNDERS MILL DR,SUGAR MAPLE CT,SINGLE VEHICLE,CLOUDY,DRY,DUSK,NO CONTROLS,ALCOHOL PRESENT,Yes,NO APPARENT INJURY,UNKNOWN,MD,PASSENGER CAR,25,2011,MITSUBISHI,LANCER
MCP2231007D,230028569,Montgomery County Police,Injury Crash,06/14/2023 08:41:00 AM,,,,SINGLE VEHICLE,RAINING,,DAYLIGHT,STOP SIGN,NONE DETECTED,No,NO APPARENT INJURY,NOT DISTRACTED,MD,PASSENGER CAR,0,2007,SCION,TC
MCP1220005C,170519539,Montgomery County Police,Property Damage Crash,07/17/2017 11:45:00 AM,Maryland (State),GEORGIA AVE,FOREST GLEN RD,SAME DIRECTION SIDESWIPE,CLOUDY,DRY,DAYLIGHT,TRAFFIC SIGNAL,NONE DETECTED,Yes,NO APPARENT INJURY,UNKNOWN,MD,PASSENGER CAR,35,2015,KIA,FORTE
DD5642002X,220011767,Rockville Police Departme,Property Damage Crash,03/18/2022 07:36:00 PM,Maryland (State),W MONTGOMERY AVE,FALLSGROVE DR,OPPOSITE DIR BOTH LEFT TURN,CLEAR,DRY,DARK LIGHTS ON,TRAFFIC SIGNAL,NONE DETECTED,No,NO APPARENT INJURY,NOT DISTRACTED,MD,PASSENGER CAR,40,2020,VOLKSWAGON,TIGUAN
MCP285300B2,250007446,MONTGOMERY,Property Damage Crash,02/19/2025 06:17:00 PM,US (State),COLESVILLE RD,,"Sideswipe, Same Direction",Clear,Dry,Dark - Lighted,Traffic Control Signal,"Not Suspect of Alcohol Use, Not Suspect of Drug Use",Yes,No Apparent Injury,Not Distracted,MD,Bus - Transit,35,2020,NOVABUS,LFS ARTICULATED
MCP25980043,220031865,Montgomery County Police,Property Damage Crash,07/24/2022 12:40:00 PM,,,,STRAIGHT MOVEMENT ANGLE,CLEAR,,DAYLIGHT,NO CONTROLS,UNKNOWN,Yes,NO APPARENT INJURY,NOT DISTRACTED,,PASSENGER CAR,0,2008,MERCURY,4S
MCP20390048,180037865,Montgomery County Police,Injury Crash,07/31/2018 08:00:00 AM,Maryland (State),CONNECTICUT AVE,ATHERTON DR,STRAIGHT MOVEMENT ANGLE,,WET,DAYLIGHT,STOP SIGN,,Yes,POSSIBLE INJURY,LOOKED BUT DID NOT SEE,MD,PASSENGER CAR,45,2007,HONDA,ODDYSEY
MCP2939008K,250052345,MONTGOMERY,Property Damage Crash,11/21/2025 07:58:00 PM,County Route,,BRINK RD BRINK RD (WB/L),Other,Clear,Dry,Dark - Not Lighted,Stop Sign,"Not Suspect of Alcohol Use, Not Suspect of Drug Use",Yes,No Apparent Injury,Unknown,MD,Passenger Car,35,2017,BMW,330I
MCP2974002Q,190045303,Montgomery County Police,Property Damage Crash,09/21/2019 03:30:00 AM,US (State),GEORGIA AVE,BURLINGTON AVE,SAME DIR REAR END,,DRY,DARK LIGHTS ON,TRAFFIC SIGNAL,,No,NO APPARENT INJURY,NOT DISTRACTED,MD,PASSENGER CAR,35,2004,FORD,FREE STAR
MCP26860031,180058696,Montgomery County Police,Injury Crash,11/23/2018 06:59:00 PM,Maryland (State),NORBECK RD,WESTBURY RD,ANGLE MEETS LEFT TURN,CLEAR,DRY,DARK NO LIGHTS,NO CONTROLS,NONE DETECTED,Unknown,SUSPECTED SERIOUS INJURY,UNKNOWN,MD,PASSENGER CAR,45,2013,FORD,FOCUS
MCP2891002H,16027569,Montgomery County Police,Property Damage Crash,06-02-16 13:01,US (State),COLESVILLE RD,N NOYES DR,SAME DIRECTION SIDESWIPE,CLEAR,DRY,DAYLIGHT,,NONE DETECTED,No,NO APPARENT INJURY,NOT DISTRACTED,MD,PASSENGER CAR,35,2005,TOYOTA,CAMRY
MCP32440022,220029774,Montgomery County Police,Property Damage Crash,07-11-22 14:52,Maryland (State),COLESVILLE RD,EAST WEST HWY,HEAD ON LEFT TURN,CLEAR,DRY,DAYLIGHT,,NONE DETECTED,Yes,NO APPARENT INJURY,NOT DISTRACTED,MD,PASSENGER CAR,30,2020,SUBARU,LEGACY
MCP1417007P,170515325,Montgomery County Police,Property Damage Crash,06/23/2017 10:52:00 AM,County,CRABBS BRANCH WAY,SHADY GROVE RD,SAME DIR REAR END,,DRY,DAYLIGHT,TRAFFIC SIGNAL,NONE DETECTED,Yes,NO APPARENT INJURY,UNKNOWN,MD,VAN,35,2014,HONDA,ODYSSEY
MCP2496002N,210017314,Montgomery County Police,Property Damage Crash,05-08-21 14:58,Maryland (State),GEORGIA AVE,RAMP 5 FR MD 97 SB TO IS 495 EB,SAME DIRECTION RIGHT TURN,CLEAR,WET,DAYLIGHT,NO CONTROLS,NONE DETECTED,Yes,NO APPARENT INJURY,LOOKED BUT DID NOT SEE,MD,PASSENGER CAR,45,2021,TOYOTA,CORO
MCP2363001T,190062233,Montgomery County Police,Property Damage Crash,12/26/2019 08:40:00 PM,Maryland (State),GEORGIA AVE,JONES LA,SINGLE VEHICLE,CLOUDY,DRY,DARK LIGHTS ON,NO CONTROLS,ALCOHOL PRESENT,Yes,NO APPARENT INJURY,NOT DISTRACTED,DC,PASSENGER CAR,35,2008,CADI,ESCALADE
MCP9130004K,170551345,Montgomery County Police,Property Damage Crash,12/30/2017 12:24:00 PM,Interstate (State),CAPITAL BELTWAY,RAMP 6 FR IS 495 EB TO MD 650 SB,SAME DIR REAR END,OTHER,WET,DAYLIGHT,NO CONTROLS,NONE DETECTED,No,NO APPARENT INJURY,NOT DISTRACTED,VA,PASSENGER CAR,55,2016,MERCEDES,E350
DD56300025,190045783,Rockville Police Departme,Injury Crash,09/24/2019 02:45:00 PM,Municipality,WOOTTON PKWY,FLEET ST,STRAIGHT MOVEMENT ANGLE,CLEAR,DRY,DAYLIGHT,NO CONTROLS,NONE DETECTED,No,POSSIBLE INJURY,NOT DISTRACTED,MD,PASSENGER CAR,40,2011,BMW,2D
MCP14650027,16033937,Montgomery County Police,Injury Crash,07-05-16 9:05,Maryland (State),FREDERICK RD,INDIANOLA DR,HEAD ON LEFT TURN,CLEAR,DRY,DAYLIGHT,TRAFFIC SIGNAL,NONE DETECTED,No,NO APPARENT INJURY,NOT DISTRACTED,MD,(SPORT) UTILITY VEHICLE,30,2010,TOYT,TK
MCP30690022,200034089,Montgomery County Police,Property Damage Crash,08/31/2020 06:30:00 PM,,,,SINGLE VEHICLE,RAINING,,DAYLIGHT,NO CONTROLS,NONE DETECTED,Yes,NO APPARENT INJURY,NOT DISTRACTED,MD,PASSENGER CAR,15,2015,HONDA,CIVIC
DD55940014,15041733,ROCKVILLE,Property Damage Crash,08/20/2015 05:30:00 PM,Maryland (State),ROCKVILLE PIKE,W EDMONSTON DR,SAME DIR REAR END,CLOUDY,DRY,DAYLIGHT,TRAFFIC SIGNAL,NONE DETECTED,Yes,NO APPARENT INJURY,UNKNOWN,MD,PASSENGER CAR,35,2014,TOYOTA,CAMRY
MCP27630026,190053153,Montgomery County Police,Injury Crash,11-04-19 18:25,Maryland (State),KEY WEST AVE,GREAT SENECA HWY,SAME DIR REAR END,CLEAR,DRY,DARK LIGHTS ON,TRAFFIC SIGNAL,NONE DETECTED,No,SUSPECTED MINOR INJURY,NOT DISTRACTED,MD,PASSENGER CAR,40,2011,FORD,FOCUS
MCP3006003W,190003331,Montgomery County Police,Property Damage Crash,01/22/2019 09:05:00 AM,Maryland (State),CONNECTICUT AVE,RANDOLPH RD,ANGLE MEETS RIGHT TURN,CLEAR,DRY,DAYLIGHT,TRAFFIC SIGNAL,NONE DETECTED,Unknown,NO APPARENT INJURY,NOT DISTRACTED,MD,(SPORT) UTILITY VEHICLE,40,2004,HONDA,PILOT
MCP3402004F,250041751,MONTGOMERY,Injury Crash,09/17/2025 06:42:00 AM,County Route,FAIRLAND RD,COLUMBIA PIKE,Front to Front,Rain,Wet,Dark - Lighted,Traffic Control Signal,"Not Suspect of Alcohol Use, Not Suspect of Drug Use",Yes,No Apparent Injury,Not Distracted,MD,Passenger Car,35,2018,TOYOTA,RAV4
MCP3039003L,190012240,Montgomery County Police,Property Damage Crash,03/16/2019 08:12:00 PM,Maryland (State),OLD GEORGETOWN RD,CEDARWOOD DR,OPPOSITE DIRECTION SIDESWIPE,CLEAR,DRY,DARK LIGHTS ON,NO CONTROLS,NONE DETECTED,Yes,NO APPARENT INJURY,OTHER DISTRACTION,MD,PASSENGER CAR,30,2012,BMW,2S
MCP30630010,180045192,Montgomery County Police,Injury Crash,09-10-18 16:55,County,FAIRLAND RD,SERPENTINE WAY,SAME DIR REAR END,RAINING,WET,DAYLIGHT,TRAFFIC SIGNAL,,No,NO APPARENT INJURY,NOT DISTRACTED,MD,PASSENGER CAR,40,2016,HONDA,4S
MCP2689006X,200020429,Montgomery County Police,Property Damage Crash,05/22/2020 11:20:00 AM,,,,SINGLE VEHICLE,RAINING,,DAYLIGHT,NO CONTROLS,NONE DETECTED,Yes,NO APPARENT INJURY,UNKNOWN,MD,AMBULANCE/EMERGENCY,0,2016,FREIGHTLINER,M2 106
MCP3099000R,180029224,Montgomery County Police,Property Damage Crash,06/13/2018 04:03:00 PM,County,E GUDE DR,FREDERICK RD,SAME DIR REAR END,CLEAR,DRY,DAYLIGHT,TRAFFIC SIGNAL,NONE DETECTED,No,NO APPARENT INJURY,NOT DISTRACTED,MD,PASSENGER CAR,40,2007,NISSAN,SENTRA
MCP2878002R,170507258,Montgomery County Police,Property Damage Crash,05-11-17 19:43,County,GRAND ELM ST,SNOWDEN FARM PKWY,STRAIGHT MOVEMENT ANGLE,RAINING,WET,DAYLIGHT,NO CONTROLS,UNKNOWN,Yes,NO APPARENT INJURY,UNKNOWN,MD,PASSENGER CAR,25,2000,TOYOTA,COROLLA
MCP271700MN,190006694,Montgomery County Police,Injury Crash,02-11-19 14:30,Maryland (State),OLD GEORGETOWN RD,TUCKERMAN LA,SAME DIR REAR END,RAINING,WET,DAYLIGHT,TRAFFIC SIGNAL,NONE DETECTED,No,SUSPECTED MINOR INJURY,NOT DISTRACTED,MD,PASSENGER CAR,40,2002,TOYOTA,CAMRY
MCP9437000T,180028924,Montgomery County Police,Property Damage Crash,06-12-18 1:20,County,KINGS VALLEY RD,PREAKNESS DR,SINGLE VEHICLE,CLEAR,DRY,DARK NO LIGHTS,NO CONTROLS,,No,NO APPARENT INJURY,NOT DISTRACTED,MD,POLICE VEHICLE/NON EMERGENCY,30,2016,FORD,TAURUS
MCP2608005V,240057111,MONTGOMERY,Property Damage Crash,11/28/2024 04:57:00 PM,,,,"Sideswipe, Same Direction",Clear,,Dark - Lighted,,"Not Suspect of Alcohol Use, Not Suspect of Drug Use",Yes,No Apparent Injury,Not Distracted,MD,Other Trucks,0,2016,SPARTAN MOTORS CHASS,WORK TRUCK
MCP2118001K,230002451,Montgomery County Police,Property Damage Crash,01/16/2023 12:23:00 AM,Maryland (State),RIDGE RD,LITTLE SENECA PKWY,HEAD ON,CLEAR,DRY,DARK LIGHTS ON,,NONE DETECTED,Yes,NO APPARENT INJURY,NOT DISTRACTED,MD,PASSENGER CAR,25,2013,TOYOTA,SIENNA
MCP3008000J,16030557,Montgomery County Police,Property Damage Crash,06/16/2016 10:15:00 PM,,,,STRAIGHT MOVEMENT ANGLE,RAINING,,DARK LIGHTS ON,NO CONTROLS,UNKNOWN,Yes,NO APPARENT INJURY,UNKNOWN,,UNKNOWN,5,2006,FORD,UNKNOWN
MCP1378007S,15048700,MONTGOMERY,Property Damage Crash,09/25/2015 05:47:00 PM,Maryland (State),WOODFIELD RD,ROSEWOOD MANOR LA,SAME DIR REAR END,CLOUDY,DRY,DAYLIGHT,,NONE DETECTED,No,NO APPARENT INJURY,NOT DISTRACTED,MD,(SPORT) UTILITY VEHICLE,45,2012,GMC,TERRAIN
MCP284600BF,250025622,MONTGOMERY,Injury Crash,06-09-25 8:50,County Route,ROSSMOOR BLVD (WB/L),GEORGIA AVE,Angle,Clear,Dry,Daylight,Traffic Control Signal,"Not Suspect of Alcohol Use, Not Suspect of Drug Use",No,Suspected Minor Injury,Not Distracted,MD,Passenger Car,25,1991,BUICK,SKYLARK
MCP3012000F,16005195,Montgomery County Police,Injury Crash,02-01-16 9:23,Maryland (State),VEIRS MILL RD,TWINBROOK PKWY,SAME DIR REAR END,CLEAR,,DAYLIGHT,NO CONTROLS,NONE DETECTED,Yes,POSSIBLE INJURY,NOT DISTRACTED,VA,OTHER,40,2000,HONDA,ODYSSEI
MCP30510071,230056146,Montgomery County Police,Property Damage Crash,09/21/2023 03:50:00 PM,Maryland (State),ROCKVILLE PIKE,SOUTH DR,OTHER,CLEAR,DRY,DAYLIGHT,TRAFFIC SIGNAL,NONE DETECTED,Unknown,NO APPARENT INJURY,UNKNOWN,MD,PASSENGER CAR,35,2005,MERCEDES,E320
MCP08330015,190038504,Montgomery County Police,Property Damage Crash,08/13/2019 06:45:00 PM,Maryland (State),OLNEY LAYTONSVILLE RD,BROOKEVILLE RD,STRAIGHT MOVEMENT ANGLE,CLEAR,DRY,DAYLIGHT,STOP SIGN,NONE DETECTED,Yes,NO APPARENT INJURY,LOOKED BUT DID NOT SEE,MD,PASSENGER CAR,50,1999,TOYOTA,COROLLA
MCP2969001V,16014835,Montgomery County Police,Property Damage Crash,03/26/2016 07:02:00 AM,Maryland (State),UNIVERSITY BLVD W,ARCOLA AVE,SAME DIR REAR END,CLEAR,DRY,DAYLIGHT,NO CONTROLS,NONE DETECTED,Yes,NO APPARENT INJURY,LOOKED BUT DID NOT SEE,MD,(SPORT) UTILITY VEHICLE,35,2005,NISSAN,PATHFINDER
MCP2991006J,220017116,Montgomery County Police,Injury Crash,04/22/2022 01:50:00 PM,Maryland (State),NEW HAMPSHIRE AVE,TREE LAWN DR,SAME DIR REAR END,,DRY,DAYLIGHT,NO CONTROLS,NONE DETECTED,Yes,NO APPARENT INJURY,NOT DISTRACTED,MD,PASSENGER CAR,35,2016,TOYOTA,SCION
MCP229800JR,180030486,Montgomery County Police,Property Damage Crash,06/20/2018 03:25:00 PM,Maryland (State),BUCKLODGE RD,MOORE RD,SAME DIR REND RIGHT TURN,CLOUDY,DRY,DAYLIGHT,NO CONTROLS,NONE DETECTED,No,NO APPARENT INJURY,NOT DISTRACTED,MD,PASSENGER CAR,40,2013,FIAT,500 POP
MCP3300002X,240054949,MONTGOMERY,Injury Crash,11/16/2024 01:58:00 AM,Maryland (State) Route,NORBECK RD,,Front to Rear,Clear,Dry,Dark - Lighted,Traffic Control Signal,"Not Suspect of Alcohol Use, Not Suspect of Drug Use",Yes,Possible Injury,Unknown,MD,Passenger Car,45,2011,HYUNDAI,SONATA
MCP30120089,210008032,Montgomery County Police,Property Damage Crash,03-03-21 14:06,County,DENLEY PL,EPPING CT,OPPOSITE DIRECTION SIDESWIPE,CLEAR,DRY,DAYLIGHT,NO CONTROLS,NONE DETECTED,No,NO APPARENT INJURY,NOT DISTRACTED,PA,PICKUP TRUCK,25,2016,FORD,F150
MCP30480092,220055918,Montgomery County Police,Property Damage Crash,12/17/2022 01:30:00 PM,County,CORDELL AVE,WOODMONT AVE,OTHER,CLEAR,DRY,DAYLIGHT,NO CONTROLS,,No,NO APPARENT INJURY,NOT DISTRACTED,MD,PASSENGER CAR,0,2015,MERCEDES,4DR
EJ7914000S,250036691,GAITHERSBURG,Property Damage Crash,08/17/2025 03:28:00 AM,,,,Angle,Clear,,Dark - Lighted,,"Suspect of Alcohol Use, Not Suspect of Drug Use",Yes,No Apparent Injury,Unknown,MD,Passenger Car,0,2015,JEEP,CHEROKEE
MCP2534002X,190022193,Montgomery County Police,Injury Crash,05-11-19 2:40,County,ELKIN ST,PRICE AVE,SINGLE VEHICLE,CLEAR,DRY,DARK LIGHTS ON,NO CONTROLS,UNKNOWN,Yes,NO APPARENT INJURY,UNKNOWN,,,25,0,UNKNOWN,UNKNOWN
MCP003600BM,190041012,Montgomery County Police,Injury Crash,08/27/2019 12:41:00 PM,Maryland (State),RIDGE RD,PREAKNESS DR,SAME DIR REAR END,CLOUDY,DRY,DAYLIGHT,NO CONTROLS,NONE DETECTED,No,SUSPECTED MINOR INJURY,NOT DISTRACTED,MD,PASSENGER CAR,40,2008,MAZDA,4S
MCP3108001S,210041962,Montgomery County Police,Injury Crash,10/19/2021 11:20:00 AM,County,SHADY GROVE RD,OAKMONT AVE,SAME DIRECTION LEFT TURN,CLEAR,DRY,DAYLIGHT,TRAFFIC SIGNAL,NONE DETECTED,Yes,NO APPARENT INJURY,LOOKED BUT DID NOT SEE,MD,PASSENGER CAR,35,2020,BUIC,ENCORE
MCP3244001W,220018581,Montgomery County Police,Injury Crash,05-02-22 7:43,US (State),COLESVILLE RD,NOYES CT,HEAD ON,CLEAR,DRY,DAYLIGHT,NO CONTROLS,NONE DETECTED,No,SUSPECTED MINOR INJURY,NOT DISTRACTED,MD,PASSENGER CAR,35,2020,NISSAN,KICKS
MCP3044006K,230011431,Montgomery County Police,Property Damage Crash,03-08-23 16:30,US (State),COLUMBIA PIKE,RAMP 4 FR US 29 NB TO BLACKBURN RD,SAME DIR REAR END,CLEAR,DRY,DAYLIGHT,TRAFFIC SIGNAL,NONE DETECTED,No,NO APPARENT INJURY,LOOKED BUT DID NOT SEE,MD,(SPORT) UTILITY VEHICLE,55,2019,HYUN,TUCSON
MCP2970001P,16031321,Montgomery County Police,Property Damage Crash,06/19/2016 11:00:00 AM,,,,OTHER,,,UNKNOWN,,UNKNOWN,Yes,NO APPARENT INJURY,UNKNOWN,,PASSENGER CAR,5,2015,TOYOTA,COROLLA
MCP2898004Z,240026350,MONTGOMERY,Property Damage Crash,06-03-24 15:19,Maryland (State) Route,RIDGE RD,,Front to Rear,Clear,Dry,Daylight,No Controls,"Not Suspect of Alcohol Use, Not Suspect of Drug Use",Yes,No Apparent Injury,Not Distracted,MD,Passenger Car,40,2013,TOYOTA,PRIUS
MCP3130006T,230061080,Montgomery County Police,Property Damage Crash,10/17/2023 02:00:00 PM,,,,OTHER,CLEAR,,DAYLIGHT,,UNKNOWN,Yes,NO APPARENT INJURY,UNKNOWN,,PASSENGER CAR,5,2007,HONDA,PILOT
MCP2950001F,170520094,Montgomery County Police,Property Damage Crash,07/20/2017 05:27:00 AM,County,SHAKESPEARE BLVD,SHAKESPEARE DR,SAME DIR REAR END,CLEAR,DRY,DAWN,NO CONTROLS,COMBINED SUBSTANCE PRESENT,Yes,NO APPARENT INJURY,INATTENTIVE OR LOST IN THOUGHT,MD,PASSENGER CAR,35,2016,TOYT,4S
MCP3160001S,190033348,Montgomery County Police,Property Damage Crash,07/13/2019 05:45:00 PM,County,ABERDEEN RD,BRADLEY BLVD,STRAIGHT MOVEMENT ANGLE,CLEAR,DRY,DAYLIGHT,STOP SIGN,NONE DETECTED,Unknown,NO APPARENT INJURY,LOOKED BUT DID NOT SEE,MD,PASSENGER CAR,35,2011,LEXS,ES320
MCP1148001M,170507564,Montgomery County Police,Property Damage Crash,05/13/2017 12:53:00 PM,Maryland (State),OLD GEORGETOWN RD,COMMERCE LA,SAME DIRECTION SIDESWIPE,CLOUDY,DRY,DAYLIGHT,TRAFFIC SIGNAL,NONE DETECTED,Yes,NO APPARENT INJURY,NOT DISTRACTED,MD,PASSENGER CAR,25,2015,FORD,4S
MCP29400062,220033148,Montgomery County Police,Property Damage Crash,08-02-22 13:05,County,MACARTHUR BLVD,CLARA BARTON PKWY,SAME DIR REAR END,CLEAR,DRY,DAYLIGHT,TRAFFIC SIGNAL,NONE DETECTED,No,NO APPARENT INJURY,NOT DISTRACTED,DC,(SPORT) UTILITY VEHICLE,35,2021,TOYOTA,RAV4
MCP32400039,240011513,MONTGOMERY,Property Damage Crash,03-10-24 5:29,County Route,RIDGE RD (NB/L),RAMP 1 FR RAMP 4 (FR IS270) TO RIDGE RD,Rear To Side,Clear,Wet,Dark - Lighted,Flashing Traffic Control Signal,"Not Suspect of Alcohol Use, Not Suspect of Drug Use",No,No Apparent Injury,Not Distracted,MD,Passenger Car,40,2006,CADILLAC,CTS