Report Number,Local Case Number,Agency Name,ACRS Report Type,Crash Date/Time,Route Type,Road Name,Cross-Street Name,Collision Type,Weather,Surface Condition,Light,Traffic Control,Driver Substance Abuse,Driver At Fault,Injury Severity,Driver Distracted By,Drivers License State,Vehicle Body Type,Speed Limit,Vehicle Year,Vehicle Make,Vehicle Model
EJ7862000G,17001869,Gaithersburg Police Depar,Injury Crash,01-11-17 17:45,County,FIELDS RD,OMEGA DR (BACK),OTHER,RAINING,WET,,YIELD SIGN,,Yes,POSSIBLE INJURY,UNKNOWN,MD,PASSENGER CAR,35,2015,TOYT,TK
MCP1475001V,180029923,Montgomery County Police,Property Damage Crash,06/17/2018 01:43:00 PM,,,,SAME DIRECTION SIDESWIPE,CLEAR,,DAYLIGHT,,NONE DETECTED,Yes,NO APPARENT INJURY,UNKNOWN,MD,VAN,15,2006,TOYOTA,SIENNA
DM84030001,180062181,Takoma Park Police Depart,Property Damage Crash,12/13/2018 08:41:00 AM,Municipality,ASPEN AVE,ASPEN CT,OTHER,CLEAR,,DAYLIGHT,,,Yes,NO APPARENT INJURY,NOT DISTRACTED,MB,PICKUP TRUCK,5,2015,FORD,F550
MCP2274000B,15015526,Montgomery County Police,Property Damage Crash,04-04-15 12:15,,,,STRAIGHT MOVEMENT ANGLE,CLEAR,,DAYLIGHT,NO CONTROLS,NONE DETECTED,Yes,NO APPARENT INJURY,NOT DISTRACTED,NJ,PASSENGER CAR,15,2015,FORD,ESCAPE
MCP3059006J,210029575,Montgomery County Police,Property Damage Crash,07/30/2021 02:53:00 PM,County,FATHER HURLEY BLVD,EISENHOWER MEMORIAL HWY,SAME DIR REAR END,CLEAR,DRY,DAYLIGHT,TRAFFIC SIGNAL,NONE DETECTED,Yes,NO APPARENT INJURY,UNKNOWN,MD,PASSENGER CAR,40,2014,NISSAN,MAXIMA
MCP21920028,180005063,Montgomery County Police,Injury Crash,01/30/2018 05:55:00 AM,Maryland (State),SPENCERVILLE RD,THOMPSON RD,HEAD ON LEFT TURN,,WET,DARK LIGHTS ON,,NONE DETECTED,Yes,SUSPECTED MINOR INJURY,UNKNOWN,MD,PASSENGER CAR,40,2005,HONDA,CIVIC
MCP2989000W,180024662,Montgomery County Police,Property Damage Crash,05/19/2018 10:12:00 PM,US (State),COLESVILLE RD,FENTON ST,SAME DIR REAR END,CLEAR,DRY,DARK LIGHTS ON,TRAFFIC SIGNAL,ALCOHOL PRESENT,Yes,NO APPARENT INJURY,UNKNOWN,MD,PASSENGER CAR,35,2010,TOYT,PRIUS
MCP3037000Z,170516275,Montgomery County Police,Injury Crash,06/28/2017 05:39:00 PM,County,LITTLE SENECA PKWY,FREDERICK RD,SAME DIR REAR END,CLEAR,DRY,DAYLIGHT,NO CONTROLS,NONE DETECTED,No,NO APPARENT INJURY,NOT DISTRACTED,MD,MOTORCYCLE,30,2010,YAMA,MC
MCP2008008L,210022901,Montgomery County Police,Injury Crash,06/15/2021 04:53:00 PM,Maryland (State),ROCKVILLE PIKE,TUCKERMAN LA,SAME DIR REAR END,CLEAR,DRY,DAYLIGHT,TRAFFIC SIGNAL,NONE DETECTED,No,NO APPARENT INJURY,NOT DISTRACTED,MD,PASSENGER CAR,40,2013,MAXIMA,SD
MCP3311000H,220008720,Montgomery County Police,Injury Crash,02/28/2022 07:33:00 PM,Maryland (State),ROCKVILLE PIKE,GROSVENOR LA,SAME DIR REAR END,CLEAR,DRY,DARK LIGHTS ON,TRAFFIC SIGNAL,,Yes,NO APPARENT INJURY,UNKNOWN,MD,VAN,45,2021,RAM,CARGO VAN
MCP2215000L,180053145,Montgomery County Police,Property Damage Crash,10/23/2018 06:59:00 PM,County,MIDDLEBROOK RD,FREDERICK RD,SAME DIR REAR END,CLOUDY,DRY,DARK -- UNKNOWN LIGHTING,TRAFFIC SIGNAL,NONE DETECTED,No,NO APPARENT INJURY,NOT DISTRACTED,MD,PASSENGER CAR,40,2000,HONDA,CIVIC
MCP3325000Y,220030579,Montgomery County Police,Property Damage Crash,07/16/2022 03:42:00 PM,US (State),COLUMBIA PIKE,BLACKBURN RD,SAME DIR REAR END,CLEAR,DRY,DAYLIGHT,TRAFFIC SIGNAL,NONE DETECTED,Yes,NO APPARENT INJURY,INATTENTIVE OR LOST IN THOUGHT,MD,PASSENGER CAR,55,2004,TOYT,4S
MCP1465002H,16057642,Montgomery County Police,Injury Crash,11-08-16 17:00,County,BELLS MILL RD,GAINSBOROUGH RD,SAME DIR REAR END,CLEAR,DRY,DARK LIGHTS ON,STOP SIGN,NONE DETECTED,Yes,POSSIBLE INJURY,OTHER DISTRACTION,MD,(SPORT) UTILITY VEHICLE,35,2008,AUDI,TK
MCP2739002D,190034463,Montgomery County Police,Injury Crash,07/20/2019 04:15:00 AM,US (State),COLUMBIA PIKE,INDUSTRIAL PKWY,SAME DIR REAR END,CLEAR,DRY,DARK LIGHTS ON,NO CONTROLS,NONE DETECTED,No,SUSPECTED MINOR INJURY,UNKNOWN,VA,PASSENGER CAR,45,2016,VOLKSWAGEN,JETTA
MCP3223000Z,210038160,Montgomery County Police,Property Damage Crash,09/27/2021 12:42:00 AM,Maryland (State),PINEY BRANCH RD,CARROLL AVE,STRAIGHT MOVEMENT ANGLE,CLEAR,DRY,DARK LIGHTS ON,,NONE DETECTED,No,NO APPARENT INJURY,NOT DISTRACTED,MD,PASSENGER CAR,35,2013,JEEP,WRANGLER
EJ78890030,220044939,Gaithersburg Police Depar,Injury Crash,10/13/2022 07:10:00 PM,Maryland (State),FREDERICK RD,DALAMAR ST,SAME DIRECTION LEFT TURN,RAINING,WET,DUSK,NO CONTROLS,NONE DETECTED,No,NO APPARENT INJURY,NOT DISTRACTED,AZ,PASSENGER CAR,30,2003,FORD,PV
MCP3075003D,210052542,Montgomery County Police,Property Damage Crash,12/24/2021 10:30:00 PM,County,MIDDLEBROOK RD,CRYSTAL ROCK DR,SAME DIR REAR END,CLEAR,DRY,DARK LIGHTS ON,NO CONTROLS,NONE DETECTED,Yes,NO APPARENT INJURY,INATTENTIVE OR LOST IN THOUGHT,MD,PASSENGER CAR,40,2019,JEEP,CHEROKEE
MCP2898005C,240050197,MONTGOMERY,Property Damage Crash,10/20/2024 03:56:00 PM,County Route,MIDDLEBROOK RD (WB/L),FREDERICK RD (SB/L),Rear To Side,Clear,Dry,Daylight,Traffic Control Signal,"Not Suspect of Alcohol Use, Not Suspect of Drug Use",Yes,No Apparent Injury,Not Distracted,XX,Sport Utility Vehicle,40,2002,TOYOTA,RAV4
MCP2329001T,230003868,Montgomery County Police,Injury Crash,01/24/2023 09:55:00 AM,Maryland (State),WOODFIELD RD,EMORY GROVE RD,SAME DIR REAR END,CLEAR,DRY,DAYLIGHT,TRAFFIC SIGNAL,NONE DETECTED,No,POSSIBLE INJURY,NOT DISTRACTED,MD,PASSENGER CAR,45,2011,TOYT,4S
MCP2399002X,190045580,Montgomery County Police,Property Damage Crash,09/23/2019 03:00:00 PM,Maryland (State),MONTGOMERY VILLAGE AVE,SPUR FR LOST KNIFE RD,SAME DIR REAR END,CLEAR,DRY,DAYLIGHT,NO CONTROLS,NONE DETECTED,Yes,NO APPARENT INJURY,UNKNOWN,MD,PICKUP TRUCK,35,2003,DODG,DAKOTA
MCP2559003D,190032746,Montgomery County Police,Injury Crash,07-10-19 14:00,,,,HEAD ON,CLEAR,,DAYLIGHT,,UNKNOWN,Yes,NO APPARENT INJURY,UNKNOWN,XX,UNKNOWN,15,1900,DODGE,99
MCP2592004G,250003050,MONTGOMERY,Property Damage Crash,01/22/2025 12:30:00 PM,County Route,BRINK RD,WOODFIELD RD,Front to Rear,Clear,Dry,Daylight,Traffic Control Signal,"Not Suspect of Alcohol Use, Not Suspect of Drug Use",Yes,No Apparent Injury,Unknown,MD,Passenger Car,30,2015,NISSAN,PATHFINDER
MCP913000K9,240061427,MONTGOMERY,Property Damage Crash,12/24/2024 01:04:00 PM,Maryland (State) Route,,,Front to Rear,Cloudy,Wet,Daylight,No Controls,"Not Suspect of Alcohol Use, Not Suspect of Drug Use",Yes,No Apparent Injury,Unknown,MD,Passenger Car,35,2017,HONDA,CIVIC
MCP3254000W,200047291,Montgomery County Police,Property Damage Crash,12-01-20 8:05,,,,OPPOSITE DIR BOTH LEFT TURN,UNKNOWN,,DARK -- UNKNOWN LIGHTING,NO CONTROLS,UNKNOWN,Yes,NO APPARENT INJURY,UNKNOWN,MD,(SPORT) UTILITY VEHICLE,0,2013,CHEVROLET,EQUINOX
MCP34460009,250019175,MONTGOMERY,Property Damage Crash,05-02-25 7:03,Maryland (State) Route,VEIRS MILL RD (WB/L),ANDREW ST,Angle,Clear,Dry,Daylight,No Controls,"Not Suspect of Alcohol Use, Not Suspect of Drug Use",Yes,No Apparent Injury,Not Distracted,MD,Passenger Car,35,2023,HYUNDAI,TUCSON
MCP2946006G,240001138,MONTGOMERY,Injury Crash,01-08-24 11:51,County Route,BRINK RD,WIGHTMAN RD,Angle,Clear,Dry,Daylight,Stop Sign,"Not Suspect of Alcohol Use, Not Suspect of Drug Use",No,No Apparent Injury,Not Distracted,MD,Passenger Car,35,2016,NISSAN,SENTRA
MCP2039007D,220018893,Montgomery County Police,Injury Crash,05-04-22 7:33,County,CHESTERFIELD RD,CANTERBURY LA,ANGLE MEETS LEFT HEAD ON,CLOUDY,WET,DAYLIGHT,STOP SIGN,,Yes,NO APPARENT INJURY,LOOKED BUT DID NOT SEE,MD,PASSENGER CAR,25,2010,JEEP,LIBERTY
MCP2623004S,240036102,MONTGOMERY,Property Damage Crash,07/31/2024 04:12:00 PM,Maryland (State) Route,MONTGOMERY VILLAGE AVE,,Front to Rear,Clear,Dry,Daylight,No Controls,"Unknown, Unknown",No,No Apparent Injury,Unknown,,Van - Passenger (&lt;9 Seats),40,0,,
MCP20470040,210013935,Montgomery County Police,Property Damage Crash,04/14/2021 01:35:00 PM,County,SHADY GROVE RD,CRABBS BRANCH WAY,STRAIGHT MOVEMENT ANGLE,RAINING,WET,DAYLIGHT,TRAFFIC SIGNAL,NONE DETECTED,No,NO APPARENT INJURY,NOT DISTRACTED,MD,RECREATIONAL VEHICLE,40,2018,DODGE,DURANGO
MCP3133000V,190010039,Montgomery County Police,Property Damage Crash,03-04-19 7:28,Maryland (State),VEIRS MILL RD,FERRARA AVE,STRAIGHT MOVEMENT ANGLE,CLEAR,DRY,DAYLIGHT,TRAFFIC SIGNAL,NONE DETECTED,Yes,NO APPARENT INJURY,NOT DISTRACTED,MD,PASSENGER CAR,0,2002,CHRYSLER,TOWN COUNTRY
MCP3319001M,230011158,Montgomery County Police,Injury Crash,03-07-23 11:45,Maryland (State),GEORGIA AVE,DENNIS AVE,SAME DIR REAR END,CLEAR,DRY,DAYLIGHT,,,No,POSSIBLE INJURY,NOT DISTRACTED,MD,PASSENGER CAR,30,2017,CHEV,SD
MCP3450000P,250002786,MONTGOMERY,Property Damage Crash,01/20/2025 04:26:00 PM,County Route,,,Front to Rear,Clear,Dry,Daylight,No Controls,"Not Suspect of Alcohol Use, Not Suspect of Drug Use",No,No Apparent Injury,Not Distracted,MD,Passenger Car,30,2022,TOYOTA,COROLLA
MCP2760001F,170537672,Montgomery County Police,Injury Crash,10/19/2017 09:43:00 PM,Maryland (State),WOODFIELD RD,WARFIELD RD,STRAIGHT MOVEMENT ANGLE,CLEAR,DRY,DARK LIGHTS ON,TRAFFIC SIGNAL,,No,SUSPECTED MINOR INJURY,NOT DISTRACTED,MD,PASSENGER CAR,45,2016,NISSAN,SENTRA
MCP27660035,17008501,Montgomery County Police,Injury Crash,02/16/2017 08:08:00 PM,County,BEL PRE RD,LAYHILL RD,SAME DIR REAR END,CLEAR,DRY,DARK LIGHTS ON,,NONE DETECTED,No,NO APPARENT INJURY,NOT DISTRACTED,MD,(SPORT) UTILITY VEHICLE,35,2014,HONDA,PILOT
MCP2361002T,230052998,Montgomery County Police,Injury Crash,09-03-23 18:50,County,LOST KNIFE RD,CONTOUR RD,SAME DIRECTION SIDESWIPE,CLEAR,DRY,DUSK,TRAFFIC SIGNAL,NONE DETECTED,Yes,NO APPARENT INJURY,NOT DISTRACTED,MD,PASSENGER CAR,35,2018,HOND,ACCORD
MCP3002000W,16029991,Montgomery County Police,Property Damage Crash,06/14/2016 12:00:00 PM,Maryland (State),GOLDSBORO RD,ENT TO CONCORD ST ANDREWS UMC CHURCH,SAME DIR REAR END,CLEAR,DRY,DAYLIGHT,NO CONTROLS,NONE DETECTED,No,NO APPARENT INJURY,NOT DISTRACTED,MD,"CARGO VAN/LIGHT TRUCK 2 AXLES (OVER 10,000LBS (4,536 KG))",30,2008,FORD,VAN
MCP1151008N,180060957,Montgomery County Police,Property Damage Crash,12-06-18 8:35,County,CRYSTAL ROCK DR,SHADYSIDE LA,SAME DIRECTION SIDESWIPE,CLOUDY,DRY,DAYLIGHT,,NONE DETECTED,No,NO APPARENT INJURY,LOOKED BUT DID NOT SEE,MD,TRANSIT BUS,40,2013,OTHR,BUS
MCP3254002G,220042437,Montgomery County Police,Injury Crash,09/30/2022 08:44:00 AM,Maryland (State),CLOPPER RD,ALLSPICE RD,SAME DIR REAR END,CLEAR,DRY,DAYLIGHT,TRAFFIC SIGNAL,NONE DETECTED,Yes,NO APPARENT INJURY,UNKNOWN,MD,PASSENGER CAR,45,2015,DODGE,DART
MCP1522000Z,16032176,Montgomery County Police,Injury Crash,06/25/2016 01:26:00 PM,Maryland (State),RIDGE RD,HOLSEY RD,SAME DIR REAR END,CLEAR,DRY,DAYLIGHT,NO CONTROLS,,Yes,SUSPECTED SERIOUS INJURY,UNKNOWN,MD,PASSENGER CAR,40,2012,TOYOTA,CAMRY
MCP0487001R,170525494,Montgomery County Police,Property Damage Crash,08/18/2017 11:20:00 AM,County,SNOUFFERS SCHOOL RD,WOODFIELD RD,OTHER,CLEAR,DRY,DAYLIGHT,NO CONTROLS,NONE DETECTED,No,NO APPARENT INJURY,LOOKED BUT DID NOT SEE,MD,TRANSIT BUS,35,2004,ORION,BUS
DD56200092,230002611,Rockville Police Departme,Property Damage Crash,01/17/2023 08:45:00 AM,Other Public Roadway,IVY LEAGUE LA,HUNGERFORD DR,OPPOSITE DIRECTION SIDESWIPE,RAINING,WET,DAYLIGHT,,NONE DETECTED,No,NO APPARENT INJURY,NOT DISTRACTED,MD,PASSENGER CAR,25,2013,BMW,X5
MCP2874003F,180015817,Montgomery County Police,Injury Crash,04-01-18 19:27,Maryland (State),GEORGIA AVE,BLUERIDGE AVE,HEAD ON LEFT TURN,CLEAR,DRY,DAYLIGHT,TRAFFIC SIGNAL,NONE DETECTED,Yes,NO APPARENT INJURY,NOT DISTRACTED,MD,PASSENGER CAR,35,2002,TOYT,TK
MCP3320003H,250019262,MONTGOMERY,Property Damage Crash,05-02-25 14:25,County Route,,,"Sideswipe, Same Direction",Clear,Dry,Daylight,No Controls,"Not Suspect of Alcohol Use, Not Suspect of Drug Use",Yes,No Apparent Injury,Unknown,MD,Pickup,30,2013,FORD,F-150
MCP27530064,250001236,MONTGOMERY,Property Damage Crash,01-09-25 15:00,Interstate (State),CAPITAL BELTWAY (WB/L),,"Sideswipe, Same Direction",Clear,Dry,Daylight,No Controls,"Not Suspect of Alcohol Use, Not Suspect of Drug Use",No,No Apparent Injury,Not Distracted,MD,Passenger Car,45,2014,HONDA,CIVIC
MCP1477000R,230073516,Montgomery County Police,Property Damage Crash,12/25/2023 05:30:00 AM,County,OLD COLUMBIA PIKE,STEWART LA,,,,DARK LIGHTS ON,NO CONTROLS,,Yes,NO APPARENT INJURY,UNKNOWN,,,15,0,UNKNOWN,UNKNOWN
MCP31120022,190018206,Montgomery County Police,Injury Crash,04/18/2019 06:00:00 PM,Maryland (State),ROCKVILLE PIKE,JONES BRIDGE RD,SAME DIR REAR END,CLEAR,DRY,DAYLIGHT,TRAFFIC SIGNAL,NONE DETECTED,No,NO APPARENT INJURY,NOT DISTRACTED,MD,PASSENGER CAR,35,2006,BMW,325I
MCP2890000X,16012521,MONTGOMERY,Injury Crash,03/14/2016 12:24:00 AM,Maryland (State),GERMANTOWN RD,DAWSON FARM RD,SINGLE VEHICLE,RAINING,WET,DARK LIGHTS ON,TRAFFIC SIGNAL,,Yes,POSSIBLE INJURY,UNKNOWN,MD,POLICE VEHICLE/EMERGENCY,40,2011,CHEVY,CAPRICE
MCP30050015,16046199,Montgomery County Police,Injury Crash,09-09-16 12:45,County,GRANDVIEW AVE,KENSINGTON BLVD,STRAIGHT MOVEMENT ANGLE,CLEAR,DRY,DAYLIGHT,NO CONTROLS,NONE DETECTED,Yes,NO APPARENT INJURY,LOOKED BUT DID NOT SEE,MD,PASSENGER CAR,5,2015,TOYOTA,SUV
MCP2874001F,16025647,Montgomery County Police,Property Damage Crash,05/23/2016 04:44:00 PM,Maryland (State),GEORGIA AVE,BLUERIDGE AVE,SAME DIRECTION SIDESWIPE,RAINING,WET,DAYLIGHT,NO CONTROLS,NONE DETECTED,No,NO APPARENT INJURY,NOT DISTRACTED,MD,SCHOOL BUS,35,2006,THOMAS,SCHOOLBUS
EJ786600CH,230049458,Gaithersburg Police Depar,Property Damage Crash,08/14/2023 06:20:00 PM,County,SAM EIG HWY,DIAMONDBACK DR,SAME DIR REAR END,CLOUDY,WET,DAYLIGHT,NO CONTROLS,NONE DETECTED,No,NO APPARENT INJURY,NOT DISTRACTED,MD,(SPORT) UTILITY VEHICLE,40,2023,FORD,BRONCO
MCP27850026,16063232,Montgomery County Police,Injury Crash,12-09-16 14:40,Maryland (State),SPENCERVILLE RD,SPENCERVILLE ADVENTIST ACADEMY,SAME DIR REAR END,CLEAR,DRY,DAYLIGHT,,,Yes,NO APPARENT INJURY,INATTENTIVE OR LOST IN THOUGHT,MD,PASSENGER CAR,40,2003,NISSAN,SENTRA
MCP23620034,180028515,Montgomery County Police,Property Damage Crash,06-09-18 14:23,Maryland (State),NEW HAMPSHIRE AVE,OAKVIEW DR,SAME DIR REAR END,CLOUDY,DRY,DAYLIGHT,NO CONTROLS,,No,NO APPARENT INJURY,NOT DISTRACTED,MD,PASSENGER CAR,35,2009,TOYOTA,COROLLA
MCP3164005F,220012352,Montgomery County Police,Property Damage Crash,03/22/2022 02:00:00 PM,County,SHOREFIELD RD,BERNARD DR,SAME DIRECTION SIDESWIPE,CLEAR,DRY,DAYLIGHT,NO CONTROLS,NONE DETECTED,Yes,NO APPARENT INJURY,UNKNOWN,MD,PASSENGER CAR,25,2010,BMW,328I
MCP3213001L,220053480,Montgomery County Police,Property Damage Crash,12-04-22 2:29,Maryland (State),SANDY SPRING RD,DINO DR,SAME DIR REAR END,CLEAR,DRY,DARK LIGHTS ON,,NONE DETECTED,No,NO APPARENT INJURY,NOT DISTRACTED,DC,PASSENGER CAR,45,2002,HONDA,CIVIC
EJ7908000H,240048659,GAITHERSBURG,Injury Crash,10-11-24 18:26,Local Route,ALLIED PL,,Rear To Side,Clear,Dry,Dusk,No Controls,"Not Suspect of Alcohol Use, Not Suspect of Drug Use",Yes,No Apparent Injury,Not Distracted,MD,Passenger Car,10,2023,AUDI,A5
MCP3161002L,200044581,Montgomery County Police,Property Damage Crash,11-11-20 18:25,County,CORDELL AVE,WOODMONT AVE,HEAD ON,RAINING,WET,DARK LIGHTS ON,TRAFFIC SIGNAL,NONE DETECTED,No,NO APPARENT INJURY,NOT DISTRACTED,MD,PASSENGER CAR,25,2015,TOYOTA,CAMRY
MCP3355000R,230030022,Montgomery County Police,Property Damage Crash,06/23/2023 08:09:00 AM,US (State),GEORGIA AVE,JESSUP BLAIR DR,OTHER,RAINING,WET,DAYLIGHT,NO CONTROLS,NONE DETECTED,No,NO APPARENT INJURY,NOT DISTRACTED,DC,PASSENGER CAR,35,2016,CHEVROLET,MALIBU
MCP3280004Y,240011555,MONTGOMERY,Property Damage Crash,03-10-24 13:25,US (State),COLUMBIA PIKE,,Front to Rear,Clear,Dry,Daylight,No Controls,"Not Suspect of Alcohol Use, Not Suspect of Drug Use",No,No Apparent Injury,Not Distracted,MD,Passenger Car,50,2023,HYUNDAI,ELANTRA
MCP28990050,210027446,Montgomery County Police,Property Damage Crash,07/15/2021 11:54:00 PM,Interstate (State),EISENHOWER MEMORIAL HWY,MUDDY BRANCH RD,OTHER,CLEAR,DRY,DARK LIGHTS ON,,NONE DETECTED,No,NO APPARENT INJURY,NOT DISTRACTED,MD,FIRE VEHICLE/EMERGENCY,55,2008,SPARTAN,ENGINE
MCP2904001B,15047609,MONTGOMERY,Property Damage Crash,09/19/2015 11:21:00 PM,Maryland (State),NEW HAMPSHIRE AVE,OAKVIEW DR,SAME DIR REAR END,CLEAR,DRY,DARK NO LIGHTS,TRAFFIC SIGNAL,NONE DETECTED,No,NO APPARENT INJURY,NOT DISTRACTED,MD,VAN,40,2005,FORD,VAN
MCP34220014,240056262,MONTGOMERY,Property Damage Crash,11/23/2024 03:05:00 PM,Maryland (State) Route,GEORGIA AVE (SB/L),,"Sideswipe, Same Direction",Clear,Dry,Daylight,No Controls,"Not Suspect of Alcohol Use, Not Suspect of Drug Use",No,No Apparent Injury,Not Distracted,MD,Passenger Car,35,2013,LEXUS,RX
MCP2937001H,16002071,Montgomery County Police,Property Damage Crash,01-12-16 8:33,County,BRIGGS CHANEY RD,OLD COLUMBIA PIKE,SAME DIR REAR END,,DRY,DAYLIGHT,TRAFFIC SIGNAL,NONE DETECTED,No,NO APPARENT INJURY,NOT DISTRACTED,MD,"CARGO VAN/LIGHT TRUCK 2 AXLES (OVER 10,000LBS (4,536 KG))",40,2012,FORD,TCG
MCP23510041,210003491,Montgomery County Police,Injury Crash,01/28/2021 08:16:00 AM,County,RANDOLPH RD,GAYNOR RD,HEAD ON LEFT TURN,CLOUDY,DRY,DAYLIGHT,TRAFFIC SIGNAL,NONE DETECTED,No,POSSIBLE INJURY,NOT DISTRACTED,MD,(SPORT) UTILITY VEHICLE,40,2010,MAZDA,CX-71
DD556700BM,250050443,ROCKVILLE,Property Damage Crash,11-10-25 9:24,Maryland (State) Route,W MONTGOMERY AVE (WB/L),,"Sideswipe, Same Direction",Clear,Dry,Daylight,No Controls,"Not Suspect of Alcohol Use, Not Suspect of Drug Use",No,No Apparent Injury,Not Distracted,MD,Pickup,30,2020,FORD,F-150
MCP2867006N,180051012,Montgomery County Police,Property Damage Crash,10-12-18 6:35,Maryland (State),UNIVERSITY BLVD E,WHITESTONE RD,SAME DIR REAR END,CLEAR,DRY,DAWN,TRAFFIC SIGNAL,NONE DETECTED,Yes,NO APPARENT INJURY,UNKNOWN,MD,PASSENGER CAR,35,1999,TOYOTA,4D
MCP30850035,220015884,Montgomery County Police,Injury Crash,04/14/2022 05:30:00 PM,County,TUCKERMAN LA,VALERIAN LA,SAME DIRECTION LEFT TURN,CLEAR,DRY,DAYLIGHT,OTHER,NONE DETECTED,No,SUSPECTED MINOR INJURY,NOT DISTRACTED,MD,PASSENGER CAR,35,2017,FORD,ESCAPE
MCP30000008,16000109,Montgomery County Police,Property Damage Crash,01-01-16 13:22,,,,STRAIGHT MOVEMENT ANGLE,CLEAR,,DAYLIGHT,,NONE DETECTED,No,NO APPARENT INJURY,NOT DISTRACTED,MD,(SPORT) UTILITY VEHICLE,15,2005,NISSAN,MURANO
MCP27710057,250022258,MONTGOMERY,Injury Crash,05/20/2025 07:16:00 AM,County Route,,NEW HAMPSHIRE AVE (SB/L),Front to Front,Clear,Dry,Daylight,Traffic Control Signal,"Not Suspect of Alcohol Use, Not Suspect of Drug Use",Yes,No Apparent Injury,Not Distracted,MD,Bus - School,45,2018,FREIGHTLINER,B2 BUS CHASSIS
MCP137800GF,170500935,Montgomery County Police,Property Damage Crash,04-07-17 16:23,Maryland (State),GREAT SENECA HWY,HIGH GABLES DR,SINGLE VEHICLE,CLOUDY,DRY,DAYLIGHT,NO CONTROLS,NONE DETECTED,Yes,NO APPARENT INJURY,NOT DISTRACTED,MD,PASSENGER CAR,50,1999,HONDA,ACCORD
MCP2087000L,16061836,Montgomery County Police,Injury Crash,12-02-16 7:28,County,E RANDOLPH RD,NEW HAMPSHIRE AVE,STRAIGHT MOVEMENT ANGLE,CLEAR,DRY,DAYLIGHT,,NONE DETECTED,Yes,POSSIBLE INJURY,UNKNOWN,MD,PASSENGER CAR,40,2002,LEXU,GS300
MCP26350022,15022924,Montgomery County Police,Property Damage Crash,05/13/2015 06:12:00 PM,Maryland (State),NORBECK RD,CARROLTON RD,SAME DIR REAR END,CLEAR,DRY,DAYLIGHT,NO CONTROLS,,No,NO APPARENT INJURY,NOT DISTRACTED,MD,"CARGO VAN/LIGHT TRUCK 2 AXLES (OVER 10,000LBS (4,536 KG))",40,2010,CHEVROLET,EXPRESS
MCP2582002B,180037544,Montgomery County Police,Property Damage Crash,07/29/2018 03:55:00 AM,County,QUEENSGUARD RD,WOODWELL RD,SAME DIR REAR END,CLEAR,DRY,DARK LIGHTS ON,NO CONTROLS,UNKNOWN,Yes,NO APPARENT INJURY,INATTENTIVE OR LOST IN THOUGHT,MD,PASSENGER CAR,30,2005,HYUNDAI,TUCSON
MCP2195002J,180044307,Montgomery County Police,Property Damage Crash,09-05-18 12:57,County,CRABBS BRANCH WAY,SHADY GROVE RD,SINGLE VEHICLE,CLEAR,DRY,DAYLIGHT,NO CONTROLS,NONE DETECTED,Yes,NO APPARENT INJURY,UNKNOWN,MD,SCHOOL BUS,35,2013,THOM,BUS
MCP09360025,170506281,Montgomery County Police,Property Damage Crash,05-06-17 13:13,Maryland (State),WISCONSIN AVE,BATTERY LA,SAME DIRECTION RIGHT TURN,RAINING,WET,DAYLIGHT,TRAFFIC SIGNAL,NONE DETECTED,Yes,NO APPARENT INJURY,NOT DISTRACTED,DC,POLICE VEHICLE/NON EMERGENCY,25,2017,JEEP,CHEROKEE
MCP2946007D,240051066,MONTGOMERY,Injury Crash,10/25/2024 08:22:00 AM,Maryland (State) Route,FREDERICK RD,,Front to Rear,Clear,Dry,Daylight,No Controls,"Not Suspect of Alcohol Use, Not Suspect of Drug Use",No,No Apparent Injury,Not Distracted,PA,Sport Utility Vehicle,40,2024,HYUNDAI,TUCSON
MCP2965007G,230051474,Montgomery County Police,Injury Crash,08/26/2023 01:15:00 PM,Maryland (State),LAYHILL RD,NORVALE RD,SAME DIR REAR END,CLEAR,DRY,DAYLIGHT,TRAFFIC SIGNAL,NONE DETECTED,No,POSSIBLE INJURY,NOT DISTRACTED,MD,PICKUP TRUCK,40,2016,RAM,PK
MCP30860041,200007290,Montgomery County Police,Property Damage Crash,02/13/2020 10:30:00 AM,Maryland (State),MUNCASTER MILL RD,MEADOWSIDE LA,SINGLE VEHICLE,CLOUDY,WET,DAYLIGHT,NO CONTROLS,NONE DETECTED,Yes,NO APPARENT INJURY,NOT DISTRACTED,MD,PASSENGER CAR,40,2011,HYUNDAI,GENESIS
MCP2535000F,15019159,Montgomery County Police,Property Damage Crash,04/23/2015 07:22:00 PM,,,,STRAIGHT MOVEMENT ANGLE,CLEAR,,DAYLIGHT,NO CONTROLS,ALCOHOL PRESENT,Yes,NO APPARENT INJURY,NOT DISTRACTED,MD,PASSENGER CAR,10,2005,TOYOTA,MATRIX
EJ7829005T,190016922,Gaithersburg Police Depar,Property Damage Crash,04-11-19 16:50,Maryland (State),W DIAMOND AVE,MUDDY BRANCH RD,OTHER,CLOUDY,DRY,DAYLIGHT,NO CONTROLS,NONE DETECTED,No,NO APPARENT INJURY,NOT DISTRACTED,MD,PASSENGER CAR,35,2013,NISS,SENTRA