Report Number,Local Case Number,Agency Name,ACRS Report Type,Crash Date/Time,Route Type,Road Name,Cross-Street Name,Collision Type,Weather,Surface Condition,Light,Traffic Control,Driver Substance Abuse,Driver At Fault,Injury Severity,Driver Distracted By,Drivers License State,Vehicle Body Type,Speed Limit,Vehicle Year,Vehicle Make,Vehicle Model
MCP3389001C,250042913,MONTGOMERY,Injury Crash,09/24/2025 08:43:00 AM,Maryland (State) Route,,RITCHIE AVE,Angle,Cloudy,Dry,Daylight,Stop Sign,"Not Suspect of Alcohol Use, Not Suspect of Drug Use",Yes,No Apparent Injury,Unknown,DC,Passenger Car,30,2010,TOYOTA,HIGHLANDER
MCP30260052,200000750,Montgomery County Police,Property Damage Crash,12-06-19 17:30,,,,OTHER,CLEAR,,DARK LIGHTS ON,,UNKNOWN,Yes,NO APPARENT INJURY,UNKNOWN,,UNKNOWN,15,0,UNKNOWN,UNKNOWN
EJ7871005L,220020246,Gaithersburg Police Depar,Property Damage Crash,05-12-22 17:31,County,LOST KNIFE RD,MONTGOMERY VILLAGE AVE,SAME DIRECTION RIGHT TURN,CLEAR,DRY,DAYLIGHT,TRAFFIC SIGNAL,NONE DETECTED,Yes,NO APPARENT INJURY,LOOKED BUT DID NOT SEE,,PASSENGER CAR,25,2013,TOYOTA,CAMRY
MCP30310013,17519993,Montgomery County Police,Property Damage Crash,07/19/2017 04:30:00 PM,County,E RANDOLPH RD,TAMARACK RD,HEAD ON LEFT TURN,CLEAR,DRY,DAYLIGHT,TRAFFIC SIGNAL,NONE DETECTED,Yes,NO APPARENT INJURY,NOT DISTRACTED,MD,PASSENGER CAR,35,2012,MINI,2S
DD5594001B,15049344,ROCKVILLE,Property Damage Crash,09/29/2015 12:58:00 PM,Maryland (State),W MONTGOMERY AVE,ABERDEEN RD,SAME DIR REAR END,CLEAR,DRY,DAYLIGHT,NO CONTROLS,NONE DETECTED,No,NO APPARENT INJURY,NOT DISTRACTED,MD,PASSENGER CAR,30,2008,JEEP,SU
MCP2402000R,200041768,Montgomery County Police,Property Damage Crash,10/22/2020 07:39:00 PM,County,SAM EIG HWY,GREAT SENECA HWY,SAME DIR REAR END,CLEAR,DRY,DUSK,TRAFFIC SIGNAL,,No,NO APPARENT INJURY,NOT DISTRACTED,MD,PASSENGER CAR,50,2016,HONDA,CIVIC
MCP28550022,180006176,Montgomery County Police,Property Damage Crash,02-05-18 15:22,,,,OTHER,CLEAR,,DAYLIGHT,NO CONTROLS,NONE DETECTED,Yes,NO APPARENT INJURY,BY OTHER OCCUPANTS,MD,PASSENGER CAR,25,2001,LEXS,4S
MCP21980089,200041135,Montgomery County Police,Injury Crash,10/18/2020 08:33:00 PM,County,MUDDY BRANCH RD,GREAT SENECA HWY,SAME DIR REAR END,CLEAR,DRY,DARK LIGHTS ON,TRAFFIC SIGNAL,,Yes,NO APPARENT INJURY,UNKNOWN,MD,PASSENGER CAR,45,2019,HYUNDAI,ELANTRA
MCP320000C6,240026980,MONTGOMERY,Property Damage Crash,06-06-24 17:43,County Route,MONTROSE PKWY,,Other,Cloudy,Wet,Daylight,No Controls,"Not Suspect of Alcohol Use, Not Suspect of Drug Use",No,No Apparent Injury,Unknown,MD,Sport Utility Vehicle,30,2021,HYUNDAI,TUCSON
MCP1121001F,16042195,Montgomery County Police,Property Damage Crash,08/19/2016 09:48:00 PM,Maryland (State),MUNCASTER MILL RD,BOWIE MILL RD,SAME DIR REAR END,CLEAR,DRY,DARK LIGHTS ON,TRAFFIC SIGNAL,NONE DETECTED,Yes,NO APPARENT INJURY,TALKING OR LISTENING TO CELLULAR PHONE,MD,(SPORT) UTILITY VEHICLE,40,2002,TOYOTA,HIGHLANDER
MCP21180002,16024781,Montgomery County Police,Property Damage Crash,05/18/2016 07:30:00 PM,Maryland (State),FREDERICK RD,GUNNERS BRANCH RD,SAME DIR REAR END,CLOUDY,DRY,DUSK,TRAFFIC SIGNAL,UNKNOWN,Yes,NO APPARENT INJURY,NOT DISTRACTED,,PASSENGER CAR,35,2003,DODGE,CHARGER
MCP3325002M,230072812,Montgomery County Police,Property Damage Crash,12/20/2023 05:20:00 PM,US (State),COLUMBIA PIKE,FAIRLAND RD,STRAIGHT MOVEMENT ANGLE,CLEAR,DRY,DAWN,TRAFFIC SIGNAL,NONE DETECTED,Yes,NO APPARENT INJURY,LOOKED BUT DID NOT SEE,MD,PASSENGER CAR,50,2019,INFI,UT
MCP2689000R,15000405,Montgomery County Police,Property Damage Crash,01-03-15 11:16,,,,SINGLE VEHICLE,RAINING,,DAYLIGHT,NO CONTROLS,NONE DETECTED,Yes,NO APPARENT INJURY,UNKNOWN,MD,PASSENGER CAR,0,2013,HYUNDAI,SONATA
MCP28640020,16047162,Montgomery County Police,Injury Crash,09/14/2016 04:26:00 PM,Maryland (State),NORBECK RD,BALTIMORE RD,HEAD ON LEFT TURN,CLEAR,DRY,DAYLIGHT,TRAFFIC SIGNAL,NONE DETECTED,No,NO APPARENT INJURY,NOT DISTRACTED,MD,PASSENGER CAR,50,2016,SUBARU,FORESTER
MCP3125003V,220039215,Montgomery County Police,Property Damage Crash,09-09-22 15:30,County,CRABBS BRANCH WAY,STANDISH PL,HEAD ON LEFT TURN,CLEAR,DRY,DAYLIGHT,NO CONTROLS,,Yes,NO APPARENT INJURY,UNKNOWN,MN,VAN,25,2006,TOYOTA,SIENNA
MCP2970004P,180048701,Montgomery County Police,Property Damage Crash,09/29/2018 02:23:00 PM,County,ARCOLA AVE,NAIRN RD,SAME DIR REAR END,CLEAR,DRY,DAYLIGHT,NO CONTROLS,NONE DETECTED,No,NO APPARENT INJURY,NOT DISTRACTED,MD,PASSENGER CAR,30,2006,NISSAN,TERRA
MCP2921002J,180017904,Montgomery County Police,Injury Crash,04-12-18 17:53,Maryland (State),FREDERICK RD,MIDDLEBROOK RD,SAME DIR REAR END,CLEAR,DRY,DAYLIGHT,TRAFFIC SIGNAL,,Yes,NO APPARENT INJURY,NOT DISTRACTED,MD,VAN,40,2017,NISSAN,NV200
MCP2870001J,16025819,Montgomery County Police,Property Damage Crash,05/24/2016 03:58:00 PM,Interstate (State),CAPITAL BELTWAY,COLESVILLE RD,SAME DIR REAR END,CLEAR,DRY,DAYLIGHT,NO CONTROLS,NONE DETECTED,No,NO APPARENT INJURY,NOT DISTRACTED,MD,PASSENGER CAR,55,2008,HOND,ACCORD
MCP2921005T,250048770,MONTGOMERY,Injury Crash,10/30/2025 04:55:00 PM,County Route,OBSERVATION DR,,Rear To Side,Clear,Dry,Daylight,Traffic Control Signal,"Not Suspect of Alcohol Use, Not Suspect of Drug Use",No,Possible Injury,Not Distracted,MD,Passenger Car,40,2009,TOYOTA,RAV4
MCP2989002S,240027418,MONTGOMERY,Property Damage Crash,06-09-24 12:39,County Route,EDWARDS FERRY RD,,Front to Front,Clear,Dry,Daylight,No Controls,"Not Suspect of Alcohol Use, Not Suspect of Drug Use",No,No Apparent Injury,Not Distracted,MD,"Farm Equipment (Tractor, combine harvester, etc.)",30,1111,UNKNOWN,UNKNOWN
MCP2203008S,240057378,MONTGOMERY,Property Damage Crash,11/30/2024 07:10:00 PM,Maryland (State) Route,GEORGIA AVE (SB/L),,Front to Rear,Clear,Dry,Dark - Lighted,Traffic Control Signal,"Not Suspect of Alcohol Use, Not Suspect of Drug Use",Yes,No Apparent Injury,Unknown,,Sport Utility Vehicle,25,2015,NISSAN,ROGUE
MCP3168001Z,200023630,Montgomery County Police,Property Damage Crash,06/16/2020 04:45:00 PM,County,RANDOLPH RD,HUNTERS LA,SAME DIRECTION SIDESWIPE,CLEAR,DRY,DAYLIGHT,NO CONTROLS,NONE DETECTED,No,NO APPARENT INJURY,NOT DISTRACTED,MD,TRANSIT BUS,35,2013,NEW FLYER,TBU
MCP28050058,250014712,MONTGOMERY,Property Damage Crash,04-04-25 14:35,County Route,DEMOCRACY BLVD,,Rear To Rear,Cloudy,Dry,Daylight,No Controls,"Not Suspect of Alcohol Use, Not Suspect of Drug Use",No,No Apparent Injury,Not Distracted,MD,Sport Utility Vehicle,45,2020,CHEVROLET,TAHOE
MCP2938001C,180019450,Montgomery County Police,Injury Crash,04/21/2018 01:10:00 AM,Maryland (State),BRADLEY BLVD,ARLINGTON RD,STRAIGHT MOVEMENT ANGLE,CLEAR,DRY,DARK LIGHTS ON,FLASHING TRAFFIC SIGNAL,NONE DETECTED,Yes,NO APPARENT INJURY,NOT DISTRACTED,VA,PASSENGER CAR,35,2010,NISSAN,ALTIMA
MCP3267001Z,230055839,Montgomery County Police,Property Damage Crash,09/19/2023 08:30:00 PM,Maryland (State),VEIRS MILL RD,RANDOLPH RD,SAME DIR REAR END,CLEAR,DRY,DARK LIGHTS ON,TRAFFIC SIGNAL,NONE DETECTED,No,NO APPARENT INJURY,NOT DISTRACTED,MD,TRANSIT BUS,35,2017,GILG,BU
MCP0672000L,180031998,Montgomery County Police,Property Damage Crash,06/29/2018 01:00:00 AM,County,OMEGA DR,RESEARCH BLVD,SINGLE VEHICLE,CLEAR,DRY,DARK LIGHTS ON,NO CONTROLS,NONE DETECTED,Yes,NO APPARENT INJURY,NOT DISTRACTED,MD,PASSENGER CAR,35,2009,HONDA,CIVIC
MCP2717004K,16000794,Montgomery County Police,Property Damage Crash,01-05-16 15:00,County,DEMOCRACY BLVD,ROCKLEDGE DR,SAME DIR REAR END,CLEAR,DRY,DAYLIGHT,NO CONTROLS,NONE DETECTED,Yes,NO APPARENT INJURY,LOOKED BUT DID NOT SEE,DC,PASSENGER CAR,35,1998,HONDA,ACCORD
EJ7851001C,16007932,Gaithersburg Police Depar,Property Damage Crash,02/17/2016 09:22:00 AM,Municipality,VICTORY FARM DR,GIRARD ST,SAME DIR REAR END,CLEAR,,DAYLIGHT,YIELD SIGN,UNKNOWN,Yes,NO APPARENT INJURY,UNKNOWN,,PASSENGER CAR,20,2003,HONDA,PILOT
MCP30840052,210034549,Montgomery County Police,Injury Crash,09-03-21 12:16,County,DEMOCRACY BLVD,MAYFIELD DR,HEAD ON LEFT TURN,CLEAR,DRY,DAYLIGHT,NO CONTROLS,NONE DETECTED,No,POSSIBLE INJURY,NOT DISTRACTED,MD,PASSENGER CAR,35,2002,CADI,4S
MCP2358005W,190013002,Montgomery County Police,Property Damage Crash,03/21/2019 08:00:00 AM,County,OAKLYN DR,POTOMAC STATION LA,SINGLE VEHICLE,RAINING,WET,DAYLIGHT,NO CONTROLS,NONE DETECTED,Yes,NO APPARENT INJURY,NOT DISTRACTED,MD,PASSENGER CAR,35,2016,FORD,MUSTANG
MCP2946007N,240056582,MONTGOMERY,Injury Crash,11/25/2024 01:05:00 PM,County Route,SUNDOWN RD,,Front to Front,Clear,Dry,Daylight,No Controls,"Not Suspect of Alcohol Use, Not Suspect of Drug Use",Yes,Suspected Minor Injury,Unknown,MD,Sport Utility Vehicle,35,2020,HYUNDAI,TUCSON
DD5620000F,17010977,Rockville Police Departme,Property Damage Crash,03-01-17 19:12,Maryland (State),ROCKVILLE PIKE,WOOTTON PKWY,SAME DIR REAR END,CLEAR,DRY,DARK LIGHTS ON,,NONE DETECTED,No,NO APPARENT INJURY,NOT DISTRACTED,MD,PASSENGER CAR,40,2008,TOYOTA,COROLLA
MCP12210041,170538255,Montgomery County Police,Property Damage Crash,10/23/2017 07:50:00 AM,Maryland (State),FREDERICK RD,MONTGOMERY VILLAGE AVE,SAME DIRECTION SIDESWIPE,CLOUDY,DRY,DAYLIGHT,NO CONTROLS,NONE DETECTED,Yes,NO APPARENT INJURY,UNKNOWN,MD,PICKUP TRUCK,35,2003,GMC,SIERRA
MCP2837005X,230073149,Montgomery County Police,Injury Crash,12/22/2023 01:45:00 PM,County,RANDOLPH RD,GALENA RD,SAME DIR REAR END,,DRY,DAYLIGHT,NO CONTROLS,NONE DETECTED,Yes,NO APPARENT INJURY,OTHER DISTRACTION,MD,PASSENGER CAR,40,2023,TESL,SD
DD5635004P,240000674,ROCKVILLE,Property Damage Crash,01-04-24 20:31,Municipality Route,,ROCKVILLE PIKE (SB/L),Other,Clear,Dry,Dark - Lighted,Traffic Control Signal,"Not Suspect of Alcohol Use, Not Suspect of Drug Use",No,No Apparent Injury,Unknown,MD,Passenger Car,40,2016,AUDI,A4
MCP24500042,220035346,Montgomery County Police,Property Damage Crash,08/16/2022 02:45:00 PM,Maryland (State),UNIVERSITY BLVD E,GLENVILLE RD,SAME DIR REAR END,,DRY,DAYLIGHT,NO CONTROLS,NONE DETECTED,No,NO APPARENT INJURY,UNKNOWN,MD,PASSENGER CAR,30,2017,TOYOTA,RAV4
MCP3280004F,230071615,Montgomery County Police,Injury Crash,12/14/2023 06:15:00 AM,US (State),COLUMBIA PIKE,FAIRLAND RD,SAME DIR REAR END,CLEAR,DRY,DARK NO LIGHTS,NO CONTROLS,NONE DETECTED,Yes,SUSPECTED MINOR INJURY,UNKNOWN,MD,POLICE VEHICLE/EMERGENCY,50,2022,FORD,EXPLORER
MCP3079003R,210028577,Montgomery County Police,Injury Crash,07/23/2021 05:33:00 PM,County,MIDDLEBROOK RD,CENTURY BLVD,ANGLE MEETS LEFT TURN,CLEAR,DRY,DAYLIGHT,TRAFFIC SIGNAL,NONE DETECTED,No,NO APPARENT INJURY,NOT DISTRACTED,MD,PASSENGER CAR,30,2017,CHEVY,MALIBU
MCP3381001S,240041125,MONTGOMERY,Property Damage Crash,08/30/2024 04:11:00 PM,County Route,LEAMAN FARM RD,GREAT SENECA HWY (SB/L),Angle,Clear,Dry,Daylight,No Controls,"Not Suspect of Alcohol Use, Not Suspect of Drug Use",Yes,No Apparent Injury,Unknown,MD,Passenger Car,35,2010,TOYOTA,COROLLA
MCP1305006F,250045502,MONTGOMERY,Property Damage Crash,10-09-25 21:33,Maryland (State) Route,WOODFIELD RD,MUNCASTER MILL RD,Angle,Clear,Dry,Dark - Lighted,Traffic Control Signal,"Unknown, Unknown",No,,,,Passenger Car,35,2014,MERCEDES-BENZ,C-CLASS
DD5668000C,230032091,Rockville Police Departme,Property Damage Crash,07-05-23 18:54,Municipality,LEWIS AVE,EDMONSTON DR,STRAIGHT MOVEMENT ANGLE,CLEAR,DRY,DAYLIGHT,NO CONTROLS,,Yes,NO APPARENT INJURY,LOOKED BUT DID NOT SEE,MD,PASSENGER CAR,25,2009,TOYT,SD
MCP2515001H,180052600,Montgomery County Police,Property Damage Crash,10/20/2018 04:11:00 PM,County,WARFIELD RD,WOODFIELD RD,SAME DIR REAR END,CLEAR,DRY,DAYLIGHT,TRAFFIC SIGNAL,ALCOHOL PRESENT,Yes,NO APPARENT INJURY,UNKNOWN,MD,PASSENGER CAR,30,2001,DODGE,RAM
MCP30670037,250029611,MONTGOMERY,Injury Crash,07-03-25 13:30,County Route,EMORY GROVE RD,,Front to Front,Clear,Dry,Daylight,No Controls,"Not Suspect of Alcohol Use, Not Suspect of Drug Use",No,Suspected Minor Injury,Not Distracted,MD,Passenger Car,25,2017,HYUNDAI,SANTA FE
MCP9399000S,16044760,Montgomery County Police,Injury Crash,09-01-16 21:50,County,DUFIEF MILL RD,MUDDY BRANCH RD,SAME DIR REAR END,RAINING,WET,DARK LIGHTS ON,NO CONTROLS,NONE DETECTED,Yes,POSSIBLE INJURY,NOT DISTRACTED,MD,PASSENGER CAR,35,1999,HONDA,CRV
MCP29290032,180034464,Montgomery County Police,Property Damage Crash,07-12-18 13:49,Maryland (State),GEORGIA AVE,EMORY CHURCH RD,STRAIGHT MOVEMENT ANGLE,CLEAR,DRY,DAYLIGHT,TRAFFIC SIGNAL,NONE DETECTED,No,NO APPARENT INJURY,NOT DISTRACTED,MD,PASSENGER CAR,50,2006,FORD,CROWN VICTORIA
DM84390043,250010712,TAKOMA,Property Damage Crash,03-11-25 18:31,Municipality Route,ALLEY #4,,Angle,Clear,Dry,Daylight,Traffic Control Signal,"Not Suspect of Alcohol Use, Not Suspect of Drug Use",No,No Apparent Injury,Not Distracted,MD,Sport Utility Vehicle,35,2007,HONDA,CR-V
MCP2906001J,180012691,Montgomery County Police,Property Damage Crash,03/13/2018 07:40:00 PM,Municipality,S SUMMIT AVE,OLDE TOWNE AVE,STRAIGHT MOVEMENT ANGLE,CLEAR,DRY,DARK LIGHTS ON,STOP SIGN,,Yes,NO APPARENT INJURY,LOOKED BUT DID NOT SEE,MD,PASSENGER CAR,25,2015,TOYT,4S
MCP29480043,210022012,Montgomery County Police,Property Damage Crash,06-09-21 19:00,,,,OTHER,CLEAR,,DAYLIGHT,,NONE DETECTED,No,NO APPARENT INJURY,NOT DISTRACTED,MD,SCHOOL BUS,5,2018,THOMAS,SCHOOL BUS
MCP1305000J,16004730,Montgomery County Police,Property Damage Crash,01/29/2016 12:18:00 PM,,,,OTHER,CLEAR,,DAYLIGHT,NO CONTROLS,,No,NO APPARENT INJURY,NOT DISTRACTED,MD,PASSENGER CAR,0,2012,TOYOTA,PC
DD5646000R,200051305,Rockville Police Departme,Property Damage Crash,12/30/2020 08:40:00 AM,Maryland (State),W MONTGOMERY AVE,RAMP 1 FR IS 270 NB TO MD 28 WB,SAME DIR REAR END,CLEAR,DRY,DAYLIGHT,YIELD SIGN,UNKNOWN,Yes,NO APPARENT INJURY,UNKNOWN,,(SPORT) UTILITY VEHICLE,35,0,NISSAN,PATHFINDER/XTERRA
MCP3303000R,210040062,Montgomery County Police,Property Damage Crash,10-07-21 17:35,Maryland (State),FREDERICK RD,GREENBROOK DR,STRAIGHT MOVEMENT ANGLE,CLEAR,DRY,DAYLIGHT,NO CONTROLS,NONE DETECTED,Yes,NO APPARENT INJURY,LOOKED BUT DID NOT SEE,XX,PASSENGER CAR,35,2008,HONDA,CIVIC
MCP12350054,230068802,Montgomery County Police,Property Damage Crash,11/28/2023 07:20:00 PM,Maryland (State),UNIVERSITY BLVD E,E FRANKLIN AVE,SAME DIR REAR END,CLEAR,ICE,DARK LIGHTS ON,NO CONTROLS,NONE DETECTED,No,NO APPARENT INJURY,NOT DISTRACTED,DC,PASSENGER CAR,40,2006,BMW,325
MCP94240022,190004073,Montgomery County Police,Injury Crash,01/26/2019 12:40:00 AM,,,,SINGLE VEHICLE,CLEAR,,DARK LIGHTS ON,,NONE DETECTED,Yes,NO APPARENT INJURY,LOOKED BUT DID NOT SEE,MD,(SPORT) UTILITY VEHICLE,15,2006,FORD,TK
MCP94190038,220016766,Montgomery County Police,Property Damage Crash,04/19/2022 04:00:00 PM,Maryland (State),CONNECTICUT AVE,CHEVY CHASE CIR,SAME DIR BOTH LEFT TURN,CLEAR,DRY,DAYLIGHT,NO CONTROLS,,No,NO APPARENT INJURY,NOT DISTRACTED,MD,PASSENGER CAR,30,2007,CHEVY,MALIBU
MCP3023003H,190054844,Montgomery County Police,Injury Crash,11/14/2019 08:00:00 AM,County,ASPEN HILL RD,ORIENTAL ST,ANGLE MEETS LEFT TURN,CLEAR,DRY,DAYLIGHT,STOP SIGN,NONE DETECTED,Yes,NO APPARENT INJURY,NOT DISTRACTED,MD,PASSENGER CAR,30,2009,HONDA,ACCORD
MCP0036003B,15061569,MONTGOMERY,Injury Crash,12-02-15 17:32,Maryland (State),RIDGE RD,HIGH CORNER ST,STRAIGHT MOVEMENT ANGLE,RAINING,WET,DARK LIGHTS ON,TRAFFIC SIGNAL,NONE DETECTED,Yes,NO APPARENT INJURY,NOT DISTRACTED,MD,PASSENGER CAR,30,2015,FORD,4DR
MCP2358008F,210023032,Montgomery County Police,Property Damage Crash,06/16/2021 02:45:00 PM,Maryland (State),RIVER RD,BEECH TREE RD,SAME DIR REAR END,CLEAR,DRY,DARK LIGHTS ON,TRAFFIC SIGNAL,UNKNOWN,Unknown,NO APPARENT INJURY,UNKNOWN,,PASSENGER CAR,35,2020,BMW,525
MCP15630074,210045371,Montgomery County Police,Injury Crash,11-09-21 12:40,Maryland (State),ROCKVILLE PIKE,SOUTH DR,SAME DIR REAR END,CLEAR,DRY,DAYLIGHT,NO CONTROLS,NONE DETECTED,Yes,NO APPARENT INJURY,NOT DISTRACTED,MD,PASSENGER CAR,35,2014,TOYT,4S
MCP33620017,230031899,Montgomery County Police,Property Damage Crash,07-04-23 14:00,Maryland (State),UNIVERSITY BLVD E,PINEY BRANCH RD,SAME DIRECTION SIDESWIPE,CLEAR,DRY,DAYLIGHT,NO CONTROLS,NONE DETECTED,Yes,NO APPARENT INJURY,LOOKED BUT DID NOT SEE,MD,PASSENGER CAR,35,2015,TOYOTA,PATHFINDER
MCP27800020,16046447,Montgomery County Police,Property Damage Crash,09-10-16 14:26,,,,SAME DIRECTION RIGHT TURN,,,,NO CONTROLS,NONE DETECTED,Yes,NO APPARENT INJURY,NOT DISTRACTED,MD,PASSENGER CAR,0,2014,ACURA,MDX
MCP28010019,16003752,Montgomery County Police,Property Damage Crash,01/21/2016 01:29:00 AM,US (State),BALTIMORE AVE,RAMP 1 FR US 1 NB TO IS 95 WB,SINGLE VEHICLE,SNOW,SNOW,DARK -- UNKNOWN LIGHTING,NO CONTROLS,,Yes,NO APPARENT INJURY,NOT DISTRACTED,MD,AMBULANCE/NON EMERGENCY,25,2007,FREI,DS
MCP1519001V,170502442,Montgomery County Police,Injury Crash,04/16/2017 12:40:00 PM,Maryland (State),RIDGE RD,DAVIS MILL RD,SAME DIR REAR END,CLEAR,DRY,DAYLIGHT,NO CONTROLS,NONE DETECTED,No,NO APPARENT INJURY,NOT DISTRACTED,MD,PASSENGER CAR,40,2006,HONDA,CIVIC
MCP29690076,190047592,Montgomery County Police,Property Damage Crash,10-04-19 9:45,County,NORWOOD RD,DR BIRD RD,SAME DIRECTION SIDESWIPE,CLEAR,DRY,DAYLIGHT,NO CONTROLS,NONE DETECTED,No,NO APPARENT INJURY,NOT DISTRACTED,MD,PASSENGER CAR,40,2008,CHEVROLET,IMPALA
MCP2348002W,170522835,Montgomery County Police,Injury Crash,08-03-17 19:46,County,LOCKRIDGE DR,LOMBARDY RD,STRAIGHT MOVEMENT ANGLE,CLEAR,WET,DUSK,STOP SIGN,NONE DETECTED,Yes,POSSIBLE INJURY,NOT DISTRACTED,MD,PASSENGER CAR,25,2012,MAZD,SW
MCP2774001N,16014981,MONTGOMERY,Property Damage Crash,03/27/2016 02:53:00 AM,Maryland (State),GEORGIA AVE,SPRING ST,STRAIGHT MOVEMENT ANGLE,CLEAR,DRY,DARK LIGHTS ON,FLASHING TRAFFIC SIGNAL,NONE DETECTED,Yes,NO APPARENT INJURY,NOT DISTRACTED,MD,PASSENGER CAR,25,2006,NISS,ALTIMA
MCP2753000S,15016763,Montgomery County Police,Injury Crash,04-11-15 11:31,Maryland (State),GEORGIA AVE,HEWITT AVE,SAME DIR REND LEFT TURN,CLEAR,DRY,DAYLIGHT,TRAFFIC SIGNAL,NONE DETECTED,No,NO APPARENT INJURY,NOT DISTRACTED,MD,PASSENGER CAR,45,2003,ACUR,4S
MCP2372002Q,200001839,Montgomery County Police,Injury Crash,01-11-20 12:32,County,FALLS RD,GARDEN WAY,SAME DIR REAR END,CLEAR,DRY,DAYLIGHT,NO CONTROLS,NONE DETECTED,Yes,NO APPARENT INJURY,LOOKED BUT DID NOT SEE,MD,(SPORT) UTILITY VEHICLE,30,2017,HOND,HR-V
MCP2641002Y,220056975,Montgomery County Police,Property Damage Crash,12/23/2022 12:45:00 PM,Maryland (State),LAYTONSVILLE RD,ROCKY RD,SAME DIR REAR END,SEVERE WINDS,WET,DAYLIGHT,NO CONTROLS,NONE DETECTED,No,NO APPARENT INJURY,NOT DISTRACTED,MD,VAN,45,2008,HONDA,ODYSSEY
DD5625000M,180028943,Rockville Police Departme,Injury Crash,06-12-18 8:27,County,E GUDE DR,DOVER RD,HEAD ON LEFT TURN,CLEAR,DRY,DAYLIGHT,TRAFFIC SIGNAL,NONE DETECTED,No,NO APPARENT INJURY,NOT DISTRACTED,PA,PASSENGER CAR,40,1999,TOYOTA,SW
MCP15750038,15059039,MONTGOMERY,Property Damage Crash,11/19/2015 09:09:00 AM,County,CRABBS BRANCH WAY,INDIANOLA DR,HEAD ON LEFT TURN,RAINING,WET,DAYLIGHT,NO CONTROLS,NONE DETECTED,Yes,NO APPARENT INJURY,NOT DISTRACTED,VA,"OTHER LIGHT TRUCKS (10,000LBS (4,536KG) OR LESS)",35,2009,INTERNATIONAL,TK
MCP23850030,230000138,MONTGOMERY,Injury Crash,01-01-24 23:22,Maryland (State) Route,WOODFIELD RD,,Single Vehicle,Clear,Dry,Dark - Lighted,No Controls,"Not Suspect of Alcohol Use, Not Suspect of Drug Use",Yes,No Apparent Injury,Unknown,MD,Passenger Car,40,2017,FORD,MUSTANG
MCP2059003G,17011935,Montgomery County Police,Property Damage Crash,03-07-17 5:53,Maryland (State),CONNECTICUT AVE,BEACH DR,STRAIGHT MOVEMENT ANGLE,RAINING,WET,DARK LIGHTS ON,TRAFFIC SIGNAL,NONE DETECTED,No,NO APPARENT INJURY,NOT DISTRACTED,MD,PASSENGER CAR,35,2014,JEEP,CHEROKEE
MCP23470021,190004373,Montgomery County Police,Property Damage Crash,01/28/2019 09:28:00 AM,,,,OTHER,,,DAYLIGHT,NO CONTROLS,NONE DETECTED,Yes,NO APPARENT INJURY,NOT DISTRACTED,MD,PASSENGER CAR,0,2004,TOYOTA,SIENNA
EJ7878000C,190045184,Gaithersburg Police Depar,Injury Crash,09/20/2019 09:57:00 PM,County,MUDDY BRANCH RD,DIAMONDBACK DR,OTHER,CLEAR,DRY,DARK LIGHTS ON,TRAFFIC SIGNAL,,Unknown,NO APPARENT INJURY,NOT DISTRACTED,MD,PASSENGER CAR,45,2012,HOND,4S
MCP2637005V,250008431,MONTGOMERY,Property Damage Crash,02/26/2025 06:43:00 AM,Maryland (State) Route,DARNESTOWN RD,,Single Vehicle,Clear,Dry,Daylight,No Controls,"Not Suspect of Alcohol Use, Not Suspect of Drug Use",No,No Apparent Injury,Not Distracted,MD,Bus - School,40,2021,FREIGHTLINER,B2 BUS CHASSIS
MCP271700M8,190004760,Montgomery County Police,Injury Crash,01/30/2019 03:45:00 PM,Interstate (State),CABIN JOHN PKWY,CLARA BARTON PKWY,SINGLE VEHICLE,CLEAR,ICE,DAYLIGHT,NO CONTROLS,NONE DETECTED,Yes,SUSPECTED MINOR INJURY,UNKNOWN,MD,(SPORT) UTILITY VEHICLE,35,2007,HONDA,PILOT
MCP2460001V,250010686,MONTGOMERY,Property Damage Crash,03-11-25 16:49,Maryland (State) Route,MUNCASTER MILL RD,,Front to Rear,Clear,Dry,Daylight,No Controls,"Not Suspect of Alcohol Use, Not Suspect of Drug Use",Yes,No Apparent Injury,Not Distracted,MD,Sport Utility Vehicle,40,2005,SUBARU,FORESTER
MCP27280061,180063042,Montgomery County Police,Property Damage Crash,12/14/2018 03:20:00 PM,Maryland (State),UNIVERSITY BLVD W,LORAIN AVE,STRAIGHT MOVEMENT ANGLE,RAINING,WET,DAYLIGHT,NO CONTROLS,NONE DETECTED,No,NO APPARENT INJURY,NOT DISTRACTED,MD,PASSENGER CAR,35,2018,HONDA,ACCORD
MCP27260085,230062058,Montgomery County Police,Property Damage Crash,10/23/2023 08:47:00 AM,County,E GUDE DR,CALHOUN DR,SINGLE VEHICLE,CLEAR,DRY,DAYLIGHT,,NONE DETECTED,Yes,NO APPARENT INJURY,LOOKED BUT DID NOT SEE,MD,PASSENGER CAR,40,2008,BMW,M5
MCP2610000V,170512198,Montgomery County Police,Injury Crash,06-06-17 20:38,County,GREAT SENECA HWY,KEY WEST AVE,SAME DIR REAR END,,DRY,DARK LIGHTS ON,TRAFFIC SIGNAL,NONE DETECTED,Yes,POSSIBLE INJURY,INATTENTIVE OR LOST IN THOUGHT,MD,PASSENGER CAR,50,2016,TOYT,4S