Report Number,Local Case Number,Agency Name,ACRS Report Type,Crash Date/Time,Route Type,Road Name,Cross-Street Name,Collision Type,Weather,Surface Condition,Light,Traffic Control,Driver Substance Abuse,Driver At Fault,Injury Severity,Driver Distracted By,Drivers License State,Vehicle Body Type,Speed Limit,Vehicle Year,Vehicle Make,Vehicle Model
MCP2676002H,170503955,Montgomery County Police,Property Damage Crash,04/24/2017 06:00:00 PM,County,AIRPARK RD,ANTARES DR,SINGLE VEHICLE,RAINING,WET,DAYLIGHT,NO CONTROLS,,Yes,NO APPARENT INJURY,NOT DISTRACTED,MD,PASSENGER CAR,40,2003,HOND,4S
MCP24380035,210030466,Montgomery County Police,Property Damage Crash,08-05-21 18:30,US (State),COLUMBIA PIKE,GREENCASTLE RD,SAME DIR REAR END,CLEAR,DRY,DAYLIGHT,NO CONTROLS,ALCOHOL PRESENT,Yes,NO APPARENT INJURY,NOT DISTRACTED,MD,PASSENGER CAR,55,2004,FORD,F250
MCP2564000J,15046036,MONTGOMERY,Property Damage Crash,09-11-15 20:13,County,SNOUFFERS SCHOOL RD,GOSHEN RD,SAME DIR REAR END,CLEAR,DRY,DARK LIGHTS ON,NO CONTROLS,NONE DETECTED,No,NO APPARENT INJURY,NOT DISTRACTED,MD,PASSENGER CAR,40,2006,NISSAN,ALTIMA
MCP3085001W,190053496,Montgomery County Police,Injury Crash,11-06-19 16:09,County,MACARTHUR BLVD,81ST ST,HEAD ON LEFT TURN,CLEAR,DRY,DAYLIGHT,NO CONTROLS,NONE DETECTED,Yes,NO APPARENT INJURY,NOT DISTRACTED,DC,PASSENGER CAR,35,2018,PORSCHE,CAYMAN
MCP3059007Z,220021738,Montgomery County Police,Injury Crash,05/21/2022 07:19:00 PM,Maryland (State),GERMANTOWN RD,RAMP 2 FR MD 118 WB TO IS 270 NB,SINGLE VEHICLE,CLEAR,DRY,,NO CONTROLS,UNKNOWN,Yes,SUSPECTED SERIOUS INJURY,UNKNOWN,MD,MOTORCYCLE,40,2009,YAMAHA,MC
MCP2798000X,15019002,Montgomery County Police,Property Damage Crash,04/22/2015 10:36:00 PM,Maryland (State),16TH ST,COLESVILLE RD,STRAIGHT MOVEMENT ANGLE,CLEAR,DRY,DARK LIGHTS ON,YIELD SIGN,NONE DETECTED,No,NO APPARENT INJURY,NOT DISTRACTED,DC,PASSENGER CAR,40,2010,VOLKSWGN,JETTA
MCP32080020,210037023,Montgomery County Police,Property Damage Crash,09/20/2021 12:24:00 AM,,,,SAME DIR REAR END,CLEAR,,DARK LIGHTS ON,NO CONTROLS,,No,NO APPARENT INJURY,NOT DISTRACTED,MD,PASSENGER CAR,5,2020,TOYOTA,CAMRY
MCP3201005V,240019261,MONTGOMERY,Property Damage Crash,04/25/2024 09:22:00 AM,County Route,OVERLOOK PARK DR,CLARKSBURG RD,"Sideswipe, Same Direction",Cloudy,Dry,Daylight,"Person (including flagger, law enforcement, crossing guard, etc.","Not Suspect of Alcohol Use, Not Suspect of Drug Use",Yes,No Apparent Injury,Not Distracted,MD,Bus - School,35,2022,FREIGHTLINER,B2 BUS CHASSIS
MCP21020015,180027885,Montgomery County Police,Property Damage Crash,06-06-18 14:32,Maryland (State),VEIRS MILL RD,RANDOLPH RD,SAME DIRECTION SIDESWIPE,CLEAR,DRY,DAYLIGHT,TRAFFIC SIGNAL,NONE DETECTED,No,NO APPARENT INJURY,NOT DISTRACTED,MD,PASSENGER CAR,40,2011,HONDA,ACCORD
MCP1064003D,15048163,MONTGOMERY,Property Damage Crash,09/23/2015 07:13:00 AM,US (State),COLUMBIA PIKE,INDUSTRIAL PKWY,SAME DIR REAR END,CLEAR,DRY,DAYLIGHT,TRAFFIC SIGNAL,,No,NO APPARENT INJURY,NOT DISTRACTED,VA,(SPORT) UTILITY VEHICLE,50,2007,MERZ,ML320
MCP3212003N,220028192,Montgomery County Police,Property Damage Crash,06/30/2022 07:18:00 PM,,,,STRAIGHT MOVEMENT ANGLE,CLEAR,,DAYLIGHT,,NONE DETECTED,Yes,NO APPARENT INJURY,LOOKED BUT DID NOT SEE,MD,"CARGO VAN/LIGHT TRUCK 2 AXLES (OVER 10,000LBS (4,536 KG))",5,1989,CHEV,TRUCK
MCP2853006S,190048348,Montgomery County Police,Property Damage Crash,10-08-19 16:41,Maryland (State),NEW HAMPSHIRE AVE,ADELPHI RD,SAME DIRECTION SIDESWIPE,CLEAR,DRY,DAYLIGHT,TRAFFIC SIGNAL,,Yes,NO APPARENT INJURY,LOOKED BUT DID NOT SEE,MD,"CARGO VAN/LIGHT TRUCK 2 AXLES (OVER 10,000LBS (4,536 KG))",40,2017,WEST,4700SB
MCP27030047,240030918,MONTGOMERY,Injury Crash,06/30/2024 04:00:00 PM,County Route,MANCHESTER RD,,Angle,Clear,Dry,Daylight,No Controls,"Not Suspect of Alcohol Use, Not Suspect of Drug Use",Yes,No Apparent Injury,Not Distracted,MD,Passenger Car,15,2019,LAND ROVER,DISCOVERY
MCP2682005G,240047974,MONTGOMERY,Property Damage Crash,10-08-24 2:36,Maryland (State) Route,KEY WEST AVE (WB/L),,Single Vehicle,Clear,Dry,Dark - Not Lighted,No Controls,"Not Suspect of Alcohol Use, Not Suspect of Drug Use",No,No Apparent Injury,Not Distracted,MD,Sport Utility Vehicle,35,2021,CHEVROLET,TAHOE
MCP29220009,15026663,Montgomery County Police,Property Damage Crash,06-02-15 0:02,,,,OTHER,RAINING,,DARK LIGHTS ON,,,Yes,NO APPARENT INJURY,NOT DISTRACTED,MD,POLICE VEHICLE/NON EMERGENCY,5,2013,DODGE,RAM
MCP24660013,16015742,Montgomery County Police,Injury Crash,03/31/2016 04:18:00 PM,County,RANDOLPH RD,HEURICH RD,STRAIGHT MOVEMENT ANGLE,CLEAR,DRY,DAYLIGHT,STOP SIGN,NONE DETECTED,Yes,NO APPARENT INJURY,UNKNOWN,MD,PASSENGER CAR,30,2013,TOYOTA,RAV4
MCP3073001D,180016752,Montgomery County Police,Property Damage Crash,04-06-18 16:20,County,EADES ST,ASPEN HILL RD,STRAIGHT MOVEMENT ANGLE,,DRY,DAYLIGHT,STOP SIGN,,No,NO APPARENT INJURY,UNKNOWN,MD,PASSENGER CAR,25,2009,HONDA,FIT
MCP32080030,220020318,Montgomery County Police,Property Damage Crash,05/13/2022 05:35:00 AM,County,E FRANKLIN AVE,UNIVERSITY BLVD E,HEAD ON LEFT TURN,CLEAR,DRY,DARK LIGHTS ON,TRAFFIC SIGNAL,NONE DETECTED,Unknown,NO APPARENT INJURY,UNKNOWN,MD,PASSENGER CAR,35,2011,TOYOTA,CAMRY
MCP2889003F,180054814,Montgomery County Police,Injury Crash,11-01-18 15:57,County,FERRARA DR,FERRARA CT,SAME DIR REAR END,,DRY,,NO CONTROLS,NONE DETECTED,Yes,NO APPARENT INJURY,USING OTHER DEVICE CONTROLS INTEGRAL TO VEHICLE,MD,PASSENGER CAR,25,2015,SCION,XA
MCP93180041,250022883,MONTGOMERY,Property Damage Crash,05/23/2025 03:14:00 PM,County Route,NORTHAMPTON DR,,"Sideswipe, Same Direction",Clear,Dry,Daylight,Traffic Control Signal,"Not Suspect of Alcohol Use, Not Suspect of Drug Use",No,No Apparent Injury,Not Distracted,MD,Bus - Transit,25,2016,GILLIG,LOW FLOOR BUS
MCP25520027,170550764,Montgomery County Police,Property Damage Crash,12/20/2017 04:25:00 PM,Maryland (State),HUNGERFORD DR,N WASHINGTON ST,UNKNOWN,CLEAR,UNKNOWN,DAYLIGHT,TRAFFIC SIGNAL,,Yes,NO APPARENT INJURY,UNKNOWN,MD,PASSENGER CAR,35,2001,LEXUS,RX300
MCP3239000P,200013882,Montgomery County Police,Property Damage Crash,03/24/2020 09:37:00 PM,Maryland (State),SPENCERVILLE RD,SANTINI RD,SINGLE VEHICLE,CLEAR,DRY,DARK LIGHTS ON,NO CONTROLS,UNKNOWN,Yes,NO APPARENT INJURY,INATTENTIVE OR LOST IN THOUGHT,MD,VAN,30,1999,TOYOTA,SIENNA
MCP3113005V,240007732,MONTGOMERY,Property Damage Crash,02/16/2024 06:30:00 PM,Maryland (State) Route,CHERRY HILL RD,PROSPERITY DR,"Sideswipe, Same Direction",Clear,Dry,Dark - Lighted,Traffic Control Signal,"Unknown, Unknown",Yes,No Apparent Injury,Unknown,,Pickup,30,2017,FORD,F-450
MCP13500015,16056627,Montgomery County Police,Property Damage Crash,11-03-16 7:10,Maryland (State),KEY WEST AVE,MEDICAL CENTER DR,SAME DIR REAR END,CLEAR,DRY,DARK LIGHTS ON,NO CONTROLS,NONE DETECTED,No,NO APPARENT INJURY,NOT DISTRACTED,MD,PASSENGER CAR,40,2008,FORD,4S
MCP3181002Y,250048671,MONTGOMERY,Property Damage Crash,10/30/2025 05:40:00 AM,County Route,,,Angle,Rain,Wet,Dark - Not Lighted,No Controls,"Not Suspect of Alcohol Use, Not Suspect of Drug Use",No,No Apparent Injury,Not Distracted,MD,Passenger Car,35,2023,TOYOTA,CAMRY
MCP2198000T,15004534,Montgomery County Police,Property Damage Crash,01/28/2015 07:35:00 PM,Maryland (State),WOODFIELD RD,ENT TO SHOPPING CENTER,SAME DIR REAR END,SNOW,WET,DARK LIGHTS ON,,,No,NO APPARENT INJURY,NOT DISTRACTED,MD,PICKUP TRUCK,40,1991,DODGE,PICKUP
MCP3158001H,190039026,Montgomery County Police,Property Damage Crash,08/15/2019 05:35:00 PM,County,SNOUFFERS SCHOOL RD,BONANZA WAY,SAME DIR REAR END,CLEAR,WET,DAYLIGHT,NO CONTROLS,NONE DETECTED,Yes,NO APPARENT INJURY,NOT DISTRACTED,MD,PASSENGER CAR,35,2013,HOND,TK
MCP3227006H,250032242,MONTGOMERY,Injury Crash,07/19/2025 10:29:00 AM,Ramp,RAMP 10 FR US 29 SB TO FAIRLAND RD WB,,Front to Rear,Clear,Dry,Daylight,No Controls,"Not Suspect of Alcohol Use, Not Suspect of Drug Use",No,Suspected Minor Injury,Not Distracted,MD,Passenger Car,0,2024,NISSAN,PATHFINDER
MCP29310020,170538774,Montgomery County Police,Property Damage Crash,10/25/2017 01:30:00 PM,,,,SAME DIRECTION SIDESWIPE,CLEAR,,DAYLIGHT,,,Yes,NO APPARENT INJURY,NOT DISTRACTED,MD,POLICE VEHICLE/NON EMERGENCY,5,2010,FORD,E350
MCP3351001D,230047935,Montgomery County Police,Property Damage Crash,08-05-23 10:53,Maryland (State),PINEY BRANCH RD,GARLAND AVE,SAME DIR REAR END,CLEAR,DRY,DAYLIGHT,NO CONTROLS,UNKNOWN,Yes,NO APPARENT INJURY,UNKNOWN,,,35,0,UNKNOWN,UNKNOWN
MCP1113004Y,230033854,Montgomery County Police,Injury Crash,07/16/2023 12:27:00 PM,Maryland (State),WOODFIELD RD,VALLEY PARK DR,SAME DIR REAR END,CLOUDY,DRY,DAYLIGHT,NO CONTROLS,NONE DETECTED,No,SUSPECTED MINOR INJURY,NOT DISTRACTED,MD,PASSENGER CAR,30,2022,TOYT,CAMRY
MCP2767005L,190000810,Montgomery County Police,Property Damage Crash,01-05-19 16:05,Maryland (State),UNIVERSITY BLVD W,AMHERST AVE,SAME DIR REAR END,CLEAR,DRY,DAYLIGHT,TRAFFIC SIGNAL,NONE DETECTED,No,NO APPARENT INJURY,NOT DISTRACTED,MD,(SPORT) UTILITY VEHICLE,35,2016,MAZDA,CX5
MCP1151007C,180013612,Montgomery County Police,Property Damage Crash,03/19/2018 06:15:00 AM,Maryland (State),CLARKSBURG RD,RIDGEOAK DR,SAME DIR REAR END,CLEAR,DRY,DUSK,NO CONTROLS,UNKNOWN,Yes,NO APPARENT INJURY,UNKNOWN,MD,(SPORT) UTILITY VEHICLE,40,2005,FORD,EXPLORER
MCP2582001Y,180001062,Montgomery County Police,Injury Crash,01-08-18 2:28,County,GOOD HOPE RD,CAPE MAY RD,SINGLE VEHICLE,CLEAR,DRY,DARK LIGHTS ON,NO CONTROLS,ALCOHOL CONTRIBUTED,Yes,SUSPECTED MINOR INJURY,NOT DISTRACTED,MD,(SPORT) UTILITY VEHICLE,30,1999,TOYOTA,4RUNNER
MCP14750020,180056712,Montgomery County Police,Property Damage Crash,11-12-18 9:59,County,GOSHEN RD,BRAMBLE BUSH DR,STRAIGHT MOVEMENT ANGLE,CLEAR,DRY,DAYLIGHT,STOP SIGN,NONE DETECTED,Yes,NO APPARENT INJURY,NOT DISTRACTED,MD,VAN,35,2011,HONDA,ODYSSEY
MCP32830013,210052685,Montgomery County Police,Property Damage Crash,12/26/2021 04:46:00 PM,County,SHADY GROVE RD,RAMP 1 FR IS 270 NB TO SHADY GROVE RD WB,STRAIGHT MOVEMENT ANGLE,CLEAR,DRY,DAYLIGHT,TRAFFIC SIGNAL,NONE DETECTED,Yes,NO APPARENT INJURY,UNKNOWN,MD,PASSENGER CAR,40,2017,MERCEDES,C300
MCP2967001C,16027253,Montgomery County Police,Property Damage Crash,05/31/2016 05:08:00 PM,County,MONTGOMERY LA,WISCONSIN AVE,SAME DIR BOTH LEFT TURN,CLEAR,DRY,DAYLIGHT,TRAFFIC SIGNAL,,No,NO APPARENT INJURY,NOT DISTRACTED,MD,PASSENGER CAR,25,2014,LINCOLN,MKS
MCP31360069,230024453,Montgomery County Police,Injury Crash,05/22/2023 08:40:00 AM,Maryland (State),UNIVERSITY BLVD W,LORAIN AVE,STRAIGHT MOVEMENT ANGLE,CLEAR,WET,DAYLIGHT,NO CONTROLS,NONE DETECTED,Yes,NO APPARENT INJURY,LOOKED BUT DID NOT SEE,MD,PASSENGER CAR,35,2013,HYUNDAI,SONATA
MCP2965003D,180043232,Montgomery County Police,Injury Crash,08/30/2018 11:00:00 AM,Maryland (State),SPENCERVILLE RD,BATSON RD,SAME DIR REAR END,CLEAR,DRY,DAYLIGHT,NO CONTROLS,NONE DETECTED,No,NO APPARENT INJURY,NOT DISTRACTED,MD,PASSENGER CAR,40,1999,FORD,PICK UP
MCP2683000M,15008504,Montgomery County Police,Property Damage Crash,02/21/2015 10:48:00 AM,,,,STRAIGHT MOVEMENT ANGLE,SNOW,,DAYLIGHT,NO CONTROLS,NONE DETECTED,Yes,NO APPARENT INJURY,NOT DISTRACTED,MD,PICKUP TRUCK,5,2011,FORD,TK
MCP3360002G,250044656,MONTGOMERY,Injury Crash,10-04-25 16:12,Maryland (State) Route,S FREDERICK RD,,Single Vehicle,Clear,Dry,Daylight,No Controls,"Not Suspect of Alcohol Use, Not Suspect of Drug Use",Yes,No Apparent Injury,Not Distracted,MD,Passenger Car,0,2011,DODGE,CALIBER
MCP2886000Y,15055625,MONTGOMERY,Injury Crash,11-01-15 18:06,Maryland (State),VEIRS MILL RD,PARKLAND DR,SAME DIR REAR END,CLEAR,DRY,DARK LIGHTS ON,,NONE DETECTED,No,NO APPARENT INJURY,NOT DISTRACTED,VA,PASSENGER CAR,45,2007,HONDA,CRV
MCP2001001T,220030322,Montgomery County Police,Fatal Crash,07/14/2022 07:28:00 PM,Maryland (State),INTERCOUNTY CONNECTOR,CROSSOVER,SAME DIR REAR END,CLEAR,DRY,DAYLIGHT,NO CONTROLS,NONE DETECTED,No,SUSPECTED MINOR INJURY,NOT DISTRACTED,MD,POLICE VEHICLE/EMERGENCY,60,2018,DODGE,CHARGER
DD56250030,190051145,Rockville Police Departme,Property Damage Crash,10/24/2019 03:30:00 PM,,,,OTHER,CLEAR,,DAYLIGHT,STOP SIGN,,No,NO APPARENT INJURY,NOT DISTRACTED,MD,POLICE VEHICLE/NON EMERGENCY,10,2018,CHEVY,TK
MCP30220043,210039198,Montgomery County Police,Property Damage Crash,10-02-21 20:50,Maryland (State),RIDGE RD,HIGH CORNER ST,ANGLE MEETS LEFT TURN,CLEAR,DRY,DARK LIGHTS ON,TRAFFIC SIGNAL,,Yes,NO APPARENT INJURY,LOOKED BUT DID NOT SEE,MD,PASSENGER CAR,35,2014,ACUR,TK
MCP00360052,16049483,Montgomery County Police,Property Damage Crash,09/26/2016 11:19:00 AM,,,,STRAIGHT MOVEMENT ANGLE,CLEAR,,DAYLIGHT,NO CONTROLS,NONE DETECTED,No,NO APPARENT INJURY,NOT DISTRACTED,MD,SCHOOL BUS,5,2012,THOMAS,BUS
MCP304800CN,240033206,MONTGOMERY,Injury Crash,07/14/2024 01:40:00 PM,Maryland (State) Route,EAST WEST HWY,,Front to Front,Clear,Dry,Daylight,No Controls,"Not Suspect of Alcohol Use, Not Suspect of Drug Use",No,Suspected Minor Injury,Not Distracted,MD,Passenger Car,35,2012,KIA,SEDONA
MCP3139002R,210034847,Montgomery County Police,Injury Crash,09-05-21 15:15,Maryland (State),NEW HAMPSHIRE AVE,OAKVIEW DR,SAME DIR REAR END,RAINING,WET,DAYLIGHT,TRAFFIC SIGNAL,,No,NO APPARENT INJURY,NOT DISTRACTED,MD,PASSENGER CAR,45,2014,TOYT,4S
MCP33720014,230031462,Montgomery County Police,Property Damage Crash,07-01-23 16:08,Maryland (State),GEORGIA AVE,MAY ST,SAME DIR REAR END,CLEAR,DRY,DAYLIGHT,TRAFFIC SIGNAL,NONE DETECTED,Yes,NO APPARENT INJURY,LOOKED BUT DID NOT SEE,MD,PASSENGER CAR,35,2008,HONDA,ACCORD
MCP3320000N,220014989,Montgomery County Police,Property Damage Crash,04-08-22 16:11,US (State),COLUMBIA PIKE,INDUSTRIAL PKWY,SAME DIR REAR END,CLEAR,DRY,DAYLIGHT,NO CONTROLS,NONE DETECTED,Unknown,NO APPARENT INJURY,NOT DISTRACTED,MD,PASSENGER CAR,50,2005,TOYOTA,COROLLA
MCP21210030,230067765,Montgomery County Police,Injury Crash,11/22/2023 08:38:00 AM,Maryland (State),DARNESTOWN RD,SUGARLAND RD,HEAD ON,CLOUDY,WET,DAYLIGHT,OTHER,NONE DETECTED,No,NO APPARENT INJURY,NOT DISTRACTED,VA,(SPORT) UTILITY VEHICLE,50,2016,VW,TOUAREG
MCP3012004B,190007822,Montgomery County Police,Property Damage Crash,02/18/2019 07:30:00 AM,Maryland (State),CONNECTICUT AVE,GREENLY ST,SAME DIR REAR END,CLEAR,WET,DAYLIGHT,NO CONTROLS,NONE DETECTED,No,NO APPARENT INJURY,NOT DISTRACTED,MD,PASSENGER CAR,45,2009,ACURA,TI
MCP3163009D,250051929,MONTGOMERY,Injury Crash,11/19/2025 03:54:00 PM,County Route,LYTTONSVILLE RD,,Single Vehicle,Clear,Dry,Daylight,No Controls,"Not Suspect of Alcohol Use, Not Suspect of Drug Use",Yes,No Apparent Injury,Not Distracted,MD,Pickup,25,2002,CHEVROLET,SILVERADO
MCP29310085,250033807,MONTGOMERY,Property Damage Crash,07/29/2025 05:04:00 PM,Interstate (State),EISENHOWER MEMORIAL HWY (SB/L),,"Sideswipe, Same Direction",Clear,Dry,Daylight,No Controls,"Not Suspect of Alcohol Use, Not Suspect of Drug Use",No,No Apparent Injury,Not Distracted,MD,Sport Utility Vehicle,55,2024,JEEP,WAGONEER
MCP243600D5,210032976,Montgomery County Police,Injury Crash,08/24/2021 07:40:00 AM,Maryland (State),UNIVERSITY BLVD E,MERRIMAC DR,ANGLE MEETS LEFT TURN,CLEAR,DRY,DAYLIGHT,STOP SIGN,NONE DETECTED,No,POSSIBLE INJURY,NOT DISTRACTED,DE,(SPORT) UTILITY VEHICLE,30,2011,MITS,OUTLANDER
MCP2866005W,190050985,Montgomery County Police,Injury Crash,10/23/2019 05:40:00 PM,Maryland (State),CONNECTICUT AVE,SAUL RD,ANGLE MEETS LEFT TURN,CLEAR,DRY,DAYLIGHT,TRAFFIC SIGNAL,NONE DETECTED,Yes,SUSPECTED MINOR INJURY,OTHER DISTRACTION,MD,PASSENGER CAR,35,2013,HONDA,CIVIC
DM8522000Z,230054902,Takoma Park Police Depart,Property Damage Crash,09/14/2023 05:35:00 PM,Maryland (State),NEW HAMPSHIRE AVE,HOLTON LA,SAME DIR REAR END,CLEAR,DRY,DAYLIGHT,NO CONTROLS,NONE DETECTED,No,NO APPARENT INJURY,NOT DISTRACTED,MD,POLICE VEHICLE/EMERGENCY,35,2013,FORD,4S
MCP3174000L,190019390,Montgomery County Police,Injury Crash,04/25/2019 03:20:00 PM,Maryland (State),GREAT SENECA HWY,HIGH GABLES DR,SAME DIR REAR END,CLEAR,DRY,DAYLIGHT,,NONE DETECTED,No,SUSPECTED MINOR INJURY,NOT DISTRACTED,MD,PASSENGER CAR,50,2000,HOND,TK
MCP2536002Y,200025529,Montgomery County Police,Injury Crash,07-02-20 3:30,County,HEWITT AVE,GEORGIA AVE,STRAIGHT MOVEMENT ANGLE,CLEAR,DRY,DARK LIGHTS ON,FLASHING TRAFFIC SIGNAL,NONE DETECTED,No,POSSIBLE INJURY,NOT DISTRACTED,MD,PASSENGER CAR,35,2008,HONDA,ACCORD
MCP28450058,190037121,Montgomery County Police,Property Damage Crash,08-04-19 11:00,Maryland (State),NEW HAMPSHIRE AVE,RAMP 8 FR MD 650 SB TO IS 495 WB,SAME DIRECTION SIDESWIPE,CLEAR,DRY,DAYLIGHT,TRAFFIC SIGNAL,UNKNOWN,Yes,NO APPARENT INJURY,UNKNOWN,,,40,0,UNKNOWN,UNKNOWN
DD5502000R,15008214,Rockville Police Departme,Injury Crash,02/19/2015 03:14:00 PM,Municipality,REDLAND BLVD,GAITHER RD,STRAIGHT MOVEMENT ANGLE,CLOUDY,DRY,DAYLIGHT,TRAFFIC SIGNAL,NONE DETECTED,No,NO APPARENT INJURY,NOT DISTRACTED,MD,PASSENGER CAR,35,2010,MAZDA,4D
MCP102200CK,190026809,Montgomery County Police,Injury Crash,06-05-19 7:05,Maryland (State),RIDGE RD,HAWKES RD,SAME DIR REAR END,CLEAR,DRY,DAYLIGHT,NO CONTROLS,NONE DETECTED,No,POSSIBLE INJURY,NOT DISTRACTED,MD,PICKUP TRUCK,40,1997,FORD,F350
MCP2203006Z,230027829,Montgomery County Police,Property Damage Crash,06-08-23 17:50,Maryland (State),GEORGIA AVE,BEL PRE RD,SAME DIR REAR END,CLEAR,DRY,DAYLIGHT,TRAFFIC SIGNAL,UNKNOWN,Yes,NO APPARENT INJURY,UNKNOWN,,PASSENGER CAR,35,2015,MAZDA,UNKNOWN
MCP21600003,15031605,Montgomery County Police,Injury Crash,06/28/2015 04:34:00 PM,County,WIGHTMAN RD,STRATH HAVEN DR,STRAIGHT MOVEMENT ANGLE,,DRY,DAYLIGHT,NO CONTROLS,NONE DETECTED,Yes,NO APPARENT INJURY,LOOKED BUT DID NOT SEE,MD,PASSENGER CAR,35,2004,TOYOTA,CAMRY
MCP29910057,210020357,Montgomery County Police,Injury Crash,05/29/2020 12:30:00 PM,,,,STRAIGHT MOVEMENT ANGLE,CLEAR,,DAYLIGHT,NO CONTROLS,NONE DETECTED,No,NO APPARENT INJURY,NOT DISTRACTED,MD,PASSENGER CAR,35,2009,SCION,SW
DD5502000X,15017128,Rockville Police Departme,Injury Crash,04/13/2015 05:12:00 PM,County,SHADY GROVE RD,RESEARCH BLVD,STRAIGHT MOVEMENT ANGLE,CLEAR,,DAYLIGHT,TRAFFIC SIGNAL,NONE DETECTED,No,SUSPECTED MINOR INJURY,NOT DISTRACTED,MD,PASSENGER CAR,30,2013,HOND,4D
MCP2877003B,17006289,Montgomery County Police,Injury Crash,02-05-17 11:54,County,E MELBOURNE AVE,UNIVERSITY BLVD E,STRAIGHT MOVEMENT ANGLE,CLEAR,DRY,DAYLIGHT,STOP SIGN,NONE DETECTED,Yes,POSSIBLE INJURY,LOOKED BUT DID NOT SEE,DC,PASSENGER CAR,25,2011,HYUNDAI,SONATA
MCP29530018,17001201,Montgomery County Police,Property Damage Crash,01-07-17 17:52,Maryland (State),GEORGIA AVE,CONNECTICUT AVE,SAME DIRECTION SIDESWIPE,SNOW,SNOW,DARK LIGHTS ON,TRAFFIC SIGNAL,NONE DETECTED,No,NO APPARENT INJURY,NOT DISTRACTED,MD,TRANSIT BUS,45,2013,NWFL,XDE
MCP26390036,180007910,Montgomery County Police,Injury Crash,02/15/2018 11:23:00 AM,Maryland (State),CONNECTICUT AVE,KNOWLES AVE,HEAD ON LEFT TURN,CLOUDY,WET,DAYLIGHT,TRAFFIC SIGNAL,NONE DETECTED,Yes,POSSIBLE INJURY,NOT DISTRACTED,DC,PASSENGER CAR,35,2010,HYUNDAI,ELANTRA
DD55980025,180007689,Rockville Police Departme,Property Damage Crash,02/14/2018 10:33:00 AM,Service Road,N CAMPUS DR,HUNGERFORD DR,SAME DIRECTION SIDESWIPE,CLOUDY,DRY,DAYLIGHT,NO CONTROLS,,No,NO APPARENT INJURY,NOT DISTRACTED,MD,PASSENGER CAR,25,1994,HOND,4S
MCP3008000H,16028114,Montgomery County Police,Property Damage Crash,06-05-16 5:17,Maryland (State),UNIVERSITY BLVD E,LEXINGTON DR,SINGLE VEHICLE,CLEAR,WET,DAWN,NO CONTROLS,NONE DETECTED,Yes,NO APPARENT INJURY,INATTENTIVE OR LOST IN THOUGHT,MD,PASSENGER CAR,40,2013,TOYOTA,CAMRY
DD56350037,200050693,Rockville Police Departme,Property Damage Crash,12/24/2020 07:16:00 PM,Maryland (State),W MONTGOMERY AVE,HURLEY AVE,SAME DIRECTION LEFT TURN,RAINING,WET,DARK LIGHTS ON,TRAFFIC SIGNAL,NONE DETECTED,No,NO APPARENT INJURY,UNKNOWN,PA,FIRE VEHICLE/EMERGENCY,35,2016,FORD,TRUCK
MCP2121001D,180033686,Montgomery County Police,Property Damage Crash,07-08-18 11:12,County,PARTNERSHIP RD,WHITES FERRY RD,SINGLE VEHICLE,CLEAR,DRY,DAYLIGHT,NO CONTROLS,NONE DETECTED,Yes,NO APPARENT INJURY,OTHER DISTRACTION,MD,PASSENGER CAR,40,2017,VW,GOLF
MCP3126004P,230034050,Montgomery County Police,Injury Crash,07/17/2023 05:45:00 PM,County,RIDGE RD,OBSERVATION DR,SAME DIR REAR END,CLEAR,DRY,DAYLIGHT,TRAFFIC SIGNAL,NONE DETECTED,No,POSSIBLE INJURY,NOT DISTRACTED,MD,PASSENGER CAR,40,2014,HONDA,ACCORD
MCP30380089,250057523,MONTGOMERY,Property Damage Crash,12/24/2025 06:23:00 PM,County Route,SILVER SPRING AVE,,Front to Rear,Clear,Dry,Dark - Lighted,Traffic Control Signal,"Not Suspect of Alcohol Use, Not Suspect of Drug Use",No,No Apparent Injury,Not Distracted,MD,Passenger Car,20,2017,HONDA,CIVIC
MCP2710003F,210015163,Montgomery County Police,Property Damage Crash,04/23/2021 01:20:00 PM,Maryland (State),GREAT SENECA HWY,LAKELANDS DR,SAME DIRECTION SIDESWIPE,,DRY,DAYLIGHT,,UNKNOWN,Yes,NO APPARENT INJURY,OTHER DISTRACTION,,,45,0,UNKNOWN,UNKNOWN
MCP2107004Y,240010499,MONTGOMERY,Property Damage Crash,03-04-24 11:37,,,,Front to Rear,Clear,,Daylight,,"Not Suspect of Alcohol Use, Not Suspect of Drug Use",Yes,No Apparent Injury,Talking/listening,MD,Passenger Car,0,2008,HONDA,CIVIC
MCP3238001K,220024313,Montgomery County Police,Injury Crash,06-06-22 21:16,Maryland (State),GEORGIA AVE,FOREST GLEN RD,HEAD ON LEFT TURN,CLEAR,DRY,DARK LIGHTS ON,TRAFFIC SIGNAL,NONE DETECTED,Yes,NO APPARENT INJURY,NOT DISTRACTED,MD,PASSENGER CAR,30,2017,TOYOTA,RAV4