Report Number,Local Case Number,Agency Name,ACRS Report Type,Crash Date/Time,Route Type,Road Name,Cross-Street Name,Collision Type,Weather,Surface Condition,Light,Traffic Control,Driver Substance Abuse,Driver At Fault,Injury Severity,Driver Distracted By,Drivers License State,Vehicle Body Type,Speed Limit,Vehicle Year,Vehicle Make,Vehicle Model
MCP2445007K,250045552,MONTGOMERY,Injury Crash,10-10-25 10:55,County Route,SENECA MEADOWS PKWY,GERMANTOWN RD (SB/L),Angle,Clear,Dry,Daylight,Traffic Control Signal,"Not Suspect of Alcohol Use, Not Suspect of Drug Use",No,Possible Injury,Not Distracted,MD,Passenger Car,45,2020,MERCEDES-BENZ,C-CLASS
EJ7858006V,220021648,Gaithersburg Police Depar,Injury Crash,05/21/2022 07:05:00 AM,Maryland (State),QUINCE ORCHARD RD,EISENHOWER MEMORIAL HWY,SAME DIR REAR END,CLEAR,DRY,DAYLIGHT,NO CONTROLS,UNKNOWN,Yes,NO APPARENT INJURY,UNKNOWN,,UNKNOWN,35,0,UNKNOWN,UNKNOWN
MCP33480038,240035750,MONTGOMERY,Property Damage Crash,07/29/2024 03:30:00 PM,Maryland (State) Route,VEIRS MILL RD,,Front to Rear,Clear,Dry,Daylight,Traffic Control Signal,"Unknown, Unknown",Yes,No Apparent Injury,Unknown,MD,Passenger Car,35,2008,TOYOTA,COROLLA
MCP31580015,190014047,Montgomery County Police,Property Damage Crash,03/26/2019 08:30:00 PM,County,WATKINS MILL RD,CLUB HOUSE RD,SAME DIR REAR END,CLEAR,DRY,DARK LIGHTS ON,TRAFFIC SIGNAL,,Yes,NO APPARENT INJURY,UNKNOWN,,PASSENGER CAR,35,2002,DODGE,VAN
MCP2894004W,180027876,Montgomery County Police,Property Damage Crash,06-06-18 14:15,County,EXECUTIVE BLVD,OLD GEORGETOWN RD,STRAIGHT MOVEMENT ANGLE,CLEAR,DRY,DAYLIGHT,NO CONTROLS,NONE DETECTED,No,NO APPARENT INJURY,NOT DISTRACTED,MD,PASSENGER CAR,35,2012,TOYT,CAMRY
EJ7777001W,180029738,Gaithersburg Police Depar,Property Damage Crash,06/16/2018 11:07:00 AM,County,ODENDHAL AVE,LOST KNIFE RD,HEAD ON LEFT TURN,CLEAR,DRY,DAYLIGHT,TRAFFIC SIGNAL,NONE DETECTED,No,NO APPARENT INJURY,NOT DISTRACTED,MD,VAN,30,2015,TOYOTA,SIENNA
MCP23960018,16031153,Montgomery County Police,Property Damage Crash,06/20/2016 12:50:00 PM,County,BEL PRE RD,ASTRODOME DR,SAME DIR REAR END,CLEAR,DRY,DAYLIGHT,NO CONTROLS,NONE DETECTED,No,NO APPARENT INJURY,NOT DISTRACTED,MD,PICKUP TRUCK,35,2006,CHEVROLET,TRK
MCP2783004R,230019460,Montgomery County Police,Property Damage Crash,04/23/2023 09:41:00 PM,Maryland (State),GEORGIA AVE,RANDOLPH RD,SAME DIRECTION LEFT TURN,CLEAR,DRY,DARK LIGHTS ON,TRAFFIC SIGNAL,NONE DETECTED,No,NO APPARENT INJURY,UNKNOWN,MD,PASSENGER CAR,45,2016,MAZDA,6
DM84980009,210041603,Takoma Park Police Depart,Property Damage Crash,10/17/2021 12:05:00 AM,Maryland (State),UNIVERSITY BLVD W,ENT TO BUSINESS,SAME DIRECTION RIGHT TURN,CLEAR,DRY,DARK LIGHTS ON,NO CONTROLS,NONE DETECTED,Unknown,NO APPARENT INJURY,UNKNOWN,MD,PASSENGER CAR,15,2007,TOYOTA,CAMRY
MCP26350086,230051195,Montgomery County Police,Injury Crash,08/24/2023 11:00:00 PM,Maryland (State),GEORGIA AVE,HINES RD,HEAD ON LEFT TURN,CLEAR,WET,DARK LIGHTS ON,TRAFFIC SIGNAL,,No,POSSIBLE INJURY,NOT DISTRACTED,MD,(SPORT) UTILITY VEHICLE,40,2016,KIA,SOUL
MCP9379003Z,220025715,Montgomery County Police,Property Damage Crash,06/15/2022 08:10:00 AM,Maryland (State),FREDERICK RD,REDLAND RD,HEAD ON LEFT TURN,CLEAR,DRY,DAYLIGHT,TRAFFIC SIGNAL,NONE DETECTED,No,NO APPARENT INJURY,NOT DISTRACTED,MD,PASSENGER CAR,45,2020,HOND,4S
MCP2445006X,250016090,MONTGOMERY,Injury Crash,04/13/2025 12:37:00 PM,Maryland (State) Route,FREDERICK RD (SB/L),GUNNERS BRANCH RD,Angle,Clear,Dry,Daylight,Traffic Control Signal,"Not Suspect of Alcohol Use, Not Suspect of Drug Use",No,Possible Injury,Not Distracted,MD,Sport Utility Vehicle,40,2016,LEXUS,RX
MCP31230049,220031187,Montgomery County Police,Injury Crash,07/20/2022 07:55:00 AM,County,SHADY GROVE RD,TRAVILLE  GATEWAY DR,STRAIGHT MOVEMENT ANGLE,CLEAR,DRY,DAYLIGHT,TRAFFIC SIGNAL,,Yes,NO APPARENT INJURY,UNKNOWN,DC,PICKUP TRUCK,40,2005,GMC,SIERRA
DD5539000T,15022268,Rockville Police Departme,Injury Crash,05-10-15 11:27,Municipality,WOOTTON PKWY,SEVEN LOCKS RD,HEAD ON LEFT TURN,CLEAR,DRY,DAYLIGHT,TRAFFIC SIGNAL,NONE DETECTED,No,POSSIBLE INJURY,UNKNOWN,MD,PASSENGER CAR,35,2009,SUBA,SW
MCP3093002G,190059955,Montgomery County Police,Injury Crash,12-12-19 17:39,Maryland (State),EAST WEST HWY,GLENDALE RD,OTHER,,DRY,DARK LIGHTS ON,,,No,NO APPARENT INJURY,NOT DISTRACTED,VA,(SPORT) UTILITY VEHICLE,0,2017,AUDI,Q5
MCP31340010,180064569,Montgomery County Police,Property Damage Crash,12/26/2018 02:44:00 PM,Interstate (State),CAPITAL BELTWAY,RAMP 4 FR MD 193 NB TO IS 495 EB,SAME DIR REAR END,CLEAR,DRY,DAYLIGHT,,,Yes,NO APPARENT INJURY,NOT DISTRACTED,MD,PASSENGER CAR,55,2005,HOND,TK
MCP2664001Q,15066503,MONTGOMERY,Injury Crash,12/28/2015 08:40:00 AM,County,KEMP MILL RD,KEMP MILL FOREST DR,SAME DIRECTION SIDESWIPE,,DRY,,NO CONTROLS,NONE DETECTED,No,POSSIBLE INJURY,UNKNOWN,MD,PASSENGER CAR,35,2005,FORD,4S
MCP2830005J,220040245,Montgomery County Police,Property Damage Crash,09/16/2022 08:00:00 AM,Maryland (State),GEORGIA AVE,EMORY LA,SAME DIR REAR END,CLEAR,DRY,DAYLIGHT,NO CONTROLS,NONE DETECTED,No,NO APPARENT INJURY,NOT DISTRACTED,MD,PASSENGER CAR,45,2017,HOND,4S
DM84210024,190028528,Takoma Park Police Depart,Injury Crash,06/14/2019 10:15:00 PM,,,,SINGLE VEHICLE,CLEAR,,DARK LIGHTS ON,,NONE DETECTED,Yes,NO APPARENT INJURY,NOT DISTRACTED,MD,PASSENGER CAR,5,2001,MERCURY,SABLE
MCP2411007K,210036827,Montgomery County Police,Injury Crash,09/18/2021 01:06:00 PM,Maryland (State),VEIRS MILL RD,TWINBROOK PKWY,OTHER,CLEAR,DRY,DAYLIGHT,TRAFFIC SIGNAL,NONE DETECTED,Yes,NO APPARENT INJURY,NOT DISTRACTED,MD,PASSENGER CAR,40,2004,GMC,YUKON
DD5527003G,210022879,Rockville Police Departme,Property Damage Crash,06/15/2021 02:30:00 PM,Maryland (State),ROCKVILLE PIKE,CROSSOVER,SAME DIRECTION SIDESWIPE,CLEAR,DRY,DAYLIGHT,NO CONTROLS,NONE DETECTED,Yes,NO APPARENT INJURY,NOT DISTRACTED,MD,PASSENGER CAR,40,2012,LEXS,TK
MCP25880068,190043815,Montgomery County Police,Property Damage Crash,09/13/2019 06:44:00 AM,Maryland (State),GEORGIA AVE,HATHAWAY DR,HEAD ON,RAINING,WET,DUSK,NO CONTROLS,NONE DETECTED,Yes,NO APPARENT INJURY,NOT DISTRACTED,MD,PASSENGER CAR,35,2005,MAZDA,A6
MCP1438005G,170546949,Montgomery County Police,Property Damage Crash,12-06-17 12:45,Maryland (State),MUNCASTER MILL RD,AIRPARK RD,SAME DIRECTION SIDESWIPE,CLEAR,DRY,DAYLIGHT,TRAFFIC SIGNAL,NONE DETECTED,No,NO APPARENT INJURY,NOT DISTRACTED,MD,"CARGO VAN/LIGHT TRUCK 2 AXLES (OVER 10,000LBS (4,536 KG))",40,2007,INTL,TK
MCP3085002X,210011556,Montgomery County Police,Injury Crash,03/27/2021 07:10:00 PM,Maryland (State),ROCKVILLE PIKE,OLD GEORGETOWN RD,OTHER,CLEAR,DRY,DAYLIGHT,NO CONTROLS,ALCOHOL CONTRIBUTED,Yes,POSSIBLE INJURY,OTHER DISTRACTION,MD,PASSENGER CAR,45,2008,LEXUS,GS350
MCP3020005S,200050256,Montgomery County Police,Property Damage Crash,12/22/2020 06:30:00 AM,Maryland (State),GEORGIA AVE,ASPEN HILL RD,SAME DIR REAR END,RAINING,WET,DARK LIGHTS ON,TRAFFIC SIGNAL,NONE DETECTED,No,NO APPARENT INJURY,NOT DISTRACTED,MD,VAN,35,2018,CHEVROLET,EXPRESS
MCP3133003L,220023566,Montgomery County Police,Injury Crash,06-02-22 9:22,Maryland (State),NORBECK RD,COLUMBINE WAY,SAME DIR REAR END,CLEAR,DRY,DAYLIGHT,NO CONTROLS,NONE DETECTED,No,POSSIBLE INJURY,NOT DISTRACTED,MD,PASSENGER CAR,45,2017,TOYOTA,HIGHLANDER
DD5653003S,240047474,ROCKVILLE,Injury Crash,10-04-24 21:57,Maryland (State) Route,VEIRS MILL RD,,Front to Rear,Clear,Dry,Dark - Lighted,Traffic Control Signal,"Not Suspect of Alcohol Use, Not Suspect of Drug Use",No,Possible Injury,Not Distracted,MD,Passenger Car,35,2023,TOYOTA,RAV4
MCP30480076,210040586,Montgomery County Police,Property Damage Crash,10-11-21 8:35,County,PARKLAWN DR,RANDOLPH RD,SAME DIR REAR END,CLOUDY,DRY,DAYLIGHT,NO CONTROLS,,No,NO APPARENT INJURY,NOT DISTRACTED,MD,PASSENGER CAR,30,2013,FORD,FUSION
MCP3112002W,190035188,Montgomery County Police,Property Damage Crash,07/24/2019 03:02:00 PM,Maryland (State),BRADLEY BLVD,ARLINGTON RD,SAME DIRECTION SIDESWIPE,CLOUDY,DRY,DAYLIGHT,TRAFFIC SIGNAL,NONE DETECTED,No,NO APPARENT INJURY,NOT DISTRACTED,MD,PASSENGER CAR,35,2011,BMW,2S
MCP3089003T,230027210,Montgomery County Police,Property Damage Crash,06-06-23 17:32,Maryland (State),GEORGIA AVE,FOREST GLEN RD,SAME DIR REAR END,CLEAR,DRY,DAYLIGHT,,,Yes,NO APPARENT INJURY,LOOKED BUT DID NOT SEE,MD,PASSENGER CAR,20,2002,JEEP,CHEROKEE
MCP31640042,210005812,Montgomery County Police,Property Damage Crash,02/14/2021 12:50:00 PM,Maryland (State),GEORGIA AVE,RANDOLPH RD,SAME DIR REAR END,,WET,DAYLIGHT,TRAFFIC SIGNAL,NONE DETECTED,No,NO APPARENT INJURY,NOT DISTRACTED,MD,PICKUP TRUCK,35,2004,GMC,ENVOY
DD5583003Q,180006154,Rockville Police Departme,Property Damage Crash,02-05-18 11:00,,,,OTHER,,,DAYLIGHT,,UNKNOWN,Yes,NO APPARENT INJURY,NOT DISTRACTED,MD,(SPORT) UTILITY VEHICLE,0,2013,NISSAN,MURANO
MCP31980022,200037352,Montgomery County Police,Property Damage Crash,09/29/2020 08:48:00 PM,County,RANDOLPH RD,ST DUNSTON LA,SINGLE VEHICLE,RAINING,WET,DARK LIGHTS ON,,NONE DETECTED,Yes,NO APPARENT INJURY,NOT DISTRACTED,MD,PASSENGER CAR,35,2006,BUICK,RAINIER
DD5652002D,230010521,Rockville Police Departme,Property Damage Crash,03-03-23 10:59,Municipality,TAFT ST,LOFSTRAND LA,STRAIGHT MOVEMENT ANGLE,RAINING,WET,DAYLIGHT,NO CONTROLS,NONE DETECTED,Yes,NO APPARENT INJURY,NOT DISTRACTED,MD,VAN,25,2015,FORD,CG
MCP2601000V,210033520,Montgomery County Police,Property Damage Crash,08/27/2021 08:40:00 PM,County,FENTON ST,WAYNE AVE,HEAD ON,,,DARK LIGHTS ON,TRAFFIC SIGNAL,,No,NO APPARENT INJURY,NOT DISTRACTED,DE,PASSENGER CAR,25,2005,MERCURY,MOUNTAINEER
MCP3093000G,180019898,Montgomery County Police,Injury Crash,04/23/2018 05:24:00 PM,Maryland (State),BRADLEY BLVD,FAIRFAX RD,SAME DIRECTION SIDESWIPE,CLEAR,DRY,DAYLIGHT,TRAFFIC SIGNAL,,No,POSSIBLE INJURY,NOT DISTRACTED,MD,PASSENGER CAR,25,2014,MINI,COOPER
EJ7888006B,240030281,GAITHERSBURG,Property Damage Crash,07-01-24 18:55,Spur,,,Angle,Clear,Dry,Daylight,Yield Sign,"Not Suspect of Alcohol Use, Not Suspect of Drug Use",Yes,No Apparent Injury,Unknown,MD,Sport Utility Vehicle,35,2017,SUBARU,OUTBACK
MCP2512001Q,16004410,Montgomery County Police,Property Damage Crash,01/27/2016 03:07:00 PM,County,SHADY GROVE RD,CRABBS BRANCH WAY,SAME DIRECTION SIDESWIPE,CLEAR,WET,DAYLIGHT,NO CONTROLS,NONE DETECTED,No,NO APPARENT INJURY,NOT DISTRACTED,MD,PASSENGER CAR,45,2013,NISSAN,ALTIMA
MCP3124004D,210027544,Montgomery County Police,Injury Crash,07/16/2021 07:11:00 PM,County,GRANDVIEW AVE,NEWTON ST,SAME DIR REAR END,CLOUDY,DRY,DAYLIGHT,NO CONTROLS,NONE DETECTED,Yes,SUSPECTED MINOR INJURY,NOT DISTRACTED,MD,MOPED,25,2008,PIAGGIO,FLY
MCP3007004J,200038507,Montgomery County Police,Injury Crash,09/30/2020 05:30:00 PM,Maryland (State),LAYHILL RD,ENT TO LAYHILL SHOPPING CENTER,HEAD ON LEFT TURN,CLEAR,DRY,DAYLIGHT,NO CONTROLS,NONE DETECTED,No,POSSIBLE INJURY,NOT DISTRACTED,MD,MOTORCYCLE,40,2013,HONDA,MOTORCYCLE
MCP3168007X,250015981,MONTGOMERY,Injury Crash,04-12-25 15:51,Maryland (State) Route,HUNGERFORD DR,,Front to Rear,Clear,Dry,Daylight,Traffic Control Signal,"Not Suspect of Alcohol Use, Not Suspect of Drug Use",No,Suspected Minor Injury,Not Distracted,MD,Sport Utility Vehicle,45,2021,TOYOTA,VENZA
MCP3042002T,200046782,Montgomery County Police,Property Damage Crash,11/27/2020 05:00:00 AM,County,DAYTON ST,PLYERS MILL RD,OPPOSITE DIRECTION SIDESWIPE,UNKNOWN,,DARK -- UNKNOWN LIGHTING,NO CONTROLS,UNKNOWN,Yes,NO APPARENT INJURY,DISTRACTED BY OUTSIDE PERSON OBJECT OR EVENT,MD,PASSENGER CAR,25,2013,HONDA,CIVIC
MCP26390017,16010569,MONTGOMERY,Injury Crash,03-03-16 4:32,Maryland (State),VEIRS MILL RD,PENDLETON DR,SINGLE VEHICLE,CLEAR,DRY,DARK LIGHTS ON,NO CONTROLS,NONE DETECTED,Unknown,SUSPECTED MINOR INJURY,NOT DISTRACTED,DC,PASSENGER CAR,40,2010,NISSAN,ALTIMA
HA24950002,22001948,Maryland-National Capital,Property Damage Crash,11-06-22 9:56,County,E WAYNE AVE,SLIGO CREEK PKWY,HEAD ON,CLEAR,DRY,DAYLIGHT,TRAFFIC SIGNAL,,Unknown,NO APPARENT INJURY,NOT DISTRACTED,MD,PASSENGER CAR,25,2008,HOND,4D
MCP2867003C,17009939,Montgomery County Police,Injury Crash,02/24/2017 07:17:00 AM,US (State),COLESVILLE RD,SOUTHWOOD AVE,SAME DIRECTION LEFT TURN,CLEAR,DRY,DAYLIGHT,,NONE DETECTED,Yes,NO APPARENT INJURY,UNKNOWN,MD,PASSENGER CAR,45,2003,HOND,PILOT
MCP2358004N,180018877,Montgomery County Police,Property Damage Crash,04/18/2018 08:36:00 AM,County,WINSTON DR,RIVER RD,OTHER,CLEAR,DRY,DAYLIGHT,TRAFFIC SIGNAL,NONE DETECTED,Unknown,NO APPARENT INJURY,NOT DISTRACTED,IL,"MEDIUM/HEAVY TRUCKS 3 AXLES (OVER 10,000LBS (4,536KG))",35,2011,ISUZU,TK
MCP12130051,200002569,Montgomery County Police,Property Damage Crash,01/15/2020 08:20:00 PM,County,NORWOOD RD,NORBECK RD,SAME DIR REAR END,CLEAR,DRY,DARK LIGHTS ON,TRAFFIC SIGNAL,NONE DETECTED,No,NO APPARENT INJURY,NOT DISTRACTED,MD,PICKUP TRUCK,40,2014,FORD,TK
MCP3161003M,220004397,Montgomery County Police,Property Damage Crash,02-01-22 17:10,Maryland (State),CONNECTICUT AVE,DUNLOP ST,SAME DIR REAR END,CLEAR,DRY,DUSK,NO CONTROLS,NONE DETECTED,No,NO APPARENT INJURY,NOT DISTRACTED,MD,PASSENGER CAR,35,2019,AUDI,SQ5
EJ79020016,240025720,GAITHERSBURG,Property Damage Crash,05/30/2024 09:52:00 PM,Municipality Route,ORCHARD RIDGE DR (NB/L),,Angle,Clear,Dry,Dark - Lighted,Traffic Control Signal,"Not Suspect of Alcohol Use, Not Suspect of Drug Use",Yes,No Apparent Injury,Unknown,MD,Sport Utility Vehicle,50,2024,HONDA,HR-V
MCP2717003T,15056031,Montgomery County Police,Injury Crash,11-03-15 17:15,Maryland (State),KNOWLES AVE,SUMMIT AVE,SAME DIR REAR END,CLEAR,DRY,DARK LIGHTS ON,NO CONTROLS,NONE DETECTED,Yes,NO APPARENT INJURY,UNKNOWN,MD,PASSENGER CAR,35,2001,CHEVROLET,MALIBU
MCP2231007C,230028436,Montgomery County Police,Property Damage Crash,06/13/2023 12:46:00 PM,Maryland (State),MONTGOMERY VILLAGE AVE,RUSSELL AVE,HEAD ON LEFT TURN,CLEAR,DRY,DAYLIGHT,TRAFFIC SIGNAL,NONE DETECTED,Yes,NO APPARENT INJURY,UNKNOWN,MD,PASSENGER CAR,35,2006,TOYOTA,RAV4
DD5611005J,190000753,Rockville Police Departme,Property Damage Crash,01-05-19 8:30,Municipality,W EDMONSTON DR,ROCKVILLE PIKE,SAME DIRECTION RIGHT TURN,RAINING,WET,DAYLIGHT,TRAFFIC SIGNAL,NONE DETECTED,No,NO APPARENT INJURY,NOT DISTRACTED,MD,PASSENGER CAR,25,2003,HONDA,4S
DD56110037,170526251,Rockville Police Departme,Property Damage Crash,08/22/2017 04:35:00 PM,,,,OTHER,CLEAR,,DAYLIGHT,NO CONTROLS,,Yes,NO APPARENT INJURY,UNKNOWN,,PASSENGER CAR,0,0,UNKNOWN,UNKNOWN
MCP32210036,240037486,MONTGOMERY,Property Damage Crash,08-08-24 17:39,Maryland (State) Route,,,Single Vehicle,Rain,Wet,Daylight,No Controls,"Not Suspect of Alcohol Use, Not Suspect of Drug Use",Yes,No Apparent Injury,Not Distracted,MD,Passenger Car,35,2018,SUBARU,WRX
MCP1378016P,230069813,Montgomery County Police,Property Damage Crash,12-04-23 15:11,County,BROADMORE RD,BROADMORE CIR,SAME DIRECTION SIDESWIPE,CLOUDY,DRY,DAYLIGHT,NO CONTROLS,NONE DETECTED,Yes,NO APPARENT INJURY,NOT DISTRACTED,MD,SCHOOL BUS,25,2020,THMS,BUS
MCP27670068,190021378,Montgomery County Police,Property Damage Crash,05-06-19 18:41,County,VALLEYWOOD DR,CLAY ST,SAME DIRECTION SIDESWIPE,CLEAR,DRY,DAYLIGHT,NO CONTROLS,NONE DETECTED,Yes,NO APPARENT INJURY,UNKNOWN,MD,PASSENGER CAR,20,2007,HONDA,FIT
EJ78560077,190034483,Gaithersburg Police Depar,Property Damage Crash,07/20/2019 09:50:00 AM,Maryland (State),FREDERICK RD,TRAVIS AVE,HEAD ON LEFT TURN,CLEAR,DRY,DAYLIGHT,TRAFFIC SIGNAL,,No,NO APPARENT INJURY,NOT DISTRACTED,MD,PASSENGER CAR,35,2015,HYUN,4S
MCP3207001D,200048559,Montgomery County Police,Injury Crash,12-09-20 18:08,Maryland (State),NEW HAMPSHIRE AVE,LOCKWOOD DR,SAME DIR REAR END,CLEAR,DRY,DARK LIGHTS ON,,NONE DETECTED,Yes,POSSIBLE INJURY,NOT DISTRACTED,MD,PASSENGER CAR,40,2015,HOND,CIVIC
MCP2837002S,190009358,Montgomery County Police,Injury Crash,02/27/2019 03:20:00 PM,County,SHADY GROVE RD,SPUR FR MD 355,SAME DIR REAR END,,DRY,DAYLIGHT,NO CONTROLS,NONE DETECTED,Yes,NO APPARENT INJURY,LOOKED BUT DID NOT SEE,MD,(SPORT) UTILITY VEHICLE,40,2015,FORD,EXPLORER
MCP1174001B,16004940,Montgomery County Police,Injury Crash,01/30/2016 02:17:00 PM,Maryland (State),MONTGOMERY AVE,WAVERLY ST,SAME DIR REAR END,CLEAR,DRY,DAYLIGHT,NO CONTROLS,NONE DETECTED,No,NO APPARENT INJURY,NOT DISTRACTED,MD,PASSENGER CAR,25,2007,TOYOTA,COROLLA
MCP2203008Z,250011393,MONTGOMERY,Property Damage Crash,03/15/2025 03:40:00 PM,County Route,ARCOLA AVE,,Angle,Clear,Dry,Daylight,No Controls,"Not Suspect of Alcohol Use, Not Suspect of Drug Use",Yes,No Apparent Injury,Not Distracted,MD,Passenger Car,30,2014,TOYOTA,COROLLA
MCP2699001J,210023293,Montgomery County Police,Property Damage Crash,06/18/2021 12:43:00 AM,County,RANDOLPH RD,LAUDERDALE DR,SINGLE VEHICLE,CLEAR,DRY,DARK LIGHTS ON,,,Yes,NO APPARENT INJURY,UNKNOWN,MD,PASSENGER CAR,35,2020,MINI,COOPER
MCP12910034,200045929,Montgomery County Police,Injury Crash,11/20/2020 08:50:00 PM,Maryland (State),FREDERICK RD,WATKINS MILL RD,STRAIGHT MOVEMENT ANGLE,CLEAR,DRY,DARK LIGHTS ON,TRAFFIC SIGNAL,NONE DETECTED,No,SUSPECTED MINOR INJURY,NOT DISTRACTED,MD,OTHER,35,2010,LEXUS,TK
MCP9428001P,170549458,Montgomery County Police,Property Damage Crash,12/19/2017 10:21:00 AM,,,,SAME DIR REAR END,,,,,NONE DETECTED,No,NO APPARENT INJURY,NOT DISTRACTED,MD,POLICE VEHICLE/EMERGENCY,15,2013,FORD,EXPLORER
MCP3350004B,250028959,MONTGOMERY,Property Damage Crash,06/29/2025 02:01:00 PM,Bicycle Route,,SIESTA KEY WAY,"Sideswipe, Same Direction",Clear,Dry,Daylight,Stop Sign,"Not Suspect of Alcohol Use, Not Suspect of Drug Use",Yes,No Apparent Injury,Unknown,MD,Passenger Car,20,2025,TESLA,MODEL 3
MCP1205009H,230051243,Montgomery County Police,Property Damage Crash,08/24/2023 05:00:00 PM,Municipality,MEADOW LA,BLACKTHORN ST,SAME DIRECTION RIGHT TURN,CLOUDY,DRY,DAYLIGHT,NO CONTROLS,UNKNOWN,Yes,NO APPARENT INJURY,UNKNOWN,,,25,0,UNKNOWN,UNKNOWN
MCP31920040,230046852,Montgomery County Police,Property Damage Crash,07/29/2023 07:27:00 PM,Maryland (State),VEIRS MILL RD,NEWPORT MILL RD,STRAIGHT MOVEMENT ANGLE,CLEAR,WET,DAYLIGHT,TRAFFIC SIGNAL,NONE DETECTED,Yes,NO APPARENT INJURY,UNKNOWN,MD,PASSENGER CAR,35,2018,LEXUS,NX 300
MCP3020005M,200037848,Montgomery County Police,Property Damage Crash,09/26/2020 11:30:00 AM,County,BROOKE RD,CELEBRITY LA,SAME DIRECTION SIDESWIPE,CLEAR,WET,DAYLIGHT,NO CONTROLS,NONE DETECTED,Yes,NO APPARENT INJURY,NOT DISTRACTED,MD,PASSENGER CAR,45,2014,CHEVROLET,MALIBU
MCP2436008K,190046836,Montgomery County Police,Property Damage Crash,09/30/2019 12:50:00 PM,Interstate (State),CAPITAL BELTWAY,GEORGIA AVE,SAME DIRECTION SIDESWIPE,RAINING,WET,DAYLIGHT,,NONE DETECTED,No,NO APPARENT INJURY,NOT DISTRACTED,MD,PASSENGER CAR,55,2002,INFINITI,G20
MCP3178001L,200002822,Montgomery County Police,Property Damage Crash,01/17/2020 11:16:00 AM,Maryland (State),GEORGIA AVE,RAMP 7 FR MD 200 WB TO MD 97 SB,SAME DIR REAR END,CLEAR,DRY,DAYLIGHT,TRAFFIC SIGNAL,NONE DETECTED,No,NO APPARENT INJURY,NOT DISTRACTED,MD,PASSENGER CAR,45,2013,HONDA,CIVIC
MCP2962008T,240004283,MONTGOMERY,Injury Crash,01/27/2024 09:44:00 AM,County Route,LIBERTY MILL RD,CLOPPER RD (WB/L),Angle,Clear,Dry,Daylight,Stop Sign,"Not Suspect of Alcohol Use, Not Suspect of Drug Use",No,No Apparent Injury,Not Distracted,MD,Passenger Car,35,2012,TOYOTA,PRIUS C
MCP2991000C,16001860,Montgomery County Police,Property Damage Crash,01-11-16 6:57,,,,OTHER,CLEAR,,,NO CONTROLS,NONE DETECTED,Yes,NO APPARENT INJURY,NOT DISTRACTED,MD,PICKUP TRUCK,15,2007,CHEVY,TRUCK
MCP2353009L,210049450,Montgomery County Police,Injury Crash,12-06-21 9:14,,,,SINGLE VEHICLE,CLOUDY,,DAYLIGHT,NO CONTROLS,NONE DETECTED,Yes,SUSPECTED SERIOUS INJURY,OTHER DISTRACTION,MD,(SPORT) UTILITY VEHICLE,15,2012,JEEP,GRAND CHEROKEE
MCP32010072,240055132,MONTGOMERY,Property Damage Crash,11/17/2024 12:57:00 PM,County Route,WARING STATION RD,MIDDLEBROOK RD (WB/L),"Sideswipe, Same Direction",Clear,Dry,Daylight,Traffic Control Signal,"Not Suspect of Alcohol Use, Not Suspect of Drug Use",Yes,No Apparent Injury,Not Distracted,MD,Passenger Car,35,2022,NISSAN,VERSA
MCP3334000X,230003762,Montgomery County Police,Property Damage Crash,01/23/2023 04:09:00 PM,Other Public Roadway,W FALKLAND LA,EAST WEST HWY,SAME DIR REAR END,CLEAR,WET,DAYLIGHT,NO CONTROLS,NONE DETECTED,Yes,NO APPARENT INJURY,UNKNOWN,MD,PASSENGER CAR,35,2005,HONDA,CP
MCP3256001M,220038526,Montgomery County Police,Property Damage Crash,09-05-22 20:33,County,E RANDOLPH RD,TOURMALINE CT,SINGLE VEHICLE,RAINING,WET,DARK LIGHTS ON,NO CONTROLS,NONE DETECTED,Yes,NO APPARENT INJURY,LOOKED BUT DID NOT SEE,MD,PASSENGER CAR,35,2001,FORD,MUSTANG
EJ78950052,240000725,GAITHERSBURG,Property Damage Crash,01-05-24 11:00,Maryland (State) Route,GREAT SENECA HWY (SB/L),LAKELANDS DR LAKELANDS DR (NB/L),Other,Clear,Dry,Daylight,Traffic Control Signal,"Not Suspect of Alcohol Use, Not Suspect of Drug Use",No,No Apparent Injury,Unknown,MD,Passenger Car,55,2022,TOYOTA,COROLLA
MCP1512003C,210022199,Montgomery County Police,Property Damage Crash,06-10-21 19:24,Maryland (State),FREDERICK RD,ENT TO BUSINESS,SAME DIR REAR END,RAINING,WET,DAYLIGHT,TRAFFIC SIGNAL,NONE DETECTED,Yes,NO APPARENT INJURY,NOT DISTRACTED,MD,PASSENGER CAR,35,2008,INFI,4S
MCP9399001R,220016077,Montgomery County Police,Injury Crash,04/15/2022 09:25:00 PM,Maryland (State),DARNESTOWN RD,MUDDY BRANCH RD,ANGLE MEETS RIGHT TURN,CLEAR,DRY,DARK LIGHTS ON,TRAFFIC SIGNAL,NONE DETECTED,Yes,NO APPARENT INJURY,NOT DISTRACTED,MD,PASSENGER CAR,40,2016,TOYT,TOYT
MCP2617003P,170513195,Montgomery County Police,Injury Crash,06-12-17 11:42,Maryland (State),CONNECTICUT AVE,JONES BRIDGE RD,SAME DIR REAR END,CLEAR,DRY,DAYLIGHT,NO CONTROLS,NONE DETECTED,Yes,NO APPARENT INJURY,UNKNOWN,MD,VAN,35,1997,FORD,E150