Report Number,Local Case Number,Agency Name,ACRS Report Type,Crash Date/Time,Route Type,Road Name,Cross-Street Name,Collision Type,Weather,Surface Condition,Light,Traffic Control,Driver Substance Abuse,Driver At Fault,Injury Severity,Driver Distracted By,Drivers License State,Vehicle Body Type,Speed Limit,Vehicle Year,Vehicle Make,Vehicle Model
MCP2635002F,15045600,MONTGOMERY,Property Damage Crash,09-09-15 17:23,Maryland (State),NEW HAMPSHIRE AVE,TREE LAWN DR,ANGLE MEETS LEFT TURN,CLEAR,DRY,DAYLIGHT,NO CONTROLS,,No,NO APPARENT INJURY,NOT DISTRACTED,MD,PASSENGER CAR,40,2008,MINICOOPER,COOPER S
MCP0685002T,17007829,Montgomery County Police,Property Damage Crash,02/13/2017 10:59:00 AM,County,E GUDE DR,CRABBS BRANCH WAY,HEAD ON LEFT TURN,CLEAR,DRY,DAYLIGHT,TRAFFIC SIGNAL,NONE DETECTED,Yes,NO APPARENT INJURY,NOT DISTRACTED,MD,PASSENGER CAR,35,2012,HONDA,4DR
MCP32580051,250015016,MONTGOMERY,Property Damage Crash,04-06-25 20:27,County Route,CLARIDGE RD,,Front to Rear,Rain,Wet,Dark - Lighted,No Controls,"Suspect of Alcohol Use, Not Suspect of Drug Use",Yes,No Apparent Injury,Not Distracted,,Passenger Car,25,2010,HONDA,CIVIC
MCP26010016,220033193,Montgomery County Police,Property Damage Crash,08-02-22 18:07,US (State),COLUMBIA PIKE,GREENCASTLE RD,STRAIGHT MOVEMENT ANGLE,,DRY,DAYLIGHT,TRAFFIC SIGNAL,NONE DETECTED,Unknown,NO APPARENT INJURY,UNKNOWN,MD,PASSENGER CAR,55,2021,NISSAN,SENTRA
MCP3067002F,220028878,Montgomery County Police,Property Damage Crash,07-05-22 19:45,Municipality,FALLSGROVE BLVD,PRETTYMAN DR,STRAIGHT MOVEMENT ANGLE,CLEAR,DRY,DAYLIGHT,STOP SIGN,,Yes,NO APPARENT INJURY,LOOKED BUT DID NOT SEE,MD,PASSENGER CAR,25,2020,HONDA,CRV
MCP913000B1,200035029,Montgomery County Police,Injury Crash,09-07-20 12:54,Maryland (State),PINEY BRANCH RD,NO NAME,STRAIGHT MOVEMENT ANGLE,CLEAR,DRY,DAYLIGHT,NO CONTROLS,NONE DETECTED,No,NO APPARENT INJURY,UNKNOWN,MD,PASSENGER CAR,30,2018,DODGE,CHARGER
MCP120500BT,240011062,MONTGOMERY,Injury Crash,03-07-24 12:17,County Route,CHELTENHAM DR,WISCONSIN AVE,Angle,Clear,Dry,Daylight,Traffic Control Signal,"Not Suspect of Alcohol Use, Not Suspect of Drug Use",No,Suspected Serious Injury,Not Distracted,MD,Passenger Car,25,2008,FORD,FUSION
MCP2116001J,15007066,Montgomery County Police,Property Damage Crash,02-12-15 7:25,County,POSTOAK RD,TUCKERMAN LA,STRAIGHT MOVEMENT ANGLE,CLEAR,DRY,DAYLIGHT,NO CONTROLS,NONE DETECTED,Yes,NO APPARENT INJURY,LOOKED BUT DID NOT SEE,MD,PASSENGER CAR,25,2012,TOYOTA,HIGHLANDER
MCP1213000W,15053058,MONTGOMERY,Property Damage Crash,10/19/2015 04:31:00 PM,County,CAVENDISH DR,SWINGINGDALE DR,SINGLE VEHICLE,CLEAR,DRY,DAYLIGHT,NO CONTROLS,NONE DETECTED,Yes,NO APPARENT INJURY,NOT DISTRACTED,MD,SCHOOL BUS,25,2013,THOMAS,BUS
EJ7884002N,210032364,Gaithersburg Police Depar,Injury Crash,08/19/2021 08:59:00 PM,County,SHADY GROVE RD,CHOKE CHERRY RD,SAME DIR REAR END,CLEAR,DRY,DARK NO LIGHTS,TRAFFIC SIGNAL,,No,NO APPARENT INJURY,NOT DISTRACTED,VA,PASSENGER CAR,35,2015,HONDA,CRV
MCP3130005Z,230004823,Montgomery County Police,Property Damage Crash,01/30/2023 07:18:00 AM,,,,SINGLE VEHICLE,CLEAR,,DAWN,NO CONTROLS,UNKNOWN,Yes,NO APPARENT INJURY,UNKNOWN,,OTHER,5,2023,UNK,UNK
DD56300026,190049187,Rockville Police Departme,Property Damage Crash,10-07-19 7:55,Municipality,MARYLAND AVE,NEW MARK ESPLANADE,OTHER,CLEAR,DRY,DAYLIGHT,NO CONTROLS,UNKNOWN,Yes,NO APPARENT INJURY,UNKNOWN,,,25,0,UNKNOWN,UNKNOWN
MCP28530085,210029129,Montgomery County Police,Property Damage Crash,07/27/2021 04:48:00 PM,County,DENNIS AVE,SLIGO CREEK PKWY,STRAIGHT MOVEMENT ANGLE,CLEAR,DRY,DAYLIGHT,STOP SIGN,,Yes,NO APPARENT INJURY,NOT DISTRACTED,MD,PASSENGER CAR,25,2006,HONDA,CIVIC
MCP289200DS,230012648,Montgomery County Police,Property Damage Crash,03/15/2023 03:47:00 PM,Maryland (State),GEORGIA AVE,RAMP 2 FR IS 495 WB TO MD 97 NB,SAME DIR REAR END,CLEAR,DRY,DAYLIGHT,NO CONTROLS,NONE DETECTED,No,NO APPARENT INJURY,NOT DISTRACTED,MD,PASSENGER CAR,30,2012,FORD,UT
MCP32260017,210014762,Montgomery County Police,Property Damage Crash,04/20/2021 04:30:00 PM,County,RANDOLPH RD,NEW HAMPSHIRE AVE,SAME DIRECTION SIDESWIPE,CLEAR,DRY,DAYLIGHT,TRAFFIC SIGNAL,NONE DETECTED,No,NO APPARENT INJURY,NOT DISTRACTED,MD,PASSENGER CAR,40,2013,TOYOTA,CAMRY
MCP9130006W,190010975,Montgomery County Police,Property Damage Crash,03-09-19 13:44,US (State),COLESVILLE RD,FENTON ST,STRAIGHT MOVEMENT ANGLE,CLOUDY,DRY,DAYLIGHT,TRAFFIC SIGNAL,NONE DETECTED,No,NO APPARENT INJURY,NOT DISTRACTED,MD,POLICE VEHICLE/EMERGENCY,35,2015,FORD,INTERCEPTOR
MCP3280002K,220042286,Montgomery County Police,Injury Crash,09/28/2022 09:00:00 AM,Maryland (State),NEW HAMPSHIRE AVE,LOCKWOOD DR,SAME DIR REAR END,CLEAR,DRY,DAYLIGHT,TRAFFIC SIGNAL,UNKNOWN,Yes,NO APPARENT INJURY,UNKNOWN,,(SPORT) UTILITY VEHICLE,40,2018,BUICK,ENVISION
MCP3258004G,250000871,MONTGOMERY,Injury Crash,01-07-25 18:17,Local Route,WHEATON PLZ RING RD CUT,,Single Vehicle,Snow,Slush,Dark - Lighted,Pedestrian Crossing,"Not Suspect of Alcohol Use, Not Suspect of Drug Use",Yes,No Apparent Injury,Not Distracted,MD,Passenger Car,15,2011,FORD,ESCAPE
MCP2009001C,200033348,Montgomery County Police,Property Damage Crash,08/26/2020 02:11:00 PM,Maryland (State),OLD HUNDRED RD,RAMP 1 FR IS 270 NB TO MD 109 WB,SAME DIR REAR END,CLEAR,DRY,DAYLIGHT,,NONE DETECTED,No,NO APPARENT INJURY,NOT DISTRACTED,MD,(SPORT) UTILITY VEHICLE,35,2017,JEEP,CHEROKEE
MCP3339000Z,220052434,Montgomery County Police,Property Damage Crash,11/28/2022 09:43:00 AM,County,RANDOLPH RD,COLIE DR,SAME DIRECTION SIDESWIPE,CLOUDY,DRY,DAYLIGHT,NO CONTROLS,UNKNOWN,Yes,NO APPARENT INJURY,LOOKED BUT DID NOT SEE,,PASSENGER CAR,35,2016,FORD,SEDAN 4 DOOR
MCP3151000V,180062643,Montgomery County Police,Injury Crash,12/15/2018 09:49:00 AM,Interstate (State),EISENHOWER MEMORIAL HWY,W GUDE DR,SAME DIRECTION SIDESWIPE,RAINING,WET,DAYLIGHT,,NONE DETECTED,Unknown,NO APPARENT INJURY,NOT DISTRACTED,MD,PASSENGER CAR,55,2015,JEEP,GRAND CHEROKEE
MCP2559003M,190050148,Montgomery County Police,Injury Crash,10/19/2019 07:51:00 AM,Maryland (State),W DIAMOND AVE,SPUR FR MD 124,SAME DIR REAR END,CLEAR,DRY,DAYLIGHT,NO CONTROLS,,Yes,NO APPARENT INJURY,OTHER DISTRACTION,MD,PASSENGER CAR,35,2011,TOYOTA,RAV4
MCP2411002Q,190001832,Montgomery County Police,Property Damage Crash,01-11-19 18:35,County,TWINBROOK PKWY,HALPINE RD,OTHER,CLEAR,DRY,DARK NO LIGHTS,,NONE DETECTED,No,NO APPARENT INJURY,NOT DISTRACTED,MD,PASSENGER CAR,5,2003,CHRYSTLER,TOWN AND COUNTRY
MCP22090031,250021896,MONTGOMERY,Injury Crash,05/18/2025 12:56:00 AM,Maryland (State) Route,CONNECTICUT AVE,,Front to Rear,Clear,Dry,Dark - Lighted,No Controls,"Not Suspect of Alcohol Use, Not Suspect of Drug Use",No,Suspected Minor Injury,Not Distracted,MD,Sport Utility Vehicle,35,2018,FORD,EXPLORER
MCP3444000V,250035534,MONTGOMERY,Property Damage Crash,08-09-25 17:36,,,,Angle,Clear,,Daylight,,"Not Suspect of Alcohol Use, Not Suspect of Drug Use",No,No Apparent Injury,Not Distracted,MD,Pickup,0,2016,GMC,SIERRA
MCP3163005S,230054653,Montgomery County Police,Property Damage Crash,09/13/2023 03:00:00 PM,Maryland (State),PLYERS MILL RD,CONNECTICUT AVE,SAME DIRECTION SIDESWIPE,CLEAR,DRY,DAYLIGHT,TRAFFIC SIGNAL,,No,NO APPARENT INJURY,NOT DISTRACTED,NC,PASSENGER CAR,35,2017,HONDA,4DR
MCP2274000F,15033772,MONTGOMERY,Property Damage Crash,07-10-15 9:09,Municipality,FIRSTFIELD RD,QUINCE ORCHARD RD,OPPOSITE DIR BOTH LEFT TURN,CLEAR,DRY,DAYLIGHT,STOP SIGN,NONE DETECTED,No,NO APPARENT INJURY,NOT DISTRACTED,MD,PASSENGER CAR,25,2006,DODGE,STRATUS
MCP10200023,16062734,Montgomery County Police,Property Damage Crash,12-07-16 7:04,Maryland (State),FREDERICK RD,PLUMMER DR,HEAD ON LEFT TURN,CLEAR,WET,DARK -- UNKNOWN LIGHTING,TRAFFIC SIGNAL,NONE DETECTED,Yes,NO APPARENT INJURY,NOT DISTRACTED,MD,PICKUP TRUCK,40,1995,DODGE,TK
MCP11230010,15059037,MONTGOMERY,Property Damage Crash,11/19/2015 09:13:00 AM,County,GOODHILL RD,RANDOLPH RD,OTHER,RAINING,WET,DAYLIGHT,NO CONTROLS,,No,NO APPARENT INJURY,NOT DISTRACTED,YT,PICKUP TRUCK,25,1998,DODGE,TK
DD56530063,260000821,ROCKVILLE,Property Damage Crash,01-06-26 15:08,Crossover,,ROCKVILLE PIKE,Front to Front,Clear,Dry,Daylight,No Controls,"Not Suspect of Alcohol Use, Not Suspect of Drug Use",No,No Apparent Injury,Not Distracted,MD,Sport Utility Vehicle,35,2018,JEEP,WRANGLER
MCP26170028,16036416,Montgomery County Police,Property Damage Crash,07/18/2016 06:41:00 PM,County,RIVER TRAIL CT,CUL DE SAC,OTHER,CLEAR,WET,DAYLIGHT,NO CONTROLS,NONE DETECTED,Yes,NO APPARENT INJURY,UNKNOWN,MD,(SPORT) UTILITY VEHICLE,25,2006,HONDA,PILOT
MCP2278001K,16052228,Montgomery County Police,Property Damage Crash,10-11-16 8:31,County,SEVEN LOCKS RD,SEVEN LOCKS CT,SAME DIR REAR END,,DRY,DAYLIGHT,NO CONTROLS,NONE DETECTED,Yes,NO APPARENT INJURY,UNKNOWN,MD,PASSENGER CAR,35,2014,VOLKS,4D
DD55920009,200019223,Rockville Police Departme,Property Damage Crash,05-12-20 18:15,Interstate (State),EISENHOWER MEMORIAL HWY,RAMP 4 FR IS 270 NB TO MD 189 EB,SAME DIR REAR END,,DRY,DAYLIGHT,YIELD SIGN,,Yes,NO APPARENT INJURY,LOOKED BUT DID NOT SEE,MD,PASSENGER CAR,25,2016,SUBARU,TK
MCP27600054,240013594,MONTGOMERY,Property Damage Crash,03/21/2024 07:16:00 PM,County Route,ODENDHAL AVE (EB/L),GOSHEN RD ODENDHAL AVE,Front to Rear,Clear,Dry,Dark - Lighted,Traffic Control Signal,"Not Suspect of Alcohol Use, Not Suspect of Drug Use",Yes,No Apparent Injury,Unknown,,Passenger Car,30,2017,NISSAN,SENTRA
MCP3409000P,250016626,MONTGOMERY,Property Damage Crash,04/16/2025 11:04:00 PM,County Route,WAYRIDGE DR,,Single Vehicle,Clear,Dry,Dark - Lighted,No Controls,"Unknown, Unknown",Yes,No Apparent Injury,Unknown,,Passenger Car,15,2014,TOYOTA,COROLLA
MCP2475005M,210003740,Montgomery County Police,Property Damage Crash,01/29/2021 03:32:00 PM,Maryland (State),NEW HAMPSHIRE AVE,ELTON RD,SAME DIR REAR END,,DRY,DAYLIGHT,NO CONTROLS,NONE DETECTED,No,NO APPARENT INJURY,NOT DISTRACTED,MD,(SPORT) UTILITY VEHICLE,40,2017,NISSAN,ROGUE
MCP2437001H,16006044,Montgomery County Police,Property Damage Crash,02-05-16 14:50,,,,OTHER,CLEAR,,DAYLIGHT,NO CONTROLS,NONE DETECTED,Yes,NO APPARENT INJURY,USING OTHER DEVICE CONTROLS INTEGRAL TO VEHICLE,MD,PICKUP TRUCK,0,2011,DODGE,RAM2500
MCP1550005R,250003841,MONTGOMERY,Injury Crash,01/27/2025 12:53:00 PM,Local Route,TRADE ST,,Angle,Clear,Dry,Daylight,Stop Sign,"Not Suspect of Alcohol Use, Not Suspect of Drug Use",No,No Apparent Injury,Not Distracted,MD,Passenger Car,15,2011,NISSAN,JUKE
DD56250019,180054199,Rockville Police Departme,Property Damage Crash,10/29/2018 04:00:00 PM,Municipality,E MIDDLE LA,CROSSOVER,STRAIGHT MOVEMENT ANGLE,CLEAR,DRY,DAYLIGHT,NO CONTROLS,,Yes,NO APPARENT INJURY,LOOKED BUT DID NOT SEE,MD,PASSENGER CAR,25,2018,CHEVY,4S
MCP28480015,15036481,MONTGOMERY,Property Damage Crash,07/24/2015 08:49:00 AM,Maryland (State),ROCKVILLE PIKE,EXECUTIVE BLVD,HEAD ON LEFT TURN,CLEAR,DRY,DAYLIGHT,NO CONTROLS,NONE DETECTED,No,NO APPARENT INJURY,NOT DISTRACTED,MD,STATION WAGON,35,2015,HYUNDAI,TUCSON
MCP3149000P,180059385,Montgomery County Police,Property Damage Crash,11/28/2018 01:56:00 AM,Maryland (State),GEORGIA AVE,DENNIS AVE,SAME DIRECTION LEFT TURN,CLEAR,DRY,DARK LIGHTS ON,TRAFFIC SIGNAL,NONE DETECTED,No,NO APPARENT INJURY,UNKNOWN,MD,"CARGO VAN/LIGHT TRUCK 2 AXLES (OVER 10,000LBS (4,536 KG))",45,2015,CHEVY,TK
MCP271700GS,180016514,Montgomery County Police,Injury Crash,04-05-18 12:30,Maryland (State),GOLDSBORO RD,RADNOR RD,OTHER,CLEAR,DRY,DAYLIGHT,OTHER,NONE DETECTED,Yes,NO APPARENT INJURY,UNKNOWN,VA,PASSENGER CAR,30,2016,BMW,328I
MCP271700SG,200035252,Montgomery County Police,Injury Crash,09-08-20 19:10,,,,OTHER,CLEAR,,DARK LIGHTS ON,NO CONTROLS,UNKNOWN,Yes,NO APPARENT INJURY,UNKNOWN,,,0,0,UNKNOWN,UNKNOWN
MCP30580022,180049455,Montgomery County Police,Property Damage Crash,10-03-18 16:25,County,CAVANAUGH DR,HAYWORTH DR,OPPOSITE DIRECTION SIDESWIPE,CLEAR,DRY,DAYLIGHT,STOP SIGN,NONE DETECTED,Yes,NO APPARENT INJURY,NOT DISTRACTED,MD,SCHOOL BUS,15,2007,THOM,BUS
MCP2719000Y,16016804,Montgomery County Police,Injury Crash,04-06-16 16:06,County,GALT AVE,PARKER AVE,STRAIGHT MOVEMENT ANGLE,CLEAR,DRY,DAYLIGHT,STOP SIGN,NONE DETECTED,No,SUSPECTED MINOR INJURY,NOT DISTRACTED,MD,PASSENGER CAR,25,2003,TOYOTA,HIGHLANDER
MCP2351000S,16043972,Montgomery County Police,Injury Crash,08/29/2016 11:41:00 AM,County,E JEFFERSON ST,ENT TO FEDERAL PLAZA SC,STRAIGHT MOVEMENT ANGLE,CLEAR,DRY,DAYLIGHT,NO CONTROLS,NONE DETECTED,Yes,NO APPARENT INJURY,NOT DISTRACTED,MD,PASSENGER CAR,25,2006,TOYT,COROLLA
MCP2798001W,16030303,Montgomery County Police,Injury Crash,06/15/2016 06:16:00 PM,US (State),COLUMBIA PIKE,SANDY SPRING RD,SAME DIR REAR END,CLEAR,DRY,DAYLIGHT,,NONE DETECTED,No,POSSIBLE INJURY,NOT DISTRACTED,MD,PASSENGER CAR,50,2005,TOYOTA,RAV4
MCP31260031,220010198,Montgomery County Police,Injury Crash,03-09-22 17:15,Maryland (State),FREDERICK RD,SCENERY DR,STRAIGHT MOVEMENT ANGLE,RAINING,WET,DAYLIGHT,NO CONTROLS,NONE DETECTED,Yes,POSSIBLE INJURY,UNKNOWN,MD,PASSENGER CAR,40,2018,FORD,FUSION
MCP1310000P,250053605,MONTGOMERY,Property Damage Crash,11/30/2025 06:15:00 PM,Maryland (State) Route,GOLDSBORO RD,,Single Vehicle,Clear,Wet,Dark - Not Lighted,No Controls,"Suspect of Alcohol Use, Not Suspect of Drug Use",Yes,No Apparent Injury,"Other Action (looking away from task, etc.)",DE,Sport Utility Vehicle,35,2024,KIA,SORENTO
MCP2835002J,210032395,Montgomery County Police,Property Damage Crash,08/20/2021 04:27:00 AM,Maryland (State),EAST WEST HWY,SUNDALE DR,SAME DIRECTION LEFT TURN,RAINING,WET,DARK LIGHTS ON,TRAFFIC SIGNAL,NONE DETECTED,No,NO APPARENT INJURY,NOT DISTRACTED,DC,(SPORT) UTILITY VEHICLE,35,2005,CADILLAC,ESCALADE
MCP2656004Z,200049019,Montgomery County Police,Property Damage Crash,12-12-20 17:40,Maryland (State),GERMANTOWN RD,RICHTER FARM RD,OTHER,CLEAR,DRY,DARK LIGHTS ON,TRAFFIC SIGNAL,,No,NO APPARENT INJURY,NOT DISTRACTED,MD,PASSENGER CAR,35,2016,VOLKSWAGON,JETTA
DD5603002G,16007527,Rockville Police Departme,Property Damage Crash,02/14/2016 08:35:00 AM,Municipality,WOOTTON PKWY,FALLS RD,SAME DIR REAR END,CLEAR,DRY,DAYLIGHT,TRAFFIC SIGNAL,NONE DETECTED,Yes,NO APPARENT INJURY,OTHER DISTRACTION,MD,PASSENGER CAR,30,2015,ACURA,ILX
MCP25660008,16045704,Montgomery County Police,Property Damage Crash,09-07-16 10:05,County,BRIGGS CHANEY RD,AUTOMOBILE BLVD,HEAD ON LEFT TURN,,DRY,DAYLIGHT,TRAFFIC SIGNAL,NONE DETECTED,Yes,NO APPARENT INJURY,NOT DISTRACTED,MD,PASSENGER CAR,35,2016,SUBARU,LEGACY
MCP3085004Z,240039195,MONTGOMERY,Property Damage Crash,08/19/2024 03:10:00 PM,County Route,JONES BRIDGE RD,ROCKVILLE PIKE,Front to Rear,Clear,Dry,Daylight,No Controls,"Unknown, Unknown",No,,,,Unknown,30,2024,UNKNOWN,UNKNOWN
MCP1202004C,200006740,Montgomery County Police,Property Damage Crash,02-10-20 10:51,Maryland (State),RIVER RD,GOLDSBORO RD,SAME DIRECTION RIGHT TURN,CLOUDY,WET,DAYLIGHT,TRAFFIC SIGNAL,NONE DETECTED,Yes,NO APPARENT INJURY,NOT DISTRACTED,MD,PASSENGER CAR,35,2018,TOYOTA,TUNDRA
DM8388003C,200004793,Takoma Park Police Depart,Injury Crash,01/29/2020 02:12:00 PM,,,,OTHER,,,DAYLIGHT,NO CONTROLS,NONE DETECTED,Yes,NO APPARENT INJURY,LOOKED BUT DID NOT SEE,MD,VAN,15,1988,FORD,VAN
MCP2116005F,16065452,Montgomery County Police,Property Damage Crash,12/21/2016 01:28:00 PM,,,,OTHER,CLEAR,,DAYLIGHT,,NONE DETECTED,Yes,NO APPARENT INJURY,NOT DISTRACTED,MD,FIRE VEHICLE/NON EMERGENCY,5,2016,FRHT,TK
MCP2678004K,230071857,Montgomery County Police,Injury Crash,12/15/2023 10:04:00 AM,Maryland (State),UNIVERSITY BLVD W,SPUR FR MD 586,SAME DIRECTION SIDESWIPE,CLEAR,DRY,DAYLIGHT,TRAFFIC SIGNAL,NONE DETECTED,No,NO APPARENT INJURY,NOT DISTRACTED,MD,(SPORT) UTILITY VEHICLE,30,2012,FORD,EXPLORER
MCP32130017,210047973,Montgomery County Police,Property Damage Crash,11/26/2021 11:56:00 PM,Maryland (State),UNIVERSITY BLVD W,LORAIN AVE,SAME DIRECTION RIGHT TURN,RAINING,WET,DARK LIGHTS ON,NO CONTROLS,UNKNOWN,Yes,NO APPARENT INJURY,UNKNOWN,,PASSENGER CAR,35,2006,FORD,MUSTANG
MCP22150029,230019619,Montgomery County Police,Property Damage Crash,04/24/2023 06:47:00 PM,Maryland (State),WOODFIELD RD,WARFIELD RD,SAME DIR REAR END,CLEAR,DRY,DAYLIGHT,TRAFFIC SIGNAL,NONE DETECTED,Yes,NO APPARENT INJURY,LOOKED BUT DID NOT SEE,MD,PASSENGER CAR,40,2015,HONDA,CIVIL
MCP23580056,180035082,Montgomery County Police,Injury Crash,07/16/2018 06:31:00 AM,County,CEDAR LA,AMHERST LA,OTHER,CLEAR,DRY,DAYLIGHT,NO CONTROLS,NONE DETECTED,Yes,SUSPECTED MINOR INJURY,UNKNOWN,MD,PASSENGER CAR,30,2015,MITSUBISHI,LANCER
DM84620002,170528655,Takoma Park Police Depart,Injury Crash,09-04-17 17:10,Maryland (State),NEW HAMPSHIRE AVE,LARCH AVE,SAME DIR REAR END,CLEAR,DRY,DAYLIGHT,TRAFFIC SIGNAL,NONE DETECTED,Yes,SUSPECTED MINOR INJURY,LOOKED BUT DID NOT SEE,MD,PASSENGER CAR,35,2007,JAGUAR,3
MCP285900K4,250048080,MONTGOMERY,Property Damage Crash,10/26/2025 01:00:00 PM,Maryland (State) Route,WOODFIELD RD,BEECHCRAFT CUT THRU CUT,Front to Front,Clear,Dry,Daylight,Stop Sign,"Not Suspect of Alcohol Use, Not Suspect of Drug Use",Yes,No Apparent Injury,Unknown,MD,Passenger Car,25,2002,CHRYSLER,PT CRUISER
MCP3130002K,200023699,Montgomery County Police,Injury Crash,06/17/2020 08:00:00 AM,Maryland (State),GEORGIA AVE,BEL PRE RD,STRAIGHT MOVEMENT ANGLE,CLOUDY,DRY,DAYLIGHT,TRAFFIC SIGNAL,NONE DETECTED,No,SUSPECTED MINOR INJURY,NOT DISTRACTED,DC,PASSENGER CAR,40,2005,MERCEDES,C320
MCP137800CD,16048271,Montgomery County Police,Property Damage Crash,09/20/2016 08:59:00 AM,Municipality,MEEM AVE,FLORAL DR,OTHER,CLOUDY,WET,DAYLIGHT,,UNKNOWN,Yes,NO APPARENT INJURY,UNKNOWN,MD,SCHOOL BUS,25,2000,THOMAS,BUS
EJ7906000Y,2400359743,GAITHERSBURG,Injury Crash,07/30/2024 09:23:00 PM,Maryland (State) Route,,ODENDHAL AVE,Other,Clear,Dry,Dark - Lighted,Traffic Control Signal,"Not Suspect of Alcohol Use, Not Suspect of Drug Use",No,Suspected Minor Injury,Unknown,MD,Motorcycle - 2 Wheeled,35,2008,YAMAHA,XV1900 RAIDER
DD5607003Z,220046404,Rockville Police Departme,Injury Crash,10/22/2022 05:00:00 PM,Maryland (State),FREDERICK RD,KING FARM BLVD,SAME DIR REAR END,CLEAR,DRY,DAYLIGHT,TRAFFIC SIGNAL,NONE DETECTED,No,POSSIBLE INJURY,NOT DISTRACTED,MD,PASSENGER CAR,35,2014,MAZDA,3
MCP3176001G,210027987,Montgomery County Police,Property Damage Crash,07/20/2021 01:15:00 AM,Maryland (State),GEORGIA AVE,DENNIS AVE,STRAIGHT MOVEMENT ANGLE,CLEAR,DRY,DARK LIGHTS ON,TRAFFIC SIGNAL,UNKNOWN,Yes,NO APPARENT INJURY,UNKNOWN,,,35,0,UNKNOWN,UNKNOWN
EJ7887004W,24008886,GAITHERSBURG,Injury Crash,10/13/2024 09:30:00 AM,Bicycle Route,,RAMP 6 FR MD 117 EB TO IS 270 SB,Front to Rear,Clear,Dry,Daylight,Pedestrian Crossing,"Not Suspect of Alcohol Use, Not Suspect of Drug Use",No,Suspected Minor Injury,Not Distracted,VA,Pickup,25,2024,NISSAN,TITAN
MCP1419001F,190020564,Montgomery County Police,Property Damage Crash,05-02-19 8:35,Maryland (State),KEY WEST AVE,CROSSOVER,SAME DIR REAR END,CLOUDY,DRY,DAYLIGHT,NO CONTROLS,NONE DETECTED,No,NO APPARENT INJURY,NOT DISTRACTED,MD,(SPORT) UTILITY VEHICLE,40,2016,LAND ROVER,DISCOVERY
MCP3279003F,240040241,MONTGOMERY,Injury Crash,08/25/2024 06:27:00 PM,County Route,LINDELL ST,KENDALL ST,Angle,Clear,Dry,Daylight,Stop Sign,"Not Suspect of Alcohol Use, Not Suspect of Drug Use",No,No Apparent Injury,Not Distracted,MD,Passenger Car,30,2012,MITSUBISHI,GALANT
MCP2965000B,15030283,MONTGOMERY,Property Damage Crash,06/21/2015 11:36:00 AM,,,,SINGLE VEHICLE,CLEAR,,DAYLIGHT,NO CONTROLS,NONE DETECTED,Yes,NO APPARENT INJURY,NO DRIVER PRESENT,MD,PASSENGER CAR,25,1996,TOYOTA,COROLLA
MCP0036007R,180018102,Montgomery County Police,Injury Crash,04/13/2018 05:40:00 PM,County,MIDDLEBROOK RD,OBSERVATION DR,SAME DIR REAR END,CLEAR,DRY,DAYLIGHT,NO CONTROLS,NONE DETECTED,Yes,POSSIBLE INJURY,INATTENTIVE OR LOST IN THOUGHT,MD,PASSENGER CAR,40,2010,TOYOTA,4DR
EJ7857001Q,170533688,Gaithersburg Police Depar,Injury Crash,09/28/2017 06:24:00 PM,,,,SINGLE VEHICLE,CLEAR,,DAYLIGHT,NO CONTROLS,NONE DETECTED,No,NO APPARENT INJURY,NOT DISTRACTED,MD,PASSENGER CAR,5,2016,FORD,TK
MCP30650023,180042160,Montgomery County Police,Injury Crash,08/24/2018 09:30:00 AM,US (State),COLESVILLE RD,UNIVERSITY BLVD E,SAME DIR REAR END,CLEAR,DRY,DAYLIGHT,,NONE DETECTED,No,SUSPECTED MINOR INJURY,NOT DISTRACTED,VA,PASSENGER CAR,40,2013,TOYOTA,TACOMA
MCP9406001G,170508705,Montgomery County Police,Property Damage Crash,05/19/2017 03:34:00 PM,Maryland (State),GEORGIA AVE,RALPH RD,SAME DIRECTION RIGHT TURN,CLEAR,DRY,DAYLIGHT,,NONE DETECTED,Yes,NO APPARENT INJURY,UNKNOWN,VA,PASSENGER CAR,45,2007,TOYOTA,RAV4
MCP2844006Q,230049935,Montgomery County Police,Property Damage Crash,08/17/2023 02:00:00 PM,Maryland (State),LAYHILL RD,CROSSOVER,OTHER,CLEAR,DRY,DAYLIGHT,NO CONTROLS,,Yes,NO APPARENT INJURY,UNKNOWN,MD,PASSENGER CAR,35,2017,MERCEDES,C300
MCP25860048,180043310,Montgomery County Police,Property Damage Crash,08/30/2018 05:19:00 PM,US (State),COLUMBIA PIKE,BEGIN BRIDGE,SAME DIR REAR END,CLEAR,DRY,DAYLIGHT,NO CONTROLS,NONE DETECTED,Yes,NO APPARENT INJURY,UNKNOWN,MD,PASSENGER CAR,50,2011,VOLKSWAGEN,CC SPORT
DD56050051,180005296,Rockville Police Departme,Property Damage Crash,01/31/2018 11:15:00 AM,Municipality,RESEARCH BLVD,W GUDE DR,STRAIGHT MOVEMENT ANGLE,CLEAR,DRY,DAYLIGHT,TRAFFIC SIGNAL,NONE DETECTED,Yes,NO APPARENT INJURY,LOOKED BUT DID NOT SEE,MD,PASSENGER CAR,35,2014,TOYT,4S
MCP31400029,230030324,Montgomery County Police,Injury Crash,06/24/2023 09:57:00 PM,Maryland (State),CONNECTICUT AVE,ROSEMARY ST #2,SAME DIR REAR END,CLEAR,DRY,DARK LIGHTS ON,TRAFFIC SIGNAL,,No,POSSIBLE INJURY,NOT DISTRACTED,MD,PASSENGER CAR,30,2010,HOND,CIVIC