Report Number,Local Case Number,Agency Name,ACRS Report Type,Crash Date/Time,Route Type,Road Name,Cross-Street Name,Collision Type,Weather,Surface Condition,Light,Traffic Control,Driver Substance Abuse,Driver At Fault,Injury Severity,Driver Distracted By,Drivers License State,Vehicle Body Type,Speed Limit,Vehicle Year,Vehicle Make,Vehicle Model
MCP2160000D,16017959,Montgomery County Police,Property Damage Crash,04-12-16 19:47,County,APPLE RIDGE RD,DARLINGTON DR,OTHER,,DRY,DARK LIGHTS ON,,ALCOHOL CONTRIBUTED,Yes,NO APPARENT INJURY,UNKNOWN,MD,PASSENGER CAR,30,2004,HONDA,ACCORD
MCP28530050,180038735,Montgomery County Police,Property Damage Crash,08-04-18 18:15,Maryland (State),NEW HAMPSHIRE AVE,CHALMERS RD,SAME DIRECTION LEFT TURN,CLEAR,DRY,DAYLIGHT,NO CONTROLS,,No,NO APPARENT INJURY,NOT DISTRACTED,MD,PASSENGER CAR,40,2002,CHRYSLER,TOWN AND COUNTRY
MCP2635002D,15043111,MONTGOMERY,Property Damage Crash,08/27/2015 09:15:00 PM,,,,SINGLE VEHICLE,CLEAR,,DARK LIGHTS ON,NO CONTROLS,,Yes,NO APPARENT INJURY,DISTRACTED BY OUTSIDE PERSON OBJECT OR EVENT,MD,PASSENGER CAR,5,2009,CHEVROLET,IMPALA
DM84970021,240010360,TAKOMA,Injury Crash,03-03-24 12:47,Municipality Route,MERWOOD DR (WB/L),NEW HAMPSHIRE AVE (SB/L),Angle,Clear,Dry,Daylight,Traffic Control Signal,"Not Suspect of Alcohol Use, Not Suspect of Drug Use",No,Suspected Minor Injury,Not Distracted,MD,Passenger Car,35,2023,CHEVROLET,MALIBU
MCP3299001D,220005296,Montgomery County Police,Property Damage Crash,02-07-22 13:55,,,,HEAD ON,CLEAR,,DAYLIGHT,NO CONTROLS,NONE DETECTED,Yes,NO APPARENT INJURY,NOT DISTRACTED,MD,PASSENGER CAR,5,2015,MERCEDES,C300
MCP24450016,190052399,Montgomery County Police,Property Damage Crash,10/31/2019 11:50:00 AM,County,BLUNT RD,SCENERY DR,SINGLE VEHICLE,RAINING,WET,DAYLIGHT,NO CONTROLS,NONE DETECTED,Yes,NO APPARENT INJURY,NOT DISTRACTED,MD,PASSENGER CAR,25,2004,HONDA,CIVIC
MCP3063001X,190039359,Montgomery County Police,Property Damage Crash,08/17/2019 10:15:00 AM,Maryland (State),SANDY SPRING RD,DINO DR,SAME DIR REAR END,CLEAR,DRY,DARK LIGHTS ON,,,No,NO APPARENT INJURY,NOT DISTRACTED,MD,PICKUP TRUCK,40,2001,FORD,TK
MCP29040040,170533061,Montgomery County Police,Injury Crash,09/25/2017 04:45:00 PM,Maryland (State),PINEY BRANCH RD,UNIVERSITY BLVD E,OPPOSITE DIRECTION SIDESWIPE,CLEAR,DRY,,NO CONTROLS,NONE DETECTED,No,NO APPARENT INJURY,NOT DISTRACTED,MD,PASSENGER CAR,35,2013,NISSAN,SUV
MCP27490025,180012961,Montgomery County Police,Property Damage Crash,03/15/2018 09:01:00 AM,Maryland (State),SPENCERVILLE RD,THOMPSON RD,SAME DIR REAR END,CLEAR,DRY,DAYLIGHT,NO CONTROLS,NONE DETECTED,Yes,NO APPARENT INJURY,LOOKED BUT DID NOT SEE,MD,PASSENGER CAR,40,2013,CHEV,MALIBU
DM8465001G,190054404,Takoma Park Police Depart,Property Damage Crash,11-11-19 16:38,,,,HEAD ON LEFT TURN,CLEAR,,DAYLIGHT,NO CONTROLS,,No,NO APPARENT INJURY,NOT DISTRACTED,MD,PASSENGER CAR,15,2014,JEEP,WRANGLER
MCP13660084,180051081,Montgomery County Police,Property Damage Crash,10-12-18 12:53,,,,SINGLE VEHICLE,CLEAR,,DAYLIGHT,,NONE DETECTED,Yes,NO APPARENT INJURY,NOT DISTRACTED,MD,PASSENGER CAR,0,2005,DODGE,STRATUS
MCP30900052,210028798,Montgomery County Police,Injury Crash,07/25/2021 12:45:00 PM,County,SNOUFFERS SCHOOL RD,CENTERWAY RD,STRAIGHT MOVEMENT ANGLE,CLEAR,DRY,DAYLIGHT,TRAFFIC SIGNAL,,No,SUSPECTED MINOR INJURY,NOT DISTRACTED,MD,PASSENGER CAR,40,2019,CHEVY,TRAX
MCP219800CZ,230011615,Montgomery County Police,Property Damage Crash,03-09-23 16:12,County,SHADY GROVE RD,RAMP 6 FR SHADY GROVE RD EB TO IS 270 SB,SAME DIRECTION SIDESWIPE,CLEAR,DRY,DAYLIGHT,TRAFFIC SIGNAL,,No,NO APPARENT INJURY,NOT DISTRACTED,MD,PASSENGER CAR,25,2012,JEEP,WRANGLER
MCP2177003B,180027392,Montgomery County Police,Property Damage Crash,06-04-18 8:19,County,DARNESTOWN RD,GREAT SENECA HWY,SAME DIRECTION SIDESWIPE,CLEAR,DRY,DAYLIGHT,TRAFFIC SIGNAL,UNKNOWN,Yes,NO APPARENT INJURY,UNKNOWN,,PICKUP TRUCK,40,0,UNKNOWN,UNKNOWN
EJ78930021,220055611,Gaithersburg Police Depar,Injury Crash,12/15/2022 11:59:00 PM,Maryland (State),MONTGOMERY VILLAGE AVE,CHRISTOPHER AVE,SAME DIR REAR END,RAINING,WET,DARK LIGHTS ON,TRAFFIC SIGNAL,UNKNOWN,No,NO APPARENT INJURY,NOT DISTRACTED,,,35,0,UNKNOWN,UNKNOWN
MCP1595002B,230028557,Montgomery County Police,Injury Crash,06/14/2023 01:07:00 AM,Maryland (State),GEORGIA AVE,BLUERIDGE AVE,STRAIGHT MOVEMENT ANGLE,CLEAR,DRY,DARK LIGHTS ON,TRAFFIC SIGNAL,NONE DETECTED,No,POSSIBLE INJURY,NOT DISTRACTED,MD,PASSENGER CAR,30,2015,HONDA,ACCORD
MCP3053001G,180002168,Montgomery County Police,Property Damage Crash,01/14/2018 09:12:00 AM,County,ASPEN HILL RD,PARKLAND DR,SAME DIR REND RIGHT TURN,UNKNOWN,DRY,UNKNOWN,NO CONTROLS,UNKNOWN,Yes,NO APPARENT INJURY,UNKNOWN,,,30,0,UNKNOWN,UNKNOWN
MCP2496001W,200039884,Montgomery County Police,Injury Crash,10-10-20 9:20,Maryland (State),UNIVERSITY BLVD E,E FRANKLIN AVE,HEAD ON LEFT TURN,CLOUDY,DRY,DAYLIGHT,TRAFFIC SIGNAL,NONE DETECTED,Yes,NO APPARENT INJURY,NOT DISTRACTED,MD,PASSENGER CAR,45,2006,AUDI,A4
MCP20160080,240039172,MONTGOMERY,Property Damage Crash,08/19/2024 01:43:00 PM,County Route,TWINBROOK PKWY,,"Sideswipe, Same Direction",Clear,Dry,Daylight,No Controls,"Not Suspect of Alcohol Use, Not Suspect of Drug Use",No,No Apparent Injury,Not Distracted,MD,Passenger Car,35,2015,HONDA,UNKNOWN
MCP26070011,15046200,MONTGOMERY,Property Damage Crash,09-12-15 16:56,County,GAME PRESERVE RD,STRUC #15043,OPPOSITE DIRECTION SIDESWIPE,CLOUDY,WET,DAYLIGHT,NO CONTROLS,NONE DETECTED,No,NO APPARENT INJURY,NOT DISTRACTED,VA,PASSENGER CAR,35,2011,HONDA,PILOT
MCP3002002H,180021179,Montgomery County Police,Property Damage Crash,04/30/2018 08:12:00 PM,Maryland (State),OLD GEORGETOWN RD,RAMP 8 FR MD 187 SB TO IS 495 WB,SAME DIR REAR END,CLEAR,DRY,DUSK,TRAFFIC SIGNAL,NONE DETECTED,No,NO APPARENT INJURY,NOT DISTRACTED,MD,(SPORT) UTILITY VEHICLE,40,2013,BMW,X5
EJ78390032,180029391,Gaithersburg Police Depar,Injury Crash,06/14/2018 03:03:00 PM,Municipality,N SUMMIT AVE,E DIAMOND AVE,SAME DIR REAR END,CLEAR,DRY,DAYLIGHT,NO CONTROLS,NONE DETECTED,Yes,POSSIBLE INJURY,LOOKED BUT DID NOT SEE,MD,PASSENGER CAR,25,2004,FORD,EXPLORER
MCP10480058,200049491,Montgomery County Police,Property Damage Crash,12/14/2020 05:30:00 AM,,,,SINGLE VEHICLE,OTHER,,DARK NO LIGHTS,,,Yes,NO APPARENT INJURY,NOT DISTRACTED,MD,POLICE VEHICLE/NON EMERGENCY,0,2018,FORD,F150
MCP2939007T,250024961,MONTGOMERY,Property Damage Crash,06-04-25 20:03,County Route,BETHESDA CHURCH RD,,Other,Clear,Dry,Daylight,No Controls,"Not Suspect of Alcohol Use, Not Suspect of Drug Use",Yes,No Apparent Injury,Unknown,MD,Passenger Car,30,2023,HONDA,ACCORD
MCP25360050,240022348,MONTGOMERY,Property Damage Crash,05-12-24 3:50,County Route,ELKIN ST,,"Sideswipe, Same Direction",Clear,Wet,Dark - Lighted,No Controls,"Suspect of Alcohol Use, Not Suspect of Drug Use",No,No Apparent Injury,Not Distracted,MD,Passenger Car,30,2010,TOYOTA,CAMRY
MCP137801D1,250024710,MONTGOMERY,Injury Crash,06-03-25 16:10,County Route,,MARION DR,Front to Rear,Cloudy,Dry,Daylight,No Controls,"Not Suspect of Alcohol Use, Not Suspect of Drug Use",No,No Apparent Injury,Not Distracted,MD,Sport Utility Vehicle,35,2023,HONDA,HR-V
MCP3023004H,220010822,Montgomery County Police,Injury Crash,03/13/2022 01:00:00 PM,Maryland (State),GEORGIA AVE,HATHAWAY DR,SAME DIRECTION SIDESWIPE,CLEAR,DRY,DAYLIGHT,TRAFFIC SIGNAL,NONE DETECTED,Unknown,NO APPARENT INJURY,UNKNOWN,MD,PASSENGER CAR,35,2001,TOYOTA,CAMRY
MCP28680037,190043895,Montgomery County Police,Property Damage Crash,09/13/2019 03:50:00 PM,Maryland (State),RIVER RD,WESTBARD AVE,ANGLE MEETS LEFT HEAD ON,CLOUDY,DRY,DAYLIGHT,NO CONTROLS,NONE DETECTED,Yes,NO APPARENT INJURY,LOOKED BUT DID NOT SEE,MD,PASSENGER CAR,35,2013,TOYOTA,PRIUS
MCP25260026,210045605,Montgomery County Police,Property Damage Crash,11-10-21 17:26,Maryland (State),DICKERSON RD,DICKERSON CHURCH RD,SINGLE VEHICLE,CLEAR,DRY,DARK NO LIGHTS,NO CONTROLS,,No,NO APPARENT INJURY,NOT DISTRACTED,MD,POLICE VEHICLE/EMERGENCY,30,2016,FORD,INTERCEPTER
EJ7875002C,210039347,Gaithersburg Police Depar,Property Damage Crash,10-03-21 20:58,County,FIELDS RD,WASHINGTONIAN BLVD,OTHER,CLEAR,DRY,DARK LIGHTS ON,NO CONTROLS,UNKNOWN,Yes,NO APPARENT INJURY,UNKNOWN,,PASSENGER CAR,35,2018,HONDA,CRV
DD56250038,190060110,Rockville Police Departme,Property Damage Crash,12/13/2019 02:45:00 PM,Municipality,MARYLAND AVE,S WASHINGTON ST,SAME DIR REAR END,RAINING,WET,DAYLIGHT,FLASHING TRAFFIC SIGNAL,NONE DETECTED,No,NO APPARENT INJURY,NOT DISTRACTED,MD,PASSENGER CAR,25,2016,TOYT,TK
MCP94220025,200038865,Montgomery County Police,Property Damage Crash,10-01-20 14:35,,,,UNKNOWN,UNKNOWN,,UNKNOWN,,UNKNOWN,Yes,NO APPARENT INJURY,UNKNOWN,,,0,0,UNKNOWN,UNKNOWN
MCP2986000S,16031745,Montgomery County Police,Property Damage Crash,06/23/2016 01:29:00 PM,,,,STRAIGHT MOVEMENT ANGLE,CLOUDY,,DAYLIGHT,NO CONTROLS,NONE DETECTED,Yes,NO APPARENT INJURY,NOT DISTRACTED,FL,PASSENGER CAR,10,2003,FORD,TK
MCP3279002Y,230072070,Montgomery County Police,Injury Crash,12/16/2023 03:26:00 PM,Maryland (State),GEORGIA AVE,PRICHARD RD,SAME DIR REAR END,CLEAR,DRY,,TRAFFIC SIGNAL,NONE DETECTED,No,SUSPECTED MINOR INJURY,NOT DISTRACTED,MD,PASSENGER CAR,30,2013,FORD,FOCUS
MCP2870002M,220048790,Montgomery County Police,Property Damage Crash,11-05-22 2:30,County,BRENISH DR,WOODFIELD RD,SAME DIR REAR END,CLEAR,DRY,DARK LIGHTS ON,NO CONTROLS,NONE DETECTED,Yes,NO APPARENT INJURY,NOT DISTRACTED,MD,PASSENGER CAR,35,2019,HONDA,CR-V
MCP2298009V,16048164,Montgomery County Police,Property Damage Crash,09/19/2016 05:47:00 PM,Maryland (State),GERMANTOWN RD,RICHTER FARM RD,SAME DIR REAR END,CLOUDY,DRY,DAYLIGHT,TRAFFIC SIGNAL,NONE DETECTED,Yes,NO APPARENT INJURY,LOOKED BUT DID NOT SEE,DE,PASSENGER CAR,40,2007,MAZD,MZ3
MCP2687002Q,180001736,Montgomery County Police,Property Damage Crash,01-11-18 20:22,County,BEECH TREE RD,RIVER RD,SAME DIR REAR END,RAINING,WET,DARK LIGHTS ON,TRAFFIC SIGNAL,NONE DETECTED,No,NO APPARENT INJURY,NOT DISTRACTED,MD,PASSENGER CAR,45,2006,HONDA,CIVIC
MCP2047002D,180030279,Montgomery County Police,Property Damage Crash,06/19/2018 02:34:00 PM,Other Public Roadway,MONTROSE RD,MONTROSE PKWY,SINGLE VEHICLE,RAINING,WET,DAYLIGHT,,NONE DETECTED,Yes,NO APPARENT INJURY,OTHER DISTRACTION,MD,PASSENGER CAR,40,2000,TOYOTA,CAMRY
MCP2894001P,15065529,MONTGOMERY,Property Damage Crash,12/22/2015 03:22:00 PM,County,E JEFFERSON ST,MONTROSE PKWY,SAME DIRECTION LEFT TURN,CLEAR,WET,DAYLIGHT,NO CONTROLS,NONE DETECTED,No,NO APPARENT INJURY,UNKNOWN,MD,(SPORT) UTILITY VEHICLE,35,2007,HONDA,PILOT
MCP31110083,240027394,MONTGOMERY,Property Damage Crash,06-09-24 9:41,Maryland (State) Route,WISCONSIN AVE (SB/L),BATTERY LA,Angle,Cloudy,Dry,Daylight,Traffic Control Signal,"Not Suspect of Alcohol Use, Not Suspect of Drug Use",No,No Apparent Injury,Not Distracted,MD,Passenger Car,25,2003,PONTIAC,VIBE
MCP2951000M,15050420,MONTGOMERY,Injury Crash,10-05-15 13:27,County,RANDOLPH RD,NEW HAMPSHIRE AVE,STRAIGHT MOVEMENT ANGLE,CLEAR,DRY,DAYLIGHT,TRAFFIC SIGNAL,NONE DETECTED,Yes,POSSIBLE INJURY,LOOKED BUT DID NOT SEE,MD,PASSENGER CAR,45,2002,TOYOTA,COROLLA
MCP3156002H,220057698,Montgomery County Police,Property Damage Crash,12/29/2022 12:58:00 PM,County,HAMILTON AVE,WORTH AVE,OPPOSITE DIRECTION SIDESWIPE,CLEAR,DRY,DAYLIGHT,NO CONTROLS,NONE DETECTED,Unknown,NO APPARENT INJURY,NOT DISTRACTED,MD,SCHOOL BUS,15,2016,THOMAS,BUILT BUS
MCP3308002J,240016908,MONTGOMERY,Injury Crash,04-11-24 19:00,Maryland (State) Route,GEORGIA AVE,ARCOLA AVE,Front to Rear,Rain,Wet,Daylight,Traffic Control Signal,"Suspect of Alcohol Use, Not Suspect of Drug Use",Yes,No Apparent Injury,"Other Action (looking away from task, etc.)",MD,Passenger Car,35,2007,HONDA,ACCORD
MCP2746001X,240039563,MONTGOMERY,Property Damage Crash,08/21/2024 03:00:00 PM,County Route,COLIE DR,SHOP CTR CUT THRU CUT,Front to Front,Clear,Dry,Daylight,No Controls,"Not Suspect of Alcohol Use, Not Suspect of Drug Use",No,No Apparent Injury,"Other Action (looking away from task, etc.)",WA,Passenger Car,10,2013,FIAT,500
MCP2633003K,230061497,Montgomery County Police,Property Damage Crash,10/19/2023 05:45:00 PM,County,GREENTREE RD,BRADMOOR DR,STRAIGHT MOVEMENT ANGLE,CLEAR,DRY,DAYLIGHT,STOP SIGN,NONE DETECTED,No,NO APPARENT INJURY,NOT DISTRACTED,MD,(SPORT) UTILITY VEHICLE,30,2014,DODG,TK
MCP2651001X,180007056,Montgomery County Police,Property Damage Crash,02-10-18 14:00,,,,OTHER,RAINING,,DAYLIGHT,,,No,NO APPARENT INJURY,NOT DISTRACTED,MD,PASSENGER CAR,0,2010,TOYOTA,4D
MCP2420003C,180053150,Montgomery County Police,Injury Crash,10/23/2018 08:11:00 PM,Maryland (State),OLNEY LAYTONSVILLE RD,QUEEN ELIZABETH DR,STRAIGHT MOVEMENT ANGLE,,DRY,DARK LIGHTS ON,TRAFFIC SIGNAL,NONE DETECTED,Yes,POSSIBLE INJURY,NOT DISTRACTED,MD,PASSENGER CAR,40,2007,HYUN,TK
MCP2043001T,200004897,Montgomery County Police,Injury Crash,01/29/2020 11:05:00 PM,County,INDUSTRIAL DR,GAITHER RD,OTHER,CLEAR,,DARK LIGHTS ON,STOP SIGN,NONE DETECTED,Yes,NO APPARENT INJURY,LOOKED BUT DID NOT SEE,MD,PASSENGER CAR,30,2019,TESLA,4S
EJ7884003Y,220006491,Gaithersburg Police Depar,Injury Crash,02/14/2022 07:12:00 PM,County,MUDDY BRANCH RD,WEST SIDE DR,STRAIGHT MOVEMENT ANGLE,CLEAR,DRY,DARK LIGHTS ON,TRAFFIC SIGNAL,NONE DETECTED,Yes,POSSIBLE INJURY,LOOKED BUT DID NOT SEE,MD,PASSENGER CAR,40,2018,NISSAN,SW
MCP2889003B,180048116,Montgomery County Police,Property Damage Crash,09/26/2018 03:50:00 PM,County,RANDOLPH RD,GLENMONT CIR #1,STRAIGHT MOVEMENT ANGLE,,DRY,DAYLIGHT,TRAFFIC SIGNAL,NONE DETECTED,No,NO APPARENT INJURY,NOT DISTRACTED,MD,PASSENGER CAR,30,2010,TOYOTA,TUNDRA
MCP1366007T,180036997,Montgomery County Police,Property Damage Crash,07/26/2018 11:41:00 AM,County,MONTROSE RD,SEVEN LOCKS RD,SAME DIR REAR END,CLEAR,DRY,DAYLIGHT,,NONE DETECTED,Yes,NO APPARENT INJURY,UNKNOWN,MD,"CARGO VAN/LIGHT TRUCK 2 AXLES (OVER 10,000LBS (4,536 KG))",40,2004,FORD,TK
MCP9381001N,15046683,MONTGOMERY,Property Damage Crash,09/15/2015 01:00:00 PM,Maryland (State),16TH ST,EAST WEST HWY,SAME DIRECTION SIDESWIPE,CLEAR,DRY,DAYLIGHT,NO CONTROLS,NONE DETECTED,No,NO APPARENT INJURY,NOT DISTRACTED,MD,PASSENGER CAR,45,2003,FORD,E350
MCP235800BG,230017587,Montgomery County Police,Property Damage Crash,04/13/2023 10:45:00 AM,Maryland (State),BRADLEY BLVD,BURLING RD,SAME DIR REAR END,CLEAR,DRY,DAYLIGHT,NO CONTROLS,NONE DETECTED,Yes,NO APPARENT INJURY,NOT DISTRACTED,DC,PASSENGER CAR,35,2014,TOYOTA,SIENNA
MCP2351001W,180007499,Montgomery County Police,Property Damage Crash,02/13/2018 10:45:00 AM,Municipality,E GUDE DR,TAFT CT,SAME DIR REAR END,CLEAR,DRY,DAYLIGHT,TRAFFIC SIGNAL,NONE DETECTED,No,NO APPARENT INJURY,NOT DISTRACTED,MD,(SPORT) UTILITY VEHICLE,40,2017,CADILLAC,TK
EJ7839000J,15008622,Gaithersburg Police Depar,Property Damage Crash,02/22/2015 05:58:00 PM,,,,OTHER,CLEAR,,DAWN,STOP SIGN,NONE DETECTED,Yes,NO APPARENT INJURY,NOT DISTRACTED,MD,PASSENGER CAR,20,2004,VOLVO,XC90
MCP2892006H,190022277,Montgomery County Police,Property Damage Crash,05-11-19 16:26,Maryland (State),GEORGIA AVE,MEDICAL PARK DR,SAME DIR REAR END,CLEAR,,DAYLIGHT,,NONE DETECTED,No,NO APPARENT INJURY,NOT DISTRACTED,MD,PASSENGER CAR,35,2013,KIA,4S
MCP3230003B,220037293,Montgomery County Police,Injury Crash,09-09-22 6:30,County,BRIGGS CHANEY RD,GREAT OAK LA,HEAD ON,CLEAR,DRY,DUSK,NO CONTROLS,NONE DETECTED,No,SUSPECTED MINOR INJURY,NOT DISTRACTED,MD,PASSENGER CAR,35,2005,TOYOTA,PV
EJ7889000F,210006712,Gaithersburg Police Depar,Property Damage Crash,02/21/2021 07:45:00 PM,County,SAM EIG HWY,RAMP 1 FR WASH. BLVD TO SAM EIG HWY WB,SAME DIR REAR END,CLEAR,DRY,DARK LIGHTS ON,NO CONTROLS,NONE DETECTED,No,NO APPARENT INJURY,NOT DISTRACTED,MD,PASSENGER CAR,45,2019,FORD,EXPLORER
MCP3030005P,230069844,Montgomery County Police,Injury Crash,12-04-23 17:50,Maryland (State),BRADLEY BLVD,KENNEDY DR,SAME DIR REAR END,CLEAR,DRY,DARK LIGHTS ON,NO CONTROLS,,Yes,POSSIBLE INJURY,NOT DISTRACTED,MD,PASSENGER CAR,35,2015,HOND,VN
MCP3069000S,180019769,Montgomery County Police,Injury Crash,04/23/2018 02:56:00 AM,Maryland (State),ROCKVILLE PIKE,SOUTH DR,SAME DIR REAR END,,DRY,DARK LIGHTS ON,NO CONTROLS,NONE DETECTED,No,NO APPARENT INJURY,NOT DISTRACTED,MD,TRUCK TRACTOR,35,2017,INTERNATIONAL,TK
MCP2330000S,16063481,Montgomery County Police,Property Damage Crash,12-10-16 20:51,Maryland (State),VEIRS MILL RD,CLARIDGE RD,SAME DIR REAR END,CLEAR,DRY,DARK LIGHTS ON,TRAFFIC SIGNAL,ALCOHOL PRESENT,Yes,NO APPARENT INJURY,OTHER DISTRACTION,MD,PASSENGER CAR,40,2005,TOYOTA,COROLLA
EJ7844000H,16000624,Gaithersburg Police Depar,Injury Crash,01-04-16 18:01,Municipality,RUSSELL AVE,LAKE FOREST BLVD,HEAD ON LEFT TURN,CLEAR,DRY,DARK LIGHTS ON,TRAFFIC SIGNAL,NONE DETECTED,No,SUSPECTED MINOR INJURY,UNKNOWN,MD,PASSENGER CAR,25,2004,TOYOTA,SIENNA
MCP2425005H,15043176,MONTGOMERY,Property Damage Crash,08/28/2015 10:00:00 AM,County,SECOND AVE,SPRING ST,SAME DIRECTION SIDESWIPE,CLEAR,DRY,DAYLIGHT,NO CONTROLS,NONE DETECTED,No,NO APPARENT INJURY,NOT DISTRACTED,DC,PASSENGER CAR,30,2008,MERCEDES,E350
EJ7865005T,200027924,Gaithersburg Police Depar,Property Damage Crash,07/18/2020 04:00:00 PM,,,,STRAIGHT MOVEMENT ANGLE,CLEAR,,DAYLIGHT,NO CONTROLS,NONE DETECTED,No,NO APPARENT INJURY,NOT DISTRACTED,MD,PASSENGER CAR,5,2020,HONDA,CIVIC
MCP30000018,16049388,Montgomery County Police,Injury Crash,09/25/2016 08:34:00 PM,County,MIDDLEBROOK RD,GERMANTOWN RD,SAME DIR REAR END,CLEAR,DRY,DARK LIGHTS ON,TRAFFIC SIGNAL,NONE DETECTED,No,NO APPARENT INJURY,NOT DISTRACTED,MD,(SPORT) UTILITY VEHICLE,40,2003,ACURA,MDX
MCP2846001G,15066412,MONTGOMERY,Property Damage Crash,12/27/2015 01:30:00 PM,County,SHOREFIELD RD,GEORGIA AVE,OTHER,CLEAR,DRY,DAYLIGHT,NO CONTROLS,NONE DETECTED,Yes,NO APPARENT INJURY,LOOKED BUT DID NOT SEE,MD,PASSENGER CAR,20,2003,SUBA,4S
MCP2726002M,180014947,Montgomery County Police,Injury Crash,03/27/2018 08:50:00 AM,Maryland (State),NORBECK RD,BALTIMORE RD,SAME DIR REAR END,CLEAR,DRY,DAYLIGHT,TRAFFIC SIGNAL,,No,POSSIBLE INJURY,NOT DISTRACTED,MD,PASSENGER CAR,50,2017,DODGE,VAN
MCP12830019,200011424,Montgomery County Police,Property Damage Crash,03-08-20 11:45,,,,HEAD ON,CLEAR,,DAYLIGHT,NO CONTROLS,NONE DETECTED,No,NO APPARENT INJURY,NOT DISTRACTED,MD,PASSENGER CAR,5,2017,BMW,330
MCP32980017,220012732,Montgomery County Police,Property Damage Crash,03/24/2022 05:09:00 PM,County,STRATH HAVEN DR,WIGHTMAN RD,STRAIGHT MOVEMENT ANGLE,CLEAR,DRY,DAYLIGHT,NO CONTROLS,NONE DETECTED,No,NO APPARENT INJURY,NOT DISTRACTED,MD,PASSENGER CAR,5,2019,TOYOTA,COROLLA
MCP913000BJ,210007858,Montgomery County Police,Property Damage Crash,03-02-21 11:34,Maryland (State),UNIVERSITY BLVD E,LANGLEY DR,OTHER,CLEAR,DRY,DAYLIGHT,NO CONTROLS,NONE DETECTED,No,NO APPARENT INJURY,NOT DISTRACTED,MD,PASSENGER CAR,35,2017,HONDA,ACCORD
MCP3264002D,220006378,Montgomery County Police,Injury Crash,02/14/2022 09:13:00 AM,Maryland (State),GEORGIA AVE,CAMERON ST,SAME DIR REAR END,CLOUDY,DRY,DAYLIGHT,,NONE DETECTED,No,NO APPARENT INJURY,NOT DISTRACTED,MD,TRANSIT BUS,35,2010,TBU,BUS
MCP23990040,200039566,Montgomery County Police,Injury Crash,10-07-20 21:00,County,MONTGOMERY VILLAGE AVE,APPLE RIDGE RD,STRAIGHT MOVEMENT ANGLE,CLEAR,DRY,DARK LIGHTS ON,TRAFFIC SIGNAL,NONE DETECTED,No,NO APPARENT INJURY,NOT DISTRACTED,MD,PICKUP TRUCK,35,2013,CHEVY,SILVERADO
MCP2974000C,15027664,Montgomery County Police,Property Damage Crash,06-08-15 7:53,,,,OTHER,CLEAR,,DAYLIGHT,NO CONTROLS,NONE DETECTED,Yes,NO APPARENT INJURY,NOT DISTRACTED,VA,PASSENGER CAR,15,2014,FORD,HYBRID
MCP32300068,240057532,MONTGOMERY,Injury Crash,12-01-24 17:13,County Route,HATHAWAY DR,GEORGIA AVE (SB/L),Angle,Clear,Dry,Dark - Lighted,Traffic Control Signal,"Not Suspect of Alcohol Use, Not Suspect of Drug Use",No,No Apparent Injury,Not Distracted,MD,Passenger Car,35,2013,HONDA,ACCORD
MCP2946006B,230070323,Montgomery County Police,Property Damage Crash,12-07-23 7:24,County,HAWKES RD,RIDGE RD,SAME DIR REAR END,CLOUDY,DRY,DAWN,STOP SIGN,NONE DETECTED,No,NO APPARENT INJURY,NOT DISTRACTED,MD,SCHOOL BUS,30,2022,THOMAS,SCHOOL BUS
MCP9113001N,16040726,Montgomery County Police,Property Damage Crash,08-11-16 14:40,Maryland (State),NORBECK RD,BALTIMORE RD,SAME DIR REAR END,CLEAR,DRY,DAYLIGHT,TRAFFIC SIGNAL,NONE DETECTED,No,NO APPARENT INJURY,NOT DISTRACTED,MD,(SPORT) UTILITY VEHICLE,45,2010,TOYT,HIGHLANDER
DD56050066,180062240,Rockville Police Departme,Property Damage Crash,12/13/2018 02:00:00 PM,Municipality,S STONESTREET AVE,PARK RD,STRAIGHT MOVEMENT ANGLE,CLEAR,DRY,DAYLIGHT,NO CONTROLS,NONE DETECTED,No,NO APPARENT INJURY,NOT DISTRACTED,MD,PASSENGER CAR,25,2002,ACUR,4S
MCP30750015,180020118,Montgomery County Police,Injury Crash,04/24/2018 05:25:00 PM,County,DORSEY RD,WARFIELD RD,SINGLE VEHICLE,RAINING,WET,DAYLIGHT,,,Yes,SUSPECTED MINOR INJURY,OTHER DISTRACTION,MD,OTHER,30,2008,MAZDA,MAZDA 3
MCP26860051,210032350,Montgomery County Police,Property Damage Crash,08/19/2021 06:18:00 PM,County,FATHER HURLEY BLVD,RAMP 8 FR IS270 SB TO FATHER HURLEY BLVD,STRAIGHT MOVEMENT ANGLE,CLEAR,DRY,DAYLIGHT,TRAFFIC SIGNAL,NONE DETECTED,Yes,NO APPARENT INJURY,UNKNOWN,MD,PASSENGER CAR,45,2020,HYUNDIA,KONA
DM8386000G,16026170,Takoma Park Police Depart,Property Damage Crash,05/26/2016 09:38:00 AM,Municipality,MAPLE AVE,SLIGO CREEK PKWY,ANGLE MEETS RIGHT TURN,CLEAR,DRY,DAYLIGHT,,NONE DETECTED,No,NO APPARENT INJURY,NOT DISTRACTED,DC,PASSENGER CAR,25,2014,NISSAN,MAXIMA
MCP2976001P,16001132,Montgomery County Police,Property Damage Crash,01-07-16 10:12,County,ADELPHI RD,NEW HAMPSHIRE AVE,SAME DIRECTION SIDESWIPE,CLOUDY,DRY,DAYLIGHT,TRAFFIC SIGNAL,NONE DETECTED,No,NO APPARENT INJURY,NOT DISTRACTED,MD,TRANSIT BUS,35,2009,NEW FLYER,BUS