Report Number,Local Case Number,Agency Name,ACRS Report Type,Crash Date/Time,Route Type,Road Name,Cross-Street Name,Collision Type,Weather,Surface Condition,Light,Traffic Control,Driver Substance Abuse,Driver At Fault,Injury Severity,Driver Distracted By,Drivers License State,Vehicle Body Type,Speed Limit,Vehicle Year,Vehicle Make,Vehicle Model
MCP28980063,250018032,MONTGOMERY,Property Damage Crash,04/25/2025 05:30:00 PM,County Route,STALEYBRIDGE RD,,Front to Front,Clear,Dry,Daylight,No Controls,"Not Suspect of Alcohol Use, Not Suspect of Drug Use",Yes,No Apparent Injury,Not Distracted,MD,Passenger Car,25,2011,TOYOTA,COROLLA
MCP10220066,17005164,Montgomery County Police,Property Damage Crash,01/30/2017 07:27:00 AM,Maryland (State),WOODFIELD RD,PLEASANT VIEW LA,STRAIGHT MOVEMENT ANGLE,CLEAR,DRY,DAYLIGHT,NO CONTROLS,NONE DETECTED,No,NO APPARENT INJURY,NOT DISTRACTED,MD,PASSENGER CAR,30,1995,HOND,CIVIC
MCP32900015,220000277,Montgomery County Police,Property Damage Crash,01-03-22 12:07,County,WAYNE AVE,GEORGIA AVE,SAME DIR REAR END,SNOW,SNOW,DAYLIGHT,TRAFFIC SIGNAL,,No,NO APPARENT INJURY,UNKNOWN,MD,OTHER,0,2001,HONDA,PV
DD56230020,190016062,Rockville Police Departme,Injury Crash,04-06-19 21:26,Municipality,BEALL AVE #2,MARYLAND AVE,SINGLE VEHICLE,CLEAR,DRY,DARK LIGHTS ON,WARNING SIGN,NONE DETECTED,Yes,NO APPARENT INJURY,INATTENTIVE OR LOST IN THOUGHT,MD,PASSENGER CAR,25,2013,HYUN,SONATA
EJ7850000Z,15066198,GAITHERSBURG,Injury Crash,12/26/2015 12:28:00 AM,County,LONGDRAFT RD,QUINCE ORCHARD RD,SINGLE VEHICLE,FOGGY,WET,DARK LIGHTS ON,NO CONTROLS,ALCOHOL CONTRIBUTED,Yes,POSSIBLE INJURY,INATTENTIVE OR LOST IN THOUGHT,MD,(SPORT) UTILITY VEHICLE,40,2002,HONDA,PASSPORT
MCP3010004L,190049780,Montgomery County Police,Property Damage Crash,10/17/2019 11:20:00 AM,County,NICHOLSON LA,EXECUTIVE BLVD,OTHER,CLEAR,DRY,DAYLIGHT,TRAFFIC SIGNAL,,Unknown,NO APPARENT INJURY,NOT DISTRACTED,MD,PASSENGER CAR,35,2011,TOYT,CAROLLA
EJ78290044,180017072,Gaithersburg Police Depar,Injury Crash,04-08-18 17:30,Municipality,FIRSTFIELD RD,BANK ST,STRAIGHT MOVEMENT ANGLE,CLEAR,DRY,DAYLIGHT,NO CONTROLS,,No,NO APPARENT INJURY,NOT DISTRACTED,MD,PASSENGER CAR,30,2005,KIA,VAN
MCP9133000P,16019182,Montgomery County Police,Property Damage Crash,04/19/2016 01:24:00 PM,Maryland (State),GERMANTOWN RD,SENECA MEADOWS PKWY,SAME DIR REAR END,CLEAR,DRY,DAYLIGHT,,NONE DETECTED,Yes,NO APPARENT INJURY,ADJUSTING AUDIO AND OR CLIMATE CONTROLS,MD,PASSENGER CAR,40,2006,HOND,TK
MCP2813008Z,220005573,Montgomery County Police,Injury Crash,02-09-22 5:05,Maryland (State),LAYHILL RD,NORBECK RD,STRAIGHT MOVEMENT ANGLE,,DRY,DARK LIGHTS ON,TRAFFIC SIGNAL,,No,SUSPECTED MINOR INJURY,NOT DISTRACTED,MD,PASSENGER CAR,35,2009,ACURA,SUV
DD5641001W,210006133,Rockville Police Departme,Property Damage Crash,02/16/2021 06:20:00 PM,Maryland (State),ROCKVILLE PIKE,EDMONSTON DR,OTHER,CLEAR,DRY,DARK LIGHTS ON,YIELD SIGN,UNKNOWN,Yes,NO APPARENT INJURY,OTHER DISTRACTION,,,40,0,UNKNOWN,UNKNOWN
MCP31300049,210049632,Montgomery County Police,Property Damage Crash,12-07-21 8:00,County,RANDOLPH RD,DALEWOOD DR,SAME DIR REAR END,CLOUDY,DRY,DAYLIGHT,TRAFFIC SIGNAL,NONE DETECTED,No,NO APPARENT INJURY,NOT DISTRACTED,MD,PASSENGER CAR,25,2021,FORD,UT
MCP2954002K,16059824,Montgomery County Police,Property Damage Crash,11/21/2016 06:23:00 AM,Maryland (State),NEW HAMPSHIRE AVE,OAKVIEW DR,SAME DIR REAR END,CLEAR,DRY,DAWN,TRAFFIC SIGNAL,NONE DETECTED,No,NO APPARENT INJURY,NOT DISTRACTED,MD,VAN,40,2011,FORD,VAN
MCP3262003X,240007346,MONTGOMERY,Injury Crash,02/14/2024 03:30:00 PM,County Route,BRIGGS CHANEY RD,,"Sideswipe, Same Direction",Clear,Dry,Daylight,No Controls,"Not Suspect of Alcohol Use, Not Suspect of Drug Use",Yes,Suspected Minor Injury,Unknown,MD,Passenger Car,35,2010,TOYOTA,COROLLA
DM8505002D,250019824,TAKOMA,Property Damage Crash,05-06-25 7:29,Municipality Route,HICKORY AVE,COLUMBIA AVE,Front to Rear,Cloudy,Dry,Daylight,Stop Sign,"Unknown, Unknown",No,No Apparent Injury,Unknown,MD,Passenger Car,20,2020,MACK,TERRAPRO
MCP29690063,190006820,Montgomery County Police,Injury Crash,02-12-19 12:25,Maryland (State),OLNEY SANDY SPRING RD,PRINCE PHILIP DR,HEAD ON LEFT TURN,RAINING,WET,DAYLIGHT,TRAFFIC SIGNAL,NONE DETECTED,No,POSSIBLE INJURY,NOT DISTRACTED,MD,PASSENGER CAR,40,2013,TOYOTA,COROLLA
MCP28690018,16003645,Montgomery County Police,Property Damage Crash,01/20/2016 03:45:00 PM,,,,SAME DIR BOTH LEFT TURN,CLEAR,,DAYLIGHT,NO CONTROLS,NONE DETECTED,Yes,NO APPARENT INJURY,LOOKED BUT DID NOT SEE,MD,SCHOOL BUS,15,2006,THOMAS,BUS
MCP3151000P,180051312,Montgomery County Police,Injury Crash,10/13/2018 05:30:00 PM,County,HATHAWAY DR,HATHAWAY CT,OPPOSITE DIRECTION SIDESWIPE,,DRY,DAYLIGHT,NO CONTROLS,NONE DETECTED,No,NO APPARENT INJURY,NOT DISTRACTED,MD,PASSENGER CAR,30,2016,TOYOTA,RAV 4
MCP2526002F,220054856,Montgomery County Police,Injury Crash,12-12-22 1:19,County,SHADY GROVE RD,BLACKWELL RD,STRAIGHT MOVEMENT ANGLE,CLEAR,DRY,DARK LIGHTS ON,FLASHING TRAFFIC SIGNAL,,Yes,POSSIBLE INJURY,UNKNOWN,MD,(SPORT) UTILITY VEHICLE,40,2016,DODGE,JOURNEY
MCP295400CB,220040172,Montgomery County Police,Injury Crash,09/15/2022 04:37:00 PM,US (State),COLESVILLE RD,UNIVERSITY BLVD E,HEAD ON,CLEAR,DRY,DAYLIGHT,NO CONTROLS,NONE DETECTED,Yes,NO APPARENT INJURY,LOOKED BUT DID NOT SEE,MD,PASSENGER CAR,40,2006,SUZKI,XL7
MCP32800012,210025272,Montgomery County Police,Property Damage Crash,07-01-21 13:59,County,TENBROOK DR,ROSWELL DR,OPPOSITE DIR BOTH LEFT TURN,RAINING,WET,DAYLIGHT,NO CONTROLS,NONE DETECTED,No,NO APPARENT INJURY,NOT DISTRACTED,MD,PASSENGER CAR,30,2021,TOYOTA,RAV4
MCP2722001V,16048243,Montgomery County Police,Injury Crash,09/20/2016 07:31:00 AM,Maryland (State),VEIRS MILL RD,ASPEN HILL RD,SAME DIRECTION SIDESWIPE,CLOUDY,DRY,DAWN,NO CONTROLS,,No,POSSIBLE INJURY,NOT DISTRACTED,MD,PASSENGER CAR,35,1997,HONDA,CRV
MCP29690026,16044362,Montgomery County Police,Injury Crash,08/31/2016 08:37:00 AM,Maryland (State),LAYHILL RD,MIDDLEVALE LA,SAME DIR REAR END,CLEAR,DRY,DAYLIGHT,TRAFFIC SIGNAL,NONE DETECTED,No,NO APPARENT INJURY,NOT DISTRACTED,MD,PASSENGER CAR,40,2008,GMC,ENVOY
MCP2859000Z,15025074,Montgomery County Police,Property Damage Crash,05/25/2015 07:43:00 AM,Maryland (State),QUINCE ORCHARD RD,BANK ST,ANGLE MEETS RIGHT TURN,CLEAR,DRY,DAYLIGHT,TRAFFIC SIGNAL,NONE DETECTED,No,NO APPARENT INJURY,NOT DISTRACTED,MD,PASSENGER CAR,30,2014,HONDA,CRV
MCP2948006S,240010756,MONTGOMERY,Property Damage Crash,03-05-24 16:45,Maryland (State) Route,UNIVERSITY BLVD W,,Front to Rear,Cloudy,Dry,Daylight,No Controls,"Unknown, Unknown",No,No Apparent Injury,Unknown,,Pickup,35,1999,DODGE,RAM
MCP30210087,250026339,MONTGOMERY,Injury Crash,06/13/2025 07:00:00 AM,Maryland (State) Route,NEW HAMPSHIRE AVE,SHAW AVE E,Angle,Clear,Dry,Daylight,No Controls,"Not Suspect of Alcohol Use, Not Suspect of Drug Use",No,Suspected Minor Injury,Not Distracted,MD,Passenger Car,40,1999,HONDA,ACCORD
MCP3090006W,230008253,Montgomery County Police,Injury Crash,02/18/2023 01:02:00 PM,Maryland (State),GREAT SENECA HWY,LAKELANDS DR,STRAIGHT MOVEMENT ANGLE,CLEAR,DRY,DAYLIGHT,TRAFFIC SIGNAL,,Yes,NO APPARENT INJURY,LOOKED BUT DID NOT SEE,MD,PASSENGER CAR,40,2001,VOLKS,PASSAT
MCP3295004T,250011076,MONTGOMERY,Property Damage Crash,03/13/2025 03:44:00 PM,Maryland (State) Route,NEW HAMPSHIRE AVE (SB/L),VALLEY BROOK DR,Rear To Side,Clear,Dry,Daylight,Traffic Control Signal,"Not Suspect of Alcohol Use, Not Suspect of Drug Use",No,No Apparent Injury,Not Distracted,MD,Pickup,40,2016,CHEVROLET,SILVERADO
MCP2846007G,220001278,Montgomery County Police,Property Damage Crash,01-11-22 14:41,Maryland (State),UNIVERSITY BLVD W,ARCOLA AVE,SAME DIRECTION SIDESWIPE,CLEAR,DRY,DAYLIGHT,NO CONTROLS,NONE DETECTED,No,NO APPARENT INJURY,NOT DISTRACTED,MD,SCHOOL BUS,10,2019,FRHT,BUS
MCP33170048,250054950,MONTGOMERY,Property Damage Crash,12-08-25 20:59,US (State),COLUMBIA PIKE (SB/L),GREENCASTLE RD (NB/L),Angle,Clear,Dry,Dark - Lighted,Traffic Control Signal,"Unknown, Unknown",No,,,,,50,0,,
MCP1022009X,180050871,Montgomery County Police,Injury Crash,10-11-18 10:42,County,BARNESVILLE RD,PEACH TREE RD,STRAIGHT MOVEMENT ANGLE,CLOUDY,WET,DAYLIGHT,STOP SIGN,UNKNOWN,Yes,NO APPARENT INJURY,UNKNOWN,,,30,0,UNKNOWN,UNKNOWN
DD5538005W,250044786,ROCKVILLE,Property Damage Crash,10-05-25 14:55,Municipality Route,MARYLAND AVE,,Single Vehicle,Clear,Dry,Daylight,No Controls,"Not Suspect of Alcohol Use, Not Suspect of Drug Use",Yes,No Apparent Injury,Not Distracted,MD,Passenger Car,25,2020,DODGE,DURANGO
DM84370015,16058906,Takoma Park Police Depart,Injury Crash,11/15/2016 05:48:00 PM,Maryland (State),NEW HAMPSHIRE AVE,HOLTON LA,SAME DIR REAR END,CLEAR,DRY,DARK LIGHTS ON,NO CONTROLS,NONE DETECTED,No,POSSIBLE INJURY,NOT DISTRACTED,MD,PASSENGER CAR,35,2012,NISSAN,ROGUE
MCP291700DF,240023909,MONTGOMERY,Injury Crash,05/21/2024 08:10:00 AM,Maryland (State) Route,GEORGIA AVE (SB/L),,"Sideswipe, Same Direction",Clear,Dry,Daylight,No Controls,"Not Suspect of Alcohol Use, Not Suspect of Drug Use",No,No Apparent Injury,Not Distracted,MD,Van - Passenger (&lt;9 Seats),35,2006,CHEVROLET,EXPRESS
DD5610007C,220032264,Rockville Police Departme,Property Damage Crash,07/27/2022 08:09:00 AM,Municipality,WOOTTON PKWY,ROCKVILLE PIKE,OTHER,CLEAR,DRY,DAYLIGHT,OTHER,,Yes,NO APPARENT INJURY,UNKNOWN,MD,PASSENGER CAR,30,2003,LEXS,4S
MCP3076003G,21000722,Montgomery County Police,Injury Crash,02/25/2021 11:18:00 AM,US (State),GEORGIA AVE,13TH ST,HEAD ON LEFT TURN,CLEAR,DRY,DAYLIGHT,TRAFFIC SIGNAL,NONE DETECTED,Yes,NO APPARENT INJURY,LOOKED BUT DID NOT SEE,MD,PASSENGER CAR,35,2006,HONDA,ACCORD
MCP28810071,260000612,MONTGOMERY,Property Damage Crash,01-05-26 11:56,County Route,WISTERIA DR,,Front to Rear,Clear,Dry,Daylight,Traffic Control Signal,"Not Suspect of Alcohol Use, Not Suspect of Drug Use",Yes,No Apparent Injury,Not Distracted,MD,Passenger Car,30,2016,TOYOTA,HIGHLANDER
MCP271700SB,200034393,Montgomery County Police,Property Damage Crash,09-02-20 20:10,Maryland (State),WISCONSIN AVE,NOTTINGHAM DR,SAME DIR REAR END,CLEAR,WET,DARK LIGHTS ON,NO CONTROLS,NONE DETECTED,No,NO APPARENT INJURY,NOT DISTRACTED,DC,PASSENGER CAR,35,2000,TOYOTA,AVALON
MCP3196001V,210009371,Montgomery County Police,Injury Crash,03-12-21 19:15,County,FATHER HURLEY BLVD,RAMP 8 FR IS270 SB TO FATHER HURLEY BLVD,UNKNOWN,CLEAR,DRY,UNKNOWN,TRAFFIC SIGNAL,NONE DETECTED,No,NO APPARENT INJURY,NOT DISTRACTED,MD,PASSENGER CAR,35,2018,TOYOTA,RAV4
MCP2931004F,200030426,Montgomery County Police,Injury Crash,08-05-20 18:56,Municipality,W EDMONSTON DR,WOOTTON PKWY,OTHER,CLEAR,DRY,DAYLIGHT,,NONE DETECTED,Yes,NO APPARENT INJURY,UNKNOWN,MD,PASSENGER CAR,25,2017,TOYT,COROLLA
MCP2311004W,180057275,Montgomery County Police,Property Damage Crash,11/15/2018 08:31:00 AM,County,SNOUFFERS SCHOOL RD,MOONEY DR,SAME DIRECTION SIDESWIPE,SNOW,SNOW,DAYLIGHT,,,Yes,NO APPARENT INJURY,NOT DISTRACTED,MD,PASSENGER CAR,35,2009,NISS,4S
MCP3330001Q,230068596,Montgomery County Police,Property Damage Crash,11/27/2023 06:55:00 PM,Maryland (State),OLNEY SANDY SPRING RD,OLD BALTIMORE RD,SAME DIR REAR END,,DRY,DARK NO LIGHTS,TRAFFIC SIGNAL,NONE DETECTED,Yes,NO APPARENT INJURY,UNKNOWN,MD,PASSENGER CAR,35,2016,MAZDA,6
MCP33620064,250037730,MONTGOMERY,Injury Crash,08/23/2025 02:18:00 PM,County Route,BROADBIRCH DR,,Angle,Clear,Dry,Daylight,Stop Sign,"Not Suspect of Alcohol Use, Not Suspect of Drug Use",No,No Apparent Injury,Not Distracted,MD,Passenger Car,15,2022,HONDA,CIVIC
MCP2737003R,190023420,Montgomery County Police,Property Damage Crash,05/17/2019 07:30:00 PM,,,,OTHER,CLEAR,,DUSK,,UNKNOWN,Yes,NO APPARENT INJURY,UNKNOWN,,(SPORT) UTILITY VEHICLE,15,2010,CHEV,TK
MCP3388000C,240003979,MONTGOMERY,Property Damage Crash,01/25/2024 04:03:00 PM,Maryland (State) Route,FOREST GLEN RD,FOREST GLEN RD GEORGIA AVE,Other,Rain,Wet,Daylight,Traffic Control Signal,"Not Suspect of Alcohol Use, Not Suspect of Drug Use",No,No Apparent Injury,Unknown,MD,Passenger Car,30,2013,INFINITI,JX35
MCP25980037,200023023,Montgomery County Police,Property Damage Crash,06-11-20 19:52,Maryland (State),NEW HAMPSHIRE AVE,NORCROSS WAY,STRAIGHT MOVEMENT ANGLE,CLEAR,DRY,DAYLIGHT,NO CONTROLS,ALCOHOL PRESENT,Yes,NO APPARENT INJURY,NOT DISTRACTED,MD,VAN,45,2010,CHEV,TK
MCP137800KL,180006914,Montgomery County Police,Injury Crash,02-09-18 17:00,,,,SINGLE VEHICLE,CLOUDY,,DAYLIGHT,NO CONTROLS,NONE DETECTED,Yes,POSSIBLE INJURY,NOT DISTRACTED,MD,PASSENGER CAR,15,2000,JAGU,S TYPE
DM8522002Z,240044507,TAKOMA,Property Damage Crash,09/18/2024 02:15:00 PM,Municipality Route,FLOWER AVE,,Front to Rear,Clear,Dry,Daylight,No Controls,"Not Suspect of Alcohol Use, Not Suspect of Drug Use",Yes,No Apparent Injury,"Other Action (looking away from task, etc.)",MA,Passenger Car,25,2024,TOYOTA,RAV4
MCP2814004Z,250018632,MONTGOMERY,Property Damage Crash,04/29/2025 07:23:00 AM,County Route,MEDICAL CENTER DR (WB/L),,"Sideswipe, Same Direction",Clear,Dry,Daylight,No Controls,"Not Suspect of Alcohol Use, Not Suspect of Drug Use",No,No Apparent Injury,Not Distracted,MD,Bus - Transit,35,2014,GILLIG,LOW FLOOR BUS
DD5617002S,220017927,Rockville Police Departme,Property Damage Crash,04/27/2022 04:12:00 PM,Municipality,CHOKE CHERRY RD,CROSSOVER,SAME DIRECTION SIDESWIPE,,,DAYLIGHT,,UNKNOWN,Yes,NO APPARENT INJURY,UNKNOWN,,"CARGO VAN/LIGHT TRUCK 2 AXLES (OVER 10,000LBS (4,536 KG))",30,2004,FREI,TRUCK
MCP2814004L,240044413,MONTGOMERY,Injury Crash,09/18/2024 08:00:00 AM,Municipality Route,RESEARCH BLVD,SHADY GROVE RD,Angle,Rain,Wet,Daylight,Traffic Control Signal,"Not Suspect of Alcohol Use, Not Suspect of Drug Use",No,Suspected Minor Injury,Not Distracted,MD,Single-Unit Truck,35,2015,FREIGHTLINER,B2 106 ELECTRIC CONVENTIONAL CHASSIS
MCP3451000H,250026625,MONTGOMERY,Property Damage Crash,06/14/2025 09:40:00 PM,County Route,ASTON MANOR DR,BRIGGS CHANEY RD (WB/L),Angle,Clear,Dry,Dark - Lighted,No Controls,"Not Suspect of Alcohol Use, Not Suspect of Drug Use",No,No Apparent Injury,Not Distracted,MD,Passenger Car,35,2019,NISSAN,SENTRA
MCP2940000P,16030175,Montgomery County Police,Property Damage Crash,06/15/2016 07:47:00 AM,County,LYTTONSVILLE RD,LYTTONSVILLE PL,STRAIGHT MOVEMENT ANGLE,CLOUDY,WET,DAYLIGHT,STOP SIGN,NONE DETECTED,Yes,NO APPARENT INJURY,LOOKED BUT DID NOT SEE,FL,PASSENGER CAR,25,2014,FORD,4D
MCP2039003M,180001268,Montgomery County Police,Injury Crash,01-09-18 10:40,Maryland (State),VEIRS MILL RD,GAYNOR RD,STRAIGHT MOVEMENT ANGLE,CLOUDY,WET,DAYLIGHT,TRAFFIC SIGNAL,,Yes,NO APPARENT INJURY,LOOKED BUT DID NOT SEE,MD,PASSENGER CAR,40,2012,HONDA,CIVIC
MCP2917004C,190026523,Montgomery County Police,Property Damage Crash,06-03-19 19:20,County,PARKLAND DR,ADRIAN ST,STRAIGHT MOVEMENT ANGLE,CLEAR,DRY,DAYLIGHT,STOP SIGN,NONE DETECTED,No,NO APPARENT INJURY,NOT DISTRACTED,MD,PASSENGER CAR,35,2009,TOYOTA,COROLLA
MCP20090015,200005985,Montgomery County Police,Injury Crash,02-05-20 14:38,County,ROBINWOOD RD,WHITTIER BLVD,HEAD ON,RAINING,WET,DAYLIGHT,,NONE DETECTED,No,NO APPARENT INJURY,UNKNOWN,MD,(SPORT) UTILITY VEHICLE,25,2017,SUBARU,FORRESTER
MCP1213005F,210004795,Montgomery County Police,Property Damage Crash,02-06-21 20:10,Maryland (State),NEW HAMPSHIRE AVE,NORWOOD RD,STRAIGHT MOVEMENT ANGLE,CLEAR,DRY,DARK LIGHTS ON,TRAFFIC SIGNAL,NONE DETECTED,No,NO APPARENT INJURY,NOT DISTRACTED,MD,PICKUP TRUCK,45,1998,DODG,DAKOTA
MCP25940048,180037439,Montgomery County Police,Injury Crash,07/28/2018 01:51:00 PM,Maryland (State),NEW HAMPSHIRE AVE,NOTLEY RD,HEAD ON LEFT TURN,CLEAR,DRY,DAYLIGHT,NO CONTROLS,NONE DETECTED,Yes,SUSPECTED MINOR INJURY,LOOKED BUT DID NOT SEE,MD,PASSENGER CAR,25,2015,HYUNDAI,SONATA
MCP29730040,170541605,Montgomery County Police,Property Damage Crash,11-08-17 8:00,County,BEL PRE RD,GEORGIA AVE,SAME DIRECTION SIDESWIPE,,WET,DAYLIGHT,TRAFFIC SIGNAL,UNKNOWN,Yes,NO APPARENT INJURY,LOOKED BUT DID NOT SEE,MD,PASSENGER CAR,35,1995,CHEVY,VAN
MCP2311005S,190008377,Montgomery County Police,Property Damage Crash,02/21/2019 06:25:00 AM,Maryland (State),MIDCOUNTY HWY,PIER POINT PL,STRAIGHT MOVEMENT ANGLE,CLEAR,DRY,DARK LIGHTS ON,NO CONTROLS,,No,NO APPARENT INJURY,NOT DISTRACTED,MD,PASSENGER CAR,35,2014,KIA,2S
MCP30120024,170506003,Montgomery County Police,Property Damage Crash,05-05-17 6:33,County,RANDOLPH RD,TIVOLI LAKE BLVD,HEAD ON LEFT TURN,RAINING,WET,DAWN,TRAFFIC SIGNAL,NONE DETECTED,Unknown,NO APPARENT INJURY,UNKNOWN,MD,(SPORT) UTILITY VEHICLE,40,2007,JEEP,WRANGLER
MCP30940024,220032914,Montgomery County Police,Injury Crash,07/31/2022 08:07:00 PM,Maryland (State),MUNCASTER MILL RD,SHADY GROVE RD,SAME DIRECTION LEFT TURN,RAINING,WET,DUSK,TRAFFIC SIGNAL,NONE DETECTED,No,NO APPARENT INJURY,NOT DISTRACTED,MD,PASSENGER CAR,35,2014,HYUNDAI,AZERA
MCP2046004N,15065455,MONTGOMERY,Property Damage Crash,12/22/2015 09:52:00 AM,Maryland (State),SANDY SPRING RD,US 29 (SB/L),SAME DIR REAR END,RAINING,WET,DAYLIGHT,TRAFFIC SIGNAL,NONE DETECTED,Yes,NO APPARENT INJURY,NOT DISTRACTED,MD,(SPORT) UTILITY VEHICLE,30,2011,KIA,SPORTAGE
MCP34220012,240054044,MONTGOMERY,Property Damage Crash,11-10-24 19:50,,,,Single Vehicle,Rain,,Dark - Lighted,,"Suspect of Alcohol Use, Not Suspect of Drug Use",Yes,No Apparent Injury,Unknown,MD,Passenger Car,0,2004,MERCEDES-BENZ,E-CLASS
MCP28000032,180012243,Montgomery County Police,Injury Crash,03-11-18 4:26,Maryland (State),WISCONSIN AVE,MONTGOMERY AVE,HEAD ON LEFT TURN,CLEAR,DRY,DARK LIGHTS ON,TRAFFIC SIGNAL,NONE DETECTED,No,SUSPECTED MINOR INJURY,NOT DISTRACTED,MD,PASSENGER CAR,25,2018,HONDA,SW
EJ79050032,250019372,GAITHERSBURG,Injury Crash,05-03-25 8:35,Maryland (State) Route,MONTGOMERY VILLAGE AVE (SB/L),,Angle,Clear,Dry,Daylight,No Controls,"Not Suspect of Alcohol Use, Not Suspect of Drug Use",Yes,No Apparent Injury,Unknown,MD,Other Trucks,35,1990,FREIGHTLINER,USF-1E
MCP2565003L,16064411,Montgomery County Police,Property Damage Crash,12/15/2016 05:32:00 PM,Maryland (State),BRADLEY BLVD,PEMBROKE RD,SAME DIR REAR END,CLEAR,DRY,DARK LIGHTS ON,NO CONTROLS,NONE DETECTED,Yes,NO APPARENT INJURY,NOT DISTRACTED,MD,PASSENGER CAR,35,2014,SUBARU,IMPREZA
EJ78660065,190030452,Gaithersburg Police Depar,Property Damage Crash,06/26/2019 08:40:00 AM,Maryland (State),QUINCE ORCHARD RD,RAMP 2 FR MD 124 WB TO IS 270 NB,SAME DIR REAR END,CLEAR,DRY,DAYLIGHT,NO CONTROLS,NONE DETECTED,Yes,NO APPARENT INJURY,UNKNOWN,MD,VAN,40,2006,FORD,E350
MCP9406001H,170508776,Montgomery County Police,Injury Crash,05/19/2017 08:48:00 PM,Maryland (State),CONNECTICUT AVE,ASPEN HILL RD,SAME DIR REAR END,CLEAR,DRY,DARK LIGHTS ON,TRAFFIC SIGNAL,MEDICATION CONTRIBUTED,Yes,NO APPARENT INJURY,UNKNOWN,MD,PASSENGER CAR,45,2004,HONDA,CR-V
MCP1305004L,200039662,Montgomery County Police,Injury Crash,10-08-20 16:51,County,EMORY GROVE RD,STRAWBERRY KNOLL RD,SAME DIR REAR END,CLEAR,DRY,DAYLIGHT,NO CONTROLS,NONE DETECTED,No,POSSIBLE INJURY,NOT DISTRACTED,MD,PASSENGER CAR,35,2006,TOYOTA,COROLLA
EJ78660009,16048052,Gaithersburg Police Depar,Property Damage Crash,09/19/2016 08:50:00 AM,Maryland (State),QUINCE ORCHARD RD,EISENHOWER MEMORIAL HWY,SAME DIR REAR END,RAINING,WET,DAYLIGHT,NO CONTROLS,NONE DETECTED,No,NO APPARENT INJURY,NOT DISTRACTED,MD,SNOWMOBILE,40,2015,CHEV,SU
MCP3021002R,180015891,Montgomery County Police,Property Damage Crash,04-02-18 10:00,US (State),COLUMBIA PIKE,FAIRLAND RD,SAME DIR REAR END,RAINING,WET,DAYLIGHT,TRAFFIC SIGNAL,NONE DETECTED,Yes,NO APPARENT INJURY,NOT DISTRACTED,MD,PASSENGER CAR,50,2016,BUICK,VERANO
MCP25650045,170507060,Montgomery County Police,Injury Crash,05-10-17 16:03,County,NICHOLSON LA,NEBEL ST,ANGLE MEETS RIGHT TURN,,DRY,DAYLIGHT,NO CONTROLS,NONE DETECTED,No,POSSIBLE INJURY,NOT DISTRACTED,MD,PASSENGER CAR,35,2002,TOYOTA,SIENNA
MCP25310007,15039119,MONTGOMERY,Property Damage Crash,08-06-15 17:08,Municipality,WASHINGTONIAN BLVD,RIO BLVD,SAME DIRECTION LEFT TURN,CLEAR,WET,DAYLIGHT,YIELD SIGN,,No,NO APPARENT INJURY,NOT DISTRACTED,MD,PASSENGER CAR,25,2006,MAZD,4S
MCP23610030,240010733,MONTGOMERY,Injury Crash,03-05-24 14:59,County Route,MONTGOMERY VILLAGE AVE,,"Sideswipe, Same Direction",Clear,Dry,Daylight,No Controls,"Not Suspect of Alcohol Use, Not Suspect of Drug Use",No,Possible Injury,Not Distracted,MD,Pickup,35,2008,CHEVROLET,COLORADO
EJ7898002M,240018607,GAITHERSBURG,Property Damage Crash,04/21/2024 12:50:00 PM,Municipality Route,CHESTNUT ST,,Front to Rear,Cloudy,Dry,Daylight,Traffic Control Signal,"Unknown, Unknown",Yes,No Apparent Injury,Unknown,MD,Passenger Car,25,2023,SUBARU,UNKNOWN
MCP2107000V,16053038,Montgomery County Police,Property Damage Crash,10/15/2016 02:58:00 PM,Maryland (State),OLD HUNDRED RD,COMUS RD,STRAIGHT MOVEMENT ANGLE,CLEAR,DRY,DAYLIGHT,STOP SIGN,NONE DETECTED,Yes,NO APPARENT INJURY,NOT DISTRACTED,MD,PASSENGER CAR,40,2011,TOYOTA,CAMRY
MCP30160048,230009500,Montgomery County Police,Injury Crash,02/25/2023 02:04:00 PM,Maryland (State),GERMANTOWN RD,RAMP 8 FR IS 270 SB TO MD 118 WB,SAME DIR REAR END,WINTRY MIX,WET,DAYLIGHT,TRAFFIC SIGNAL,,No,POSSIBLE INJURY,NOT DISTRACTED,MD,PASSENGER CAR,45,2019,HYUNDAI,SONATA
MCP2718002J,17010072,Montgomery County Police,Property Damage Crash,02/24/2017 06:52:00 PM,,,,UNKNOWN,CLEAR,,DARK LIGHTS ON,NO CONTROLS,,Yes,NO APPARENT INJURY,UNKNOWN,,PASSENGER CAR,5,2012,NISSAN,UNK
MCP2799005L,200018999,Montgomery County Police,Property Damage Crash,05-10-20 17:30,County,BONIFANT RD,MORTON HALL RD,SAME DIR REAR END,CLEAR,DRY,DAYLIGHT,NO CONTROLS,NONE DETECTED,No,NO APPARENT INJURY,NOT DISTRACTED,MD,PASSENGER CAR,35,2001,MIT,GALANT