Report Number,Local Case Number,Agency Name,ACRS Report Type,Crash Date/Time,Route Type,Road Name,Cross-Street Name,Collision Type,Weather,Surface Condition,Light,Traffic Control,Driver Substance Abuse,Driver At Fault,Injury Severity,Driver Distracted By,Drivers License State,Vehicle Body Type,Speed Limit,Vehicle Year,Vehicle Make,Vehicle Model
MCP3165004V,230061800,Montgomery County Police,Property Damage Crash,10/21/2023 02:30:00 AM,Maryland (State),CONNECTICUT AVE,JONES BRIDGE RD,SAME DIR REAR END,,DRY,DARK LIGHTS ON,NO CONTROLS,UNKNOWN,Yes,NO APPARENT INJURY,UNKNOWN,,(SPORT) UTILITY VEHICLE,45,2009,JEEP,CHE
MCP2932006V,230062809,Montgomery County Police,Property Damage Crash,10/27/2023 04:46:00 AM,US (State),COLESVILLE RD,LORAIN AVE,OTHER,CLEAR,DRY,DARK LIGHTS ON,,NONE DETECTED,No,NO APPARENT INJURY,NOT DISTRACTED,MD,PASSENGER CAR,40,2017,NISSAN,VERSA
MCP3113004B,220045221,Montgomery County Police,Injury Crash,10/18/2022 12:54:00 PM,County,CHERRY HILL RD,CALVERTON BLVD,HEAD ON LEFT TURN,CLEAR,DRY,DAYLIGHT,TRAFFIC SIGNAL,,No,POSSIBLE INJURY,NOT DISTRACTED,MD,PASSENGER CAR,30,2011,CHEVROLET,AVEO
MCP30370002,16054122,Montgomery County Police,Injury Crash,10/20/2016 09:43:00 PM,County,FATHER HURLEY BLVD,RAMP 8 FR IS270 SB TO FATHER HURLEY BLVD,STRAIGHT MOVEMENT ANGLE,CLEAR,DRY,DARK LIGHTS ON,TRAFFIC SIGNAL,NONE DETECTED,No,NO APPARENT INJURY,NOT DISTRACTED,MD,PASSENGER CAR,45,2002,MAZDA,PROTEGE 5
MCP27990025,17000837,Montgomery County Police,Injury Crash,01-05-17 17:41,Maryland (State),GEORGIA AVE,ENT TO BUSINESS,STRAIGHT MOVEMENT ANGLE,CLEAR,DRY,DARK LIGHTS ON,NO CONTROLS,NONE DETECTED,No,NO APPARENT INJURY,NOT DISTRACTED,MD,PASSENGER CAR,30,2004,HONDA,ELEMENT
DD5704000C,250058407,ROCKVILLE,Property Damage Crash,12/31/2025 09:40:00 PM,Municipality Route,WOOTTON PKWY,,"Sideswipe, Same Direction",Clear,Dry,Dark - Lighted,Traffic Control Signal,"Not Suspect of Alcohol Use, Not Suspect of Drug Use",No,No Apparent Injury,Not Distracted,MD,Passenger Car,35,2013,HONDA,ODYSSEY
MCP32280043,220042388,Montgomery County Police,Property Damage Crash,09/28/2022 08:18:00 PM,Maryland (State),GEORGIA AVE,FOREST GLEN RD,SAME DIRECTION LEFT TURN,CLEAR,DRY,DARK LIGHTS ON,TRAFFIC SIGNAL,NONE DETECTED,Unknown,NO APPARENT INJURY,UNKNOWN,MD,PASSENGER CAR,30,2002,TOYT,CAMRY
DD5641000M,200016349,Rockville Police Departme,Property Damage Crash,04/18/2020 10:05:00 AM,Maryland (State),VEIRS MILL RD,ATLANTIC AVE,STRAIGHT MOVEMENT ANGLE,CLOUDY,DRY,DAYLIGHT,TRAFFIC SIGNAL,NONE DETECTED,No,NO APPARENT INJURY,NOT DISTRACTED,MD,PASSENGER CAR,40,2005,KIA,SENTRA
MCP28690040,190055707,Montgomery County Police,Injury Crash,11/18/2019 06:10:00 PM,County,ARCOLA AVE,GEORGIA AVE,STRAIGHT MOVEMENT ANGLE,,DRY,DARK LIGHTS ON,STOP SIGN,,No,NO APPARENT INJURY,NOT DISTRACTED,MD,PASSENGER CAR,35,2005,TOYT,4S
EJ7898006F,250030847,GAITHERSBURG,Property Damage Crash,07-11-25 7:54,Local Route,DECOVERLY DR (SB/L),FIELDS RD,Angle,Clear,Dry,Daylight,Traffic Control Signal,"Not Suspect of Alcohol Use, Not Suspect of Drug Use",Yes,No Apparent Injury,Unknown,MD,Passenger Car,25,2013,FORD,FOCUS
MCP24550063,230050737,Montgomery County Police,Injury Crash,08/22/2023 04:38:00 PM,Maryland (State),VEIRS MILL RD,MEADOW HALL DR,STRAIGHT MOVEMENT ANGLE,CLEAR,DRY,DAYLIGHT,,NONE DETECTED,Yes,NO APPARENT INJURY,UNKNOWN,MD,PASSENGER CAR,40,2012,HOND,CIVIC
MCP2496003W,220054870,Montgomery County Police,Property Damage Crash,12-12-22 7:52,Maryland (State),DARNESTOWN RD,GERMANTOWN RD,SAME DIR REAR END,CLOUDY,WET,DAWN,NO CONTROLS,NONE DETECTED,No,NO APPARENT INJURY,NOT DISTRACTED,MD,PASSENGER CAR,40,2017,FORD,4S
MCP1099003Y,210041304,Montgomery County Police,Property Damage Crash,10/15/2021 08:44:00 AM,Maryland (State),MUNCASTER MILL RD,MILLER FALL RD,SAME DIR REAR END,CLEAR,DRY,DAYLIGHT,,NONE DETECTED,Yes,NO APPARENT INJURY,LOOKED BUT DID NOT SEE,MD,TRANSIT BUS,35,2014,GILL,BLUE
MCP33620028,230068453,Montgomery County Police,Property Damage Crash,11/27/2023 07:20:00 AM,US (State),COLESVILLE RD,CRESTMOOR DR,SAME DIR REAR END,CLEAR,WET,DAYLIGHT,NO CONTROLS,NONE DETECTED,Yes,NO APPARENT INJURY,DISTRACTED BY OUTSIDE PERSON OBJECT OR EVENT,DC,PASSENGER CAR,40,2001,TOYOTA,TACOMA
MCP2651002L,190001737,Montgomery County Police,Property Damage Crash,01-11-19 11:00,,,,SINGLE VEHICLE,CLEAR,,DAYLIGHT,,,Yes,NO APPARENT INJURY,INATTENTIVE OR LOST IN THOUGHT,MD,PASSENGER CAR,0,2002,CHRYSLER,SEBRING
MCP3084004L,210013372,Montgomery County Police,Property Damage Crash,04-10-21 9:43,County,ROCKLEDGE DR,DEMOCRACY BLVD,SINGLE VEHICLE,CLEAR,DRY,DAYLIGHT,NO CONTROLS,ALCOHOL PRESENT,Yes,NO APPARENT INJURY,UNKNOWN,PA,PASSENGER CAR,30,2012,MERCEDES,GLK350
MCP3020000Z,170522925,Montgomery County Police,Property Damage Crash,08-04-17 10:30,,,,SAME DIR REAR END,CLEAR,,DAYLIGHT,NO CONTROLS,NONE DETECTED,Yes,NO APPARENT INJURY,OTHER DISTRACTION,MD,PASSENGER CAR,15,2008,FORD,FUSION
MCP33130032,250055856,MONTGOMERY,Property Damage Crash,12/13/2025 11:57:00 PM,Maryland (State) Route,NORBECK RD,,Single Vehicle,Clear,Dry,Dark - Lighted,No Controls,"Not Suspect of Alcohol Use, Not Suspect of Drug Use",Yes,No Apparent Injury,Not Distracted,MD,Passenger Car,35,2016,TOYOTA,COROLLA
DM8522001T,240017878,TAKOMA,Property Damage Crash,04/17/2024 09:33:00 AM,Maryland (State) Route,NEW HAMPSHIRE AVE (SB/L),ALLEY #4,Other,Clear,Dry,Daylight,Traffic Control Signal,"Not Suspect of Alcohol Use, Not Suspect of Drug Use",No,No Apparent Injury,Not Distracted,MD,Van - Passenger (&lt;9 Seats),35,2018,CHEVROLET,EXPRESS
MCP3191004Y,250031651,MONTGOMERY,Property Damage Crash,07/16/2025 12:15:00 AM,Maryland (State) Route,FREDERICK RD,,Front to Rear,Clear,Dry,Dark - Lighted,Traffic Control Signal,"Not Suspect of Alcohol Use, Not Suspect of Drug Use",No,No Apparent Injury,Not Distracted,MD,Passenger Car,35,2007,HYUNDAI,ACCENT
MCP2445002C,210012638,Montgomery County Police,Injury Crash,04-05-21 9:45,County,SHAKESPEARE BLVD,FREDERICK RD,SINGLE VEHICLE,CLEAR,DRY,DAYLIGHT,NO CONTROLS,NONE DETECTED,Yes,POSSIBLE INJURY,UNKNOWN,MD,PASSENGER CAR,30,2001,TOYT,4S
MCP271700CZ,170526437,Montgomery County Police,Property Damage Crash,08/23/2017 05:10:00 PM,Maryland (State),EAST WEST HWY,CHATHAM RD,ANGLE MEETS LEFT TURN,CLEAR,DRY,DAYLIGHT,STOP SIGN,NONE DETECTED,Yes,NO APPARENT INJURY,LOOKED BUT DID NOT SEE,MD,PASSENGER CAR,25,2003,HONDA,ACCORD
MCP3294001P,230052240,Montgomery County Police,Injury Crash,08/30/2023 03:15:00 PM,County,WATKINS MILL RD,STEDWICK RD,STRAIGHT MOVEMENT ANGLE,CLEAR,DRY,DAYLIGHT,STOP SIGN,NONE DETECTED,Yes,NO APPARENT INJURY,LOOKED BUT DID NOT SEE,MD,PASSENGER CAR,35,2002,NISS,SD
MCP2832002X,170514901,Montgomery County Police,Property Damage Crash,06/21/2017 10:18:00 AM,Maryland (State),OLD GEORGETOWN RD,CORDELL AVE,STRAIGHT MOVEMENT ANGLE,CLEAR,DRY,DAYLIGHT,STOP SIGN,NONE DETECTED,No,NO APPARENT INJURY,NOT DISTRACTED,MD,PASSENGER CAR,30,2011,HOND,CIVIC
MCP3079007R,250048867,MONTGOMERY,Property Damage Crash,10/31/2025 11:34:00 AM,Ramp,RAMP 6 FR MIDDLEBROOK RD EB TO IS 270 SB,,Front to Rear,Clear,Dry,Daylight,No Controls,"Not Suspect of Alcohol Use, Not Suspect of Drug Use",Yes,No Apparent Injury,Not Distracted,MD,Passenger Car,40,2016,TOYOTA,CAMRY
MCP2776004H,230016275,Montgomery County Police,Injury Crash,04-05-23 14:50,Maryland (State),GEORGIA AVE,BATCHELLORS FOREST RD,HEAD ON LEFT TURN,CLEAR,DRY,DAYLIGHT,NO CONTROLS,,Yes,NO APPARENT INJURY,LOOKED BUT DID NOT SEE,MD,PASSENGER CAR,25,2020,HOND,SD
MCP2108001F,230002780,Montgomery County Police,Injury Crash,01/18/2023 12:29:00 AM,Ramp,RAMP 6 FR MONTROSE RD TO MD 355 SB,ROCKVILLE PIKE,SINGLE VEHICLE,FOGGY,WET,DARK LIGHTS ON,NO CONTROLS,ALCOHOL CONTRIBUTED,Yes,SUSPECTED MINOR INJURY,NOT DISTRACTED,MD,PASSENGER CAR,25,2021,DODGE,CHARGER
MCP3453000X,250030549,MONTGOMERY,Injury Crash,07-11-25 14:27,County Route,,,"Sideswipe, Same Direction",Cloudy,Dry,Daylight,No Controls,"Not Suspect of Alcohol Use, Not Suspect of Drug Use",Yes,No Apparent Injury,Unknown,MD,Van - Passenger (&lt;9 Seats),15,2018,RAM,PROMASTER 2500
MCP3244001P,220014019,Montgomery County Police,Injury Crash,04-02-22 10:03,County,WAYNE AVE,GEORGIA AVE,OTHER,CLEAR,DRY,DAYLIGHT,TRAFFIC SIGNAL,NONE DETECTED,No,NO APPARENT INJURY,NOT DISTRACTED,DC,(SPORT) UTILITY VEHICLE,30,2013,INFINITI,JX35
MCP3107001B,190054749,Montgomery County Police,Injury Crash,11/13/2019 03:04:00 PM,Maryland (State),VEIRS MILL RD,ATLANTIC AVE,SAME DIR REAR END,CLEAR,DRY,DAYLIGHT,TRAFFIC SIGNAL,NONE DETECTED,No,NO APPARENT INJURY,NOT DISTRACTED,MD,PASSENGER CAR,40,2013,NISSAN,4D
MCP2954001W,16031685,Montgomery County Police,Injury Crash,06/23/2016 07:30:00 AM,Maryland (State),NEW HAMPSHIRE AVE,OAKVIEW DR,SAME DIR REAR END,RAINING,WET,DAYLIGHT,TRAFFIC SIGNAL,NONE DETECTED,No,NO APPARENT INJURY,NOT DISTRACTED,MD,PASSENGER CAR,40,2010,NISS,2S
MCP3199003T,220021293,Montgomery County Police,Property Damage Crash,05/19/2022 09:20:00 AM,Maryland (State),NORBECK RD,BAILEYS LA,SAME DIR REAR END,CLEAR,DRY,DAYLIGHT,NO CONTROLS,NONE DETECTED,No,NO APPARENT INJURY,NOT DISTRACTED,MD,(SPORT) UTILITY VEHICLE,40,2017,SUBARU,OUTBACK
MCP2311004C,180045284,Montgomery County Police,Injury Crash,09-11-18 6:50,County,GOSHEN RD,ODENDHAL AVE,SAME DIR REAR END,RAINING,WET,DAYLIGHT,TRAFFIC SIGNAL,,No,NO APPARENT INJURY,NOT DISTRACTED,MD,PASSENGER CAR,35,2017,TOYT,4S
MCP27270033,250040445,MONTGOMERY,Property Damage Crash,09-06-25 21:15,,,,Unknown,Clear,,Dark - Not Lighted,,"Unknown, Unknown",No,No Apparent Injury,,,Unknown,0,0,,
MCP2855002H,180037787,Montgomery County Police,Property Damage Crash,07/30/2018 05:10:00 PM,County,BROADBIRCH DR,BOURNEFIELD WAY,SAME DIR REAR END,RAINING,WET,DAYLIGHT,NO CONTROLS,NONE DETECTED,No,NO APPARENT INJURY,NOT DISTRACTED,MD,PASSENGER CAR,25,2017,CHEV,TK
MCP2215000J,180031914,Montgomery County Police,Injury Crash,06/28/2018 06:33:00 PM,County,WISTERIA DR,DEMETRIAS WAY,HEAD ON LEFT TURN,CLEAR,DRY,DAYLIGHT,STOP SIGN,NONE DETECTED,Yes,NO APPARENT INJURY,LOOKED BUT DID NOT SEE,MD,OTHER,25,2016,JEEP,2S
MCP23300025,190045293,Montgomery County Police,Property Damage Crash,09/21/2019 03:08:00 PM,Maryland (State),GEORGIA AVE,PRICE AVE,SAME DIRECTION SIDESWIPE,CLEAR,DRY,DAYLIGHT,NO CONTROLS,NONE DETECTED,No,NO APPARENT INJURY,NOT DISTRACTED,MD,PASSENGER CAR,25,2016,HONDA,FIT
MCP32770034,230048290,Montgomery County Police,Property Damage Crash,08-07-23 18:50,County,AIRPARK RD,MUNCASTER MILL RD,SINGLE VEHICLE,CLEAR,WET,DAYLIGHT,NO CONTROLS,NONE DETECTED,Yes,NO APPARENT INJURY,NOT DISTRACTED,MD,PASSENGER CAR,40,2012,SUBA,SW
MCP3000000Z,16032986,Montgomery County Police,Injury Crash,06/29/2016 07:54:00 PM,Maryland (State),GERMANTOWN RD,CLOPPER RD,HEAD ON LEFT TURN,CLEAR,DRY,DAYLIGHT,TRAFFIC SIGNAL,NONE DETECTED,No,SUSPECTED MINOR INJURY,NOT DISTRACTED,MD,PASSENGER CAR,30,2006,TOYT,4S
DD55220036,170507479,Rockville Police Departme,Injury Crash,05-12-17 21:19,County,SHADY GROVE RD,RAMP 1 FR IS 270 NB TO SHADY GROVE RD WB,HEAD ON LEFT TURN,RAINING,WET,DARK LIGHTS ON,TRAFFIC SIGNAL,NONE DETECTED,No,SUSPECTED MINOR INJURY,NOT DISTRACTED,MD,PASSENGER CAR,40,2013,TOYOTA,COROLLA
MCP2674004C,230060382,Montgomery County Police,Injury Crash,10/13/2023 07:49:00 PM,Maryland (State),FREDERICK RD,OXBRIDGE DR,STRAIGHT MOVEMENT ANGLE,CLEAR,DRY,DARK -- UNKNOWN LIGHTING,NO CONTROLS,NONE DETECTED,Yes,NO APPARENT INJURY,NOT DISTRACTED,MD,PASSENGER CAR,40,2008,MITZ,LANCER
MCP33760008,230001387,Montgomery County Police,Property Damage Crash,01-09-23 17:36,County,RANDOLPH RD,NEW HAMPSHIRE AVE,SAME DIR REAR END,CLEAR,DRY,DARK LIGHTS ON,NO CONTROLS,ALCOHOL PRESENT,Yes,NO APPARENT INJURY,UNKNOWN,MD,PASSENGER CAR,40,2016,TOYOTA,RAV 4
DD5615000L,15053619,ROCKVILLE,Property Damage Crash,10/22/2015 02:07:00 PM,Maryland (State),FIRST ST,MAPLE AVE,SAME DIR REAR END,CLEAR,DRY,DAYLIGHT,NO CONTROLS,NONE DETECTED,No,NO APPARENT INJURY,NOT DISTRACTED,MD,PASSENGER CAR,35,2012,VOLV,4S
MCP21870026,240041654,MONTGOMERY,Property Damage Crash,09-03-24 8:49,Other Public Roadway,FAIRHAVEN DR,,Rear To Side,Clear,Dry,Daylight,No Controls,"Not Suspect of Alcohol Use, Not Suspect of Drug Use",Yes,No Apparent Injury,Not Distracted,MD,Bus - School,15,2020,THOMAS BUILT,SCHOOL BUS
EJ7866003X,180029130,Gaithersburg Police Depar,Property Damage Crash,06/13/2018 06:32:00 AM,Municipality,TRAVIS AVE,KNOLL MIST LA,STRAIGHT MOVEMENT ANGLE,CLEAR,DRY,DAYLIGHT,NO CONTROLS,NONE DETECTED,No,NO APPARENT INJURY,NOT DISTRACTED,MD,PASSENGER CAR,30,2007,TOYT,4S
EJ78370016,16055702,Gaithersburg Police Depar,Injury Crash,10/29/2016 06:35:00 AM,Maryland (State),QUINCE ORCHARD RD,MCDONALD CHAPEL DR,SINGLE VEHICLE,,DRY,DARK NO LIGHTS,TRAFFIC SIGNAL,,No,NO APPARENT INJURY,NOT DISTRACTED,MD,PASSENGER CAR,35,2016,KIA,SUV
MCP30190057,220043294,Montgomery County Police,Injury Crash,10-04-22 15:41,Maryland (State),CONNECTICUT AVE,FRANKLIN ST,SAME DIRECTION SIDESWIPE,CLOUDY,WET,DAYLIGHT,NO CONTROLS,,Yes,POSSIBLE INJURY,UNKNOWN,MD,PASSENGER CAR,35,2014,TOYOTA,CAMRY
MCP2871008Z,230046243,Montgomery County Police,Property Damage Crash,07/26/2023 02:36:00 PM,,,,OTHER,CLEAR,,DAYLIGHT,NO CONTROLS,,Yes,NO APPARENT INJURY,NOT DISTRACTED,MD,PASSENGER CAR,10,2012,CHEVY,MALIBU
DD56040026,180056098,Rockville Police Departme,Property Damage Crash,11-08-18 13:01,County,SHADY GROVE RD,CHOKE CHERRY RD,HEAD ON LEFT TURN,CLEAR,DRY,DAYLIGHT,TRAFFIC SIGNAL,NONE DETECTED,No,NO APPARENT INJURY,NOT DISTRACTED,MD,PASSENGER CAR,40,2005,NISSAN,ALTIMA
MCP32390033,230054446,Montgomery County Police,Property Damage Crash,09-12-23 12:28,Maryland (State),NEW HAMPSHIRE AVE,OAKVIEW DR,SAME DIR REAR END,CLEAR,DRY,DAYLIGHT,NO CONTROLS,NONE DETECTED,Yes,NO APPARENT INJURY,LOOKED BUT DID NOT SEE,MD,PASSENGER CAR,40,2011,CHEVROLET,CRUZE
MCP2608001N,16048993,Montgomery County Police,Property Damage Crash,09/23/2016 05:03:00 PM,County,FOREST GLEN RD,WOODLAND DR,SAME DIR REAR END,CLEAR,DRY,DAYLIGHT,NO CONTROLS,NONE DETECTED,No,NO APPARENT INJURY,NOT DISTRACTED,MD,PASSENGER CAR,30,2012,HONDA,CRV
MCP2987007J,220055013,Montgomery County Police,Property Damage Crash,12-12-22 17:40,Maryland (State),NEW HAMPSHIRE AVE,RAMP 6 FR IS 495 EB TO MD 650 SB,SAME DIRECTION SIDESWIPE,CLEAR,DRY,DARK LIGHTS ON,TRAFFIC SIGNAL,UNKNOWN,Yes,NO APPARENT INJURY,UNKNOWN,,VAN,40,2010,CHEVROLET,EXPRESS 2500
MCP24360077,190019198,Montgomery County Police,Property Damage Crash,04/24/2019 12:45:00 PM,,,,OTHER,,,DAYLIGHT,,UNKNOWN,Yes,NO APPARENT INJURY,UNKNOWN,,VAN,0,2004,NISSAN,VAN
MCP2813004T,180020957,Montgomery County Police,Injury Crash,04/29/2018 04:57:00 PM,County,RANDOLPH RD,GLENALLAN AVE,SAME DIR REAR END,CLEAR,DRY,DAYLIGHT,TRAFFIC SIGNAL,,No,POSSIBLE INJURY,NOT DISTRACTED,MD,PASSENGER CAR,0,2005,HONDA,SEDAN
MCP12020035,180023142,Montgomery County Police,Property Damage Crash,05-11-18 8:37,Maryland (State),WISCONSIN AVE,WISCONSIN CIR,SAME DIR REAR END,CLEAR,DRY,DAYLIGHT,TRAFFIC SIGNAL,NONE DETECTED,No,NO APPARENT INJURY,NOT DISTRACTED,MD,PASSENGER CAR,30,2010,FORD,FOCUS
MCP32690031,240009161,MONTGOMERY,Property Damage Crash,02/25/2024 03:28:00 AM,Maryland (State) Route,E RANDOLPH RD (WB/L),OLD COLUMBIA PIKE,Angle,Clear,Dry,Dark - Lighted,Traffic Control Signal,"Not Suspect of Alcohol Use, Not Suspect of Drug Use",No,No Apparent Injury,Not Distracted,MD,Passenger Car,40,2018,LEXUS,ES
MCP2690001L,16031384,Montgomery County Police,Property Damage Crash,06/21/2016 04:06:00 PM,Maryland (State),MUNCASTER MILL RD,HEATHERFORD CT,SINGLE VEHICLE,CLOUDY,WET,DAYLIGHT,NO CONTROLS,NONE DETECTED,Yes,NO APPARENT INJURY,NOT DISTRACTED,DC,PICKUP TRUCK,35,1997,DODGE,RAM
MCP3301001P,230023198,Montgomery County Police,Property Damage Crash,05/15/2023 03:06:00 AM,County,RITCHIE AVE,TAKOMA AVE,SINGLE VEHICLE,CLEAR,DRY,DARK LIGHTS ON,NO CONTROLS,UNKNOWN,Yes,NO APPARENT INJURY,UNKNOWN,,PASSENGER CAR,30,2014,HYUNDAI,ELANTRA
MCP2898004K,240010289,MONTGOMERY,Property Damage Crash,03-03-24 16:14,,,,Rear To Side,Clear,,Daylight,,"Unknown, Unknown",Yes,No Apparent Injury,Unknown,MD,Passenger Car,0,2004,MAZDA,MAZDA3
MCP2445007H,250044109,MONTGOMERY,Property Damage Crash,10-01-25 10:10,,,,Front to Front,Clear,,Daylight,,"Not Suspect of Alcohol Use, Not Suspect of Drug Use",Yes,No Apparent Injury,Not Distracted,MD,Sport Utility Vehicle,0,2008,HONDA,CR-V
MCP102200FN,210014698,Montgomery County Police,Property Damage Crash,04/20/2021 10:53:00 AM,Other Public Roadway,OBSERVATION DR,BOLAND FARM RD,SAME DIR REAR END,CLEAR,DRY,DAYLIGHT,STOP SIGN,NONE DETECTED,No,NO APPARENT INJURY,NOT DISTRACTED,MD,(SPORT) UTILITY VEHICLE,35,2007,JEEP,LAREDO
MCP2425004W,15017200,Montgomery County Police,Injury Crash,04/14/2015 06:40:00 AM,Maryland (State),GEORGIA AVE,FOREST GLEN RD,OTHER,RAINING,WET,DARK LIGHTS ON,TRAFFIC SIGNAL,NONE DETECTED,Unknown,NO APPARENT INJURY,NOT DISTRACTED,MD,PASSENGER CAR,40,2008,TOYOTA,CAMRY
MCP2664003R,170538506,Montgomery County Police,Property Damage Crash,10/24/2017 12:30:00 PM,Maryland (State),CONNECTICUT AVE,VEIRS MILL RD,STRAIGHT MOVEMENT ANGLE,CLEAR,DRY,DAYLIGHT,TRAFFIC SIGNAL,NONE DETECTED,Yes,NO APPARENT INJURY,UNKNOWN,MD,(SPORT) UTILITY VEHICLE,35,2003,TOYOTA,4RUNNER
MCP2693003Q,210022877,Montgomery County Police,Injury Crash,06/15/2021 02:02:00 PM,County,VEIRS MILL RD,GAYNOR RD,SAME DIR REAR END,CLEAR,DRY,DAYLIGHT,,NONE DETECTED,No,POSSIBLE INJURY,NOT DISTRACTED,MD,PASSENGER CAR,45,2004,TOYOTA,RAV 4
EJ7873000M,190012200,Gaithersburg Police Depar,Injury Crash,03/16/2019 03:37:00 PM,Municipality,FIRSTFIELD RD,QUINCE ORCHARD RD,OTHER,CLEAR,DRY,DAYLIGHT,TRAFFIC SIGNAL,NONE DETECTED,No,NO APPARENT INJURY,NOT DISTRACTED,MD,PASSENGER CAR,25,2016,VW,4D
MCP9417002R,180046078,Montgomery County Police,Injury Crash,09/15/2018 03:50:00 AM,County,BATTERY LA,WOODMONT AVE,STRAIGHT MOVEMENT ANGLE,CLOUDY,DRY,DARK LIGHTS ON,FLASHING TRAFFIC SIGNAL,NONE DETECTED,No,POSSIBLE INJURY,NOT DISTRACTED,MD,PASSENGER CAR,30,2007,TOYOTA,CAMRY
MCP2946005S,230048860,Montgomery County Police,Property Damage Crash,08-11-23 7:55,,,,SAME DIRECTION SIDESWIPE,CLEAR,,DAYLIGHT,,,No,NO APPARENT INJURY,NOT DISTRACTED,FL,POLICE VEHICLE/NON EMERGENCY,0,2019,DODGE,CHARGER
MCP2845009Q,250028497,MONTGOMERY,Property Damage Crash,06/26/2025 12:25:00 PM,Maryland (State) Route,NEW HAMPSHIRE AVE (SB/L),,Front to Rear,Clear,Dry,Daylight,Traffic Control Signal,"Unknown, Unknown",No,,,,,40,0,,
MCP2814004H,240022724,MONTGOMERY,Property Damage Crash,05/13/2024 01:00:00 PM,Maryland (State) Route,ROCKVILLE PIKE,EDMONSTON DR,Front to Rear,Clear,Dry,Daylight,No Controls,"Unknown, Unknown",No,,,,Passenger Car,40,2020,NISSAN,KICKS
MCP2969009J,200046377,Montgomery County Police,Property Damage Crash,11/24/2020 06:51:00 AM,,BATCHELLORS FOREST RD,VICTORIA PL,SINGLE VEHICLE,,DRY,DUSK,NO CONTROLS,NONE DETECTED,Yes,NO APPARENT INJURY,UNKNOWN,MD,PASSENGER CAR,30,2015,NISSAN,MAXIMA
DD5637002P,210028410,Rockville Police Departme,Injury Crash,07/22/2021 04:03:00 PM,Maryland (State),HUNGERFORD DR,MANNAKEE ST,SAME DIR REAR END,CLEAR,DRY,DAYLIGHT,NO CONTROLS,NONE DETECTED,No,POSSIBLE INJURY,NOT DISTRACTED,MD,PASSENGER CAR,35,1999,HONDA,4D
MCP23620016,16059837,Montgomery County Police,Property Damage Crash,11/21/2016 08:53:00 AM,Maryland (State),UNIVERSITY BLVD W,BRUNETT AVE,STRAIGHT MOVEMENT ANGLE,CLEAR,DRY,DAYLIGHT,NO CONTROLS,NONE DETECTED,Yes,NO APPARENT INJURY,NOT DISTRACTED,MD,OTHER,45,2001,FORD,VN
MCP28910033,16064735,Montgomery County Police,Property Damage Crash,12/17/2016 02:45:00 PM,Maryland (State),GEORGIA AVE,SEMINARY RD,SAME DIRECTION SIDESWIPE,CLEAR,DRY,DAYLIGHT,,NONE DETECTED,No,NO APPARENT INJURY,NOT DISTRACTED,MD,PASSENGER CAR,35,2002,HONDA,CIVIC
EJ78560035,170515106,Gaithersburg Police Depar,Injury Crash,06/22/2017 08:54:00 AM,Maryland (State),FREDERICK RD,MONTGOMERY VILLAGE AVE,SAME DIR REAR END,CLEAR,DRY,DAYLIGHT,TRAFFIC SIGNAL,,Yes,NO APPARENT INJURY,UNKNOWN,MD,PASSENGER CAR,35,2014,NISS,4S
EJ786600CF,230048254,Gaithersburg Police Depar,Injury Crash,08-07-23 15:53,Municipality,PERRY PKWY,W DIAMOND AVE,SAME DIR REND LEFT TURN,CLOUDY,DRY,DAYLIGHT,TRAFFIC SIGNAL,NONE DETECTED,Yes,NO APPARENT INJURY,UNKNOWN,MD,PASSENGER CAR,30,2014,BUICK,VERANO
MCP3268001R,220014906,Montgomery County Police,Property Damage Crash,04-08-22 8:15,US (State),COLUMBIA PIKE,STEWART LA,SAME DIR REAR END,CLEAR,WET,DAYLIGHT,NO CONTROLS,,No,NO APPARENT INJURY,NOT DISTRACTED,MD,PASSENGER CAR,35,2018,MAZDA,6
MCP23850016,170503249,Montgomery County Police,Property Damage Crash,04/20/2017 10:28:00 PM,County,BRINK RD,WIGHTMAN RD,SINGLE VEHICLE,RAINING,WET,DARK NO LIGHTS,NO CONTROLS,ALCOHOL PRESENT,Yes,NO APPARENT INJURY,UNKNOWN,MD,PICKUP TRUCK,40,2005,TOYOTA,TACOMA
MCP33620067,250040938,MONTGOMERY,Property Damage Crash,09-12-25 6:26,Maryland (State) Route,NEW HAMPSHIRE AVE,,Front to Rear,Clear,Dry,Dawn,Traffic Control Signal,"Not Suspect of Alcohol Use, Not Suspect of Drug Use",No,No Apparent Injury,Not Distracted,MD,Passenger Car,35,2019,NISSAN,SENTRA
MCP2910003C,17013248,Montgomery County Police,Property Damage Crash,03/14/2017 11:30:00 AM,County,AUTOMOBILE BLVD,BRIGGS CHANEY RD,SAME DIR REAR END,,SNOW,DAYLIGHT,NO CONTROLS,,Yes,NO APPARENT INJURY,NOT DISTRACTED,,PASSENGER CAR,25,2006,DODGE,MAGNUM
MCP2016006H,220037515,Montgomery County Police,Injury Crash,08/30/2022 12:04:00 PM,County,E GUDE DR,FREDERICK RD,SAME DIR REAR END,,DRY,DAYLIGHT,TRAFFIC SIGNAL,NONE DETECTED,Yes,NO APPARENT INJURY,NOT DISTRACTED,MD,PASSENGER CAR,35,2017,FORD,EDGE