Report Number,Local Case Number,Agency Name,ACRS Report Type,Crash Date/Time,Route Type,Road Name,Cross-Street Name,Collision Type,Weather,Surface Condition,Light,Traffic Control,Driver Substance Abuse,Driver At Fault,Injury Severity,Driver Distracted By,Drivers License State,Vehicle Body Type,Speed Limit,Vehicle Year,Vehicle Make,Vehicle Model
MCP2754001W,170548788,Montgomery County Police,Property Damage Crash,12/15/2017 03:18:00 PM,Maryland (State),UNIVERSITY BLVD E,BAYFIELD ST,SAME DIR REAR END,SNOW,WET,DAYLIGHT,NO CONTROLS,NONE DETECTED,Yes,NO APPARENT INJURY,UNKNOWN,MD,PASSENGER CAR,35,2007,TOYT,4S
MCP2181001D,17004120,Montgomery County Police,Injury Crash,01/24/2017 12:09:00 PM,County,GLEN RD,PINEY MEETINGHOUSE RD,STRAIGHT MOVEMENT ANGLE,CLEAR,DRY,DAYLIGHT,STOP SIGN,,Yes,NO APPARENT INJURY,LOOKED BUT DID NOT SEE,MD,(SPORT) UTILITY VEHICLE,30,2014,LEXUS,RX350
MCP1433002Y,190061364,Montgomery County Police,Property Damage Crash,12/20/2019 03:25:00 PM,,,,OTHER,CLEAR,,DAYLIGHT,,NONE DETECTED,No,NO APPARENT INJURY,NOT DISTRACTED,MD,PASSENGER CAR,15,2006,SCIO,TC
MCP30200029,180028238,Montgomery County Police,Injury Crash,06-08-18 7:25,County,RIPPLING BROOK DR,BEL PRE RD,SAME DIR REAR END,CLEAR,DRY,DAYLIGHT,STOP SIGN,NONE DETECTED,No,POSSIBLE INJURY,NOT DISTRACTED,MD,PASSENGER CAR,35,2004,JEEP,LIBERTY
MCP29230018,15061508,MONTGOMERY,Property Damage Crash,12-02-15 9:50,County,ARCOLA AVE,KERSEY RD,SAME DIR REAR END,RAINING,WET,DAYLIGHT,NO CONTROLS,NONE DETECTED,No,NO APPARENT INJURY,NOT DISTRACTED,MD,(SPORT) UTILITY VEHICLE,30,2009,FORD,EXPLORER
MCP30670034,250018824,MONTGOMERY,Injury Crash,04/30/2025 08:15:00 AM,County Route,REDLAND RD,,"Sideswipe, Same Direction",Clear,Dry,Daylight,No Controls,"Not Suspect of Alcohol Use, Not Suspect of Drug Use",No,No Apparent Injury,Not Distracted,MD,Bus - Transit,35,2017,GILLIG,LOW FLOOR BUS
MCP3337000Z,220055825,Montgomery County Police,Property Damage Crash,12/16/2022 08:46:00 PM,County,LONGMEAD CROSSING DR,WINTERGATE DR,SINGLE VEHICLE,CLEAR,DRY,DARK LIGHTS ON,NO CONTROLS,NONE DETECTED,Yes,NO APPARENT INJURY,LOOKED BUT DID NOT SEE,MD,PASSENGER CAR,30,2006,BMW,X-5
MCP32710054,240049471,MONTGOMERY,Injury Crash,10/16/2024 02:30:00 PM,Maryland (State) Route,,,Single Vehicle,Clear,Dry,Daylight,No Controls,"Not Suspect of Alcohol Use, Unknown",Yes,Possible Injury,Unknown,DC,Sport Utility Vehicle,30,2007,HYUNDAI,TUCSON
MCP2662002D,210036607,Montgomery County Police,Property Damage Crash,02/17/2021 12:01:00 AM,County,STRAWBERRY KNOLL RD,TRAXELL WAY,OPPOSITE DIRECTION SIDESWIPE,,WET,DARK NO LIGHTS,NO CONTROLS,NONE DETECTED,No,NO APPARENT INJURY,NOT DISTRACTED,MD,PASSENGER CAR,35,2011,TOYT,VN
MCP15800095,180042889,Montgomery County Police,Injury Crash,08/28/2018 06:14:00 PM,County,RIDGELINE DR,CLUB HOUSE RD,SAME DIR REAR END,CLEAR,DRY,DAYLIGHT,STOP SIGN,NONE DETECTED,Yes,NO APPARENT INJURY,UNKNOWN,MD,PASSENGER CAR,25,2005,TOYT,COROLLA
MCP2868001B,15035219,MONTGOMERY,Property Damage Crash,07/17/2015 04:50:00 PM,Maryland (State),RIVER RD,ACCORD DR,SAME DIR REAR END,CLEAR,DRY,DAYLIGHT,NO CONTROLS,NONE DETECTED,Yes,NO APPARENT INJURY,OTHER DISTRACTION,MD,PASSENGER CAR,30,1998,TOYOTA,4D
MCP308600C4,250042029,MONTGOMERY,Injury Crash,09/18/2025 02:00:00 PM,County Route,SNOUFFERS SCHOOL RD,CORRIGAN SQ ACCESS RD,Front to Rear,Clear,Dry,Daylight,No Controls,"Not Suspect of Alcohol Use, Not Suspect of Drug Use",No,No Apparent Injury,Not Distracted,MD,Single-Unit Truck,40,2017,FORD,COMMERCIAL CHASSIS
MCP13780184,240014676,MONTGOMERY,Injury Crash,03/28/2024 05:44:00 PM,Other Public Roadway,W WATKINS MILL RD,RAMP 4 FR IS 270 NB TO WATKINS MILL RD,Angle,Cloudy,Dry,Daylight,Traffic Control Signal,"Not Suspect of Alcohol Use, Not Suspect of Drug Use",Yes,Possible Injury,Not Distracted,MD,Sport Utility Vehicle,35,2022,FORD,EXPLORER
DD56050046,170529620,Rockville Police Departme,Injury Crash,09-09-17 20:20,Maryland (State),HUNGERFORD DR,BEALL AVE #2,SAME DIR REAR END,CLEAR,DRY,DARK LIGHTS ON,TRAFFIC SIGNAL,NONE DETECTED,No,POSSIBLE INJURY,NOT DISTRACTED,MD,(SPORT) UTILITY VEHICLE,40,2002,NISS,TK
MCP2782001N,16031499,Montgomery County Police,Injury Crash,06/22/2016 07:31:00 AM,,ASHMONT TER,ASHMONT CT,OPPOSITE DIRECTION SIDESWIPE,CLEAR,DRY,DAYLIGHT,NO CONTROLS,NONE DETECTED,Yes,SUSPECTED MINOR INJURY,NOT DISTRACTED,MD,PASSENGER CAR,15,2011,TOYOTA,CAMRY
MCP2953001V,170551465,Montgomery County Police,Property Damage Crash,12/31/2017 03:29:00 PM,Maryland (State),NORBECK RD,GEORGIA AVE,SAME DIRECTION RIGHT TURN,SNOW,DRY,DAYLIGHT,NO CONTROLS,NONE DETECTED,No,NO APPARENT INJURY,NOT DISTRACTED,MD,(SPORT) UTILITY VEHICLE,45,2015,DODGE,TK
MCP13820054,190043818,Montgomery County Police,Property Damage Crash,09/13/2019 04:00:00 AM,,,,SINGLE VEHICLE,RAINING,,DARK -- UNKNOWN LIGHTING,,,Unknown,NO APPARENT INJURY,NOT DISTRACTED,WV,FIRE VEHICLE/NON EMERGENCY,0,2007,PIERCE,TRUCK
MCP3347002K,250007591,MONTGOMERY,Property Damage Crash,02/20/2025 05:06:00 PM,County Route,WOODMONT AVE,,Front to Rear,Cloudy,Dry,Dusk,No Controls,"Not Suspect of Alcohol Use, Not Suspect of Drug Use",Yes,No Apparent Injury,Unknown,MD,Bus - Transit,25,2009,GILLIG,CITY TRANSIT BUS
MCP2874000Y,15064352,MONTGOMERY,Property Damage Crash,12/16/2015 09:08:00 PM,,,,OTHER,CLEAR,,DARK LIGHTS ON,,UNKNOWN,Yes,NO APPARENT INJURY,UNKNOWN,,,5,0,UNKNOWN,UNKNOWN
MCP137801BR,250003030,MONTGOMERY,Property Damage Crash,01/22/2025 10:34:00 AM,Private Route,,,Angle,Clear,Dry,Daylight,No Controls,"Not Suspect of Alcohol Use, Not Suspect of Drug Use",No,No Apparent Injury,Not Distracted,MD,Other,15,2022,MACK,GRANITE
MCP1563002D,16018310,Montgomery County Police,Property Damage Crash,04/14/2016 05:24:00 PM,Maryland (State),CONNECTICUT AVE,ROSEMARY ST #2,SAME DIRECTION RIGHT TURN,CLEAR,DRY,DAYLIGHT,NO CONTROLS,NONE DETECTED,Yes,NO APPARENT INJURY,NOT DISTRACTED,MD,(SPORT) UTILITY VEHICLE,30,2010,HONDA,CRV
MCP1151008F,180053033,Montgomery County Police,Injury Crash,10/23/2018 10:40:00 AM,County,FATHER HURLEY BLVD,TRIMFIELD LA,SAME DIR REAR END,CLEAR,DRY,DAYLIGHT,TRAFFIC SIGNAL,NONE DETECTED,No,NO APPARENT INJURY,NOT DISTRACTED,MD,PASSENGER CAR,35,2012,HOND,CIVIC
MCP2008001D,15057366,MONTGOMERY,Injury Crash,11-10-15 16:20,Maryland (State),BRADLEY BLVD,ENT TO NORWOOD SCHOOL,STRAIGHT MOVEMENT ANGLE,RAINING,WET,DARK LIGHTS ON,,NONE DETECTED,No,POSSIBLE INJURY,NOT DISTRACTED,MD,PASSENGER CAR,40,2011,TOYT,4S
MCP9128000B,15064921,Montgomery County Police,Injury Crash,12/19/2015 12:58:00 PM,Maryland (State),GEORGIA AVE,ARCOLA AVE,SAME DIR REAR END,CLEAR,DRY,DAYLIGHT,TRAFFIC SIGNAL,NONE DETECTED,No,SUSPECTED MINOR INJURY,NOT DISTRACTED,MD,PASSENGER CAR,40,2006,VOLK,PASSATT
MCP3136006X,240015165,MONTGOMERY,Property Damage Crash,04-01-24 12:07,County Route,LOWANDER LA,,"Sideswipe, Same Direction",Rain,Wet,Daylight,No Controls,"Not Suspect of Alcohol Use, Not Suspect of Drug Use",No,No Apparent Injury,Not Distracted,MD,Other,25,2016,FREIGHTLINER,M2
MCP3284000R,210020314,Montgomery County Police,Property Damage Crash,05/29/2021 02:00:00 AM,County,SEMINARY RD,HALE ST,SINGLE VEHICLE,RAINING,WET,DARK NO LIGHTS,NO CONTROLS,ALCOHOL CONTRIBUTED,Yes,NO APPARENT INJURY,INATTENTIVE OR LOST IN THOUGHT,MD,PASSENGER CAR,25,2017,HYUN,SD
MCP2917008J,210044995,Montgomery County Police,Property Damage Crash,11-06-21 17:38,County,DALEWOOD DR,DEAN RD,SAME DIR REAR END,CLEAR,DRY,DAYLIGHT,NO CONTROLS,NONE DETECTED,Yes,NO APPARENT INJURY,NOT DISTRACTED,MD,PASSENGER CAR,25,2017,TOYOTA,COROLLA
MCP2353001Y,15056320,MONTGOMERY,Injury Crash,11-05-15 8:25,Maryland (State),EAST WEST HWY,MEADOW LA,SAME DIR REAR END,CLOUDY,WET,DAYLIGHT,NO CONTROLS,NONE DETECTED,Yes,POSSIBLE INJURY,UNKNOWN,MD,"MEDIUM/HEAVY TRUCKS 3 AXLES (OVER 10,000LBS (4,536KG))",35,2005,INTERNATIONAL,FLEET
MCP33900021,250020774,MONTGOMERY,Property Damage Crash,05-11-25 13:12,,,,Front to Front,Clear,,Daylight,,"Unknown, Unknown",No,,,,Passenger Car,0,2018,CHEVROLET,TAHOE
MCP1305003C,190055203,Montgomery County Police,Injury Crash,11/15/2019 08:32:00 PM,Maryland (State),WOODFIELD RD,EAST VILLAGE AVE,HEAD ON LEFT TURN,CLEAR,DRY,DARK NO LIGHTS,NO CONTROLS,NONE DETECTED,No,SUSPECTED SERIOUS INJURY,NOT DISTRACTED,MD,PASSENGER CAR,35,1996,TOYT,4S
MCP2995000K,16029001,Montgomery County Police,Property Damage Crash,06-09-16 15:22,,,,OTHER,CLEAR,,DAYLIGHT,,UNKNOWN,Yes,NO APPARENT INJURY,UNKNOWN,,PASSENGER CAR,5,2003,ACCURA,MDX
MCP31910049,230068380,Montgomery County Police,Property Damage Crash,11/26/2023 04:18:00 PM,County,DARNESTOWN RD,TRAVILLE  GATEWAY DR,STRAIGHT MOVEMENT ANGLE,RAINING,WET,DARK LIGHTS ON,TRAFFIC SIGNAL,NONE DETECTED,Yes,NO APPARENT INJURY,INATTENTIVE OR LOST IN THOUGHT,MD,PASSENGER CAR,40,2023,HYUN,SONATA
MCP3038004Z,210003312,Montgomery County Police,Injury Crash,01/26/2021 07:30:00 PM,Maryland (State),16TH ST,EAST WEST HWY,HEAD ON LEFT TURN,RAINING,WET,DARK LIGHTS ON,TRAFFIC SIGNAL,NONE DETECTED,No,NO APPARENT INJURY,NOT DISTRACTED,MD,(SPORT) UTILITY VEHICLE,35,2011,LEXUS,RX350
MCP3255003C,220017293,Montgomery County Police,Property Damage Crash,04/23/2022 05:00:00 PM,County,WATKINS MILL RD,MILLSTREAM DR,SAME DIR REAR END,CLEAR,DRY,DAYLIGHT,NO CONTROLS,,Yes,NO APPARENT INJURY,UNKNOWN,MD,MOTORCYCLE,35,2013,HONDA,MOTORCYCLE
MCP3193001M,200032142,Montgomery County Police,Property Damage Crash,08/17/2020 06:00:00 PM,Maryland (State),GEORGIA AVE,WINDHAM LA,SAME DIR REAR END,RAINING,WET,DAYLIGHT,OTHER,NONE DETECTED,No,NO APPARENT INJURY,UNKNOWN,DC,PASSENGER CAR,35,2007,TOYOTA,SIENNA
MCP102200BC,190001278,Montgomery County Police,Property Damage Crash,01-08-19 16:09,Other Public Roadway,CRYSTAL ROCK DR,MIDDLEBROOK RD,SAME DIRECTION SIDESWIPE,CLOUDY,DRY,DAYLIGHT,TRAFFIC SIGNAL,NONE DETECTED,Yes,NO APPARENT INJURY,NOT DISTRACTED,MD,SCHOOL BUS,25,2011,THOMAS,BUS
DD56040038,200008696,Rockville Police Departme,Property Damage Crash,02/21/2020 12:57:00 PM,Maryland (State),W MONTGOMERY AVE,DARNESTOWN RD,SINGLE VEHICLE,CLEAR,DRY,DAYLIGHT,NO CONTROLS,NONE DETECTED,Yes,NO APPARENT INJURY,NOT DISTRACTED,MD,PASSENGER CAR,45,2007,HYUN,4S
MCP235800DG,250004158,MONTGOMERY,Property Damage Crash,01/28/2025 07:00:00 AM,County Route,BERRY ST,,"Sideswipe, Opposite Direction",Clear,Dry,Daylight,No Controls,"Unknown, Unknown",No,No Apparent Injury,Not Distracted,MD,Passenger Car,25,2015,TOYOTA,CAMRY
EJ7879002R,230021372,Gaithersburg Police Depar,Property Damage Crash,05-04-23 15:20,Municipality,VICTORY FARM DR,SAYBROOKE OAKS BLVD,STRAIGHT MOVEMENT ANGLE,CLEAR,DRY,DAYLIGHT,STOP SIGN,NONE DETECTED,Yes,NO APPARENT INJURY,INATTENTIVE OR LOST IN THOUGHT,MD,PASSENGER CAR,25,2009,HONDA,2009
MCP1020004X,200000211,Montgomery County Police,Property Damage Crash,01-02-20 11:40,,,,OTHER,CLEAR,,DAYLIGHT,NO CONTROLS,NONE DETECTED,No,NO APPARENT INJURY,NOT DISTRACTED,MD,(SPORT) UTILITY VEHICLE,25,2018,CHEV,SUBURBAN
MCP2046006C,16063159,Montgomery County Police,Property Damage Crash,12-09-16 6:10,Maryland (State),NEW HAMPSHIRE AVE,ADELPHI RD,SAME DIR REAR END,CLEAR,DRY,DARK LIGHTS ON,TRAFFIC SIGNAL,NONE DETECTED,Yes,NO APPARENT INJURY,NOT DISTRACTED,MD,PASSENGER CAR,40,2004,HOND,CIVIC
MCP2678002B,200020967,Montgomery County Police,Injury Crash,05/26/2020 10:55:00 PM,Maryland (State),LAYHILL RD,BEL PRE RD,STRAIGHT MOVEMENT ANGLE,CLEAR,DRY,DARK LIGHTS ON,TRAFFIC SIGNAL,NONE DETECTED,Yes,SUSPECTED MINOR INJURY,UNKNOWN,MD,PASSENGER CAR,35,2018,TOYOTA,COROLLA
MCP3432000W,240050136,MONTGOMERY,Property Damage Crash,10/20/2024 10:18:00 AM,Maryland (State) Route,GEORGIA AVE,,Rear To Rear,Clear,Dry,Daylight,Traffic Control Signal,"Not Suspect of Alcohol Use, Not Suspect of Drug Use",No,No Apparent Injury,Not Distracted,MD,Passenger Car,45,2013,HONDA,FIT
MCP2512001F,15046017,MONTGOMERY,Property Damage Crash,09-11-15 18:33,Maryland (State),CLOPPER RD,FIRSTFIELD RD,STRAIGHT MOVEMENT ANGLE,CLEAR,DRY,DAYLIGHT,NO CONTROLS,NONE DETECTED,Yes,NO APPARENT INJURY,NOT DISTRACTED,MD,PASSENGER CAR,35,2009,TOYOTA,COROLLA
MCP102200FG,210006747,Montgomery County Police,Injury Crash,02/22/2021 06:47:00 AM,Maryland (State),FREDERICK RD,LITTLE BENNETT DR,HEAD ON LEFT TURN,CLEAR,DRY,DAWN,NO CONTROLS,NONE DETECTED,No,SUSPECTED SERIOUS INJURY,NOT DISTRACTED,MD,PICKUP TRUCK,50,2012,GMC,CANYON
MCP3123007V,250004206,MONTGOMERY,Property Damage Crash,01/29/2025 02:13:00 PM,County Route,GRAND PRE RD,,Other,Clear,Dry,Daylight,No Controls,"Not Suspect of Alcohol Use, Not Suspect of Drug Use",No,No Apparent Injury,Unknown,MD,Sport Utility Vehicle,25,2011,HONDA,CR-V
MCP3362002X,240013700,MONTGOMERY,Property Damage Crash,03/22/2024 01:04:00 PM,Maryland (State) Route,NEW HAMPSHIRE AVE,,Single Vehicle,Clear,Dry,Daylight,No Controls,"Not Suspect of Alcohol Use, Not Suspect of Drug Use",No,No Apparent Injury,Not Distracted,MD,Passenger Car,35,2010,HONDA,CIVIC
MCP2951001J,16024578,Montgomery County Police,Injury Crash,05/17/2016 08:20:00 PM,County,CONNECTICUT AVE,GRAND PRE RD,SAME DIRECTION LEFT TURN,CLOUDY,WET,DARK -- UNKNOWN LIGHTING,NO CONTROLS,NONE DETECTED,Yes,SUSPECTED MINOR INJURY,NOT DISTRACTED,MD,PASSENGER CAR,35,2001,TOYT,4S
MCP30970035,240009822,MONTGOMERY,Injury Crash,02/29/2024 03:54:00 AM,County Route,BROADBIRCH DR,CALVERTON BLVD CHERRY HILL RD,Angle,Clear,Dry,Dark - Not Lighted,Flashing Traffic Control Signal,"Not Suspect of Alcohol Use, Not Suspect of Drug Use",Yes,Suspected Minor Injury,Unknown,MD,Passenger Car,30,2008,FORD,TAURUS X
MCP24870040,250025402,MONTGOMERY,Injury Crash,06-07-25 15:35,Private Route,,,Angle,Clear,Dry,Daylight,No Controls,"Not Suspect of Alcohol Use, Not Suspect of Drug Use",Yes,No Apparent Injury,Unknown,MD,Passenger Car,25,2012,CHEVROLET,SONIC
MCP2720001N,15058200,Montgomery County Police,Property Damage Crash,11/14/2015 06:16:00 PM,County,BEL PRE RD,CONNECTICUT AVE,ANGLE MEETS LEFT HEAD ON,,DRY,DARK LIGHTS ON,STOP SIGN,NONE DETECTED,Yes,NO APPARENT INJURY,LOOKED BUT DID NOT SEE,MD,PASSENGER CAR,10,1998,HONDA,ACCORD
MCP158000DT,210018618,Montgomery County Police,Property Damage Crash,05/17/2021 05:34:00 PM,Interstate (State),EISENHOWER MEMORIAL HWY,MUDDY BRANCH RD,SAME DIR REAR END,CLEAR,DRY,DAYLIGHT,NO CONTROLS,NONE DETECTED,No,NO APPARENT INJURY,NOT DISTRACTED,MD,(SPORT) UTILITY VEHICLE,55,2009,HYUND,TUSCON
MCP21920048,210048284,Montgomery County Police,Property Damage Crash,11/28/2021 11:33:00 AM,County,OLNEY MILL RD,GOLD MINE RD,OTHER,CLOUDY,DRY,DAYLIGHT,,NONE DETECTED,Yes,NO APPARENT INJURY,OTHER DISTRACTION,MD,(SPORT) UTILITY VEHICLE,25,2004,HONDA,CRV
MCP30940016,200002434,Montgomery County Police,Injury Crash,01/15/2020 05:19:00 AM,County,LOST KNIFE RD,CONTOUR RD,STRAIGHT MOVEMENT ANGLE,FOGGY,WET,DARK LIGHTS ON,STOP SIGN,NONE DETECTED,Yes,POSSIBLE INJURY,LOOKED BUT DID NOT SEE,MD,PASSENGER CAR,30,2010,HOND,4S
MCP2881005R,230052564,Montgomery County Police,Property Damage Crash,09-01-23 8:20,County,GUNNERS BRANCH RD,FREDERICK RD,OPPOSITE DIRECTION SIDESWIPE,CLEAR,DRY,DAYLIGHT,NO CONTROLS,NONE DETECTED,No,NO APPARENT INJURY,NOT DISTRACTED,MD,SCHOOL BUS,0,2017,THOM,BUS
MCP2411006K,210013230,Montgomery County Police,Property Damage Crash,04-09-21 9:46,County,RANDOLPH RD,LAUDERDALE DR,OTHER,RAINING,WET,DAYLIGHT,TRAFFIC SIGNAL,NONE DETECTED,No,NO APPARENT INJURY,NOT DISTRACTED,MD,TRANSIT BUS,35,2014,METRO BUS,BUS
MCP1465003T,180053014,Montgomery County Police,Injury Crash,10/23/2018 08:49:00 AM,County,E GUDE DR,DOVER RD,OPPOSITE DIRECTION SIDESWIPE,CLEAR,DRY,DAYLIGHT,NO CONTROLS,NONE DETECTED,No,SUSPECTED MINOR INJURY,NOT DISTRACTED,MD,PASSENGER CAR,40,2016,TOYT,4S
MCP3402000M,240007737,MONTGOMERY,Injury Crash,02/16/2024 06:49:00 PM,US (State),COLUMBIA PIKE,,Other,Clear,Dry,Dark - Lighted,No Controls,"Not Suspect of Alcohol Use, Not Suspect of Drug Use",No,No Apparent Injury,Not Distracted,MD,Passenger Car,40,2013,ACURA,UNKNOWN
MCP2867003Q,17016540,Montgomery County Police,Property Damage Crash,04-01-17 9:20,Maryland (State),NEW HAMPSHIRE AVE,CHALMERS RD,SAME DIR REAR END,CLEAR,DRY,DAYLIGHT,TRAFFIC SIGNAL,NONE DETECTED,No,NO APPARENT INJURY,NOT DISTRACTED,MD,PASSENGER CAR,40,2009,HOND,ACCORD
MCP13340090,190054458,Montgomery County Police,Injury Crash,11-12-19 5:53,County,CONTOUR RD,TUNSTALL DR,SAME DIR REAR END,RAINING,WET,DARK LIGHTS ON,NO CONTROLS,NONE DETECTED,Yes,NO APPARENT INJURY,NOT DISTRACTED,MD,PASSENGER CAR,25,2003,MITSUBISHI,LANCER
MCP3191002Z,210032906,Montgomery County Police,Property Damage Crash,08/23/2021 05:15:00 PM,County,SHADY GROVE RD,BRIARDALE RD,SAME DIR REAR END,CLEAR,DRY,DAYLIGHT,NO CONTROLS,,No,NO APPARENT INJURY,NOT DISTRACTED,MD,PASSENGER CAR,45,2007,MERCEDEZ,GL450
MCP2592000Y,180000723,Montgomery County Police,Property Damage Crash,01-05-18 13:01,County,MONTGOMERY VILLAGE AVE,WHETSTONE DR,OPPOSITE DIR BOTH LEFT TURN,CLEAR,DRY,DAYLIGHT,STOP SIGN,NONE DETECTED,No,NO APPARENT INJURY,NOT DISTRACTED,MD,PASSENGER CAR,35,2009,HONDA,4D
MCP2339009Q,240060530,MONTGOMERY,Injury Crash,12/18/2024 06:57:00 PM,County Route,INDIANOLA DR,,Single Vehicle,Rain,Wet,Dark - Lighted,Traffic Control Signal,"Not Suspect of Alcohol Use, Not Suspect of Drug Use",Yes,No Apparent Injury,Unknown,FL,Passenger Car,35,2017,BMW,X5
MCP3201007M,250009176,MONTGOMERY,Property Damage Crash,03-02-25 12:19,County Route,HAWKES RD,RIDGE RD RIDGE RD (SB/L),Angle,Clear,Dry,Daylight,No Controls,"Not Suspect of Alcohol Use, Not Suspect of Drug Use",No,No Apparent Injury,Not Distracted,MD,Passenger Car,40,2006,TOYOTA,CAMRY
HA24190003,15001358,MCPARK,Property Damage Crash,12-09-15 17:57,Government,LITTLE FALLS PKWY,DORSET AVE,HEAD ON LEFT TURN,CLOUDY,,DARK LIGHTS ON,TRAFFIC SIGNAL,,Yes,NO APPARENT INJURY,LOOKED BUT DID NOT SEE,MD,PASSENGER CAR,35,2016,FORD,FIESTA
MCP3093004M,230001740,Montgomery County Police,Injury Crash,01-11-23 15:52,County,LYTTONSVILLE RD,LYTTONSVILLE PL,OTHER,,DRY,DAYLIGHT,,,Yes,NO APPARENT INJURY,UNKNOWN,MD,(SPORT) UTILITY VEHICLE,25,2022,TOYT,HIGHLANDER
MCP3387001X,240054789,MONTGOMERY,Property Damage Crash,11/15/2024 07:36:00 AM,County Route,E RANDOLPH RD,STRATFORD GARDEN DR,Angle,Cloudy,Wet,Daylight,No Controls,"Not Suspect of Alcohol Use, Not Suspect of Drug Use",No,No Apparent Injury,Not Distracted,MD,Passenger Car,40,2015,TOYOTA,HIGHLANDER
MCP20080047,170719242,Montgomery County Police,Injury Crash,09/14/2017 04:09:00 PM,County,FALLS RD,CROWN POINT CT,HEAD ON,CLEAR,DRY,DAYLIGHT,,NONE DETECTED,No,SUSPECTED MINOR INJURY,NOT DISTRACTED,VA,STATION WAGON,30,2004,VOLV,SW
MCP2921004H,220048101,Montgomery County Police,Property Damage Crash,11-01-22 19:17,Maryland (State),CLOPPER RD,WARING STATION RD,SAME DIR REAR END,CLEAR,DRY,DARK LIGHTS ON,TRAFFIC SIGNAL,,No,NO APPARENT INJURY,NOT DISTRACTED,MD,PASSENGER CAR,35,2010,MERZ,4S
MCP2982001S,17013368,Montgomery County Police,Property Damage Crash,03/15/2017 02:00:00 PM,US (State),COLESVILLE RD,FRANKLIN AVE,SINGLE VEHICLE,CLOUDY,DRY,DAYLIGHT,TRAFFIC SIGNAL,NONE DETECTED,Yes,NO APPARENT INJURY,OTHER DISTRACTION,DC,PASSENGER CAR,40,2006,SATURN,SATURN
MCP2641000L,16040096,Montgomery County Police,Injury Crash,08-08-16 2:19,County,HOPKINS RD,STEEPLE RD,SINGLE VEHICLE,CLEAR,DRY,DARK LIGHTS ON,NO CONTROLS,NONE DETECTED,Yes,SUSPECTED MINOR INJURY,UNKNOWN,MD,PASSENGER CAR,30,2013,HYUN,SONATA
MCP2899004W,210023410,Montgomery County Police,Injury Crash,06/18/2021 08:01:00 PM,Maryland (State),DARNESTOWN RD,COPEN MEADOW DR,SINGLE VEHICLE,CLEAR,DRY,DAYLIGHT,NO CONTROLS,NONE DETECTED,Yes,SUSPECTED MINOR INJURY,NOT DISTRACTED,MD,PASSENGER CAR,30,2012,LEXUS,LS460
MCP33390014,230000735,Montgomery County Police,Injury Crash,01-05-23 14:50,County,RANDOLPH RD,CONNECTICUT AVE,SAME DIR REAR END,CLEAR,DRY,DAYLIGHT,NO CONTROLS,NONE DETECTED,Yes,NO APPARENT INJURY,INATTENTIVE OR LOST IN THOUGHT,MD,PASSENGER CAR,35,2010,HONDA,CIVIC
MCP21160041,16016388,Montgomery County Police,Injury Crash,04-04-16 11:06,Maryland (State),ROCKVILLE PIKE,ENT TO FEDERAL PLAZA S.C.,STRAIGHT MOVEMENT ANGLE,CLEAR,DRY,DAYLIGHT,TRAFFIC SIGNAL,NONE DETECTED,Yes,NO APPARENT INJURY,LOOKED BUT DID NOT SEE,MD,PASSENGER CAR,40,2015,BMW,4S
MCP06170051,230012414,Montgomery County Police,Property Damage Crash,03/14/2023 01:20:00 PM,Maryland (State),NEW HAMPSHIRE AVE,STONEGATE DR,STRAIGHT MOVEMENT ANGLE,,DRY,DAYLIGHT,NO CONTROLS,NONE DETECTED,No,NO APPARENT INJURY,NOT DISTRACTED,MD,SCHOOL BUS,45,2011,THOM,BUS
MCP9130000Z,15004427,Montgomery County Police,Property Damage Crash,01/28/2015 07:14:00 AM,Maryland (State),UNIVERSITY BLVD E,MERRIMAC DR,STRAIGHT MOVEMENT ANGLE,CLEAR,DRY,DAWN,NO CONTROLS,NONE DETECTED,No,NO APPARENT INJURY,NOT DISTRACTED,MD,PASSENGER CAR,40,2011,TOYOTA,COROLLA
MCP30000013,16042474,Montgomery County Police,Property Damage Crash,08/21/2016 04:14:00 PM,County,SENECA MEADOWS PKWY,CROSSOVER,SAME DIRECTION SIDESWIPE,CLOUDY,WET,DAYLIGHT,NO CONTROLS,NONE DETECTED,Yes,NO APPARENT INJURY,UNKNOWN,IL,PASSENGER CAR,25,2004,MITS,4D
MCP2667008F,230017016,Montgomery County Police,Property Damage Crash,04-10-23 7:45,County,SNOUFFERS SCHOOL RD,EARHART CT,STRAIGHT MOVEMENT ANGLE,CLEAR,DRY,DAYLIGHT,NO CONTROLS,NONE DETECTED,No,NO APPARENT INJURY,NOT DISTRACTED,MD,PASSENGER CAR,35,2016,TOYOTA,SEDAN
MCP2832002S,170505210,Montgomery County Police,Property Damage Crash,05-01-17 10:13,Maryland (State),ROCKVILLE PIKE,END BRIDGE,SAME DIR REAR END,CLOUDY,DRY,DAYLIGHT,TRAFFIC SIGNAL,NONE DETECTED,Yes,NO APPARENT INJURY,INATTENTIVE OR LOST IN THOUGHT,VA,PASSENGER CAR,35,2008,TOYOTA,PRIUS