Report Number,Local Case Number,Agency Name,ACRS Report Type,Crash Date/Time,Route Type,Road Name,Cross-Street Name,Collision Type,Weather,Surface Condition,Light,Traffic Control,Driver Substance Abuse,Driver At Fault,Injury Severity,Driver Distracted By,Drivers License State,Vehicle Body Type,Speed Limit,Vehicle Year,Vehicle Make,Vehicle Model
MCP3026009W,230022026,Montgomery County Police,Property Damage Crash,05-08-23 16:33,Maryland (State),RIVER RD,FALLS RD,SAME DIRECTION RIGHT TURN,CLEAR,DRY,DAYLIGHT,NO CONTROLS,NONE DETECTED,Yes,NO APPARENT INJURY,NOT DISTRACTED,WY,(SPORT) UTILITY VEHICLE,30,2017,MERZ,4D
MCP32550053,240005656,MONTGOMERY,Property Damage Crash,02-04-24 18:45,County Route,DECOVERLY DR,,Single Vehicle,Clear,Dry,Dark - Not Lighted,No Controls,"Not Suspect of Alcohol Use, Not Suspect of Drug Use",Yes,No Apparent Injury,Unknown,MD,Sport Utility Vehicle,30,2014,MAZDA,CX-5
MCP3261000C,200036598,Montgomery County Police,Property Damage Crash,09/18/2020 11:10:00 AM,County,CENTERWAY RD,GOSHEN RD,ANGLE MEETS RIGHT TURN,CLEAR,DRY,DAYLIGHT,TRAFFIC SIGNAL,NONE DETECTED,Yes,NO APPARENT INJURY,LOOKED BUT DID NOT SEE,MD,PASSENGER CAR,35,2010,HONDA,ACCORD
MCP2825000Z,180025021,Montgomery County Police,Property Damage Crash,05/22/2018 01:09:00 AM,County,TATTERSHALL DR,RANWORTH DR,SAME DIR REAR END,CLEAR,DRY,DARK NO LIGHTS,,NONE DETECTED,Yes,NO APPARENT INJURY,NOT DISTRACTED,MD,PASSENGER CAR,25,2016,DODGE,JOURNEY
MCP29390008,15020185,Montgomery County Police,Injury Crash,04/29/2015 02:30:00 PM,Maryland (State),GREAT SENECA HWY,DAWSON FARM RD,SAME DIR REAR END,CLEAR,DRY,DAYLIGHT,TRAFFIC SIGNAL,NONE DETECTED,Yes,NO APPARENT INJURY,INATTENTIVE OR LOST IN THOUGHT,MD,PASSENGER CAR,50,2008,NISSAN,4S
MCP2894002Q,16041093,Montgomery County Police,Property Damage Crash,08/13/2016 01:28:00 PM,,,,SAME DIRECTION LEFT TURN,CLEAR,,DAYLIGHT,NO CONTROLS,NONE DETECTED,Unknown,NO APPARENT INJURY,NOT DISTRACTED,MD,PASSENGER CAR,15,2007,LINC,4S
DD56140005,16002978,Rockville Police Departme,Property Damage Crash,01/16/2016 10:56:00 AM,Municipality,WOOTTON PKWY,TOWER OAKS BLVD,SAME DIRECTION RIGHT TURN,CLEAR,WET,DAYLIGHT,,NONE DETECTED,Yes,NO APPARENT INJURY,UNKNOWN,MD,PASSENGER CAR,40,2011,HYUNDAI,P4D
MCP30780060,240049782,MONTGOMERY,Property Damage Crash,10/18/2024 07:07:00 AM,Maryland (State) Route,GEORGIA AVE (SB/L),NORBECK RD,Single Vehicle,Clear,Dry,Dawn,Traffic Control Signal,"Not Suspect of Alcohol Use, Not Suspect of Drug Use",Yes,No Apparent Injury,Unknown,MD,Passenger Car,35,2015,NISSAN,ROGUE
MCP2651003R,200008100,Montgomery County Police,Property Damage Crash,02/18/2020 12:50:00 PM,Maryland (State),NEW HAMPSHIRE AVE,RAMP 4 FR MD 650 NB TO IS 495 EB,SAME DIR REAR END,CLEAR,DRY,DAYLIGHT,,,Yes,NO APPARENT INJURY,NOT DISTRACTED,MD,(SPORT) UTILITY VEHICLE,40,2015,TOYOTA,RAV4
MCP30200034,190003249,Montgomery County Police,Property Damage Crash,01/21/2019 02:25:00 PM,County,CONNECTICUT AVE,BEL PRE RD,HEAD ON,SEVERE WINDS,"MUD, DIRT, GRAVEL",DAYLIGHT,TRAFFIC SIGNAL,NONE DETECTED,Unknown,NO APPARENT INJURY,NOT DISTRACTED,MD,PASSENGER CAR,35,2014,HOND,ACCORD
MCP93790057,240043561,MONTGOMERY,Property Damage Crash,09/13/2024 11:50:00 AM,County Route,,FREDERICK RD REDLAND BLVD REDLAND BLVD (EB/L),Front to Rear,Cloudy,Dry,Daylight,Traffic Control Signal,"Not Suspect of Alcohol Use, Not Suspect of Drug Use",No,No Apparent Injury,Not Distracted,MD,Passenger Car,40,2020,CHEVROLET,3500
DD5611000F,15043921,ROCKVILLE,Property Damage Crash,09-01-15 11:54,Municipality,COLLEGE PKWY,YALE PL,SAME DIR REAR END,CLEAR,DRY,DAYLIGHT,NO CONTROLS,NONE DETECTED,Yes,NO APPARENT INJURY,INATTENTIVE OR LOST IN THOUGHT,MD,PASSENGER CAR,30,2008,NISS,VAN
MCP3299002N,230021476,Montgomery County Police,Property Damage Crash,05-05-23 9:09,County,RANDOLPH RD,HEURICH RD,OTHER,CLEAR,DRY,DAYLIGHT,NO CONTROLS,NONE DETECTED,No,NO APPARENT INJURY,NOT DISTRACTED,MD,SCHOOL BUS,10,2022,THOMAS,BUS
MCP9442000T,170505419,Montgomery County Police,Property Damage Crash,05-02-17 11:27,Maryland (State),QUINCE ORCHARD RD,SPUR TO MD 355,OTHER,CLEAR,DRY,DAYLIGHT,NO CONTROLS,NONE DETECTED,No,NO APPARENT INJURY,NOT DISTRACTED,MD,PASSENGER CAR,35,2004,TOYOTA,4 RUNNER
MCP28130082,200004509,Montgomery County Police,Injury Crash,01/27/2020 07:30:00 PM,Maryland (State),VEIRS MILL RD,CENTERHILL ST,ANGLE MEETS LEFT TURN,CLEAR,DRY,DARK LIGHTS ON,NO CONTROLS,,No,SUSPECTED MINOR INJURY,NOT DISTRACTED,MD,PASSENGER CAR,35,2008,NISS,ALTIMA
MCP2916000M,15038030,MONTGOMERY,Injury Crash,07/31/2015 06:30:00 PM,County,FAIRLAND RD,OLD COLUMBIA PIKE,STRAIGHT MOVEMENT ANGLE,CLEAR,DRY,DAYLIGHT,NO CONTROLS,NONE DETECTED,Yes,NO APPARENT INJURY,NOT DISTRACTED,MD,PASSENGER CAR,35,2009,TOYOTA,4D
MCP2805003R,200019553,Montgomery County Police,Property Damage Crash,05/15/2020 12:35:00 PM,Municipality,CHRISTOPHER AVE,FREDERICK RD,SAME DIRECTION SIDESWIPE,CLEAR,DRY,DAYLIGHT,STOP SIGN,NONE DETECTED,No,NO APPARENT INJURY,NOT DISTRACTED,MD,PASSENGER CAR,30,2018,TOYOTA,COROLLA
MCP291400D4,220055602,Montgomery County Police,Injury Crash,12/15/2022 09:30:00 PM,US (State),COLESVILLE RD,FENTON ST,OTHER,RAINING,WET,DARK LIGHTS ON,TRAFFIC SIGNAL,,Yes,NO APPARENT INJURY,NOT DISTRACTED,DC,PASSENGER CAR,35,2014,TOYOTA,CAMRY
MCP3395001Q,240034113,MONTGOMERY,Injury Crash,07/19/2024 02:03:00 PM,Maryland (State) Route,ROCKVILLE PIKE (SB/L),,"Sideswipe, Same Direction",Clear,Dry,Daylight,No Controls,"Not Suspect of Alcohol Use, Not Suspect of Drug Use",Yes,No Apparent Injury,Unknown,MD,Pickup,35,2002,CHEVROLET,SILVERADO
MCP2162003L,190005251,Montgomery County Police,Property Damage Crash,02-02-19 14:34,Maryland (State),GEORGIA AVE,LAYHILL RD,SAME DIR REAR END,CLEAR,DRY,DAYLIGHT,NO CONTROLS,,Yes,NO APPARENT INJURY,UNKNOWN,MD,PASSENGER CAR,35,2009,FORD,FUSION
MCP2861004G,200000438,Montgomery County Police,Injury Crash,01-03-20 15:12,Maryland (State),OLD GEORGETOWN RD,ROCK SPRING DR,SAME DIR REAR END,RAINING,WET,DAYLIGHT,NO CONTROLS,NONE DETECTED,Yes,NO APPARENT INJURY,LOOKED BUT DID NOT SEE,VA,PASSENGER CAR,40,2020,HONDA,PILOT
DD5612005Q,240042943,ROCKVILLE,Property Damage Crash,09-10-24 9:00,Municipality Route,FALLSGROVE BLVD,,Single Vehicle,Clear,Dry,Daylight,No Controls,"Not Suspect of Alcohol Use, Not Suspect of Drug Use",Yes,No Apparent Injury,Not Distracted,MD,Bus - School,25,2019,FREIGHTLINER,B2 BUS CHASSIS
MCP2405000C,15049399,MONTGOMERY,Property Damage Crash,09/29/2015 04:46:00 PM,US (State),COLESVILLE RD,FENTON ST,HEAD ON LEFT TURN,RAINING,WET,DAYLIGHT,TRAFFIC SIGNAL,NONE DETECTED,Unknown,NO APPARENT INJURY,NOT DISTRACTED,VA,PASSENGER CAR,35,2001,DODGE,VAN
MCP94320041,230059095,Montgomery County Police,Property Damage Crash,10-07-23 10:20,Maryland (State),COLESVILLE RD,EAST WEST HWY,SAME DIR REAR END,RAINING,WET,DAYLIGHT,NO CONTROLS,NONE DETECTED,Yes,NO APPARENT INJURY,NOT DISTRACTED,MD,PASSENGER CAR,35,2014,BMW,4S
MCP2047003M,190062303,Montgomery County Police,Injury Crash,12/27/2019 12:04:00 PM,County,RANDOLPH RD,PARKLAWN DR,SAME DIR REAR END,CLEAR,DRY,DAYLIGHT,TRAFFIC SIGNAL,UNKNOWN,Yes,NO APPARENT INJURY,UNKNOWN,XX,(SPORT) UTILITY VEHICLE,35,2019,XX,XX
MCP2377000L,15057390,MONTGOMERY,Injury Crash,11-10-15 17:44,Maryland (State),S FREDERICK RD,EDUCATION BLVD,STRAIGHT MOVEMENT ANGLE,RAINING,WET,DARK LIGHTS ON,TRAFFIC SIGNAL,NONE DETECTED,No,SUSPECTED MINOR INJURY,NOT DISTRACTED,MD,PASSENGER CAR,30,2012,TOYOTA,PRIUS
MCP2767006D,190025246,Montgomery County Police,Property Damage Crash,05/27/2019 09:22:00 PM,County,CADDINGTON AVE,LOXFORD TERR,SAME DIRECTION SIDESWIPE,CLEAR,DRY,DARK LIGHTS ON,NO CONTROLS,ALCOHOL CONTRIBUTED,Yes,NO APPARENT INJURY,UNKNOWN,MD,PASSENGER CAR,20,1999,TOYOTA,CAMRY
MCP3005004Y,190056636,Montgomery County Police,Injury Crash,11/23/2019 01:00:00 PM,Maryland (State),GEORGIA AVE,BLUERIDGE AVE,SAME DIR REAR END,CLOUDY,DRY,DAYLIGHT,TRAFFIC SIGNAL,NONE DETECTED,Yes,NO APPARENT INJURY,LOOKED BUT DID NOT SEE,MD,PASSENGER CAR,25,2008,TOYO,4S
MCP31990022,200031882,Montgomery County Police,Injury Crash,08/15/2020 09:07:00 AM,Maryland (State),GEORGIA AVE,HENDERSON AVE,STRAIGHT MOVEMENT ANGLE,CLOUDY,DRY,DAYLIGHT,NO CONTROLS,NONE DETECTED,No,POSSIBLE INJURY,NOT DISTRACTED,MD,PASSENGER CAR,35,2013,MINI,COOPER
MCP2898001V,16064588,Montgomery County Police,Property Damage Crash,12/16/2016 06:46:00 PM,Maryland (State),GERMANTOWN RD,OBSERVATION DR,SAME DIRECTION SIDESWIPE,CLEAR,DRY,DARK LIGHTS ON,TRAFFIC SIGNAL,,Yes,NO APPARENT INJURY,LOOKED BUT DID NOT SEE,MD,(SPORT) UTILITY VEHICLE,40,2011,NISS,TK
MCP1022002K,15018454,Montgomery County Police,Property Damage Crash,04/20/2015 08:24:00 AM,Maryland (State),LAYTONSVILLE RD,GRIFFITH RD,SINGLE VEHICLE,RAINING,WET,DAYLIGHT,WARNING SIGN,NONE DETECTED,Yes,NO APPARENT INJURY,NOT DISTRACTED,MD,FIRE VEHICLE/NON EMERGENCY,40,1998,GMC,2500
MCP2730002Q,220005817,Montgomery County Police,Property Damage Crash,02-10-22 11:45,,,,OTHER,CLEAR,,DAYLIGHT,,,Yes,NO APPARENT INJURY,UNKNOWN,MD,PASSENGER CAR,0,2015,TOYOTA,4DOOR
MCP3090005X,220016006,Montgomery County Police,Property Damage Crash,04/15/2022 02:50:00 PM,Maryland (State),GREAT SENECA HWY,MUDDY BRANCH RD,SAME DIR REAR END,CLEAR,DRY,DAYLIGHT,TRAFFIC SIGNAL,,No,NO APPARENT INJURY,NOT DISTRACTED,VA,(SPORT) UTILITY VEHICLE,50,2014,HONDA,PIOLT
MCP25560046,210027516,Montgomery County Police,Property Damage Crash,07/16/2021 03:59:00 PM,Municipality,CHESTNUT ST,E DIAMOND AVE,STRAIGHT MOVEMENT ANGLE,,DRY,DAYLIGHT,NO CONTROLS,NONE DETECTED,No,NO APPARENT INJURY,NOT DISTRACTED,MD,PASSENGER CAR,35,2018,HONDA,CIVIC
MCP2345000H,180021410,Montgomery County Police,Property Damage Crash,05-02-18 2:37,,270 NB,MONTROSE,SAME DIR REAR END,CLEAR,DRY,DARK -- UNKNOWN LIGHTING,NO CONTROLS,NONE DETECTED,No,NO APPARENT INJURY,NOT DISTRACTED,MD,PASSENGER CAR,55,2017,TOYO,CAMRY
MCP2504001Q,16052703,Montgomery County Police,Property Damage Crash,10/13/2016 05:43:00 PM,Maryland (State),FALLS RD,CRANFORD DR,SAME DIR REAR END,CLEAR,DRY,DAYLIGHT,,NONE DETECTED,Yes,NO APPARENT INJURY,NOT DISTRACTED,MD,PASSENGER CAR,35,2002,ACURA,3.5 RL
MCP23470044,230029890,Montgomery County Police,Property Damage Crash,06/22/2023 08:19:00 AM,US (State),COLUMBIA PIKE,BRIGGS CHANEY RD,STRAIGHT MOVEMENT ANGLE,RAINING,WET,DAYLIGHT,NO CONTROLS,NONE DETECTED,Yes,NO APPARENT INJURY,NOT DISTRACTED,MD,PASSENGER CAR,40,2004,TOYOTA,CAMRY
EJ7809000H,15014275,Gaithersburg Police Depar,Property Damage Crash,03/28/2015 12:21:00 PM,,,,OTHER,,,DAYLIGHT,NO CONTROLS,,Yes,NO APPARENT INJURY,UNKNOWN,MD,PASSENGER CAR,25,1999,FORD,TAURUS
MCP296500BP,250043755,MONTGOMERY,Property Damage Crash,09/29/2025 10:00:00 AM,County Route,BONIFANT RD,,Single Vehicle,Cloudy,Dry,Daylight,No Controls,"Not Suspect of Alcohol Use, Not Suspect of Drug Use",No,No Apparent Injury,Not Distracted,MD,Passenger Car,35,2016,HYUNDAI,ELANTRA
MCP3064004F,220013726,Montgomery County Police,Property Damage Crash,03/30/2022 09:00:00 AM,County,SNOUFFERS SCHOOL RD,BONANZA WAY,OTHER,CLEAR,DRY,DARK LIGHTS ON,,,Yes,NO APPARENT INJURY,UNKNOWN,MD,PASSENGER CAR,15,2008,TOYOTA,HATCHBACK
MCP2698001V,16059751,Montgomery County Police,Property Damage Crash,11/20/2016 01:46:00 PM,County,BRIGGS RD,LAYHILL RD,ANGLE MEETS LEFT HEAD ON,CLEAR,DRY,DAYLIGHT,TRAFFIC SIGNAL,NONE DETECTED,Yes,NO APPARENT INJURY,UNKNOWN,MD,PASSENGER CAR,40,2010,HOND,VN
MCP9419001H,170530478,Montgomery County Police,Property Damage Crash,09/14/2017 07:10:00 AM,Maryland (State),FREDERICK RD,SHADY GROVE RD,SAME DIR REAR END,CLEAR,WET,DAYLIGHT,,NONE DETECTED,Yes,NO APPARENT INJURY,NOT DISTRACTED,MD,PASSENGER CAR,40,2007,TOYOTA,COROLLA
DD5652003M,230052742,Rockville Police Departme,Property Damage Crash,09-02-23 5:46,Other Public Roadway,ELMCROFT BLVD,DEER MEADOW LA,SAME DIRECTION SIDESWIPE,CLEAR,DRY,DARK NO LIGHTS,NO CONTROLS,ALCOHOL PRESENT,Yes,NO APPARENT INJURY,NOT DISTRACTED,MD,PASSENGER CAR,25,2016,HOND,SD
MCP2639005J,180064310,Montgomery County Police,Property Damage Crash,12/24/2018 10:40:00 AM,County,RANDOLPH RD,KEMP MILL RD,SINGLE VEHICLE,CLOUDY,DRY,DAYLIGHT,NO CONTROLS,UNKNOWN,Yes,NO APPARENT INJURY,UNKNOWN,,PASSENGER CAR,45,2001,BMW,2S
MCP2717010X,250047351,MONTGOMERY,Property Damage Crash,10/21/2025 04:23:00 PM,,,,Other,Clear,,Daylight,,"Not Suspect of Alcohol Use, Not Suspect of Drug Use",No,No Apparent Injury,Not Distracted,MD,Passenger Car,0,2023,TESLA,MODEL Y
MCP27170067,16028583,Montgomery County Police,Property Damage Crash,06-07-16 14:40,Maryland (State),CONNECTICUT AVE,JONES BRIDGE RD,SAME DIR REAR END,CLEAR,DRY,DAYLIGHT,NO CONTROLS,NONE DETECTED,No,NO APPARENT INJURY,NOT DISTRACTED,MD,PASSENGER CAR,35,2014,NISSAN,ALTIMA
EJ7898006Z,250044342,GAITHERSBURG,Property Damage Crash,10-02-25 15:04,Maryland (State) Route,QUINCE ORCHARD RD (SB/L),,Other,Clear,Dry,Daylight,No Controls,"Not Suspect of Alcohol Use, Not Suspect of Drug Use",Yes,No Apparent Injury,Not Distracted,MD,Passenger Car,40,2012,BUICK,LACROSSE
MCP2535002H,220044002,Montgomery County Police,Injury Crash,10-08-22 12:45,Maryland (State),EAST WEST HWY,GLENDALE RD,STRAIGHT MOVEMENT ANGLE,CLEAR,DRY,DAYLIGHT,STOP SIGN,NONE DETECTED,Yes,POSSIBLE INJURY,LOOKED BUT DID NOT SEE,MD,PASSENGER CAR,30,2008,LEXUS,RX350
DD5633007R,220045951,Rockville Police Departme,Property Damage Crash,10/19/2022 08:00:00 PM,Maryland (State),VEIRS MILL RD,BROADWOOD DR,SAME DIR REAR END,CLEAR,DRY,DARK LIGHTS ON,,NONE DETECTED,No,NO APPARENT INJURY,NOT DISTRACTED,DC,PASSENGER CAR,40,2007,TOYOTA,COROLLA
DD5663001W,250007315,ROCKVILLE,Injury Crash,02/19/2025 08:46:00 AM,Crossover,,,Angle,Clear,Dry,Daylight,No Controls,"Not Suspect of Alcohol Use, Not Suspect of Drug Use",Yes,Suspected Minor Injury,Not Distracted,MD,Passenger Car,35,2023,TESLA,MODEL 3
MCP2515000N,16029357,Montgomery County Police,Property Damage Crash,06-11-16 7:15,,,,STRAIGHT MOVEMENT ANGLE,CLEAR,,DAYLIGHT,NO CONTROLS,UNKNOWN,Yes,NO APPARENT INJURY,UNKNOWN,,PASSENGER CAR,0,2001,TOYOTA,4D
MCP2298015Q,240025031,MONTGOMERY,Injury Crash,05/27/2024 11:58:00 AM,County Route,DILLER LA,IVY LEAF DR WEST OLD BALTIMORE RD WEST OLD BALTIMORE RD (EB/L),Rear To Side,Cloudy,Dry,Daylight,Stop Sign,"Not Suspect of Alcohol Use, Not Suspect of Drug Use",No,No Apparent Injury,Not Distracted,MD,Sport Utility Vehicle,35,2018,TOYOTA,RAV4
MCP2850002L,230052332,Montgomery County Police,Property Damage Crash,08/30/2023 09:36:00 PM,County,LOST KNIFE RD,MONTGOMERY VILLAGE AVE,SAME DIR REAR END,CLEAR,DRY,DARK LIGHTS ON,TRAFFIC SIGNAL,,No,NO APPARENT INJURY,NOT DISTRACTED,MD,PASSENGER CAR,35,2005,HONDA,ACCORD
MCP3067001C,190004070,Montgomery County Police,Property Damage Crash,01/26/2019 12:25:00 AM,,,,STRAIGHT MOVEMENT ANGLE,CLEAR,,DARK LIGHTS ON,,UNKNOWN,Yes,NO APPARENT INJURY,LOOKED BUT DID NOT SEE,,UNKNOWN,15,0,UNKNOWN,UNKNOWN
MCP2594001V,16042982,Montgomery County Police,Property Damage Crash,08/24/2016 09:01:00 AM,County,RANDOLPH RD,GLENALLAN AVE,SAME DIR REAR END,CLEAR,DRY,DAYLIGHT,NO CONTROLS,NONE DETECTED,No,NO APPARENT INJURY,NOT DISTRACTED,MD,VAN,40,2013,FORD,E250
MCP93900015,180048706,Montgomery County Police,Property Damage Crash,09/29/2018 03:12:00 PM,Maryland (State),W DIAMOND AVE,RAMP 1 FR IS 270 NB TO MD 117 WB,SAME DIR REAR END,CLEAR,DRY,DAYLIGHT,TRAFFIC SIGNAL,,Yes,NO APPARENT INJURY,OTHER DISTRACTION,MD,PASSENGER CAR,35,2012,TOYT,4S
MCP0617006V,250018692,MONTGOMERY,Injury Crash,04/29/2025 01:00:00 PM,,,,Front to Rear,Clear,,Daylight,,"Not Suspect of Alcohol Use, Not Suspect of Drug Use",No,No Apparent Injury,Not Distracted,MD,Passenger Car,0,2017,LINCOLN,MKC
MCP2970004Q,180053812,Montgomery County Police,Property Damage Crash,10/27/2018 12:45:00 PM,Maryland (State),UNIVERSITY BLVD W,VEIRS MILL RD,SAME DIRECTION SIDESWIPE,RAINING,WET,DAYLIGHT,TRAFFIC SIGNAL,NONE DETECTED,No,NO APPARENT INJURY,NOT DISTRACTED,MD,PASSENGER CAR,35,2002,TOYT,SIENNA
MCP3115000L,180018758,Montgomery County Police,Property Damage Crash,04/17/2018 04:50:00 PM,US (State),COLESVILLE RD,UNIVERSITY BLVD E,SAME DIR REAR END,CLEAR,DRY,,,,Yes,NO APPARENT INJURY,LOOKED BUT DID NOT SEE,MD,PASSENGER CAR,40,2017,LAND ROVER,DISCOVERY
MCP137800T6,190052101,Montgomery County Police,Property Damage Crash,10/29/2019 05:38:00 PM,Maryland (State),FREDERICK RD,S WESTLAND DR,SAME DIR REAR END,CLOUDY,DRY,DAYLIGHT,NO CONTROLS,NONE DETECTED,No,NO APPARENT INJURY,NOT DISTRACTED,VI,(SPORT) UTILITY VEHICLE,35,2012,FORD,EDGE
MCP29230008,15021623,Montgomery County Police,Injury Crash,05-06-15 22:11,County,LOST KNIFE RD,MONTGOMERY VILLAGE AVE,SAME DIR REAR END,CLEAR,DRY,DARK LIGHTS ON,NO CONTROLS,NONE DETECTED,No,SUSPECTED MINOR INJURY,NOT DISTRACTED,MD,PASSENGER CAR,30,2004,PONTIAC,GRAND AM4S
DM8439001C,170539191,Takoma Park Police Depart,Property Damage Crash,10/27/2017 02:48:00 PM,Municipality,HOLTON LA,NEW HAMPSHIRE AVE,ANGLE MEETS LEFT TURN,CLEAR,DRY,DAYLIGHT,STOP SIGN,NONE DETECTED,Yes,NO APPARENT INJURY,NOT DISTRACTED,MD,PASSENGER CAR,25,2010,TOYT,SU
MCP2594002H,170516266,Montgomery County Police,Property Damage Crash,06/28/2017 04:45:00 AM,,,,SINGLE VEHICLE,,,DARK NO LIGHTS,,NONE DETECTED,Yes,NO APPARENT INJURY,LOOKED BUT DID NOT SEE,MD,FIRE VEHICLE/NON EMERGENCY,25,1996,DODGE,RAM
DD5567008W,250027511,ROCKVILLE,Injury Crash,06/20/2025 03:09:00 PM,Maryland (State) Route,W MONTGOMERY AVE,,Front to Rear,Clear,Dry,Daylight,Traffic Control Signal,"Not Suspect of Alcohol Use, Not Suspect of Drug Use",No,Possible Injury,Not Distracted,MD,Station Wagon,30,2021,TOYOTA,C-HR
MCP0685005J,200009305,Montgomery County Police,Injury Crash,02/25/2020 09:23:00 AM,County,SHADY GROVE RD,CHOKE CHERRY RD,SAME DIR REAR END,RAINING,WET,DAYLIGHT,TRAFFIC SIGNAL,NONE DETECTED,No,POSSIBLE INJURY,NOT DISTRACTED,MD,PASSENGER CAR,40,2016,TOYOTA,CORROLA
MCP33480022,240001333,MONTGOMERY,Property Damage Crash,01-05-24 7:50,County Route,DALEWOOD DR,RANDOLPH RD (WB/L),"Sideswipe, Opposite Direction",Clear,Dry,Dawn,Traffic Control Signal,"Unknown, Unknown",No,,,,Passenger Car,25,2007,HONDA,ACCORD
DD5610001C,15052879,ROCKVILLE,Property Damage Crash,10/18/2015 02:09:00 PM,Maryland (State),ROCKVILLE PIKE,TWINBROOK PKWY,SAME DIRECTION RIGHT TURN,CLEAR,DRY,DAYLIGHT,,,No,NO APPARENT INJURY,NOT DISTRACTED,MD,PASSENGER CAR,40,2011,ACUR,4S
MCP2622003B,220041636,Montgomery County Police,Property Damage Crash,09/24/2022 01:30:00 PM,US (State),COLUMBIA PIKE,FAIRLAND RD,SAME DIR REAR END,CLEAR,DRY,DAYLIGHT,TRAFFIC SIGNAL,NONE DETECTED,No,NO APPARENT INJURY,NOT DISTRACTED,MD,PASSENGER CAR,50,2018,TESLA,MODEL 3
MCP2722000V,15005165,Montgomery County Police,Injury Crash,02-01-15 12:39,Maryland (State),VEIRS MILL RD,CROSSOVER,SAME DIR REAR END,CLOUDY,DRY,DAYLIGHT,NO CONTROLS,NONE DETECTED,Yes,SUSPECTED MINOR INJURY,NOT DISTRACTED,MD,PASSENGER CAR,45,1998,TOYT,CAMRY
MCP2455001X,180000484,Montgomery County Police,Injury Crash,01-03-18 17:46,County,ESWORTHY RD,HARTLEY HALL PL,ANGLE MEETS RIGHT TURN,CLEAR,DRY,DARK -- UNKNOWN LIGHTING,,,Yes,POSSIBLE INJURY,UNKNOWN,MD,PASSENGER CAR,30,2017,TOYOTA,CAMRY
MCP31880009,190013489,Montgomery County Police,Injury Crash,03/23/2019 09:33:00 PM,County,E JEFFERSON ST,MONTROSE RD,OTHER,CLEAR,DRY,DARK LIGHTS ON,,,No,POSSIBLE INJURY,UNKNOWN,MD,VAN,35,2013,TOYOTA,SIENNA
MCP3353002G,240023641,MONTGOMERY,Property Damage Crash,05/19/2024 12:23:00 PM,,,,"Sideswipe, Same Direction",Clear,,Daylight,,"Unknown, Unknown",No,,,,Passenger Car,0,2016,KIA,FORTE
MCP28180041,180059500,Montgomery County Police,Injury Crash,11/28/2018 02:30:00 PM,US (State),COLESVILLE RD,FENTON ST,STRAIGHT MOVEMENT ANGLE,CLEAR,DRY,DAYLIGHT,TRAFFIC SIGNAL,NONE DETECTED,Unknown,POSSIBLE INJURY,NOT DISTRACTED,MD,SNOWMOBILE,30,2008,ACUR,MDX
EJ7870005L,220021316,Gaithersburg Police Depar,Property Damage Crash,05/19/2022 10:20:00 AM,Municipality,N SUMMIT AVE,BROOKS AVE,SAME DIR REAR END,CLEAR,DRY,DAYLIGHT,NO CONTROLS,NONE DETECTED,Yes,NO APPARENT INJURY,LOOKED BUT DID NOT SEE,MD,PASSENGER CAR,25,2012,HYUN,ELANTRA
MCP3150000L,180050037,Montgomery County Police,Injury Crash,10-06-18 16:29,County,FAIRLAND RD,E RANDOLPH RD,HEAD ON LEFT TURN,,DRY,DAYLIGHT,TRAFFIC SIGNAL,,No,SUSPECTED MINOR INJURY,UNKNOWN,MD,PASSENGER CAR,40,2004,SUBARU,IMPREZA
DD5628004F,210026955,Rockville Police Departme,Property Damage Crash,07/13/2021 09:15:00 AM,,,,OTHER,CLEAR,,DAYLIGHT,NO CONTROLS,UNKNOWN,Yes,NO APPARENT INJURY,UNKNOWN,,(SPORT) UTILITY VEHICLE,5,2003,ACURA,SUV
MCP2846009V,240050808,MONTGOMERY,Injury Crash,10/23/2024 07:07:00 PM,Maryland (State) Route,GEORGIA AVE,,Front to Rear,Clear,Dry,Dark - Lighted,No Controls,"Not Suspect of Alcohol Use, Not Suspect of Drug Use",No,No Apparent Injury,Not Distracted,MD,Passenger Car,25,2019,SUBARU,IMPREZA
MCP3360001Y,240040145,MONTGOMERY,Property Damage Crash,08/25/2024 01:29:00 AM,,,,Front to Front,Clear,,Dark - Lighted,,"Unknown, Unknown",No,,,,Passenger Car,0,2020,TOYOTA,COROLLA
MCP2667003B,16065686,Montgomery County Police,Property Damage Crash,12/22/2016 12:26:00 PM,Maryland (State),MUNCASTER MILL RD,ENT TO SCHOOL,SINGLE VEHICLE,CLEAR,DRY,DAYLIGHT,NO CONTROLS,NONE DETECTED,Yes,NO APPARENT INJURY,NOT DISTRACTED,MD,PASSENGER CAR,35,2016,HONDA,CIVIC
MCP31050042,210032155,Montgomery County Police,Injury Crash,08/18/2021 02:35:00 PM,Maryland (State),GERMANTOWN RD,AIRCRAFT DR,STRAIGHT MOVEMENT ANGLE,CLEAR,DRY,DAYLIGHT,TRAFFIC SIGNAL,NONE DETECTED,Yes,NO APPARENT INJURY,NOT DISTRACTED,MD,"CARGO VAN/LIGHT TRUCK 2 AXLES (OVER 10,000LBS (4,536 KG))",40,2008,STERLING,ACTERRA
MCP2904006M,190000659,Montgomery County Police,Property Damage Crash,01-04-19 16:00,Maryland (State),PINEY BRANCH RD,BARRON ST,SAME DIRECTION SIDESWIPE,CLEAR,DRY,DAYLIGHT,TRAFFIC SIGNAL,NONE DETECTED,Yes,NO APPARENT INJURY,UNKNOWN,MD,PASSENGER CAR,35,2003,NISS,ALTIMA