Report Number,Local Case Number,Agency Name,ACRS Report Type,Crash Date/Time,Route Type,Road Name,Cross-Street Name,Collision Type,Weather,Surface Condition,Light,Traffic Control,Driver Substance Abuse,Driver At Fault,Injury Severity,Driver Distracted By,Drivers License State,Vehicle Body Type,Speed Limit,Vehicle Year,Vehicle Make,Vehicle Model
MCP2849001V,16007723,MONTGOMERY,Injury Crash,02/15/2016 08:52:00 PM,County,TAMARACK RD,LIMETREE RD,SINGLE VEHICLE,SLEET,ICE,DARK LIGHTS ON,NO CONTROLS,NONE DETECTED,No,SUSPECTED MINOR INJURY,NOT DISTRACTED,MD,PASSENGER CAR,25,2003,TOYOTA,COROLLA
MCP32890044,250020966,MONTGOMERY,Property Damage Crash,05-12-25 16:28,,,,Front to Rear,Cloudy,,Daylight,,"Unknown, Unknown",No,,,,Passenger Car,0,2012,TOYOTA,CAMRY
MCP1174005Y,230010326,Montgomery County Police,Property Damage Crash,03-02-23 10:29,Maryland (State),WISCONSIN AVE,CHELTENHAM DR,SAME DIR REAR END,CLEAR,DRY,DAYLIGHT,NO CONTROLS,NONE DETECTED,No,NO APPARENT INJURY,NOT DISTRACTED,MD,PASSENGER CAR,25,2014,BMW,328I
MCP1334009C,200002077,Montgomery County Police,Injury Crash,01/13/2020 09:12:00 AM,Interstate (State),EISENHOWER MEMORIAL HWY,MUDDY BRANCH RD,SAME DIR REAR END,CLOUDY,DRY,DAYLIGHT,NO CONTROLS,NONE DETECTED,No,NO APPARENT INJURY,NOT DISTRACTED,MD,PASSENGER CAR,55,2018,NISSAN,ALTIMA
MCP20310026,190033639,Montgomery County Police,Property Damage Crash,10-07-19 7:58,Maryland (State),WOODFIELD RD,WARFIELD RD,SAME DIR REAR END,CLOUDY,DRY,DAYLIGHT,NO CONTROLS,NONE DETECTED,No,NO APPARENT INJURY,NOT DISTRACTED,MD,PASSENGER CAR,30,2018,CHEV,TK
MCP1564003D,180060076,Montgomery County Police,Property Damage Crash,12-01-18 12:40,Maryland (State),OLNEY LAYTONSVILLE RD,ENT TO SHOPPING CENTER,STRAIGHT MOVEMENT ANGLE,RAINING,WET,DAYLIGHT,NO CONTROLS,NONE DETECTED,No,NO APPARENT INJURY,NOT DISTRACTED,VA,PASSENGER CAR,30,2014,HONDA,CIVIC
MCP21990003,15013726,Montgomery County Police,Property Damage Crash,03/25/2015 10:14:00 AM,Maryland (State),RIDGE RD,DAVIS MILL RD,OPPOSITE DIRECTION SIDESWIPE,CLOUDY,DRY,DAYLIGHT,NO CONTROLS,NONE DETECTED,Yes,NO APPARENT INJURY,NOT DISTRACTED,MD,VAN,35,2014,FORD,E350
DD5567003T,240022751,ROCKVILLE,Property Damage Crash,05/14/2024 01:32:00 PM,Municipality Route,MARTINS LA,N WASHINGTON ST,Angle,Rain,Wet,Daylight,Traffic Control Signal,"Not Suspect of Alcohol Use, Not Suspect of Drug Use",No,No Apparent Injury,Not Distracted,MD,Passenger Car,30,2010,MERCEDES-BENZ,350
MCP29650019,16064701,Montgomery County Police,Property Damage Crash,12/17/2016 08:19:00 AM,Maryland (State),GEORGIA AVE,RAMP 8 FR MD 97 SB TO MD 200 WB,SAME DIR REAR END,SLEET,ICE,DAYLIGHT,NO CONTROLS,NONE DETECTED,No,NO APPARENT INJURY,NOT DISTRACTED,MD,PICKUP TRUCK,50,2015,FORD,F550
MCP28460047,180023032,Montgomery County Police,Property Damage Crash,05-10-18 15:20,Maryland (State),UNIVERSITY BLVD W,INWOOD AVE,ANGLE MEETS LEFT TURN,CLOUDY,DRY,DAYLIGHT,TRAFFIC SIGNAL,NONE DETECTED,No,NO APPARENT INJURY,NOT DISTRACTED,MD,PASSENGER CAR,35,2008,HONDA,ACCORD
MCP2549004K,15025867,Montgomery County Police,Property Damage Crash,05/29/2015 06:43:00 AM,,PARK POTOMAC AVENUE,CADBURY AVENUE,SINGLE VEHICLE,CLEAR,DRY,DAYLIGHT,,NONE DETECTED,Yes,NO APPARENT INJURY,UNKNOWN,MD,TRANSIT BUS,25,2013,GILLIG,TRANSIT BUS
MCP3225001Z,210047641,Montgomery County Police,Property Damage Crash,11/23/2021 04:15:00 PM,County,RANDOLPH RD,VEIRS MILL RD,SAME DIR REAR END,CLEAR,DRY,DAYLIGHT,,NONE DETECTED,Yes,NO APPARENT INJURY,LOOKED BUT DID NOT SEE,MD,"OTHER LIGHT TRUCKS (10,000LBS (4,536KG) OR LESS)",35,2013,TOYT,RAV 4
MCP2598000S,16023643,Montgomery County Police,Property Damage Crash,05-12-16 18:13,US (State),COLESVILLE RD,N NOYES DR,SAME DIRECTION SIDESWIPE,CLEAR,DRY,DAYLIGHT,NO CONTROLS,NONE DETECTED,No,NO APPARENT INJURY,NOT DISTRACTED,MD,PASSENGER CAR,35,2015,MERCEDES BENZ,S550
DD559500CZ,230015628,Rockville Police Departme,Property Damage Crash,04-01-23 10:13,Municipality,TOWER OAKS BLVD,WOOTTON PKWY,SINGLE VEHICLE,RAINING,WET,DAYLIGHT,NO CONTROLS,NONE DETECTED,Yes,NO APPARENT INJURY,NOT DISTRACTED,MD,PASSENGER CAR,40,2003,BMW,SD
MCP2921001F,16063303,Montgomery County Police,Injury Crash,12-09-16 20:08,,,,SINGLE VEHICLE,CLEAR,,DARK LIGHTS ON,NO CONTROLS,NONE DETECTED,Yes,POSSIBLE INJURY,NOT DISTRACTED,MD,PASSENGER CAR,30,2003,TOYOTA,CAMRY
DM84500003,15025518,Takoma Park Police Depart,Injury Crash,05/27/2015 05:38:00 PM,Maryland (State),NEW HAMPSHIRE AVE,MERWOOD DR,OTHER,CLEAR,,DAYLIGHT,OTHER,,No,POSSIBLE INJURY,NOT DISTRACTED,MD,PASSENGER CAR,35,2007,KIA,SPECTRA
MCP2774001M,16009155,MONTGOMERY,Injury Crash,02/23/2016 09:55:00 PM,,,,OTHER,,,DARK LIGHTS ON,,,Yes,NO APPARENT INJURY,NOT DISTRACTED,MD,"OTHER LIGHT TRUCKS (10,000LBS (4,536KG) OR LESS)",10,2009,CHEVROLET,2500HD
MCP3362001N,230052443,Montgomery County Police,Property Damage Crash,08/31/2023 01:12:00 PM,US (State),COLESVILLE RD,RAMP 8 FR US 29 SB TO IS 495 WB,SAME DIRECTION SIDESWIPE,CLEAR,DRY,DAYLIGHT,NO CONTROLS,UNKNOWN,Yes,NO APPARENT INJURY,UNKNOWN,,,45,0,UNKNOWN,UNKNOWN
DD562000CT,250047780,ROCKVILLE,Property Damage Crash,10/24/2025 08:48:00 AM,Maryland (State) Route,VEIRS MILL RD,,Other,Clear,Dry,Daylight,No Controls,"Not Suspect of Alcohol Use, Not Suspect of Drug Use",No,No Apparent Injury,Not Distracted,MD,Passenger Car,35,2008,HYUNDAI,ENTOURAGE
MCP2859002G,16035415,Montgomery County Police,Property Damage Crash,07/13/2016 09:10:00 AM,Ramp,RAMP 9 FR IS 370 EB TO SHADY GROVE RD,NO NAME,SAME DIR REAR END,CLOUDY,DRY,DAYLIGHT,NO CONTROLS,NONE DETECTED,Yes,NO APPARENT INJURY,UNKNOWN,MD,PASSENGER CAR,45,2001,NISS,4D
MCP29690061,190005096,Montgomery County Police,Injury Crash,02-01-19 13:05,County,KEMP MILL RD,OLD RANDOLPH RD,SAME DIR REAR END,SNOW,WET,DAYLIGHT,STOP SIGN,NONE DETECTED,No,NO APPARENT INJURY,NOT DISTRACTED,MD,(SPORT) UTILITY VEHICLE,35,2000,TOYOTA,4RUNNER
DD5676000L,250003898,ROCKVILLE,Property Damage Crash,01/27/2025 05:50:00 PM,Maryland (State) Route,DODGE ST,,"Sideswipe, Same Direction",Clear,Dry,Dark - Lighted,No Controls,"Unknown, Unknown",No,No Apparent Injury,,,Passenger Car,35,0,,
MCP2603006S,250023108,MONTGOMERY,Property Damage Crash,05/24/2025 10:57:00 PM,County Route,,,Single Vehicle,Clear,Dry,Dark - Not Lighted,No Controls,"Suspect of Alcohol Use, Not Suspect of Drug Use",Yes,No Apparent Injury,Unknown,MD,Passenger Car,35,2019,FORD,FUSION
DD5502003P,170527289,Rockville Police Departme,Property Damage Crash,08/28/2017 09:50:00 AM,Municipality,CHURCH ST,ROCKVILLE PIKE,SAME DIRECTION RIGHT TURN,CLEAR,DRY,DAYLIGHT,TRAFFIC SIGNAL,NONE DETECTED,No,NO APPARENT INJURY,NOT DISTRACTED,MD,TRANSIT BUS,25,2013,NEW FLYER,BUS
MCP2971005Y,230052144,Montgomery County Police,Property Damage Crash,08/30/2023 07:45:00 AM,County,AIRPARK RD,MUNCASTER MILL RD,SAME DIR REAR END,CLOUDY,WET,DAYLIGHT,NO CONTROLS,NONE DETECTED,No,NO APPARENT INJURY,NOT DISTRACTED,MD,TRANSIT BUS,45,2017,GILG,BUS
MCP2727001W,170548480,Montgomery County Police,Property Damage Crash,12/14/2017 07:07:00 AM,Maryland (State),CLOPPER RD,KINGSVIEW VILLAGE AVE,SAME DIR REAR END,,,DAWN,NO CONTROLS,NONE DETECTED,No,NO APPARENT INJURY,NOT DISTRACTED,VA,PASSENGER CAR,40,2017,HYUNDAI,TUCSON
MCP3073002Y,190001093,Montgomery County Police,Property Damage Crash,01-07-19 15:34,,,,OTHER,,,DAYLIGHT,,,No,NO APPARENT INJURY,NOT DISTRACTED,MD,SCHOOL BUS,5,2010,THOMAS,SCHOOL BUS
MCP28780022,16046070,Montgomery County Police,Property Damage Crash,09-06-16 18:13,,,,OTHER,,,DAYLIGHT,NO CONTROLS,UNKNOWN,Yes,NO APPARENT INJURY,NOT DISTRACTED,MD,PASSENGER CAR,5,2008,HOND,ACCORD
MCP2116001B,15001974,Montgomery County Police,Injury Crash,01/13/2015 09:17:00 AM,Municipality,BALTIMORE RD,BALTIMORE RD (AHEAD),SINGLE VEHICLE,CLEAR,DRY,DAYLIGHT,,NONE DETECTED,Yes,NO APPARENT INJURY,LOOKED BUT DID NOT SEE,MD,PASSENGER CAR,30,2005,FORD,EXPEDITION
MCP28920014,15046137,Montgomery County Police,Injury Crash,09-12-15 9:13,County,FAIRLAND RD,COLUMBIA PIKE,SAME DIR REAR END,RAINING,WET,DAYLIGHT,TRAFFIC SIGNAL,NONE DETECTED,Yes,NO APPARENT INJURY,NOT DISTRACTED,MD,PASSENGER CAR,50,2005,DODG,NEON
MCP2799007J,230067185,Montgomery County Police,Property Damage Crash,12-04-23 1:09,Maryland (State),GEORGIA AVE,RANDOLPH RD,SAME DIRECTION SIDESWIPE,CLEAR,DRY,DARK LIGHTS ON,TRAFFIC SIGNAL,ALCOHOL PRESENT,Yes,NO APPARENT INJURY,UNKNOWN,DC,PASSENGER CAR,35,2010,HONDA,CIVIC
MCP32000078,230001646,Montgomery County Police,Injury Crash,01-11-23 7:38,County,FERNWOOD RD,GREYSWOOD RD,SAME DIRECTION RIGHT TURN,CLEAR,DRY,DAWN,TRAFFIC SIGNAL,NONE DETECTED,No,NO APPARENT INJURY,NOT DISTRACTED,MD,"MEDIUM/HEAVY TRUCKS 3 AXLES (OVER 10,000LBS (4,536KG))",30,2019,MACK,GRANITE
MCP2809001Y,15027170,Montgomery County Police,Property Damage Crash,06-05-15 4:05,,,,OTHER,RAINING,,DARK LIGHTS ON,,,Yes,NO APPARENT INJURY,NOT DISTRACTED,MD,AMBULANCE/NON EMERGENCY,0,2015,INTERNATIONAL,TK
MCP1064003M,15056181,MONTGOMERY,Injury Crash,11-04-15 13:13,Maryland (State),GEORGIA AVE,FOREST GLEN RD,HEAD ON LEFT TURN,CLEAR,DRY,DAYLIGHT,TRAFFIC SIGNAL,,No,POSSIBLE INJURY,NOT DISTRACTED,MD,PASSENGER CAR,35,2008,HONDA,ACCORD
EJ7801000P,180015147,Gaithersburg Police Depar,Property Damage Crash,04/18/2018 01:05:00 PM,County,MUDDY BRANCH RD,DIAMONDBACK DR,HEAD ON LEFT TURN,RAINING,WET,DAYLIGHT,NO CONTROLS,,Yes,NO APPARENT INJURY,LOOKED BUT DID NOT SEE,MD,AMBULANCE/EMERGENCY,40,2012,NISSAN,.SENTRA
MCP2617003P,170513195,Montgomery County Police,Injury Crash,06-12-17 11:42,Maryland (State),CONNECTICUT AVE,JONES BRIDGE RD,SAME DIR REAR END,CLEAR,DRY,DAYLIGHT,NO CONTROLS,NONE DETECTED,No,NO APPARENT INJURY,NOT DISTRACTED,MD,PASSENGER CAR,35,2014,TOYOTA,COROLLA
MCP3079003G,210006866,Montgomery County Police,Property Damage Crash,02/22/2021 06:57:00 PM,,,,OPPOSITE DIRECTION SIDESWIPE,RAINING,,DARK LIGHTS ON,NO CONTROLS,NONE DETECTED,No,NO APPARENT INJURY,NOT DISTRACTED,MD,PASSENGER CAR,30,1997,BMW,328I
DD5653005G,250042967,ROCKVILLE,Injury Crash,09/24/2025 02:06:00 PM,Municipality Route,HALPINE RD (EB/L),ROCKVILLE PIKE (SB/L),Single Vehicle,Cloudy,Dry,Daylight,Traffic Control Signal,"Not Suspect of Alcohol Use, Not Suspect of Drug Use",Yes,No Apparent Injury,Unknown,MD,Passenger Car,30,2019,HONDA,CIVIC
MCP2047002H,180035751,Montgomery County Police,Injury Crash,07/19/2018 02:11:00 PM,Maryland (State),VEIRS MILL RD,TWINBROOK PKWY,OTHER,CLEAR,DRY,DAYLIGHT,,NONE DETECTED,Unknown,NO APPARENT INJURY,NOT DISTRACTED,MD,TRANSIT BUS,45,2008,ORION,VII
MCP1453008H,200021653,Montgomery County Police,Injury Crash,06-01-20 15:10,Maryland (State),FREDERICK RD,STRUC #15154,SAME DIR REAR END,CLEAR,DRY,DAYLIGHT,NO CONTROLS,NONE DETECTED,Yes,NO APPARENT INJURY,NOT DISTRACTED,MD,"MEDIUM/HEAVY TRUCKS 3 AXLES (OVER 10,000LBS (4,536KG))",40,2019,PTRB,MIXER
MCP3017001N,210024604,Montgomery County Police,Injury Crash,06/27/2021 02:18:00 AM,Maryland (State),MONTGOMERY VILLAGE AVE,CHRISTOPHER AVE,STRAIGHT MOVEMENT ANGLE,CLEAR,,DARK LIGHTS ON,FLASHING TRAFFIC SIGNAL,NONE DETECTED,Yes,SUSPECTED MINOR INJURY,LOOKED BUT DID NOT SEE,VA,PASSENGER CAR,30,2017,MITS,4D
MCP32250056,240057855,MONTGOMERY,Property Damage Crash,12-03-24 18:40,Maryland (State) Route,GEORGIA AVE,RAMP 3 FR RANDOLPH RD EB TO MD 97 NB RAMP 4 FR MD 97 NB TO RANDOLPH RD EB,"Sideswipe, Same Direction",Clear,Dry,Dark - Lighted,Traffic Control Signal,"Unknown, Unknown",No,,,,,35,0,,
MCP29810024,180037113,Montgomery County Police,Property Damage Crash,07/26/2018 08:55:00 PM,Maryland (State),NEW HAMPSHIRE AVE,TUCKER LA,SAME DIRECTION SIDESWIPE,CLEAR,DRY,DARK NO LIGHTS,NO CONTROLS,NONE DETECTED,Yes,NO APPARENT INJURY,NOT DISTRACTED,MD,PASSENGER CAR,40,2003,INFI,4S
MCP2055000Q,15051589,MONTGOMERY,Property Damage Crash,10-11-15 14:33,Maryland (State),WISCONSIN AVE,ROSEDALE AVE,SAME DIRECTION LEFT TURN,CLEAR,DRY,DAYLIGHT,,NONE DETECTED,Yes,NO APPARENT INJURY,LOOKED BUT DID NOT SEE,MD,PASSENGER CAR,30,2013,CHRY,300
MCP2848001L,15044538,MONTGOMERY,Property Damage Crash,09-04-15 10:44,Maryland (State),ROCKVILLE PIKE,MONTROSE PKWY,SAME DIR REAR END,CLEAR,DRY,DAYLIGHT,TRAFFIC SIGNAL,NONE DETECTED,No,NO APPARENT INJURY,NOT DISTRACTED,US,PASSENGER CAR,35,2014,TOYOTA,PRIUS
MCP2231002D,16045452,Montgomery County Police,Property Damage Crash,09-06-16 13:11,Maryland (State),CONNECTICUT AVE,BRADLEY LA,OTHER,CLEAR,DRY,DAYLIGHT,NO CONTROLS,NONE DETECTED,No,NO APPARENT INJURY,NOT DISTRACTED,MD,TRANSIT BUS,30,2009,NEW FLYER,BUS
MCP2746000Z,15043745,MONTGOMERY,Property Damage Crash,08/31/2015 03:46:00 PM,County,CONNECTICUT AVE,GRAND PRE RD,SAME DIR REAR END,CLEAR,DRY,DAYLIGHT,,,Yes,NO APPARENT INJURY,LOOKED BUT DID NOT SEE,MD,PASSENGER CAR,40,2013,HONDA,FIT
MCP2859004L,170546134,Montgomery County Police,Injury Crash,12-02-17 1:10,Maryland (State),KEY WEST AVE,DIAMONDBACK DR,STRAIGHT MOVEMENT ANGLE,CLEAR,DRY,DARK LIGHTS ON,FLASHING TRAFFIC SIGNAL,NONE DETECTED,No,POSSIBLE INJURY,NOT DISTRACTED,MD,PASSENGER CAR,30,2015,HYUN,4D
MCP2518000S,15047536,MONTGOMERY,Injury Crash,09/19/2015 01:07:00 PM,Maryland (State),RIDGE RD,DAVIS MILL RD,SAME DIR REAR END,CLEAR,DRY,DAYLIGHT,NO CONTROLS,NONE DETECTED,No,NO APPARENT INJURY,NOT DISTRACTED,MD,PASSENGER CAR,40,2013,VOLK,DS
MCP2863003V,250031100,MONTGOMERY,Injury Crash,07-12-25 8:30,Other Public Roadway,W WATKINS MILL RD (SB/L),RAMP 2 FR WATKINS MILL RD TO IS 270 NB,Single Vehicle,Unknown,,Unknown,Traffic Control Signal,"Unknown, Unknown",No,,,,Passenger Car,35,0,,
MCP2965004Y,20007347,Montgomery County Police,Injury Crash,02/26/2021 09:30:00 AM,Maryland (State),GEORGIA AVE,MORNINGWOOD DR,SAME DIR REAR END,CLEAR,DRY,DAYLIGHT,TRAFFIC SIGNAL,NONE DETECTED,Yes,SUSPECTED MINOR INJURY,NOT DISTRACTED,MD,PASSENGER CAR,30,2012,ACUR,4S
MCP28850017,15037443,MONTGOMERY,Property Damage Crash,07/29/2015 07:08:00 AM,Maryland (State),CONNECTICUT AVE,DELANO ST,SAME DIR REAR END,CLEAR,DRY,DAYLIGHT,NO CONTROLS,NONE DETECTED,Yes,NO APPARENT INJURY,NOT DISTRACTED,MD,PASSENGER CAR,40,2003,TOYT,2S
MCP9386003W,16054858,Montgomery County Police,Injury Crash,10/25/2016 09:17:00 AM,Interstate (State),CAPITAL BELTWAY,MD 355 SB/L,SAME DIRECTION SIDESWIPE,CLEAR,DRY,DAYLIGHT,,NONE DETECTED,Yes,NO APPARENT INJURY,UNKNOWN,MD,(SPORT) UTILITY VEHICLE,55,2015,HONDA,PILOT
MCP2738004W,230051397,Montgomery County Police,Injury Crash,08/26/2023 12:49:00 AM,US (State),COLUMBIA PIKE,INDUSTRIAL PKWY,STRAIGHT MOVEMENT ANGLE,CLEAR,DRY,DARK LIGHTS ON,TRAFFIC SIGNAL,,No,NO APPARENT INJURY,NOT DISTRACTED,MD,PASSENGER CAR,50,2022,GMC,CANYON
MCP3218003D,220048674,Montgomery County Police,Property Damage Crash,11-04-22 17:44,County,RANDOLPH RD,TIVOLI LAKE BLVD,SAME DIR REAR END,CLEAR,DRY,DUSK,TRAFFIC SIGNAL,NONE DETECTED,No,NO APPARENT INJURY,NOT DISTRACTED,MD,PASSENGER CAR,40,2020,FORD,TK
MCP2516002T,190032401,Montgomery County Police,Property Damage Crash,07-08-19 11:11,Maryland (State),GERMANTOWN RD,AIRCRAFT DR,STRAIGHT MOVEMENT ANGLE,RAINING,WET,DAYLIGHT,TRAFFIC SIGNAL,,No,NO APPARENT INJURY,NOT DISTRACTED,MD,PASSENGER CAR,25,2008,HONDA,4S
MCP2917002S,180039412,Montgomery County Police,Property Damage Crash,08-08-18 17:57,County,MERCURY DR,ADRIAN ST,SAME DIR REAR END,CLEAR,DRY,DAYLIGHT,NO CONTROLS,ALCOHOL CONTRIBUTED,Yes,NO APPARENT INJURY,NOT DISTRACTED,MD,PASSENGER CAR,25,2018,HONDA,CR-V
MCP31790013,200019838,Montgomery County Police,Property Damage Crash,05/17/2020 11:59:00 PM,Maryland (State),ASHTON RD,NEW HAMPSHIRE AVE,SINGLE VEHICLE,CLEAR,DRY,DARK LIGHTS ON,,ALCOHOL PRESENT,Yes,NO APPARENT INJURY,UNKNOWN,MD,PASSENGER CAR,30,2016,ACURA,TLX
DD56280018,180056149,Rockville Police Departme,Property Damage Crash,11-08-18 17:10,,,,OTHER,CLEAR,,DARK LIGHTS ON,NO CONTROLS,NONE DETECTED,No,NO APPARENT INJURY,NOT DISTRACTED,MD,PASSENGER CAR,10,2006,MAZD,CN
MCP0704000N,16007562,Montgomery County Police,Property Damage Crash,02/14/2016 02:25:00 PM,Municipality,STANFORD ST,EAST AVE,STRAIGHT MOVEMENT ANGLE,CLEAR,DRY,DAYLIGHT,STOP SIGN,NONE DETECTED,Unknown,NO APPARENT INJURY,NOT DISTRACTED,DC,(SPORT) UTILITY VEHICLE,25,2012,TOYOVAL2012,HIGHLANDER
MCP3255001J,210010200,Montgomery County Police,Injury Crash,03/18/2021 04:00:00 PM,County,WATKINS MILL RD,SMOOTHSTONE WAY,OTHER,RAINING,WET,DAYLIGHT,NO CONTROLS,,No,NO APPARENT INJURY,NOT DISTRACTED,MD,PASSENGER CAR,35,2015,JEEP,CHEROKEE
MCP0036002H,15032197,MONTGOMERY,Property Damage Crash,07-01-15 15:01,Maryland (State),GERMANTOWN RD,DAWSON FARM RD,SAME DIR REAR END,CLEAR,DRY,DAYLIGHT,TRAFFIC SIGNAL,NONE DETECTED,No,NO APPARENT INJURY,NOT DISTRACTED,MD,PASSENGER CAR,45,2011,NISSAN,2S
MCP2960001H,16066164,Montgomery County Police,Property Damage Crash,12/24/2016 11:53:00 AM,Maryland (State),GEORGIA AVE,ENT TO BUSINESS,STRAIGHT MOVEMENT ANGLE,CLOUDY,WET,DAYLIGHT,NO CONTROLS,,No,NO APPARENT INJURY,NOT DISTRACTED,MD,PASSENGER CAR,45,2005,MERC,TK
MCP2615002W,190011692,Montgomery County Police,Property Damage Crash,03/13/2019 07:40:00 PM,Maryland (State),NEW HAMPSHIRE AVE,MILESTONE DR,SAME DIRECTION RIGHT TURN,CLEAR,DRY,DARK LIGHTS ON,NO CONTROLS,NONE DETECTED,No,NO APPARENT INJURY,NOT DISTRACTED,VA,PASSENGER CAR,40,2017,TOYOTA,COROLLA
MCP2899005P,220027330,Montgomery County Police,Property Damage Crash,06/25/2022 12:45:00 AM,US (State),GEORGIA AVE,RIPLEY ST,STRAIGHT MOVEMENT ANGLE,CLEAR,DRY,DARK LIGHTS ON,NO CONTROLS,ALCOHOL PRESENT,Yes,NO APPARENT INJURY,UNKNOWN,VA,PASSENGER CAR,35,2022,KIA,K5
MCP2753005Z,230008017,Montgomery County Police,Property Damage Crash,02/17/2023 08:22:00 AM,County,VEIRS MILL SERV RD,GAIL ST,SAME DIR REAR END,RAINING,WET,DAYLIGHT,NO CONTROLS,NONE DETECTED,Yes,NO APPARENT INJURY,NOT DISTRACTED,MD,PASSENGER CAR,40,2013,TOYT,TK
MCP2270003L,240044409,MONTGOMERY,Property Damage Crash,09/18/2024 07:20:00 AM,County Route,,,Single Vehicle,Rain,Wet,Daylight,No Controls,"Not Suspect of Alcohol Use, Not Suspect of Drug Use",Yes,No Apparent Injury,"Other Action (looking away from task, etc.)",MD,Passenger Car,35,2011,MERCEDES-BENZ,E-CLASS
MCP2845007Y,210045724,Montgomery County Police,Property Damage Crash,11-11-21 14:34,Maryland (State),NEW HAMPSHIRE AVE,RAMP 4 FR MD 650 NB TO IS 495 EB,SAME DIRECTION SIDESWIPE,CLEAR,DRY,DAYLIGHT,NO CONTROLS,UNKNOWN,Yes,NO APPARENT INJURY,UNKNOWN,,PASSENGER CAR,40,2014,FORD,MUSTANG
MCP285900GL,240021463,MONTGOMERY,Property Damage Crash,05-07-24 12:20,,,,"Sideswipe, Opposite Direction",Clear,,Daylight,,"Not Suspect of Alcohol Use, Not Suspect of Drug Use",Yes,No Apparent Injury,Not Distracted,MD,Single-Unit Truck,0,2014,SPARTAN,UNKNOWN
MCP2805004H,210045725,Montgomery County Police,Property Damage Crash,11-11-21 13:56,Maryland (State),QUINCE ORCHARD RD,SPUR TO MD 355,SAME DIRECTION RIGHT TURN,CLEAR,DRY,DAYLIGHT,TRAFFIC SIGNAL,UNKNOWN,Yes,NO APPARENT INJURY,UNKNOWN,MD,PASSENGER CAR,35,2015,TOYOTA,PRIUS
MCP3173000N,190030404,Montgomery County Police,Property Damage Crash,06/25/2019 09:38:00 PM,County,MIDLAND RD,NEW HAMPSHIRE AVE,SAME DIRECTION SIDESWIPE,CLEAR,DRY,DARK -- UNKNOWN LIGHTING,TRAFFIC SIGNAL,NONE DETECTED,No,NO APPARENT INJURY,NOT DISTRACTED,MD,PASSENGER CAR,40,2009,TOYT,COROLLA
MCP30860060,210043641,Montgomery County Police,Property Damage Crash,10/29/2021 08:59:00 AM,County,MIDCOUNTY HWY,WASHINGTON GROVE LA,ANGLE MEETS LEFT TURN,RAINING,WET,DAYLIGHT,TRAFFIC SIGNAL,NONE DETECTED,Yes,NO APPARENT INJURY,LOOKED BUT DID NOT SEE,MD,PICKUP TRUCK,45,2007,CHEVROLET,SILVERADO
MCP32270035,210052081,Montgomery County Police,Property Damage Crash,12/21/2021 06:06:00 PM,Maryland (State),NEW HAMPSHIRE AVE,ADELPHI RD,SAME DIR REAR END,RAINING,WET,DARK LIGHTS ON,TRAFFIC SIGNAL,NONE DETECTED,Yes,NO APPARENT INJURY,UNKNOWN,MD,PASSENGER CAR,30,2016,VOLKSWAGON,GOLF
MCP3164006K,230005202,Montgomery County Police,Property Damage Crash,02-01-23 9:00,,,,SAME DIRECTION SIDESWIPE,CLEAR,,DAYLIGHT,NO CONTROLS,NONE DETECTED,Unknown,NO APPARENT INJURY,NOT DISTRACTED,MD,SCHOOL BUS,15,2013,THOM,BUS
MCP32620005,200024153,Montgomery County Police,Property Damage Crash,06/20/2020 01:21:00 PM,,GEORGIA AVENUE,13TH STREET,SAME DIRECTION LEFT TURN,CLOUDY,DRY,DAYLIGHT,NO CONTROLS,UNKNOWN,Yes,NO APPARENT INJURY,UNKNOWN,,,35,0,UNKNOWN,UNKNOWN
MCP2658000Z,15043232,MONTGOMERY,Property Damage Crash,08/28/2015 03:57:00 PM,Maryland (State),SPENCERVILLE RD,ENT TO BUSINESS,SAME DIR REAR END,CLEAR,DRY,DAYLIGHT,TRAFFIC SIGNAL,NONE DETECTED,No,NO APPARENT INJURY,NOT DISTRACTED,MD,PASSENGER CAR,35,2004,HONDA,CIVIC
MCP2978000W,16001783,Montgomery County Police,Property Damage Crash,01-10-16 15:26,County,DARNESTOWN RD,KEY WEST AVE,SAME DIR REAR END,CLEAR,WET,DARK LIGHTS ON,,NONE DETECTED,Yes,NO APPARENT INJURY,INATTENTIVE OR LOST IN THOUGHT,MD,PASSENGER CAR,40,2008,TOYOTA,COROLLA
EJ7873001G,190034770,Gaithersburg Police Depar,Property Damage Crash,07/22/2019 10:17:00 AM,Municipality,N SUMMIT AVE,BROOKS AVE,STRAIGHT MOVEMENT ANGLE,CLEAR,,DAYLIGHT,NO CONTROLS,NONE DETECTED,Yes,NO APPARENT INJURY,LOOKED BUT DID NOT SEE,MD,PASSENGER CAR,25,2014,TOYOTA,COROLLA
MCP2507000Y,15053624,MONTGOMERY,Property Damage Crash,10/22/2015 03:05:00 PM,County,TANLEY RD,NEW HAMPSHIRE AVE,STRAIGHT MOVEMENT ANGLE,CLEAR,DRY,DAYLIGHT,STOP SIGN,,No,NO APPARENT INJURY,NOT DISTRACTED,MD,PASSENGER CAR,40,2010,HOND,4S
MCP23480024,16059055,Montgomery County Police,Property Damage Crash,11/16/2016 04:11:00 PM,Maryland (State),GEORGIA AVE,WINDHAM LA,SAME DIRECTION SIDESWIPE,CLEAR,WET,DAYLIGHT,TRAFFIC SIGNAL,NONE DETECTED,Yes,NO APPARENT INJURY,NOT DISTRACTED,MA,PASSENGER CAR,35,1999,HOND,CIVIC