Report Number,Local Case Number,Agency Name,ACRS Report Type,Crash Date/Time,Route Type,Road Name,Cross-Street Name,Collision Type,Weather,Surface Condition,Light,Traffic Control,Driver Substance Abuse,Driver At Fault,Injury Severity,Driver Distracted By,Drivers License State,Vehicle Body Type,Speed Limit,Vehicle Year,Vehicle Make,Vehicle Model
MCP2723007Z,230064240,Montgomery County Police,Property Damage Crash,11-03-23 16:50,,,,STRAIGHT MOVEMENT ANGLE,,,DAYLIGHT,NO CONTROLS,UNKNOWN,Yes,NO APPARENT INJURY,UNKNOWN,XX,PASSENGER CAR,30,2017,HONDA,CRV
EJ7853001R,16012809,Gaithersburg Police Depar,Property Damage Crash,03/15/2016 05:25:00 PM,Maryland (State),W DIAMOND AVE,RAMP 6 FR MD 117 EB TO IS 270 SB,SAME DIR REAR END,CLEAR,DRY,DAYLIGHT,NO CONTROLS,NONE DETECTED,No,NO APPARENT INJURY,NOT DISTRACTED,MD,PASSENGER CAR,35,2007,FORD,FOCUS
MCP1433000H,15066150,MONTGOMERY,Property Damage Crash,12/25/2015 04:25:00 PM,County,CRABBS BRANCH WAY,INDIAN HILLS DR,OPPOSITE DIRECTION SIDESWIPE,RAINING,WATER(STANDING/MOVING),DAYLIGHT,NO CONTROLS,NONE DETECTED,No,NO APPARENT INJURY,NOT DISTRACTED,MD,(SPORT) UTILITY VEHICLE,35,2008,MERCURY,MOUNTAINEER
DD55980002,15044142,ROCKVILLE,Property Damage Crash,09-02-15 13:53,Maryland (State),VEIRS MILL RD,TWINBROOK PKWY,SAME DIRECTION SIDESWIPE,CLEAR,DRY,DAYLIGHT,NO CONTROLS,,No,NO APPARENT INJURY,NOT DISTRACTED,MD,(SPORT) UTILITY VEHICLE,35,2008,BUICK,ENCLAVE
MCP3068005F,240018380,MONTGOMERY,Property Damage Crash,04/19/2024 08:20:00 PM,County Route,BETHESDA AVE,,Front to Rear,Clear,Dry,Dark - Lighted,Traffic Control Signal,"Unknown, Unknown",No,,,,,25,0,,
DD55080036,17005720,Rockville Police Departme,Property Damage Crash,02-02-17 7:30,Municipality,CORAL SEA AVE,ARDENNES AVE,SAME DIRECTION SIDESWIPE,CLEAR,DRY,DAYLIGHT,NO CONTROLS,NONE DETECTED,Yes,NO APPARENT INJURY,OTHER DISTRACTION,MD,OTHER,25,2014,MACK,TK
MCP2948006R,240009128,MONTGOMERY,Property Damage Crash,02/24/2024 05:31:00 PM,County Route,RANDOLPH RD,,Front to Rear,Cloudy,Dry,Daylight,Traffic Control Signal,"Not Suspect of Alcohol Use, Not Suspect of Drug Use",No,No Apparent Injury,Not Distracted,FL,Passenger Car,35,2011,LEXUS,UNKNOWN
MCP2588000V,15024784,Montgomery County Police,Property Damage Crash,05/23/2015 09:49:00 AM,Maryland (State),GEORGIA AVE,ENT TO BUSINESS,STRAIGHT MOVEMENT ANGLE,CLEAR,DRY,DAYLIGHT,NO CONTROLS,NONE DETECTED,No,NO APPARENT INJURY,NOT DISTRACTED,MD,PASSENGER CAR,45,1995,HONDA,4DR
MCP26710012,16023045,Montgomery County Police,Property Damage Crash,05-09-16 17:20,Maryland (State),GEORGIA AVE,COLESVILLE RD,SAME DIR REND RIGHT TURN,CLEAR,WET,DAYLIGHT,TRAFFIC SIGNAL,NONE DETECTED,No,NO APPARENT INJURY,NOT DISTRACTED,MD,SCHOOL BUS,35,2006,NEW FLYER,TBU
MCP3184000Q,190027462,Montgomery County Police,Property Damage Crash,06-08-19 20:10,,,,OTHER,CLEAR,,DAYLIGHT,,,No,NO APPARENT INJURY,NOT DISTRACTED,MD,PASSENGER CAR,0,2015,NISSAN,ROGUE
MCP2968003J,200029422,Montgomery County Police,Injury Crash,07/29/2020 11:22:00 AM,County,SHADY GROVE RD,DARNESTOWN RD,SAME DIR REAR END,CLEAR,DRY,DAYLIGHT,TRAFFIC SIGNAL,,Yes,NO APPARENT INJURY,LOOKED BUT DID NOT SEE,MD,PASSENGER CAR,40,2020,TOYT,UT
MCP2116002X,15056329,MONTGOMERY,Property Damage Crash,11-05-15 8:31,,,,SINGLE VEHICLE,RAINING,,DAYLIGHT,NO CONTROLS,NONE DETECTED,Yes,NO APPARENT INJURY,NOT DISTRACTED,MD,PASSENGER CAR,25,2007,NISSAN,4S
MCP3068001R,180053301,Montgomery County Police,Property Damage Crash,10/24/2018 02:58:00 PM,Municipality,S PARK AVE,FRIENDSHIP BLVD,SAME DIRECTION SIDESWIPE,CLEAR,DRY,DAYLIGHT,STOP SIGN,,No,NO APPARENT INJURY,NOT DISTRACTED,MD,PASSENGER CAR,25,2007,TOYT,CAMRY
MCP32350024,230030174,Montgomery County Police,Property Damage Crash,06/24/2023 02:10:00 AM,County,CHERRY HILL RD,CALVERTON BLVD,STRAIGHT MOVEMENT ANGLE,CLEAR,DRY,DARK LIGHTS ON,FLASHING TRAFFIC SIGNAL,NONE DETECTED,Yes,NO APPARENT INJURY,LOOKED BUT DID NOT SEE,MD,PASSENGER CAR,35,2020,TOYOTA,SIENNA
DM8479001V,230007742,Takoma Park Police Depart,Property Damage Crash,02/15/2023 04:17:00 PM,Maryland (State),PINEY BRANCH RD,RAY DR,SAME DIR REAR END,CLEAR,DRY,DAYLIGHT,TRAFFIC SIGNAL,NONE DETECTED,Yes,NO APPARENT INJURY,UNKNOWN,MD,PASSENGER CAR,25,2020,HYUNDAI,TUCSON
MCP2639006Y,190023786,Montgomery County Police,Injury Crash,05/20/2019 06:52:00 AM,Maryland (State),LAYHILL RD,HATHAWAY DR,STRAIGHT MOVEMENT ANGLE,CLEAR,DRY,DAYLIGHT,STOP SIGN,NONE DETECTED,Yes,NO APPARENT INJURY,LOOKED BUT DID NOT SEE,DC,PASSENGER CAR,25,2015,DODGE,CHARGER
MCP31140012,190005400,Montgomery County Police,Injury Crash,02-03-19 19:11,County,GREENCASTLE RD,PRINCE GEORGES CO/L,HEAD ON,CLEAR,DRY,DARK LIGHTS ON,NO CONTROLS,,Yes,NO APPARENT INJURY,LOOKED BUT DID NOT SEE,MD,PASSENGER CAR,30,2017,SUBARU,4DR
EJ78550016,16037339,Gaithersburg Police Depar,Property Damage Crash,07/29/2016 04:04:00 PM,,,,SAME DIR REAR END,CLEAR,,DAYLIGHT,NO CONTROLS,NONE DETECTED,Yes,NO APPARENT INJURY,NOT DISTRACTED,MD,VAN,15,2010,CHEVY,CARGO VAN
MCP27080070,210026674,Montgomery County Police,Injury Crash,07-11-21 15:15,Maryland (State),PINEY BRANCH RD,GARLAND AVE,SAME DIR REAR END,CLEAR,DRY,DAYLIGHT,NO CONTROLS,NONE DETECTED,No,NO APPARENT INJURY,NOT DISTRACTED,MD,PASSENGER CAR,30,2016,TOYOTA,RAV4
MCP32300031,220025493,Montgomery County Police,Property Damage Crash,06/13/2022 10:38:00 PM,County,RANDOLPH RD,GLENMONT CIR #1,STRAIGHT MOVEMENT ANGLE,CLEAR,DRY,DARK LIGHTS ON,TRAFFIC SIGNAL,NONE DETECTED,Yes,NO APPARENT INJURY,NOT DISTRACTED,MD,PASSENGER CAR,35,2016,FORD,4S
MCP12210010,15014723,Montgomery County Police,Injury Crash,03/31/2015 08:47:00 AM,Maryland (State),GREAT SENECA HWY,QUINCE ORCHARD RD,SAME DIR REAR END,CLEAR,DRY,DAYLIGHT,TRAFFIC SIGNAL,NONE DETECTED,No,POSSIBLE INJURY,NOT DISTRACTED,MD,PASSENGER CAR,50,1998,MERCURY,GRAND MARQUIS
MCP29320027,180037737,Montgomery County Police,Property Damage Crash,07/27/2018 07:18:00 PM,,,,SINGLE VEHICLE,CLEAR,,DAYLIGHT,,NONE DETECTED,Yes,NO APPARENT INJURY,UNKNOWN,MD,"CARGO VAN/LIGHT TRUCK 2 AXLES (OVER 10,000LBS (4,536 KG))",5,2014,GMC,TG33
MCP27600021,180043739,Montgomery County Police,Property Damage Crash,09-01-18 23:26,Maryland (State),MONTGOMERY VILLAGE AVE,CHRISTOPHER AVE,HEAD ON LEFT TURN,RAINING,WET,DARK LIGHTS ON,TRAFFIC SIGNAL,,Unknown,NO APPARENT INJURY,NOT DISTRACTED,MD,PASSENGER CAR,35,2009,AUDI,4S
EJ7839002N,170544530,Gaithersburg Police Depar,Property Damage Crash,11/23/2017 03:00:00 PM,Municipality,TEACHERS WAY,GIRARD ST,SINGLE VEHICLE,CLEAR,DRY,DAYLIGHT,,UNKNOWN,Yes,NO APPARENT INJURY,NO DRIVER PRESENT,MD,,10,0,UNKNOWN,UNKNOWN
MCP2198005Z,190041748,Montgomery County Police,Injury Crash,08/31/2019 05:14:00 PM,County,SHADY GROVE RD,OAKMONT AVE,HEAD ON LEFT TURN,CLEAR,DRY,DAYLIGHT,TRAFFIC SIGNAL,,Yes,NO APPARENT INJURY,UNKNOWN,MD,PASSENGER CAR,40,2015,NISSAN,PATHFINDER
MCP285900BK,220001357,Montgomery County Police,Property Damage Crash,01-12-22 9:30,County,BRIARDALE RD,BRIARDALE TERR,SAME DIRECTION SIDESWIPE,CLEAR,DRY,DAYLIGHT,NO CONTROLS,NONE DETECTED,Yes,NO APPARENT INJURY,UNKNOWN,MD,PASSENGER CAR,25,2017,BMW,4D
MCP2944000K,15028419,Montgomery County Police,Injury Crash,06-11-15 16:50,,,,SINGLE VEHICLE,CLEAR,,DARK NO LIGHTS,NO CONTROLS,NONE DETECTED,Unknown,NO APPARENT INJURY,NOT DISTRACTED,MD,PASSENGER CAR,5,2012,HONDA,ACCORD
MCP2975002J,180052826,Montgomery County Police,Injury Crash,10/22/2018 04:54:00 AM,Maryland (State),GEORGIA AVE,BEL PRE RD,SAME DIR REAR END,CLEAR,DRY,DARK LIGHTS ON,TRAFFIC SIGNAL,ALCOHOL PRESENT,Yes,NO APPARENT INJURY,INATTENTIVE OR LOST IN THOUGHT,MD,PASSENGER CAR,45,2011,NISSAN,MAXIMA
DM84760035,220002792,Takoma Park Police Depart,Property Damage Crash,01/22/2022 08:15:00 AM,Maryland (State),CARROLL AVE,FLOWER AVE,SAME DIR REAR END,CLEAR,ICE,DAYLIGHT,TRAFFIC SIGNAL,UNKNOWN,Yes,NO APPARENT INJURY,UNKNOWN,,PASSENGER CAR,30,2008,HONDA,CIVIC
EJ7899000W,230051567,Gaithersburg Police Depar,Injury Crash,08/26/2023 10:58:00 PM,Maryland (State),QUINCE ORCHARD RD,QUINCE ORCHARD BLVD,SAME DIR REND RIGHT TURN,CLEAR,DRY,DARK LIGHTS ON,TRAFFIC SIGNAL,,Yes,NO APPARENT INJURY,NOT DISTRACTED,MD,PASSENGER CAR,35,2011,VOLKSWAGEN,GTI
MCP28230026,16057818,Montgomery County Police,Injury Crash,11-09-16 15:23,,,,HEAD ON,RAINING,,DAYLIGHT,,NONE DETECTED,No,NO APPARENT INJURY,NOT DISTRACTED,MD,PICKUP TRUCK,15,1999,FORD,TK
DD5529000P,15020576,Rockville Police Departme,Injury Crash,05-01-15 12:46,Maryland (State),FALLS RD,DUNSTER RD,SAME DIR REAR END,CLEAR,DRY,DARK LIGHTS ON,TRAFFIC SIGNAL,NONE DETECTED,Yes,NO APPARENT INJURY,INATTENTIVE OR LOST IN THOUGHT,MD,PASSENGER CAR,30,2005,HONDA,ACCORD
MCP2231007W,240024589,MONTGOMERY,Injury Crash,05/24/2024 11:54:00 AM,Maryland (State) Route,,PHEASANT RUN DR W WATKINS MILL RD,Single Vehicle,Cloudy,Dry,Daylight,Pedestrian Crossing,"Not Suspect of Alcohol Use, Not Suspect of Drug Use",No,No Apparent Injury,Not Distracted,MD,Passenger Car,35,2001,LEXUS,ES
DD5605005M,180040768,Rockville Police Departme,Property Damage Crash,08/16/2018 01:30:00 PM,,,,OTHER,CLEAR,,DAYLIGHT,NO CONTROLS,NONE DETECTED,Unknown,NO APPARENT INJURY,INATTENTIVE OR LOST IN THOUGHT,MD,PASSENGER CAR,15,2018,FORD,4S
MCP243600CY,210027863,Montgomery County Police,Property Damage Crash,07/19/2021 11:00:00 AM,Maryland (State),NEW HAMPSHIRE AVE,OAKVIEW DR,SAME DIRECTION SIDESWIPE,CLEAR,DRY,DAYLIGHT,NO CONTROLS,NONE DETECTED,No,NO APPARENT INJURY,NOT DISTRACTED,MD,VAN,40,2013,TOYOTA,SIENNA
MCP1580004L,15056140,MONTGOMERY,Property Damage Crash,11-04-15 9:07,County,IVY OAK CT,IVY OAK TERR,OTHER,CLEAR,DRY,DAYLIGHT,NO CONTROLS,NONE DETECTED,Yes,NO APPARENT INJURY,UNKNOWN,MD,SCHOOL BUS,25,2008,THOM,SCH BUS
MCP20130009,15010607,Montgomery County Police,Injury Crash,03-07-15 16:33,,,,OTHER,CLEAR,,DAYLIGHT,NO CONTROLS,NONE DETECTED,No,POSSIBLE INJURY,NOT DISTRACTED,MD,PASSENGER CAR,10,2012,KIA,SOUL
MCP27140011,190012238,Montgomery County Police,Property Damage Crash,03/16/2019 08:12:00 PM,County,ATHERTON DR,CONNECTICUT AVE,HEAD ON LEFT TURN,CLEAR,DRY,DARK LIGHTS ON,NO CONTROLS,,Yes,NO APPARENT INJURY,NOT DISTRACTED,MD,PASSENGER CAR,45,2008,TOY,4S
MCP2370002Y,170505507,Montgomery County Police,Injury Crash,05-02-17 17:41,County,BROADBIRCH DR,BOURNEFIELD WAY,SAME DIR REAR END,CLEAR,DRY,DAYLIGHT,NO CONTROLS,NONE DETECTED,Yes,NO APPARENT INJURY,NOT DISTRACTED,DC,ALL TERRAIN VEHICLE (ATV),30,1999,FORD,UTILMASTER
MCP2844004B,200030690,Montgomery County Police,Injury Crash,08-07-20 15:35,County,VEIRS MILL RD,MONTERREY DR,SAME DIR REAR END,CLEAR,DRY,DAYLIGHT,NO CONTROLS,NONE DETECTED,No,POSSIBLE INJURY,NOT DISTRACTED,MD,PASSENGER CAR,35,2016,TOYOTA,CAMRY
MCP2940004R,200019384,Montgomery County Police,Injury Crash,05/14/2020 08:36:00 AM,Maryland (State),RIVER RD,CONGRESSIONAL PKWY,HEAD ON,CLEAR,DRY,DAYLIGHT,NO CONTROLS,,No,NO APPARENT INJURY,NOT DISTRACTED,VA,VAN,40,2011,FORD,VN
DD5652000L,220016634,Rockville Police Departme,Property Damage Crash,04/19/2022 04:35:00 PM,Maryland (State),HUNGERFORD DR,FREDERICK AVE #2,HEAD ON LEFT TURN,CLEAR,DRY,DAYLIGHT,TRAFFIC SIGNAL,NONE DETECTED,No,NO APPARENT INJURY,NOT DISTRACTED,MD,PASSENGER CAR,35,2016,BUIC,4S
EJ79060009,240002543,GAITHERSBURG,Property Damage Crash,01/16/2024 04:40:00 PM,Municipality Route,FIRSTFIELD RD (EB/L),,Front to Front,Clear,Wet,Daylight,No Controls,"Not Suspect of Alcohol Use, Not Suspect of Drug Use",No,No Apparent Injury,Not Distracted,MD,Passenger Car,5,2023,KIA,SOUL
MCP3200005X,220025088,Montgomery County Police,Property Damage Crash,06-11-22 12:24,Maryland (State),ROCKVILLE PIKE,TUCKERMAN LA,OTHER,CLOUDY,WET,DAYLIGHT,TRAFFIC SIGNAL,NONE DETECTED,Yes,NO APPARENT INJURY,UNKNOWN,MD,PASSENGER CAR,35,2011,NISSAN,4S
MCP23860024,220053782,Montgomery County Police,Injury Crash,12-05-22 21:00,,,,STRAIGHT MOVEMENT ANGLE,CLEAR,,DARK LIGHTS ON,STOP SIGN,NONE DETECTED,Yes,NO APPARENT INJURY,UNKNOWN,MD,PASSENGER CAR,0,2021,TOYOTA,CAMRY
MCP3214002Y,240031326,MONTGOMERY,Property Damage Crash,08/31/2024 08:20:00 PM,Maryland (State) Route,GERMANTOWN RD (SB/L),,Front to Rear,Rain,Wet,Dark - Lighted,No Controls,"Not Suspect of Alcohol Use, Not Suspect of Drug Use",Yes,No Apparent Injury,Not Distracted,,Passenger Car,40,2018,HYUNDAI,ELANTRA
MCP32010056,230071016,Montgomery County Police,Injury Crash,12-11-23 6:30,County,RIDGE RD,OBSERVATION DR,SAME DIR REAR END,CLOUDY,WET,DARK LIGHTS ON,TRAFFIC SIGNAL,NONE DETECTED,Yes,SUSPECTED MINOR INJURY,LOOKED BUT DID NOT SEE,MD,PASSENGER CAR,40,2017,HYUN,4S
MCP2244002F,180038590,Montgomery County Police,Property Damage Crash,08-03-18 21:00,County,BEL PRE RD,CONNECTICUT AVE,SAME DIR REAR END,RAINING,WET,DARK LIGHTS ON,TRAFFIC SIGNAL,ALCOHOL PRESENT,Yes,NO APPARENT INJURY,NOT DISTRACTED,MD,PASSENGER CAR,35,2000,CHEVROLET,EXPRESS
MCP2637000S,15039991,MONTGOMERY,Injury Crash,08-11-15 13:30,Maryland (State),NORBECK RD,BALTIMORE RD,SAME DIR REAR END,CLEAR,DRY,DAYLIGHT,,NONE DETECTED,No,NO APPARENT INJURY,NOT DISTRACTED,MD,PASSENGER CAR,35,2012,HONDA,ACCORD
MCP3213002C,250016969,MONTGOMERY,Property Damage Crash,04/19/2025 03:15:00 AM,US (State),COLESVILLE RD,,Single Vehicle,Clear,Dry,Unknown,No Controls,"Suspect of Alcohol Use, Not Suspect of Drug Use",Yes,No Apparent Injury,Unknown,MD,Sport Utility Vehicle,35,2021,VOLKSWAGEN,TIGUAN
MCP30510023,180046481,Montgomery County Police,Property Damage Crash,09/17/2018 03:55:00 PM,,,,STRAIGHT MOVEMENT ANGLE,RAINING,,DAYLIGHT,OTHER,NONE DETECTED,Yes,NO APPARENT INJURY,UNKNOWN,MD,PASSENGER CAR,0,2015,AUDI,A4
MCP1438004R,170519697,Montgomery County Police,Property Damage Crash,07/18/2017 07:58:00 AM,Maryland (State),FREDERICK RD,CHESTNUT ST,OTHER,CLEAR,DRY,DAYLIGHT,TRAFFIC SIGNAL,NONE DETECTED,Yes,NO APPARENT INJURY,LOOKED BUT DID NOT SEE,MD,SCHOOL BUS,40,2015,FRHT,BU
MCP2270004W,250025351,MONTGOMERY,Property Damage Crash,06-07-25 11:00,Maryland (State) Route,BRADLEY BLVD,,Rear To Side,Rain,Wet,Daylight,No Controls,"Not Suspect of Alcohol Use, Not Suspect of Drug Use",Yes,No Apparent Injury,"Other Action (looking away from task, etc.)",MD,Passenger Car,35,2018,AUDI,A3
MCP28590097,200031963,Montgomery County Police,Property Damage Crash,08/16/2020 02:21:00 PM,County,SAM EIG HWY,DIAMONDBACK DR,HEAD ON,CLEAR,DRY,DAYLIGHT,NO CONTROLS,UNKNOWN,Yes,NO APPARENT INJURY,UNKNOWN,,MOTORCYCLE,25,2010,YAMAHA,R1
MCP15190043,220038068,Montgomery County Police,Injury Crash,09-02-22 13:44,Maryland (State),GERMANTOWN RD,DAWSON FARM RD,SAME DIR REAR END,CLEAR,DRY,DAYLIGHT,TRAFFIC SIGNAL,NONE DETECTED,No,SUSPECTED MINOR INJURY,NOT DISTRACTED,MD,PASSENGER CAR,40,2016,FORD,MUSTANG
MCP2975000M,15042985,MONTGOMERY,Injury Crash,08/27/2015 11:04:00 AM,Maryland (State),OLNEY LAYTONSVILLE RD,HERITAGE HILLS DR,ANGLE MEETS LEFT TURN,CLEAR,DRY,DAYLIGHT,STOP SIGN,NONE DETECTED,Yes,NO APPARENT INJURY,LOOKED BUT DID NOT SEE,MD,(SPORT) UTILITY VEHICLE,40,2006,CHRYSLER,TOWN & COUNTRY
MCP3335002B,230058043,Montgomery County Police,Injury Crash,10-02-23 12:00,County,HILLWOOD DR,COLUMBIA PIKE,OTHER,CLEAR,DRY,DAYLIGHT,STOP SIGN,NONE DETECTED,Yes,NO APPARENT INJURY,LOOKED BUT DID NOT SEE,MD,PASSENGER CAR,5,2009,ACUR,TK
MCP1554001M,16055171,Montgomery County Police,Injury Crash,10/26/2016 06:22:00 PM,County,MUDDY BRANCH RD,FORREST LANDING WAY,HEAD ON LEFT TURN,CLEAR,DRY,DARK LIGHTS ON,NO CONTROLS,NONE DETECTED,Yes,SUSPECTED MINOR INJURY,NOT DISTRACTED,MD,PASSENGER CAR,35,2015,BMW,320I  4DR
MCP32750032,250032017,MONTGOMERY,Injury Crash,07/17/2025 11:24:00 PM,Private Route,,,Single Vehicle,Clear,Dry,Dark - Lighted,No Controls,"Not Suspect of Alcohol Use, Not Suspect of Drug Use",No,No Apparent Injury,Unknown,MD,Passenger Car,25,2017,NISSAN,ROGUE
MCP9113006Y,210000385,Montgomery County Police,Property Damage Crash,01-04-21 12:49,,,,SAME DIRECTION SIDESWIPE,CLOUDY,,DAYLIGHT,NO CONTROLS,UNKNOWN,Yes,NO APPARENT INJURY,NOT DISTRACTED,MD,PASSENGER CAR,0,2012,TOYOTA,RAV4
MCP0036005X,17011241,Montgomery County Police,Property Damage Crash,03-03-17 6:00,Maryland (State),CLARKSBURG RD,STRUC #15038,HEAD ON,WINTRY MIX,ICE,DAWN,NO CONTROLS,NONE DETECTED,No,NO APPARENT INJURY,NOT DISTRACTED,MD,PASSENGER CAR,35,2014,FORD,MUSTANG
MCP3090000F,180013744,Montgomery County Police,Injury Crash,03/19/2018 06:40:00 PM,Maryland (State),S FREDERICK RD,EDUCATION BLVD,STRAIGHT MOVEMENT ANGLE,CLEAR,DRY,DAYLIGHT,TRAFFIC SIGNAL,,Yes,NO APPARENT INJURY,UNKNOWN,MD,PICKUP TRUCK,35,2000,FORD,TK
DD55080034,17004303,Rockville Police Departme,Injury Crash,01/25/2017 10:29:00 AM,Maryland (State),W JEFFERSON ST,W MONTGOMERY AVE,SAME DIRECTION LEFT TURN,CLEAR,DRY,DAYLIGHT,,NONE DETECTED,Yes,NO APPARENT INJURY,UNKNOWN,MD,PASSENGER CAR,30,2016,NISSAN,SENTRA
DM8423000M,15051275,TAKOMA,Injury Crash,10-09-15 16:15,Maryland (State),PHILADELPHIA AVE,TAKOMA AVE,OTHER,CLEAR,DRY,DAYLIGHT,NO CONTROLS,NONE DETECTED,Yes,NO APPARENT INJURY,NOT DISTRACTED,MD,PASSENGER CAR,25,2014,HYUNDAI,VELOSTER
MCP3173002L,220016073,Montgomery County Police,Property Damage Crash,04/15/2022 08:45:00 PM,Maryland (State),CONNECTICUT AVE,RANDOLPH RD,STRAIGHT MOVEMENT ANGLE,,DRY,DARK LIGHTS ON,TRAFFIC SIGNAL,NONE DETECTED,Yes,NO APPARENT INJURY,LOOKED BUT DID NOT SEE,MD,PASSENGER CAR,35,2021,DODG,CHALL
MCP2938000V,16032098,Montgomery County Police,Injury Crash,06/24/2016 11:44:00 PM,Maryland (State),ROCKVILLE PIKE,JONES BRIDGE RD,SAME DIR REAR END,CLEAR,DRY,DARK LIGHTS ON,TRAFFIC SIGNAL,NONE DETECTED,No,SUSPECTED MINOR INJURY,NOT DISTRACTED,MD,PASSENGER CAR,35,2009,HONDA,CIVIC
MCP3121004Q,220011162,Montgomery County Police,Property Damage Crash,03/15/2022 03:32:00 PM,County,WATKINS MILL RD,APPLE RIDGE RD,SAME DIR REAR END,CLEAR,DRY,DAYLIGHT,OTHER,NONE DETECTED,Yes,NO APPARENT INJURY,NOT DISTRACTED,MD,(SPORT) UTILITY VEHICLE,35,2006,HYUN,TUCSON
MCP2991007N,230003019,Montgomery County Police,Property Damage Crash,01/19/2023 09:30:00 AM,County,GOOD HOPE RD,TWIG RD,STRAIGHT MOVEMENT ANGLE,RAINING,WET,DAYLIGHT,STOP SIGN,NONE DETECTED,Unknown,NO APPARENT INJURY,NOT DISTRACTED,PA,PASSENGER CAR,15,2020,CHEVROLET,COLORADO
MCP28460027,16041098,Montgomery County Police,Injury Crash,08/13/2016 02:45:00 PM,Maryland (State),CONNECTICUT AVE,VEIRS MILL RD,SAME DIR REAR END,CLEAR,DRY,DAYLIGHT,YIELD SIGN,NONE DETECTED,Yes,NO APPARENT INJURY,LOOKED BUT DID NOT SEE,MD,PASSENGER CAR,40,2006,NISS,4D
MCP3402002S,250007964,MONTGOMERY,Property Damage Crash,02/23/2025 09:31:00 AM,Maryland (State) Route,,,Angle,Clear,Dry,Daylight,No Controls,"Not Suspect of Alcohol Use, Not Suspect of Drug Use",No,No Apparent Injury,Not Distracted,MD,Passenger Car,35,2024,TESLA,UNKNOWN
MCP29670072,250034164,MONTGOMERY,Property Damage Crash,07/31/2025 06:45:00 PM,County Route,SEVEN LOCKS RD,,"Sideswipe, Same Direction",Rain,Wet,Daylight,No Controls,"Not Suspect of Alcohol Use, Not Suspect of Drug Use",Yes,No Apparent Injury,Unknown,MD,Sport Utility Vehicle,35,2018,LAND ROVER,RANGE ROVER SPORT
MCP9379004V,230030864,Montgomery County Police,Property Damage Crash,06/28/2023 08:40:00 AM,Maryland (State),FREDERICK RD,SHADY GROVE RD,SAME DIR REAR END,CLEAR,DRY,DAYLIGHT,TRAFFIC SIGNAL,NONE DETECTED,No,NO APPARENT INJURY,NOT DISTRACTED,MD,PASSENGER CAR,40,2010,CHEV,TRAVERSE
DD56100011,15030138,Rockville Police Departme,Injury Crash,06/20/2015 01:38:00 PM,Maryland (State),FIRST ST,GRANDIN AVE,SAME DIR REAR END,CLEAR,DRY,DAYLIGHT,NO CONTROLS,,Yes,SUSPECTED MINOR INJURY,UNKNOWN,MD,PASSENGER CAR,35,2014,VOLKSWAGON,JETTA
MCP2973001W,16034909,Montgomery County Police,Property Damage Crash,07-10-16 10:39,Maryland (State),NORBECK RD,BALTIMORE RD,SAME DIR REAR END,CLEAR,DRY,DAYLIGHT,NO CONTROLS,NONE DETECTED,No,NO APPARENT INJURY,NOT DISTRACTED,MD,PASSENGER CAR,45,2000,NISSAN,VAN
MCP27070010,170508903,Montgomery County Police,Property Damage Crash,05/20/2017 05:17:00 PM,County,STEDWICK RD,MILLS CHOICE RD,SAME DIRECTION SIDESWIPE,CLEAR,DRY,DAYLIGHT,NO CONTROLS,NONE DETECTED,No,NO APPARENT INJURY,NOT DISTRACTED,PA,AMBULANCE/EMERGENCY,25,2016,FRHT,AM
MCP27170106,250027057,MONTGOMERY,Property Damage Crash,07-08-25 17:00,County Route,ELLSWORTH DR,,Other,Clear,Dry,Daylight,No Controls,"Not Suspect of Alcohol Use, Not Suspect of Drug Use",No,No Apparent Injury,Not Distracted,MA,Passenger Car,25,2008,ACURA,RL
MCP2198001R,16022107,Montgomery County Police,Injury Crash,05-04-16 19:57,Maryland (State),S FREDERICK RD,CENTRAL AVE,SAME DIRECTION SIDESWIPE,CLEAR,DRY,DAYLIGHT,STOP SIGN,,Yes,NO APPARENT INJURY,NOT DISTRACTED,MD,PASSENGER CAR,35,2004,DODG,TK
MCP20160062,220010715,Montgomery County Police,Injury Crash,03-12-22 14:33,,,,SINGLE VEHICLE,SNOW,,DAYLIGHT,NO CONTROLS,NONE DETECTED,Yes,SUSPECTED MINOR INJURY,NOT DISTRACTED,MD,PASSENGER CAR,20,2005,SAAB,SED
MCP28710042,17008289,Montgomery County Police,Property Damage Crash,02/15/2017 04:30:00 PM,County,MAYFIELD DR,LONE OAK DR,OTHER,CLEAR,DRY,DAYLIGHT,NO CONTROLS,UNKNOWN,Yes,NO APPARENT INJURY,NOT DISTRACTED,MD,PASSENGER CAR,25,2013,KIA,4S
MCP3064002K,190049391,Montgomery County Police,Property Damage Crash,10/15/2019 06:10:00 AM,Maryland (State),UNIVERSITY BLVD W,GABEL ST,SAME DIR BOTH LEFT TURN,CLEAR,DRY,DUSK,TRAFFIC SIGNAL,NONE DETECTED,Yes,NO APPARENT INJURY,UNKNOWN,MD,PASSENGER CAR,45,2018,TOYOTA,CAMRY
MCP29740014,16041173,Montgomery County Police,Property Damage Crash,08/14/2016 01:09:00 AM,US (State),COLESVILLE RD,SPRING ST,STRAIGHT MOVEMENT ANGLE,CLEAR,DRY,DARK LIGHTS ON,TRAFFIC SIGNAL,ALCOHOL PRESENT,Yes,NO APPARENT INJURY,INATTENTIVE OR LOST IN THOUGHT,MD,PASSENGER CAR,35,2006,HYUNDAI,SONATA