Report Number,Local Case Number,Agency Name,ACRS Report Type,Crash Date/Time,Route Type,Road Name,Cross-Street Name,Collision Type,Weather,Surface Condition,Light,Traffic Control,Driver Substance Abuse,Driver At Fault,Injury Severity,Driver Distracted By,Drivers License State,Vehicle Body Type,Speed Limit,Vehicle Year,Vehicle Make,Vehicle Model
MCP30950022,200021925,Montgomery County Police,Injury Crash,06-03-20 16:25,Maryland (State),NEW HAMPSHIRE AVE,VALLEY BROOK DR,SAME DIRECTION RIGHT TURN,CLEAR,DRY,DAYLIGHT,,NONE DETECTED,Yes,SUSPECTED MINOR INJURY,INATTENTIVE OR LOST IN THOUGHT,MD,PASSENGER CAR,40,2016,BMW,320I
MCP29370065,250052508,MONTGOMERY,Property Damage Crash,11/22/2025 10:00:00 PM,County Route,FAIRLAND RD,COLUMBIA PIKE (SB/L),"Sideswipe, Same Direction",Clear,Dry,Dark - Lighted,Traffic Control Signal,"Unknown, Unknown",No,,,,Passenger Car,50,0,,
MCP2683003R,190026623,Montgomery County Police,Injury Crash,06-04-19 11:00,Interstate (State),EISENHOWER MEMORIAL HWY,RAMP 7 FR MD 118 WB TO IS 270 SB,SAME DIR REAR END,CLEAR,DRY,DAYLIGHT,,NONE DETECTED,No,NO APPARENT INJURY,NOT DISTRACTED,VA,PASSENGER CAR,55,2007,TOYOTA,PRIUS
MCP2192002G,180021477,Montgomery County Police,Injury Crash,05-02-18 11:39,County,KINGSHOUSE RD,MCINTOSH CT,SINGLE VEHICLE,CLEAR,DRY,DAYLIGHT,STOP SIGN,NONE DETECTED,Yes,POSSIBLE INJURY,UNKNOWN,MD,PASSENGER CAR,25,2001,CADILLAC,STS
MCP2889001S,16054489,Montgomery County Police,Property Damage Crash,10/22/2016 10:45:00 PM,County,AMHERST AVE,DENNIS AVE,OTHER,CLEAR,DRY,DARK LIGHTS ON,,NONE DETECTED,Yes,NO APPARENT INJURY,ADJUSTING AUDIO AND OR CLIMATE CONTROLS,MD,PASSENGER CAR,25,2012,JEEP,WRANGLER
HA24470002,18000407,Maryland-National Capital,Property Damage Crash,04/15/2018 01:58:00 PM,,,,STRAIGHT MOVEMENT ANGLE,RAINING,,DAYLIGHT,NO CONTROLS,NONE DETECTED,Unknown,NO APPARENT INJURY,UNKNOWN,WV,PASSENGER CAR,5,2008,CADILLAC,CTS
MCP2874001V,17001189,Montgomery County Police,Property Damage Crash,01-07-17 16:41,Maryland (State),GEORGIA AVE,WINDHAM LA,OTHER,BLOWING SNOW,WET,DAYLIGHT,TRAFFIC SIGNAL,NONE DETECTED,No,NO APPARENT INJURY,NOT DISTRACTED,DC,PASSENGER CAR,35,2014,TOYOTA,4D
MCP3026008G,220045210,Montgomery County Police,Property Damage Crash,10/15/2022 10:49:00 AM,Maryland (State),ROCKVILLE PIKE,ENT TO DEVELOPMENT,SAME DIR REAR END,CLEAR,DRY,DAYLIGHT,TRAFFIC SIGNAL,NONE DETECTED,No,NO APPARENT INJURY,NOT DISTRACTED,MD,PASSENGER CAR,35,2022,SUBA,CROSSTREK
MCP11130055,230056037,Montgomery County Police,Property Damage Crash,09/21/2023 06:55:00 AM,,,,OTHER,CLEAR,,DAWN,NO CONTROLS,NONE DETECTED,Yes,NO APPARENT INJURY,LOOKED BUT DID NOT SEE,MD,(SPORT) UTILITY VEHICLE,0,2019,HOND,UT
MCP27880030,230018057,Montgomery County Police,Property Damage Crash,04/15/2023 09:30:00 PM,Maryland (State),GEORGIA AVE,BLUERIDGE AVE,SAME DIR REAR END,CLEAR,DRY,DARK LIGHTS ON,TRAFFIC SIGNAL,UNKNOWN,Yes,NO APPARENT INJURY,UNKNOWN,,PASSENGER CAR,25,2007,HONDA,ACCORD
MCP2358008L,210025890,Montgomery County Police,Property Damage Crash,07-05-21 8:00,,,,OTHER,CLEAR,,UNKNOWN,NO CONTROLS,NONE DETECTED,Yes,NO APPARENT INJURY,UNKNOWN,,,25,0,UNKNOWN,UNKNOWN
DD5649000G,210013428,Rockville Police Departme,Property Damage Crash,04-10-21 18:08,Municipality,BOUIC AVE,ROCKVILLE PIKE,SAME DIR REAR END,,DRY,DAYLIGHT,,UNKNOWN,Yes,NO APPARENT INJURY,NOT DISTRACTED,MD,PASSENGER CAR,15,2005,HYUNDAI,ACCENT
MCP25700010,210047631,Montgomery County Police,Property Damage Crash,11/23/2021 07:00:00 AM,Maryland (State),UNIVERSITY BLVD W,WESTCHESTER DR,SAME DIRECTION SIDESWIPE,CLEAR,DRY,DAWN,,UNKNOWN,Yes,NO APPARENT INJURY,UNKNOWN,,PASSENGER CAR,35,2011,CHEVROLET,HHR
MCP29690071,190043452,Montgomery County Police,Property Damage Crash,09-11-19 7:40,County,RANDOLPH RD,GARDEN GATE RD,SAME DIR REAR END,CLOUDY,DRY,DAYLIGHT,NO CONTROLS,NONE DETECTED,No,NO APPARENT INJURY,NOT DISTRACTED,MD,PASSENGER CAR,40,2006,ACURA,MDX
MCP3009002T,200036748,Montgomery County Police,Injury Crash,09/19/2020 01:25:00 PM,Maryland (State),OLNEY LAYTONSVILLE RD,FIELDCREST RD,STRAIGHT MOVEMENT ANGLE,CLEAR,DRY,DAYLIGHT,TRAFFIC SIGNAL,,Yes,NO APPARENT INJURY,NOT DISTRACTED,MD,PASSENGER CAR,50,2009,TOYT,4S
MCP320000GK,250039425,MONTGOMERY,Property Damage Crash,09-02-25 5:40,,,,Other,Clear,,Dark - Lighted,,"Unknown, Unknown",No,,,,,0,0,,
MCP1235004T,230026559,Montgomery County Police,Injury Crash,06-02-23 18:47,Maryland (State),UNIVERSITY BLVD W,CROSSOVER,OTHER,CLEAR,DRY,DAYLIGHT,NO CONTROLS,NONE DETECTED,No,NO APPARENT INJURY,NOT DISTRACTED,MD,PASSENGER CAR,40,2015,KIA,OPTIMA
MCP284800BT,220000880,Montgomery County Police,Property Damage Crash,01-08-22 10:47,County,SUMMIT AVE,HOWARD AVE,STRAIGHT MOVEMENT ANGLE,CLEAR,DRY,DAYLIGHT,STOP SIGN,NONE DETECTED,No,NO APPARENT INJURY,NOT DISTRACTED,XX,PASSENGER CAR,30,2012,TOYOTA,CAMRY
MCP242500CH,180038957,Montgomery County Police,Property Damage Crash,08-06-18 10:16,Maryland (State),GEORGIA AVE,LOCUST GROVE RD,SAME DIRECTION SIDESWIPE,CLEAR,DRY,DAYLIGHT,NO CONTROLS,NONE DETECTED,Unknown,NO APPARENT INJURY,NOT DISTRACTED,MD,"MEDIUM/HEAVY TRUCKS 3 AXLES (OVER 10,000LBS (4,536KG))",35,2018,FREIGHTLINER,TRACTOR
MCP2738003N,200031424,Montgomery County Police,Property Damage Crash,08-12-20 18:35,County,BRIGGS CHANEY RD,ENT TO BRIGGS CHANEY OUTLETS,SAME DIRECTION SIDESWIPE,RAINING,WET,DUSK,TRAFFIC SIGNAL,,No,NO APPARENT INJURY,NOT DISTRACTED,MD,PASSENGER CAR,25,2008,FORD,FUSION
DD55670067,240052564,ROCKVILLE,Property Damage Crash,11-01-24 20:16,Municipality Route,MANNAKEE ST,,Front to Rear,Clear,Dry,Dark - Lighted,Traffic Control Signal,"Not Suspect of Alcohol Use, Not Suspect of Drug Use",Yes,No Apparent Injury,Not Distracted,MD,Bus - Transit,30,2014,GILLIG,CITY TRANSIT BUS
MCP2539001F,200006446,Montgomery County Police,Injury Crash,02-08-20 3:10,Maryland (State),EAST WEST HWY (W/B COUPLET),WAVERLY ST,SAME DIR REAR END,CLEAR,DRY,DARK LIGHTS ON,TRAFFIC SIGNAL,NONE DETECTED,No,POSSIBLE INJURY,NOT DISTRACTED,MD,"OTHER LIGHT TRUCKS (10,000LBS (4,536KG) OR LESS)",30,2015,ISUZU,TK
DD55980014,16063810,Rockville Police Departme,Property Damage Crash,12-12-16 18:05,Maryland (State),VEIRS MILL RD,RAMP 5 FR STONESTREET AVE TO MD 28 EB,OTHER,CLEAR,DRY,DARK LIGHTS ON,YIELD SIGN,,No,NO APPARENT INJURY,NOT DISTRACTED,MD,PASSENGER CAR,30,2001,FORD,EXPLPORER
MCP2763003B,200024303,Montgomery County Police,Property Damage Crash,06/21/2020 05:00:00 PM,County,GOSHEN RD,STEWARTOWN RD,SAME DIR REAR END,,DRY,DAYLIGHT,NO CONTROLS,UNKNOWN,Yes,NO APPARENT INJURY,UNKNOWN,,PICKUP TRUCK,40,2007,GMC,SIERRA
MCP93650016,180057448,Montgomery County Police,Property Damage Crash,11/16/2018 08:28:00 AM,County,E RANDOLPH RD,TAMARACK RD,SAME DIR REAR END,OTHER,WET,DAYLIGHT,TRAFFIC SIGNAL,NONE DETECTED,Yes,NO APPARENT INJURY,NOT DISTRACTED,MD,(SPORT) UTILITY VEHICLE,45,2000,LEXUS,LX470
MCP11190069,180061030,Montgomery County Police,Injury Crash,12-06-18 14:59,Maryland (State),LAYHILL RD,FLINT HILL RD,OTHER,CLOUDY,DRY,DAYLIGHT,,NONE DETECTED,Yes,SUSPECTED MINOR INJURY,NOT DISTRACTED,MD,POLICE VEHICLE/NON EMERGENCY,40,2013,FORD,INTERCEPTOR
DD5620003H,190004917,Rockville Police Departme,Injury Crash,01/31/2019 02:50:00 PM,Municipality,WOOTTON PKWY,TOWER OAKS BLVD,STRAIGHT MOVEMENT ANGLE,CLEAR,DRY,DAYLIGHT,TRAFFIC SIGNAL,NONE DETECTED,No,POSSIBLE INJURY,NOT DISTRACTED,MD,PASSENGER CAR,40,2009,BMW,528 I
MCP2861003W,190021033,Montgomery County Police,Injury Crash,05-04-19 16:10,County,DEMOCRACY BLVD,RAMP 4 FR IS 270Y NB TO DEMOCRACY BLVD,SAME DIR REAR END,CLEAR,DRY,DAYLIGHT,NO CONTROLS,NONE DETECTED,No,NO APPARENT INJURY,NOT DISTRACTED,MD,PASSENGER CAR,40,2010,VOLKSWAGON,PASSAT
MCP2752001X,170519446,Montgomery County Police,Property Damage Crash,07/16/2017 07:00:00 PM,County,TUCKERMAN LA,MARCLIFF RD,SAME DIR REAR END,CLEAR,DRY,DAYLIGHT,,NONE DETECTED,Yes,NO APPARENT INJURY,LOOKED BUT DID NOT SEE,MD,PASSENGER CAR,35,2016,HONDA,CIVIC
MCP2583002P,220054832,Montgomery County Police,Injury Crash,12-11-22 19:31,County,HUGHES RD,BUDD RD,SINGLE VEHICLE,CLEAR,DRY,DARK NO LIGHTS,,NONE DETECTED,Yes,POSSIBLE INJURY,UNKNOWN,MD,(SPORT) UTILITY VEHICLE,30,2011,TOYOTA,4RUNNER
MCP1182002Y,190049738,Montgomery County Police,Injury Crash,10/17/2019 07:30:00 AM,Maryland (State),RIVER RD,WHITTIER BLVD,SAME DIR REAR END,CLOUDY,DRY,DAYLIGHT,OTHER,NONE DETECTED,No,NO APPARENT INJURY,NOT DISTRACTED,DC,PASSENGER CAR,45,2018,VOLKSWAGON,GOLF
MCP1563004J,180002560,Montgomery County Police,Injury Crash,01/16/2018 06:46:00 PM,Municipality,ASPEN ST,CONNECTICUT AVE,OTHER,CLEAR,DRY,DARK LIGHTS ON,NO CONTROLS,NONE DETECTED,Yes,NO APPARENT INJURY,NOT DISTRACTED,DC,(SPORT) UTILITY VEHICLE,25,2011,NISSAN,MURANO
MCP20940072,16049444,Montgomery County Police,Injury Crash,09/26/2016 07:06:00 AM,County,OLD GEORGETOWN RD,NEBEL ST,OTHER,CLEAR,DRY,DARK LIGHTS ON,STOP SIGN,NONE DETECTED,Yes,NO APPARENT INJURY,NOT DISTRACTED,MD,PASSENGER CAR,25,2013,HONDA,CIVIC
MCP2270001R,230030867,Montgomery County Police,Property Damage Crash,06/28/2023 08:50:00 AM,Maryland (State),OLD GEORGETOWN RD,RAMP 6 FR IS 495 EB TO MD 187 SB,SAME DIRECTION SIDESWIPE,CLEAR,DRY,DAYLIGHT,NO CONTROLS,NONE DETECTED,Yes,NO APPARENT INJURY,LOOKED BUT DID NOT SEE,MD,PASSENGER CAR,35,2017,MERZ,4D
MCP2008001L,15059160,MONTGOMERY,Injury Crash,11/19/2015 05:47:00 PM,Maryland (State),CONNECTICUT AVE,PLYERS MILL RD,OTHER,RAINING,WET,DARK LIGHTS ON,TRAFFIC SIGNAL,NONE DETECTED,Yes,NO APPARENT INJURY,INATTENTIVE OR LOST IN THOUGHT,MD,PICKUP TRUCK,40,2014,CHEV,TK
MCP1220003P,16029717,Montgomery County Police,Injury Crash,06/13/2016 08:34:00 AM,Maryland (State),NEW HAMPSHIRE AVE,MILESTONE DR,STRAIGHT MOVEMENT ANGLE,CLEAR,DRY,DAYLIGHT,NO CONTROLS,NONE DETECTED,Yes,NO APPARENT INJURY,UNKNOWN,DC,PASSENGER CAR,40,2004,BMW,325I
MCP29970010,180002947,Montgomery County Police,Property Damage Crash,01/18/2018 06:05:00 PM,County,HICKERSON DR,GEORGIA AVE,HEAD ON LEFT TURN,CLEAR,DRY,DARK LIGHTS ON,NO CONTROLS,NONE DETECTED,Yes,NO APPARENT INJURY,LOOKED BUT DID NOT SEE,MD,PASSENGER CAR,35,2009,BMW,328I
MCP2772000Q,15006382,MONTGOMERY,Injury Crash,01-07-15 3:17,County,ROCKLEDGE DR,ROCK SPRING DR,STRAIGHT MOVEMENT ANGLE,CLEAR,WET,DARK LIGHTS ON,FLASHING TRAFFIC SIGNAL,NONE DETECTED,Yes,NO APPARENT INJURY,OTHER ELECTRONIC DEVICE (NAVIGATIONAL PALM PILOT),OH,(SPORT) UTILITY VEHICLE,30,2013,CHEV,TRAVERSE
MCP2927003S,210008614,Montgomery County Police,Injury Crash,03-07-21 16:51,Maryland (State),GEORGIA AVE,FOREST GLEN RD,SAME DIR REAR END,,DRY,DAYLIGHT,NO CONTROLS,NONE DETECTED,No,NO APPARENT INJURY,NOT DISTRACTED,MD,PASSENGER CAR,35,2012,KIA,TK
MCP3085000C,170530831,Montgomery County Police,Injury Crash,09/15/2017 07:27:00 PM,Maryland (State),RIVER RD,GOLDSBORO RD,SAME DIR REAR END,CLEAR,DRY,DUSK,,NONE DETECTED,No,NO APPARENT INJURY,NOT DISTRACTED,MD,(SPORT) UTILITY VEHICLE,45,2014,CHEVY,TK
MCP2782004P,230031489,Montgomery County Police,Injury Crash,07-01-23 19:25,County,GOULD RD,GAYLOR PL,OPPOSITE DIRECTION SIDESWIPE,RAINING,WET,DAYLIGHT,NO CONTROLS,NONE DETECTED,No,NO APPARENT INJURY,NOT DISTRACTED,MD,PASSENGER CAR,25,2014,NISSAN,ALTIMA
MCP3123000J,180019906,Montgomery County Police,Property Damage Crash,04/23/2018 05:35:00 PM,,,,OTHER,CLOUDY,,DAYLIGHT,,NONE DETECTED,No,NO APPARENT INJURY,NOT DISTRACTED,MD,PASSENGER CAR,10,2013,HONDA,CRV
MCP32130013,210030754,Montgomery County Police,Property Damage Crash,08-09-21 22:50,County,OLD COLUMBIA PIKE,ENT TO SEVENTH DAY ADVENTIST CHURCH,SAME DIR REAR END,,DRY,DARK LIGHTS ON,TRAFFIC SIGNAL,ALCOHOL PRESENT,Yes,NO APPARENT INJURY,NOT DISTRACTED,MD,PASSENGER CAR,35,2018,CHRY,300
MCP2864001S,16019478,Montgomery County Police,Property Damage Crash,04/20/2016 05:29:00 PM,Maryland (State),HUNGERFORD DR,E MIDDLE LA,SAME DIR REAR END,CLEAR,DRY,DAYLIGHT,TRAFFIC SIGNAL,NONE DETECTED,Yes,NO APPARENT INJURY,UNKNOWN,MD,PASSENGER CAR,35,2003,TOYTA,CAMRY
MCP1182003P,210024526,Montgomery County Police,Property Damage Crash,06/26/2021 01:49:00 PM,County,DEMOCRACY BLVD,RAMP 2 FR DEMOCRACY BLVD TO IS 270Y NB,SAME DIRECTION RIGHT TURN,CLEAR,DRY,DAYLIGHT,NO CONTROLS,,Yes,NO APPARENT INJURY,UNKNOWN,MD,PASSENGER CAR,35,2016,CHEVOLET,MALIBU
MCP2504001M,16038034,Montgomery County Police,Injury Crash,07/27/2016 03:48:00 PM,County,MONTROSE RD,SEVEN LOCKS RD,SAME DIR REAR END,CLEAR,DRY,DAYLIGHT,TRAFFIC SIGNAL,NONE DETECTED,No,SUSPECTED MINOR INJURY,NOT DISTRACTED,MD,(SPORT) UTILITY VEHICLE,45,2013,ACURA,RDX
MCP9424000K,15058599,MONTGOMERY,Property Damage Crash,11/17/2015 04:57:00 AM,County,OBSERVATION DR,RIDGE RD,SAME DIR REAR END,CLEAR,DRY,DARK LIGHTS ON,FLASHING TRAFFIC SIGNAL,NONE DETECTED,No,NO APPARENT INJURY,NOT DISTRACTED,VA,PASSENGER CAR,40,2003,HONDA,VAN
MCP2902000S,15036729,MONTGOMERY,Property Damage Crash,07/25/2015 12:38:00 PM,Maryland (State),CLOPPER RD,WARING STATION RD,SAME DIR REAR END,CLEAR,DRY,DAYLIGHT,,NONE DETECTED,Yes,NO APPARENT INJURY,LOOKED BUT DID NOT SEE,MD,PASSENGER CAR,45,1997,LEXUS,ES300
HA2431000L,19001649,Maryland-National Capital,Property Damage Crash,07-01-19 20:40,Government,BEACH DR,WEXFORD DR,OPPOSITE DIRECTION SIDESWIPE,CLEAR,DRY,DUSK,,NONE DETECTED,Unknown,NO APPARENT INJURY,UNKNOWN,MD,PASSENGER CAR,25,2008,FORD,ESCAPE
MCP2116007T,180000439,Montgomery County Police,Property Damage Crash,01-03-18 15:08,Maryland (State),DARNESTOWN RD,BLACKBERRY DR,SAME DIR REAR END,CLEAR,DRY,DAYLIGHT,NO CONTROLS,NONE DETECTED,No,NO APPARENT INJURY,NOT DISTRACTED,MD,PASSENGER CAR,30,2014,ACUR,TK
MCP3078002Z,190057630,Montgomery County Police,Property Damage Crash,11/30/2019 01:56:00 AM,County,VEIRS MILL RD,EDGEBROOK RD,SAME DIR REAR END,CLEAR,DRY,DARK LIGHTS ON,NO CONTROLS,ALCOHOL PRESENT,Yes,NO APPARENT INJURY,LOOKED BUT DID NOT SEE,MD,PASSENGER CAR,15,2016,CHEVY,IMPALA
MCP1443000H,16056912,Montgomery County Police,Property Damage Crash,11-04-16 16:03,Maryland (State),FREDERICK RD,MONTGOMERY VILLAGE AVE,SAME DIR REND LEFT TURN,CLEAR,DRY,DAYLIGHT,,NONE DETECTED,Yes,NO APPARENT INJURY,UNKNOWN,VA,PASSENGER CAR,40,2006,FORD,CROWN VIC
MCP30420015,170526023,Montgomery County Police,Property Damage Crash,08/21/2017 01:00:00 PM,Maryland (State),VEIRS MILL RD,UNIVERSITY BLVD W,SAME DIRECTION SIDESWIPE,CLEAR,DRY,DAYLIGHT,NO CONTROLS,,Yes,NO APPARENT INJURY,UNKNOWN,,PASSENGER CAR,45,2017,FORD,FOCUS
MCP29620026,180000367,Montgomery County Police,Injury Crash,01-03-18 8:17,County,MATENY RD,GREAT SENECA HWY,HEAD ON,CLEAR,DRY,DAYLIGHT,NO CONTROLS,NONE DETECTED,Yes,POSSIBLE INJURY,LOOKED BUT DID NOT SEE,PA,PASSENGER CAR,35,2012,HONDA,ACCORD
MCP11230026,180047629,Montgomery County Police,Property Damage Crash,09/24/2018 06:30:00 AM,County,BEL PRE RD,RIPPLING BROOK DR,SAME DIR REAR END,RAINING,WET,DARK -- UNKNOWN LIGHTING,OTHER,NONE DETECTED,Yes,NO APPARENT INJURY,NOT DISTRACTED,MD,PASSENGER CAR,35,2007,NISSAN,VERSA
MCP24560059,210007036,Montgomery County Police,Property Damage Crash,02/24/2021 06:10:00 AM,Maryland (State),UNIVERSITY BLVD E,COLESVILLE RD,STRAIGHT MOVEMENT ANGLE,CLEAR,DRY,DARK LIGHTS ON,TRAFFIC SIGNAL,NONE DETECTED,Yes,NO APPARENT INJURY,NOT DISTRACTED,MD,PASSENGER CAR,40,2013,TOYOTA,PRIUS
MCP3012000Q,16012423,MONTGOMERY,Property Damage Crash,03/13/2016 07:17:00 AM,County,ASPEN HILL RD,ARCTIC AVE,OTHER,,DRY,DAWN,NO CONTROLS,NONE DETECTED,Yes,NO APPARENT INJURY,NOT DISTRACTED,MD,PASSENGER CAR,35,2006,ACURA,TL
MCP27990011,15040734,MONTGOMERY,Property Damage Crash,08/15/2015 10:21:00 AM,Maryland (State),MUNCASTER MILL RD,WINDSOR MANOR LA,SAME DIR REAR END,CLEAR,DRY,DAYLIGHT,NO CONTROLS,NONE DETECTED,No,NO APPARENT INJURY,NOT DISTRACTED,MD,PASSENGER CAR,40,1998,GMC,TRUCK
MCP27300035,230008354,Montgomery County Police,Property Damage Crash,02/19/2023 09:05:00 AM,Maryland (State),GREAT SENECA HWY,WISTERIA DR,STRAIGHT MOVEMENT ANGLE,CLEAR,DRY,DAYLIGHT,TRAFFIC SIGNAL,,Yes,NO APPARENT INJURY,UNKNOWN,MD,(SPORT) UTILITY VEHICLE,30,2022,CHEVROLET,TRAVERSE
MCP26900019,16007701,Montgomery County Police,Injury Crash,02/15/2016 06:14:00 PM,County,LINDBERGH DR,WOODFIELD RD,SAME DIR REAR END,SLEET,ICE,DARK NO LIGHTS,NO CONTROLS,NONE DETECTED,Yes,NO APPARENT INJURY,NOT DISTRACTED,MD,STATION WAGON,25,2008,ACURA,MDX
MCP2898001B,16022470,Montgomery County Police,Injury Crash,05-06-16 15:21,Maryland (State),WOODFIELD RD,GOSHEN SCHOOL RD,SAME DIR REAR END,RAINING,WET,DAYLIGHT,NO CONTROLS,,No,NO APPARENT INJURY,NOT DISTRACTED,MD,PICKUP TRUCK,40,1997,FORD,F150
MCP3036001L,190034621,Montgomery County Police,Injury Crash,07/21/2019 04:46:00 AM,County,STRAWBERRY KNOLL RD,CROSS COUNTRY LA,SINGLE VEHICLE,CLEAR,,DARK LIGHTS ON,NO CONTROLS,ALCOHOL PRESENT,Yes,SUSPECTED MINOR INJURY,INATTENTIVE OR LOST IN THOUGHT,MD,PASSENGER CAR,25,2014,VOLKSWAGEN,JETTA
MCP3207000Q,190055895,Montgomery County Police,Property Damage Crash,11/19/2019 04:29:00 PM,County,BRIGGS CHANEY RD,CASTLE BLVD,SAME DIR BOTH LEFT TURN,CLEAR,DRY,DAYLIGHT,TRAFFIC SIGNAL,NONE DETECTED,Unknown,NO APPARENT INJURY,NOT DISTRACTED,MD,TRANSIT BUS,35,2009,NEW FLYER,TBU
MCP26890097,230006565,Montgomery County Police,Injury Crash,02-09-23 8:37,County,POSTOAK RD,DEVILWOOD CT,SAME DIR REAR END,CLOUDY,DRY,DAYLIGHT,NO CONTROLS,NONE DETECTED,Yes,NO APPARENT INJURY,UNKNOWN,MD,PASSENGER CAR,25,2017,FORD,EXPLORER
MCP28930032,170515872,Montgomery County Police,Injury Crash,06/26/2017 06:06:00 PM,Maryland (State),FREDERICK RD,SHAKESPEARE BLVD,SAME DIR REAR END,CLEAR,DRY,DAYLIGHT,NO CONTROLS,NONE DETECTED,Yes,NO APPARENT INJURY,LOOKED BUT DID NOT SEE,MD,PASSENGER CAR,40,2007,TOYOTA,4S
MCP2723002L,170520327,Montgomery County Police,Property Damage Crash,07/21/2017 09:45:00 AM,Maryland (State),NEW HAMPSHIRE AVE,ASHTON RD,HEAD ON LEFT TURN,CLEAR,DRY,DAYLIGHT,TRAFFIC SIGNAL,,Yes,NO APPARENT INJURY,LOOKED BUT DID NOT SEE,PA,POLICE VEHICLE/NON EMERGENCY,30,1998,DODGE,DURANGO
MCP1519000H,15038693,MONTGOMERY,Property Damage Crash,08-04-15 15:17,Municipality,CONGRESSIONAL LA,E JEFFERSON ST,ANGLE MEETS LEFT TURN,CLEAR,DRY,DAYLIGHT,STOP SIGN,,Yes,NO APPARENT INJURY,NOT DISTRACTED,MD,PASSENGER CAR,25,2005,HONDA,CRV
MCP2760006H,250007237,MONTGOMERY,Property Damage Crash,02/18/2025 05:30:00 PM,County Route,CHRISTOPHER AVE,,"Sideswipe, Same Direction",Clear,Dry,Dusk,No Controls,"Not Suspect of Alcohol Use, Not Suspect of Drug Use",Yes,No Apparent Injury,Not Distracted,MD,Passenger Car,35,2003,TOYOTA,CAMRY
MCP30420028,180057846,Montgomery County Police,Property Damage Crash,11/18/2018 10:30:00 AM,County,AMHERST AVE,ARCOLA AVE,SAME DIR REAR END,CLOUDY,DRY,DAYLIGHT,TRAFFIC SIGNAL,ALCOHOL PRESENT,Yes,NO APPARENT INJURY,LOOKED BUT DID NOT SEE,MD,PASSENGER CAR,30,2003,TOYTOTA,4RUNNER
MCP2767006Q,190035659,Montgomery County Police,Injury Crash,07/26/2019 07:20:00 PM,Maryland (State),VEIRS MILL RD,UNIVERSITY BLVD W,STRAIGHT MOVEMENT ANGLE,CLEAR,DRY,DAYLIGHT,TRAFFIC SIGNAL,NONE DETECTED,No,NO APPARENT INJURY,NOT DISTRACTED,MD,VAN,35,2013,TOYOTA,SIENNA
MCP3165004R,230059256,Montgomery County Police,Injury Crash,10-08-23 10:00,County,BRIGGS CHANEY RD,RAMP 6 FR BRIGGS CHANEY RD TO US 29 SB,STRAIGHT MOVEMENT ANGLE,,DRY,DAWN,TRAFFIC SIGNAL,NONE DETECTED,No,NO APPARENT INJURY,NOT DISTRACTED,MD,PASSENGER CAR,35,2013,HOND,CP
MCP3213001K,220050195,Montgomery County Police,Property Damage Crash,11/14/2022 02:38:00 AM,US (State),COLUMBIA PIKE,BLACKBURN RD,STRAIGHT MOVEMENT ANGLE,CLEAR,DRY,DARK LIGHTS ON,TRAFFIC SIGNAL,NONE DETECTED,Unknown,NO APPARENT INJURY,NOT DISTRACTED,MD,PASSENGER CAR,55,2016,TOYOTA,RAV4
MCP287100BD,240045130,MONTGOMERY,Injury Crash,09/21/2024 07:49:00 PM,Private Route,,ROCKVILLE PIKE (SB/L) STRATHMORE AVE,"Sideswipe, Same Direction",Clear,Dry,Dark - Lighted,Traffic Control Signal,"Not Suspect of Alcohol Use, Not Suspect of Drug Use",No,No Apparent Injury,Not Distracted,MX-BCN,Sport Utility Vehicle,25,2023,NISSAN,PATHFINDER
EJ7781002D,190050880,Gaithersburg Police Depar,Property Damage Crash,10/23/2019 09:11:00 AM,Municipality,RUSSELL AVE,ODENDHAL AVE,SAME DIRECTION SIDESWIPE,CLEAR,DRY,DAYLIGHT,OTHER,NONE DETECTED,Yes,NO APPARENT INJURY,NOT DISTRACTED,MD,PASSENGER CAR,30,2005,LEXU,4S
MCP3048001R,170532830,Montgomery County Police,Injury Crash,09/24/2017 12:41:00 PM,Maryland (State),RIVER RD,BRADLEY BLVD,SAME DIR REAR END,CLEAR,DRY,DAYLIGHT,NO CONTROLS,NONE DETECTED,Yes,NO APPARENT INJURY,OTHER DISTRACTION,FL,PASSENGER CAR,30,2003,MERCEDES,4DR
MCP29620094,240027120,MONTGOMERY,Injury Crash,06-07-24 12:59,Maryland (State) Route,RIDGE RD,,Single Vehicle,Clear,Dry,Daylight,No Controls,"Not Suspect of Alcohol Use, Not Suspect of Drug Use",Yes,Possible Injury,Not Distracted,MD,Passenger Car,35,2018,DODGE,JOURNEY
MCP2946001Q,16045280,Montgomery County Police,Injury Crash,09-04-16 17:12,County,COMUS RD,OLD HUNDRED RD,STRAIGHT MOVEMENT ANGLE,CLEAR,DRY,DAYLIGHT,STOP SIGN,NONE DETECTED,Yes,NO APPARENT INJURY,LOOKED BUT DID NOT SEE,MD,PASSENGER CAR,45,2004,MERCURY,GRAND MARQUIS
DD55830095,240044215,ROCKVILLE,Property Damage Crash,09/17/2024 04:56:00 AM,Maryland (State) Route,ROCKVILLE PIKE,HALPINE RD,Other,Clear,Dry,Dark - Lighted,Traffic Control Signal,"Not Suspect of Alcohol Use, Not Suspect of Drug Use",No,No Apparent Injury,Not Distracted,MD,Sport Utility Vehicle,30,2007,TOYOTA,RAV4
MCP2755001X,190020664,Montgomery County Police,Property Damage Crash,05-02-19 17:35,Maryland (State),DICKERSON RD,BIG WOODS RD,SAME DIR REAR END,CLEAR,DRY,DAYLIGHT,NO CONTROLS,UNKNOWN,Yes,NO APPARENT INJURY,UNKNOWN,MD,PASSENGER CAR,40,1999,BUICK,4D
MCP9422000D,170517092,Montgomery County Police,Injury Crash,07-03-17 12:40,Maryland (State),OLD GEORGETOWN RD,ENT TO MID-PIKE PLAZA,SAME DIR REAR END,CLEAR,DRY,DAYLIGHT,TRAFFIC SIGNAL,,No,NO APPARENT INJURY,NOT DISTRACTED,MD,PASSENGER CAR,35,2012,HONDA,ACCORD