Report Number,Local Case Number,Agency Name,ACRS Report Type,Crash Date/Time,Route Type,Road Name,Cross-Street Name,Collision Type,Weather,Surface Condition,Light,Traffic Control,Driver Substance Abuse,Driver At Fault,Injury Severity,Driver Distracted By,Drivers License State,Vehicle Body Type,Speed Limit,Vehicle Year,Vehicle Make,Vehicle Model
MCP3125000B,180012178,Montgomery County Police,Property Damage Crash,03-10-18 19:06,County,HORSE CENTER RD,KEENELAND CIR,STRAIGHT MOVEMENT ANGLE,CLEAR,DRY,DARK LIGHTS ON,STOP SIGN,NONE DETECTED,No,NO APPARENT INJURY,NOT DISTRACTED,MD,PICKUP TRUCK,25,2005,FORD,F150
MCP30510054,210051925,Montgomery County Police,Property Damage Crash,12/20/2021 06:30:00 PM,Maryland (State),ROCKVILLE PIKE,TUCKERMAN LA,SAME DIR REAR END,CLEAR,DRY,DARK LIGHTS ON,TRAFFIC SIGNAL,NONE DETECTED,Yes,NO APPARENT INJURY,UNKNOWN,MD,PASSENGER CAR,40,2004,HYUNDAI,ELANTRA
MCP2492001T,220031924,Montgomery County Police,Fatal Crash,07/24/2022 08:52:00 PM,Maryland (State),NEW HAMPSHIRE AVE,SPUR FR LOCKWOOD DR,HEAD ON,CLEAR,DRY,DARK LIGHTS ON,NO CONTROLS,NONE DETECTED,No,NO APPARENT INJURY,NOT DISTRACTED,MD,PASSENGER CAR,40,2007,CHRYSLER,PT CRUISER
MCP12120005,15010565,Montgomery County Police,Property Damage Crash,03-07-15 11:48,County,LITTLE SENECA PKWY,CROSSOVER,HEAD ON LEFT TURN,CLEAR,DRY,DAYLIGHT,NO CONTROLS,NONE DETECTED,Yes,NO APPARENT INJURY,UNKNOWN,MD,PASSENGER CAR,35,2003,NISSAN,ALTIMA
MCP30300082,250027835,MONTGOMERY,Property Damage Crash,06/22/2025 07:09:00 PM,,,,Single Vehicle,Clear,,Daylight,,"Not Suspect of Alcohol Use, Not Suspect of Drug Use",Yes,No Apparent Injury,Unknown,MD,Passenger Car,0,2006,LEXUS,ES
MCP3247001H,210024265,Montgomery County Police,Injury Crash,06/24/2021 07:13:00 PM,Maryland (State),GEORGIA AVE,FENWICK LA,STRAIGHT MOVEMENT ANGLE,CLEAR,DRY,DAYLIGHT,NO CONTROLS,NONE DETECTED,Yes,POSSIBLE INJURY,LOOKED BUT DID NOT SEE,MD,PASSENGER CAR,30,2018,HOND,4S
MCP3386002V,250015102,MONTGOMERY,Property Damage Crash,04-07-25 13:57,,,,Other,Cloudy,,Daylight,,"Unknown, Unknown",No,,,,Passenger Car,0,2019,MINI,HARDTOP
MCP2181001B,17001788,Montgomery County Police,Property Damage Crash,01-11-17 9:10,County,GLEN MILL RD,LLOYD RD,HEAD ON,CLEAR,DRY,DAYLIGHT,NO CONTROLS,,Yes,NO APPARENT INJURY,NOT DISTRACTED,MD,"MEDIUM/HEAVY TRUCKS 3 AXLES (OVER 10,000LBS (4,536KG))",30,2017,FRIEGHT,GARBAGE TRUCK
MCP31150027,190004720,Montgomery County Police,Injury Crash,01/30/2019 11:50:00 AM,County,BRIGGS CHANEY RD,OLD COLUMBIA PIKE,SAME DIR REAR END,CLEAR,DRY,DAYLIGHT,TRAFFIC SIGNAL,,Yes,NO APPARENT INJURY,INATTENTIVE OR LOST IN THOUGHT,MD,PASSENGER CAR,30,2017,HUNDAY,ELANTRA
MCP2639007W,190041839,Montgomery County Police,Property Damage Crash,09-01-19 8:30,County,ELBY ST,BARBARA RD,OPPOSITE DIRECTION SIDESWIPE,CLEAR,DRY,DAYLIGHT,NO CONTROLS,NONE DETECTED,Yes,NO APPARENT INJURY,NOT DISTRACTED,MD,PASSENGER CAR,25,2017,CHEVROLET,MALIBU
MCP3115004C,200034447,Montgomery County Police,Property Damage Crash,09-03-20 8:48,County,E RANDOLPH RD,SMITH VILLAGE RD,SAME DIR REAR END,CLEAR,DRY,DAYLIGHT,STOP SIGN,,No,NO APPARENT INJURY,NOT DISTRACTED,MD,PASSENGER CAR,40,2005,TOYT,TK
EJ7864001W,190005590,Gaithersburg Police Depar,Injury Crash,02-04-19 21:06,County,MUDDY BRANCH RD,W DEER PARK RD,STRAIGHT MOVEMENT ANGLE,,,DARK LIGHTS ON,TRAFFIC SIGNAL,,No,SUSPECTED MINOR INJURY,NOT DISTRACTED,MD,PASSENGER CAR,45,2015,FORD,EXPLORER
EJ7904002F,250020575,GAITHERSBURG,Injury Crash,05-10-25 8:24,Maryland (State) Route,FREDERICK RD,LAKE FOREST BLVD (SB/L),Angle,Clear,Dry,Daylight,Traffic Control Signal,"Not Suspect of Alcohol Use, Not Suspect of Drug Use",No,No Apparent Injury,Not Distracted,MD,Passenger Car,35,2011,NISSAN,ROGUE
MCP3274001F,220038142,Montgomery County Police,Injury Crash,09-02-22 21:30,County,MACARTHUR BLVD,MACARTHUR BLVD (AHEAD),SINGLE VEHICLE,CLEAR,WET,DARK LIGHTS ON,NO CONTROLS,NONE DETECTED,Yes,SUSPECTED MINOR INJURY,NOT DISTRACTED,DC,PASSENGER CAR,35,2003,HONDA,248
MCP2159003M,250042383,MONTGOMERY,Injury Crash,09/20/2025 01:41:00 PM,Maryland (State) Route,,,Front to Rear,Cloudy,Dry,Daylight,No Controls,"Not Suspect of Alcohol Use, Not Suspect of Drug Use",No,No Apparent Injury,Unknown,MD,Sport Utility Vehicle,30,2006,MERCEDES-BENZ,M-CLASS
MCP2987007D,220046090,Montgomery County Police,Property Damage Crash,10/20/2022 03:47:00 PM,County,WINHALL WAY,PINE ST,SAME DIR REAR END,CLEAR,DRY,DAYLIGHT,NO CONTROLS,NONE DETECTED,Yes,NO APPARENT INJURY,LOOKED BUT DID NOT SEE,MD,PASSENGER CAR,15,2016,JEEP,GRAND CHEROKEE
MCP243600CR,210024492,Montgomery County Police,Injury Crash,06/26/2021 10:07:00 AM,Maryland (State),UNIVERSITY BLVD E,RAMP 6 FR IS 495 EB TO MD 193 SB,SAME DIR REAR END,CLOUDY,DRY,DAYLIGHT,YIELD SIGN,NONE DETECTED,No,NO APPARENT INJURY,NOT DISTRACTED,MD,"OTHER LIGHT TRUCKS (10,000LBS (4,536KG) OR LESS)",25,2016,ISUZU,NPR HD
MCP2889002Z,17054899,Montgomery County Police,Injury Crash,12/16/2017 06:47:00 PM,Maryland (State),VEIRS MILL RD,PENDLETON DR,OTHER,CLEAR,DRY,DARK LIGHTS ON,,NONE DETECTED,No,POSSIBLE INJURY,NOT DISTRACTED,MD,PASSENGER CAR,35,2005,NISSAN,PATHFINDER
DD56730010,250001797,ROCKVILLE,Property Damage Crash,01/14/2025 10:17:00 AM,Municipality Route,,RAMP 9 FR RAMP 1 TO REDLAND BLVD,Angle,Clear,Dry,Daylight,Traffic Control Signal,"Not Suspect of Alcohol Use, Not Suspect of Drug Use",Yes,No Apparent Injury,"Other Action (looking away from task, etc.)",MD,Passenger Car,40,2023,PORSCHE,CAYENNE
MCP2712000P,15051575,MONTGOMERY,Injury Crash,10-11-15 11:54,County,OLD COLUMBIA PIKE,AVONSHIRE DR,SAME DIRECTION SIDESWIPE,CLEAR,DRY,DAYLIGHT,,NONE DETECTED,No,NO APPARENT INJURY,NOT DISTRACTED,VA,TRANSIT BUS,35,2013,NEW FLYER,TRANSIT BUS
MCP13780055,15012364,Montgomery County Police,Injury Crash,03/17/2015 08:08:00 PM,Maryland (State),W DIAMOND AVE,MUDDY BRANCH RD,STRAIGHT MOVEMENT ANGLE,CLEAR,DRY,DARK LIGHTS ON,TRAFFIC SIGNAL,NONE DETECTED,Yes,NO APPARENT INJURY,NOT DISTRACTED,MD,PASSENGER CAR,35,2011,TOYT,CAMRY
MCP3075002R,200018915,Montgomery County Police,Property Damage Crash,05-09-20 21:51,Maryland (State),FREDERICK RD,APPLEDOWRE WAY,SINGLE VEHICLE,CLEAR,DRY,DARK LIGHTS ON,,,Yes,NO APPARENT INJURY,NOT DISTRACTED,MD,PASSENGER CAR,45,2016,HONDA,CIVIC
MCP2827000W,15001422,Montgomery County Police,Property Damage Crash,01-09-15 16:06,Maryland (State),LAYHILL RD,BRIGGS RD,SAME DIRECTION LEFT TURN,CLEAR,DRY,DAYLIGHT,NO CONTROLS,NONE DETECTED,No,NO APPARENT INJURY,NOT DISTRACTED,DC,PASSENGER CAR,40,2013,FORD,E-350
MCP1505000P,16021179,Montgomery County Police,Property Damage Crash,04/29/2016 09:28:00 PM,Maryland (State),FREDERICK RD,FOREMAN BLVD,STRAIGHT MOVEMENT ANGLE,CLEAR,,DARK LIGHTS ON,TRAFFIC SIGNAL,,No,NO APPARENT INJURY,NOT DISTRACTED,MD,PASSENGER CAR,40,2013,ACURA,ILX
MCP1616002F,15034338,MONTGOMERY,Property Damage Crash,07/13/2015 08:57:00 AM,Maryland (State),RIVER RD,CAPITOL CRESCENT TRAIL BRIDGE,STRAIGHT MOVEMENT ANGLE,CLOUDY,WET,DAYLIGHT,NO CONTROLS,NONE DETECTED,No,NO APPARENT INJURY,NOT DISTRACTED,MD,PASSENGER CAR,35,2006,PONTIAC,G6
MCP2679002M,190030412,Montgomery County Police,Property Damage Crash,06/25/2019 11:00:00 PM,Maryland (State),GEORGIA AVE,16TH ST,SAME DIRECTION SIDESWIPE,CLEAR,DRY,DARK LIGHTS ON,TRAFFIC SIGNAL,NONE DETECTED,No,NO APPARENT INJURY,NOT DISTRACTED,NY,PASSENGER CAR,35,2011,TOYOTA,SIENNA
MCP20590049,170529348,Montgomery County Police,Property Damage Crash,09-08-17 8:41,Maryland (State),ROCKVILLE PIKE,POOKS HILL RD,SAME DIRECTION SIDESWIPE,CLEAR,DRY,DAYLIGHT,NO CONTROLS,NONE DETECTED,Yes,NO APPARENT INJURY,NOT DISTRACTED,MD,"CARGO VAN/LIGHT TRUCK 2 AXLES (OVER 10,000LBS (4,536 KG))",35,2004,INTERNATIONAL,4200
MCP2290001B,180024386,Montgomery County Police,Injury Crash,05/18/2018 09:59:00 AM,Maryland (State),VEIRS MILL RD,ROCKVILLE PIKE,SAME DIR REAR END,RAINING,WET,DAYLIGHT,YIELD SIGN,NONE DETECTED,No,SUSPECTED MINOR INJURY,NOT DISTRACTED,MD,PASSENGER CAR,35,2002,HONDA,CIVIC
MCP2009002N,230071104,Montgomery County Police,Property Damage Crash,12-11-23 13:50,County,OAKMONT AVE,NO NAME,SAME DIRECTION LEFT TURN,CLEAR,DRY,DAYLIGHT,,NONE DETECTED,Yes,NO APPARENT INJURY,NOT DISTRACTED,MD,PASSENGER CAR,30,2016,CHEVY,EQUINOX
MCP1151009T,190036654,Montgomery County Police,Injury Crash,08-01-19 7:50,Maryland (State),CLOPPER RD,WARING STATION RD,SAME DIR REAR END,CLEAR,DRY,DAYLIGHT,TRAFFIC SIGNAL,NONE DETECTED,Yes,SUSPECTED MINOR INJURY,INATTENTIVE OR LOST IN THOUGHT,MD,PASSENGER CAR,40,2016,CHEV,MALIBU
MCP2181004K,220018890,Montgomery County Police,Injury Crash,05-04-22 6:54,County,FATHER HURLEY BLVD,RAMP 8 FR IS270 SB TO FATHER HURLEY BLVD,SAME DIR REAR END,RAINING,WET,DAYLIGHT,NO CONTROLS,,Yes,POSSIBLE INJURY,NOT DISTRACTED,MD,PASSENGER CAR,40,2012,HOND,CIVIC
MCP30440068,220056714,Montgomery County Police,Property Damage Crash,12/21/2022 06:47:00 PM,County,BROADBIRCH DR,CHERRY HILL RD,SAME DIRECTION SIDESWIPE,CLEAR,DRY,DARK LIGHTS ON,TRAFFIC SIGNAL,NONE DETECTED,No,NO APPARENT INJURY,NOT DISTRACTED,MD,(SPORT) UTILITY VEHICLE,25,2013,TOYOTA,HIGHLANDER
MCP3313000S,220017438,Montgomery County Police,Injury Crash,04/24/2022 06:43:00 PM,Maryland (State),VEIRS MILL RD,PARKLAND DR,SAME DIR REAR END,CLEAR,DRY,DAYLIGHT,TRAFFIC SIGNAL,NONE DETECTED,No,SUSPECTED MINOR INJURY,NOT DISTRACTED,MD,PASSENGER CAR,45,2006,TOYOTA,COROLLA
MCP3058005D,240040259,MONTGOMERY,Property Damage Crash,08/17/2024 02:22:00 AM,,,,Front to Rear,Cloudy,,Dark - Lighted,,"Not Suspect of Alcohol Use, Not Suspect of Drug Use",No,No Apparent Injury,Not Distracted,MD,Sport Utility Vehicle,0,2016,HONDA,HR-V
MCP29830040,190037351,Montgomery County Police,Injury Crash,08-05-19 18:40,Maryland (State),GEORGIA AVE,FOREST GLEN RD,SAME DIR REAR END,CLEAR,DRY,DAYLIGHT,,NONE DETECTED,Yes,NO APPARENT INJURY,INATTENTIVE OR LOST IN THOUGHT,VA,AUTOCYCLE,35,2016,TOYOTA,RAV4
MCP3352001C,230069660,Montgomery County Police,Property Damage Crash,12-03-23 17:33,Maryland (State),CLOPPER RD,GAME PRESERVE RD,SAME DIR REAR END,CLOUDY,WET,DARK LIGHTS ON,NO CONTROLS,NONE DETECTED,Yes,NO APPARENT INJURY,INATTENTIVE OR LOST IN THOUGHT,NY,PASSENGER CAR,35,2013,HOND,FIT
MCP30750017,180021759,Montgomery County Police,Injury Crash,05-03-18 17:15,Maryland (State),FREDERICK RD,SCENERY DR,OTHER,CLEAR,DRY,DAYLIGHT,,NONE DETECTED,No,SUSPECTED MINOR INJURY,NOT DISTRACTED,MD,PASSENGER CAR,40,2017,HONDA,CIVIC
MCP26120011,15042305,MONTGOMERY,Property Damage Crash,08/23/2015 06:37:00 PM,Maryland (State),VEIRS MILL RD,RANDOLPH RD,SAME DIR REAR END,CLEAR,DRY,DAYLIGHT,NO CONTROLS,NONE DETECTED,Yes,NO APPARENT INJURY,UNKNOWN,MD,PASSENGER CAR,40,1988,TOYOTA,CAMRY
MCP26530017,180028062,Montgomery County Police,Property Damage Crash,06-07-18 11:12,County,SHADY GROVE RD,FREDERICK RD,SAME DIRECTION LEFT TURN,CLEAR,DRY,DAYLIGHT,TRAFFIC SIGNAL,NONE DETECTED,No,NO APPARENT INJURY,NOT DISTRACTED,MD,PASSENGER CAR,35,2008,FORD,MUSTANG
MCP31810015,190048656,Montgomery County Police,Injury Crash,10-10-19 12:18,County,ARCOLA AVE,CHANNING DR,STRAIGHT MOVEMENT ANGLE,CLEAR,DRY,DAYLIGHT,OTHER,,Yes,NO APPARENT INJURY,INATTENTIVE OR LOST IN THOUGHT,MD,PASSENGER CAR,30,2018,TOYOTA,COROLLA
MCP3229002L,250032048,MONTGOMERY,Injury Crash,07/18/2025 08:30:00 AM,Maryland (State) Route,EAST WEST HWY (WB/L),,"Sideswipe, Same Direction",Clear,Dry,Daylight,Traffic Control Signal,"Not Suspect of Alcohol Use, Not Suspect of Drug Use",No,No Apparent Injury,Unknown,WV,Other Trucks,25,2018,FORD,F-550
MCP2689001S,16017516,Montgomery County Police,Property Damage Crash,04-10-16 13:23,Maryland (State),NORBECK RD,AVERY RD,SAME DIR REAR END,CLEAR,DRY,DAYLIGHT,NO CONTROLS,NONE DETECTED,Yes,NO APPARENT INJURY,OTHER DISTRACTION,MD,PASSENGER CAR,50,2005,HYUNDAI,XG350
MCP32210048,250035506,MONTGOMERY,Property Damage Crash,08-09-25 14:59,County Route,GOSHEN RD,GREEN RUN WAY ROTHBURY DR,Angle,Clear,Dry,Daylight,Traffic Control Signal,"Not Suspect of Alcohol Use, Not Suspect of Drug Use",Yes,No Apparent Injury,Unknown,MD,Sport Utility Vehicle,35,2003,FORD,EXPLORER
MCP3280004L,240003321,MONTGOMERY,Property Damage Crash,01/22/2024 12:00:00 PM,Maryland (State) Route,NEW HAMPSHIRE AVE,SHAW AVE E,Single Vehicle,Clear,Dry,Daylight,No Controls,"Not Suspect of Alcohol Use, Not Suspect of Drug Use",No,No Apparent Injury,Not Distracted,MD,Passenger Car,40,2013,TOYOTA,PRIUS
MCP06850056,190060555,Montgomery County Police,Property Damage Crash,12/16/2019 10:19:00 AM,County,SHADY GROVE RD,W MONTGOMERY AVE,SAME DIRECTION SIDESWIPE,RAINING,WET,DAYLIGHT,TRAFFIC SIGNAL,NONE DETECTED,Yes,NO APPARENT INJURY,NOT DISTRACTED,MD,PASSENGER CAR,35,2014,TOYOTA,COROLLA
MCP1205006F,200027456,Montgomery County Police,Property Damage Crash,07/15/2020 11:45:00 AM,Maryland (State),BRADLEY LA,MAPLE AVE,SAME DIRECTION SIDESWIPE,CLEAR,DRY,DAYLIGHT,NO CONTROLS,NONE DETECTED,Yes,NO APPARENT INJURY,NOT DISTRACTED,MD,VAN,30,2018,DODGE,VAN
MCP22310051,190032563,Montgomery County Police,Property Damage Crash,07-09-19 10:20,,,,OTHER,CLEAR,,DAYLIGHT,NO CONTROLS,NONE DETECTED,Yes,NO APPARENT INJURY,UNKNOWN,MD,PASSENGER CAR,0,2016,CHRYSLER,200
DD5606002D,15045385,ROCKVILLE,Property Damage Crash,09-08-15 17:48,Maryland (State),VEIRS MILL RD,FIRST ST,SAME DIR REAR END,CLEAR,,DAYLIGHT,NO CONTROLS,NONE DETECTED,No,NO APPARENT INJURY,NOT DISTRACTED,MD,(SPORT) UTILITY VEHICLE,35,2012,SUBA,SUV
MCP27220027,17000108,Montgomery County Police,Injury Crash,01-01-17 13:37,County,RANDOLPH RD,TERRAPIN RD,SAME DIR REAR END,CLEAR,DRY,DAYLIGHT,NO CONTROLS,,Yes,NO APPARENT INJURY,NOT DISTRACTED,MD,PASSENGER CAR,35,2004,MAZD,3
MCP3388001T,250004113,MONTGOMERY,Property Damage Crash,01/28/2025 09:41:00 PM,Maryland (State) Route,,RITCHIE AVE,Other,Clear,Dry,Dark - Lighted,Stop Sign,"Not Suspect of Alcohol Use, Not Suspect of Drug Use",No,No Apparent Injury,Not Distracted,MD,Passenger Car,30,2008,SATURN,AURA
MCP2767005R,190005373,Montgomery County Police,Property Damage Crash,02-03-19 15:07,Maryland (State),GEORGIA AVE,REEDIE DR,STRAIGHT MOVEMENT ANGLE,CLEAR,DRY,DAYLIGHT,NO CONTROLS,NONE DETECTED,No,NO APPARENT INJURY,NOT DISTRACTED,MD,PICKUP TRUCK,35,2017,TOYT,TUNDRA
EJ78330084,240006085,GAITHERSBURG,Property Damage Crash,02-07-24 13:14,Local Route,ELLINGTON BLVD,,"Sideswipe, Same Direction",Clear,Dry,Daylight,Stop Sign,"Unknown, Unknown",No,No Apparent Injury,Unknown,,Passenger Car,25,2007,HONDA,CR-V
MCP3053007N,240041955,MONTGOMERY,Property Damage Crash,09-04-24 16:53,County Route,RANDOLPH RD,ATHERTON DR,Other,Clear,Dry,Daylight,No Controls,"Not Suspect of Alcohol Use, Not Suspect of Drug Use",No,No Apparent Injury,Not Distracted,MD,Passenger Car,30,2021,TOYOTA,COROLLA
MCP3033000K,17015007,Montgomery County Police,Injury Crash,03/24/2017 08:15:00 AM,Maryland (State),PINEY BRANCH RD,SILVER SPRING AVE,HEAD ON LEFT TURN,CLOUDY,DRY,DAYLIGHT,NO CONTROLS,NONE DETECTED,Yes,NO APPARENT INJURY,NOT DISTRACTED,MD,PASSENGER CAR,35,2010,TOYT,COROLLA
MCP1554004T,190037554,Montgomery County Police,Property Damage Crash,08-06-19 20:44,County,SHADY GROVE RD,FREDERICK RD,SAME DIR REAR END,CLEAR,DRY,DARK LIGHTS ON,TRAFFIC SIGNAL,UNKNOWN,Yes,NO APPARENT INJURY,NOT DISTRACTED,MD,PASSENGER CAR,45,2004,HONDA,CIVIC   4S
MCP20200006,190004562,Montgomery County Police,Injury Crash,01/29/2019 01:21:00 PM,County,E GUDE DR,CALHOUN DR,HEAD ON LEFT TURN,SNOW,SNOW,DAYLIGHT,TRAFFIC SIGNAL,NONE DETECTED,Yes,POSSIBLE INJURY,NOT DISTRACTED,MD,PASSENGER CAR,35,2010,NISS,4S
MCP3247001W,210030571,Montgomery County Police,Property Damage Crash,08-06-21 15:04,County,ROEDER RD,FENTON ST,SAME DIRECTION SIDESWIPE,CLEAR,DRY,DAYLIGHT,UNKNOWN,UNKNOWN,Yes,NO APPARENT INJURY,UNKNOWN,,PASSENGER CAR,30,2020,HONDA,CRV
MCP2708007X,220050901,Montgomery County Police,Injury Crash,11/17/2022 05:08:00 PM,Interstate (State),CAPITAL BELTWAY,RAMP 7 FR IS 495 WB TO MD 650 SB,SAME DIR REAR END,CLEAR,DRY,DARK LIGHTS ON,NO CONTROLS,NONE DETECTED,No,POSSIBLE INJURY,NOT DISTRACTED,MD,PICKUP TRUCK,55,2016,NISSAN,FRONTIER
MCP2910001H,15031776,MONTGOMERY,Injury Crash,06/29/2015 03:07:00 PM,Maryland (State),16TH ST,WASH DC LINE,SAME DIR BOTH LEFT TURN,CLEAR,DRY,DAYLIGHT,TRAFFIC SIGNAL,NONE DETECTED,No,POSSIBLE INJURY,NOT DISTRACTED,DC,PASSENGER CAR,35,2012,LINCOLN,MKS
MCP2215002B,230022671,Montgomery County Police,Property Damage Crash,05-11-23 18:04,Maryland (State),WOODFIELD RD,ROSEWOOD MANOR LA,SAME DIR REAR END,,DRY,DAYLIGHT,TRAFFIC SIGNAL,,No,NO APPARENT INJURY,NOT DISTRACTED,MD,PICKUP TRUCK,40,2023,TOYOTA,TACOMA
DD5595005J,180004607,Rockville Police Departme,Property Damage Crash,01/27/2018 08:38:00 AM,Municipality,KING FARM BLVD,GAITHER RD,STRAIGHT MOVEMENT ANGLE,CLEAR,DRY,DAYLIGHT,TRAFFIC SIGNAL,NONE DETECTED,Unknown,NO APPARENT INJURY,UNKNOWN,MD,PASSENGER CAR,25,2016,LEXUS,ES350
MCP2420005T,240049095,MONTGOMERY,Property Damage Crash,10/14/2024 02:00:00 PM,County Route,NORBECK RD (WB/L),,Front to Rear,Clear,Dry,Daylight,No Controls,"Not Suspect of Alcohol Use, Not Suspect of Drug Use",No,No Apparent Injury,Not Distracted,MD,Passenger Car,40,2019,FORD,EXPLORER
MCP93810025,190032069,Montgomery County Police,Property Damage Crash,07-05-19 22:45,County,DEMOCRACY BLVD,SEVEN LOCKS RD,OTHER,CLEAR,DRY,DARK LIGHTS ON,TRAFFIC SIGNAL,NONE DETECTED,No,NO APPARENT INJURY,NOT DISTRACTED,MD,PASSENGER CAR,45,2005,LEXS,TK
MCP2077006Q,250057990,MONTGOMERY,Property Damage Crash,12/29/2025 10:00:00 AM,,,,Single Vehicle,Cloudy,,Daylight,,"Not Suspect of Alcohol Use, Not Suspect of Drug Use",Yes,No Apparent Injury,Unknown,MD,Other Trucks,0,2003,PIERCE MANUFACTURING,TILT CAB
MCP29050013,15030009,Montgomery County Police,Property Damage Crash,06/19/2015 05:25:00 PM,County,ROCKING HORSE RD,BOILING BROOK PKWY,STRAIGHT MOVEMENT ANGLE,CLOUDY,DRY,DAYLIGHT,STOP SIGN,NONE DETECTED,No,NO APPARENT INJURY,NOT DISTRACTED,MD,PASSENGER CAR,25,2011,CHEVROLET,4S
MCP23390052,190059078,Montgomery County Police,Property Damage Crash,12-07-19 18:08,County,E GUDE DR,CALHOUN DR,HEAD ON LEFT TURN,CLEAR,DRY,DARK LIGHTS ON,NO CONTROLS,NONE DETECTED,No,NO APPARENT INJURY,NOT DISTRACTED,MD,PASSENGER CAR,40,2006,CHEVROLET,4D
MCP34290023,260000548,MONTGOMERY,Injury Crash,01-05-26 6:18,Maryland (State) Route,GEORGIA AVE,,Angle,Clear,Dry,Dark - Not Lighted,No Controls,"Not Suspect of Alcohol Use, Not Suspect of Drug Use",No,No Apparent Injury,Not Distracted,MD,Passenger Car,35,2019,CHEVROLET,EXPRESS
MCP12350032,210021822,Montgomery County Police,Property Damage Crash,06-08-21 15:58,US (State),COLESVILLE RD,LORAIN AVE,STRAIGHT MOVEMENT ANGLE,CLEAR,DRY,DAYLIGHT,NO CONTROLS,NONE DETECTED,Yes,NO APPARENT INJURY,LOOKED BUT DID NOT SEE,MD,PASSENGER CAR,40,2016,HONDA,CIVIC
MCP3362006S,250050781,MONTGOMERY,Injury Crash,11-12-25 14:21,Maryland (State) Route,UNIVERSITY BLVD W,,Single Vehicle,Clear,Dry,Daylight,Traffic Control Signal,"Not Suspect of Alcohol Use, Not Suspect of Drug Use",No,No Apparent Injury,Not Distracted,CT,Passenger Car,35,2006,FORD,FOCUS
MCP2892007W,200001916,Montgomery County Police,Property Damage Crash,01-11-20 21:11,County,MANCHESTER RD,SCHUYLER RD,OTHER,CLEAR,DRY,DARK LIGHTS ON,NO CONTROLS,NONE DETECTED,Yes,NO APPARENT INJURY,OTHER DISTRACTION,MD,PASSENGER CAR,25,2003,TOYOTA,4S
MCP3249005Y,240037650,MONTGOMERY,Property Damage Crash,08-09-24 18:43,US (State),COLUMBIA PIKE (SB/L),GREENCASTLE RD (NB/L),"Sideswipe, Same Direction",Clear,Dry,Daylight,Traffic Control Signal,"Not Suspect of Alcohol Use, Not Suspect of Drug Use",No,No Apparent Injury,Not Distracted,VA,Sport Utility Vehicle,50,2023,CHEVROLET,BLAZER
MCP23620014,16053948,Montgomery County Police,Property Damage Crash,10/20/2016 08:40:00 AM,US (State),COLESVILLE RD,UNIVERSITY BLVD E,SAME DIRECTION SIDESWIPE,CLEAR,DRY,DAYLIGHT,NO CONTROLS,,Unknown,NO APPARENT INJURY,UNKNOWN,MD,PICKUP TRUCK,40,2013,FORD,TK
MCP2933000V,15064779,MONTGOMERY,Property Damage Crash,12/18/2015 06:47:00 PM,County,BATTERY LA,KEYSTONE AVE,SAME DIR REAR END,CLEAR,DRY,DARK NO LIGHTS,NO CONTROLS,NONE DETECTED,No,NO APPARENT INJURY,NOT DISTRACTED,MD,"OTHER LIGHT TRUCKS (10,000LBS (4,536KG) OR LESS)",30,2013,FRHT,TK
MCP28050051,220019532,Montgomery County Police,Property Damage Crash,05-08-22 10:35,Municipality,TRAVIS AVE,KNOLL MIST LA,STRAIGHT MOVEMENT ANGLE,CLOUDY,DRY,DAYLIGHT,NO CONTROLS,NONE DETECTED,Yes,NO APPARENT INJURY,NOT DISTRACTED,MD,VAN,25,2004,TOYOTA,SIENNA
MCP2528001Z,250000593,MONTGOMERY,Property Damage Crash,01-05-25 8:24,County Route,BRIGGS CHANEY RD,,Front to Rear,Clear,Dry,Daylight,No Controls,"Not Suspect of Alcohol Use, Not Suspect of Drug Use",No,No Apparent Injury,Not Distracted,MD,Bus - Transit,35,2020,NOVABUS,LFS ARTICULATED
MCP3163008N,250017498,MONTGOMERY,Injury Crash,04/22/2025 05:28:00 PM,Municipality Route,MAPLE AVE,BRADLEY LA,"Sideswipe, Same Direction",Clear,Dry,Daylight,No Controls,"Not Suspect of Alcohol Use, Not Suspect of Drug Use",No,No Apparent Injury,Not Distracted,MD,Passenger Car,25,2008,HONDA,CR-V
DD56200054,200012952,Rockville Police Departme,Property Damage Crash,03/17/2020 06:30:00 AM,Municipality,SUNRISE DR,BLUE MEADOW RD,SINGLE VEHICLE,CLEAR,DRY,DARK LIGHTS ON,NO CONTROLS,NONE DETECTED,Yes,NO APPARENT INJURY,NOT DISTRACTED,MD,PASSENGER CAR,25,2010,SUBARU,FORRESTER
MCP2386001M,170523980,Montgomery County Police,Injury Crash,08-09-17 20:17,Maryland (State),NEW HAMPSHIRE AVE,DILSTON RD,SAME DIR REAR END,CLEAR,DRY,DUSK,TRAFFIC SIGNAL,NONE DETECTED,Yes,NO APPARENT INJURY,NOT DISTRACTED,DC,PICKUP TRUCK,40,2010,FORD,F150 XL