Report Number,Local Case Number,Agency Name,ACRS Report Type,Crash Date/Time,Route Type,Road Name,Cross-Street Name,Collision Type,Weather,Surface Condition,Light,Traffic Control,Driver Substance Abuse,Driver At Fault,Injury Severity,Driver Distracted By,Drivers License State,Vehicle Body Type,Speed Limit,Vehicle Year,Vehicle Make,Vehicle Model
MCP3307003F,250055441,MONTGOMERY,Property Damage Crash,12-11-25 13:32,County Route,SULLIVAN LA,LAYHILL RD,Front to Front,Clear,Dry,Daylight,No Controls,"Not Suspect of Alcohol Use, Not Suspect of Drug Use",No,No Apparent Injury,Unknown,MD,Sport Utility Vehicle,25,2025,CHEVROLET,EQUINOX EV
MCP12210025,16020861,Montgomery County Police,Injury Crash,04/28/2016 07:52:00 AM,Maryland (State),MONTGOMERY VILLAGE AVE,RUSSELL AVE,HEAD ON LEFT TURN,CLOUDY,DRY,DAYLIGHT,TRAFFIC SIGNAL,NONE DETECTED,Yes,SUSPECTED MINOR INJURY,NOT DISTRACTED,MD,PASSENGER CAR,35,2013,HONDA,VAN
MCP3109000R,180024793,Montgomery County Police,Property Damage Crash,05/20/2018 06:07:00 PM,,,,SAME DIRECTION SIDESWIPE,CLEAR,,DAYLIGHT,,NONE DETECTED,No,NO APPARENT INJURY,NOT DISTRACTED,MD,(SPORT) UTILITY VEHICLE,0,2014,CHEV,TK
MCP1397000S,170525850,Montgomery County Police,Property Damage Crash,08/20/2017 12:39:00 PM,County,SNOWDEN FARM PKWY,GRAND ELM ST,STRAIGHT MOVEMENT ANGLE,CLEAR,DRY,DAYLIGHT,NO CONTROLS,,No,NO APPARENT INJURY,NOT DISTRACTED,MD,PASSENGER CAR,40,2003,BMW,Z4
EJ77810013,180031831,Gaithersburg Police Depar,Property Damage Crash,06/28/2018 10:30:00 AM,,,,STRAIGHT MOVEMENT ANGLE,CLEAR,,DAYLIGHT,NO CONTROLS,NONE DETECTED,No,NO APPARENT INJURY,NOT DISTRACTED,MD,PASSENGER CAR,15,2005,CHRY,TOWN & COUNTRY
MCP9386002G,15060017,MONTGOMERY,Property Damage Crash,11/24/2015 09:19:00 AM,County,ROCK RUN DR,KINGSGATE RD,STRAIGHT MOVEMENT ANGLE,CLEAR,DRY,DAYLIGHT,NO CONTROLS,NONE DETECTED,Yes,NO APPARENT INJURY,NOT DISTRACTED,MD,PICKUP TRUCK,15,2001,FORD,F250
MCP2598000C,15009513,Montgomery County Police,Injury Crash,02/27/2015 06:29:00 PM,US (State),COLESVILLE RD,FRANKLIN AVE,SAME DIRECTION SIDESWIPE,CLEAR,DRY,DUSK,,NONE DETECTED,No,NO APPARENT INJURY,NOT DISTRACTED,MD,PASSENGER CAR,35,2004,TOYOTA,CAMRY
MCP2897000Q,16006609,Montgomery County Police,Property Damage Crash,02-08-16 17:48,County,PREAKNESS DR,SIR BARTON CIR,STRAIGHT MOVEMENT ANGLE,CLEAR,WET,DUSK,,NONE DETECTED,Yes,NO APPARENT INJURY,LOOKED BUT DID NOT SEE,MD,PASSENGER CAR,25,2007,CHRYSLER,SEBRING
MCP137800J0,170527990,Montgomery County Police,Property Damage Crash,08/31/2017 03:22:00 PM,Maryland (State),KEY WEST AVE,GREAT SENECA HWY,SAME DIR REAR END,CLOUDY,DRY,DAYLIGHT,TRAFFIC SIGNAL,NONE DETECTED,Yes,NO APPARENT INJURY,NOT DISTRACTED,MD,(SPORT) UTILITY VEHICLE,40,2013,TOYOTA,HIGHLANDER
MCP3432000Q,240047271,MONTGOMERY,Property Damage Crash,10-03-24 19:20,County Route,ENNALLS AVE,,Front to Rear,Clear,Dry,Dark - Lighted,No Controls,"Not Suspect of Alcohol Use, Not Suspect of Drug Use",No,No Apparent Injury,Not Distracted,MD,Passenger Car,15,2013,TOYOTA,CAMRY
MCP31910016,190044772,Montgomery County Police,Property Damage Crash,09/18/2019 06:54:00 PM,County,TUCKERMAN LA,DEBORAH DR,OTHER,CLEAR,DRY,DARK LIGHTS ON,NO CONTROLS,NONE DETECTED,Yes,NO APPARENT INJURY,NOT DISTRACTED,MD,PASSENGER CAR,35,2014,MERCEDEZ,E350
MCP27880021,190059998,Montgomery County Police,Property Damage Crash,12-12-19 19:20,Maryland (State),GEORGIA AVE,ENNALLS AVE,STRAIGHT MOVEMENT ANGLE,CLEAR,DRY,DARK LIGHTS ON,,UNKNOWN,Yes,NO APPARENT INJURY,UNKNOWN,,(SPORT) UTILITY VEHICLE,25,2006,LEXUS,GX470
MCP3174001M,200003430,Montgomery County Police,Injury Crash,01/21/2020 04:45:00 PM,Maryland (State),MUNCASTER MILL RD,SHADY GROVE RD,SAME DIR REAR END,CLEAR,DRY,DAYLIGHT,NO CONTROLS,NONE DETECTED,No,SUSPECTED MINOR INJURY,NOT DISTRACTED,MD,PASSENGER CAR,40,2020,NISSAN,ALTIMA
MCP9118000N,16061824,Montgomery County Police,Injury Crash,12-02-16 3:08,Maryland (State),CONNECTICUT AVE,DENFELD AVE,SAME DIR REAR END,CLEAR,DRY,DARK LIGHTS ON,TRAFFIC SIGNAL,NONE DETECTED,No,SUSPECTED MINOR INJURY,NOT DISTRACTED,MD,PASSENGER CAR,40,2004,TOYOTA,MATRIX
MCP2637002J,180009562,Montgomery County Police,Property Damage Crash,02/24/2018 05:30:00 AM,County,SHADY GROVE RD,W MONTGOMERY AVE,SINGLE VEHICLE,FOGGY,WET,DARK LIGHTS ON,TRAFFIC SIGNAL,NONE DETECTED,Yes,NO APPARENT INJURY,NOT DISTRACTED,MD,PASSENGER CAR,40,2014,HONDA,CIVIC
EJ78710077,240025941,GAITHERSBURG,Injury Crash,06-01-24 1:31,Maryland (State) Route,MONTGOMERY VILLAGE AVE,RUSSELL AVE (SB/L),Front to Rear,Clear,Dry,Dark - Lighted,Traffic Control Signal,"Not Suspect of Alcohol Use, Suspect of Drug Use",No,Suspected Minor Injury,Unknown,MD,Passenger Car,35,2019,FORD,MUSTANG
MCP2917005R,190054796,Montgomery County Police,Injury Crash,11/13/2019 07:38:00 PM,Maryland (State),NORBECK RD,GEORGIA AVE,SAME DIRECTION SIDESWIPE,CLEAR,DRY,DARK NO LIGHTS,TRAFFIC SIGNAL,NONE DETECTED,Yes,NO APPARENT INJURY,LOOKED BUT DID NOT SEE,MD,PASSENGER CAR,45,2010,FORD,FUSION
MCP3351001S,230067645,Montgomery County Police,Property Damage Crash,11/21/2023 03:27:00 PM,County,CALVERTON BLVD,SHANANDALE DR,SAME DIR REAR END,RAINING,WET,DAYLIGHT,NO CONTROLS,UNKNOWN,Yes,NO APPARENT INJURY,UNKNOWN,,,30,0,UNKNOWN,UNKNOWN
MCP3201008S,250049858,MONTGOMERY,Property Damage Crash,11-06-25 13:46,,,,"Sideswipe, Same Direction",Clear,,Daylight,,"Not Suspect of Alcohol Use, Not Suspect of Drug Use",Yes,No Apparent Injury,Not Distracted,MD,Sport Utility Vehicle,0,2020,FORD,EXPLORER
MCP2121002D,220016544,Montgomery County Police,Property Damage Crash,04/19/2022 09:30:00 AM,Maryland (State),FISHER AVE,TOM FOX AVE,SAME DIR REAR END,CLEAR,DRY,DAYLIGHT,NO CONTROLS,NONE DETECTED,Yes,NO APPARENT INJURY,OTHER DISTRACTION,MD,POLICE VEHICLE/NON EMERGENCY,30,2014,DODGE,CHARGER
MCP2651002B,180049993,Montgomery County Police,Injury Crash,10-06-18 11:56,Maryland (State),UNIVERSITY BLVD E,NAVAHOE DR,SAME DIRECTION RIGHT TURN,CLOUDY,DRY,DAYLIGHT,,,Yes,POSSIBLE INJURY,UNKNOWN,MD,PASSENGER CAR,35,2014,HONDA,CIVIC
MCP29170047,190020172,Montgomery County Police,Injury Crash,04/30/2019 11:21:00 PM,Maryland (State),LAYHILL RD,DECKMAN LA,SAME DIRECTION SIDESWIPE,CLEAR,DRY,DARK NO LIGHTS,NO CONTROLS,NONE DETECTED,Yes,NO APPARENT INJURY,NOT DISTRACTED,MD,PASSENGER CAR,40,2003,FORD,MUSTANG
MCP2756005V,240019756,MONTGOMERY,Property Damage Crash,04/28/2024 09:31:00 AM,Maryland (State) Route,GEORGIA AVE (SB/L),,Front to Rear,Clear,Dry,Daylight,No Controls,"Not Suspect of Alcohol Use, Not Suspect of Drug Use",No,No Apparent Injury,Not Distracted,MD,Passenger Car,40,2008,ACURA,TSX
DD56420017,200014883,Rockville Police Departme,Property Damage Crash,04-03-20 10:45,,,,SINGLE VEHICLE,CLEAR,,DAYLIGHT,,NONE DETECTED,Yes,NO APPARENT INJURY,NOT DISTRACTED,MD,PASSENGER CAR,5,2009,HONDA,ACCORD
MCP2046004X,16007240,Montgomery County Police,Property Damage Crash,02-12-16 11:04,Maryland (State),SPENCERVILLE RD,LIONS DEN RD,SAME DIR REAR END,CLEAR,DRY,DAYLIGHT,,NONE DETECTED,Yes,NO APPARENT INJURY,NOT DISTRACTED,MD,PASSENGER CAR,40,1997,LEXS,LS400
MCP2656001J,16054069,Montgomery County Police,Property Damage Crash,10/20/2016 05:21:00 PM,US (State),COLUMBIA PIKE,RAMP 5 FR US 29 SB TO BRIGGS CHANEY RD,SINGLE VEHICLE,CLEAR,DRY,DAYLIGHT,,NONE DETECTED,Yes,NO APPARENT INJURY,NOT DISTRACTED,MD,PASSENGER CAR,30,2009,MINI,COOPER
MCP3377000D,230021631,Montgomery County Police,Property Damage Crash,05-05-23 21:57,County,SEVEN LOCKS RD,BRADLEY BLVD,STRAIGHT MOVEMENT ANGLE,CLEAR,DRY,DARK LIGHTS ON,TRAFFIC SIGNAL,,No,NO APPARENT INJURY,NOT DISTRACTED,MD,PASSENGER CAR,35,2013,HOND,VN
MCP11510077,180006322,Montgomery County Police,Property Damage Crash,02-06-18 11:45,,,,OTHER,CLOUDY,,DAYLIGHT,,NONE DETECTED,No,NO APPARENT INJURY,NOT DISTRACTED,MD,(SPORT) UTILITY VEHICLE,0,2017,MERZ,GLE 350
MCP2314002X,240001042,MONTGOMERY,Property Damage Crash,01-07-24 16:30,Maryland (State) Route,ROCKVILLE PIKE (SB/L),OLD GEORGETOWN RD,Angle,Cloudy,Dry,Daylight,Traffic Control Signal,"Not Suspect of Alcohol Use, Not Suspect of Drug Use",No,No Apparent Injury,Not Distracted,MD,Passenger Car,30,2023,TOYOTA,PRIUS PRIME
MCP2565005Q,180055614,Montgomery County Police,Injury Crash,11-06-18 8:45,Interstate (State),EISENHOWER MEMORIAL HWY,RAMP 6 FR MD 118 EB TO IS 270 SB,SAME DIR REAR END,RAINING,WET,DAYLIGHT,NO CONTROLS,NONE DETECTED,No,POSSIBLE INJURY,NOT DISTRACTED,MD,PASSENGER CAR,55,2003,TOYOTA,4S
MCP29770010,15048455,MONTGOMERY,Property Damage Crash,09/24/2015 02:02:00 PM,Maryland (State),UNIVERSITY BLVD E,GLENVILLE RD,SAME DIRECTION SIDESWIPE,CLEAR,DRY,DAYLIGHT,NO CONTROLS,UNKNOWN,Unknown,NO APPARENT INJURY,UNKNOWN,,PASSENGER CAR,40,2007,TOYT,COROLLA
EJ7856004V,180017056,Gaithersburg Police Depar,Property Damage Crash,04-08-18 16:11,Maryland (State),MONTGOMERY VILLAGE AVE,RUSSELL AVE,SAME DIR REAR END,CLEAR,DRY,DAYLIGHT,,UNKNOWN,Yes,NO APPARENT INJURY,NOT DISTRACTED,MD,(SPORT) UTILITY VEHICLE,35,2017,FORD,EXPLORER
DM8336000M,15064563,TAKOMA,Property Damage Crash,12/17/2015 07:37:00 PM,Maryland (State),FLOWER AVE,HUDSON AVE,OTHER,RAINING,WET,DARK LIGHTS ON,,,No,NO APPARENT INJURY,NOT DISTRACTED,DC,PASSENGER CAR,25,1996,TOYOTA,CAMRY
MCP2921002F,180016420,Montgomery County Police,Property Damage Crash,04-04-18 20:18,Maryland (State),GERMANTOWN RD,FREDERICK RD,SAME DIR REAR END,CLEAR,DRY,DARK LIGHTS ON,TRAFFIC SIGNAL,,No,NO APPARENT INJURY,NOT DISTRACTED,MD,PASSENGER CAR,40,2013,SUBARU,SW
MCP11190078,190037604,Montgomery County Police,Property Damage Crash,08-07-19 8:51,Maryland (State),GEORGIA AVE,LAYHILL RD,OTHER,CLEAR,DRY,DAYLIGHT,YIELD SIGN,NONE DETECTED,Yes,NO APPARENT INJURY,NOT DISTRACTED,MD,(SPORT) UTILITY VEHICLE,30,2010,NISSAN,PATHFINDER
MCP3453001X,250056721,MONTGOMERY,Injury Crash,12/19/2025 01:11:00 PM,Maryland (State) Route,CHERRY HILL RD,,Front to Rear,Clear,Wet,Daylight,Traffic Control Signal,"Not Suspect of Alcohol Use, Not Suspect of Drug Use",No,Suspected Minor Injury,Not Distracted,MD,Van - Passenger (&lt;9 Seats),30,2009,TOYOTA,SIENNA
MCP2687002R,180005562,Montgomery County Police,Property Damage Crash,02-01-18 16:52,Maryland (State),OLD GEORGETOWN RD,WOODMONT AVE,SAME DIRECTION LEFT TURN,CLEAR,DRY,DAYLIGHT,TRAFFIC SIGNAL,NONE DETECTED,Yes,NO APPARENT INJURY,LOOKED BUT DID NOT SEE,MD,PASSENGER CAR,25,2010,TOYOTA,COROLLA
EJ7860001H,180020849,Gaithersburg Police Depar,Injury Crash,04/28/2018 09:19:00 PM,Maryland (State),FREDERICK RD,ODENDHAL AVE,ANGLE MEETS LEFT TURN,CLOUDY,DRY,DARK LIGHTS ON,NO CONTROLS,NONE DETECTED,Yes,NO APPARENT INJURY,LOOKED BUT DID NOT SEE,MD,PASSENGER CAR,30,2013,BMW,325I
MCP3309002C,240008592,MONTGOMERY,Injury Crash,02/21/2024 09:57:00 PM,Maryland (State) Route,NEW HAMPSHIRE AVE (SB/L),STONEGATE DR STONEGATE DR (EB/L),Angle,Clear,Dry,Dark - Lighted,Stop Sign,"Not Suspect of Alcohol Use, Not Suspect of Drug Use",Yes,No Apparent Injury,Not Distracted,MD,Passenger Car,25,2020,CHEVROLET,MALIBU
DM83760003,15007388,Takoma Park Police Depart,Injury Crash,02/15/2015 09:19:00 PM,Municipality,LAUREL AVE,CARROLL AVE,UNKNOWN,CLEAR,DRY,DARK LIGHTS ON,,,Yes,NO APPARENT INJURY,NOT DISTRACTED,MD,PICKUP TRUCK,25,2002,DODGE,RAM
EJ7873008N,240001595,GAITHERSBURG,Property Damage Crash,01-10-24 18:51,Maryland (State) Route,W DIAMOND AVE (WB/L),,"Sideswipe, Same Direction",Clear,Dry,Dusk,Traffic Control Signal,"Not Suspect of Alcohol Use, Not Suspect of Drug Use",No,No Apparent Injury,Not Distracted,MD,Passenger Car,35,2013,TOYOTA,COROLLA
MCP1378006Z,15034808,MONTGOMERY,Property Damage Crash,07/15/2015 04:58:00 PM,Maryland (State),WOODFIELD RD,ROSEWOOD MANOR LA,SAME DIR REAR END,CLOUDY,DRY,DAYLIGHT,NO CONTROLS,NONE DETECTED,No,NO APPARENT INJURY,NOT DISTRACTED,MD,PASSENGER CAR,45,2007,LEXUS,IS 350
MCP22030084,240004975,MONTGOMERY,Property Damage Crash,01/30/2024 07:00:00 PM,,,,"Sideswipe, Same Direction",Unknown,,Unknown,,"Unknown, Unknown",No,No Apparent Injury,Unknown,MD,Passenger Car,0,2009,TOYOTA,CAMRY
MCP27610015,16037658,Montgomery County Police,Property Damage Crash,07/25/2016 03:25:00 PM,Maryland (State),RIDGE RD,MAIN ST,HEAD ON LEFT TURN,CLEAR,,DAYLIGHT,TRAFFIC SIGNAL,NONE DETECTED,No,NO APPARENT INJURY,NOT DISTRACTED,MD,PASSENGER CAR,35,2006,TOYT,4S
MCP3291001S,240008791,MONTGOMERY,Property Damage Crash,02/22/2024 08:58:00 PM,,,,Rear To Side,Rain,,Dark - Lighted,,"Unknown, Unknown",No,No Apparent Injury,Not Distracted,MD,Passenger Car,0,2018,MAZDA,MAZDA3
MCP3123007G,240045491,MONTGOMERY,Property Damage Crash,09/24/2024 07:00:00 AM,Maryland (State) Route,GREAT SENECA HWY,MIDDLEBROOK RD,Front to Rear,Rain,Wet,Dawn,Traffic Control Signal,"Not Suspect of Alcohol Use, Not Suspect of Drug Use",No,No Apparent Injury,Not Distracted,MD,Passenger Car,40,2016,HONDA,CIVIC
MCP268900D9,250048685,MONTGOMERY,Injury Crash,10/30/2025 08:42:00 AM,County Route,TRAVILAH RD,,Front to Rear,Rain,Wet,Daylight,No Controls,"Not Suspect of Alcohol Use, Not Suspect of Drug Use",No,Possible Injury,Not Distracted,MD,Passenger Car,30,2024,KIA,SPORTAGE
MCP93790034,210015091,Montgomery County Police,Property Damage Crash,04/23/2021 09:15:00 AM,County,TWINBROOK PKWY,BESLEY CT,STRAIGHT MOVEMENT ANGLE,CLEAR,DRY,DAYLIGHT,NO CONTROLS,NONE DETECTED,No,NO APPARENT INJURY,NOT DISTRACTED,MD,PASSENGER CAR,35,2001,MERZ,E320
MCP3050000G,17016259,Montgomery County Police,Property Damage Crash,03/30/2017 09:00:00 PM,,,,OTHER,CLEAR,,DARK LIGHTS ON,,,Yes,NO APPARENT INJURY,UNKNOWN,,VAN,10,2001,OLDSMOBILE,SILOUETTE
MCP3218003W,230013202,Montgomery County Police,Injury Crash,03/18/2023 05:10:00 PM,Maryland (State),UNIVERSITY BLVD W,DAYTON ST,SINGLE VEHICLE,CLEAR,DRY,DAYLIGHT,NO CONTROLS,NONE DETECTED,Unknown,POSSIBLE INJURY,OTHER DISTRACTION,MD,PASSENGER CAR,35,2012,FORD,TRANSIT
DM8505000C,230024607,Takoma Park Police Depart,Property Damage Crash,05/22/2023 07:20:00 PM,Municipality,HOLTON LA,NEW HAMPSHIRE AVE,SAME DIRECTION LEFT TURN,CLEAR,,DAYLIGHT,NO CONTROLS,,Yes,NO APPARENT INJURY,LOOKED BUT DID NOT SEE,MD,PASSENGER CAR,25,2005,HONDA,PILOT
MCP271700HF,180023059,Montgomery County Police,Property Damage Crash,05-10-18 17:45,US (State),COLUMBIA PIKE,RAMP 2 FR DUSTIN RD TO US 29 NB,SAME DIR REAR END,CLEAR,DRY,DAYLIGHT,NO CONTROLS,NONE DETECTED,No,NO APPARENT INJURY,NOT DISTRACTED,MD,VAN,55,2005,HONDA,ODYSSEY
EJ7888005J,230070662,Gaithersburg Police Depar,Injury Crash,12-08-23 17:30,,,,STRAIGHT MOVEMENT ANGLE,CLEAR,,DARK LIGHTS ON,NO CONTROLS,NONE DETECTED,Yes,NO APPARENT INJURY,LOOKED BUT DID NOT SEE,MD,PASSENGER CAR,5,2013,VOLKSWAGEN,JETTA
MCP3068003V,220010178,Montgomery County Police,Property Damage Crash,03-09-22 16:15,Maryland (State),BRADLEY BLVD,ENT TO SCHOOL,SAME DIR REAR END,CLEAR,WET,DAYLIGHT,,,Yes,NO APPARENT INJURY,INATTENTIVE OR LOST IN THOUGHT,MD,(SPORT) UTILITY VEHICLE,40,2018,CHEV,SUBURBAN
MCP30290009,17007389,Montgomery County Police,Property Damage Crash,02-10-17 20:21,Maryland (State),VEIRS MILL RD,REEDIE DR,SAME DIRECTION SIDESWIPE,CLEAR,DRY,DARK LIGHTS ON,TRAFFIC SIGNAL,NONE DETECTED,Yes,NO APPARENT INJURY,NOT DISTRACTED,MD,TRANSIT BUS,35,2016,GILL,BUS
MCP2846002W,170507197,Montgomery County Police,Injury Crash,05-11-17 10:36,Maryland (State),CONNECTICUT AVE,RANDOLPH RD,SAME DIR REAR END,RAINING,WET,DAYLIGHT,NO CONTROLS,NONE DETECTED,Yes,NO APPARENT INJURY,LOOKED BUT DID NOT SEE,MD,PASSENGER CAR,40,2004,PONT,4S
DD559500CG,220052790,Rockville Police Departme,Property Damage Crash,11/30/2022 08:50:00 AM,County,MONTROSE RD,TILDENWOOD DR,SAME DIR REAR END,RAINING,WET,DAYLIGHT,TRAFFIC SIGNAL,NONE DETECTED,No,NO APPARENT INJURY,NOT DISTRACTED,MD,PASSENGER CAR,40,2020,TOYT,UT
MCP3126004S,230054702,Montgomery County Police,Property Damage Crash,09/13/2023 05:56:00 PM,Maryland (State),FREDERICK RD,REDGRAVE PL,STRAIGHT MOVEMENT ANGLE,CLEAR,DRY,DAYLIGHT,STOP SIGN,NONE DETECTED,Yes,NO APPARENT INJURY,LOOKED BUT DID NOT SEE,VA,PICKUP TRUCK,40,2015,TOYOTA,TACOMA
MCP3007000Y,16038852,Montgomery County Police,Property Damage Crash,08-01-16 8:58,County,BEL PRE RD,CONNECTICUT AVE,HEAD ON LEFT TURN,CLEAR,DRY,DAYLIGHT,TRAFFIC SIGNAL,NONE DETECTED,No,NO APPARENT INJURY,NOT DISTRACTED,MD,PASSENGER CAR,40,2006,TOYT,4S
MCP2077006N,250055005,MONTGOMERY,Property Damage Crash,12-09-25 10:45,County Route,DEMOCRACY BLVD,,Front to Rear,Cloudy,Dry,Daylight,Traffic Control Signal,"Not Suspect of Alcohol Use, Not Suspect of Drug Use",No,No Apparent Injury,Not Distracted,MD,Passenger Car,35,2017,HYUNDAI,ELANTRA
MCP2549005W,170513188,Montgomery County Police,Property Damage Crash,06-12-17 10:49,Maryland (State),OLD GEORGETOWN RD,LONE OAK DR,SAME DIR REAR END,CLEAR,DRY,DAYLIGHT,,NONE DETECTED,Yes,NO APPARENT INJURY,OTHER DISTRACTION,MD,PASSENGER CAR,40,2008,DODGE,CARAVAN
MCP9106001J,170544814,Montgomery County Police,Injury Crash,11/25/2017 12:23:00 PM,Maryland (State),GERMANTOWN RD,AIRCRAFT DR,SINGLE VEHICLE,CLEAR,DRY,DAYLIGHT,NO CONTROLS,NONE DETECTED,Yes,SUSPECTED MINOR INJURY,NOT DISTRACTED,MD,(SPORT) UTILITY VEHICLE,40,2017,SUBARU,FORESTER
MCP25940062,200009011,Montgomery County Police,Property Damage Crash,02/23/2020 01:00:00 PM,Maryland (State),NORBECK RD,BAILEYS LA,SAME DIR REAR END,CLEAR,DRY,DAYLIGHT,TRAFFIC SIGNAL,NONE DETECTED,No,NO APPARENT INJURY,NOT DISTRACTED,MD,PASSENGER CAR,40,2016,HONDA,CRV
MCP243600BF,200035613,Montgomery County Police,Property Damage Crash,09-11-20 9:15,Maryland (State),PINEY BRANCH RD,UNIVERSITY BLVD E,SAME DIR REAR END,CLEAR,DRY,DAYLIGHT,TRAFFIC SIGNAL,NONE DETECTED,No,NO APPARENT INJURY,NOT DISTRACTED,MD,PASSENGER CAR,35,2012,HONDA,ACCORD
DD56100015,15037564,ROCKVILLE,Property Damage Crash,07/29/2015 05:23:00 PM,Municipality,ROCKLAND RD,HALSEY RD,SAME DIRECTION RIGHT TURN,CLEAR,DRY,DAYLIGHT,NO CONTROLS,,No,NO APPARENT INJURY,NOT DISTRACTED,MD,"OTHER LIGHT TRUCKS (10,000LBS (4,536KG) OR LESS)",25,2001,GRUMMAN,ALLIED
MCP243600G5,220056312,Montgomery County Police,Injury Crash,12/19/2022 08:06:00 PM,,,,SINGLE VEHICLE,CLEAR,,DARK LIGHTS ON,NO CONTROLS,NONE DETECTED,Yes,POSSIBLE INJURY,UNKNOWN,MD,PASSENGER CAR,0,2015,HYUNDAI,ELANTRA
MCP9392000S,180038617,Montgomery County Police,Property Damage Crash,08-04-18 1:20,Maryland (State),CLOPPER RD,ALLSPICE RD,OPPOSITE DIRECTION SIDESWIPE,RAINING,WET,DARK LIGHTS ON,NO CONTROLS,,No,NO APPARENT INJURY,NOT DISTRACTED,MD,POLICE VEHICLE/EMERGENCY,35,2012,DODGE,CHARGER
MCP3269003H,240032637,MONTGOMERY,Property Damage Crash,07-11-24 1:10,Maryland (State) Route,E RANDOLPH RD,OLD COLUMBIA PIKE,Angle,Clear,Dry,Dark - Lighted,Flashing Traffic Control Signal,"Not Suspect of Alcohol Use, Not Suspect of Drug Use",No,No Apparent Injury,Not Distracted,MD,Passenger Car,35,2007,TOYOTA,YARIS
MCP9419003V,220044215,Montgomery County Police,Injury Crash,10-10-22 8:37,County,SHADY GROVE RD,RAMP 9 FR IS 370 EB TO SHADY GROVE RD,SAME DIRECTION SIDESWIPE,CLEAR,DRY,DAYLIGHT,TRAFFIC SIGNAL,NONE DETECTED,No,NO APPARENT INJURY,NOT DISTRACTED,WA,PASSENGER CAR,40,2012,TOYOTA,CAMRY
MCP2863002L,220053253,Montgomery County Police,Property Damage Crash,12-02-22 15:45,Other Public Roadway,CRABBS BRANCH WAY,RAMP 6 FR IS 370 EB TO MD 200A SB,,CLEAR,DRY,DAYLIGHT,NO CONTROLS,NONE DETECTED,No,NO APPARENT INJURY,NOT DISTRACTED,MD,OTHER BUS,25,2021,GILG,BU
MCP29230043,180022804,Montgomery County Police,Injury Crash,05-09-18 11:46,Maryland (State),VEIRS MILL RD,ENNALLS AVE,STRAIGHT MOVEMENT ANGLE,CLEAR,DRY,DAYLIGHT,NO CONTROLS,NONE DETECTED,No,SUSPECTED MINOR INJURY,NOT DISTRACTED,MD,(SPORT) UTILITY VEHICLE,35,2017,FORD,SUV
EJ78880088,250047534,GAITHERSBURG,Property Damage Crash,10/22/2025 05:53:00 PM,Municipality Route,WATKINS MILL RD (SB/L),TRAVIS AVE,Front to Rear,Clear,Dry,Dusk,Stop Sign,"Not Suspect of Alcohol Use, Not Suspect of Drug Use",No,No Apparent Injury,Not Distracted,MD,Passenger Car,30,2012,HYUNDAI,ACCENT
EJ7885002Y,230009850,Gaithersburg Police Depar,Property Damage Crash,02/27/2023 06:56:00 PM,Municipality,S SUMMIT AVE,HUTTON ST,SAME DIRECTION LEFT TURN,,WET,DARK LIGHTS ON,NO CONTROLS,NONE DETECTED,Yes,NO APPARENT INJURY,UNKNOWN,MD,PASSENGER CAR,25,2016,HONDA,CIVIC
MCP2830003B,170530273,Montgomery County Police,Injury Crash,09/13/2017 07:39:00 AM,County,RANDOLPH RD,SPRING TREE DR,SAME DIR REAR END,RAINING,WET,OTHER,NO CONTROLS,NONE DETECTED,No,POSSIBLE INJURY,NOT DISTRACTED,MA,PASSENGER CAR,40,2015,HYUNDAI,4S
MCP284800BP,210050010,Montgomery County Police,Property Damage Crash,12-08-21 23:32,County,ADAMS DR,SHALER DR,SAME DIRECTION SIDESWIPE,CLEAR,DRY,DARK LIGHTS ON,NO CONTROLS,UNKNOWN,Yes,NO APPARENT INJURY,UNKNOWN,,,25,0,UNKNOWN,UNKNOWN
MCP27630025,190052359,Montgomery County Police,Property Damage Crash,10/31/2019 08:07:00 AM,County,OMEGA DR,RESEARCH BLVD,SINGLE VEHICLE,RAINING,WET,DAYLIGHT,NO CONTROLS,NONE DETECTED,Yes,NO APPARENT INJURY,NOT DISTRACTED,MD,PASSENGER CAR,35,2010,HONDA,CIVIC
DM8378000Q,17016361,Takoma Park Police Depart,Property Damage Crash,03/31/2017 01:30:00 PM,Municipality,TAKOMA AVE,FENTON ST,STRAIGHT MOVEMENT ANGLE,RAINING,WET,DAYLIGHT,,NONE DETECTED,No,NO APPARENT INJURY,NOT DISTRACTED,MD,PASSENGER CAR,25,2012,NISS,4S
HA23990013,17001497,Maryland-National Capital,Injury Crash,11-12-17 14:41,Government,BEACH DR,GARRETT PARK RD,OPPOSITE DIRECTION SIDESWIPE,CLEAR,DRY,DAYLIGHT,NO CONTROLS,,No,SUSPECTED MINOR INJURY,NOT DISTRACTED,MD,(SPORT) UTILITY VEHICLE,25,2011,NISSAN,ROGUE
MCP12050082,220035795,Montgomery County Police,Injury Crash,08/19/2022 10:29:00 AM,County,BROOKVILLE RD,ENT ARMY MED CTR,SAME DIR REAR END,CLEAR,DRY,DAYLIGHT,NO CONTROLS,NONE DETECTED,Yes,NO APPARENT INJURY,UNKNOWN,VA,VAN,30,2019,DODGE,CARAVAN