Report Number,Local Case Number,Agency Name,ACRS Report Type,Crash Date/Time,Route Type,Road Name,Cross-Street Name,Collision Type,Weather,Surface Condition,Light,Traffic Control,Driver Substance Abuse,Driver At Fault,Injury Severity,Driver Distracted By,Drivers License State,Vehicle Body Type,Speed Limit,Vehicle Year,Vehicle Make,Vehicle Model
EJ7852001V,180012066,Gaithersburg Police Depar,Property Damage Crash,03-10-18 1:22,Maryland (State),FREDERICK RD,MONTGOMERY VILLAGE AVE,SINGLE VEHICLE,CLEAR,DRY,DARK LIGHTS ON,TRAFFIC SIGNAL,ALCOHOL CONTRIBUTED,Yes,NO APPARENT INJURY,NOT DISTRACTED,MD,PASSENGER CAR,35,2009,PONTIAC,TORRENT
MCP09360031,190017922,Montgomery County Police,Property Damage Crash,04/17/2019 06:29:00 AM,Maryland (State),ROCKVILLE PIKE,OLD GEORGETOWN RD,SAME DIR REAR END,CLEAR,DRY,DAYLIGHT,TRAFFIC SIGNAL,NONE DETECTED,No,NO APPARENT INJURY,NOT DISTRACTED,MD,RECREATIONAL VEHICLE,40,2013,HOND,PILOT
MCP3350000Z,230050332,Montgomery County Police,Property Damage Crash,08/20/2023 06:54:00 AM,County,LYTTONSVILLE RD,ROSS RD,SAME DIR REAR END,CLEAR,DRY,DARK -- UNKNOWN LIGHTING,NO CONTROLS,ALCOHOL CONTRIBUTED,Yes,NO APPARENT INJURY,UNKNOWN,MD,PASSENGER CAR,25,2003,HONDA,ACCORD
MCP1233001F,17000814,Montgomery County Police,Property Damage Crash,01-05-17 15:26,County,STONEYBROOK DR,KENT ST,SAME DIR REAR END,CLOUDY,DRY,DAYLIGHT,NO CONTROLS,NONE DETECTED,No,NO APPARENT INJURY,NOT DISTRACTED,MD,PICKUP TRUCK,25,2011,FORD,TRUCK
MCP1477000S,240000762,MONTGOMERY,Injury Crash,01-05-24 13:38,County Route,BRIGGS CHANEY RD,RAMP 1 FR US29 NB TO BRIGGS CHANEY RD WB,Other,Clear,Dry,Daylight,Traffic Control Signal,"Not Suspect of Alcohol Use, Not Suspect of Drug Use",No,No Apparent Injury,Not Distracted,MD,Other Trucks,35,2011,PRECISION,UNKNOWN
MCP3038003Z,190041619,Montgomery County Police,Injury Crash,08/30/2019 08:28:00 PM,Maryland (State),OLD GEORGETOWN RD,CHESHIRE DR,HEAD ON LEFT TURN,CLEAR,DRY,DARK LIGHTS ON,TRAFFIC SIGNAL,,No,SUSPECTED MINOR INJURY,NOT DISTRACTED,VA,PASSENGER CAR,45,2017,HONDA,ACCORD
MCP3093004F,220056869,Montgomery County Police,Property Damage Crash,12/22/2022 06:35:00 PM,Maryland (State),EAST WEST HWY,MEADOW LA,OTHER,RAINING,WET,DARK LIGHTS ON,,,Yes,NO APPARENT INJURY,LOOKED BUT DID NOT SEE,MD,(SPORT) UTILITY VEHICLE,30,2020,MERZ,BU
MCP2667001C,15061082,MONTGOMERY,Injury Crash,11/30/2015 10:11:00 AM,Maryland (State),QUINCE ORCHARD RD,ENT TO PARK & RIDE,HEAD ON LEFT TURN,CLOUDY,DRY,DAYLIGHT,TRAFFIC SIGNAL,UNKNOWN,Yes,NO APPARENT INJURY,UNKNOWN,,(SPORT) UTILITY VEHICLE,35,2004,HONDA,PILOT
MCP20160063,220013112,Montgomery County Police,Property Damage Crash,03/27/2022 12:34:00 PM,County,E JEFFERSON ST,ENT TO FEDERAL PLAZA SC,STRAIGHT MOVEMENT ANGLE,CLOUDY,DRY,DAYLIGHT,NO CONTROLS,,Yes,NO APPARENT INJURY,NOT DISTRACTED,MD,PASSENGER CAR,35,2009,LINCOLN,TOWNCAR
MCP31530043,220016133,Montgomery County Police,Property Damage Crash,04/16/2022 11:09:00 AM,County,GLENALLAN AVE,GEORGIA AVE,SINGLE VEHICLE,CLEAR,DRY,DAYLIGHT,NO CONTROLS,UNKNOWN,Yes,NO APPARENT INJURY,UNKNOWN,MD,PASSENGER CAR,30,2004,HOND,CIVIC
MCP2940004C,190062281,Montgomery County Police,Property Damage Crash,12/27/2019 08:55:00 AM,County,RIVER RD,NEVIS RD,SAME DIRECTION RIGHT TURN,CLOUDY,DRY,DAYLIGHT,TRAFFIC SIGNAL,NONE DETECTED,Yes,NO APPARENT INJURY,UNKNOWN,MD,PASSENGER CAR,35,2013,VOLK,GOLF
MCP27380010,15045344,MONTGOMERY,Injury Crash,09-08-15 16:04,County,LOCKWOOD DR,NEW HAMPSHIRE AVE,SAME DIR REAR END,CLEAR,DRY,DAYLIGHT,NO CONTROLS,NONE DETECTED,No,NO APPARENT INJURY,NOT DISTRACTED,MD,PASSENGER CAR,30,2003,MAZDA,PROTEGE
EJ7903003H,250004377,GAITHERSBURG,Injury Crash,01/30/2025 03:00:00 PM,Municipality Route,N SUMMIT AVE,,Front to Rear,Clear,Dry,Daylight,No Controls,"Not Suspect of Alcohol Use, Not Suspect of Drug Use",Yes,No Apparent Injury,Unknown,MD,Passenger Car,30,2015,HONDA,CIVIC
MCP2780003N,180010421,Montgomery County Police,Property Damage Crash,02/28/2018 04:00:00 PM,Maryland (State),RIDGE RD,DAVIS MILL RD,SAME DIRECTION LEFT TURN,CLOUDY,DRY,DAYLIGHT,,NONE DETECTED,Yes,NO APPARENT INJURY,LOOKED BUT DID NOT SEE,MD,PASSENGER CAR,40,2015,BMW,M4
MCP09420039,210034243,Montgomery County Police,Property Damage Crash,09-01-21 13:27,Municipality,47TH ST,WILLOW LA,SAME DIRECTION SIDESWIPE,RAINING,WET,DAYLIGHT,NO CONTROLS,NONE DETECTED,Yes,NO APPARENT INJURY,NOT DISTRACTED,MD,PASSENGER CAR,25,2014,FORD,FOCUS
DM8338001M,190017027,Takoma Park Police Depart,Property Damage Crash,04-12-19 7:44,Maryland (State),NEW HAMPSHIRE AVE,CROSSOVER,OTHER,CLEAR,DRY,DAYLIGHT,NO CONTROLS,,No,NO APPARENT INJURY,NOT DISTRACTED,MD,"CARGO VAN/LIGHT TRUCK 2 AXLES (OVER 10,000LBS (4,536 KG))",35,2017,ISU,TK
MCP3094000X,190004049,Montgomery County Police,Property Damage Crash,01/25/2019 10:09:00 PM,Municipality,FIRSTFIELD RD,CLOPPER RD,SAME DIRECTION RIGHT TURN,CLEAR,DRY,DARK LIGHTS ON,TRAFFIC SIGNAL,UNKNOWN,Yes,NO APPARENT INJURY,NOT DISTRACTED,,,30,0,UNKNOWN,UNKNOWN
MCP2845000Y,15018351,Montgomery County Police,Property Damage Crash,04/19/2015 01:56:00 PM,Maryland (State),PINEY BRANCH RD,CARROLL AVE,SAME DIR REAR END,CLEAR,DRY,DAYLIGHT,NO CONTROLS,NONE DETECTED,No,NO APPARENT INJURY,NOT DISTRACTED,MD,(SPORT) UTILITY VEHICLE,30,2006,FORD,TK
MCP29520018,15054923,MONTGOMERY,Property Damage Crash,10/29/2015 07:25:00 AM,Maryland (State),NEW HAMPSHIRE AVE,POWDER MILL RD,SAME DIR REAR END,CLEAR,WET,DAWN,TRAFFIC SIGNAL,NONE DETECTED,Yes,NO APPARENT INJURY,NOT DISTRACTED,MD,VAN,40,2001,FORD,E250
DM84900020,220035339,Takoma Park Police Depart,Property Damage Crash,08/16/2022 01:59:00 PM,Maryland (State),NEW HAMPSHIRE AVE,DEVONSHIRE RD,OTHER,CLEAR,DRY,DAYLIGHT,,,Yes,NO APPARENT INJURY,LOOKED BUT DID NOT SEE,VA,PASSENGER CAR,35,2015,TOYOTA,RAV4
MCP9113004K,190009796,Montgomery County Police,Injury Crash,03-02-19 6:26,County,RANDOLPH RD,GOODHILL RD,SINGLE VEHICLE,CLEAR,WET,DARK LIGHTS ON,NO CONTROLS,ALCOHOL PRESENT,Yes,SUSPECTED MINOR INJURY,UNKNOWN,MD,PASSENGER CAR,35,2015,ACUR,RDX
EJ77640003,16047792,Gaithersburg Police Depar,Property Damage Crash,09/17/2016 01:54:00 PM,Maryland (State),QUINCE ORCHARD RD,KENTLANDS BLVD,STRAIGHT MOVEMENT ANGLE,CLEAR,DRY,DAYLIGHT,TRAFFIC SIGNAL,NONE DETECTED,Yes,NO APPARENT INJURY,UNKNOWN,MD,PASSENGER CAR,40,2001,NISSAN,ALTIMA
MCP25130004,16003734,Montgomery County Police,Injury Crash,01/20/2016 07:15:00 PM,US (State),COLUMBIA PIKE,NORTHWEST DR,SAME DIR REAR END,SNOW,SLUSH,DARK -- UNKNOWN LIGHTING,NO CONTROLS,NONE DETECTED,Yes,SUSPECTED MINOR INJURY,NOT DISTRACTED,MD,VAN,45,2002,TOYT,SIENNA
MCP271700YG,240001576,MONTGOMERY,Property Damage Crash,01-10-24 17:35,Maryland (State) Route,W MONTGOMERY AVE (WB/L),,Front to Rear,Clear,Dry,Dark - Lighted,No Controls,"Not Suspect of Alcohol Use, Not Suspect of Drug Use",No,No Apparent Injury,Not Distracted,MD,Passenger Car,30,2019,TOYOTA,UNKNOWN
MCP30730044,190042605,Montgomery County Police,Property Damage Crash,09-05-19 18:49,County,ELBY ST,WELLER RD,OTHER,,,DAYLIGHT,STOP SIGN,,No,NO APPARENT INJURY,NOT DISTRACTED,MD,PASSENGER CAR,25,1999,TOYT,4S
MCP3109008Y,240000907,MONTGOMERY,Injury Crash,01-06-24 15:03,US (State),COLESVILLE RD,,Front to Rear,Rain,Wet,Daylight,Traffic Control Signal,"Not Suspect of Alcohol Use, Not Suspect of Drug Use",No,Possible Injury,Not Distracted,MD,Sport Utility Vehicle,35,2015,JEEP,CHEROKEE
EJ7906002J,250024406,GAITHERSBURG,Injury Crash,06-01-25 22:43,Bicycle Route,,DIAMONDBACK DR MUDDY BRANCH RD,Other,Clear,Dry,Dark - Lighted,Traffic Control Signal,"Not Suspect of Alcohol Use, Not Suspect of Drug Use",No,Suspected Minor Injury,Unknown,VA,Passenger Car,35,2016,HONDA,CIVIC
MCP27390033,200004111,Montgomery County Police,Property Damage Crash,01/25/2020 03:41:00 AM,Interstate (State),CAPITAL BELTWAY,RAMP 1 FR RAMP 4 (FR MD650) TO IS 495 WB,SINGLE VEHICLE,RAINING,WET,DARK LIGHTS ON,NO CONTROLS,NONE DETECTED,Yes,NO APPARENT INJURY,NOT DISTRACTED,MD,PASSENGER CAR,55,2005,NISSAN,MURANO
MCP28930013,15013415,Montgomery County Police,Injury Crash,03/23/2015 05:26:00 PM,Maryland (State),FREDERICK RD,GUNNERS BRANCH RD,SAME DIR REAR END,CLEAR,DRY,DAYLIGHT,TRAFFIC SIGNAL,NONE DETECTED,No,NO APPARENT INJURY,NOT DISTRACTED,MD,PASSENGER CAR,40,2010,FORD,FUSION
MCP2899003F,200007632,Montgomery County Police,Property Damage Crash,02/15/2020 12:01:00 AM,US (State),COLESVILLE RD,GEORGIA AVE,SAME DIRECTION SIDESWIPE,CLEAR,DRY,DARK LIGHTS ON,NO CONTROLS,NONE DETECTED,Yes,NO APPARENT INJURY,UNKNOWN,MD,PASSENGER CAR,35,2005,MERCEDES BENZ,CLK500
MCP93860091,220007795,Montgomery County Police,Property Damage Crash,02/22/2022 07:30:00 AM,County,FALLS CHAPEL WAY,FALLS RD,SAME DIR REAR END,CLEAR,DRY,DAYLIGHT,TRAFFIC SIGNAL,NONE DETECTED,Yes,NO APPARENT INJURY,UNKNOWN,MD,PASSENGER CAR,35,2009,HONDA,ACCORD
MCP25660006,16037807,Montgomery County Police,Injury Crash,07/27/2016 02:00:00 PM,County,LOCKWOOD DR,NEW HAMPSHIRE AVE,SAME DIR REND LEFT TURN,,DRY,DAYLIGHT,NO CONTROLS,NONE DETECTED,No,POSSIBLE INJURY,NOT DISTRACTED,MD,PASSENGER CAR,35,2011,TOYOTA,CAMRY
DD5502001B,15029916,Rockville Police Departme,Property Damage Crash,06/19/2015 11:04:00 AM,Municipality,BALTIMORE RD,TWINBROOK PKWY,SAME DIRECTION SIDESWIPE,CLEAR,DRY,DAYLIGHT,NO CONTROLS,NONE DETECTED,No,NO APPARENT INJURY,NOT DISTRACTED,MD,PASSENGER CAR,25,1993,TOYOTA,4D
MCP3086009Q,230067359,Montgomery County Police,Property Damage Crash,11/20/2023 09:05:00 AM,County,WELBECK WAY,WELBECK WAY,STRAIGHT MOVEMENT ANGLE,CLOUDY,DRY,DAYLIGHT,NO CONTROLS,NONE DETECTED,Yes,NO APPARENT INJURY,LOOKED BUT DID NOT SEE,MD,SCHOOL BUS,25,2020,THMS,BU
MCP2946002T,180044467,Montgomery County Police,Property Damage Crash,09-06-18 8:48,Maryland (State),CLOPPER RD,SCHAEFFER RD,SAME DIR REAR END,,DRY,DAYLIGHT,,NONE DETECTED,No,NO APPARENT INJURY,NOT DISTRACTED,MD,PASSENGER CAR,45,2014,HONDA,CIVIC
MCP2182002Q,210027303,Montgomery County Police,Property Damage Crash,07/15/2021 10:35:00 AM,Maryland (State),GEORGIA AVE,ROSSMOOR BLVD,SAME DIR REAR END,CLEAR,DRY,DAYLIGHT,TRAFFIC SIGNAL,NONE DETECTED,No,NO APPARENT INJURY,NOT DISTRACTED,MD,PASSENGER CAR,40,2015,KIA,SPORTAGE
MCP2244000L,15047720,MONTGOMERY,Injury Crash,09/20/2015 08:14:00 PM,Maryland (State),NEW HAMPSHIRE AVE,OAKVIEW DR,STRAIGHT MOVEMENT ANGLE,CLEAR,DRY,DARK LIGHTS ON,TRAFFIC SIGNAL,NONE DETECTED,No,POSSIBLE INJURY,NOT DISTRACTED,MD,PASSENGER CAR,40,2006,INFINITY,G35
MCP10220060,16059172,Montgomery County Police,Property Damage Crash,11/17/2016 07:58:00 AM,Maryland (State),GERMANTOWN RD,GOLDENROD LA,STRAIGHT MOVEMENT ANGLE,CLEAR,DRY,DAYLIGHT,TRAFFIC SIGNAL,NONE DETECTED,Yes,NO APPARENT INJURY,NOT DISTRACTED,MD,(SPORT) UTILITY VEHICLE,40,2011,HONDA,CRV
MCP24400014,220049868,Montgomery County Police,Injury Crash,11-11-22 14:00,County,CENTERWAY RD,GOSHEN RD,HEAD ON LEFT TURN,RAINING,WET,DAYLIGHT,TRAFFIC SIGNAL,NONE DETECTED,No,NO APPARENT INJURY,NOT DISTRACTED,MD,(SPORT) UTILITY VEHICLE,35,2020,CHRYSLER,VOYAYER
MCP9311004M,250001228,MONTGOMERY,Property Damage Crash,01-10-25 8:09,County Route,EWING DR,,"Sideswipe, Opposite Direction",Clear,Ice/Frost,Daylight,No Controls,"Not Suspect of Alcohol Use, Not Suspect of Drug Use",No,No Apparent Injury,Unknown,MD,Bus - School,15,2017,THOMAS BUILT,HDX
MCP9130006Z,190013548,Montgomery County Police,Injury Crash,03/24/2019 10:03:00 AM,County,HARTWELL RD,BRADFORD RD,HEAD ON,CLEAR,DRY,DAYLIGHT,NO CONTROLS,NONE DETECTED,Yes,SUSPECTED MINOR INJURY,OTHER DISTRACTION,MD,PASSENGER CAR,25,2008,HYUNDAI,AZERA
MCP20640011,240017469,MONTGOMERY,Injury Crash,04/15/2024 10:15:00 AM,County Route,PARTNERSHIP RD,,"Sideswipe, Opposite Direction",Clear,Dry,Daylight,No Controls,"Not Suspect of Alcohol Use, Not Suspect of Drug Use",No,Possible Injury,Unknown,VA,Other,40,2019,FORD,UNKNOWN
MCP9113006C,200030475,Montgomery County Police,Property Damage Crash,08-06-20 8:43,Maryland (State),GEORGIA AVE,HEATHFIELD RD,SAME DIR REAR END,CLOUDY,WET,DAYLIGHT,TRAFFIC SIGNAL,NONE DETECTED,Yes,NO APPARENT INJURY,NOT DISTRACTED,MD,PASSENGER CAR,35,2003,MAZD,PROTEGE
MCP2678002Q,210037450,Montgomery County Police,Injury Crash,09/22/2021 01:14:00 PM,Maryland (State),VEIRS MILL RD,PENDLETON DR,SAME DIR REAR END,RAINING,WET,DAYLIGHT,OTHER,,No,POSSIBLE INJURY,NOT DISTRACTED,VA,(SPORT) UTILITY VEHICLE,35,2021,FORD,EXPL
MCP1205008V,230004574,Montgomery County Police,Property Damage Crash,01/28/2023 07:23:00 AM,Maryland (State),CONNECTICUT AVE,EAST WEST HWY,SAME DIR REAR END,CLEAR,DRY,DAWN,TRAFFIC SIGNAL,NONE DETECTED,No,NO APPARENT INJURY,NOT DISTRACTED,MD,PASSENGER CAR,35,2019,JEEP,LIMITED
DD5601001G,15062506,ROCKVILLE,Property Damage Crash,12-07-15 15:00,,,,OTHER,CLEAR,,DAYLIGHT,,,Yes,NO APPARENT INJURY,UNKNOWN,MD,SCHOOL BUS,5,2009,THOM,BUS
MCP27080016,16028851,Montgomery County Police,Injury Crash,06-08-16 19:02,County,DENNIS AVE,HAYWOOD DR,STRAIGHT MOVEMENT ANGLE,CLEAR,DRY,DAYLIGHT,STOP SIGN,NONE DETECTED,Yes,NO APPARENT INJURY,LOOKED BUT DID NOT SEE,VA,VAN,25,2004,TOYOTA,SIENNA
MCP30520035,230000831,Montgomery County Police,Injury Crash,01-05-23 23:24,County,AIRPARK RD,STRATOS LA,OPPOSITE DIRECTION SIDESWIPE,,WET,DARK LIGHTS ON,NO CONTROLS,NONE DETECTED,Yes,NO APPARENT INJURY,LOOKED BUT DID NOT SEE,MD,PASSENGER CAR,40,2005,TOYOTA,COROLLA
MCP2456007Z,230065301,Montgomery County Police,Property Damage Crash,11-09-23 9:00,Maryland (State),UNIVERSITY BLVD E,BEGIN BRIDGE,SAME DIR REAR END,CLEAR,DRY,DAYLIGHT,NO CONTROLS,NONE DETECTED,No,NO APPARENT INJURY,NOT DISTRACTED,MD,PASSENGER CAR,35,2014,TOYOTA,HIGHLANDER
MCP3174004Z,240016002,MONTGOMERY,Property Damage Crash,04-05-24 22:53,Maryland (State) Route,,FLOWER HILL WAY,Front to Front,Clear,Dry,Dark - Lighted,Traffic Control Signal,"Not Suspect of Alcohol Use, Not Suspect of Drug Use",No,No Apparent Injury,Not Distracted,MD,Passenger Car,30,2009,HONDA,CIVIC
MCP26860046,200034397,Montgomery County Police,Property Damage Crash,09-02-20 20:32,County,FATHER HURLEY BLVD,RAMP 8 FR IS270 SB TO FATHER HURLEY BLVD,SINGLE VEHICLE,RAINING,WET,DARK LIGHTS ON,TRAFFIC SIGNAL,NONE DETECTED,Yes,NO APPARENT INJURY,NOT DISTRACTED,MD,PASSENGER CAR,35,2008,LEXES,IS350
DD56120025,180009263,Rockville Police Departme,Property Damage Crash,02/22/2018 03:50:00 PM,,,,SINGLE VEHICLE,CLOUDY,,DAYLIGHT,,NONE DETECTED,Yes,NO APPARENT INJURY,NOT DISTRACTED,MD,PASSENGER CAR,0,2013,FORD,TK
MCP3127002F,230017134,Montgomery County Police,Property Damage Crash,04-10-23 18:25,,,,OTHER,CLEAR,,DAYLIGHT,,UNKNOWN,Yes,NO APPARENT INJURY,UNKNOWN,,PASSENGER CAR,20,2016,LEXUS,UT
MCP22980052,15012920,Montgomery County Police,Property Damage Crash,03/20/2015 06:01:00 PM,Maryland (State),FREDERICK RD,ARCHDALE RD,SAME DIR REAR END,,DRY,DAYLIGHT,NO CONTROLS,NONE DETECTED,Yes,NO APPARENT INJURY,LOOKED BUT DID NOT SEE,MD,PASSENGER CAR,45,2000,FORD,MUSTANG
MCP3429000T,250035039,MONTGOMERY,Property Damage Crash,06/22/2025 09:54:00 PM,County Route,HEWITT AVE,,Angle,Unknown,,Dark - Unknown Lighting,Traffic Control Signal,"Unknown, Unknown",No,,Unknown,,Passenger Car,35,2013,HONDA,CR-V
MCP3303001G,230049118,Montgomery County Police,Injury Crash,08-12-23 15:57,County,FATHER HURLEY BLVD,RAMP 7 FR FATHER HURLEY BLVD TO IS270 SB,SAME DIR REAR END,CLEAR,,DAYLIGHT,TRAFFIC SIGNAL,NONE DETECTED,No,SUSPECTED MINOR INJURY,NOT DISTRACTED,MD,PASSENGER CAR,40,2019,TOYOTA,COROLLA
MCP3233000H,200011782,Montgomery County Police,Injury Crash,03-10-20 12:59,Maryland (State),CAPITOL VIEW AVE,BEECHBANK RD,HEAD ON,CLOUDY,WET,DAYLIGHT,NO CONTROLS,UNKNOWN,Yes,SUSPECTED MINOR INJURY,INATTENTIVE OR LOST IN THOUGHT,MD,PASSENGER CAR,25,2003,MERCURY,4S
MCP06170037,210051980,Montgomery County Police,Property Damage Crash,12/21/2021 09:19:00 AM,Maryland (State),SPENCERVILLE RD,PEACH ORCHARD RD,STRAIGHT MOVEMENT ANGLE,CLOUDY,DRY,DAYLIGHT,FLASHING TRAFFIC SIGNAL,NONE DETECTED,No,NO APPARENT INJURY,NOT DISTRACTED,MD,TRUCK TRACTOR,35,2016,PTRB,TR
EJ77470022,16033848,Gaithersburg Police Depar,Injury Crash,07-04-16 19:02,Municipality,WASHINGTONIAN BLVD,BOARDWALK PL,SAME DIR REAR END,RAINING,WET,DAYLIGHT,OTHER,NONE DETECTED,Yes,NO APPARENT INJURY,NOT DISTRACTED,MD,PASSENGER CAR,25,2012,NISS,4S
MCP3022004B,210048969,Montgomery County Police,Property Damage Crash,12-02-21 16:39,County,BRINK RD,GOSHEN CT,SAME DIR REAR END,CLEAR,DRY,DAYLIGHT,OTHER,,No,NO APPARENT INJURY,NOT DISTRACTED,MD,PASSENGER CAR,0,2017,SUBARU,4S
DD5633003V,200033059,Rockville Police Departme,Property Damage Crash,08/24/2020 02:00:00 PM,County,CORPORATE BLVD,SHADY GROVE RD,SAME DIR REAR END,CLOUDY,DRY,DAYLIGHT,NO CONTROLS,NONE DETECTED,No,NO APPARENT INJURY,NOT DISTRACTED,MD,PASSENGER CAR,40,2019,MERCEDEZ,TK
DD5583001J,16034767,Rockville Police Departme,Property Damage Crash,07-09-16 11:08,County,TWINBROOK PKWY,VEIRS MILL RD,SAME DIRECTION SIDESWIPE,CLEAR,DRY,DAYLIGHT,TRAFFIC SIGNAL,NONE DETECTED,No,NO APPARENT INJURY,NOT DISTRACTED,MD,STATION WAGON,30,2015,AUDI,TK
MCP2678005S,250031043,MONTGOMERY,Injury Crash,07-12-25 11:17,Maryland (State) Route,VEIRS MILL RD,NEWPORT MILL RD,Angle,Clear,Dry,Daylight,Traffic Control Signal,"Not Suspect of Alcohol Use, Not Suspect of Drug Use",Yes,No Apparent Injury,Not Distracted,MD,Sport Utility Vehicle,35,2022,TOYOTA,4-RUNNER
MCP2031000B,15010722,Montgomery County Police,Injury Crash,03-08-15 13:01,Maryland (State),RIDGE RD,KEMPTOWN RD,HEAD ON,CLEAR,DRY,DAYLIGHT,NO CONTROLS,NONE DETECTED,Yes,SUSPECTED MINOR INJURY,NOT DISTRACTED,MD,VAN,30,1996,DODG,VN
MCP3097001J,20000002,Montgomery County Police,Property Damage Crash,01-01-20 2:35,,,,OTHER,CLEAR,,DARK LIGHTS ON,,NONE DETECTED,Yes,NO APPARENT INJURY,UNKNOWN,MD,PASSENGER CAR,25,2017,LAND ROVER,SPORT
MCP22010019,200043718,Montgomery County Police,Property Damage Crash,11-05-20 17:03,US (State),COLESVILLE RD,RAMP 1 FR US 29 NB TO IS 495 WB,OTHER,CLEAR,DRY,DUSK,NO CONTROLS,NONE DETECTED,Yes,NO APPARENT INJURY,NOT DISTRACTED,MD,PASSENGER CAR,35,2018,HONDA,CIVIC
MCP2008001K,15057992,MONTGOMERY,Injury Crash,11/13/2015 03:53:00 PM,County,JONES MILL RD,BLACK CHESTNUT LA,OPPOSITE DIRECTION SIDESWIPE,CLEAR,DRY,DAYLIGHT,,NONE DETECTED,No,NO APPARENT INJURY,NOT DISTRACTED,MD,SCHOOL BUS,25,2003,THOM,BUS
MCP2910001J,15038401,MONTGOMERY,Property Damage Crash,08-03-15 8:25,Interstate (State),CAPITAL BELTWAY,EXIT #33,SAME DIR REAR END,CLEAR,DRY,DAYLIGHT,NO CONTROLS,NONE DETECTED,No,NO APPARENT INJURY,NOT DISTRACTED,MD,VAN,65,2012,CHEVROLET,E1500
MCP24450048,230003655,Montgomery County Police,Property Damage Crash,01/23/2023 08:15:00 AM,Maryland (State),FREDERICK RD,SHAKESPEARE BLVD,SAME DIRECTION SIDESWIPE,CLEAR,WET,DAYLIGHT,TRAFFIC SIGNAL,NONE DETECTED,Yes,NO APPARENT INJURY,LOOKED BUT DID NOT SEE,MD,PASSENGER CAR,45,2015,DODGE,CHARGER
MCP32910013,220033859,Montgomery County Police,Property Damage Crash,08-07-22 1:30,,,,STRAIGHT MOVEMENT ANGLE,CLEAR,,DARK LIGHTS ON,NO CONTROLS,NONE DETECTED,No,NO APPARENT INJURY,NOT DISTRACTED,DC,PASSENGER CAR,25,2017,TOYOTA,CAMRY
MCP93990015,190031122,Montgomery County Police,Property Damage Crash,06/30/2019 01:30:00 AM,Maryland (State),RIVER RD,SENECA RD,SINGLE VEHICLE,RAINING,WET,DARK LIGHTS ON,STOP SIGN,NONE DETECTED,Yes,NO APPARENT INJURY,NOT DISTRACTED,VA,PASSENGER CAR,35,2004,TOYT,CAMRY
MCP3174000D,190017289,Montgomery County Police,Property Damage Crash,04/13/2019 04:33:00 PM,Maryland (State),FREDERICK RD,ODENDHAL AVE,SAME DIR REAR END,,DRY,DAYLIGHT,NO CONTROLS,NONE DETECTED,No,NO APPARENT INJURY,NOT DISTRACTED,MD,PASSENGER CAR,30,2016,HONDA,PILOT
MCP2932003G,200005255,Montgomery County Police,Property Damage Crash,02-01-20 1:27,US (State),GEORGIA AVE,SPUR TO MD 410,SINGLE VEHICLE,CLEAR,DRY,DARK LIGHTS ON,YIELD SIGN,ALCOHOL PRESENT,Yes,NO APPARENT INJURY,UNKNOWN,MD,PASSENGER CAR,35,2014,VOLKSWAGON,JETTA
MCP26900017,16001650,Montgomery County Police,Injury Crash,01-09-16 17:47,County,SHADY GROVE RD,CRABBS BRANCH WAY,HEAD ON LEFT TURN,CLEAR,WET,DARK LIGHTS ON,TRAFFIC SIGNAL,NONE DETECTED,Yes,NO APPARENT INJURY,NOT DISTRACTED,MD,PASSENGER CAR,40,1993,TOYOTA,CAMRY
MCP2594002V,170532962,Montgomery County Police,Property Damage Crash,09/25/2017 08:16:00 AM,Maryland (State),LAYHILL RD,CHESTER MILL RD,SAME DIR REAR END,CLEAR,DRY,DAYLIGHT,NO CONTROLS,NONE DETECTED,No,NO APPARENT INJURY,LOOKED BUT DID NOT SEE,MD,PASSENGER CAR,40,2016,AUDI,4DR
MCP3227002L,210032187,Montgomery County Police,Injury Crash,08/18/2021 06:03:00 PM,County,CARROLL AVE,UNIVERSITY BLVD E,SINGLE VEHICLE,CLEAR,DRY,DAYLIGHT,NO CONTROLS,NONE DETECTED,No,NO APPARENT INJURY,NOT DISTRACTED,MD,PASSENGER CAR,30,2017,TOYOTA,PRIUS
MCP26830035,180041677,Montgomery County Police,Property Damage Crash,08/21/2018 09:14:00 PM,Maryland (State),MONTGOMERY VILLAGE AVE,RUSSELL AVE,HEAD ON LEFT TURN,RAINING,WET,DARK LIGHTS ON,TRAFFIC SIGNAL,ALCOHOL PRESENT,Yes,NO APPARENT INJURY,NOT DISTRACTED,MD,PASSENGER CAR,35,2017,MERZ,LA250
MCP2923002B,16058467,Montgomery County Police,Property Damage Crash,11/13/2016 02:07:00 AM,County,ORIENTAL ST,ASPEN HILL RD,HEAD ON LEFT TURN,,DRY,DARK LIGHTS ON,NO CONTROLS,NONE DETECTED,No,NO APPARENT INJURY,NOT DISTRACTED,MD,PASSENGER CAR,30,2006,NISSAN,ALTIMA
MCP2814003N,230021678,Montgomery County Police,Injury Crash,05-06-23 10:36,County,MIDCOUNTY HWY,SPUR TO SHADY GROVE RD,SAME DIR REAR END,,DRY,DAYLIGHT,TRAFFIC SIGNAL,NONE DETECTED,No,POSSIBLE INJURY,NOT DISTRACTED,MD,PASSENGER CAR,45,2006,MINI,COOPER
HA2396000J,18000596,Maryland-National Capital,Property Damage Crash,05/22/2018 04:14:00 PM,Maryland (State),GREAT SENECA HWY,CROSSOVER,SAME DIR REAR END,OTHER,WET,DAYLIGHT,NO CONTROLS,NONE DETECTED,No,NO APPARENT INJURY,NOT DISTRACTED,MD,POLICE VEHICLE/EMERGENCY,55,2016,FORD,TK